time_ms,rate
1577836800000,0.0001
1577865600000,7.354e-05
1577894400000,-0.00016125
1577923200002,5.047e-05
1577952000000,0.0001
1577980800000,0.0001
1578009600000,0.0001
1578038400000,0.0001
1578067200001,0.0001
1578096000000,0.0001
1578124800000,0.0001
1578153600000,0.0001
1578182400000,0.0001
1578211200000,0.0001
1578240000000,0.0001
1578268800000,0.0001
1578297600000,0.0001
1578326400000,0.0001
1578355200000,0.0001
1578384000001,0.0001
1578412800000,0.0001
1578441600000,0.0001
1578470400000,0.0001
1578499200001,0.0001
1578528000000,0.0001
1578556800000,0.0001
1578585600000,0.0001
1578614400000,0.0001
1578643200000,0.0001
1578672000000,0.0001
1578700800000,0.0001
1578729600000,0.0001
1578758400000,0.0001
1578787200000,0.0001
1578816000000,0.0001
1578844800000,0.0001
1578873600001,0.0001
1578902400000,0.0001
1578931200000,0.0001
1578960000000,0.0001
1578988800000,0.0001
1579017600001,0.0001
1579046400000,0.00011544
1579075200000,0.00020223
1579104000000,0.00031864
1579132800000,0.00017165
1579161600000,0.00038406
1579190400000,0.0004224
1579219200000,0.00018772
1579248000000,0.0001
1579276800000,0.00020327
1579305600001,0.0001
1579334400001,0.0001
1579363200000,0.00011014
1579392000000,0.00044662
1579420800000,0.00019851
1579449600000,0.00023852
1579478400000,0.00047503
1579507200000,0.00054081
1579536000000,0.00038562
1579564800000,0.00021637
1579593600000,0.00016823
1579622400000,0.00018627
1579651200000,0.0001535
1579680000001,0.0001
1579708800000,0.0001
1579737600000,0.0001
1579766400000,0.0001
1579795200000,0.00021994
1579824000000,0.00017114
1579852800000,0.00017748
1579881600001,0.00025923
1579910400000,0.0001
1579939200000,0.0001
1579968000001,0.00027793
1579996800000,0.00031959
1580025600000,0.00026387
1580054400000,0.0001
1580083200000,0.0001
1580112000001,0.0001
1580140800000,0.0001
1580169600000,0.00010167
1580198400000,0.00049212
1580227200000,0.00091788
1580256000001,0.00122251
1580284800000,0.0010613
1580313600002,0.00055576
1580342400000,0.00054882
1580371200000,0.00049058
1580400000000,0.00054951
1580428800000,0.00082589
1580457600000,0.00132017
1580486400000,0.00093741
1580515200000,0.0007201
1580544000000,0.00070775
1580572800000,0.00052861
1580601600000,0.000352
1580630400000,0.00016128
1580659200000,0.0001
1580688000000,0.0001
1580716800000,0.0001
1580745600000,0.0001
1580774400000,0.00036575
1580803200001,0.00014722
1580832000000,0.00039381
1580860800002,0.0001
1580889600000,0.0001
1580918400000,0.00095515
1580947200000,0.00112654
1580976000000,0.00077325
1581004800000,0.00053238
1581033600000,0.00032775
1581062400000,0.00014913
1581091200001,0.00045718
1581120000000,0.00026524
1581148800000,0.00027312
1581177600000,0.00029946
1581206400000,0.00097062
1581235200000,0.00063224
1581264000000,0.00136228
1581292800000,0.00130685
1581321600000,0.00193444
1581350400009,0.00295694
1581379200000,0.0011812
1581408000000,0.00150902
1581436800000,0.00107512
1581465600000,0.0028447
1581494400001,0.0036719
1581523200000,0.00148984
1581552000001,0.00119193
1581580800000,0.00141789
1581609600000,0.0017895
1581638400000,0.00133922
1581667200000,0.00081527
1581696000000,0.00097804
1581724800000,0.00084363
1581753600000,0.00099519
1581782400000,0.00116429
1581811200000,0.00191229
1581840000000,0.00042143
1581868800000,0.00063291
1581897600000,0.0006537
1581926400000,0.00052153
1581955200000,0.00088411
1581984000000,0.00024205
1582012800000,0.00012422
1582041600000,0.00023619
1582070400000,0.0007174
1582099200001,0.00095567
1582128000000,0.00068394
1582156800004,0.0001949
1582185600000,0.0001
1582214400000,0.00053851
1582243200000,0.00069899
1582272000000,0.0005353
1582300800000,0.0005742
1582329600000,0.00051605
1582358400001,0.00056424
1582387200000,0.00045883
1582416000000,0.00077311
1582444800000,0.00043317
1582473600000,0.00048157
1582502400015,0.00054128
1582531200000,0.00037142
1582560000000,0.00020954
1582588800001,0.00031422
1582617600000,0.00040545
1582646400001,0.00052084
1582675200000,0.00047129
1582704000001,0.00079802
1582732800000,0.00071497
1582761600001,0.0001
1582790400001,0.00025833
1582819200000,0.00010335
1582848000000,0.00012465
1582876800000,0.00025289
1582905600000,0.00030522
1582934400000,0.00040998
1582963200000,0.00055451
1582992000000,0.00047771
1583020800000,0.00032216
1583049600000,0.00018986
1583078400001,0.00015628
1583107200000,0.00014747
1583136000000,0.00015638
1583164800004,0.0001
1583193600000,0.0001
1583222400003,0.0001
1583251200000,0.00031403
1583280000002,0.00030731
1583308800000,0.00030432
1583337600001,0.00032821
1583366400000,0.00029022
1583395200000,0.00039893
1583424000000,0.00036018
1583452800003,0.0003738
1583481600000,0.0001
1583510400000,0.0001
1583539200000,0.0001
1583568000001,0.0001
1583596800000,0.00013739
1583625600001,0.00032347
1583654400000,0.0004582
1583683200006,0.00037933
1583712000000,0.0001
1583740800000,0.00011432
1583769600000,0.00016188
1583798400000,0.00025018
1583827200000,0.0001
1583856000000,0.00025409
1583884800001,0.0001
1583913600000,0.00016304
1583942400000,0.00037247
1583971200001,0.00036391
1584000000001,0.00054526
1584028800000,0.0001
1584057600000,0.0001
1584086400000,-0.00281778
1584115200002,-0.00027991
1584144000000,0.0001
1584172800001,0.0001
1584201600000,0.0001
1584230400000,0.0001
1584259200000,0.0001
1584288000001,0.0001
1584316800000,0.0001
1584345600000,0.0001
1584374400001,-0.00022932
1584403200000,0.0001
1584432000000,0.0001
1584460800000,0.0001
1584489600000,0.0001
1584518400000,0.0001
1584547200000,0.0001
1584576000000,0.0001
1584604800000,0.0001
1584633600000,0.0001
1584662400000,0.0001
1584691200000,0.0001
1584720000000,0.0001
1584748800000,0.0001
1584777600000,0.0001
1584806400000,0.0001
1584835200000,0.0001
1584864000001,0.0001
1584892800000,0.0001
1584921600000,0.0001
1584950400000,0.0001
1584979200000,0.0001
1585008000000,0.0001
1585036800000,0.0001
1585065600000,0.0001
1585094400000,0.0001
1585123200000,0.0001
1585152000001,0.0001
1585180800006,0.0001
1585209600002,0.0001
1585238400000,0.0001
1585267200000,0.0001
1585296000000,0.0001
1585324800000,0.0001
1585353600000,0.0001
1585382400000,-2.715e-05
1585411200000,0.0001
1585440000000,0.0001
1585468800001,0.0001
1585497600000,0.0001
1585526400000,0.0001
1585555200000,-9.91e-05
1585584000000,0.0001
1585612800000,0.0001
1585641600001,0.0001
1585670400001,0.0001
1585699200002,0.0001
1585728000000,0.0001
1585756800001,-7.368e-05
1585785600000,-5.17e-05
1585814400000,0.0001
1585843200000,0.0001
1585872000000,0.0001
1585900800000,0.0001
1585929600000,0.0001
1585958400000,4.881e-05
1585987200000,0.0001
1586016000000,0.0001
1586044800001,0.0001
1586073600000,3.554e-05
1586102400000,0.0001
1586131200000,0.0001
1586160000000,7.54e-05
1586188800000,5.027e-05
1586217600000,-0.00014221
1586246400000,-8.712e-05
1586275200000,8.758e-05
1586304000000,0.0001
1586332800000,0.0001
1586361600000,0.0001
1586390400000,0.0001
1586419200001,0.0001
1586448000000,0.0001
1586476800001,0.0001
1586505600000,0.0001
1586534400000,0.0001
1586563200000,-6.9e-06
1586592000000,9.267e-05
1586620800000,0.0001
1586649600000,0.0001
1586678400006,1.985e-05
1586707200001,0.0001
1586736000001,0.0001
1586764800000,0.0001
1586793600000,0.0001
1586822400000,0.0001
1586851200000,0.0001
1586880000000,0.0001
1586908800000,0.0001
1586937600000,0.0001
1586966400000,0.0001
1586995200000,0.0001
1587024000000,-2.526e-05
1587052800000,0.0001
1587081600000,0.0001
1587110400000,0.0001
1587139200000,0.0001
1587168000000,0.0001
1587196800000,9.454e-05
1587225600000,0.0001
1587254400000,0.0001
1587283200000,0.0001
1587312000000,0.0001
1587340800000,0.0001
1587369600000,0.0001
1587398400000,0.0001
1587427200000,0.0001
1587456000001,0.0001
1587484800000,0.0001
1587513600001,0.0001
1587542400000,0.0001
1587571200000,0.0001
1587600000000,0.0001
1587628800001,0.0001
1587657600000,0.0001
1587686400000,0.0001
1587715200000,0.0001
1587744000000,0.0001
1587772800003,0.0001
1587801600000,0.0001
1587830400000,0.0001
1587859200000,0.0001
1587888000000,0.0001
1587916800000,0.0001
1587945600000,0.0001
1587974400005,0.0001
1588003200000,0.0001
1588032000000,0.0001
1588060800000,0.0001
1588089600000,0.0001
1588118400000,0.0001
1588147200001,0.0001
1588176000000,0.0001
1588204800000,0.0001
1588233600000,0.00040543
1588262400000,0.0001
1588291200000,0.0001
1588320000000,0.0001963
1588348800000,0.00033541
1588377600000,0.00020286
1588406400000,0.00028799
1588435200000,0.00065493
1588464000000,0.0002053
1588492800000,0.00033679
1588521600000,0.00030318
1588550400000,0.0001
1588579200005,0.00020259
1588608000000,0.00018353
1588636800000,0.00021158
1588665600000,0.00033589
1588694400000,0.0001
1588723200001,0.0001
1588752000000,0.00023099
1588780800000,0.00058198
1588809600000,0.0001
1588838400011,0.0001
1588867200000,0.00010111
1588896000000,0.000687
1588924800001,0.00027607
1588953600000,0.00021374
1588982400000,0.00039213
1589011200000,0.00018668
1589040000000,0.000217
1589068800000,0.00015215
1589097600000,0.0001
1589126400000,0.0001
1589155200000,0.0001
1589184000000,0.0001
1589212800000,0.0001
1589241600000,0.0001
1589270400001,0.0001
1589299200000,0.0001
1589328000000,0.0001
1589356800000,0.0001
1589385600000,0.0001
1589414400000,0.0001
1589443200000,0.0001
1589472000000,0.0001
1589500800000,4.486e-05
1589529600000,-3.957e-05
1589558400001,0.0001
1589587200008,0.0001
1589616000000,-5.47e-05
1589644800000,0.0001
1589673600002,0.0001
1589702400000,-4.057e-05
1589731200000,0.0001
1589760000000,0.0001
1589788800000,0.0001
1589817600001,0.0001
1589846400005,0.0001
1589875200000,0.0001
1589904000000,0.0001
1589932800000,0.0001
1589961600000,0.0001
1589990400006,0.0001
1590019200000,0.0001
1590048000000,0.0001
1590076800000,0.0001
1590105600006,3.518e-05
1590134400000,0.0001
1590163200000,0.0001
1590192000003,0.0001
1590220800000,0.0001
1590249600000,0.0001
1590278400006,0.0001
1590307200000,0.0001
1590336000000,0.0001
1590364800000,0.0001
1590393600000,0.0001
1590422400000,0.0001
1590451200000,0.0001
1590480000006,0.0001
1590508800000,0.0001
1590537600000,0.0001
1590566400000,0.0001
1590595200000,0.0001
1590624000000,0.0001
1590652800000,0.0001
1590681600000,0.0001
1590710400000,0.0001
1590739200000,0.0001
1590768000000,0.0001
1590796800000,0.0001
1590825600001,0.0001
1590854400000,0.0001
1590883200000,0.0001
1590912000001,0.0001
1590940800000,0.0001
1590969600000,0.0001
1590998400001,0.0001
1591027200000,0.0001
1591056000000,0.00034764
1591084800002,0.00018222
1591113600000,0.0001
1591142400000,0.0001
1591171200000,0.0001
1591200000002,0.0001
1591228800001,0.0001
1591257600004,0.0001
1591286400001,0.0001
1591315200001,0.0001
1591344000000,0.0001
1591372800001,0.0001
1591401600000,0.0001
1591430400000,0.0001
1591459200000,0.0001
1591488000000,0.0001
1591516800000,0.0001
1591545600006,0.0001
1591574400008,0.0001
1591603200007,0.0002108
1591632000000,0.00023671
1591660800000,0.00021431
1591689600000,0.0001
1591718400000,0.00012471
1591747200000,0.0001
1591776000000,0.0001
1591804800000,0.0001
1591833600008,0.00023457
1591862400001,0.0001
1591891200000,0.0001
1591920000003,0.0001
1591948800000,0.0001
1591977600002,0.0001
1592006400000,0.0001
1592035200001,0.0001
1592064000000,0.0001
1592092800007,0.0001
1592121600000,0.0001
1592150400001,0.0001
1592179200000,0.0001
1592208000001,0.0001
1592236800000,0.0001
1592265600002,0.0001
1592294400000,0.0001
1592323200006,0.0001
1592352000000,0.0001
1592380800007,0.0001
1592409600000,0.0001
1592438400003,0.0001
1592467200001,0.0001
1592496000002,0.0001
1592524800001,0.0001
1592553600003,0.0001
1592582400000,0.0001
1592611200000,0.0001
1592640000009,0.0001
1592668800006,0.0001
1592697600000,0.0001
1592726400000,0.0001
1592755200000,0.0001
1592784000000,0.0001
1592812800000,0.0001
1592841600001,0.0001
1592870400000,0.0001
1592899200002,0.0001
1592928000000,0.0001
1592956800001,0.0001
1592985600000,0.0001
1593014400000,0.0001
1593043200000,0.0001
1593072000000,0.0001
1593100800000,0.0001
1593129600000,0.0001
1593158400000,0.0001
1593187200000,0.0001
1593216000003,0.0001
1593244800004,0.0001
1593273600000,0.0001
1593302400003,0.0001
1593331200001,0.0001
1593360000000,0.0001
1593388800000,0.0001
1593417600005,0.0001
1593446400000,0.0001
1593475200000,0.0001
1593504000001,0.0001
1593532800002,0.0001
1593561600002,0.0001
1593590400000,0.0001
1593619200000,0.0001
1593648000001,0.0001
1593676800001,0.0001
1593705600000,0.0001
1593734400000,0.0001
1593763200001,0.0001
1593792000000,0.0001
1593820800002,0.0001
1593849600002,0.0001
1593878400001,0.0001
1593907200000,0.0001
1593936000000,0.0001
1593964800000,0.0001
1593993600000,0.0001
1594022400001,0.0001
1594051200000,0.0001
1594080000000,0.0001
1594108800006,0.0001
1594137600000,0.0001
1594166400000,0.0001
1594195200000,0.0001
1594224000000,0.0001
1594252800001,0.00011645
1594281600002,0.00011218
1594310400000,0.00010104
1594339200000,0.0001
1594368000001,0.0001
1594396800000,0.0001
1594425600000,0.0001
1594454400000,0.0001
1594483200000,0.0001
1594512000000,0.0001
1594540800000,0.0001
1594569600000,0.0001
1594598400000,0.0001
1594627200001,0.0001
1594656000000,0.00012899
1594684800001,0.0001
1594713600000,0.0001
1594742400000,0.0001
1594771200000,0.0001
1594800000000,0.0001
1594828800000,0.0001
1594857600000,0.0001
1594886400002,0.0001
1594915200001,0.0001
1594944000001,0.0001
1594972800000,0.0001
1595001600000,0.0001
1595030400003,0.0001
1595059200001,0.0001
1595088000000,0.0001
1595116800000,0.0001
1595145600000,0.0001
1595174400000,0.0001
1595203200000,0.0001
1595232000000,0.0001
1595260800001,0.0001
1595289600000,0.0001
1595318400001,0.0001
1595347200004,0.0001
1595376000000,0.0001
1595404800000,0.0001
1595433600000,0.0001
1595462400001,0.00055183
1595491200000,0.00079591
1595520000001,0.00047433
1595548800000,0.00058285
1595577600000,0.0009435
1595606400000,0.00042763
1595635200000,0.00032733
1595664000001,0.00019115
1595692800000,0.00023376
1595721600000,0.00039999
1595750400000,0.00091914
1595779200000,0.00090981
1595808000000,0.00069401
1595836800000,0.00076669
1595865600000,0.00091745
1595894400000,0.00113558
1595923200001,0.00120926
1595952000000,0.00114134
1595980800000,0.00086449
1596009600000,0.00095544
1596038400000,0.00071643
1596067200000,0.0006881
1596096000001,0.00062728
1596124800000,0.0006027
1596153600000,0.00108946
1596182400001,0.00070112
1596211200000,0.00061106
1596240000005,0.00035058
1596268800000,0.00044202
1596297600001,0.00053847
1596326400000,0.00163562
1596355200001,0.00094879
1596384000001,0.00033067
1596412800000,0.0002917
1596441600001,0.00050577
1596470400000,0.00054445
1596499200003,0.00036557
1596528000000,0.00054679
1596556800000,0.00063177
1596585600000,0.00061202
1596614400000,0.00053408
1596643200000,0.0008946
1596672000000,0.00062437
1596700800007,0.00056598
1596729600000,0.00069781
1596758400001,0.00052275
1596787200000,0.00046696
1596816000000,0.00029683
1596844800000,0.0001
1596873600000,0.00020749
1596902400000,0.00044084
1596931200000,0.00032833
1596960000000,0.00046489
1596988800000,0.00034455
1597017600001,0.00033424
1597046400000,0.00108975
1597075200001,0.00052034
1597104000001,0.00048022
1597132800000,0.00052529
1597161600001,0.00052038
1597190400000,0.00034144
1597219200000,0.00034577
1597248000000,0.00024038
1597276800002,0.00031747
1597305600000,0.0006053
1597334400000,0.00051653
1597363200000,0.00136967
1597392000000,0.00146832
1597420800000,0.00124102
1597449600000,0.0007934
1597478400001,0.00084015
1597507200001,0.00075821
1597536000000,0.0009221
1597564800000,0.00086801
1597593600000,0.00046248
1597622400000,0.00074992
1597651200000,0.00061133
1597680000000,0.00103523
1597708800001,0.00133232
1597737600008,0.00085913
1597766400000,0.00054732
1597795200000,0.00034355
1597824000000,0.00021587
1597852800000,0.00040187
1597881600001,0.00035614
1597910400000,0.00026745
1597939200000,0.0001
1597968000000,0.0001
1597996800000,0.0001
1598025600017,0.00021092
1598054400000,0.0001
1598083200000,0.0001
1598112000000,0.0001
1598140800000,0.00016169
1598169600000,0.00014517
1598198400000,0.00030687
1598227200006,0.00031572
1598256000001,0.00022508
1598284800000,0.00031958
1598313600000,0.0002243
1598342400000,0.00011335
1598371200000,0.00011631
1598400000000,0.00020921
1598428800008,0.0001
1598457600002,0.00015004
1598486400000,0.00011281
1598515200010,0.0001
1598544000000,0.0001
1598572800000,0.0001
1598601600001,0.0001
1598630400000,0.00012226
1598659200002,0.0001
1598688000006,0.0001
1598716800003,0.0001
1598745600000,0.0001
1598774400000,0.0001
1598803200000,0.0001
1598832000000,0.0001
1598860800001,0.0001
1598889600001,0.0001
1598918400000,0.0001
1598947200000,0.00027103
1598976000000,0.00055077
1599004800000,0.00045898
1599033600006,0.00060012
1599062400000,0.0001
1599091200001,0.00014859
1599120000004,0.0001
1599148800000,0.0001
1599177600005,0.00010813
1599206400000,0.00020118
1599235200006,0.0001181
1599264000000,0.0001
1599292800004,0.0001
1599321600001,0.0001
1599350400004,0.0001
1599379200000,0.0001
1599408000000,0.0001
1599436800002,0.0001
1599465600004,6.48e-05
1599494400001,0.0001
1599523200007,0.0001
1599552000006,0.0001
1599580800014,0.0001
1599609600000,0.0001
1599638400000,0.0001
1599667200000,0.0001
1599696000000,0.0001
1599724800005,0.0001
1599753600000,6.538e-05
1599782400000,3.498e-05
1599811200008,9.323e-05
1599840000000,7.151e-05
1599868800008,0.0001
1599897600000,0.0001
1599926400008,3.731e-05
1599955200000,0.0001
1599984000000,0.0001
1600012800004,0.0001
1600041600003,0.0001
1600070400008,0.0001
1600099200000,0.0001
1600128000000,0.0001
1600156800010,0.0001
1600185600003,0.0001
1600214400014,0.0001
1600243200000,0.0001
1600272000001,0.0001
1600300800006,0.0001
1600329600012,0.0001
1600358400000,0.0001
1600387200001,0.0001
1600416000002,0.0001
1600444800002,0.0001
1600473600000,0.0001
1600502400005,0.0001
1600531200008,0.0001
1600560000002,0.0001
1600588800005,0.0001
1600617600005,-8e-07
1600646400000,-1.481e-05
1600675200001,0.0001
1600704000000,5.075e-05
1600732800001,-0.00022757
1600761600000,9.7e-07
1600790400004,1.01e-05
1600819200007,0.0001
1600848000001,1.632e-05
1600876800001,0.0001
1600905600000,-1.579e-05
1600934400000,3.064e-05
1600963200000,5.598e-05
1600992000009,5.361e-05
1601020800045,0.0001
1601049600000,0.0001
1601078400000,0.0001
1601107200000,0.0001
1601136000005,0.0001
1601164800000,0.0001
1601193600000,0.0001
1601222400019,0.0001
1601251200001,0.0001
1601280000000,0.0001
1601308800002,0.0001
1601337600000,0.0001
1601366400000,-1.526e-05
1601395200000,7.388e-05
1601424000005,0.0001
1601452800000,0.0001
1601481600000,-2.8e-06
1601510400000,9.937e-05
1601539200000,0.0001
1601568000000,0.0001
1601596800011,4.321e-05
1601625600000,0.0001
1601654400005,-3.462e-05
1601683200000,5.867e-05
1601712000001,-0.00011916
1601740800000,-3.221e-05
1601769600000,-6.7e-06
1601798400003,0.0001
1601827200001,-6.384e-05
1601856000000,0.0001
1601884800000,3.05e-06
1601913600012,-1.442e-05
1601942400000,-4.499e-05
1601971200005,9.514e-05
1602000000000,4.4e-07
1602028800000,-7.208e-05
1602057600000,2.716e-05
1602086400000,7.205e-05
1602115200000,0.0001
1602144000009,0.0001
1602172800003,0.0001
1602201600001,0.0001
1602230400000,0.0001
1602259200004,0.0001
1602288000005,0.0001
1602316800000,0.0001733
1602345600011,0.00027917
1602374400002,0.00011995
1602403200003,0.00013127
1602432000004,0.0001
1602460800001,0.0001
1602489600000,0.0001
1602518400011,0.0001
1602547200003,0.0002191
1602576000000,0.0001
1602604800001,0.0001
1602633600001,0.0001
1602662400000,0.0001
1602691200001,0.0001
1602720000000,0.0001
1602748800000,0.0001
1602777600000,0.0001
1602806400002,0.0001
1602835200003,0.0001
1602864000000,0.0001
1602892800006,0.0001
1602921600007,0.0001
1602950400009,0.0001
1602979200006,0.0001
1603008000000,0.0001
1603036800000,0.0001
1603065600000,0.0001
1603094400000,0.0001
1603123200000,0.0001
1603152000015,0.00011516
1603180800000,0.00037754
1603209600008,0.0001
1603238400009,0.0001
1603267200004,0.00031887
1603296000000,0.00050823
1603324800000,0.00083557
1603353600000,0.00052961
1603382400004,0.00074052
1603411200007,0.0005259
1603440000000,0.00033468
1603468800000,0.00024975
1603497600000,0.00051273
1603526400000,0.00042291
1603555200008,0.00034696
1603584000005,0.00039795
1603612800014,0.0001
1603641600000,0.0001
1603670400004,0.0001
1603699200000,0.0001
1603728000000,0.0002133
1603756800000,0.0001
1603785600000,0.0001
1603814400000,0.00018409
1603843200000,0.00015253
1603872000006,0.0001
1603900800001,0.0001
1603929600000,0.0001
1603958400000,0.0001
1603987200000,0.0001
1604016000000,0.0001
1604044800002,0.0001
1604073600002,0.0001
1604102400003,0.0001
1604131200000,0.0001
1604160000000,0.0001
1604188800000,0.0001
1604217600000,0.0001
1604246400000,0.0001
1604275200000,0.0001
1604304000010,0.00030095
1604332800000,0.0001
1604361600000,0.0001
1604390400004,0.0001
1604419200009,0.0001
1604448000000,0.0001
1604476800000,0.0001
1604505600005,0.0001
1604534400017,0.00076235
1604563200001,0.00073669
1604592000000,0.00069168
1604620800000,0.00035727
1604649600001,0.0007547
1604678400001,0.00073654
1604707200001,0.00048047
1604736000000,0.00103009
1604764800006,0.0005895
1604793600000,0.00021269
1604822400000,0.00034732
1604851200000,0.00058594
1604880000007,0.00050128
1604908800001,0.00025588
1604937600002,0.00028775
1604966400003,0.00016695
1604995200011,0.0003373
1605024000000,0.00036401
1605052800000,0.00043021
1605081600009,0.00018601
1605110400003,0.00041035
1605139200001,0.00039191
1605168000001,0.0001
1605196800000,0.0001
1605225600000,0.0001
1605254400000,0.0001
1605283200000,0.00051032
1605312000005,0.00058724
1605340800004,0.00011914
1605369600001,0.0001
1605398400001,0.0001
1605427200000,0.0001
1605456000003,0.0001
1605484800000,0.0001
1605513600010,0.0001
1605542400001,0.0001
1605571200002,0.0001
1605600000003,0.00024182
1605628800003,0.0003788
1605657600005,0.00089819
1605686400006,0.00037818
1605715200000,0.0001
1605744000008,0.0001
1605772800000,0.00014096
1605801600001,0.00038994
1605830400003,0.00016511
1605859200005,0.00078136
1605888000000,0.0007993
1605916800000,0.00011376
1605945600000,0.00012145
1605974400001,0.00075533
1606003200005,0.00080539
1606032000000,0.0008501
1606060800000,0.00073816
1606089600005,0.00158187
1606118400000,0.00114125
1606147200003,0.00085758
1606176000000,0.00064276
1606204800000,0.00091981
1606233600005,0.00116688
1606262400005,0.00073994
1606291200005,0.00053128
1606320000015,0.00116534
1606348800012,0.00048837
1606377600002,0.0001
1606406400001,0.00013275
1606435200001,0.0002475
1606464000000,0.0001
1606492800007,0.0001
1606521600007,0.0001
1606550400012,0.0001
1606579200000,0.0001
1606608000007,0.0001
1606636800000,0.0001
1606665600000,0.0001
1606694400004,0.0001
1606723200007,0.00036965
1606752000000,0.00090116
1606780800000,0.00039869
1606809600003,0.00058752
1606838400000,0.00031592
1606867200001,0.00019429
1606896000011,0.00045805
1606924800005,0.0001
1606953600001,0.0001
1606982400031,0.0001
1607011200000,0.00077331
1607040000006,0.00037142
1607068800009,0.00015116
1607097600000,0.0001
1607126400000,0.00027833
1607155200000,0.0001
1607184000000,0.00016022
1607212800004,0.0001
1607241600000,0.0001
1607270400001,0.0001
1607299200000,0.0001
1607328000008,0.0001
1607356800000,0.0001
1607385600003,0.00029366
1607414400003,0.00017744
1607443200033,0.0001
1607472000000,0.00013842
1607500800010,0.0001
1607529600000,0.0001
1607558400000,0.0001
1607587200000,0.0001
1607616000007,0.0001
1607644800000,0.00017393
1607673600016,0.00012389
1607702400010,0.0001
1607731200009,0.0001
1607760000002,0.0001
1607788800000,0.0001
1607817600007,0.0001
1607846400000,0.0001
1607875200000,0.0001
1607904000000,0.0001
1607932800000,0.0001
1607961600000,0.0001
1607990400006,0.0001
1608019200001,0.0001
1608048000000,0.0001
1608076800001,0.0001
1608105600000,0.0001
1608134400000,0.0010246
1608163200000,0.00050069
1608192000000,0.00073138
1608220800011,0.00133961
1608249600000,0.00026396
1608278400000,0.00050887
1608307200000,0.00061589
1608336000000,0.00064688
1608364800018,0.00052066
1608393600000,0.00088042
1608422400001,0.00072872
1608451200011,0.00030872
1608480000023,0.00058382
1608508800011,0.00019993
1608537600000,0.00041128
1608566400000,0.00017551
1608595200001,0.00013065
1608624000006,0.00012634
1608652800000,0.0001
1608681600000,0.00033124
1608710400000,0.00019732
1608739200000,0.0001
1608768000012,0.0001
1608796800009,0.0001
1608825600001,0.0001
1608854400000,0.0001
1608883200000,0.0001
1608912000000,0.00010889
1608940800009,0.0001
1608969600001,0.0001
1608998400006,0.0001
1609027200000,0.00037063
1609056000000,0.00049062
1609084800001,0.00068798
1609113600015,0.0006785
1609142400019,0.00096296
1609171200000,0.0007751
1609200000004,0.00063783
1609228800003,0.00076943
1609257600000,0.00062907
1609286400001,0.00075238
1609315200001,0.00090448
1609344000012,0.00055831
1609372800009,0.00078059
1609401600000,0.00039102
1609430400010,0.0003487
1609459200002,0.00034491
1609488000006,0.00061141
1609516800003,0.00056803
1609545600000,0.00025572
1609574400000,0.00049233
1609603200006,0.00109186
1609632000018,0.00062004
1609660800000,0.00074404
1609689600002,0.00171498
1609718400000,0.00295549
1609747200000,0.00375
1609776000000,0.00085432
1609804800020,0.00102541
1609833600003,0.0004305
1609862400003,0.00102796
1609891200010,0.0018218
1609920000003,0.00222459
1609948800000,0.00253317
1609977600007,0.00114512
1610006400000,0.00165953
1610035200004,0.00176605
1610064000000,0.00171757
1610092800000,0.00077262
1610121600000,0.00137534
1610150400009,0.0006769
1610179200004,0.00068612
1610208000000,0.00156908
1610236800000,0.00340522
1610265600005,0.00202919
1610294400000,0.00126049
1610323200000,0.00177547
1610352000012,0.0006624
1610380800000,0.00039691
1610409600000,0.0001
1610438400000,0.00045084
1610467200008,0.00058059
1610496000001,0.00037339
1610524800000,0.0001184
1610553600003,0.00040496
1610582400000,0.00054804
1610611200012,0.0005229
1610640000000,0.0007165
1610668800002,0.00027278
1610697600000,0.00055774
1610726400004,0.00087472
1610755200000,0.00014675
1610784000008,0.00054404
1610812800000,0.00152456
1610841600009,0.00106467
1610870400000,0.00050098
1610899200001,0.00051088
1610928000000,0.00109082
1610956800004,0.00028606
1610985600000,0.00109269
1611014400000,0.00121462
1611043200005,0.00197982
1611072000012,0.00199604
1611100800012,0.00153883
1611129600001,0.00072796
1611158400001,0.00048461
1611187200000,0.00034937
1611216000000,0.00065753
1611244800004,0.00037547
1611273600012,0.00020251
1611302400003,0.00016737
1611331200001,0.0001
1611360000000,0.00015431
1611388800002,0.00020659
1611417600000,0.00028319
1611446400001,0.00093097
1611475200011,0.00058705
1611504000005,0.00094274
1611532800007,0.00050723
1611561600012,0.00105754
1611590400000,0.00093264
1611619200007,0.00034093
1611648000000,0.00031895
1611676800000,0.0001
1611705600000,0.00036342
1611734400011,0.0001
1611763200003,0.0001
1611792000000,0.00014794
1611820800000,0.0001
1611849600000,0.00056884
1611878400009,0.00112844
1611907200000,0.00061388
1611936000000,0.00241392
1611964800000,0.00094051
1611993600000,0.00037882
1612022400000,0.00072777
1612051200009,0.00115111
1612080000000,0.00113497
1612108800000,0.00072236
1612137600001,0.00025014
1612166400014,0.00055359
1612195200000,0.00061764
1612224000000,0.00050304
1612252800006,0.00120708
1612281600000,0.00165937
1612310400009,0.00151935
1612339200006,0.00155522
1612368000006,0.00167923
1612396800005,0.00146092
1612425600000,0.00135459
1612454400011,0.00145079
1612483200009,0.00113736
1612512000004,0.0017643
1612540800000,0.00155465
1612569600008,0.00117123
1612598400009,0.00107002
1612627200000,0.00143968
1612656000000,0.00171115
1612684800005,0.00051183
1612713600001,0.00065683
1612742400000,0.0001
1612771200001,0.00039877
1612800000000,0.00284408
1612828800010,0.00227548
1612857600006,0.00193315
1612886400007,0.00143234
1612915200009,0.00156788
1612944000014,0.00218071
1612972800005,0.00085146
1613001600000,0.00071884
1613030400000,0.00065956
1613059200000,0.00180566
1613088000000,0.00092117
1613116800000,0.00050482
1613145600000,0.00153886
1613174400001,0.00228313
1613203200003,0.00173035
1613232000000,0.00094692
1613260800013,0.00110785
1613289600000,0.00176822
1613318400008,0.0012426
1613347200000,0.0007946
1613376000006,0.00013827
1613404800000,0.00081146
1613433600001,0.00104485
1613462400000,0.00112937
1613491200010,0.00114441
1613520000005,0.00092761
1613548800010,0.00106083
1613577600008,0.00232282
1613606400012,0.0019495
1613635200000,0.00202078
1613664000009,0.00118984
1613692800010,0.00082051
1613721600002,0.00139773
1613750400008,0.00169023
1613779200000,0.00196264
1613808000009,0.00189841
1613836800000,0.0018588
1613865600007,0.00051516
1613894400012,0.0004355
1613923200001,0.00107233
1613952000006,0.00077647
1613980800002,0.00047334
1614009600000,0.00034567
1614038400000,0.0001
1614067200006,0.00026168
1614096000000,0.0001
1614124800012,0.00013438
1614153600016,0.00039328
1614182400011,0.00028758
1614211200007,0.0004677
1614240000000,0.00016178
1614268800010,0.0001
1614297600000,0.0001
1614326400025,0.00014852
1614355200010,0.00037736
1614384000001,0.00018181
1614412800000,0.0006196
1614441600000,0.0001
1614470400021,0.0001
1614499200009,0.0001
1614528000000,0.0001
1614556800000,0.0001
1614585600003,0.00033427
1614614400001,0.00049119
1614643200000,0.00049538
1614672000000,0.00035713
1614700800004,0.00039154
1614729600000,0.0001
1614758400016,0.0001
1614787200000,0.00087091
1614816000000,0.00047552
1614844800015,0.00015927
1614873600001,0.00033061
1614902400000,0.00024885
1614931200002,0.00022561
1614960000008,0.0001
1614988800000,0.00031476
1615017600000,0.00057512
1615046400000,0.00032891
1615075200006,0.00066496
1615104000005,0.00023263
1615132800008,0.00056927
1615161600000,0.00011144
1615190400000,0.00045102
1615219200006,0.00056057
1615248000000,0.00014784
1615276800000,0.00085203
1615305600000,0.00101744
1615334400009,0.00058485
1615363200006,0.0005129
1615392000008,0.00105856
1615420800000,0.00079368
1615449600000,0.00034874
1615478400014,0.00080049
1615507200002,0.00132622
1615536000005,0.00072213
1615564800011,0.00034512
1615593600000,0.00030351
1615622400002,0.00039972
1615651200000,0.00155198
1615680000011,0.00113056
1615708800000,0.001048
1615737600000,0.00113023
1615766400012,0.00077413
1615795200016,0.00081452
1615824000030,0.00013021
1615852800005,0.0001
1615881600008,0.00045668
1615910400012,0.00039653
1615939200010,0.00064671
1615968000000,0.00034812
1615996800009,0.00031521
1616025600001,0.00099682
1616054400000,0.00067631
1616083200000,0.00038027
1616112000011,0.0001
1616140800001,0.0001
1616169600000,0.00037762
1616198400000,0.00061811
1616227200000,0.000511
1616256000007,0.00102646
1616284800000,0.00068264
1616313600000,0.0001
1616342400000,0.00019064
1616371200007,0.00053821
1616400000001,0.00042754
1616428800000,0.00044797
1616457600000,0.0001
1616486400010,0.00019899
1616515200023,0.0003309
1616544000002,0.00050608
1616572800000,0.00010655
1616601600000,0.0004169
1616630400000,0.0001
1616659200000,0.0001
1616688000000,0.00035938
1616716800008,0.00042431
1616745600000,0.0001
1616774400012,0.0001
1616803200018,0.0001
1616832000000,0.00015922
1616860800001,0.00034067
1616889600000,0.00025751
1616918400000,0.00029541
1616947200005,0.00031424
1616976000003,0.00022015
1617004800000,0.00043803
1617033600000,0.00084253
1617062400018,0.00074011
1617091200012,0.00056645
1617120000001,0.00036654
1617148800000,0.00076506
1617177600000,0.0010713
1617206400000,0.00038554
1617235200025,0.00156864
1617264000011,0.00109222
1617292800004,0.00064672
1617321600000,0.00050452
1617350400000,0.00121799
1617379200000,0.00116568
1617408000003,0.00082856
1617436800000,0.00143194
1617465600000,0.00086456
1617494400000,0.00060523
1617523200000,0.00106146
1617552000016,0.00038114
1617580800000,0.00072788
1617609600001,0.00074688
1617638400001,0.00085226
1617667200010,0.00161366
1617696000000,0.00064189
1617724800003,0.00061542
1617753600000,0.00049128
1617782400006,0.00069613
1617811200004,0.00032907
1617840000013,0.00021468
1617868800003,0.00026979
1617897600005,0.00031551
1617926400000,0.00038906
1617955200004,0.00043318
1617984000004,0.00064034
1618012800011,0.0001
1618041600005,0.00209663
1618070400000,0.00120257
1618099200004,0.00055892
1618128000000,0.00086343
1618156800000,0.00091114
1618185600001,0.00099657
1618214400001,0.00164512
1618243200008,0.00067862
1618272000003,0.00047138
1618300800008,0.00117821
1618329600008,0.00167603
1618358400008,0.00152762
1618387200000,0.00203587
1618416000012,0.00095658
1618444800006,0.00113562
1618473600000,0.00110097
1618502400008,0.00104862
1618531200008,0.00146805
1618560000000,0.00135711
1618588800002,0.0010812
1618617600008,0.00076639
1618646400000,0.0009833
1618675200001,0.00063599
1618704000006,0.00052118
1618732800004,0.00022241
1618761600000,0.00044396
1618790400000,0.0001
1618819200000,0.0001
1618848000009,0.0005192
1618876800004,0.0001
1618905600000,0.00021279
1618934400001,0.0001
1618963200013,0.0001
1618992000001,0.0001
1619020800002,0.0001
1619049600000,0.00023315
1619078400000,0.00011151
1619107200001,0.0001
1619136000002,0.0003898
1619164800009,0.00041263
1619193600001,0.0001
1619222400019,0.00010335
1619251200001,0.00030056
1619280000011,0.0001
1619308800000,0.0001
1619337600010,0.0001
1619366400000,0.0001
1619395200003,0.0001
1619424000002,0.0001
1619452800004,0.0001
1619481600000,0.0001
1619510400000,0.0001
1619539200009,0.00040663
1619568000000,0.00034144
1619596800000,0.00019211
1619625600001,0.0001
1619654400004,0.0001
1619683200013,0.0001
1619712000003,0.0001
1619740800004,0.00014665
1619769600019,0.00011668
1619798400003,0.00051157
1619827200002,0.0001
1619856000006,0.00035155
1619884800000,0.00012262
1619913600010,0.00023451
1619942400011,0.00039722
1619971200007,0.0001
1620000000003,0.0001
1620028800000,0.0001
1620057600043,0.00061627
1620086400004,0.00031687
1620115200003,0.00070707
1620144000011,0.00071637
1620172800001,0.00038408
1620201600007,0.00078274
1620230400001,0.00087977
1620259200003,0.00068239
1620288000001,0.00066648
1620316800000,0.00110886
1620345600000,0.00026032
1620374400000,0.00049147
1620403200001,0.00038025
1620432000006,0.00047199
1620460800000,0.00070136
1620489600000,0.00030149
1620518400005,0.00058991
1620547200016,0.00041522
1620576000000,0.00054148
1620604800004,0.00068787
1620633600000,0.0006638
1620662400013,0.00075749
1620691200000,0.00041169
1620720000000,0.00043204
1620748800002,0.00029649
1620777600004,0.0001
1620806400007,0.00047462
1620835200012,0.00054381
1620864000016,0.00040983
1620892800000,0.00014687
1620921600008,0.0001
1620950400007,0.0001
1620979200001,0.0001
1621008000004,0.0001
1621036800022,0.00038785
1621065600014,0.00052101
1621094400002,0.00046056
1621123200000,0.00030702
1621152000003,0.00013134
1621180800002,0.00018829
1621209600005,0.00015608
1621238400001,0.000335
1621267200000,0.0007001
1621296000019,0.00018459
1621324800001,0.0001
1621353600006,0.0006146
1621382400000,0.0001
1621411200003,0.00053311
1621440000018,-0.00356332
1621468800005,0.00011828
1621497600000,0.0001
1621526400005,0.0001
1621555200000,0.0001
1621584000000,0.0001
1621612800001,0.0001
1621641600001,0.0001
1621670400002,0.0001
1621699200005,0.0001
1621728000006,0.0001
1621756800004,0.0001
1621785600002,0.0001
1621814400007,0.0001
1621843200005,0.0001
1621872000005,0.0001
1621900800000,0.0001
1621929600014,0.0001
1621958400000,0.0001
1621987200022,0.0001
1622016000018,0.0001
1622044800004,0.0001
1622073600000,0.0001
1622102400017,0.0001
1622131200000,0.0001
1622160000005,0.0001
1622188800009,0.0001
1622217600000,0.0001
1622246400006,0.0001
1622275200000,0.0001
1622304000000,0.0001
1622332800003,0.0001
1622361600004,0.0001
1622390400018,0.0001
1622419200002,0.0001
1622448000000,0.0001
1622476800000,0.0001
1622505600001,0.0001
1622534400010,0.0001
1622563200010,0.0001
1622592000008,0.0001
1622620800000,0.0001
1622649600007,0.0001
1622678400019,0.0001
1622707200002,0.0001
1622736000003,0.0001
1622764800003,0.0001
1622793600006,0.0001
1622822400002,0.0001
1622851200000,0.0001
1622880000004,0.0001
1622908800020,0.0001
1622937600000,0.0001
1622966400004,0.0001
1622995200000,0.0001
1623024000007,0.0001
1623052800007,0.0001
1623081600003,0.0001
1623110400000,0.0001
1623139200000,0.0001
1623168000002,0.0001
1623196800009,0.0001
1623225600002,0.0001
1623254400000,0.0001
1623283200007,0.0001
1623312000003,0.0001
1623340800000,0.0001
1623369600010,0.0001
1623398400007,0.0001
1623427200006,8.683e-05
1623456000005,0.0001
1623484800000,0.0001
1623513600018,0.0001
1623542400002,0.0001
1623571200000,0.0001
1623600000003,0.0001
1623628800000,0.0001
1623657600015,0.0001
1623686400000,3.785e-05
1623715200000,0.0001
1623744000000,0.0001
1623772800004,0.0001
1623801600004,0.0001
1623830400001,0.0001
1623859200000,0.0001
1623888000004,0.0001
1623916800000,0.0001
1623945600002,0.0001
1623974400009,-5.78e-06
1624003200014,9.549e-05
1624032000007,0.0001
1624060800003,-0.00018201
1624089600001,-1.78e-06
1624118400000,0.0001
1624147200005,4.657e-05
1624176000000,7.41e-06
1624204800002,-0.00024432
1624233600019,4.439e-05
1624262400000,-7.382e-05
1624291200024,-7.303e-05
1624320000008,0.0001
1624348800009,4.434e-05
1624377600001,-7.59e-06
1624406400003,4.046e-05
1624435200000,-9.115e-05
1624464000000,-6.683e-05
1624492800009,-4.432e-05
1624521600018,0.0001
1624550400001,0.0001
1624579200009,0.0001
1624608000004,0.0001
1624636800000,7.207e-05
1624665600007,4.234e-05
1624694400000,-5.794e-05
1624723200002,-0.00014961
1624752000005,-6.018e-05
1624780800010,-0.00027281
1624809600001,-0.00013791
1624838400025,-4.311e-05
1624867200017,0.0001
1624896000007,-2.358e-05
1624924800008,8.669e-05
1624953600000,6.012e-05
1624982400000,-0.00011947
1625011200011,0.0001
1625040000044,0.0001
1625068800005,0.0001
1625097600000,0.0001
1625126400004,0.0001
1625155200028,4.853e-05
1625184000002,-9.5e-07
1625212800016,-2.734e-05
1625241600007,-0.00014398
1625270400008,7.139e-05
1625299200000,2.925e-05
1625328000004,-3.943e-05
1625356800012,0.0001
1625385600002,0.0001
1625414400003,0.0001
1625443200004,2.596e-05
1625472000000,0.0001
1625500800009,7.226e-05
1625529600008,2.925e-05
1625558400019,-3.935e-05
1625587200000,9.559e-05
1625616000007,3.679e-05
1625644800001,9.363e-05
1625673600008,0.0001
1625702400002,-1.075e-05
1625731200010,8.639e-05
1625760000003,0.0001
1625788800000,0.0001
1625817600006,2.471e-05
1625846400000,0.0001
1625875200002,0.0001
1625904000000,0.0001
1625932800001,0.0001
1625961600001,0.0001
1625990400025,0.0001
1626019200006,0.0001
1626048000000,0.0001
1626076800021,0.0001
1626105600000,0.0001
1626134400000,0.0001
1626163200013,-1.436e-05
1626192000005,0.0001
1626220800000,0.0001
1626249600000,0.0001
1626278400005,-1.55e-05
1626307200005,5.808e-05
1626336000001,0.0001
1626364800000,9.847e-05
1626393600000,0.0001
1626422400000,0.0001
1626451200001,6.785e-05
1626480000004,0.0001
1626508800009,0.0001
1626537600006,5.313e-05
1626566400000,0.0001
1626595200001,0.0001
1626624000003,0.0001
1626652800002,1.98e-06
1626681600006,6.91e-06
1626710400006,3.1e-06
1626739200002,-2.156e-05
1626768000011,-0.00041611
1626796800001,-5.126e-05
1626825600022,1.65e-06
1626854400000,-0.00025489
1626883200018,-0.00028858
1626912000002,0.0001
1626940800006,0.0001
1626969600010,0.0001
1626998400013,8.643e-05
1627027200000,0.0001
1627056000005,0.0001
1627084800000,0.0001
1627113600002,0.0001
1627142400001,-2.614e-05
1627171200003,-1.521e-05
1627200000015,4.969e-05
1627228800000,0.0001
1627257600000,0.0001
1627286400000,0.0001
1627315200000,0.0001
1627344000046,0.0001
1627372800014,0.0001
1627401600007,0.0001
1627430400000,0.0001
1627459200002,0.0001
1627488000005,5.618e-05
1627516800004,5.723e-05
1627545600000,0.0001
1627574400007,0.0001
1627603200004,0.0001
1627632000000,0.0001
1627660800000,0.0001
1627689600000,0.0001
1627718400014,0.0001
1627747200003,0.0001
1627776000005,0.0001
1627804800016,0.0001
1627833600001,0.0001
1627862400000,0.0001
1627891200014,0.0001
1627920000021,0.0001
1627948800000,0.0001
1627977600000,0.0001
1628006400009,7.59e-06
1628035200000,2.73e-06
1628064000000,0.0001
1628092800003,9.39e-05
1628121600000,0.0001
1628150400000,0.0001
1628179200001,0.0001
1628208000000,0.0001
1628236800004,0.0001
1628265600003,0.0001
1628294400015,0.0001
1628323200001,0.0001
1628352000002,0.00018202
1628380800000,0.00013627
1628409600002,0.0001
1628438400018,0.0001
1628467200000,0.00014093
1628496000000,0.00021302
1628524800002,0.0001
1628553600000,0.00045734
1628582400003,0.0001
1628611200000,0.0001
1628640000006,0.00043227
1628668800003,0.00025633
1628697600000,0.0001
1628726400013,0.0001
1628755200001,0.0001371
1628784000000,0.00018477
1628812800000,0.0001
1628841600000,0.0001
1628870400002,0.00042196
1628899200006,0.0001
1628928000000,0.00025028
1628956800000,0.00051663
1628985600003,0.00037689
1629014400000,0.00015074
1629043200007,0.0001
1629072000012,0.00025793
1629100800003,0.0001
1629129600010,0.0001
1629158400018,0.0001
1629187200015,0.0001
1629216000006,0.0001
1629244800000,0.0001
1629273600000,0.0001
1629302400011,0.0001
1629331200000,0.0001
1629360000014,0.0001
1629388800000,0.0001
1629417600000,0.00023469
1629446400001,0.00015342
1629475200001,0.00036239
1629504000005,0.0001
1629532800001,0.0001
1629561600000,0.00036746
1629590400005,0.0002266
1629619200007,0.00018006
1629648000002,0.0001
1629676800003,0.0001
1629705600005,0.00113675
1629734400002,0.00035008
1629763200006,0.00032752
1629792000004,0.00030158
1629820800000,0.00056014
1629849600015,0.00019472
1629878400000,0.00016989
1629907200000,0.0001
1629936000001,0.0001
1629964800016,0.0001
1629993600004,0.0001
1630022400013,0.0001
1630051200001,0.0001
1630080000004,0.0001
1630108800000,0.0001
1630137600000,0.00014426
1630166400000,0.00011073
1630195200000,0.00016779
1630224000002,0.0001
1630252800005,0.0001
1630281600013,0.0001
1630310400008,0.0001
1630339200000,0.0001
1630368000000,0.0001
1630396800007,0.0001
1630425600003,0.00020707
1630454400000,0.0001
1630483200006,0.0001
1630512000000,0.0001
1630540800009,0.00025742
1630569600006,0.00079808
1630598400007,0.0002889
1630627200011,0.00027417
1630656000000,0.00037778
1630684800002,0.00065309
1630713600003,0.00076883
1630742400008,0.0007142
1630771200009,0.0007567
1630800000002,0.00070354
1630828800002,0.00058378
1630857600000,0.00080725
1630886400003,0.00085353
1630915200008,0.00041269
1630944000009,0.00044698
1630972800004,0.00058234
1631001600002,0.00066382
1631030400001,0.0001
1631059200005,0.0001
1631088000000,0.0001
1631116800000,0.0001
1631145600006,0.0001
1631174400014,0.0001
1631203200002,0.0001
1631232000001,0.0001
1631260800018,0.0001
1631289600006,0.0001
1631318400000,0.0001
1631347200001,0.0001
1631376000000,0.0001
1631404800000,0.0001
1631433600002,0.0001
1631462400000,0.0001
1631491200000,0.0001
1631520000007,0.0001
1631548800005,0.0001
1631577600002,0.0001
1631606400000,0.0001
1631635200007,0.0001
1631664000012,0.0001
1631692800003,0.0001
1631721600006,0.0001
1631750400008,0.0001
1631779200005,0.0001
1631808000002,0.0001
1631836800000,0.0001
1631865600047,0.0001
1631894400013,0.0001
1631923200000,0.0001
1631952000010,0.0001
1631980800005,0.0001
1632009600006,0.0001
1632038400015,0.0001
1632067200007,0.0001
1632096000018,0.0001
1632124800000,0.0001
1632153600005,0.0001
1632182400005,0.0001
1632211200007,0.0001
1632240000000,0.0001
1632268800005,0.0001
1632297600006,0.0001
1632326400000,0.0001
1632355200003,0.0001
1632384000000,0.0001
1632412800007,0.0001
1632441600000,5.5e-07
1632470400017,8.75e-06
1632499200000,-0.0001122
1632528000007,-7.48e-06
1632556800002,-1.988e-05
1632585600004,3.479e-05
1632614400013,0.0001
1632643200000,2.634e-05
1632672000005,2.827e-05
1632700800000,0.0001
1632729600001,0.0001
1632758400000,0.0001
1632787200000,-8.56e-06
1632816000014,2.806e-05
1632844800000,1.524e-05
1632873600000,-8.501e-05
1632902400002,-2.112e-05
1632931200000,0.0001
1632960000000,-0.00012951
1632988800004,0.0001
1633017600005,0.0001
1633046400012,4.598e-05
1633075200008,2.073e-05
1633104000000,0.0001
1633132800000,0.0001
1633161600002,0.0001
1633190400011,0.0001
1633219200019,0.0001
1633248000011,0.0001
1633276800004,0.0001
1633305600004,0.0001
1633334400000,0.0001
1633363200000,0.0001
1633392000007,0.0001
1633420800007,0.0001
1633449600004,0.0001
1633478400002,0.0001
1633507200000,0.0001
1633536000003,0.00014323
1633564800007,0.00031991
1633593600002,0.00019601
1633622400000,0.00024648
1633651200011,0.00018942
1633680000003,0.0001
1633708800002,0.00026363
1633737600006,0.0001
1633766400003,0.0001
1633795200000,0.0001
1633824000000,0.0001
1633852800008,0.0001
1633881600000,0.0001
1633910400002,0.0001
1633939200001,0.0001
1633968000006,0.0003307
1633996800008,0.0001
1634025600013,0.0001
1634054400003,0.0001
1634083200003,0.0001
1634112000015,0.0001
1634140800000,0.0001
1634169600011,0.00018908
1634198400017,0.00028381
1634227200000,0.00032142
1634256000005,0.00041315
1634284800002,0.00039194
1634313600005,0.00023043
1634342400009,0.00031365
1634371200000,0.00024049
1634400000003,0.00052591
1634428800001,0.00033305
1634457600002,0.00037505
1634486400002,0.00053706
1634515200006,0.00023924
1634544000004,0.0003827
1634572800001,0.0001968
1634601600002,0.00036846
1634630400000,0.00035703
1634659200000,0.00020322
1634688000017,0.00030103
1634716800004,0.00022709
1634745600020,0.00072515
1634774400000,0.00050619
1634803200000,0.00051537
1634832000008,0.00080402
1634860800005,0.00035282
1634889600005,0.00034276
1634918400018,0.00032256
1634947200005,0.00023902
1634976000001,0.00015138
1635004800004,0.00024606
1635033600006,0.00018961
1635062400012,0.00046408
1635091200001,0.00039289
1635120000012,0.00019298
1635148800002,0.00047527
1635177600022,0.00048823
1635206400005,0.00039142
1635235200016,0.00037012
1635264000000,0.00043832
1635292800004,0.00030844
1635321600000,0.00059665
1635350400002,0.00012399
1635379200002,0.00019556
1635408000000,0.0001
1635436800005,0.0001
1635465600000,0.00025971
1635494400007,0.00040402
1635523200001,0.00037311
1635552000000,0.00013087
1635580800001,0.00046654
1635609600013,0.00024213
1635638400008,0.00013682
1635667200010,0.0001
1635696000001,0.00021779
1635724800009,0.00024088
1635753600014,0.00013798
1635782400001,0.00026687
1635811200000,0.00020736
1635840000007,0.00045079
1635868800010,0.00052167
1635897600019,0.0001
1635926400000,0.00044614
1635955200005,0.00025564
1635984000006,0.00047967
1636012800004,0.0003137
1636041600004,0.00028111
1636070400000,0.0002238
1636099200013,0.00014351
1636128000016,0.00033389
1636156800010,0.00040376
1636185600000,0.00043015
1636214400007,0.0001
1636243200013,0.00023166
1636272000005,0.00018519
1636300800004,0.00032259
1636329600001,0.00021005
1636358400000,0.00028714
1636387200000,0.00023
1636416000000,0.0001
1636444800014,0.0001
1636473600001,0.0001
1636502400000,0.00021036
1636531200003,0.00020446
1636560000001,0.00027928
1636588800008,0.0001722
1636617600012,0.00015754
1636646400007,0.0001
1636675200000,0.0001
1636704000000,0.0001
1636732800004,0.0001
1636761600000,0.0001
1636790400004,0.0001
1636819200006,0.0001
1636848000010,0.0001
1636876800001,0.0001
1636905600000,0.0001
1636934400008,0.00023003
1636963200000,0.0002453
1636992000000,0.0001
1637020800000,0.00015753
1637049600001,0.0001
1637078400018,0.0001
1637107200005,0.0001
1637136000007,0.0001
1637164800003,0.0001
1637193600017,0.0001
1637222400007,0.0001
1637251200011,0.0001
1637280000000,0.0001
1637308800000,0.0001
1637337600005,0.0001
1637366400012,0.0001
1637395200000,0.0001
1637424000007,0.0001
1637452800000,0.0001
1637481600006,0.0001
1637510400000,0.0001
1637539200004,0.0001
1637568000000,0.0001
1637596800000,0.0001
1637625600004,0.0001
1637654400010,0.0001
1637683200005,0.0001
1637712000001,0.0001
1637740800003,0.0001
1637769600010,0.0001
1637798400000,0.0001
1637827200010,0.0001
1637856000000,0.00035137
1637884800000,0.00026113
1637913600000,0.00027132
1637942400016,0.0001
1637971200005,0.0001
1638000000008,0.0001
1638028800007,0.0001
1638057600018,0.0001
1638086400000,0.0001
1638115200004,0.0001
1638144000002,0.0001
1638172800004,0.0001
1638201600000,0.0001
1638230400000,0.0001
1638259200006,0.0001
1638288000000,0.00019202
1638316800000,0.0001625
1638345600000,0.0001
1638374400001,0.0001
1638403200000,0.0001
1638432000007,0.0001
1638460800008,0.0001
1638489600004,0.00012562
1638518400002,0.0001
1638547200006,0.0001
1638576000006,0.0001
1638604800004,6.583e-05
1638633600000,0.0001
1638662400003,0.0001
1638691200008,0.0001
1638720000007,0.0001
1638748800009,0.0001
1638777600001,0.0001
1638806400000,0.0001
1638835200018,0.0001
1638864000000,7.06e-05
1638892800000,0.0001
1638921600000,0.0001
1638950400018,0.0001
1638979200010,0.0001
1639008000010,0.0001
1639036800000,0.0001
1639065600000,0.0001
1639094400000,0.0001
1639123200008,0.0001
1639152000012,-1.037e-05
1639180800009,0.0001
1639209600008,0.0001
1639238400000,8.719e-05
1639267200001,0.0001
1639296000015,0.0001
1639324800011,0.0001
1639353600006,0.0001
1639382400019,-5.974e-05
1639411200000,4.163e-05
1639440000004,-5.267e-05
1639468800000,0.0001
1639497600015,0.0001
1639526400000,0.0001
1639555200008,0.0001
1639584000005,0.0001
1639612800006,0.0001
1639641600009,0.0001
1639670400000,3.234e-05
1639699200000,0.0001
1639728000005,0.0001
1639756800006,0.0001
1639785600014,0.0001
1639814400012,5.422e-05
1639843200000,0.0001
1639872000031,4.353e-05
1639900800000,0.0001
1639929600003,0.0001
1639958400015,0.0001
1639987200007,0.0001
1640016000005,0.0001
1640044800003,0.0001
1640073600012,0.0001
1640102400005,0.0001
1640131200000,0.0001
1640160000001,0.0001
1640188800006,0.0001
1640217600011,0.0001
1640246400000,0.0001
1640275200000,3.383e-05
1640304000005,0.0001
1640332800000,0.0001
1640361600011,0.0001
1640390400000,0.0001
1640419200001,0.0001
1640448000005,0.0001
1640476800004,0.0001
1640505600002,0.0001
1640534400000,0.0001
1640563200002,0.0001
1640592000005,0.0001
1640620800000,0.0001
1640649600000,0.0001
1640678400012,2.254e-05
1640707200000,4.226e-05
1640736000006,8.064e-05
1640764800003,0.0001
1640793600004,6.859e-05
1640822400003,9.232e-05
1640851200001,-7.64e-06
1640880000017,0.0001
1640908800006,6.849e-05
1640937600009,9.72e-06
1640966400000,0.0001
1640995200006,0.0001
1641024000009,0.0001
1641052800000,0.0001
1641081600028,3.876e-05
1641110400000,2.263e-05
1641139200000,6.714e-05
1641168000010,6.973e-05
1641196800013,5.084e-05
1641225600018,7.394e-05
1641254400000,0.0001
1641283200010,0.0001
1641312000002,0.0001
1641340800001,0.0001
1641369600017,0.0001
1641398400000,0.0001
1641427200002,5.376e-05
1641456000021,0.0001
1641484800006,4.332e-05
1641513600005,1.935e-05
1641542400000,0.0001
1641571200001,0.0001
1641600000014,0.0001
1641628800013,0.0001
1641657600000,0.0001
1641686400003,0.0001
1641715200000,-7.234e-05
1641744000000,5.47e-05
1641772800000,-0.00014593
1641801600010,-6.361e-05
1641830400007,1.599e-05
1641859200013,0.0001
1641888000004,6.198e-05
1641916800000,2.718e-05
1641945600012,-6.878e-05
1641974400015,8.036e-05
1642003200000,-0.00019812
1642032000007,-2.315e-05
1642060800000,0.0001
1642089600014,-1.444e-05
1642118400000,0.0001
1642147200006,0.0001
1642176000014,-1.294e-05
1642204800000,9.632e-05
1642233600002,0.0001
1642262400000,0.0001
1642291200000,2.224e-05
1642320000017,9.785e-05
1642348800011,8.585e-05
1642377600005,2.683e-05
1642406400006,4.25e-05
1642435200012,-5.944e-05
1642464000020,7.549e-05
1642492800000,3.626e-05
1642521600013,0.0001
1642550400001,0.0001
1642579200000,-1.72e-05
1642608000000,0.0001
1642636800015,0.0001
1642665600000,0.0001
1642694400000,0.0001
1642723200007,-8.05e-06
1642752000015,-5.915e-05
1642780800000,8.447e-05
1642809600017,7.145e-05
1642838400003,0.0001
1642867200021,9.327e-05
1642896000026,0.0001
1642924800010,-5.208e-05
1642953600009,-0.0001332
1642982400010,0.0001
1643011200000,-0.00011775
1643040000021,0.0001
1643068800000,1.695e-05
1643097600000,5.831e-05
1643126400012,-7.88e-05
1643155200000,-4.048e-05
1643184000001,-7.941e-05
1643212800005,-0.00020069
1643241600004,-8.756e-05
1643270400004,2.801e-05
1643299200019,-0.00014218
1643328000000,-8.132e-05
1643356800000,-2.97e-06
1643385600025,-8.379e-05
1643414400017,-8.5e-06
1643443200000,0.0001
1643472000013,-9.97e-06
1643500800025,2.848e-05
1643529600009,-6.536e-05
1643558400000,2.989e-05
1643587200000,5.139e-05
1643616000000,-0.00010687
1643644800000,-1.151e-05
1643673600010,0.0001
1643702400000,-0.00010276
1643731200004,-0.00020797
1643760000004,-6.256e-05
1643788800000,-1.7e-07
1643817600002,4.07e-06
1643846400002,-0.00038034
1643875200000,-5.85e-05
1643904000000,-7.881e-05
1643932800018,0.0001
1643961600005,8.786e-05
1643990400010,0.0001
1644019200014,0.0001
1644048000000,7.456e-05
1644076800000,4.351e-05
1644105600000,0.0001
1644134400000,0.0001
1644163200000,0.0001
1644192000003,-7.25e-06
1644220800014,8.15e-05
1644249600003,1.491e-05
1644278400001,0.0001
1644307200003,1.62e-05
1644336000002,7.718e-05
1644364800000,0.0001
1644393600005,-1.62e-06
1644422400001,7.116e-05
1644451200012,-2.777e-05
1644480000000,-3.259e-05
1644508800006,1.908e-05
1644537600000,-0.00011327
1644566400009,0.0001
1644595200015,-4.783e-05
1644624000020,0.0001
1644652800001,0.0001
1644681600007,0.0001
1644710400022,1.665e-05
1644739200001,6.235e-05
1644768000007,-2.875e-05
1644796800005,9.155e-05
1644825600013,6.358e-05
1644854400019,0.0001
1644883200012,7.379e-05
1644912000005,4.572e-05
1644940800011,-5.099e-05
1644969600009,0.0001
1644998400001,0.0001
1645027200014,0.0001
1645056000018,0.0001
1645084800000,1.611e-05
1645113600010,4.771e-05
1645142400000,-3.865e-05
1645171200002,-9.187e-05
1645200000000,3.508e-05
1645228800007,0.0001
1645257600000,7.039e-05
1645286400023,4.883e-05
1645315200001,-3.349e-05
1645344000003,5.414e-05
1645372800001,3.264e-05
1645401600000,7.012e-05
1645430400001,-0.00014003
1645459200005,7.007e-05
1645488000005,8.65e-06
1645516800000,-3.63e-05
1645545600000,5.962e-05
1645574400002,9.188e-05
1645603200005,-3.926e-05
1645632000010,-3.644e-05
1645660800008,-1.113e-05
1645689600003,-3.56e-05
1645718400001,-6.14e-05
1645747200000,0.0001
1645776000006,0.0001
1645804800001,0.0001
1645833600004,0.0001
1645862400004,0.0001
1645891200007,0.0001
1645920000012,0.0001
1645948800000,5.07e-06
1645977600000,0.0001
1646006400000,-0.00015064
1646035200001,-9.02e-05
1646064000002,5.573e-05
1646092800002,0.0001
1646121600001,0.0001
1646150400000,0.0001
1646179200000,0.0001
1646208000000,0.0001
1646236800002,0.0001
1646265600000,0.0001
1646294400000,0.0001
1646323200005,0.0001
1646352000018,0.0001
1646380800000,0.0001
1646409600000,0.0001
1646438400006,5.192e-05
1646467200004,1.52e-05
1646496000000,3.064e-05
1646524800004,-8.875e-05
1646553600000,5.669e-05
1646582400013,7.5e-05
1646611200008,3.909e-05
1646640000006,-1e-05
1646668800000,8.669e-05
1646697600008,-0.00010024
1646726400002,0.0001
1646755200000,0.0001
1646784000008,6.224e-05
1646812800000,0.0001
1646841600004,0.0001
1646870400000,0.0001
1646899200017,5.56e-05
1646928000000,-3.951e-05
1646956800008,2.542e-05
1646985600000,-5.91e-05
1647014400001,8.211e-05
1647043200010,0.0001
1647072000001,5.025e-05
1647100800002,6.255e-05
1647129600008,2.116e-05
1647158400000,0.0001
1647187200002,-2.698e-05
1647216000014,-0.00010352
1647244800005,0.0001
1647273600002,0.0001
1647302400008,0.0001
1647331200000,-3.21e-06
1647360000006,-4.856e-05
1647388800013,0.0001
1647417600000,9.131e-05
1647446400008,5.316e-05
1647475200004,0.0001
1647504000000,0.0001
1647532800004,0.0001
1647561600000,0.0001
1647590400000,4.709e-05
1647619200017,5.917e-05
1647648000008,0.0001
1647676800015,0.0001
1647705600000,0.0001
1647734400000,0.0001
1647763200001,0.0001
1647792000002,0.0001
1647820800013,0.0001
1647849600004,0.0001
1647878400010,0.0001
1647907200012,0.0001
1647936000001,0.0001
1647964800022,0.0001
1647993600007,0.0001
1648022400000,8.504e-05
1648051200006,-3.582e-05
1648080000013,-1.813e-05
1648108800006,0.0001
1648137600020,0.0001
1648166400010,0.0001
1648195200001,0.0001
1648224000014,0.0001
1648252800020,0.0001
1648281600006,4.979e-05
1648310400000,0.0001
1648339200004,7.576e-05
1648368000001,7.27e-06
1648396800006,-1.708e-05
1648425600012,0.0001
1648454400007,0.0001
1648483200000,0.0001
1648512000000,0.0001
1648540800015,0.0001
1648569600000,8.269e-05
1648598400000,0.0001
1648627200002,0.0001
1648656000028,0.0001
1648684800017,0.0001
1648713600000,0.0001
1648742400015,0.0001
1648771200000,0.0001
1648800000000,0.0001
1648828800018,0.0001
1648857600000,0.0001
1648886400002,0.0001
1648915200006,0.0001
1648944000018,0.0001
1648972800018,0.0001
1649001600015,0.0001
1649030400006,0.0001
1649059200000,2.896e-05
1649088000016,0.0001
1649116800000,0.0001
1649145600010,0.0001
1649174400008,7.974e-05
1649203200001,9.47e-05
1649232000021,-0.00014471
1649260800000,6.028e-05
1649289600009,8.854e-05
1649318400000,-9.945e-05
1649347200000,4.585e-05
1649376000000,-9.963e-05
1649404800004,-3.214e-05
1649433600008,0.0001
1649462400008,0.0001
1649491200000,0.0001
1649520000001,0.0001
1649548800004,0.0001
1649577600007,0.0001
1649606400016,5.98e-05
1649635200000,4.676e-05
1649664000000,0.0001
1649692800009,0.0001
1649721600000,-3.306e-05
1649750400006,-4.036e-05
1649779200013,-0.00016064
1649808000005,-2.262e-05
1649836800008,-0.00016876
1649865600013,3.222e-05
1649894400007,-2.2e-05
1649923200000,5.593e-05
1649952000006,-3.051e-05
1649980800008,-0.00012221
1650009600002,-3.677e-05
1650038400000,-3.34e-06
1650067200011,-2.9e-05
1650096000007,-0.00012314
1650124800007,-3.323e-05
1650153600000,2.48e-05
1650182400004,-6.458e-05
1650211200000,2.937e-05
1650240000008,-5.257e-05
1650268800012,-4.41e-05
1650297600000,-0.00013169
1650326400021,8.478e-05
1650355200031,3.976e-05
1650384000000,2.251e-05
1650412800025,0.0001
1650441600003,6.595e-05
1650470400000,-1.05e-06
1650499200000,-9.577e-05
1650528000000,-0.00012991
1650556800024,-9.56e-06
1650585600008,-0.00011914
1650614400008,-0.00017158
1650643200008,-2.649e-05
1650672000000,3.778e-05
1650700800000,-0.00010115
1650729600012,-8.574e-05
1650758400004,-9.091e-05
1650787200003,-5.652e-05
1650816000000,3.41e-06
1650844800008,3.21e-06
1650873600018,-8.588e-05
1650902400000,-0.00024996
1650931200014,0.0001
1650960000000,0.0001
1650988800017,4.991e-05
1651017600012,-0.00014242
1651046400000,-0.0002569
1651075200002,2.591e-05
1651104000000,-1.675e-05
1651132800004,-5.776e-05
1651161600030,0.0001
1651190400000,0.0001
1651219200016,0.0001
1651248000010,4.578e-05
1651276800000,-8.896e-05
1651305600005,-5.202e-05
1651334400015,-5.736e-05
1651363200000,-7.153e-05
1651392000000,-0.00016213
1651420800010,-4.432e-05
1651449600018,4.92e-05
1651478400007,-7.704e-05
1651507200000,-2.36e-06
1651536000006,8.762e-05
1651564800000,6.446e-05
1651593600021,8.725e-05
1651622400007,9.221e-05
1651651200011,0.0001
1651680000000,0.0001
1651708800005,0.0001
1651737600019,0.0001
1651766400005,0.0001
1651795200005,-5.032e-05
1651824000001,-4.64e-05
1651852800010,-2.46e-06
1651881600004,5.836e-05
1651910400016,0.0001
1651939200011,7.282e-05
1651968000000,9.867e-05
1651996800007,0.0001
1652025600015,0.0001
1652054400000,0.0001
1652083200001,9.424e-05
1652112000000,9.769e-05
1652140800000,9.833e-05
1652169600007,6.098e-05
1652198400008,0.0001
1652227200004,7.598e-05
1652256000007,0.0001
1652284800008,7.639e-05
1652313600014,-0.00018602
1652342400000,-0.00079682
1652371200007,-0.00028645
1652400000014,-9.107e-05
1652428800001,-0.00016008
1652457600000,-2.742e-05
1652486400000,5.029e-05
1652515200000,9.124e-05
1652544000001,6.884e-05
1652572800000,0.0001
1652601600000,7.136e-05
1652630400000,7.168e-05
1652659200021,0.0001
1652688000013,0.0001
1652716800006,-3.34e-06
1652745600000,1.965e-05
1652774400010,-0.00010278
1652803200023,8.48e-06
1652832000003,7.107e-05
1652860800024,-1.537e-05
1652889600014,-7.218e-05
1652918400000,-5.373e-05
1652947200008,4.9e-06
1652976000015,3.757e-05
1653004800001,0.0001
1653033600003,0.0001
1653062400012,6.647e-05
1653091200008,9.991e-05
1653120000001,-2.669e-05
1653148800007,-3.6e-06
1653177600003,4.308e-05
1653206400016,5.296e-05
1653235200000,0.0001
1653264000011,0.0001
1653292800000,0.0001
1653321600023,0.0001
1653350400011,-7.86e-05
1653379200000,-4.871e-05
1653408000009,-4.04e-05
1653436800001,1.228e-05
1653465600000,0.0001
1653494400015,6.424e-05
1653523200005,0.0001
1653552000001,3.287e-05
1653580800000,-0.00014343
1653609600007,0.0001
1653638400008,-1.53e-06
1653667200000,5.35e-05
1653696000018,0.0001
1653724800016,6.376e-05
1653753600013,3.132e-05
1653782400000,0.0001
1653811200025,1.764e-05
1653840000002,1.83e-05
1653868800000,6.492e-05
1653897600013,1.622e-05
1653926400005,0.0001
1653955200016,7.761e-05
1653984000000,0.0001
1654012800000,0.0001
1654041600000,0.0001
1654070400011,0.0001
1654099200000,0.0001
1654128000000,-8.505e-05
1654156800006,4.628e-05
1654185600021,3.599e-05
1654214400016,5.262e-05
1654243200016,0.0001
1654272000012,2.737e-05
1654300800005,0.0001
1654329600000,0.0001
1654358400007,3e-05
1654387200005,3.407e-05
1654416000015,5.246e-05
1654444800000,5.865e-05
1654473600000,0.0001
1654502400017,9.597e-05
1654531200000,0.0001
1654560000000,0.0001
1654588800011,-3.071e-05
1654617600000,1.156e-05
1654646400008,0.0001
1654675200020,7.041e-05
1654704000012,0.0001
1654732800000,0.0001
1654761600000,5.421e-05
1654790400000,0.0001
1654819200009,0.0001
1654848000000,0.0001
1654876800006,-0.00010846
1654905600018,-0.00013495
1654934400014,-0.00018605
1654963200000,-9.29e-05
1654992000015,-6.025e-05
1655020800019,-9.914e-05
1655049600010,-6.827e-05
1655078400009,1.579e-05
1655107200000,-2.19e-06
1655136000007,-5.144e-05
1655164800013,-4.066e-05
1655193600008,-5.061e-05
1655222400006,-2.999e-05
1655251200000,-5.37e-05
1655280000016,-0.0001643
1655308800008,-9.52e-06
1655337600009,-1.444e-05
1655366400016,6.616e-05
1655395200000,-0.00010424
1655424000008,-0.00012406
1655452800003,-5.634e-05
1655481600000,-0.00014982
1655510400020,-7.277e-05
1655539200025,-0.00029164
1655568000014,-7.606e-05
1655596800012,-0.00018722
1655625600012,-0.0001769
1655654400008,0.0001
1655683200016,0.0001
1655712000000,-2.176e-05
1655740800013,8.444e-05
1655769600012,6.015e-05
1655798400018,4.698e-05
1655827200010,5.33e-05
1655856000000,-4.89e-05
1655884800001,-2.551e-05
1655913600012,-8.679e-05
1655942400000,-4.408e-05
1655971200000,-6.496e-05
1656000000016,-0.00010151
1656028800005,4.046e-05
1656057600004,8.003e-05
1656086400018,0.0001
1656115200001,-3.928e-05
1656144000010,3.156e-05
1656172800000,6.42e-06
1656201600002,0.0001
1656230400016,2.837e-05
1656259200006,-8.522e-05
1656288000008,-0.00010252
1656316800000,-4.323e-05
1656345600016,-3.606e-05
1656374400016,9.02e-06
1656403200001,-2.707e-05
1656432000005,6.622e-05
1656460800000,3.172e-05
1656489600013,1.728e-05
1656518400000,1.147e-05
1656547200000,3.467e-05
1656576000000,-6.766e-05
1656604800000,-0.00021692
1656633600001,-0.00013323
1656662400017,4.122e-05
1656691200005,-9.037e-05
1656720000000,-4.5e-06
1656748800000,-4.376e-05
1656777600008,-4.429e-05
1656806400015,8.102e-05
1656835200004,2.344e-05
1656864000005,-9.636e-05
1656892800021,8.487e-05
1656921600001,-0.00014236
1656950400000,6.349e-05
1656979200000,8.23e-06
1657008000000,1.762e-05
1657036800015,4.28e-05
1657065600006,0.0001
1657094400000,0.0001
1657123200000,4.373e-05
1657152000010,0.0001
1657180800010,0.0001
1657209600011,6.891e-05
1657238400008,0.0001
1657267200009,0.0001
1657296000000,5.505e-05
1657324800000,5.118e-05
1657353600000,2.685e-05
1657382400009,3.206e-05
1657411200001,4.544e-05
1657440000002,0.0001
1657468800001,6.604e-05
1657497600000,1.102e-05
1657526400003,4.204e-05
1657555200001,5.881e-05
1657584000000,6.653e-05
1657612800021,-2.208e-05
1657641600000,-0.00010622
1657670400012,-0.00017917
1657699200022,-0.00019746
1657728000005,-0.00012686
1657756800017,-0.00012921
1657785600001,1.264e-05
1657814400000,-5.017e-05
1657843200004,0.0001
1657872000019,4.667e-05
1657900800017,-4.53e-06
1657929600021,5.458e-05
1657958400014,7.053e-05
1657987200005,3.638e-05
1658016000000,0.0001
1658044800003,8e-08
1658073600007,-6.39e-06
1658102400001,-2.025e-05
1658131200004,-8.57e-06
1658160000019,7.25e-05
1658188800000,0.0001
1658217600000,0.0001
1658246400001,4.242e-05
1658275200004,5.437e-05
1658304000000,-4.179e-05
1658332800003,2.871e-05
1658361600000,0.0001
1658390400018,0.0001
1658419200011,0.0001
1658448000014,0.0001
1658476800000,0.0001
1658505600000,9.317e-05
1658534400004,5.463e-05
1658563200002,6.541e-05
1658592000001,0.0001
1658620800000,0.0001
1658649600011,0.0001
1658678400000,0.0001
1658707200000,0.0001
1658736000014,-1.134e-05
1658764800006,7.434e-05
1658793600010,6.69e-05
1658822400000,7.151e-05
1658851200000,0.0001
1658880000008,7.41e-06
1658908800000,8.204e-05
1658937600003,3.325e-05
1658966400009,0.0001
1658995200008,0.0001
1659024000013,0.0001
1659052800000,0.0001
1659081600000,0.0001
1659110400000,0.0001
1659139200005,0.0001
1659168000009,0.0001
1659196800000,5.049e-05
1659225600022,4.431e-05
1659254400011,0.0001
1659283200019,5.528e-05
1659312000010,9.823e-05
1659340800019,0.0001
1659369600017,6.285e-05
1659398400000,0.0001
1659427200007,1.617e-05
1659456000014,1.593e-05
1659484800001,6.888e-05
1659513600020,3.68e-06
1659542400008,-3.047e-05
1659571200001,1.183e-05
1659600000009,7.702e-05
1659628800015,7.119e-05
1659657600005,7.649e-05
1659686400000,0.0001
1659715200000,0.0001
1659744000021,0.0001
1659772800000,0.0001
1659801600015,0.0001
1659830400013,0.0001
1659859200000,-2.278e-05
1659888000014,2.801e-05
1659916800009,-1.33e-05
1659945600006,2.805e-05
1659974400000,0.0001
1660003200020,5.993e-05
1660032000000,-3.21e-06
1660060800000,-0.00014349
1660089600000,-0.00010375
1660118400016,-3.238e-05
1660147200018,0.0001
1660176000012,0.0001
1660204800000,4.392e-05
1660233600000,1.783e-05
1660262400006,2.566e-05
1660291200000,5.216e-05
1660320000005,8.336e-05
1660348800012,7.636e-05
1660377600006,4.086e-05
1660406400018,2.735e-05
1660435200000,3.144e-05
1660464000000,8.292e-05
1660492800000,2.19e-06
1660521600010,-6.757e-05
1660550400002,3.991e-05
1660579200010,-4.854e-05
1660608000010,-6.945e-05
1660636800002,3.333e-05
1660665600000,3.842e-05
1660694400020,5.927e-05
1660723200016,6.626e-05
1660752000001,4.034e-05
1660780800005,2.314e-05
1660809600012,9.463e-05
1660838400013,3.449e-05
1660867200000,5.275e-05
1660896000000,0.0001
1660924800009,1.435e-05
1660953600000,4.557e-05
1660982400005,-3.743e-05
1661011200000,9.91e-06
1661040000010,-1.408e-05
1661068800013,1.912e-05
1661097600000,-5.859e-05
1661126400011,-5.605e-05
1661155200005,6.886e-05
1661184000005,7.481e-05
1661212800000,6.559e-05
1661241600021,-1.8e-05
1661270400005,-9.315e-05
1661299200017,-8.879e-05
1661328000021,-2.313e-05
1661356800000,5.38e-06
1661385600003,-9.281e-05
1661414400000,-1.814e-05
1661443200004,2.635e-05
1661472000001,4.613e-05
1661500800004,2.49e-05
1661529600000,8.902e-05
1661558400010,-0.0002075
1661587200007,-7.754e-05
1661616000008,-0.000272
1661644800019,-0.0002537
1661673600000,-0.0002688
1661702400000,1.893e-05
1661731200000,-0.00024797
1661760000000,-0.00017053
1661788800001,-6.657e-05
1661817600001,-9.478e-05
1661846400005,-6.689e-05
1661875200010,-5.782e-05
1661904000000,-0.00011151
1661932800005,-2.5e-07
1661961600013,7.105e-05
1661990400012,-1.273e-05
1662019200000,9.18e-06
1662048000013,-7.998e-05
1662076800002,5.469e-05
1662105600013,3.291e-05
1662134400000,-1.84e-05
1662163200000,-0.00012553
1662192000002,-0.00010187
1662220800007,-9.441e-05
1662249600008,1.789e-05
1662278400009,-4.425e-05
1662307200000,-9.236e-05
1662336000015,8.77e-06
1662364800013,-0.00010286
1662393600007,-5.01e-05
1662422400018,-0.00016568
1662451200020,-0.00013291
1662480000028,-2.352e-05
1662508800013,-0.0001677
1662537600022,-0.00027449
1662566400021,-0.00018414
1662595200010,1.215e-05
1662624000000,-1.24e-05
1662652800003,-6.039e-05
1662681600011,-8.28e-05
1662710400000,-3.837e-05
1662739200000,-0.00012468
1662768000003,-7.115e-05
1662796800000,-0.00020439
1662825600012,-0.00014116
1662854400009,-0.00011556
1662883200012,-0.00016606
1662912000005,-0.00031696
1662940800007,-0.00034442
1662969600013,-0.0002761
1662998400000,-0.00038902
1663027200004,-0.00028397
1663056000000,-0.00047985
1663084800000,-0.0004662
1663113600000,-0.00111142
1663142400000,-0.00182506
1663171200000,-0.00172134
1663200000019,-0.00301937
1663228800012,-0.00216987
1663257600007,-0.00010393
1663286400000,-7.76e-06
1663315200000,-2.35e-06
1663344000000,0.0001
1663372800000,7.4e-05
1663401600012,7.913e-05
1663430400017,4.111e-05
1663459200000,8.41e-06
1663488000004,8.234e-05
1663516800000,6.342e-05
1663545600018,-0.00010281
1663574400006,-4.91e-06
1663603200010,-9.737e-05
1663632000007,-0.00010865
1663660800001,-0.00012011
1663689600000,2.77e-06
1663718400001,-3.849e-05
1663747200005,-2.285e-05
1663776000000,-7.656e-05
1663804800000,-0.00024234
1663833600000,-0.00023437
1663862400011,-0.00013047
1663891200023,-1.456e-05
1663920000004,-4.759e-05
1663948800005,-5.042e-05
1663977600000,1.491e-05
1664006400005,4.468e-05
1664035200000,-8.115e-05
1664064000010,1.22e-06
1664092800000,-4.292e-05
1664121600003,4.49e-06
1664150400001,4.23e-06
1664179200006,0.0001
1664208000000,-1.379e-05
1664236800026,2.194e-05
1664265600004,1.777e-05
1664294400006,1.303e-05
1664323200011,-1.018e-05
1664352000000,-2.348e-05
1664380800000,-7.573e-05
1664409600010,6.004e-05
1664438400000,0.0001
1664467200000,2.149e-05
1664496000006,1.17e-05
1664524800002,7.176e-05
1664553600007,0.0001
1664582400008,8.185e-05
1664611200011,6.857e-05
1664640000000,5.117e-05
1664668800000,1.239e-05
1664697600000,4.395e-05
1664726400006,-2.183e-05
1664755200000,-2.23e-05
1664784000014,2.229e-05
1664812800010,-9.98e-06
1664841600006,7.858e-05
1664870400004,0.0001
1664899200013,3.575e-05
1664928000000,1.819e-05
1664956800000,3.45e-06
1664985600012,-3.017e-05
1665014400008,2.418e-05
1665043200002,5.188e-05
1665072000006,-1.15e-05
1665100800000,2.157e-05
1665129600000,3.248e-05
1665158400007,3.9e-06
1665187200010,5.904e-05
1665216000004,6.993e-05
1665244800018,8.939e-05
1665273600000,3.902e-05
1665302400007,1.819e-05
1665331200011,-5.165e-05
1665360000018,4.749e-05
1665388800000,2.784e-05
1665417600026,2.352e-05
1665446400020,7.133e-05
1665475200027,3.552e-05
1665504000000,4.405e-05
1665532800014,8.85e-05
1665561600000,-1.598e-05
1665590400000,7.18e-06
1665619200013,-0.00018211
1665648000016,8.18e-05
1665676800009,-0.00010154
1665705600020,2e-06
1665734400000,0.0001
1665763200009,0.0001
1665792000001,5.95e-05
1665820800005,-5.48e-06
1665849600004,-8.01e-06
1665878400012,2.73e-06
1665907200000,-1.934e-05
1665936000010,1.261e-05
1665964800012,7.5e-06
1665993600010,3.595e-05
1666022400017,5.61e-05
1666051200010,6.43e-05
1666080000008,5.818e-05
1666108800000,8.2e-05
1666137600007,6.911e-05
1666166400022,0.0001
1666195200016,3.885e-05
1666224000000,1.115e-05
1666252800013,6.032e-05
1666281600000,-5.194e-05
1666310400005,0.0001
1666339200018,1.939e-05
1666368000000,2.595e-05
1666396800000,2.568e-05
1666425600015,-7.96e-06
1666454400000,-3.726e-05
1666483200025,1.025e-05
1666512000000,2.352e-05
1666540800004,0.0001
1666569600009,9.274e-05
1666598400012,0.0001
1666627200002,-2.685e-05
1666656000013,-5.643e-05
1666684800013,3.537e-05
1666713600000,1.973e-05
1666742400006,0.0001
1666771200013,-2.452e-05
1666800000000,0.0001
1666828800009,8.299e-05
1666857600006,5.005e-05
1666886400009,-3.37e-05
1666915200000,2.272e-05
1666944000000,4.042e-05
1666972800007,1.87e-05
1667001600000,6.207e-05
1667030400003,8.203e-05
1667059200010,0.0001
1667088000000,7.735e-05
1667116800013,9.296e-05
1667145600009,0.0001
1667174400012,6.308e-05
1667203200000,0.0001
1667232000010,-2.88e-06
1667260800000,7.95e-06
1667289600000,-5.701e-05
1667318400000,1.321e-05
1667347200000,7.678e-05
1667376000000,2.913e-05
1667404800019,5.813e-05
1667433600011,-8.892e-05
1667462400016,-7.732e-05
1667491200005,2.55e-06
1667520000000,1.398e-05
1667548800004,9.293e-05
1667577600020,0.0001
1667606400009,9.19e-05
1667635200007,1.474e-05
1667664000018,5.826e-05
1667692800009,8.014e-05
1667721600000,0.0001
1667750400010,4.026e-05
1667779200012,2.594e-05
1667808000014,-2.72e-06
1667836800006,0.0001
1667865600000,-5.728e-05
1667894400001,-0.00011539
1667923200005,7.883e-05
1667952000000,-0.00038496
1667980800013,-0.00012169
1668009600004,-0.00054682
1668038400006,-0.00060149
1668067200000,-0.000543
1668096000015,-0.00015464
1668124800000,-0.00016788
1668153600015,-0.00013634
1668182400027,2.873e-05
1668211200007,9.985e-05
1668240000016,4.863e-05
1668268800000,9.984e-05
1668297600004,-9.28e-06
1668326400000,-8.449e-05
1668355200017,-1.748e-05
1668384000000,2.81e-05
1668412800000,2.254e-05
1668441600000,5.237e-05
1668470400014,-8.644e-05
1668499200009,4.951e-05
1668528000010,-4.197e-05
1668556800011,-9.137e-05
1668585600004,1.19e-06
1668614400008,-4.556e-05
1668643200000,-9.394e-05
1668672000000,2.558e-05
1668700800006,-0.00010849
1668729600004,-8.46e-05
1668758400016,-6.951e-05
1668787200000,-5.327e-05
1668816000000,6.481e-05
1668844800004,4.413e-05
1668873600024,5.99e-05
1668902400015,3.77e-06
1668931200004,5.73e-05
1668960000000,-2.008e-05
1668988800006,-0.00020459
1669017600015,-2.17e-05
1669046400000,4.666e-05
1669075200000,-6.623e-05
1669104000000,-2.821e-05
1669132800000,6.368e-05
1669161600000,6.088e-05
1669190400011,-4.079e-05
1669219200014,-9.414e-05
1669248000007,4.96e-05
1669276800014,-6.135e-05
1669305600013,3.796e-05
1669334400004,5.572e-05
1669363200015,5.499e-05
1669392000000,-3.074e-05
1669420800011,-4.472e-05
1669449600000,-5.666e-05
1669478400000,-6.554e-05
1669507200012,-4.687e-05
1669536000000,-0.00011497
1669564800003,3.854e-05
1669593600015,3.42e-06
1669622400004,-2.557e-05
1669651200011,-0.00012317
1669680000000,3.832e-05
1669708800015,2.946e-05
1669737600000,0.0001
1669766400007,9.218e-05
1669795200000,0.0001
1669824000015,0.0001
1669852800001,-1.967e-05
1669881600006,3.623e-05
1669910400000,0.0001
1669939200001,0.0001
1669968000016,-2.44e-06
1669996800017,4.87e-05
1670025600006,-4.81e-06
1670054400000,-2.779e-05
1670083200011,-2.251e-05
1670112000006,-4.991e-05
1670140800000,-1.49e-06
1670169600006,3.593e-05
1670198400002,5.566e-05
1670227200011,-2.459e-05
1670256000008,5.578e-05
1670284800014,4.181e-05
1670313600027,1.389e-05
1670342400009,4.364e-05
1670371200000,8.029e-05
1670400000000,5.95e-06
1670428800000,-2.33e-06
1670457600006,6.3e-07
1670486400000,1.744e-05
1670515200014,-9.2e-07
1670544000017,0.0001
1670572800005,6.855e-05
1670601600000,4.9e-05
1670630400009,-1.674e-05
1670659200010,6.407e-05
1670688000001,6.841e-05
1670716800011,-2.288e-05
1670745600007,1.946e-05
1670774400011,1.359e-05
1670803200000,3.843e-05
1670832000004,-2.359e-05
1670860800000,-2.692e-05
1670889600000,8.949e-05
1670918400018,0.0001
1670947200011,0.0001
1670976000010,0.0001
1671004800015,0.0001
1671033600004,0.0001
1671062400000,0.0001
1671091200023,0.0001
1671120000010,0.0001
1671148800016,0.0001
1671177600011,0.0001
1671206400001,-3.78e-05
1671235200001,8.697e-05
1671264000011,-6.429e-05
1671292800011,3.413e-05
1671321600008,5.955e-05
1671350400001,7.9e-05
1671379200012,4.105e-05
1671408000000,-3.395e-05
1671436800000,5.7e-06
1671465600000,-6.01e-06
1671494400005,8.479e-05
1671523200016,4.111e-05
1671552000000,9.832e-05
1671580800007,4.626e-05
1671609600012,8.575e-05
1671638400017,6.565e-05
1671667200004,8.923e-05
1671696000000,9.813e-05
1671724800001,7.887e-05
1671753600018,7.468e-05
1671782400000,0.0001
1671811200000,-7.28e-06
1671840000001,6.767e-05
1671868800007,0.0001
1671897600008,5.27e-06
1671926400000,-3.84e-06
1671955200013,4.1e-07
1671984000000,1.343e-05
1672012800001,6.962e-05
1672041600000,1.023e-05
1672070400005,2.594e-05
1672099200005,0.0001
1672128000010,2.226e-05
1672156800006,7.546e-05
1672185600010,0.0001
1672214400010,6.253e-05
1672243200010,-2.352e-05
1672272000011,0.0001
1672300800000,5.835e-05
1672329600008,0.0001
1672358400000,0.0001
1672387200000,0.0001
1672416000000,0.0001
1672444800014,0.0001
1672473600000,0.0001
1672502400000,0.0001
1672531200000,0.0001
1672560000008,0.0001
1672588800000,0.0001
1672617600000,0.0001
1672646400008,8.878e-05
1672675200015,7.464e-05
1672704000003,8.9e-06
1672732800018,5.228e-05
1672761600000,2.948e-05
1672790400000,7.609e-05
1672819200016,0.0001
1672848000011,0.0001
1672876800009,0.0001
1672905600011,0.0001
1672934400000,0.0001
1672963200005,0.0001
1672992000001,0.0001
1673020800000,0.0001
1673049600006,5.444e-05
1673078400017,4.199e-05
1673107200000,7.19e-05
1673136000015,2.131e-05
1673164800000,8.826e-05
1673193600010,8.657e-05
1673222400003,4.312e-05
1673251200000,7.617e-05
1673280000006,0.0001
1673308800003,0.0001
1673337600021,0.0001
1673366400000,0.0001
1673395200011,0.0001
1673424000006,0.0001
1673452800004,2.778e-05
1673481600000,0.0001
1673510400000,0.0001
1673539200000,0.0001
1673568000004,0.0001
1673596800000,0.0001
1673625600018,0.0001
1673654400000,0.0001
1673683200001,0.00061643
1673712000000,0.00045951
1673740800010,0.00012412
1673769600002,0.00030426
1673798400000,0.00018878
1673827200010,0.00014183
1673856000007,0.0001
1673884800000,0.0001
1673913600004,0.0001
1673942400005,0.0001
1673971200001,0.0001
1674000000008,0.0001
1674028800009,0.0001
1674057600017,0.0001
1674086400000,0.0001
1674115200015,0.0001
1674144000012,0.0001
1674172800000,0.0001
1674201600000,0.0001
1674230400000,0.0001
1674259200013,0.0001
1674288000001,0.0001
1674316800016,0.0001
1674345600000,0.0001
1674374400000,0.0001
1674403200023,0.0001
1674432000014,0.00010356
1674460800014,0.0001
1674489600016,0.0001
1674518400008,0.0001
1674547200008,0.0001
1674576000000,0.0001
1674604800012,0.0001
1674633600000,0.0001
1674662400010,0.0001
1674691200010,0.0001
1674720000003,0.0001
1674748800020,0.0001
1674777600008,0.0001
1674806400000,0.0001
1674835200000,0.0001
1674864000009,0.0001
1674892800018,0.0001
1674921600005,0.0001
1674950400011,0.0001
1674979200000,0.0001
1675008000008,0.0001
1675036800001,0.0001
1675065600000,0.0001
1675094400000,0.0001
1675123200005,0.0001
1675152000000,0.0001
1675180800007,0.0001
1675209600013,0.0001
1675238400000,0.0001
1675267200012,0.0001
1675296000004,0.0001
1675324800023,0.0001
1675353600003,0.0001
1675382400010,0.0001
1675411200000,0.0001
1675440000000,0.0001
1675468800010,0.0001
1675497600000,0.0001
1675526400000,0.0001
1675555200016,0.0001
1675584000009,0.0001
1675612800018,0.0001
1675641600001,0.0001
1675670400000,0.0001
1675699200012,0.0001
1675728000004,0.0001
1675756800011,0.0001
1675785600018,0.0001
1675814400009,0.0001
1675843200010,0.0001
1675872000000,0.0001
1675900800014,0.0001
1675929600006,0.0001
1675958400001,0.0001
1675987200012,0.0001
1676016000005,6.828e-05
1676044800020,0.0001
1676073600007,6.47e-05
1676102400002,3.345e-05
1676131200021,-2.491e-05
1676160000004,8.869e-05
1676188800000,3.225e-05
1676217600002,4.579e-05
1676246400006,2.555e-05
1676275200008,5.994e-05
1676304000002,0.0001
1676332800013,-4.54e-06
1676361600014,4.405e-05
1676390400016,5.311e-05
1676419200011,2.91e-05
1676448000000,2.81e-05
1676476800005,5.715e-05
1676505600019,0.0001
1676534400000,0.0001
1676563200001,0.00014101
1676592000003,0.0001
1676620800016,0.0001
1676649600000,0.0001
1676678400011,0.0001
1676707200000,0.0001
1676736000007,0.0001
1676764800019,0.0001
1676793600005,0.0001
1676822400003,0.0001
1676851200006,0.0001
1676880000008,0.0001
1676908800006,0.0001
1676937600001,0.0001
1676966400004,0.0001
1676995200011,0.0001
1677024000009,0.0001
1677052800010,0.0001
1677081600000,0.0001
1677110400006,7.072e-05
1677139200005,9.829e-05
1677168000002,4.374e-05
1677196800015,3.804e-05
1677225600011,6.414e-05
1677254400014,8.38e-05
1677283200015,7.921e-05
1677312000015,9.641e-05
1677340800015,5.498e-05
1677369600007,1.266e-05
1677398400012,4.684e-05
1677427200000,1.098e-05
1677456000011,0.0001
1677484800003,8.633e-05
1677513600000,6.025e-05
1677542400011,3.555e-05
1677571200018,3.626e-05
1677600000005,8.565e-05
1677628800016,3.42e-06
1677657600000,0.0001
1677686400008,0.0001
1677715200009,0.0001
1677744000013,0.0001
1677772800000,7.746e-05
1677801600000,3.967e-05
1677830400013,-9.17e-06
1677859200000,2.284e-05
1677888000001,8.491e-05
1677916800008,1.26e-06
1677945600012,2.121e-05
1677974400000,5.372e-05
1678003200000,3.555e-05
1678032000015,4.841e-05
1678060800007,4.583e-05
1678089600017,7.122e-05
1678118400000,3.604e-05
1678147200009,5.296e-05
1678176000016,7.563e-05
1678204800017,1.011e-05
1678233600000,8.208e-05
1678262400014,6.665e-05
1678291200021,8.786e-05
1678320000010,9.084e-05
1678348800013,7.599e-05
1678377600002,3.643e-05
1678406400000,-8.306e-05
1678435200000,-9.7e-07
1678464000005,-5.12e-06
1678492800011,2.796e-05
1678521600003,-5.766e-05
1678550400011,4.677e-05
1678579200001,-1.066e-05
1678608000000,8.67e-05
1678636800005,-4.286e-05
1678665600010,0.0001
1678694400018,0.0001
1678723200003,0.0001
1678752000010,0.0001
1678780800009,0.0001
1678809600010,0.0001
1678838400011,0.00031728
1678867200000,0.00018366
1678896000012,0.0001
1678924800004,0.0001
1678953600018,0.0001
1678982400005,0.0001
1679011200017,5.964e-05
1679040000010,5.941e-05
1679068800003,0.0001
1679097600012,0.0001
1679126400000,0.0001
1679155200016,0.0001
1679184000013,0.0001
1679212800024,0.0001
1679241600000,0.0001
1679270400005,0.0001
1679299200012,0.0001
1679328000015,8.194e-05
1679356800006,7.106e-05
1679385600004,4.611e-05
1679414400003,8.99e-05
1679443200000,5.146e-05
1679472000003,1.267e-05
1679500800000,5.54e-05
1679529600016,1.123e-05
1679558400001,6.86e-05
1679587200013,0.0001
1679616000013,0.0001
1679644800012,0.0001
1679673600027,0.0001
1679702400015,1.992e-05
1679731200011,1.46e-05
1679760000011,-7.95e-06
1679788800000,8.29e-06
1679817600015,9.97e-06
1679846400000,4.383e-05
1679875200019,1.635e-05
1679904000009,-3.85e-06
1679932800000,-1.71e-06
1679961600007,-1.478e-05
1679990400000,3.473e-05
1680019200013,6.578e-05
1680048000010,0.0001
1680076800006,7.584e-05
1680105600014,0.0001
1680134400000,5.756e-05
1680163200000,2.86e-06
1680192000006,5.025e-05
1680220800003,7.203e-05
1680249600006,6.982e-05
1680278400011,0.0001
1680307200000,0.0001
1680336000000,0.0001
1680364800018,6.306e-05
1680393600013,3.987e-05
1680422400014,5.018e-05
1680451200001,3.503e-05
1680480000000,-2.938e-05
1680508800013,-1.96e-05
1680537600011,-4.71e-06
1680566400002,6.36e-05
1680595200017,3.238e-05
1680624000008,0.0001
1680652800000,6.853e-05
1680681600016,0.0001
1680710400004,0.0001
1680739200000,5.011e-05
1680768000011,6.251e-05
1680796800000,2.17e-06
1680825600006,2.088e-05
1680854400005,7.093e-05
1680883200000,3.638e-05
1680912000000,3.725e-05
1680940800014,1.046e-05
1680969600018,2.21e-05
1680998400013,8.21e-06
1681027200024,-1.908e-05
1681056000010,3.067e-05
1681084800000,3.359e-05
1681113600010,-4.969e-05
1681142400006,2.062e-05
1681171200008,2.648e-05
1681200000007,8.648e-05
1681228800016,6.716e-05
1681257600006,1.041e-05
1681286400008,1.29e-05
1681315200014,3.624e-05
1681344000027,0.0001
1681372800010,0.0001
1681401600000,0.0001
1681430400001,0.0001
1681459200008,0.0001
1681488000007,0.0001
1681516800007,0.0001
1681545600007,0.0001
1681574400011,0.0001
1681603200014,0.0001
1681632000007,0.0001
1681660800002,0.0001
1681689600017,0.0001
1681718400006,0.0001
1681747200000,0.0001
1681776000013,0.0001
1681804800017,0.0001
1681833600000,0.0001
1681862400022,0.0001
1681891200014,0.0001
1681920000000,-1.015e-05
1681948800010,6.419e-05
1681977600012,3.2e-07
1682006400012,2.269e-05
1682035200009,8.62e-05
1682064000009,6.903e-05
1682092800003,8.488e-05
1682121600000,5.467e-05
1682150400000,-5.62e-06
1682179200016,2.848e-05
1682208000009,-6.991e-05
1682236800020,1.032e-05
1682265600007,4.969e-05
1682294400000,9.041e-05
1682323200008,1.238e-05
1682352000006,5.112e-05
1682380800014,8.411e-05
1682409600009,8.034e-05
1682438400015,6.892e-05
1682467200015,3.84e-05
1682496000013,1.253e-05
1682524800001,8.7e-05
1682553600014,-2.203e-05
1682582400008,5.85e-05
1682611200005,3.408e-05
1682640000011,8.67e-05
1682668800007,8.037e-05
1682697600006,8.463e-05
1682726400004,4.382e-05
1682755200016,7.125e-05
1682784000001,5.044e-05
1682812800008,6.303e-05
1682841600000,-2.13e-06
1682870400010,8.291e-05
1682899200004,-2.629e-05
1682928000008,2.338e-05
1682956800014,8.46e-06
1682985600015,9.917e-05
1683014400018,2.555e-05
1683043200000,8.146e-05
1683072000009,9.799e-05
1683100800003,6.273e-05
1683129600011,0.0001
1683158400000,0.0001
1683187200000,0.0001
1683216000011,9.9e-05
1683244800002,3.555e-05
1683273600000,5.68e-05
1683302400000,0.0001
1683331200009,0.0001
1683360000000,0.0001
1683388800000,6.94e-06
1683417600000,1.519e-05
1683446400000,2.257e-05
1683475200006,4.724e-05
1683504000000,5.356e-05
1683532800007,1.131e-05
1683561600015,3.803e-05
1683590400015,9.627e-05
1683619200000,0.0001
1683648000000,5.218e-05
1683676800007,2.199e-05
1683705600003,6.916e-05
1683734400000,4.334e-05
1683763200011,-3.99e-06
1683792000000,2.198e-05
1683820800005,5.429e-05
1683849600020,1.83e-05
1683878400001,4.54e-06
1683907200010,-9.17e-06
1683936000000,2.858e-05
1683964800000,2.366e-05
1683993600026,8.57e-06
1684022400029,-4.8e-06
1684051200010,5.487e-05
1684080000008,3.797e-05
1684108800006,-1.849e-05
1684137600005,-2.95e-06
1684166400008,-1.988e-05
1684195200021,-1.56e-05
1684224000000,1.255e-05
1684252800000,6.009e-05
1684281600010,8.76e-05
1684310400000,-1.53e-05
1684339200001,3.984e-05
1684368000000,7.696e-05
1684396800026,6.739e-05
1684425600019,5.135e-05
1684454400000,4.796e-05
1684483200002,2.782e-05
1684512000000,0.0001
1684540800005,7.933e-05
1684569600014,7.88e-06
1684598400020,-1.76e-06
1684627200014,4.22e-05
1684656000001,-1.59e-06
1684684800015,2.497e-05
1684713600028,2.428e-05
1684742400000,5.518e-05
1684771200012,9.003e-05
1684800000006,2.79e-05
1684828800014,0.0001
1684857600008,7.379e-05
1684886400000,9.078e-05
1684915200025,1.006e-05
1684944000008,4.917e-05
1684972800000,1.449e-05
1685001600025,1.48e-06
1685030400016,6.605e-05
1685059200000,0.0001
1685088000024,6.574e-05
1685116800012,3.794e-05
1685145600012,6.425e-05
1685174400018,4.565e-05
1685203200008,-3.23e-05
1685232000017,-1.2e-06
1685260800015,-1.086e-05
1685289600000,2.481e-05
1685318400000,0.0001
1685347200020,0.0001
1685376000011,0.0001
1685404800003,0.0001
1685433600000,0.0001
1685462400003,4.386e-05
1685491200013,7.951e-05
1685520000000,5.35e-06
1685548800000,4.873e-05
1685577600008,6.731e-05
1685606400012,9.125e-05
1685635200000,0.0001
1685664000000,4.67e-05
1685692800006,0.0001
1685721600012,8.252e-05
1685750400000,0.0001
1685779200011,7.857e-05
1685808000003,9.5e-06
1685836800000,2.827e-05
1685865600000,4.801e-05
1685894400000,8.077e-05
1685923200005,2.94e-06
1685952000000,2.308e-05
1685980800000,7.505e-05
1686009600000,-4.896e-05
1686038400009,1.99e-06
1686067200013,8.581e-05
1686096000000,0.0001
1686124800016,0.0001
1686153600000,2.658e-05
1686182400006,6.055e-05
1686211200000,5.971e-05
1686240000000,6.27e-05
1686268800000,7.287e-05
1686297600000,9.72e-06
1686326400000,7.382e-05
1686355200000,6.01e-05
1686384000000,5.325e-05
1686412800000,1.875e-05
1686441600001,1.783e-05
1686470400000,6.332e-05
1686499200000,2.351e-05
1686528000000,7.802e-05
1686556800000,9.417e-05
1686585600001,2.839e-05
1686614400000,7.468e-05
1686643200000,4.944e-05
1686672000000,5.417e-05
1686700800000,9.312e-05
1686729600000,1.378e-05
1686758400000,2.759e-05
1686787200000,-7.479e-05
1686816000000,-8.236e-05
1686844800000,3.041e-05
1686873600000,-8.034e-05
1686902400000,-5.17e-05
1686931200000,-1.294e-05
1686960000000,6.711e-05
1686988800000,0.0001
1687017600000,-1.45e-06
1687046400000,-7.19e-06
1687075200000,-8.65e-06
1687104000000,5.296e-05
1687132800000,3.436e-05
1687161600000,5.597e-05
1687190400000,2.962e-05
1687219200001,3.35e-05
1687248000000,-2.167e-05
1687276800000,2.359e-05
1687305600000,0.0001
1687334400000,1.018e-05
1687363200000,-2.36e-06
1687392000000,0.0001
1687420800001,0.0001
1687449600000,0.0001
1687478400000,0.0001
1687507200000,0.0001
1687536000000,4.288e-05
1687564800000,0.0001
1687593600000,0.0001
1687622400000,3.414e-05
1687651200000,0.0001
1687680000000,0.0001
1687708800000,0.0001
1687737600000,0.0001
1687766400000,7.153e-05
1687795200000,7.038e-05
1687824000000,4.477e-05
1687852800000,6.237e-05
1687881600000,1.184e-05
1687910400000,0.0001
1687939200000,2.202e-05
1687968000000,3.873e-05
1687996800000,1.497e-05
1688025600000,1.188e-05
1688054400000,0.0001
1688083200000,3.965e-05
1688112000000,0.0001
1688140800001,0.0001
1688169600000,0.0001
1688198400000,0.0001
1688227200000,0.0001
1688256000000,0.0001
1688284800000,0.0001
1688313600001,0.0001
1688342400000,0.0001
1688371200000,0.0001
1688400000000,0.0001
1688428800001,0.0001
1688457600000,0.0001
1688486400000,0.0001
1688515200000,0.0001
1688544000000,0.0001
1688572800000,0.0001
1688601600000,0.0001
1688630400000,0.0001
1688659200000,2.778e-05
1688688000000,7.449e-05
1688716800000,3.362e-05
1688745600000,2.585e-05
1688774400000,3.796e-05
1688803200000,1.339e-05
1688832000000,-4.17e-06
1688860800000,3.226e-05
1688889600000,2.878e-05
1688918400000,3.18e-05
1688947200000,2.726e-05
1688976000000,4.524e-05
1689004800000,7.179e-05
1689033600000,9.527e-05
1689062400000,7.653e-05
1689091200000,2.549e-05
1689120000000,8.29e-05
1689148800000,0.0001
1689177600000,7.32e-05
1689206400000,-8.22e-06
1689235200000,5.591e-05
1689264000000,-4.55e-05
1689292800000,0.0001
1689321600000,0.0001
1689350400000,0.0001
1689379200000,-1.31e-06
1689408000000,8.11e-05
1689436800000,8.792e-05
1689465600001,5.641e-05
1689494400000,4.632e-05
1689523200000,4.081e-05
1689552000000,2.809e-05
1689580800000,2.313e-05
1689609600000,3.963e-05
1689638400000,6.696e-05
1689667200000,8.539e-05
1689696000000,7.161e-05
1689724800000,6.538e-05
1689753600000,0.0001
1689782400001,9.161e-05
1689811200000,-2.41e-06
1689840000000,9.217e-05
1689868800000,0.0001
1689897600001,1.798e-05
1689926400000,4.73e-06
1689955200000,7.376e-05
1689984000000,5.769e-05
1690012800000,-4.15e-06
1690041600000,1.649e-05
1690070400000,1.578e-05
1690099200000,3.411e-05
1690128000000,5.404e-05
1690156800000,0.0001
1690185600000,-8e-07
1690214400000,7.167e-05
1690243200000,8.389e-05
1690272000000,0.0001
1690300800000,7.49e-05
1690329600000,9.056e-05
1690358400001,6.753e-05
1690387200000,9.889e-05
1690416000000,0.0001
1690444800000,8.145e-05
1690473600001,3.967e-05
1690502400000,4.95e-05
1690531200000,5.36e-05
1690560000000,9.408e-05
1690588800000,0.0001
1690617600000,1.485e-05
1690646400001,0.0001
1690675200000,0.0001
1690704000000,1.949e-05
1690732800000,3.686e-05
1690761600000,4.9e-07
1690790400000,1.7e-06
1690819200001,4.221e-05
1690848000000,8.008e-05
1690876800000,3.03e-05
1690905600000,0.0001
1690934400000,0.0001
1690963200000,0.0001
1690992000000,0.0001
1691020800000,0.0001
1691049600000,0.0001
1691078400001,0.0001
1691107200000,0.0001
1691136000000,4.83e-05
1691164800000,0.0001
1691193600000,6.861e-05
1691222400000,9.22e-05
1691251200001,0.0001
1691280000000,0.0001
1691308800001,6.951e-05
1691337600005,4.934e-05
1691366400000,0.0001
1691395200000,9.331e-05
1691424000000,0.0001
1691452800000,6.695e-05
1691481600000,0.0001
1691510400000,4.942e-05
1691539200000,0.0001
1691568000000,1.575e-05
1691596800000,6.699e-05
1691625600001,8.799e-05
1691654400000,9.807e-05
1691683200000,8.989e-05
1691712000000,3.796e-05
1691740800000,7.02e-06
1691769600000,4.072e-05
1691798400000,6.253e-05
1691827200000,4.437e-05
1691856000000,6.868e-05
1691884800000,5.65e-05
1691913600000,3.083e-05
1691942400000,9.458e-05
1691971200001,0.0001
1692000000000,0.0001
1692028800000,9.882e-05
1692057600001,7.579e-05
1692086400000,9.894e-05
1692115200000,8.909e-05
1692144000000,7.286e-05
1692172800001,9.487e-05
1692201600000,0.0001
1692230400000,0.0001
1692259200000,7.426e-05
1692288000000,7.146e-05
1692316800000,-0.00017498
1692345600000,8.602e-05
1692374400000,2.951e-05
1692403200000,-4.58e-05
1692432000000,-7.861e-05
1692460800000,-8.349e-05
1692489600000,-0.00011445
1692518400000,-9.092e-05
1692547200000,-1.625e-05
1692576000000,-4.01e-05
1692604800000,-4.365e-05
1692633600000,5.92e-06
1692662400000,3.645e-05
1692691200000,-6.552e-05
1692720000000,-3.757e-05
1692748800000,-2.059e-05
1692777600000,-1.6e-06
1692806400000,3.34e-06
1692835200000,2.659e-05
1692864000000,-9.57e-06
1692892800000,-1.897e-05
1692921600000,-2.692e-05
1692950400000,-1.529e-05
1692979200000,4.98e-06
1693008000000,3.56e-05
1693036800000,-5.5e-07
1693065600000,-6.303e-05
1693094400000,3.99e-06
1693123200000,1.535e-05
1693152000000,2.696e-05
1693180800000,-1.76e-06
1693209600001,-4.85e-05
1693238400001,5.739e-05
1693267200000,3.145e-05
1693296000000,1.139e-05
1693324800000,-0.0001273
1693353600000,7.488e-05
1693382400000,7.249e-05
1693411200000,4.644e-05
1693440000000,3.628e-05
1693468800000,5.955e-05
1693497600000,2.375e-05
1693526400000,3.532e-05
1693555200000,-1.812e-05
1693584000001,2.457e-05
1693612800000,8.05e-06
1693641600000,-1.621e-05
1693670400000,6.05e-06
1693699200000,1.39e-05
1693728000000,-2.475e-05
1693756800000,-6.21e-06
1693785600000,-7.5e-07
1693814400000,-7.752e-05
1693843200000,9.8e-06
1693872000000,3.126e-05
1693900800000,2.9e-06
1693929600000,9.77e-06
1693958400000,2.88e-05
1693987200000,-3.144e-05
1694016000001,5.701e-05
1694044800000,4.502e-05
1694073600000,7.831e-05
1694102400000,4.354e-05
1694131200000,5.596e-05
1694160000000,2.685e-05
1694188800000,2.497e-05
1694217600000,5.008e-05
1694246400000,2.832e-05
1694275200000,4.629e-05
1694304000000,3.947e-05
1694332800000,1.527e-05
1694361600000,7.75e-06
1694390400000,4.838e-05
1694419200000,5.747e-05
1694448000001,-6.25e-06
1694476800000,-4.991e-05
1694505600000,-2.671e-05
1694534400000,-1.44e-06
1694563200000,2.004e-05
1694592000000,-3.26e-05
1694620800000,3.87e-05
1694649600000,-3.64e-05
1694678400001,3.172e-05
1694707200000,-5.6e-06
1694736000000,7.26e-06
1694764800000,-2.473e-05
1694793600000,3.877e-05
1694822400000,0.0001
1694851200000,9.3e-06
1694880000000,2.24e-06
1694908800000,2.272e-05
1694937600000,-9.41e-06
1694966400000,4.182e-05
1694995200000,6.22e-06
1695024000000,1.365e-05
1695052800000,2.976e-05
1695081600000,-1.298e-05
1695110400001,-1.248e-05
1695139200000,1.153e-05
1695168000000,4.614e-05
1695196800000,2.387e-05
1695225600000,2.909e-05
1695254400001,3.804e-05
1695283200000,7.655e-05
1695312000000,-6.38e-06
1695340800000,2.241e-05
1695369600000,2.865e-05
1695398400000,3.523e-05
1695427200000,2.817e-05
1695456000000,2.963e-05
1695484800000,2.321e-05
1695513600000,2.991e-05
1695542400000,-5.58e-06
1695571200000,4.671e-05
1695600000000,2.857e-05
1695628800000,4.305e-05
1695657600000,5.13e-05
1695686400000,6.471e-05
1695715200000,1.558e-05
1695744000000,5.673e-05
1695772800000,0.0001
1695801600001,6.67e-06
1695830400000,4.982e-05
1695859200000,8.17e-06
1695888000000,4.301e-05
1695916800000,2.239e-05
1695945600000,-3.93e-06
1695974400000,4.429e-05
1696003200000,1.2e-07
1696032000000,9.07e-06
1696060800000,-2.413e-05
1696089600000,1.168e-05
1696118400000,-1.276e-05
1696147200000,8.22e-06
1696176000000,3.599e-05
1696204800000,0.0001
1696233600000,6.308e-05
1696262400000,6.372e-05
1696291200000,3.9e-07
1696320000000,1.728e-05
1696348800000,7.087e-05
1696377600000,4.62e-05
1696406400000,7.38e-06
1696435200000,2.618e-05
1696464000000,2.065e-05
1696492800000,2.685e-05
1696521600001,2.072e-05
1696550400000,0.0001
1696579200000,8.473e-05
1696608000000,5.905e-05
1696636800000,8.468e-05
1696665600000,3.736e-05
1696694400000,3.615e-05
1696723200000,9.048e-05
1696752000001,9.246e-05
1696780800000,9.791e-05
1696809600000,0.0001
1696838400000,6.572e-05
1696867200000,3.935e-05
1696896000000,6.268e-05
1696924800000,8.857e-05
1696953600000,5.511e-05
1696982400000,2.257e-05
1697011200000,5.392e-05
1697040000000,4.725e-05
1697068800000,4.026e-05
1697097600000,2.69e-05
1697126400000,7.112e-05
1697155200000,3.69e-05
1697184000000,3.476e-05
1697212800000,2.693e-05
1697241600000,1.068e-05
1697270400000,3.108e-05
1697299200000,6.65e-05
1697328000000,7.083e-05
1697356800000,5.253e-05
1697385600000,2.062e-05
1697414400000,5.18e-05
1697443200000,4.393e-05
1697472000000,8.412e-05
1697500800000,1.957e-05
1697529600000,2.557e-05
1697558400000,6.742e-05
1697587200000,5.947e-05
1697616000000,1.385e-05
1697644800000,6.495e-05
1697673600000,4.251e-05
1697702400001,2.988e-05
1697731200000,5.842e-05
1697760000000,3.868e-05
1697788800005,5.912e-05
1697817600000,7.072e-05
1697846400000,4.902e-05
1697875200000,1.735e-05
1697904000000,3.771e-05
1697932800000,7.554e-05
1697961600000,2.649e-05
1697990400000,6.03e-06
1698019200000,9.262e-05
1698048000001,1.593e-05
1698076800001,1.883e-05
1698105600000,0.0001
1698134400000,0.0001
1698163200000,0.0001
1698192000000,0.0001
1698220800000,0.0001
1698249600001,0.0001
1698278400001,0.0001
1698307200000,0.0001
1698336000000,0.0001
1698364800000,0.0001
1698393600000,0.0001
1698422400000,0.0001
1698451200000,0.0001
1698480000001,0.0001
1698508800000,0.0001
1698537600000,0.0001
1698566400000,0.0001
1698595200000,0.0001
1698624000000,0.0001
1698652800000,0.0001
1698681600000,0.0001
1698710400001,0.0001
1698739200000,0.0001
1698768000000,0.0001
1698796800000,0.0001
1698825600000,0.0001
1698854400000,0.0001
1698883200001,0.00026784
1698912000000,0.00020558
1698940800000,0.0001
1698969600000,0.0001
1698998400000,0.0001
1699027200000,0.0001
1699056000000,0.0001
1699084800000,0.0001
1699113600000,0.0001
1699142400000,0.0001
1699171200000,0.0001
1699200000000,0.0001
1699228800000,0.0001
1699257600001,0.0001
1699286400000,0.0001
1699315200001,0.0001
1699344000000,0.0001
1699372800000,0.0001
1699401600000,0.0001
1699430400000,0.0001
1699459200000,0.0001
1699488000000,0.0001
1699516800000,0.0001
1699545600000,0.00071131
1699574400000,0.00027525
1699603200000,0.00041432
1699632000000,0.00012656
1699660800000,0.00013604
1699689600000,0.00013371
1699718400000,0.00027449
1699747200000,0.00016325
1699776000000,0.0001
1699804800001,0.00024299
1699833600000,0.0003299
1699862400000,0.00022787
1699891200000,0.00022833
1699920000000,0.00018828
1699948800000,0.00013623
1699977600001,0.0001
1700006400000,0.0001
1700035200000,0.0001
1700064000000,0.0001
1700092800000,0.0001
1700121600000,0.0001
1700150400001,0.0001
1700179200000,0.0001
1700208000001,0.0001
1700236800001,0.0001
1700265600000,0.0001
1700294400000,0.0001
1700323200000,0.0001
1700352000000,0.0001
1700380800000,0.0001
1700409600000,0.0001
1700438400000,0.0001
1700467200000,0.0001
1700496000000,0.0001
1700524800000,0.0001
1700553600000,0.0001
1700582400000,0.0001
1700611200000,0.0001
1700640000000,0.0001
1700668800000,0.0001
1700697600000,0.0001
1700726400000,0.0001
1700755200001,0.0001
1700784000000,0.0001
1700812800000,0.0001
1700841600000,0.0001
1700870400000,0.0001
1700899200000,0.0001
1700928000000,0.0001
1700956800000,0.0001
1700985600000,0.0001
1701014400000,0.0001
1701043200000,0.0001
1701072000001,0.0001
1701100800000,0.0001
1701129600000,0.0001
1701158400000,0.0001
1701187200000,0.0001
1701216000001,0.0001
1701244800000,0.0001
1701273600000,0.0001
1701302400000,0.0001
1701331200000,0.0001
1701360000000,0.0001
1701388800000,0.0001
1701417600000,0.0001
1701446400000,0.0001
1701475200000,0.0001
1701504000000,0.0001
1701532800000,0.0001
1701561600000,0.0001
1701590400000,0.0001
1701619200000,0.0001
1701648000000,0.0001
1701676800000,0.0001
1701705600000,0.0001
1701734400000,0.0001
1701763200000,0.0001
1701792000000,0.0001
1701820800000,0.0001
1701849600000,0.0001
1701878400000,0.0001
1701907200000,0.0001
1701936000000,0.0001
1701964800000,0.0001
1701993600000,0.00022693
1702022400000,0.00012399
1702051200000,0.00010417
1702080000000,0.00022528
1702108800000,0.00031293
1702137600000,0.00033485
1702166400000,0.00016658
1702195200000,0.00015944
1702224000000,0.00022842
1702252800000,0.00024112
1702281600000,0.0001
1702310400000,0.0001
1702339200000,0.0001
1702368000000,0.0001
1702396800000,0.0001
1702425600000,0.00012813
1702454400000,0.00015058
1702483200001,0.00010581
1702512000000,0.0001
1702540800000,0.0001
1702569600000,0.0001
1702598400000,0.0001
1702627200000,0.0001
1702656000000,0.00010419
1702684800000,0.0001
1702713600000,0.0001
1702742400001,0.0001
1702771200000,0.0001
1702800000000,0.0001
1702828800000,0.00011402
1702857600000,0.00015083
1702886400001,0.0001
1702915200000,0.0001
1702944000000,0.0001
1702972800000,0.0001
1703001600000,0.0001
1703030400000,0.0001
1703059200000,0.0001
1703088000000,0.00023154
1703116800000,0.00026163
1703145600000,0.0002655
1703174400000,0.00042074
1703203200000,0.00044152
1703232000000,0.00043341
1703260800000,0.00051141
1703289600000,0.0001854
1703318400001,0.00012586
1703347200000,0.00017945
1703376000000,0.00013318
1703404800000,0.00021857
1703433600000,0.00019769
1703462400000,0.00013827
1703491200000,0.00021479
1703520000000,0.0004388
1703548800000,0.00050051
1703577600000,0.00029501
1703606400000,0.00036888
1703635200000,0.0003153
1703664000000,0.00040955
1703692800000,0.00049072
1703721600000,0.00027263
1703750400000,0.00057135
1703779200000,0.00049862
1703808000001,0.00044508
1703836800000,0.00049499
1703865600000,0.00047123
1703894400001,0.00027255
1703923200000,0.00031443
1703952000000,0.00026513
1703980800000,0.00021714
1704009600001,0.00027824
1704038400000,0.00031621
1704067200000,0.00027858
1704096000000,0.00031096
1704124800000,0.00043011
1704153600000,0.00053505
1704182400000,0.0005124
1704211200000,0.00063801
1704240000000,0.00028538
1704268800000,0.00024384
1704297600000,0.0001
1704326400000,0.0001
1704355200000,0.0001
1704384000000,0.0001
1704412800001,0.0001
1704441600000,0.0001
1704470400000,0.0001
1704499200000,0.0001
1704528000000,0.0001
1704556800000,0.0001
1704585600000,0.0001
1704614400001,0.0001
1704643200001,0.0001
1704672000000,0.0001
1704700800000,0.0001
1704729600000,0.0001
1704758400001,0.0001
1704787200000,0.0001
1704816000000,0.0001
1704844800000,0.0001
1704873600000,0.0001
1704902400000,0.0001
1704931200000,0.0001
1704960000000,0.0001
1704988800000,0.0001
1705017600001,0.0001
1705046400000,0.0001
1705075200000,0.0001
1705104000000,0.0001
1705132800000,0.0001
1705161600001,0.0001
1705190400000,0.0001
1705219200000,0.0001
1705248000001,0.0001
1705276800000,0.0001
1705305600000,0.0001
1705334400000,0.0001
1705363200000,0.0001
1705392000000,0.0001
1705420800001,0.0001
1705449600000,0.0001
1705478400000,0.0001
1705507200000,0.0001
1705536000001,0.0001
1705564800000,0.0001
1705593600000,0.0001
1705622400000,0.0001
1705651200000,0.0001
1705680000002,0.0001
1705708800000,0.0001
1705737600003,0.0001
1705766400000,0.0001
1705795200000,0.0001
1705824000000,0.0001
1705852800000,0.0001
1705881600000,0.0001
1705910400000,0.0001
1705939200000,0.0001
1705968000000,0.0001
1705996800000,0.0001
1706025600000,0.0001
1706054400000,0.0001
1706083200000,0.0001
1706112000000,0.0001
1706140800000,0.0001
1706169600001,0.0001
1706198400000,0.0001
1706227200001,0.0001
1706256000000,0.0001
1706284800000,0.0001
1706313600000,6.877e-05
1706342400000,0.0001
1706371200000,0.0001
1706400000000,6.557e-05
1706428800000,6.135e-05
1706457600000,8.266e-05
1706486400000,0.0001
1706515200001,0.0001
1706544000000,0.0001
1706572800000,0.0001
1706601600000,6.195e-05
1706630400001,0.0001
1706659200000,0.0001
1706688000000,0.0001
1706716800000,0.0001
1706745600000,5.527e-05
1706774400000,7.871e-05
1706803200002,0.0001
1706832000000,0.0001
1706860800000,3.678e-05
1706889600000,0.0001
1706918400000,8.15e-05
1706947200000,0.0001
1706976000001,4.476e-05
1707004800000,3.18e-05
1707033600004,9.094e-05
1707062400000,0.0001
1707091200000,0.0001
1707120000000,0.0001
1707148800000,0.0001
1707177600000,5.691e-05
1707206400001,0.0001
1707235200000,0.0001
1707264000000,7.659e-05
1707292800000,4.883e-05
1707321600000,4.309e-05
1707350400000,0.0001
1707379200000,7.523e-05
1707408000000,9.802e-05
1707436800000,7.752e-05
1707465600000,0.0001
1707494400001,0.0001
1707523200001,7.838e-05
1707552000000,9.615e-05
1707580800000,9.995e-05
1707609600000,0.0001
1707638400001,0.0001
1707667200000,4.792e-05
1707696000000,5.076e-05
1707724800000,9.971e-05
1707753600000,0.0001
1707782400000,0.0001
1707811200000,0.0001
1707840000000,0.0001
1707868800000,0.0001
1707897600000,0.0001
1707926400000,0.00013082
1707955200000,0.0001
1707984000000,0.00012136
1708012800000,0.00015412
1708041600000,0.00011125
1708070400000,0.00011597
1708099200000,0.0001
1708128000000,0.0001
1708156800000,0.0001
1708185600000,0.00013519
1708214400000,0.0001
1708243200000,0.0001114
1708272000000,0.0001
1708300800000,0.0001
1708329600000,0.0001
1708358400000,0.0001
1708387200000,0.000265
1708416000000,0.0001
1708444800000,0.00025431
1708473600000,0.00020319
1708502400000,0.00011802
1708531200000,0.0001
1708560000001,0.0001
1708588800001,0.0001
1708617600000,0.0001
1708646400000,0.0001
1708675200000,0.0001
1708704000000,0.0001
1708732800000,0.0001
1708761600001,0.0001
1708790400000,0.0001
1708819200001,0.0001
1708848000000,0.00025856
1708876800000,0.0002111
1708905600000,0.00059496
1708934400000,0.00018258
1708963200000,0.00020172
1708992000000,0.00028561
1709020800000,0.00066751
1709049600000,0.00029666
1709078400000,0.00033546
1709107200000,0.00032021
1709136000000,0.00043581
1709164800000,0.00062574
1709193600000,0.00073381
1709222400000,0.00075727
1709251200000,0.0005304
1709280000000,0.00039096
1709308800000,0.00052446
1709337600000,0.00048856
1709366400001,0.00057488
1709395200000,0.00055344
1709424000000,0.00039105
1709452800000,0.00038668
1709481600000,0.00037021
1709510400000,0.00041907
1709539200000,0.00028996
1709568000000,0.00050061
1709596800000,0.00038776
1709625600000,0.00101724
1709654400000,0.00082409
1709683200000,0.0002058
1709712000001,0.00038362
1709740800000,0.00040511
1709769600000,0.00035699
1709798400000,0.00039169
1709827200000,0.00044218
1709856000000,0.00042931
1709884800000,0.00057985
1709913600000,0.00048823
1709942400000,0.00033201
1709971200001,0.0003653
1710000000000,0.00035498
1710028800000,0.00034688
1710057600000,0.00049375
1710086400000,0.00029818
1710115200000,0.00029368
1710144000000,0.00067235
1710172800000,0.00064296
1710201600000,0.00068106
1710230400000,0.00037542
1710259200000,0.00048306
1710288000000,0.00046983
1710316800001,0.00060121
1710345600000,0.00044242
1710374400001,0.00040995
1710403200000,0.00050365
1710432000000,0.00035217
1710460800000,0.00040271
1710489600000,0.00023171
1710518400000,0.00033557
1710547200000,0.00018856
1710576000000,0.0002749
1710604800000,0.00028914
1710633600000,0.00013396
1710662400000,0.00011824
1710691200000,0.00030376
1710720000000,0.00017304
1710748800000,0.00026393
1710777600001,0.00029608
1710806400000,0.00028148
1710835200000,0.00023311
1710864000001,0.00013469
1710892800000,0.00016096
1710921600004,0.0001
1710950400000,0.0001
1710979200000,0.00019507
1711008000000,0.00013771
1711036800000,0.00017743
1711065600000,0.00022775
1711094400000,0.00023317
1711123200000,0.00016092
1711152000000,0.00010552
1711180800000,0.00012459
1711209600000,0.00013906
1711238400000,0.00012767
1711267200000,0.00017907
1711296000000,0.00017171
1711324800000,0.00020242
1711353600001,0.00011009
1711382400000,0.00022958
1711411200000,0.00039028
1711440000000,0.00018
1711468800000,0.00026242
1711497600000,0.00024667
1711526400001,0.00021635
1711555200000,0.00035332
1711584000000,0.00038952
1711612800000,0.00035672
1711641600000,0.00036879
1711670400000,0.00034117
1711699200000,0.00030332
1711728000000,0.00037327
1711756800000,0.00024188
1711785600000,0.00024854
1711814400000,0.00045204
1711843200000,0.00026461
1711872000000,0.00065366
1711900800001,0.00058292
1711929600000,0.00060909
1711958400000,0.00035798
1711987200000,0.00019362
1712016000007,0.00015034
1712044800015,0.0001
1712073600000,0.00012642
1712102400000,0.0001
1712131200000,0.0001
1712160000000,0.0001
1712188800000,0.0001
1712217600000,0.0001
1712246400000,0.0001
1712275200000,0.0001
1712304000000,0.0001
1712332800000,0.0001
1712361600000,0.00016732
1712390400000,0.0001
1712419200000,0.0001
1712448000000,0.0001
1712476800000,0.0001
1712505600000,0.0001
1712534400001,0.0001
1712563200000,0.0001
1712592000006,0.00031896
1712620800000,0.00024848
1712649600001,0.00010159
1712678400001,0.00015222
1712707200000,0.00018733
1712736000001,0.00015363
1712764800000,0.00013253
1712793600000,0.0001
1712822400000,0.00015483
1712851200000,0.0001
1712880000000,0.0001
1712908800001,0.0001
1712937600000,0.0001
1712966400000,0.0001
1712995200000,0.0001
1713024000001,0.0001
1713052800000,0.0001
1713081600000,0.0001
1713110400000,0.0001
1713139200000,0.0001
1713168000001,5.422e-05
1713196800000,8.871e-05
1713225600001,7.898e-05
1713254400000,8.536e-05
1713283200000,5.787e-05
1713312000000,9.805e-05
1713340800000,5.11e-06
1713369600000,4.92e-06
1713398400000,3.509e-05
1713427200000,2.246e-05
1713456000000,6.353e-05
1713484800001,3.973e-05
1713513600000,8.503e-05
1713542400000,5.417e-05
1713571200000,0.0001
1713600000000,2.386e-05
1713628800000,5.114e-05
1713657600000,5.559e-05
1713686400000,-6.27e-06
1713715200000,4.395e-05
1713744000000,3.417e-05
1713772800000,4.908e-05
1713801600000,-1.974e-05
1713830400000,6.74e-06
1713859200000,1.147e-05
1713888000001,6.979e-05
1713916800000,4.713e-05
1713945600000,1.937e-05
1713974400000,4.804e-05
1714003200000,4.66e-06
1714032000000,1.706e-05
1714060800010,0.0001
1714089600001,1.631e-05
1714118400000,3.847e-05
1714147200000,4.582e-05
1714176000000,0.0001
1714204800001,7.026e-05
1714233600000,2.355e-05
1714262400000,9.322e-05
1714291200000,8.3e-05
1714320000000,8.272e-05
1714348800000,8.816e-05
1714377600000,0.0001
1714406400000,5.981e-05
1714435200000,7.518e-05
1714464000000,7.389e-05
1714492800000,3.887e-05
1714521600000,1.865e-05
1714550400000,4.89e-05
1714579200000,7.347e-05
1714608000000,-8.6e-07
1714636800000,9.579e-05
1714665600002,7.757e-05
1714694400000,4.044e-05
1714723200000,2.157e-05
1714752000000,3.457e-05
1714780800000,4.29e-05
1714809600000,8.465e-05
1714838400000,7.001e-05
1714867200000,8.848e-05
1714896000000,9.394e-05
1714924800000,5.578e-05
1714953600000,5.569e-05
1714982400000,0.0001
1715011200000,9.025e-05
1715040000000,7.342e-05
1715068800000,4.028e-05
1715097600000,6.978e-05
1715126400000,7.764e-05
1715155200000,7.236e-05
1715184000000,0.0001
1715212800000,0.0001
1715241600000,0.0001
1715270400000,0.0001
1715299200000,9.04e-05
1715328000000,0.0001
1715356800000,5.137e-05
1715385600000,7.578e-05
1715414400000,6.69e-05
1715443200000,8.517e-05
1715472000000,8.01e-05
1715500800000,7.264e-05
1715529600000,6.269e-05
1715558400001,5.829e-05
1715587200001,0.0001
1715616000000,0.0001
1715644800000,0.0001
1715673600000,8.14e-05
1715702400000,9.124e-05
1715731200000,0.0001
1715760000000,8.171e-05
1715788800000,9.162e-05
1715817600004,0.0001
1715846400000,6.453e-05
1715875200000,5.401e-05
1715904000000,5.324e-05
1715932800000,8.531e-05
1715961600000,4.333e-05
1715990400000,7.513e-05
1716019200000,3.431e-05
1716048000000,7.815e-05
1716076800000,7.388e-05
1716105600000,3.451e-05
1716134400000,8.825e-05
1716163200000,9.672e-05
1716192000000,1.916e-05
1716220800003,4.643e-05
1716249600000,0.0001
1716278400001,0.00019404
1716307200000,0.0001
1716336000000,0.00012452
1716364800000,0.00015189
1716393600000,0.0001
1716422400000,0.0001
1716451200000,0.0001
1716480000000,0.0001
1716508800000,0.0001
1716537600000,0.0001
1716566400000,0.0001
1716595200000,0.0001
1716624000000,0.0001
1716652800000,0.0001
1716681600000,0.0001
1716710400000,0.0001
1716739200000,0.0001
1716768000000,0.0001
1716796800000,0.0001
1716825600000,0.0001
1716854400000,0.0001
1716883200000,0.0001
1716912000000,0.0001219
1716940800001,0.00017485
1716969600000,0.0001
1716998400000,0.000177
1717027200000,0.00025357
1717056000000,0.00014202
1717084800000,0.00018706
1717113600000,0.0001
1717142400000,0.00010793
1717171200000,0.00012319
1717200000000,0.00017131
1717228800000,0.00013009
1717257600001,0.00011557
1717286400000,0.00015695
1717315200000,0.0001
1717344000000,0.0001
1717372800000,0.00012702
1717401600000,0.00015803
1717430400000,0.00012815
1717459200000,0.0001
1717488000000,0.0001
1717516800000,0.000108
1717545600000,0.00016969
1717574400000,0.0001
1717603200000,0.00010659
1717632000000,0.00019461
1717660800008,0.00020328
1717689600000,0.00014989
1717718400000,0.00016105
1717747200000,0.00013228
1717776000000,0.00017029
1717804800000,0.0001
1717833600000,0.0001
1717862400000,0.0001
1717891200000,0.0001
1717920000000,0.0001
1717948800001,0.0001
1717977600000,0.0001
1718006400000,0.0001
1718035200001,0.0001
1718064000001,0.0001
1718092800000,0.0001
1718121600000,0.0001
1718150400000,0.0001
1718179200000,0.0001
1718208000000,0.0001
1718236800000,0.0001
1718265600001,0.0001
1718294400000,0.0001
1718323200000,0.0001
1718352000000,0.0001
1718380800000,0.0001
1718409600000,0.0001
1718438400000,0.0001
1718467200000,0.0001
1718496000001,0.0001
1718524800000,0.0001
1718553600000,0.0001
1718582400000,0.0001
1718611200000,0.0001
1718640000000,9.137e-05
1718668800000,6.649e-05
1718697600000,7.836e-05
1718726400000,6.211e-05
1718755200001,0.0001
1718784000001,0.0001
1718812800000,6.122e-05
1718841600000,0.0001
1718870400000,6.409e-05
1718899200000,3.148e-05
1718928000000,7.46e-06
1718956800000,2.103e-05
1718985600000,0.0001
1719014400000,4.564e-05
1719043200000,5.837e-05
1719072000000,3.914e-05
1719100800000,6.71e-05
1719129600000,4.594e-05
1719158400000,3.591e-05
1719187200002,7.672e-05
1719216000000,0.0001
1719244800000,7.41e-05
1719273600000,0.0001
1719302400000,0.0001
1719331200000,0.0001
1719360000002,0.0001
1719388800000,0.0001
1719417600000,0.0001
1719446400000,0.0001
1719475200001,0.0001
1719504000000,0.0001
1719532800000,0.0001
1719561600000,0.0001
1719590400000,0.0001
1719619200001,0.0001
1719648000000,0.0001
1719676800000,0.0001
1719705600000,0.0001
1719734400000,0.0001
1719763200000,0.0001
1719792000000,0.0001
1719820800000,0.0001
1719849600001,0.0001
1719878400000,0.0001
1719907200000,0.0001
1719936000000,0.0001
1719964800000,0.0001
1719993600001,0.0001
1720022400000,0.0001
1720051200000,0.0001
1720080000000,0.0001
1720108800000,0.0001
1720137600000,0.0001
1720166400000,9.55e-05
1720195200000,4.923e-05
1720224000000,9.007e-05
1720252800000,6.597e-05
1720281600000,5.847e-05
1720310400001,3.941e-05
1720339200000,8.938e-05
1720368000000,5.389e-05
1720396800000,0.0001
1720425600000,3.423e-05
1720454400000,9.357e-05
1720483200000,5.681e-05
1720512000001,1.078e-05
1720540800000,7.754e-05
1720569600000,3.746e-05
1720598400000,1.713e-05
1720627200000,0.0001
1720656000002,4.282e-05
1720684800002,8.656e-05
1720713600004,5.603e-05
1720742400000,0.0001
1720771200000,4.73e-05
1720800000000,7.154e-05
1720828800000,0.0001
1720857600000,0.0001
1720886400000,7.584e-05
1720915200000,0.0001
1720944000000,6.352e-05
1720972800000,3.194e-05
1721001600000,9.653e-05
1721030400000,4.043e-05
1721059200000,4.69e-05
1721088000000,2.643e-05
1721116800000,9.799e-05
1721145600000,6.395e-05
1721174400000,5.824e-05
1721203200001,8.064e-05
1721232000000,6.113e-05
1721260800000,0.0001
1721289600000,6.727e-05
1721318400000,3.237e-05
1721347200000,4.387e-05
1721376000000,8.153e-05
1721404800000,0.0001
1721433600001,5.271e-05
1721462400000,8.573e-05
1721491200000,2.468e-05
1721520000000,0.0001
1721548800000,1.524e-05
1721577600000,6.721e-05
1721606400000,9.867e-05
1721635200000,7.749e-05
1721664000000,2.82e-05
1721692800000,7.792e-05
1721721600000,0.0001
1721750400000,9.013e-05
1721779200000,7.865e-05
1721808000000,8.396e-05
1721836800000,6.706e-05
1721865600000,9.46e-05
1721894400000,2.04e-06
1721923200000,3.72e-05
1721952000000,3.903e-05
1721980800000,4.196e-05
1722009600000,4.001e-05
1722038400000,3.05e-05
1722067200000,7.422e-05
1722096000000,1.78e-05
1722124800000,0.0001
1722153600000,0.0001
1722182400001,0.0001
1722211200001,8.174e-05
1722240000000,0.0001
1722268800001,0.0001
1722297600000,0.0001
1722326400001,0.0001
1722355200000,0.0001
1722384000000,0.0001
1722412800000,0.0001
1722441600000,0.0001
1722470400000,0.0001
1722499200000,5.973e-05
1722528000000,0.0001
1722556800000,7.641e-05
1722585600001,7.771e-05
1722614400000,3.785e-05
1722643200000,8.493e-05
1722672000000,2.92e-05
1722700800001,4.82e-05
1722729600000,4.181e-05
1722758400000,1.635e-05
1722787200000,6.815e-05
1722816000000,-1.7e-05
1722844800000,-4.58e-06
1722873600000,-5.766e-05
1722902400000,-2.276e-05
1722931200000,-0.00010667
1722960000000,-1.11e-05
1722988800000,-4.25e-05
1723017600001,-6.16e-06
1723046400000,-4.478e-05
1723075200001,-4.377e-05
1723104000000,-1.083e-05
1723132800000,-3.437e-05
1723161600000,1.139e-05
1723190400000,4.212e-05
1723219200000,-2.753e-05
1723248000000,-4.249e-05
1723276800000,3.504e-05
1723305600000,1.614e-05
1723334400000,-8.82e-06
1723363200000,9.73e-06
1723392000001,3.46e-06
1723420800000,1.047e-05
1723449600000,6.766e-05
1723478400000,6.424e-05
1723507200000,7.892e-05
1723536000000,-6.036e-05
1723564800000,-4.532e-05
1723593600000,5.55e-06
1723622400000,3.166e-05
1723651200000,-3.462e-05
1723680000000,5.044e-05
1723708800000,7.775e-05
1723737600000,6.62e-06
1723766400000,-1.182e-05
1723795200000,2.105e-05
1723824000000,3.363e-05
1723852800000,2.448e-05
1723881600000,-2.485e-05
1723910400000,-3.471e-05
1723939200000,7.82e-06
1723968000000,-4.706e-05
1723996800000,-1.42e-06
1724025600000,-3.66e-05
1724054400000,8.59e-06
1724083200002,-1.53e-05
1724112000000,9.69e-06
1724140800000,1.977e-05
1724169600001,-2.726e-05
1724198400001,1.33e-05
1724227200000,2.306e-05
1724256000001,4.139e-05
1724284800000,-9.46e-06
1724313600000,3.544e-05
1724342400008,2.01e-05
1724371200000,6.601e-05
1724400000000,6.071e-05
1724428800000,-1.72e-06
1724457600000,-1.504e-05
1724486400005,9.7e-06
1724515200000,5.81e-06
1724544000000,-3.389e-05
1724572800000,3.311e-05
1724601600000,2.579e-05
1724630400000,2.145e-05
1724659200001,5.677e-05
1724688000000,6.339e-05
1724716800001,9.438e-05
1724745600000,5.093e-05
1724774400000,7.429e-05
1724803200000,-6.098e-05
1724832000000,-7.62e-06
1724860800001,1.459e-05
1724889600000,1.16e-05
1724918400001,2.12e-06
1724947200000,-4.09e-06
1724976000000,5.49e-05
1725004800000,3.483e-05
1725033600000,1.032e-05
1725062400000,7.976e-05
1725091200000,7.237e-05
1725120000000,7.811e-05
1725148800000,4.499e-05
1725177600001,5.272e-05
1725206400000,4.183e-05
1725235200001,-2.406e-05
1725264000001,3.904e-05
1725292800000,7.064e-05
1725321600000,5.67e-05
1725350400001,4.883e-05
1725379200000,5.216e-05
1725408000000,8.054e-05
1725436800000,-1.109e-05
1725465600000,5.833e-05
1725494400000,4.539e-05
1725523200000,2.41e-05
1725552000005,3.166e-05
1725580800000,3.662e-05
1725609600001,4.871e-05
1725638400000,4.007e-05
1725667200000,2.41e-06
1725696000000,-5.37e-06
1725724800000,2.652e-05
1725753600000,5.363e-05
1725782400000,3.089e-05
1725811200000,1.827e-05
1725840000000,7.67e-06
1725868800000,3.085e-05
1725897600001,-1.156e-05
1725926400000,1.082e-05
1725955200000,-3.453e-05
1725984000000,2.28e-06
1726012800000,2.484e-05
1726041600000,1.804e-05
1726070400000,-1.796e-05
1726099200000,2.592e-05
1726128000000,2.496e-05
1726156800000,1.134e-05
1726185600000,4.291e-05
1726214400001,5.003e-05
1726243200001,5.073e-05
1726272000000,8.45e-06
1726300800000,-4.15e-06
1726329600001,1.35e-06
1726358400000,-2.67e-06
1726387200000,1.355e-05
1726416000000,2.131e-05
1726444800000,3.228e-05
1726473600001,-6.942e-05
1726502400000,-1.149e-05
1726531200001,7.742e-05
1726560000000,2.423e-05
1726588800000,5.73e-05
1726617600000,4.792e-05
1726646400000,3.074e-05
1726675200004,2.329e-05
1726704000000,7.727e-05
1726732800000,8.266e-05
1726761600001,2.391e-05
1726790400000,0.0001
1726819200001,9.734e-05
1726848000000,0.0001
1726876800001,6.668e-05
1726905600000,6.665e-05
1726934400000,4.536e-05
1726963200000,4.896e-05
1726992000000,5.198e-05
1727020800000,0.0001
1727049600000,2.548e-05
1727078400000,6.821e-05
1727107200000,6.476e-05
1727136000000,3.85e-05
1727164800000,4.791e-05
1727193600001,4.739e-05
1727222400000,2.445e-05
1727251200003,5.722e-05
1727280000000,3.538e-05
1727308800005,7.493e-05
1727337600000,8.119e-05
1727366400000,0.0001
1727395200000,9.625e-05
1727424000000,7.694e-05
1727452800000,6.276e-05
1727481600000,0.0001
1727510400001,6.231e-05
1727539200000,7.162e-05
1727568000001,3.315e-05
1727596800000,6.785e-05
1727625600000,8.854e-05
1727654400000,6.161e-05
1727683200001,8.62e-05
1727712000000,0.0001
1727740800000,0.0001
1727769600000,0.0001
1727798400001,8.397e-05
1727827200000,0.0001
1727856000000,6.859e-05
1727884800000,0.0001
1727913600000,2.418e-05
1727942400000,4.124e-05
1727971200000,4.621e-05
1728000000000,5.138e-05
1728028800000,3.739e-05
1728057600001,3.9e-05
1728086400000,0.0001
1728115200000,7.909e-05
1728144000000,5.458e-05
1728172800000,9.056e-05
1728201600001,5.234e-05
1728230400000,3.309e-05
1728259200000,3.36e-05
1728288000000,9.258e-05
1728316800001,2.612e-05
1728345600000,6.592e-05
1728374400000,0.0001
1728403200000,8.377e-05
1728432000000,0.0001
1728460800000,3.64e-05
1728489600000,0.0001
1728518400000,6.663e-05
1728547200000,0.0001
1728576000000,0.0001
1728604800000,0.0001
1728633600000,9.474e-05
1728662400001,5.977e-05
1728691200000,4.445e-05
1728720000001,0.0001
1728748800000,7.35e-05
1728777600000,7.928e-05
1728806400000,3.958e-05
1728835200000,1.763e-05
1728864000000,6.559e-05
1728892800000,0.0001
1728921600000,0.0001
1728950400000,0.0001
1728979200000,0.0001
1729008000000,0.0001
1729036800000,0.0001
1729065600001,0.0001
1729094400000,0.0001
1729123200000,0.0001
1729152000000,0.0001
1729180800001,0.0001
1729209600010,0.0001
1729238400001,0.0001
1729267200000,0.0001
1729296000000,0.0001
1729324800000,0.0001
1729353600000,0.0001
1729382400000,0.0001
1729411200000,0.0001
1729440000000,0.0001
1729468800000,0.0001
1729497600000,0.0001
1729526400000,0.0001
1729555200000,0.0001
1729584000000,0.0001
1729612800000,0.0001
1729641600000,0.0001
1729670400000,0.0001
1729699200000,0.0001
1729728000000,0.0001
1729756800000,0.0001
1729785600000,0.0001
1729814400000,0.0001
1729843200000,0.0001
1729872000000,0.0001
1729900800000,0.0001
1729929600001,0.0001
1729958400000,0.0001
1729987200000,0.0001
1730016000000,0.0001
1730044800000,0.0001
1730073600000,0.0001
1730102400001,0.0001
1730131200000,0.0001
1730160000000,0.0001
1730188800000,0.0001
1730217600004,0.0001
1730246400000,0.0001
1730275200000,0.0001
1730304000013,0.0001
1730332800000,0.0001
1730361600000,0.0001
1730390400000,0.0001
1730419200000,0.0001
1730448000000,0.0001
1730476800000,0.0001
1730505600000,0.0001
1730534400000,0.0001
1730563200000,0.0001
1730592000000,0.0001
1730620800000,0.0001
1730649600000,0.0001
1730678400000,0.0001
1730707200000,0.0001
1730736000000,0.0001
1730764800000,0.0001
1730793600003,0.0001
1730822400001,0.0001
1730851200000,9.511e-05
1730880000000,0.0001
1730908800000,0.0001
1730937600000,0.0001
1730966400000,0.00014885
1730995200000,0.0001
1731024000000,0.0001
1731052800000,0.0001
1731081600000,0.0001
1731110400000,0.0001
1731139200000,0.0001
1731168000000,0.0001
1731196800000,0.0001
1731225600000,0.0001
1731254400000,0.00026708
1731283200001,0.00028976
1731312000000,0.0001881
1731340800000,0.00017298
1731369600002,0.00017687
1731398400000,0.0005762
1731427200000,0.00046001
1731456000000,0.00013607
1731484800010,0.00033556
1731513600000,0.00012894
1731542400001,0.0001058
1731571200000,0.0001
1731600000000,0.0001
1731628800000,0.00013133
1731657600000,0.00013108
1731686400000,0.0001
1731715200001,0.00018215
1731744000001,0.0001
1731772800000,0.00011351
1731801600000,0.0001
1731830400000,0.0001
1731859200001,0.00019685
1731888000000,0.00019865
1731916800000,0.00031651
1731945600000,0.00019762
1731974400000,0.00040458
1732003200000,0.00021234
1732032000000,0.00015353
1732060800003,0.00017369
1732089600000,0.00019505
1732118400000,0.00013619
1732147200001,0.0001
1732176000000,0.0001
1732204800001,0.00020146
1732233600000,0.0003418
1732262400000,0.00029201
1732291200001,0.00022123
1732320000000,0.00015103
1732348800000,0.00032558
1732377600000,0.00037006
1732406400001,0.00027011
1732435200000,0.00023721
1732464000000,0.00027264
1732492800000,0.00017259
1732521600000,0.00023935
1732550400000,0.00031797
1732579200000,0.0002448
1732608000000,0.0001227
1732636800000,0.0001819
1732665600000,0.00021068
1732694400000,0.00020895
1732723200001,0.00015706
1732752000000,0.00015948
1732780800000,0.0001647
1732809600000,0.0001
1732838400000,0.0001
1732867200000,0.00015354
1732896000000,0.0001
1732924800000,0.00017097
1732953600000,0.0002474
1732982400000,0.00012425
1733011200000,0.00011863
1733040000000,0.00013737
1733068800000,0.00015064
1733097600001,0.00036131
1733126400001,0.0002931
1733155200000,0.00028383
1733184000000,0.00026464
1733212800000,0.00034689
1733241600000,0.00014297
1733270400000,0.00018732
1733299200000,0.00015899
1733328000000,0.00019842
1733356800001,0.00023652
1733385600000,0.00049482
1733414400000,0.00031177
1733443200000,0.00014294
1733472000000,0.0002554
1733500800000,0.0002635
1733529600000,0.0003059
1733558400000,0.00024299
1733587200000,0.00023099
1733616000000,0.00020864
1733644800000,0.00023941
1733673600000,0.00018574
1733702400000,0.00020272
1733731200000,0.0001
1733760000001,0.00013421
1733788800007,0.0001
1733817600000,0.0001
1733846400000,0.0001
1733875200000,0.0001
1733904000000,0.0001
1733932800001,0.0001
1733961600001,0.0001
1733990400000,0.0001
1734019200001,0.0001
1734048000000,0.0001
1734076800000,0.0001
1734105600001,0.0001
1734134400000,0.0001
1734163200000,0.0001
1734192000000,0.0001
1734220800000,0.0001
1734249600000,0.0001
1734278400000,9.404e-05
1734307200000,8.662e-05
1734336000001,0.0001
1734364800000,0.0001
1734393600000,0.0001
1734422400000,0.0001
1734451200000,0.0001
1734480000000,8.046e-05
1734508800000,0.0001
1734537600000,0.0001
1734566400000,6.104e-05
1734595200000,7.438e-05
1734624000000,7.373e-05
1734652800000,0.0001
1734681600001,0.0001
1734710400014,0.0001
1734739200000,6.352e-05
1734768000000,0.0001
1734796800001,0.0001
1734825600000,0.0001
1734854400000,0.0001
1734883200000,5.37e-05
1734912000000,5.686e-05
1734940800000,5.398e-05
1734969600001,8.674e-05
1734998400000,0.0001
1735027200000,8.121e-05
1735056000001,2.757e-05
1735084800001,4.454e-05
1735113600000,6.55e-05
1735142400000,1.254e-05
1735171200000,0.0001
1735200000000,0.0001
1735228800000,6.305e-05
1735257600000,0.0001
1735286400000,8.428e-05
1735315200000,5.349e-05
1735344000001,0.0001
1735372800000,0.0001
1735401600000,9.336e-05
1735430400000,5.941e-05
1735459200000,5.146e-05
1735488000000,9.485e-05
1735516800000,0.0001
1735545600001,0.0001
1735574400000,0.0001
1735603200000,0.0001
1735632000000,8.514e-05
1735660800000,0.0001
1735689600015,0.0001
1735718400000,0.0001
1735747200001,0.0001
1735776000000,0.0001
1735804800006,0.0001
1735833600000,0.0001
1735862400000,0.0001
1735891200000,0.0001
1735920000000,0.0001
1735948800000,0.0001
1735977600000,0.0001
1736006400000,0.0001
1736035200000,0.0001
1736064000000,0.0001
1736092800000,0.0001
1736121600000,0.0001
1736150400001,0.0001
1736179200000,0.0001
1736208000000,0.0001
1736236800000,0.0001
1736265600008,0.0001
1736294400001,9.658e-05
1736323200000,0.0001
1736352000000,0.0001
1736380800000,6.609e-05
1736409600000,0.0001
1736438400000,0.0001
1736467200000,7.573e-05
1736496000000,6.162e-05
1736524800000,0.0001
1736553600000,6.574e-05
1736582400000,5.65e-05
1736611200000,0.0001
1736640000000,0.0001
1736668800000,0.0001
1736697600000,8.134e-05
1736726400000,0.0001
1736755200000,9.353e-05
1736784000000,3.392e-05
1736812800000,5.423e-05
1736841600000,7.452e-05
1736870400000,7.652e-05
1736899200000,4.503e-05
1736928000000,5.924e-05
1736956800000,5.443e-05
1736985600000,0.0001
1737014400000,8.311e-05
1737043200000,5.275e-05
1737072000004,0.0001
1737100800000,0.0001
1737129600008,0.0001
1737158400000,0.0001
1737187200007,0.0001
1737216000000,0.0001
1737244800000,0.0001
1737273600000,0.0001
1737302400000,0.0001
1737331200000,0.0001
1737360000009,0.0001
1737388800000,0.0001
1737417600000,0.0001
1737446400000,0.0001
1737475200000,0.0001
1737504000000,0.0001
1737532800000,0.0001
1737561600000,0.0001
1737590400001,0.0001
1737619200000,0.0001
1737648000000,0.0001
1737676800000,0.0001
1737705600000,0.0001
1737734400000,0.0001
1737763200000,6.904e-05
1737792000000,7.065e-05
1737820800001,8.41e-05
1737849600000,9.663e-05
1737878400000,9.725e-05
1737907200000,3.849e-05
1737936000000,-2.76e-06
1737964800000,3.922e-05
1737993600000,3.069e-05
1738022400000,0.0001
1738051200000,4.046e-05
1738080000000,5.904e-05
1738108800000,0.0001
1738137600000,6.567e-05
1738166400000,8.686e-05
1738195200000,2.287e-05
1738224000000,0.0001
1738252800000,7.055e-05
1738281600000,9.386e-05
1738310400000,7.998e-05
1738339200000,0.0001
1738368000000,8.432e-05
1738396800000,9.742e-05
1738425600000,3.573e-05
1738454400001,7.609e-05
1738483200000,0.0001
1738512000000,2.6e-05
1738540800000,3.237e-05
1738569600000,-0.00016657
1738598400000,-0.00025121
1738627200000,-0.00010653
1738656000001,1.07e-05
1738684800000,-8.177e-05
1738713600001,-8.329e-05
1738742400001,5.754e-05
1738771200000,-2.404e-05
1738800000001,4.939e-05
1738828800001,-5.35e-06
1738857600000,-7.747e-05
1738886400000,2.439e-05
1738915200000,2.905e-05
1738944000000,-1.197e-05
1738972800000,-1.894e-05
1739001600000,9.532e-05
1739030400000,6.93e-05
1739059200000,-3.64e-06
1739088000000,5.479e-05
1739116800000,5.02e-05
1739145600000,9.11e-06
1739174400000,7.074e-05
1739203200000,5.396e-05
1739232000000,-5.72e-06
1739260800000,4.26e-05
1739289600000,-1.236e-05
1739318400000,6.151e-05
1739347200000,3.35e-05
1739376000001,8.407e-05
1739404800001,9.54e-05
1739433600000,0.0001
1739462400001,1.027e-05
1739491200000,2.39e-06
1739520000001,8.242e-05
1739548800000,7.834e-05
1739577600000,4.385e-05
1739606400000,3.822e-05
1739635200000,8.44e-06
1739664000000,3.859e-05
1739692800000,5.945e-05
1739721600000,3.775e-05
1739750400000,3.649e-05
1739779200000,5.61e-05
1739808000000,0.0001
1739836800000,4.742e-05
1739865600000,-1.595e-05
1739894400000,5.441e-05
1739923200000,4.964e-05
1739952000000,7.273e-05
1739980800000,3.185e-05
1740009600000,-2.07e-06
1740038400000,5.629e-05
1740067200000,6.405e-05
1740096000001,3.574e-05
1740124800000,6.624e-05
1740153600000,4.228e-05
1740182400000,3.254e-05
1740211200000,-1.427e-05
1740240000000,3.41e-05
1740268800000,9.726e-05
1740297600000,3.796e-05
1740326400000,2.13e-06
1740355200000,7.127e-05
1740384000000,9.24e-06
1740412800000,3.082e-05
1740441600000,-3.589e-05
1740470400000,4.71e-06
1740499200000,2.913e-05
1740528000000,1.86e-05
1740556800000,6.103e-05
1740585600000,3.433e-05
1740614400001,8.515e-05
1740643200000,0.0001
1740672000000,5.027e-05
1740700800001,4.097e-05
1740729600000,1.219e-05
1740758400000,1.248e-05
1740787200000,4.855e-05
1740816000000,-1.061e-05
1740844800001,-9.31e-06
1740873600000,3.173e-05
1740902400000,6.221e-05
1740931200000,6.102e-05
1740960000001,-7.88e-06
1740988800000,3.061e-05
1741017600000,6.25e-06
1741046400001,-4.308e-05
1741075200005,-3.762e-05
1741104000000,2.04e-06
1741132800000,6.417e-05
1741161600000,7.146e-05
1741190400000,2.539e-05
1741219200000,-1.037e-05
1741248000001,1.125e-05
1741276800000,2.685e-05
1741305600000,-2.474e-05
1741334400001,2.874e-05
1741363200000,5.628e-05
1741392000000,3.124e-05
1741420800001,3.76e-05
1741449600001,6.837e-05
1741478400001,6.871e-05
1741507200000,3.637e-05
1741536000000,-1.3e-07
1741564800000,-4.249e-05
1741593600000,2.575e-05
1741622400000,3.433e-05
1741651200000,-4.045e-05
1741680000000,2.173e-05
1741708800001,7.553e-05
1741737600000,1.672e-05
1741766400000,1.107e-05
1741795200001,-3.413e-05
1741824000000,2.931e-05
1741852800000,-5e-08
1741881600000,4.218e-05
1741910400000,2.744e-05
1741939200000,7.681e-05
1741968000000,5.537e-05
1741996800000,2.924e-05
1742025600000,5.445e-05
1742054400000,1.25e-05
1742083200000,-3.041e-05
1742112000000,-2.357e-05
1742140800000,-2.967e-05
1742169600000,2.057e-05
1742198400000,5.669e-05
1742227200000,3.697e-05
1742256000000,5.319e-05
1742284800000,4.099e-05
1742313600000,1.465e-05
1742342400000,5.983e-05
1742371200000,8.986e-05
1742400000000,6.676e-05
1742428800000,-1.704e-05
1742457600000,1.553e-05
1742486400000,-8.57e-06
1742515200000,5.235e-05
1742544000000,6.749e-05
1742572800000,2.613e-05
1742601600000,-1.402e-05
1742630400004,-2.617e-05
1742659200000,2.587e-05
1742688000000,1.553e-05
1742716800000,6.053e-05
1742745600000,-3.36e-06
1742774400000,-1.29e-05
1742803200000,9.456e-05
1742832000000,3.069e-05
1742860800001,6.736e-05
1742889600000,1.456e-05
1742918400000,-4.75e-06
1742947200000,2.976e-05
1742976000000,1.074e-05
1743004800001,-2.235e-05
1743033600001,4.542e-05
1743062400001,7.427e-05
1743091200002,3.127e-05
1743120000001,6.551e-05
1743148800001,-2.896e-05
1743177600000,-1.109e-05
1743206400000,3.56e-06
1743235200000,4.498e-05
1743264000000,3.469e-05
1743292800000,-1.072e-05
1743321600000,-1.999e-05
1743350400000,1.191e-05
1743379200000,-3.26e-06
1743408000000,2.663e-05
1743436800000,2.009e-05
1743465600000,-6.52e-06
1743494400001,2.877e-05
1743523200000,3.314e-05
1743552000001,3.676e-05
1743580800000,-4.5e-07
1743609600000,4.262e-05
1743638400000,-6.39e-06
1743667200000,6.39e-05
1743696000000,-6.15e-06
1743724800000,6.701e-05
1743753600000,-2.093e-05
1743782400000,3.78e-05
1743811200000,2.181e-05
1743840000000,5.939e-05
1743868800000,-7.82e-06
1743897600000,2.389e-05
1743926400000,5.41e-05
1743955200002,-2.372e-05
1743984000000,-3.784e-05
1744012800000,-9.65e-06
1744041600000,-3.451e-05
1744070400000,-4.38e-06
1744099200000,1.155e-05
1744128000000,-1.429e-05
1744156800000,-4.82e-05
1744185600001,-6.596e-05
1744214400000,1.591e-05
1744243200000,0.0001
1744272000000,3.042e-05
1744300800000,-7.8e-07
1744329600001,-9.18e-06
1744358400000,-5.857e-05
1744387200000,-4.61e-06
1744416000000,2.511e-05
1744444800001,-6e-06
1744473600000,2.416e-05
1744502400000,7.676e-05
1744531200000,5.203e-05
1744560000000,5.299e-05
1744588800000,7.387e-05
1744617600000,5.913e-05
1744646400000,5.384e-05
1744675200000,2.56e-05
1744704000000,1.812e-05
1744732800001,3.35e-06
1744761600000,4.294e-05
1744790400000,-2.96e-05
1744819200000,-2.514e-05
1744848000001,4.479e-05
1744876800000,5.184e-05
1744905600001,-1.791e-05
1744934400000,-3.125e-05
1744963200000,2.747e-05
1744992000000,-1.492e-05
1745020800000,-2.388e-05
1745049600000,8.846e-05
1745078400000,7.189e-05
1745107200000,5.765e-05
1745136000000,7.724e-05
1745164800000,-5.358e-05
1745193600000,-1.24e-06
1745222400005,0.0001
1745251200003,8.017e-05
1745280000008,-3.6e-05
1745308800000,2.2e-07
1745337600000,8.105e-05
1745366400000,6.679e-05
1745395200002,9.616e-05
1745424000000,0.0001
1745452800000,0.0001
1745481600001,7.229e-05
1745510400001,6.2e-06
1745539200007,5.922e-05
1745568000002,7.829e-05
1745596800003,-9.65e-06
1745625600002,8.3e-06
1745654400000,-2.999e-05
1745683200002,7.28e-06
1745712000001,5.635e-05
1745740800000,-6.737e-05
1745769600000,-3.852e-05
1745798400001,1.32e-06
1745827200003,-4.703e-05
1745856000005,-8.681e-05
1745884800000,8.281e-05
1745913600000,5.79e-05
1745942400010,-1.396e-05
1745971200001,-7.371e-05
1746000000000,9.04e-06
1746028800003,-6.069e-05
1746057600000,5.43e-05
1746086400000,4.5e-05
1746115200001,7.23e-06
1746144000000,-5.91e-06
1746172800000,-5.797e-05
1746201600003,-5.88e-06
1746230400000,4.901e-05
1746259200000,1.565e-05
1746288000000,2.092e-05
1746316800001,6.708e-05
1746345600001,3.289e-05
1746374400002,-2.67e-05
1746403200000,1.81e-06
1746432000000,1.998e-05
1746460800006,1.194e-05
1746489600002,6.899e-05
1746518400005,-1.836e-05
1746547200000,-3.589e-05
1746576000002,3.273e-05
1746604800000,8.548e-05
1746633600006,-6.48e-06
1746662400000,4.564e-05
1746691200001,0.0001
1746720000002,8.717e-05
1746748800001,0.0001
1746777600006,0.0001
1746806400000,0.0001
1746835200001,0.0001
1746864000000,9.797e-05
1746892800001,9.016e-05
1746921600000,0.0001
1746950400001,7.363e-05
1746979200001,2.438e-05
1747008000004,7.088e-05
1747036800000,0.0001
1747065600000,5.717e-05
1747094400000,6.233e-05
1747123200008,0.0001
1747152000001,0.0001
1747180800007,0.0001
1747209600000,5.48e-05
1747238400002,4.737e-05
1747267200000,0.0001
1747296000003,0.0001
1747324800000,5.698e-05
1747353600001,6.801e-05
1747382400000,0.0001
1747411200000,7.202e-05
1747440000000,2.543e-05
1747468800001,-1.883e-05
1747497600004,2.339e-05
1747526400000,5.366e-05
1747555200000,4.909e-05
1747584000000,1.3e-06
1747612800000,-4.925e-05
1747641600006,6.531e-05
1747670400010,9.181e-05
1747699200000,8.013e-05
1747728000002,6.807e-05
1747756800000,1.174e-05
1747785600000,3.663e-05
1747814400001,9.338e-05
1747843200004,6.47e-06
1747872000001,1.141e-05
1747900800000,0.0001
1747929600002,0.0001
1747958400006,0.0001
1747987200000,0.0001
1748016000007,-7.26e-06
1748044800010,0.0001
1748073600000,4.033e-05
1748102400003,2.114e-05
1748131200004,6.041e-05
1748160000000,3.75e-05
1748188800000,8.487e-05
1748217600000,3.85e-06
1748246400000,8.047e-05
1748275200002,4.711e-05
1748304000003,4.026e-05
1748332800001,0.0001
1748361600005,0.0001
1748390400002,0.0001
1748419200003,0.0001
1748448000002,0.0001
1748476800000,0.0001
1748505600006,0.0001
1748534400000,8.321e-05
1748563200003,7.477e-05
1748592000003,0.0001
1748620800000,5.699e-05
1748649600000,3.389e-05
1748678400000,8.054e-05
1748707200000,2.739e-05
1748736000001,7.52e-05
1748764800002,3.946e-05
1748793600000,3.37e-05
1748822400001,1.586e-05
1748851200000,5.378e-05
1748880000000,8.588e-05
1748908800000,3.263e-05
1748937600000,6.067e-05
1748966400001,5.397e-05
1748995200000,4.39e-05
1749024000000,7.623e-05
1749052800000,7.897e-05
1749081600016,2.359e-05
1749110400000,8.508e-05
1749139200000,6.396e-05
1749168000002,-1.147e-05
1749196800000,2.643e-05
1749225600006,2.684e-05
1749254400000,8.699e-05
1749283200000,5.456e-05
1749312000002,6.753e-05
1749340800000,0.0001
1749369600000,9.522e-05
1749398400000,4.695e-05
1749427200000,2.206e-05
1749456000001,1.95e-05
1749484800001,8.643e-05
1749513600000,0.0001
1749542400001,0.0001
1749571200003,0.0001
1749600000000,0.0001
1749628800000,0.0001
1749657600010,0.0001
1749686400002,6.036e-05
1749715200003,0.0001
1749744000001,5.333e-05
1749772800000,-1.372e-05
1749801600001,-1.069e-05
1749830400004,2.083e-05
1749859200000,4.572e-05
1749888000000,1.962e-05
1749916800000,4.4e-06
1749945600005,1.767e-05
1749974400009,8.487e-05
1750003200000,7.131e-05
1750032000000,4.573e-05
1750060800000,9.06e-05
1750089600003,3.96e-05
1750118400000,-9.06e-06
1750147200006,0.0001
1750176000001,5.558e-05
1750204800001,5.83e-05
1750233600001,6.782e-05
1750262400001,2.338e-05
1750291200005,5.403e-05
1750320000003,4.793e-05
1750348800000,4.883e-05
1750377600000,8.145e-05
1750406400002,8.963e-05
1750435200001,2.59e-05
1750464000002,-4.99e-05
1750492800005,-1.379e-05
1750521600000,5.011e-05
1750550400005,-7.98e-06
1750579200000,-1.761e-05
1750608000003,4.714e-05
1750636800000,2.289e-05
1750665600004,-1.401e-05
1750694400013,1.3e-06
1750723200003,2.127e-05
1750752000000,1.201e-05
1750780800000,4.46e-06
1750809600005,-8.33e-06
1750838400000,-2.6e-07
1750867200005,1.198e-05
1750896000000,2.757e-05
1750924800006,8.057e-05
1750953600007,9.06e-06
1750982400000,3.79e-06
1751011200000,5.06e-06
1751040000009,5.546e-05
1751068800001,8.436e-05
1751097600002,6.58e-06
1751126400000,4.011e-05
1751155200004,6.176e-05
1751184000001,8.777e-05
1751212800001,4.2e-07
1751241600000,5.102e-05
1751270400005,9.119e-05
1751299200002,3.94e-06
1751328000007,8.191e-05
1751356800002,1.541e-05
1751385600000,-1.429e-05
1751414400001,1.952e-05
1751443200000,4.864e-05
1751472000003,5.236e-05
1751500800006,0.0001
1751529600003,9.82e-05
1751558400003,4.398e-05
1751587200005,1.353e-05
1751616000003,6.619e-05
1751644800001,2.691e-05
1751673600004,1.406e-05
1751702400009,3.958e-05
1751731200006,5.542e-05
1751760000001,3.909e-05
1751788800002,6.583e-05
1751817600004,8.149e-05
1751846400000,0.0001
1751875200007,0.0001
1751904000000,-3.011e-05
1751932800010,7.589e-05
1751961600003,2.787e-05
1751990400000,6.466e-05
1752019200002,4.903e-05
1752048000006,6.771e-05
1752076800001,6.268e-05
1752105600003,0.0001
1752134400000,2.808e-05
1752163200004,3.187e-05
1752192000004,0.0001
1752220800007,0.0001
1752249600001,0.0001
1752278400000,8.032e-05
1752307200001,7.671e-05
1752336000002,6.119e-05
1752364800006,4.151e-05
1752393600001,4.407e-05
1752422400003,7.205e-05
1752451200000,9.98e-06
1752480000000,0.0001
1752508800000,0.0001
1752537600002,6.134e-05
1752566400000,0.0001
1752595200000,0.0001
1752624000000,0.0001
1752652800000,0.0001
1752681600008,0.0001
1752710400003,0.0001
1752739200000,0.0001
1752768000000,0.0001
1752796800004,0.0001
1752825600000,0.0001
1752854400000,0.0001
1752883200009,0.0001
1752912000000,0.0001
1752940800002,0.0001
1752969600000,0.0001
1752998400000,0.0001
1753027200000,0.0001
1753056000001,0.0001
1753084800000,0.0001
1753113600001,0.0001
1753142400000,0.0001
1753171200010,0.0001
1753200000007,0.0001
1753228800000,0.0001
1753257600004,0.0001
1753286400002,0.0001
1753315200000,0.0001
1753344000001,0.0001
1753372800000,0.0001
1753401600000,0.0001
1753430400000,0.0001
1753459200000,0.0001
1753488000001,0.0001
1753516800005,0.0001
1753545600001,0.0001
1753574400001,9.322e-05
1753603200000,8.879e-05
1753632000008,0.0001
1753660800005,0.0001
1753689600000,0.0001
1753718400000,0.0001
1753747200001,4.494e-05
1753776000000,0.0001
1753804800000,0.0001
1753833600011,2.488e-05
1753862400000,5.083e-05
1753891200008,1.54e-05
1753920000000,5.162e-05
1753948800009,0.0001
1753977600000,-1.18e-05
1754006400001,-3.749e-05
1754035200003,1.113e-05
1754064000000,4.859e-05
1754092800004,5.795e-05
1754121600000,6.57e-06
1754150400000,7.965e-05
1754179200000,6.733e-05
1754208000000,5.752e-05
1754236800003,3.767e-05
1754265600004,1.719e-05
1754294400000,1.113e-05
1754323200002,3.611e-05
1754352000000,1.47e-06
1754380800000,3.116e-05
1754409600000,1.37e-05
1754438400005,2.413e-05
1754467200000,8.2e-05
1754496000000,6.246e-05
1754524800003,6.227e-05
1754553600002,4.285e-05
1754582400002,0.0001
1754611200002,4.26e-05
1754640000004,0.0001
1754668800000,0.0001
1754697600005,0.0001
1754726400000,0.0001
1754755200007,0.0001
1754784000003,9.916e-05
1754812800005,0.0001
1754841600002,0.0001
1754870400000,8.873e-05
1754899200000,9.354e-05
1754928000000,0.0001
1754956800000,3.659e-05
1754985600001,0.0001
1755014400005,0.0001
1755043200000,0.0001
1755072000002,0.0001
1755100800006,0.0001
1755129600002,0.0001
1755158400003,0.0001
1755187200000,0.0001
1755216000000,0.0001
1755244800000,9.765e-05
1755273600000,6.474e-05
1755302400004,5.967e-05
1755331200000,8.99e-05
1755360000002,1.968e-05
1755388800000,4.669e-05
1755417600001,-6.68e-06
1755446400007,5.334e-05
1755475200000,6.32e-06
1755504000001,9.191e-05
1755532800002,8.959e-05
1755561600000,0.0001
1755590400001,0.0001
1755619200000,0.0001
1755648000000,0.0001
1755676800000,3.18e-06
1755705600000,9.07e-05
1755734400006,6.232e-05
1755763200000,5.834e-05
1755792000003,2.689e-05
1755820800010,6.376e-05
1755849600007,6.67e-05
1755878400001,6.004e-05
1755907200004,0.0001
1755936000006,0.0001
1755964800000,0.0001
1755993600001,0.0001
1756022400002,0.0001
1756051200001,0.0001
1756080000000,4.932e-05
1756108800002,4.567e-05
1756137600002,1.732e-05
1756166400000,-7.39e-06
1756195200000,1.08e-05
1756224000000,1.029e-05
1756252800003,-8.19e-06
1756281600000,1.933e-05
1756310400009,4.152e-05
1756339200000,5.965e-05
1756368000005,2.643e-05
1756396800004,2.175e-05
1756425600000,1.728e-05
1756454400000,4.981e-05
1756483200005,1.496e-05
1756512000000,4.162e-05
1756540800002,-1.108e-05
1756569600003,4.057e-05
1756598400016,-1.39e-05
1756627200000,5.543e-05
1756656000001,-1.154e-05
1756684800000,-2.114e-05
1756713600000,-1.3e-05
1756742400001,1.22e-06
1756771200000,4.06e-06
1756800000005,5.513e-05
1756828800007,3.026e-05
1756857600006,1.812e-05
1756886400002,-1.11e-06
1756915200002,3.174e-05
1756944000002,2.311e-05
1756972800000,-2.012e-05
1757001600000,-2.527e-05
1757030400001,-5.54e-05
1757059200006,-3.456e-05
1757088000000,2.866e-05
1757116800000,-2.104e-05
1757145600005,3.956e-05
1757174400000,4.06e-05
1757203200000,5.946e-05
1757232000000,8.938e-05
1757260800000,3.335e-05
1757289600007,2.556e-05
1757318400000,2.063e-05
1757347200000,9.082e-05
1757376000000,4.706e-05
1757404800000,0.0001
1757433600000,6.645e-05
1757462400000,6.156e-05
1757491200002,8.82e-05
1757520000000,0.0001
1757548800000,1.341e-05
1757577600000,0.0001
1757606400001,8.501e-05
1757635200002,4.858e-05
1757664000001,0.0001
1757692800005,0.0001
1757721600005,0.0001
1757750400002,9.815e-05
1757779200000,0.0001
1757808000006,3.75e-06
1757836800000,8.307e-05
1757865600001,5.553e-05
1757894400006,7.366e-05
1757923200002,6.603e-05
1757952000001,3.563e-05
1757980800001,4.54e-05
1758009600000,4.526e-05
1758038400000,2.037e-05
1758067200001,2.419e-05
1758096000000,5.358e-05
1758124800003,4.406e-05
1758153600006,5.15e-05
1758182400002,4.292e-05
1758211200000,1.971e-05
1758240000000,5.745e-05
1758268800005,-9.04e-06
1758297600000,-4.324e-05
1758326400000,-4.366e-05
1758355200000,-5.97e-06
1758384000002,4.189e-05
1758412800000,-2.372e-05
1758441600000,4.828e-05
1758470400000,3.039e-05
1758499200005,-2.051e-05
1758528000003,-5.18e-06
1758556800000,5.08e-06
1758585600000,-1.93e-06
1758614400001,5.594e-05
1758643200000,-2.189e-05
1758672000003,9.73e-06
1758700800001,7.19e-06
1758729600002,-3.616e-05
1758758400000,-8.602e-05
1758787200001,-8.11e-05
1758816000000,0.0001
1758844800000,8.976e-05
1758873600000,3.202e-05
1758902400008,4.775e-05
1758931200000,-1.608e-05
1758960000010,4.387e-05
1758988800003,0.0001
1759017600000,7.975e-05
1759046400000,4.229e-05
1759075200000,8.2e-05
1759104000000,3.512e-05
1759132800002,3.842e-05
1759161600001,-3.49e-05
1759190400002,9.16e-06
1759219200005,-1.307e-05
1759248000000,4.72e-06
1759276800000,-1.572e-05
1759305600000,2.569e-05
1759334400000,-7.44e-06
1759363200000,1.487e-05
1759392000013,3.033e-05
1759420800000,3.733e-05
1759449600006,1.312e-05
1759478400006,7.933e-05
1759507200000,5.593e-05
1759536000001,5.57e-05
1759564800000,7.25e-06
1759593600000,4.8e-05
1759622400000,5.761e-05
1759651200003,0.0001
1759680000009,9.708e-05
1759708800004,7.894e-05
1759737600002,0.0001
1759766400004,0.0001
1759795200000,0.0001
1759824000003,0.0001
1759852800000,0.0001
1759881600000,1.254e-05
1759910400006,6.038e-05
1759939200002,1.261e-05
1759968000001,3.613e-05
1759996800000,-2.26e-06
1760025600000,5.752e-05
1760054400005,2.565e-05
1760083200002,2.511e-05
1760112000014,-5.147e-05
1760140800000,0.0001
1760169600003,-0.00013094
1760198400000,-1.73e-06
1760227200004,-6.965e-05
1760256000002,8.39e-06
1760284800000,-4.563e-05
1760313600003,-2.591e-05
1760342400002,5.255e-05
1760371200003,5.202e-05
1760400000000,5.602e-05
1760428800000,3.52e-06
1760457600000,2.693e-05
1760486400006,1.42e-05
1760515200002,4.258e-05
1760544000000,2.5e-05
1760572800000,-4.99e-06
1760601600003,7.65e-06
1760630400002,6.18e-06
1760659200001,3.354e-05
1760688000005,5.63e-05
1760716800003,2.963e-05
1760745600000,1.423e-05
1760774400002,1.51e-05
1760803200001,6.086e-05
1760832000001,6.239e-05
1760860800001,2.101e-05
1760889600001,3.514e-05
1760918400004,2.481e-05
1760947200001,5.413e-05
1760976000000,5.999e-05
1761004800009,3.53e-05
1761033600000,4.7e-07
1761062400000,7.724e-05
1761091200004,-2.491e-05
1761120000000,2.192e-05
1761148800000,2.392e-05
1761177600000,5.29e-06
1761206400001,4.173e-05
1761235200004,5.185e-05
1761264000000,8.88e-06
1761292800000,9.418e-05
1761321600009,3.074e-05
1761350400000,1.282e-05
1761379200001,1.546e-05
1761408000001,6.413e-05
1761436800001,0.0001
1761465600001,2.079e-05
1761494400000,0.0001
1761523200000,0.0001
1761552000005,0.0001
1761580800000,7.827e-05
1761609600000,3.936e-05
1761638400000,4.615e-05
1761667200004,1.796e-05
1761696000004,-5.159e-05
1761724800005,-1.008e-05
1761753600000,3.915e-05
1761782400004,-3.389e-05
1761811200008,-2.243e-05
1761840000001,-6.394e-05
1761868800000,3.219e-05
1761897600008,7.777e-05
1761926400007,-1.283e-05
1761955200001,6.032e-05
1761984000000,7.748e-05
1762012800000,0.0001
1762041600007,6.688e-05
1762070400000,9.258e-05
1762099200001,3.269e-05
1762128000000,8.937e-05
1762156800010,2.373e-05
1762185600000,5.24e-06
1762214400002,7.89e-05
1762243200004,8.984e-05
1762272000000,4.875e-05
1762300800000,1.174e-05
1762329600000,6.56e-06
1762358400004,4.337e-05
1762387200001,4.919e-05
1762416000000,4.986e-05
1762444800001,7.1e-07
1762473600005,7.583e-05
1762502400003,4.78e-05
1762531200005,8.277e-05
1762560000011,7.722e-05
1762588800015,8.414e-05
1762617600001,6.487e-05
1762646400004,1.158e-05
1762675200000,6.622e-05
1762704000005,4.71e-05
1762732800000,3.686e-05
1762761600000,9.099e-05
1762790400003,7.806e-05
1762819200007,2.962e-05
1762848000000,-2.557e-05
1762876800009,2.827e-05
1762905600000,3.618e-05
1762934400002,-3.94e-05
1762963200000,7.04e-05
1762992000002,6.967e-05
1763020800000,0.0001
1763049600001,2.321e-05
1763078400000,-3.82e-06
1763107200000,3.573e-05
1763136000001,7.962e-05
1763164800005,4.979e-05
1763193600000,4.397e-05
1763222400001,4.679e-05
1763251200001,0.0001
1763280000000,0.0001
1763308800000,7.779e-05
1763337600003,0.0001
1763366400003,0.0001
1763395200000,5.992e-05
1763424000002,9.056e-05
1763452800004,0.0001
1763481600000,5.928e-05
1763510400000,0.0001
1763539200000,6.727e-05
1763568000008,3.204e-05
1763596800000,7.097e-05
1763625600000,7.838e-05
1763654400000,6.788e-05
1763683200001,3.335e-05
1763712000000,1.947e-05
1763740800001,5.44e-05
1763769600004,1.859e-05
1763798400000,7.195e-05
1763827200000,4.657e-05
1763856000000,6.445e-05
1763884800008,-2.356e-05
1763913600003,-5.87e-06
1763942400004,-1e-07
1763971200000,7.615e-05
1764000000006,4.931e-05
1764028800000,4.02e-05
1764057600009,3.624e-05
1764086400007,5.56e-06
1764115200001,4.707e-05
1764144000001,-9.2e-06
1764172800000,1.886e-05
1764201600013,2.467e-05
1764230400000,1.646e-05
1764259200004,9.88e-06
1764288000008,-1.45e-06
1764316800000,2.638e-05
1764345600008,-9.03e-06
1764374400000,2.574e-05
1764403200005,5.1e-06
1764432000001,-1.52e-06
1764460800003,7.916e-05
1764489600000,4.019e-05
1764518400004,3.707e-05
1764547200000,5.374e-05
1764576000004,7.757e-05
1764604800000,-2.535e-05
1764633600004,6.949e-05
1764662400000,5.552e-05
1764691200000,4.147e-05
1764720000000,4.698e-05
1764748800000,1.107e-05
1764777600005,5.015e-05
1764806400012,6.305e-05
1764835200000,0.0001
1764864000011,9.628e-05
1764892800000,2.405e-05
1764921600000,9.771e-05
1764950400010,4.884e-05
1764979200001,4.481e-05
1765008000001,4.55e-06
1765036800008,3.188e-05
1765065600000,3.716e-05
1765094400004,-9.74e-06
1765123200000,1.448e-05
1765152000000,2.807e-05
1765180800000,7.24e-05
1765209600001,4.139e-05
1765238400001,5.283e-05
1765267200001,6.214e-05
1765296000007,3.873e-05
1765324800007,0.0001
1765353600002,7.429e-05
1765382400012,3.462e-05
1765411200001,6.92e-05
1765440000000,1.38e-06
1765468800000,2.616e-05
1765497600005,-2.48e-06
1765526400007,3.217e-05
1765555200002,-2.36e-06
1765584000001,1.07e-06
1765612800006,-1.354e-05
1765641600000,3.292e-05
1765670400000,8.266e-05
1765699200003,4.872e-05
1765728000005,8.259e-05
1765756800000,6.154e-05
1765785600000,3.415e-05
1765814400000,2.051e-05
1765843200002,-6.41e-06
1765872000000,2.281e-05
1765900800002,-1.87e-05
1765929600004,3.52e-06
1765958400000,3.718e-05
1765987200000,8.6e-07
1766016000005,-1.833e-05
1766044800007,-3.186e-05
1766073600001,5.89e-05
1766102400000,5.783e-05
1766131200001,7.285e-05
1766160000000,9.196e-05
1766188800005,1.997e-05
1766217600000,1.909e-05
1766246400002,9.03e-06
1766275200000,1.836e-05
1766304000009,4.198e-05
1766332800000,3.37e-06
1766361600000,-2.332e-05
1766390400005,5.76e-06
1766419200009,-5.69e-06
1766448000000,3.812e-05
1766476800000,6.79e-05
1766505600001,2.64e-05
1766534400001,2.584e-05
1766563200001,6.186e-05
1766592000000,5.629e-05
1766620800000,6.527e-05
1766649600001,6.688e-05
1766678400005,4.97e-05
1766707200004,5.028e-05
1766736000001,6.473e-05
1766764800007,3.451e-05
1766793600000,4.038e-05
1766822400000,-5.19e-06
1766851200011,8.133e-05
1766880000008,5.105e-05
1766908800000,7.91e-05
1766937600000,4.862e-05
1766966400016,9.172e-05
1766995200001,8.496e-05
1767024000000,1.862e-05
1767052800005,-1.536e-05
1767081600001,3.92e-05
1767110400003,0.0001
1767139200004,5.157e-05
1767168000001,1.205e-05
1767196800001,3.527e-05
1767225600008,0.0001
1767254400002,8.799e-05
1767283200001,-5.6e-06
1767312000006,5.053e-05
1767340800007,3.09e-05
1767369600000,0.0001
1767398400001,5.187e-05
1767427200000,3.421e-05
1767456000000,3.231e-05
1767484800000,7.598e-05
1767513600000,2.12e-06
1767542400001,7.231e-05
1767571200000,7.926e-05
1767600000000,9.66e-06
1767628800000,5.085e-05
1767657600010,8.035e-05
1767686400000,6.876e-05
1767715200000,4.25e-05
1767744000001,7.658e-05
1767772800001,7.268e-05
1767801600001,3.902e-05
1767830400001,7.044e-05
1767859200000,7.658e-05
1767888000000,4.9e-07
1767916800003,6.634e-05
1767945600000,3.789e-05
1767974400001,5.562e-05
1768003200000,8.959e-05
1768032000002,0.0001
1768060800001,5.277e-05
1768089600003,9.824e-05
1768118400006,6.573e-05
1768147200000,5.876e-05
1768176000005,0.0001
1768204800000,3.472e-05
1768233600000,6.663e-05
1768262400007,4.704e-05
1768291200009,9.164e-05
1768320000002,2.672e-05
1768348800000,0.0001
1768377600001,0.0001
1768406400004,8.331e-05
1768435200000,5.358e-05
1768464000004,6.58e-06
1768492800002,9.722e-05
1768521600000,3.284e-05
1768550400000,3.558e-05
1768579200001,2.767e-05
1768608000000,8.371e-05
1768636800000,8.079e-05
1768665600002,6.017e-05
1768694400001,3.761e-05
1768723200000,1.351e-05
1768752000000,2.477e-05
1768780800007,5.221e-05
1768809600007,-1.14e-05
1768838400007,1.428e-05
1768867200005,8.611e-05
1768896000001,6.101e-05
1768924800009,1.232e-05
1768953600001,5.52e-06
1768982400011,5.3e-06
1769011200011,1.113e-05
1769040000010,2.119e-05
1769068800003,7.681e-05
1769097600005,-2.933e-05
1769126400005,1.674e-05
1769155200000,2.868e-05
1769184000011,5.045e-05
1769212800011,3.675e-05
1769241600002,1.171e-05
1769270400001,1.292e-05
1769299200002,4.065e-05
1769328000011,6.759e-05
1769356800005,4.059e-05
1769385600000,-0.00013629
1769414400003,6.54e-05
1769443200000,1.326e-05
1769472000002,7.255e-05
1769500800000,8.694e-05
1769529600000,9.488e-05
1769558400000,8.698e-05
1769587200000,9.559e-05
1769616000000,4.501e-05
1769644800000,4.731e-05
1769673600009,4.078e-05
1769702400000,-1.167e-05
1769731200008,4.73e-06
1769760000000,-3.08e-06
1769788800001,-5.6e-07
1769817600000,-7.003e-05
1769846400001,1.854e-05
1769875200009,-8.908e-05
1769904000001,-0.00016427
1769932800004,1.415e-05
1769961600000,-7.308e-05
1769990400000,-0.00015302
1770019200014,-8.208e-05
1770048000000,-0.00010921
1770076800000,-0.00015482
1770105600007,1.01e-05
1770134400000,-3.903e-05
1770163200002,-2.474e-05
1770192000007,2.076e-05
1770220800000,-6.117e-05
1770249600011,5.503e-05
1770278400000,-5.04e-06
1770307200007,-7.797e-05
1770336000000,-0.00027709
1770364800001,-8.43e-05
1770393600000,1.852e-05
1770422400003,0.0001
1770451200000,-1.83e-06
1770480000010,1.636e-05
1770508800003,2.665e-05
1770537600000,-3.046e-05
1770566400000,-5.398e-05
1770595200002,-4.033e-05
1770624000001,-4.865e-05
1770652800007,-3.34e-06
1770681600000,4.269e-05
1770710400007,-0.0001521
1770739200000,-0.00019437
1770768000000,-8.436e-05
1770796800006,-0.00012968
1770825600000,-0.00012326
1770854400000,-2.549e-05
1770883200001,2.239e-05
1770912000001,-4.103e-05
1770940800007,-0.00010652
1770969600003,-2.874e-05
1770998400005,4.26e-05
1771027200002,-2.68e-06
1771056000004,1.442e-05
1771084800002,-1.921e-05
1771113600000,-6.367e-05
1771142400002,6.204e-05
1771171200000,-7.55e-05
1771200000001,-5.314e-05
1771228800003,-5.925e-05
1771257600000,-3.499e-05
1771286400008,5.298e-05
1771315200001,8.43e-06
1771344000002,-4.733e-05
1771372800000,1.121e-05
1771401600000,-3.783e-05
1771430400011,-8.66e-06
1771459200013,-0.00010561
1771488000000,-3.009e-05
1771516800003,-7.865e-05
1771545600000,-4.637e-05
1771574400000,-3.19e-05
1771603200000,-7.16e-05
1771632000004,3.05e-05
1771660800000,4.592e-05
1771689600005,6.628e-05
1771718400001,3.845e-05
1771747200004,1.584e-05
1771776000000,-4.379e-05
1771804800001,-3.343e-05
1771833600000,-0.00036526
1771862400000,1.654e-05
1771891200007,2.61e-05
1771920000000,-4.446e-05
1771948800001,-2.974e-05
1771977600001,-2.455e-05
1772006400007,4.558e-05
1772035200000,5.753e-05
1772064000000,7.787e-05
1772092800006,-2.591e-05
1772121600002,3.926e-05
1772150400007,1.39e-05
1772179200000,3.34e-06
1772208000001,-0.00011015
1772236800000,-8.821e-05
1772265600000,-9.456e-05
1772294400004,-7.186e-05
1772323200005,-3.406e-05
1772352000000,4.986e-05
1772380800002,5.291e-05
1772409600001,-7.621e-05
1772438400007,-4.31e-05
1772467200000,-6.736e-05
1772496000000,4.93e-05
1772524800000,-2.809e-05
1772553600007,-9.532e-05
1772582400001,-3.92e-06
1772611200005,-7.107e-05
1772640000000,6.615e-05
1772668800000,-1.331e-05
1772697600000,-8.37e-06
1772726400004,-1.463e-05
1772755200001,4.376e-05
1772784000001,-2.383e-05
1772812800004,-9.858e-05
1772841600001,-4.995e-05
1772870400012,-9.16e-06
1772899200001,-2.26e-05
1772928000001,-4.775e-05
1772956800000,-8.766e-05
1772985600002,-7.522e-05
1773014400000,-0.00022545
1773043200004,2.557e-05
1773072000003,5.482e-05
1773100800012,4.253e-05
1773129600002,5.082e-05
1773158400001,2.672e-05
1773187200000,-3.94e-06
1773216000007,-7.4e-07
1773244800010,2.992e-05
1773273600000,9.02e-06
1773302400000,-6.811e-05
1773331200000,-1.513e-05
1773360000006,2.264e-05
1773388800001,-6.3e-07
1773417600000,2.099e-05
1773446400001,2.679e-05
1773475200000,-2.367e-05
1773504000007,-4.1e-05
1773532800000,-4.662e-05
1773561600000,1.371e-05
1773590400000,3.459e-05
1773619200000,7.611e-05
1773648000010,0.0001
1773676800000,7.073e-05
1773705600000,5.155e-05
1773734400002,1.964e-05
1773763200011,-1.057e-05
1773792000002,1.504e-05
1773820800002,1.301e-05
1773849600005,-1.399e-05
1773878400000,-3.8e-06
1773907200003,-8.71e-06
1773936000003,6.6e-07
1773964800002,-6.348e-05
1773993600000,-5.947e-05
1774022400000,-7.2e-07
1774051200000,2.359e-05
1774080000000,1.136e-05
1774108800014,2.063e-05
1774137600012,-1.052e-05
1774166400007,1.14e-05
1774195200002,-7.418e-05
1774224000000,-5.929e-05
1774252800003,-3.16e-06
1774281600002,6.11e-05
1774310400000,2.88e-05
1774339200000,2.122e-05
1774368000003,-2.682e-05
1774396800000,3.54e-05
1774425600000,-4.168e-05
1774454400013,5.27e-06
1774483200001,4.453e-05
1774512000001,7.15e-06
1774540800000,-8.212e-05
1774569600006,-2.08e-06
1774598400000,-5.164e-05
1774627200000,-0.00018104
1774656000005,-4.999e-05
1774684800005,-8.079e-05
1774713600000,4.5e-07
1774742400003,-1.122e-05
1774771200001,-3.677e-05
1774800000000,-3.76e-05
1774828800000,-2.586e-05
1774857600005,1.177e-05
1774886400000,4.113e-05
1774915200000,2.57e-06
1774944000000,1.748e-05
1774972800000,-9.62e-06
1775001600000,-2.57e-06
1775030400000,4.782e-05
1775059200000,4.428e-05
1775088000003,-8.956e-05
1775116800001,-0.00013372
1775145600001,-7.283e-05
1775174400000,-2.988e-05
1775203200008,6.37e-06
1775232000008,-9.58e-06
1775260800000,-3e-07
1775289600003,4.915e-05
1775318400000,7.35e-06
1775347200008,2.442e-05
1775376000000,6.23e-06
1775404800001,-4.34e-05
1775433600004,2.356e-05
1775462400001,6.201e-05
1775491200003,2.033e-05
1775520000000,-3.933e-05
1775548800000,-2.975e-05
1775577600000,1.031e-05
1775606400000,0.0001
1775635200000,5.834e-05
1775664000006,6.711e-05
1775692800000,3.32e-05
1775721600010,-1.493e-05
1775750400001,1.917e-05
1775779200000,1.25e-05
1775808000005,2.83e-06
1775836800000,-4.48e-06
1775865600000,-6.627e-05
1775894400000,-7.635e-05
1775923200003,-3.26e-05
1775952000000,8.271e-05
1775980800000,-3.576e-05
1776009600000,-5.477e-05
1776038400011,-9.86e-06
1776067200006,3.028e-05
1776096000000,3.014e-05
1776124800005,0.0001
1776153600003,0.0001
1776182400001,3.49e-05
1776211200000,1.802e-05
1776240000000,1.648e-05
1776268800000,2.61e-06
1776297600013,-1.717e-05
1776326400000,-5.141e-05
1776355200000,-3.792e-05
1776384000001,8.61e-06
1776412800011,8.22e-06
1776441600001,1.819e-05
1776470400001,-2.327e-05
1776499200006,-1.075e-05
1776528000000,-0.00015064
1776556800002,-0.00010377
1776585600010,-0.00011438
1776614400001,-0.00022976
1776643200000,-9.27e-06
1776672000000,-1.408e-05
1776700800001,8.1e-06
1776729600000,-4.382e-05
1776758400004,-3.72e-05
1776787200004,-3.676e-05
1776816000004,-2.128e-05
1776844800000,0.0001
1776873600000,7.797e-05
1776902400000,0.0001
1776931200000,-1.984e-05
1776960000004,-6.025e-05
1776988800006,-3.645e-05
1777017600000,-6.98e-05
1777046400000,-0.00012145
1777075200000,-4.387e-05
1777104000002,-2.141e-05
1777132800002,-4.431e-05
1777161600003,-1.131e-05
1777190400007,-1.931e-05
1777219200004,-2.842e-05
1777248000004,-6.636e-05
1777276800000,-7.865e-05
1777305600002,-7.593e-05
1777334400001,-0.00016104
1777363200000,-0.00011678
1777392000004,2.5e-07
1777420800006,2.842e-05
1777449600011,4.666e-05
1777478400003,4.782e-05
1777507200002,-6.092e-05
1777536000000,-4.636e-05
1777564800000,-7.717e-05
1777593600000,-4e-05
1777622400005,-1.877e-05
1777651200000,-2.131e-05
1777680000006,-4.36e-06
1777708800000,-3.82e-05
1777737600010,-3.88e-06
1777766400005,3.52e-05
1777795200003,-1.628e-05
1777824000000,8.747e-05
1777852800000,4.305e-05
1777881600000,8.648e-05
1777910400003,-2.09e-06
1777939200000,-1.957e-05
1777968000011,-2.41e-05
1777996800000,-6.52e-05
1778025600010,-2.041e-05
1778054400000,-9.447e-05
1778083200002,-5.114e-05
1778112000000,-6.585e-05
1778140800000,-0.00011993
1778169600004,-4.319e-05
1778198400003,-9.68e-06
1778227200002,-2.849e-05
1778256000003,-3.358e-05
1778284800000,6.199e-05
1778313600001,4.314e-05
1778342400002,8.76e-05
1778371200003,0.0001
1778400000000,8.268e-05
1778428800000,6.714e-05
1778457600000,7.463e-05
1778486400000,1.995e-05
1778515200000,3.355e-05
1778544000002,3.946e-05
1778572800008,7.08e-06
1778601600000,3.956e-05
1778630400010,1.323e-05
1778659200003,5.046e-05
1778688000001,5.45e-06
1778716800005,5.942e-05
1778745600000,5.526e-05
1778774400000,3.946e-05
1778803200000,-6.93e-06
1778832000016,3.88e-06
1778860800012,1.397e-05
1778889600005,7.065e-05
1778918400000,4.496e-05
1778947200005,6.508e-05
1778976000000,7.161e-05
1779004800010,4.855e-05
1779033600009,5.341e-05
1779062400007,1.925e-05
1779091200002,6.52e-06
1779120000007,5.159e-05
1779148800001,0.0001
1779177600001,5.687e-05
1779206400009,3.588e-05
1779235200001,5.523e-05
1779264000006,3.051e-05
1779292800000,5.29e-05
1779321600001,5.867e-05
1779350400000,2.532e-05
1779379200000,3.837e-05
1779408000000,4.926e-05
1779436800004,3.093e-05
1779465600001,5.943e-05
1779494400009,5.72e-05
1779523200001,4.466e-05
1779552000003,6.36e-05
1779580800011,8.02e-05
1779609600008,8.039e-05
1779638400000,4.195e-05
1779667200001,5.359e-05
1779696000001,5.508e-05
1779724800001,3.249e-05
1779753600000,3.458e-05
1779782400003,3.793e-05
1779811200000,3.408e-05
1779840000000,7.351e-05
1779868800004,3.072e-05
1779897600009,6.097e-05
1779926400001,2.421e-05
1779955200000,2.543e-05
1779984000001,2.984e-05
1780012800000,8.553e-05
1780041600001,7.04e-05
1780070400008,6.595e-05
1780099200000,4.54e-05
1780128000001,6.842e-05
1780156800000,5.705e-05
1780185600000,9.397e-05
1780214400000,7.226e-05
1780243200004,1.691e-05
1780272000001,6.445e-05
1780300800001,5.339e-05
1780329600000,9.572e-05
1780358400000,0.0001
1780387200000,0.0001
1780416000000,5.699e-05
1780444800013,2.021e-05
1780473600000,9.862e-05
1780502400001,7.361e-05
1780531200009,7.651e-05
1780560000000,4.482e-05
1780588800003,3.946e-05
1780617600000,4.67e-05
1780646400004,-3.129e-05
1780675200009,-7.387e-05
1780704000000,-7.917e-05
1780732800000,-3.161e-05
1780761600000,-3.461e-05
1780790400001,-6.624e-05
1780819200000,-0.00010189
1780848000000,4.72e-06
1780876800000,-8.235e-05
1780905600005,-6.599e-05
1780934400004,-4.515e-05
1780963200000,-4.506e-05
1780992000000,3.6e-07
1781020800001,-5.182e-05
1781049600001,-4.089e-05
1781078400011,-4.578e-05
1781107200009,-3.121e-05
1781136000000,-3.684e-05
1781164800004,7.54e-06
1781193600000,-2.432e-05
1781222400000,-2.404e-05
1781251200000,-5.854e-05
1781280000000,-2.216e-05
1781308800000,-6.31e-06
1781337600007,3.562e-05
1781366400002,2.664e-05
1781395200005,-6.44e-06
1781424000009,-1.08e-05
1781452800000,-1.919e-05
1781481600013,2.92e-05
1781510400013,-7.45e-06
1781539200004,6.867e-05
1781568000000,2.969e-05
1781596800000,-2.07e-05
1781625600001,3.16e-05
1781654400012,3.038e-05
1781683200000,2.339e-05
1781712000000,-7.37e-06
1781740800002,4.63e-05
1781769600000,6.87e-06
1781798400001,-6.91e-06
1781827200005,6.551e-05
1781856000001,-2.067e-05
1781884800001,-2.7e-07
1781913600001,2.505e-05
1781942400000,3.17e-05
1781971200001,3.209e-05
1782000000000,2.892e-05
1782028800000,2.602e-05
1782057600000,7.57e-06
1782086400000,3.88e-05
1782115200000,1.941e-05
1782144000002,7.89e-06
1782172800003,2.37e-05
1782201600005,3.35e-06
1782230400002,-3.854e-05
1782259200005,4.579e-05
1782288000005,2.212e-05
1782316800003,4.3e-07
1782345600000,5.42e-06
1782374400000,4.282e-05
1782403200000,-8.135e-05
1782432000010,-1.665e-05
1782460800002,-1.968e-05
1782489600000,5.22e-06
1782518400000,1.807e-05
1782547200000,-5.97e-06
1782576000009,1.769e-05
1782604800000,-5.389e-05
1782633600013,-2.947e-05
1782662400000,1.924e-05
1782691200006,-1.85e-06
1782720000013,2.16e-06
1782748800004,2.144e-05
1782777600000,4.49e-05
1782806400000,4.566e-05
1782835200005,3.059e-05
1782864000000,6.151e-05
1782892800000,5.33e-05
1782921600000,2.077e-05
1782950400000,1.96e-05
1782979200000,5.02e-05
1783008000000,7.321e-05
1783036800000,7.837e-05
1783065600007,0.0001
1783094400000,5.241e-05
1783123200000,9.748e-05
1783152000000,7.642e-05
1783180800007,5.167e-05
1783209600003,7.818e-05
1783238400001,6.162e-05
1783267200000,4.748e-05
1783296000000,8.332e-05
1783324800000,4.679e-05
1783353600000,6.963e-05
1783382400000,7.62e-05
1783411200000,3.271e-05
1783440000000,4.088e-05
1783468800000,1.519e-05
1783497600000,2.984e-05
1783526400000,4.537e-05
1783555200000,7.189e-05
1783584000001,5.342e-05
1783612800001,2.748e-05
1783641600000,2.613e-05
1783670400005,3.355e-05
1783699200005,4.632e-05
1783728000000,5.051e-05
1783756800000,2.19e-05
1783785600000,6.296e-05
1783814400000,6.46e-06
1783843200003,9.96e-06
1783872000000,3.016e-05
1783900800000,2.248e-05
1783929600001,5.42e-06
1783958400004,1.969e-05
1783987200000,1.26e-06
1784016000002,3.639e-05
1784044800001,6.925e-05
1784073600005,3.834e-05
1784102400002,5.006e-05
1784131200000,8.736e-05
1784160000000,4.35e-05
1784188800003,6.079e-05
1784217600002,3.526e-05
1784246400000,6.892e-05
1784275200010,4.774e-05
1784304000004,2.442e-05
1784332800000,2.552e-05
1784361600000,3.939e-05
1784390400001,3.042e-05
1784419200003,-1.262e-05
1784448000000,4.255e-05
1784476800001,7.448e-05
1784505600000,2.897e-05
1784534400001,2.124e-05
1784563200004,2.476e-05
1784592000001,2.585e-05
1784620800000,4.126e-05
1784649600002,3.598e-05
1784678400000,1.055e-05
1784707200000,1.429e-05
1784736000001,6.454e-05
1784764800000,4.14e-06
1784793600000,-3.313e-05
1784822400000,-3.252e-05
1784851200000,-1.139e-05
1784880000000,1.776e-05
1784908800008,1.716e-05
1784937600002,5.412e-05
1784966400000,2.278e-05
1784995200000,3.434e-05
1785024000000,-1.884e-05
1785052800002,2.358e-05
1785081600000,1.943e-05
1785110400010,0.0001
1785139200000,8.16e-05
1785168000001,1.607e-05
1785196800000,1.456e-05
1785225600000,-3.657e-05
1785254400000,2.816e-05
1785283200000,5.737e-05
1785312000002,6.871e-05
1785340800000,2.143e-05
1785369600000,3.854e-05
1785398400000,4.661e-05
1785427200000,1.99e-05
1785456000003,5.729e-05
1785484800000,1.208e-05
1785513600000,-2.045e-05
1785542400001,6.744e-05
1785571200000,2.308e-05
1785600000000,5.777e-05
1785628800000,2.775e-05
1785657600000,5.607e-05
1785686400000,1.434e-05
1785715200000,0.0001
1785744000000,-8.69e-06
1785772800000,3.664e-05
1785801600004,5.396e-05
1785830400002,5.342e-05
1785859200000,7.309e-05
1785888000003,3.467e-05
1785916800004,6.13e-06
1785945600000,3.054e-05
1785974400002,3.94e-06
1786003200000,9.87e-06
1786032000000,9.87e-06
1786060800000,-5.62e-06
1786089600000,5.102e-05
1786118400000,3.625e-05
1786147200001,3.4e-07
1786176000000,2.738e-05
1786204800002,7.172e-05
1786233600000,3.196e-05
1786262400005,4.185e-05
1786291200000,7.977e-05
1786320000001,4.828e-05
1786348800005,3.426e-05
1786377600000,1.434e-05
1786406400000,1.104e-05
1786435200006,6.272e-05
1786464000000,5.425e-05
1786492800001,0.0001
1786521600000,7.29e-05
1786550400000,5.726e-05
1786579200000,5.218e-05
1786608000000,8.523e-05
1786636800000,5.923e-05
1786665600000,2.697e-05
1786694400001,-6.75e-06
1786723200001,6.86e-06
1786752000003,5.131e-05
1786780800002,4.368e-05
1786809600000,5.945e-05
1786838400000,-4.23e-06
1786867200002,1.949e-05
1786896000000,3.97e-05
1786924800001,2.723e-05
1786953600003,6.731e-05
1786982400005,6.471e-05
1787011200006,4.633e-05
1787040000001,2.206e-05
1787068800003,4.443e-05
1787097600000,3.595e-05
1787126400000,2.64e-05
1787155200004,0.0001
1787184000001,0.0001
1787212800000,0.0001
1787241600005,0.0001
1787270400004,9.031e-05
1787299200000,0.0001
1787328000001,0.0001
1787356800000,0.0001
1787385600000,0.0001
1787414400000,0.0001
1787443200000,0.0001
1787472000000,0.0001
1787500800006,0.0001
1787529600001,0.0001
1787558400002,0.0001
1787587200000,0.0001
1787616000001,9.302e-05
1787644800000,6.736e-05
1787673600005,7.398e-05
1787702400000,3.144e-05
1787731200005,0.0001
1787760000000,7.451e-05
1787788800000,0.0001
1787817600000,6.226e-05
1787846400013,1.082e-05
1787875200026,2.071e-05
1787904000000,-1.33e-06
1787932800001,5.622e-05
1787961600000,1.591e-05
1787990400000,2.808e-05
1788019200002,6.071e-05
1788048000000,3.166e-05
1788076800000,2.817e-05
1788105600001,4.116e-05
1788134400002,2.364e-05
1788163200002,3.522e-05
1788192000001,7.702e-05
1788220800005,5.716e-05
1788249600000,8.569e-05
