exp,cp,strike,gamma,oi
2026-09-18,C,4000.0,0.0,1.0
2026-09-18,P,4000.0,0.0,35.0
2026-09-18,C,5000.0,0.0,0.0
2026-09-18,P,5000.0,0.0,12.0
2026-09-18,C,6000.0,0.0,0.0
2026-09-18,P,6000.0,0.0,34.0
2026-09-18,C,7000.0,0.0,0.0
2026-09-18,P,7000.0,0.0,12.0
2026-09-18,C,8000.0,0.0,0.0
2026-09-18,P,8000.0,0.0,1.0
2026-09-18,C,9000.0,0.0,0.0
2026-09-18,P,9000.0,0.0,6.0
2026-09-18,C,10000.0,0.0,0.0
2026-09-18,P,10000.0,0.0,12.0
2026-09-18,C,11000.0,0.0,0.0
2026-09-18,P,11000.0,0.0,8.0
2026-09-18,C,12000.0,0.0,0.0
2026-09-18,P,12000.0,0.0,34.0
2026-09-18,C,13000.0,0.0,20.0
2026-09-18,P,13000.0,0.0,8.0
2026-09-18,C,14000.0,0.0,25.0
2026-09-18,P,14000.0,0.0,22.0
2026-09-18,C,15000.0,0.0,23.0
2026-09-18,P,15000.0,0.0,63.0
2026-09-18,C,15500.0,0.0,0.0
2026-09-18,P,15500.0,0.0,13.0
2026-09-18,C,16000.0,0.0,0.0
2026-09-18,P,16000.0,0.0,31.0
2026-09-18,C,16500.0,0.0,0.0
2026-09-18,P,16500.0,0.0,9.0
2026-09-18,C,17000.0,0.0,1.0
2026-09-18,P,17000.0,0.0,102.0
2026-09-18,C,17500.0,0.0,0.0
2026-09-18,P,17500.0,0.0,27.0
2026-09-18,C,18000.0,0.0,0.0
2026-09-18,P,18000.0,0.0,30.0
2026-09-18,C,18500.0,0.0,0.0
2026-09-18,P,18500.0,0.0,38.0
2026-09-18,C,19000.0,0.0,1.0
2026-09-18,P,19000.0,0.0,193.0
2026-09-18,C,19500.0,0.0,0.0
2026-09-18,P,19500.0,0.0,36.0
2026-09-18,C,20000.0,0.0,0.0
2026-09-18,P,20000.0,0.0,145.0
2026-09-18,C,20400.0,0.0,0.0
2026-09-18,P,20400.0,0.0,67.0
2026-09-18,C,20500.0,0.0,0.0
2026-09-18,P,20500.0,0.0,37.0
2026-09-18,C,20600.0,0.0,0.0
2026-09-18,P,20600.0,0.0,24.0
2026-09-18,C,20700.0,0.0,0.0
2026-09-18,P,20700.0,0.0,27.0
2026-09-18,C,20800.0,0.0,0.0
2026-09-18,P,20800.0,0.0,20.0
2026-09-18,C,20900.0,0.0,0.0
2026-09-18,P,20900.0,0.0,1.0
2026-09-18,C,21000.0,0.0,0.0
2026-09-18,P,21000.0,0.0,97.0
2026-09-18,C,21100.0,0.0,0.0
2026-09-18,P,21100.0,0.0,2.0
2026-09-18,C,21200.0,0.0,0.0
2026-09-18,P,21200.0,0.0,19.0
2026-09-18,C,21300.0,0.0,0.0
2026-09-18,P,21300.0,0.0,2.0
2026-09-18,C,21400.0,0.0,0.0
2026-09-18,P,21400.0,0.0,32.0
2026-09-18,C,21500.0,0.0,0.0
2026-09-18,P,21500.0,0.0,28.0
2026-09-18,C,21600.0,0.0,0.0
2026-09-18,P,21600.0,0.0,24.0
2026-09-18,C,21700.0,0.0,0.0
2026-09-18,P,21700.0,0.0,39.0
2026-09-18,C,21800.0,0.0,1.0
2026-09-18,P,21800.0,0.0,11.0
2026-09-18,C,21900.0,0.0,0.0
2026-09-18,P,21900.0,0.0,14.0
2026-09-18,C,22000.0,0.0,0.0
2026-09-18,P,22000.0,0.0,410.0
2026-09-18,C,22100.0,0.0,0.0
2026-09-18,P,22100.0,0.0,11.0
2026-09-18,C,22200.0,0.0,0.0
2026-09-18,P,22200.0,0.0,26.0
2026-09-18,C,22300.0,0.0,0.0
2026-09-18,P,22300.0,0.0,3.0
2026-09-18,C,22400.0,0.0,0.0
2026-09-18,P,22400.0,0.0,18.0
2026-09-18,C,22500.0,0.0,1.0
2026-09-18,P,22500.0,0.0,212.0
2026-09-18,C,22600.0,0.0,0.0
2026-09-18,P,22600.0,0.0,37.0
2026-09-18,C,22700.0,0.0,0.0
2026-09-18,P,22700.0,0.0,5.0
2026-09-18,C,22800.0,0.0,0.0
2026-09-18,P,22800.0,0.0,26.0
2026-09-18,C,22900.0,0.0,1.0
2026-09-18,P,22900.0,0.0,15.0
2026-09-18,C,23000.0,0.0,4.0
2026-09-18,P,23000.0,0.0,204.0
2026-09-18,C,23100.0,0.0,4.0
2026-09-18,P,23100.0,0.0,10.0
2026-09-18,C,23200.0,0.0,4.0
2026-09-18,P,23200.0,0.0,45.0
2026-09-18,C,23300.0,0.0,2.0
2026-09-18,P,23300.0,0.0,7.0
2026-09-18,C,23400.0,0.0,20.0
2026-09-18,P,23400.0,0.0,45.0
2026-09-18,C,23500.0,0.0,6.0
2026-09-18,P,23500.0,0.0,270.0
2026-09-18,C,23600.0,0.0,3.0
2026-09-18,P,23600.0,0.0,159.0
2026-09-18,C,23800.0,0.0,0.0
2026-09-18,P,23800.0,0.0,80.0
2026-09-18,C,24000.0,0.0,18.0
2026-09-18,P,24000.0,0.0,481.0
2026-09-18,C,24200.0,0.0,5.0
2026-09-18,P,24200.0,0.0,133.0
2026-09-18,C,24400.0,0.0,0.0
2026-09-18,P,24400.0,0.0,92.0
2026-09-18,C,24500.0,0.0,63.0
2026-09-18,P,24500.0,0.0,164.0
2026-09-18,C,24600.0,0.0,10.0
2026-09-18,P,24600.0,0.0,25.0
2026-09-18,C,24800.0,0.0,8.0
2026-09-18,P,24800.0,0.0,18.0
2026-09-18,C,24900.0,0.0,0.0
2026-09-18,P,24900.0,0.0,12.0
2026-09-18,C,25000.0,0.0,66.0
2026-09-18,P,25000.0,0.0,757.0
2026-09-18,C,25100.0,0.0,0.0
2026-09-18,P,25100.0,0.0,55.0
2026-09-18,C,25200.0,0.0,2.0
2026-09-18,P,25200.0,0.0,280.0
2026-09-18,C,25300.0,0.0,0.0
2026-09-18,P,25300.0,0.0,0.0
2026-09-18,C,25400.0,0.0,1.0
2026-09-18,P,25400.0,0.0,121.0
2026-09-18,C,25500.0,0.0,164.0
2026-09-18,P,25500.0,0.0,293.0
2026-09-18,C,25600.0,0.0,18.0
2026-09-18,P,25600.0,0.0,44.0
2026-09-18,C,25700.0,0.0,0.0
2026-09-18,P,25700.0,0.0,18.0
2026-09-18,C,25800.0,0.0,8.0
2026-09-18,P,25800.0,0.0,82.0
2026-09-18,C,25900.0,0.0,0.0
2026-09-18,P,25900.0,0.0,5.0
2026-09-18,C,26000.0,0.0,209.0
2026-09-18,P,26000.0,0.0,290.0
2026-09-18,C,26100.0,0.0,0.0
2026-09-18,P,26100.0,0.0,4.0
2026-09-18,C,26200.0,0.0,6.0
2026-09-18,P,26200.0,0.0,17.0
2026-09-18,C,26300.0,0.0,0.0
2026-09-18,P,26300.0,0.0,83.0
2026-09-18,C,26400.0,0.0,48.0
2026-09-18,P,26400.0,0.0,115.0
2026-09-18,C,26500.0,0.0,328.0
2026-09-18,P,26500.0,0.0,177.0
2026-09-18,C,26600.0,0.0,10.0
2026-09-18,P,26600.0,0.0,151.0
2026-09-18,C,26700.0,0.0,2.0
2026-09-18,P,26700.0,0.0,10.0
2026-09-18,C,26800.0,0.0001,18.0
2026-09-18,P,26800.0,0.0001,242.0
2026-09-18,C,26825.0,0.0001,10.0
2026-09-18,P,26825.0,0.0001,13.0
2026-09-18,C,26850.0,0.0001,0.0
2026-09-18,P,26850.0,0.0001,1.0
2026-09-18,C,26875.0,0.0001,0.0
2026-09-18,P,26875.0,0.0001,1.0
2026-09-18,C,26900.0,0.0001,1.0
2026-09-18,P,26900.0,0.0001,46.0
2026-09-18,C,26925.0,0.0001,0.0
2026-09-18,P,26925.0,0.0001,0.0
2026-09-18,C,26950.0,0.0001,0.0
2026-09-18,P,26950.0,0.0001,1.0
2026-09-18,C,26975.0,0.0001,0.0
2026-09-18,P,26975.0,0.0001,0.0
2026-09-18,C,27000.0,0.0001,240.0
2026-09-18,P,27000.0,0.0001,2821.0
2026-09-18,C,27025.0,0.0001,0.0
2026-09-18,P,27025.0,0.0001,7.0
2026-09-18,C,27050.0,0.0001,0.0
2026-09-18,P,27050.0,0.0001,3.0
2026-09-18,C,27075.0,0.0001,0.0
2026-09-18,P,27075.0,0.0001,0.0
2026-09-18,C,27100.0,0.0001,0.0
2026-09-18,P,27100.0,0.0001,42.0
2026-09-18,C,27125.0,0.0001,1.0
2026-09-18,P,27125.0,0.0001,3.0
2026-09-18,C,27150.0,0.0001,1.0
2026-09-18,P,27150.0,0.0001,1.0
2026-09-18,C,27175.0,0.0001,0.0
2026-09-18,P,27175.0,0.0001,0.0
2026-09-18,C,27200.0,0.0001,17.0
2026-09-18,P,27200.0,0.0001,194.0
2026-09-18,C,27225.0,0.0001,1.0
2026-09-18,P,27225.0,0.0001,1.0
2026-09-18,C,27250.0,0.0001,0.0
2026-09-18,P,27250.0,0.0001,5.0
2026-09-18,C,27275.0,0.0001,0.0
2026-09-18,P,27275.0,0.0001,0.0
2026-09-18,C,27300.0,0.0001,0.0
2026-09-18,P,27300.0,0.0001,23.0
2026-09-18,C,27325.0,0.0001,0.0
2026-09-18,P,27325.0,0.0001,10.0
2026-09-18,C,27350.0,0.0001,0.0
2026-09-18,P,27350.0,0.0001,1.0
2026-09-18,C,27375.0,0.0001,0.0
2026-09-18,P,27375.0,0.0001,2.0
2026-09-18,C,27400.0,0.0001,5.0
2026-09-18,P,27400.0,0.0001,38.0
2026-09-18,C,27425.0,0.0001,0.0
2026-09-18,P,27425.0,0.0001,2.0
2026-09-18,C,27450.0,0.0001,2.0
2026-09-18,P,27450.0,0.0001,3.0
2026-09-18,C,27475.0,0.0001,0.0
2026-09-18,P,27475.0,0.0001,0.0
2026-09-18,C,27500.0,0.0001,408.0
2026-09-18,P,27500.0,0.0001,662.0
2026-09-18,C,27525.0,0.0001,1.0
2026-09-18,P,27525.0,0.0001,2.0
2026-09-18,C,27550.0,0.0001,32.0
2026-09-18,P,27550.0,0.0001,33.0
2026-09-18,C,27575.0,0.0001,9.0
2026-09-18,P,27575.0,0.0001,11.0
2026-09-18,C,27600.0,0.0001,74.0
2026-09-18,P,27600.0,0.0001,60.0
2026-09-18,C,27625.0,0.0001,0.0
2026-09-18,P,27625.0,0.0001,2.0
2026-09-18,C,27650.0,0.0001,60.0
2026-09-18,P,27650.0,0.0001,57.0
2026-09-18,C,27675.0,0.0001,20.0
2026-09-18,P,27675.0,0.0001,21.0
2026-09-18,C,27700.0,0.0001,28.0
2026-09-18,P,27700.0,0.0001,95.0
2026-09-18,C,27725.0,0.0001,6.0
2026-09-18,P,27725.0,0.0001,10.0
2026-09-18,C,27750.0,0.0001,0.0
2026-09-18,P,27750.0,0.0001,9.0
2026-09-18,C,27775.0,0.0001,0.0
2026-09-18,P,27775.0,0.0001,40.0
2026-09-18,C,27800.0,0.0001,18.0
2026-09-18,P,27800.0,0.0001,494.0
2026-09-18,C,27825.0,0.0001,3.0
2026-09-18,P,27825.0,0.0001,5.0
2026-09-18,C,27850.0,0.0001,0.0
2026-09-18,P,27850.0,0.0001,7.0
2026-09-18,C,27875.0,0.0001,5.0
2026-09-18,P,27875.0,0.0001,6.0
2026-09-18,C,27900.0,0.0001,12.0
2026-09-18,P,27900.0,0.0001,27.0
2026-09-18,C,27925.0,0.0001,0.0
2026-09-18,P,27925.0,0.0001,11.0
2026-09-18,C,27950.0,0.0001,0.0
2026-09-18,P,27950.0,0.0001,30.0
2026-09-18,C,27975.0,0.0001,17.0
2026-09-18,P,27975.0,0.0001,18.0
2026-09-18,C,28000.0,0.0001,188.0
2026-09-18,P,28000.0,0.0001,681.0
2026-09-18,C,28025.0,0.0001,77.0
2026-09-18,P,28025.0,0.0001,84.0
2026-09-18,C,28050.0,0.0002,28.0
2026-09-18,P,28050.0,0.0002,36.0
2026-09-18,C,28075.0,0.0002,5.0
2026-09-18,P,28075.0,0.0002,6.0
2026-09-18,C,28100.0,0.0002,11.0
2026-09-18,P,28100.0,0.0002,67.0
2026-09-18,C,28125.0,0.0002,36.0
2026-09-18,P,28125.0,0.0002,36.0
2026-09-18,C,28150.0,0.0002,54.0
2026-09-18,P,28150.0,0.0002,60.0
2026-09-18,C,28175.0,0.0002,25.0
2026-09-18,P,28175.0,0.0002,28.0
2026-09-18,C,28200.0,0.0002,43.0
2026-09-18,P,28200.0,0.0002,62.0
2026-09-18,C,28225.0,0.0002,11.0
2026-09-18,P,28225.0,0.0002,20.0
2026-09-18,C,28250.0,0.0002,1.0
2026-09-18,P,28250.0,0.0002,55.0
2026-09-18,C,28275.0,0.0002,12.0
2026-09-18,P,28275.0,0.0002,22.0
2026-09-18,C,28300.0,0.0002,15.0
2026-09-18,P,28300.0,0.0002,23.0
2026-09-18,C,28325.0,0.0002,17.0
2026-09-18,P,28325.0,0.0002,26.0
2026-09-18,C,28350.0,0.0002,5.0
2026-09-18,P,28350.0,0.0002,13.0
2026-09-18,C,28375.0,0.0002,10.0
2026-09-18,P,28375.0,0.0002,10.0
2026-09-18,C,28400.0,0.0002,25.0
2026-09-18,P,28400.0,0.0002,189.0
2026-09-18,C,28425.0,0.0002,4.0
2026-09-18,P,28425.0,0.0002,9.0
2026-09-18,C,28450.0,0.0002,5.0
2026-09-18,P,28450.0,0.0002,17.0
2026-09-18,C,28475.0,0.0002,3.0
2026-09-18,P,28475.0,0.0002,13.0
2026-09-18,C,28500.0,0.0002,449.0
2026-09-18,P,28500.0,0.0002,456.0
2026-09-18,C,28525.0,0.0002,30.0
2026-09-18,P,28525.0,0.0002,35.0
2026-09-18,C,28550.0,0.0002,11.0
2026-09-18,P,28550.0,0.0002,21.0
2026-09-18,C,28575.0,0.0002,8.0
2026-09-18,P,28575.0,0.0002,4.0
2026-09-18,C,28600.0,0.0002,4.0
2026-09-18,P,28600.0,0.0002,40.0
2026-09-18,C,28625.0,0.0002,13.0
2026-09-18,P,28625.0,0.0002,16.0
2026-09-18,C,28650.0,0.0002,9.0
2026-09-18,P,28650.0,0.0002,12.0
2026-09-18,C,28675.0,0.0002,17.0
2026-09-18,P,28675.0,0.0002,16.0
2026-09-18,C,28700.0,0.0003,23.0
2026-09-18,P,28700.0,0.0003,129.0
2026-09-18,C,28725.0,0.0003,31.0
2026-09-18,P,28725.0,0.0003,32.0
2026-09-18,C,28750.0,0.0003,43.0
2026-09-18,P,28750.0,0.0003,45.0
2026-09-18,C,28775.0,0.0003,9.0
2026-09-18,P,28775.0,0.0003,6.0
2026-09-18,C,28800.0,0.0003,60.0
2026-09-18,P,28800.0,0.0003,134.0
2026-09-18,C,28825.0,0.0003,31.0
2026-09-18,P,28825.0,0.0003,34.0
2026-09-18,C,28850.0,0.0003,155.0
2026-09-18,P,28850.0,0.0003,153.0
2026-09-18,C,28875.0,0.0003,10.0
2026-09-18,P,28875.0,0.0003,7.0
2026-09-18,C,28900.0,0.0003,82.0
2026-09-18,P,28900.0,0.0003,115.0
2026-09-18,C,28925.0,0.0003,24.0
2026-09-18,P,28925.0,0.0003,24.0
2026-09-18,C,28950.0,0.0003,9.0
2026-09-18,P,28950.0,0.0003,22.0
2026-09-18,C,28975.0,0.0003,18.0
2026-09-18,P,28975.0,0.0003,21.0
2026-09-18,C,29000.0,0.0003,530.0
2026-09-18,P,29000.0,0.0003,1056.0
2026-09-18,C,29025.0,0.0003,46.0
2026-09-18,P,29025.0,0.0003,51.0
2026-09-18,C,29050.0,0.0003,15.0
2026-09-18,P,29050.0,0.0003,28.0
2026-09-18,C,29075.0,0.0003,142.0
2026-09-18,P,29075.0,0.0003,42.0
2026-09-18,C,29100.0,0.0003,180.0
2026-09-18,P,29100.0,0.0003,198.0
2026-09-18,C,29125.0,0.0003,27.0
2026-09-18,P,29125.0,0.0003,31.0
2026-09-18,C,29150.0,0.0003,40.0
2026-09-18,P,29150.0,0.0003,48.0
2026-09-18,C,29175.0,0.0003,32.0
2026-09-18,P,29175.0,0.0003,37.0
2026-09-18,C,29200.0,0.0003,622.0
2026-09-18,P,29200.0,0.0003,552.0
2026-09-18,C,29225.0,0.0004,24.0
2026-09-18,P,29225.0,0.0004,30.0
2026-09-18,C,29250.0,0.0004,239.0
2026-09-18,P,29250.0,0.0004,236.0
2026-09-18,C,29275.0,0.0004,3446.0
2026-09-18,P,29275.0,0.0004,66.0
2026-09-18,C,29300.0,0.0004,347.0
2026-09-18,P,29300.0,0.0004,298.0
2026-09-18,C,29325.0,0.0004,119.0
2026-09-18,P,29325.0,0.0004,121.0
2026-09-18,C,29350.0,0.0004,185.0
2026-09-18,P,29350.0,0.0004,24.0
2026-09-18,C,29375.0,0.0004,72.0
2026-09-18,P,29375.0,0.0004,76.0
2026-09-18,C,29400.0,0.0004,90.0
2026-09-18,P,29400.0,0.0004,94.0
2026-09-18,C,29425.0,0.0004,33.0
2026-09-18,P,29425.0,0.0004,36.0
2026-09-18,C,29450.0,0.0004,1063.0
2026-09-18,P,29450.0,0.0004,64.0
2026-09-18,C,29475.0,0.0004,173.0
2026-09-18,P,29475.0,0.0004,150.0
2026-09-18,C,29500.0,0.0004,1165.0
2026-09-18,P,29500.0,0.0004,920.0
2026-09-18,C,29525.0,0.0004,76.0
2026-09-18,P,29525.0,0.0004,78.0
2026-09-18,C,29550.0,0.0004,1015.0
2026-09-18,P,29550.0,0.0004,79.0
2026-09-18,C,29575.0,0.0004,127.0
2026-09-18,P,29575.0,0.0004,124.0
2026-09-18,C,29600.0,0.0004,87.0
2026-09-18,P,29600.0,0.0004,113.0
2026-09-18,C,29625.0,0.0004,54.0
2026-09-18,P,29625.0,0.0004,52.0
2026-09-18,C,29650.0,0.0004,258.0
2026-09-18,P,29650.0,0.0004,151.0
2026-09-18,C,29675.0,0.0004,89.0
2026-09-18,P,29675.0,0.0004,89.0
2026-09-18,C,29700.0,0.0004,340.0
2026-09-18,P,29700.0,0.0004,321.0
2026-09-18,C,29725.0,0.0004,25.0
2026-09-18,P,29725.0,0.0004,18.0
2026-09-18,C,29750.0,0.0004,185.0
2026-09-18,P,29750.0,0.0004,175.0
2026-09-18,C,29775.0,0.0004,131.0
2026-09-18,P,29775.0,0.0004,132.0
2026-09-18,C,29800.0,0.0004,443.0
2026-09-18,P,29800.0,0.0004,385.0
2026-09-18,C,29825.0,0.0004,92.0
2026-09-18,P,29825.0,0.0004,89.0
2026-09-18,C,29850.0,0.0004,182.0
2026-09-18,P,29850.0,0.0004,233.0
2026-09-18,C,29875.0,0.0004,36.0
2026-09-18,P,29875.0,0.0004,16.0
2026-09-18,C,29900.0,0.0004,206.0
2026-09-18,P,29900.0,0.0004,175.0
2026-09-18,C,29925.0,0.0004,66.0
2026-09-18,P,29925.0,0.0004,64.0
2026-09-18,C,29950.0,0.0004,18.0
2026-09-18,P,29950.0,0.0004,4.0
2026-09-18,C,29975.0,0.0004,20.0
2026-09-18,P,29975.0,0.0004,18.0
2026-09-18,C,30000.0,0.0004,870.0
2026-09-18,P,30000.0,0.0004,304.0
2026-09-18,C,30025.0,0.0004,45.0
2026-09-18,P,30025.0,0.0004,28.0
2026-09-18,C,30050.0,0.0004,118.0
2026-09-18,P,30050.0,0.0004,118.0
2026-09-18,C,30075.0,0.0004,55.0
2026-09-18,P,30075.0,0.0004,55.0
2026-09-18,C,30100.0,0.0004,345.0
2026-09-18,P,30100.0,0.0004,80.0
2026-09-18,C,30125.0,0.0003,8.0
2026-09-18,P,30125.0,0.0003,1.0
2026-09-18,C,30150.0,0.0003,50.0
2026-09-18,P,30150.0,0.0003,46.0
2026-09-18,C,30175.0,0.0003,63.0
2026-09-18,P,30175.0,0.0003,26.0
2026-09-18,C,30200.0,0.0003,85.0
2026-09-18,P,30200.0,0.0003,69.0
2026-09-18,C,30225.0,0.0003,50.0
2026-09-18,P,30225.0,0.0003,46.0
2026-09-18,C,30250.0,0.0003,81.0
2026-09-18,P,30250.0,0.0003,68.0
2026-09-18,C,30275.0,0.0003,24.0
2026-09-18,P,30275.0,0.0003,8.0
2026-09-18,C,30300.0,0.0003,136.0
2026-09-18,P,30300.0,0.0003,87.0
2026-09-18,C,30325.0,0.0003,2.0
2026-09-18,P,30325.0,0.0003,1.0
2026-09-18,C,30350.0,0.0003,25.0
2026-09-18,P,30350.0,0.0003,20.0
2026-09-18,C,30375.0,0.0003,17.0
2026-09-18,P,30375.0,0.0003,4.0
2026-09-18,C,30400.0,0.0003,309.0
2026-09-18,P,30400.0,0.0003,292.0
2026-09-18,C,30425.0,0.0003,12.0
2026-09-18,P,30425.0,0.0003,10.0
2026-09-18,C,30450.0,0.0003,39.0
2026-09-18,P,30450.0,0.0003,25.0
2026-09-18,C,30475.0,0.0003,78.0
2026-09-18,P,30475.0,0.0003,70.0
2026-09-18,C,30500.0,0.0002,374.0
2026-09-18,P,30500.0,0.0002,57.0
2026-09-18,C,30525.0,0.0002,19.0
2026-09-18,P,30525.0,0.0002,8.0
2026-09-18,C,30550.0,0.0002,198.0
2026-09-18,P,30550.0,0.0002,36.0
2026-09-18,C,30575.0,0.0002,8.0
2026-09-18,P,30575.0,0.0002,1.0
2026-09-18,C,30600.0,0.0002,223.0
2026-09-18,P,30600.0,0.0002,210.0
2026-09-18,C,30625.0,0.0002,48.0
2026-09-18,P,30625.0,0.0002,19.0
2026-09-18,C,30650.0,0.0002,85.0
2026-09-18,P,30650.0,0.0002,67.0
2026-09-18,C,30675.0,0.0002,7.0
2026-09-18,P,30675.0,0.0002,2.0
2026-09-18,C,30700.0,0.0002,20.0
2026-09-18,P,30700.0,0.0002,10.0
2026-09-18,C,30725.0,0.0002,47.0
2026-09-18,P,30725.0,0.0002,38.0
2026-09-18,C,30750.0,0.0002,171.0
2026-09-18,P,30750.0,0.0002,18.0
2026-09-18,C,30775.0,0.0002,73.0
2026-09-18,P,30775.0,0.0002,28.0
2026-09-18,C,30800.0,0.0002,35.0
2026-09-18,P,30800.0,0.0002,16.0
2026-09-18,C,30825.0,0.0002,22.0
2026-09-18,P,30825.0,0.0002,14.0
2026-09-18,C,30850.0,0.0002,34.0
2026-09-18,P,30850.0,0.0002,34.0
2026-09-18,C,30875.0,0.0001,5.0
2026-09-18,P,30875.0,0.0001,0.0
2026-09-18,C,30900.0,0.0001,14.0
2026-09-18,P,30900.0,0.0001,5.0
2026-09-18,C,30925.0,0.0001,8.0
2026-09-18,P,30925.0,0.0001,1.0
2026-09-18,C,30950.0,0.0001,22.0
2026-09-18,P,30950.0,0.0001,7.0
2026-09-18,C,30975.0,0.0001,2.0
2026-09-18,P,30975.0,0.0001,0.0
2026-09-18,C,31000.0,0.0001,341.0
2026-09-18,P,31000.0,0.0001,5.0
2026-09-18,C,31025.0,0.0001,21.0
2026-09-18,P,31025.0,0.0001,1.0
2026-09-18,C,31050.0,0.0001,58.0
2026-09-18,P,31050.0,0.0001,0.0
2026-09-18,C,31075.0,0.0001,13.0
2026-09-18,P,31075.0,0.0001,1.0
2026-09-18,C,31100.0,0.0001,100.0
2026-09-18,P,31100.0,0.0001,50.0
2026-09-18,C,31125.0,0.0001,6.0
2026-09-18,P,31125.0,0.0001,0.0
2026-09-18,C,31150.0,0.0001,8.0
2026-09-18,P,31150.0,0.0001,0.0
2026-09-18,C,31175.0,0.0001,2.0
2026-09-18,P,31175.0,0.0001,0.0
2026-09-18,C,31200.0,0.0001,44.0
2026-09-18,P,31200.0,0.0001,0.0
2026-09-18,C,31225.0,0.0001,2.0
2026-09-18,P,31225.0,0.0001,0.0
2026-09-18,C,31250.0,0.0001,2.0
2026-09-18,P,31250.0,0.0001,0.0
2026-09-18,C,31275.0,0.0001,2.0
2026-09-18,P,31275.0,0.0001,0.0
2026-09-18,C,31300.0,0.0001,6.0
2026-09-18,P,31300.0,0.0001,3.0
2026-09-18,C,31325.0,0.0001,6.0
2026-09-18,P,31325.0,0.0001,0.0
2026-09-18,C,31350.0,0.0001,5.0
2026-09-18,P,31350.0,0.0001,0.0
2026-09-18,C,31375.0,0.0001,9.0
2026-09-18,P,31375.0,0.0001,0.0
2026-09-18,C,31400.0,0.0001,35.0
2026-09-18,P,31400.0,0.0001,1.0
2026-09-18,C,31425.0,0.0001,0.0
2026-09-18,P,31425.0,0.0001,0.0
2026-09-18,C,31450.0,0.0001,2.0
2026-09-18,P,31450.0,0.0001,0.0
2026-09-18,C,31475.0,0.0001,3.0
2026-09-18,P,31475.0,0.0001,0.0
2026-09-18,C,31500.0,0.0,368.0
2026-09-18,P,31500.0,0.0,5.0
2026-09-18,C,31525.0,0.0,0.0
2026-09-18,P,31525.0,0.0,0.0
2026-09-18,C,31550.0,0.0,9.0
2026-09-18,P,31550.0,0.0,0.0
2026-09-18,C,31575.0,0.0,0.0
2026-09-18,P,31575.0,0.0,0.0
2026-09-18,C,31600.0,0.0,320.0
2026-09-18,P,31600.0,0.0,3.0
2026-09-18,C,31625.0,0.0,0.0
2026-09-18,P,31625.0,0.0,0.0
2026-09-18,C,31650.0,0.0,1.0
2026-09-18,P,31650.0,0.0,0.0
2026-09-18,C,31675.0,0.0,12.0
2026-09-18,P,31675.0,0.0,0.0
2026-09-18,C,31700.0,0.0,15.0
2026-09-18,P,31700.0,0.0,0.0
2026-09-18,C,31750.0,0.0,6.0
2026-09-18,P,31750.0,0.0,0.0
2026-09-18,C,31800.0,0.0,19.0
2026-09-18,P,31800.0,0.0,0.0
2026-09-18,C,31900.0,0.0,25.0
2026-09-18,P,31900.0,0.0,0.0
2026-09-18,C,32000.0,0.0,271.0
2026-09-18,P,32000.0,0.0,20.0
2026-09-18,C,32100.0,0.0,10.0
2026-09-18,P,32100.0,0.0,0.0
2026-09-18,C,32200.0,0.0,20.0
2026-09-18,P,32200.0,0.0,0.0
2026-09-18,C,32300.0,0.0,255.0
2026-09-18,P,32300.0,0.0,0.0
2026-09-18,C,32400.0,0.0,16.0
2026-09-18,P,32400.0,0.0,0.0
2026-09-18,C,32500.0,0.0,89.0
2026-09-18,P,32500.0,0.0,0.0
2026-09-18,C,32600.0,0.0,93.0
2026-09-18,P,32600.0,0.0,0.0
2026-09-18,C,32700.0,0.0,1.0
2026-09-18,P,32700.0,0.0,0.0
2026-09-18,C,32800.0,0.0,12.0
2026-09-18,P,32800.0,0.0,0.0
2026-09-18,C,32900.0,0.0,0.0
2026-09-18,P,32900.0,0.0,0.0
2026-09-18,C,33000.0,0.0,466.0
2026-09-18,P,33000.0,0.0,0.0
2026-09-18,C,33100.0,0.0,0.0
2026-09-18,P,33100.0,0.0,0.0
2026-09-18,C,33200.0,0.0,196.0
2026-09-18,P,33200.0,0.0,0.0
2026-09-18,C,33400.0,0.0,305.0
2026-09-18,P,33400.0,0.0,0.0
2026-09-18,C,33500.0,0.0,58.0
2026-09-18,P,33500.0,0.0,0.0
2026-09-18,C,33600.0,0.0,98.0
2026-09-18,P,33600.0,0.0,0.0
2026-09-18,C,33800.0,0.0,17.0
2026-09-18,P,33800.0,0.0,0.0
2026-09-18,C,34000.0,0.0,478.0
2026-09-18,P,34000.0,0.0,0.0
2026-09-18,C,34200.0,0.0,5.0
2026-09-18,P,34200.0,0.0,0.0
2026-09-18,C,34400.0,0.0,3.0
2026-09-18,P,34400.0,0.0,0.0
2026-09-18,C,34500.0,0.0,32.0
2026-09-18,P,34500.0,0.0,0.0
2026-09-18,C,34600.0,0.0,2.0
2026-09-18,P,34600.0,0.0,0.0
2026-09-18,C,35000.0,0.0,191.0
2026-09-18,P,35000.0,0.0,0.0
2026-09-18,C,35500.0,0.0,17.0
2026-09-18,P,35500.0,0.0,0.0
2026-09-18,C,36000.0,0.0,99.0
2026-09-18,P,36000.0,0.0,0.0
2026-09-18,C,36500.0,0.0,30.0
2026-09-18,P,36500.0,0.0,0.0
2026-09-18,C,37000.0,0.0,40.0
2026-09-18,P,37000.0,0.0,0.0
2026-09-18,C,38000.0,0.0,160.0
2026-09-18,P,38000.0,0.0,0.0
2026-09-18,C,39000.0,0.0,97.0
2026-09-18,P,39000.0,0.0,0.0
2026-09-18,C,40000.0,0.0,236.0
2026-09-18,P,40000.0,0.0,0.0
2026-09-18,C,41000.0,0.0,409.0
2026-09-18,P,41000.0,0.0,0.0
2026-09-18,C,42000.0,0.0,99.0
2026-09-18,P,42000.0,0.0,0.0
2026-09-18,C,43000.0,0.0,471.0
2026-09-18,P,43000.0,0.0,0.0
2026-10-16,C,4000.0,0.0,64.0
2026-10-16,P,4000.0,0.0,0.0
2026-10-16,C,5000.0,0.0,1.0
2026-10-16,P,5000.0,0.0,3.0
2026-10-16,C,6000.0,0.0,0.0
2026-10-16,P,6000.0,0.0,19.0
2026-10-16,C,7000.0,0.0,1.0
2026-10-16,P,7000.0,0.0,3.0
2026-10-16,C,8000.0,0.0,0.0
2026-10-16,P,8000.0,0.0,22.0
2026-10-16,C,9000.0,0.0,0.0
2026-10-16,P,9000.0,0.0,1.0
2026-10-16,C,10000.0,0.0,0.0
2026-10-16,P,10000.0,0.0,16.0
2026-10-16,C,11000.0,0.0,0.0
2026-10-16,P,11000.0,0.0,23.0
2026-10-16,C,12000.0,0.0,0.0
2026-10-16,P,12000.0,0.0,1.0
2026-10-16,C,13000.0,0.0,0.0
2026-10-16,P,13000.0,0.0,552.0
2026-10-16,C,14000.0,0.0,0.0
2026-10-16,P,14000.0,0.0,387.0
2026-10-16,C,15000.0,0.0,0.0
2026-10-16,P,15000.0,0.0,151.0
2026-10-16,C,15500.0,0.0,0.0
2026-10-16,P,15500.0,0.0,53.0
2026-10-16,C,16000.0,0.0,0.0
2026-10-16,P,16000.0,0.0,272.0
2026-10-16,C,16500.0,0.0,0.0
2026-10-16,P,16500.0,0.0,27.0
2026-10-16,C,17000.0,0.0,0.0
2026-10-16,P,17000.0,0.0,198.0
2026-10-16,C,17500.0,0.0,0.0
2026-10-16,P,17500.0,0.0,6.0
2026-10-16,C,18000.0,0.0,0.0
2026-10-16,P,18000.0,0.0,157.0
2026-10-16,C,18500.0,0.0,0.0
2026-10-16,P,18500.0,0.0,28.0
2026-10-16,C,19000.0,0.0,0.0
2026-10-16,P,19000.0,0.0,16.0
2026-10-16,C,19500.0,0.0,0.0
2026-10-16,P,19500.0,0.0,17.0
2026-10-16,C,20000.0,0.0,0.0
2026-10-16,P,20000.0,0.0,934.0
2026-10-16,C,20500.0,0.0,2.0
2026-10-16,P,20500.0,0.0,14.0
2026-10-16,C,21000.0,0.0,0.0
2026-10-16,P,21000.0,0.0,146.0
2026-10-16,C,21500.0,0.0,0.0
2026-10-16,P,21500.0,0.0,104.0
2026-10-16,C,22000.0,0.0,0.0
2026-10-16,P,22000.0,0.0,2113.0
2026-10-16,C,22200.0,0.0,0.0
2026-10-16,P,22200.0,0.0,0.0
2026-10-16,C,22400.0,0.0,0.0
2026-10-16,P,22400.0,0.0,0.0
2026-10-16,C,22500.0,0.0,0.0
2026-10-16,P,22500.0,0.0,139.0
2026-10-16,C,22600.0,0.0,0.0
2026-10-16,P,22600.0,0.0,9.0
2026-10-16,C,22800.0,0.0,0.0
2026-10-16,P,22800.0,0.0,65.0
2026-10-16,C,23000.0,0.0,0.0
2026-10-16,P,23000.0,0.0,51.0
2026-10-16,C,23100.0,0.0,0.0
2026-10-16,P,23100.0,0.0,6.0
2026-10-16,C,23200.0,0.0,0.0
2026-10-16,P,23200.0,0.0,13.0
2026-10-16,C,23300.0,0.0,0.0
2026-10-16,P,23300.0,0.0,10.0
2026-10-16,C,23400.0,0.0,0.0
2026-10-16,P,23400.0,0.0,27.0
2026-10-16,C,23500.0,0.0,0.0
2026-10-16,P,23500.0,0.0,6.0
2026-10-16,C,23600.0,0.0,0.0
2026-10-16,P,23600.0,0.0,6.0
2026-10-16,C,23700.0,0.0,3.0
2026-10-16,P,23700.0,0.0,2.0
2026-10-16,C,23800.0,0.0,1.0
2026-10-16,P,23800.0,0.0,11.0
2026-10-16,C,23900.0,0.0,0.0
2026-10-16,P,23900.0,0.0,103.0
2026-10-16,C,24000.0,0.0,7.0
2026-10-16,P,24000.0,0.0,1222.0
2026-10-16,C,24100.0,0.0,0.0
2026-10-16,P,24100.0,0.0,2.0
2026-10-16,C,24200.0,0.0,2.0
2026-10-16,P,24200.0,0.0,19.0
2026-10-16,C,24300.0,0.0,1.0
2026-10-16,P,24300.0,0.0,3.0
2026-10-16,C,24400.0,0.0,1.0
2026-10-16,P,24400.0,0.0,25.0
2026-10-16,C,24500.0,0.0,3.0
2026-10-16,P,24500.0,0.0,43.0
2026-10-16,C,24600.0,0.0,0.0
2026-10-16,P,24600.0,0.0,24.0
2026-10-16,C,24700.0,0.0,5.0
2026-10-16,P,24700.0,0.0,10.0
2026-10-16,C,24800.0,0.0,9.0
2026-10-16,P,24800.0,0.0,11.0
2026-10-16,C,24900.0,0.0,0.0
2026-10-16,P,24900.0,0.0,21.0
2026-10-16,C,25000.0,0.0,27.0
2026-10-16,P,25000.0,0.0,145.0
2026-10-16,C,25100.0,0.0,1.0
2026-10-16,P,25100.0,0.0,3.0
2026-10-16,C,25200.0,0.0,1.0
2026-10-16,P,25200.0,0.0,23.0
2026-10-16,C,25300.0,0.0,2.0
2026-10-16,P,25300.0,0.0,9.0
2026-10-16,C,25400.0,0.0,2.0
2026-10-16,P,25400.0,0.0,4.0
2026-10-16,C,25500.0,0.0,0.0
2026-10-16,P,25500.0,0.0,1856.0
2026-10-16,C,25600.0,0.0,1.0
2026-10-16,P,25600.0,0.0,6.0
2026-10-16,C,25700.0,0.0,1.0
2026-10-16,P,25700.0,0.0,82.0
2026-10-16,C,25800.0,0.0,1.0
2026-10-16,P,25800.0,0.0,20.0
2026-10-16,C,25900.0,0.0,0.0
2026-10-16,P,25900.0,0.0,24.0
2026-10-16,C,26000.0,0.0,7.0
2026-10-16,P,26000.0,0.0,132.0
2026-10-16,C,26100.0,0.0,0.0
2026-10-16,P,26100.0,0.0,149.0
2026-10-16,C,26200.0,0.0001,1.0
2026-10-16,P,26200.0,0.0001,29.0
2026-10-16,C,26300.0,0.0001,0.0
2026-10-16,P,26300.0,0.0001,15.0
2026-10-16,C,26400.0,0.0001,0.0
2026-10-16,P,26400.0,0.0001,31.0
2026-10-16,C,26500.0,0.0001,8.0
2026-10-16,P,26500.0,0.0001,71.0
2026-10-16,C,26600.0,0.0001,1.0
2026-10-16,P,26600.0,0.0001,19.0
2026-10-16,C,26700.0,0.0001,0.0
2026-10-16,P,26700.0,0.0001,29.0
2026-10-16,C,26800.0,0.0001,0.0
2026-10-16,P,26800.0,0.0001,28.0
2026-10-16,C,26900.0,0.0001,0.0
2026-10-16,P,26900.0,0.0001,13.0
2026-10-16,C,26925.0,0.0001,0.0
2026-10-16,P,26925.0,0.0001,0.0
2026-10-16,C,26950.0,0.0001,0.0
2026-10-16,P,26950.0,0.0001,2.0
2026-10-16,C,26975.0,0.0001,0.0
2026-10-16,P,26975.0,0.0001,0.0
2026-10-16,C,27000.0,0.0001,27.0
2026-10-16,P,27000.0,0.0001,139.0
2026-10-16,C,27025.0,0.0001,0.0
2026-10-16,P,27025.0,0.0001,0.0
2026-10-16,C,27050.0,0.0001,0.0
2026-10-16,P,27050.0,0.0001,1.0
2026-10-16,C,27075.0,0.0001,0.0
2026-10-16,P,27075.0,0.0001,0.0
2026-10-16,C,27100.0,0.0001,1.0
2026-10-16,P,27100.0,0.0001,7.0
2026-10-16,C,27125.0,0.0001,0.0
2026-10-16,P,27125.0,0.0001,2.0
2026-10-16,C,27150.0,0.0001,0.0
2026-10-16,P,27150.0,0.0001,0.0
2026-10-16,C,27175.0,0.0001,0.0
2026-10-16,P,27175.0,0.0001,1.0
2026-10-16,C,27200.0,0.0001,1.0
2026-10-16,P,27200.0,0.0001,17.0
2026-10-16,C,27225.0,0.0001,0.0
2026-10-16,P,27225.0,0.0001,2.0
2026-10-16,C,27250.0,0.0001,0.0
2026-10-16,P,27250.0,0.0001,345.0
2026-10-16,C,27275.0,0.0001,0.0
2026-10-16,P,27275.0,0.0001,2.0
2026-10-16,C,27300.0,0.0001,0.0
2026-10-16,P,27300.0,0.0001,10.0
2026-10-16,C,27325.0,0.0001,0.0
2026-10-16,P,27325.0,0.0001,2.0
2026-10-16,C,27350.0,0.0001,0.0
2026-10-16,P,27350.0,0.0001,0.0
2026-10-16,C,27375.0,0.0001,0.0
2026-10-16,P,27375.0,0.0001,1.0
2026-10-16,C,27400.0,0.0001,1.0
2026-10-16,P,27400.0,0.0001,123.0
2026-10-16,C,27425.0,0.0001,0.0
2026-10-16,P,27425.0,0.0001,0.0
2026-10-16,C,27450.0,0.0001,0.0
2026-10-16,P,27450.0,0.0001,6.0
2026-10-16,C,27475.0,0.0001,0.0
2026-10-16,P,27475.0,0.0001,0.0
2026-10-16,C,27500.0,0.0001,0.0
2026-10-16,P,27500.0,0.0001,172.0
2026-10-16,C,27525.0,0.0001,0.0
2026-10-16,P,27525.0,0.0001,3.0
2026-10-16,C,27550.0,0.0001,0.0
2026-10-16,P,27550.0,0.0001,2.0
2026-10-16,C,27575.0,0.0001,0.0
2026-10-16,P,27575.0,0.0001,3.0
2026-10-16,C,27600.0,0.0001,4.0
2026-10-16,P,27600.0,0.0001,41.0
2026-10-16,C,27625.0,0.0001,0.0
2026-10-16,P,27625.0,0.0001,0.0
2026-10-16,C,27650.0,0.0001,0.0
2026-10-16,P,27650.0,0.0001,4.0
2026-10-16,C,27675.0,0.0001,0.0
2026-10-16,P,27675.0,0.0001,7.0
2026-10-16,C,27700.0,0.0001,1.0
2026-10-16,P,27700.0,0.0001,289.0
2026-10-16,C,27725.0,0.0001,0.0
2026-10-16,P,27725.0,0.0001,10.0
2026-10-16,C,27750.0,0.0001,0.0
2026-10-16,P,27750.0,0.0001,1.0
2026-10-16,C,27775.0,0.0001,0.0
2026-10-16,P,27775.0,0.0001,1.0
2026-10-16,C,27800.0,0.0001,2.0
2026-10-16,P,27800.0,0.0001,44.0
2026-10-16,C,27825.0,0.0001,0.0
2026-10-16,P,27825.0,0.0001,11.0
2026-10-16,C,27850.0,0.0001,0.0
2026-10-16,P,27850.0,0.0001,137.0
2026-10-16,C,27875.0,0.0001,2.0
2026-10-16,P,27875.0,0.0001,1.0
2026-10-16,C,27900.0,0.0001,0.0
2026-10-16,P,27900.0,0.0001,7.0
2026-10-16,C,27925.0,0.0001,0.0
2026-10-16,P,27925.0,0.0001,6.0
2026-10-16,C,27950.0,0.0001,0.0
2026-10-16,P,27950.0,0.0001,1.0
2026-10-16,C,27975.0,0.0001,0.0
2026-10-16,P,27975.0,0.0001,2.0
2026-10-16,C,28000.0,0.0001,12.0
2026-10-16,P,28000.0,0.0001,448.0
2026-10-16,C,28025.0,0.0001,1.0
2026-10-16,P,28025.0,0.0001,2.0
2026-10-16,C,28050.0,0.0001,1.0
2026-10-16,P,28050.0,0.0001,5.0
2026-10-16,C,28075.0,0.0001,2.0
2026-10-16,P,28075.0,0.0001,12.0
2026-10-16,C,28100.0,0.0001,0.0
2026-10-16,P,28100.0,0.0001,16.0
2026-10-16,C,28125.0,0.0001,0.0
2026-10-16,P,28125.0,0.0001,1.0
2026-10-16,C,28150.0,0.0001,1.0
2026-10-16,P,28150.0,0.0001,2.0
2026-10-16,C,28175.0,0.0001,0.0
2026-10-16,P,28175.0,0.0001,1.0
2026-10-16,C,28200.0,0.0001,1.0
2026-10-16,P,28200.0,0.0001,9.0
2026-10-16,C,28225.0,0.0001,0.0
2026-10-16,P,28225.0,0.0001,4.0
2026-10-16,C,28250.0,0.0001,0.0
2026-10-16,P,28250.0,0.0001,0.0
2026-10-16,C,28275.0,0.0001,0.0
2026-10-16,P,28275.0,0.0001,0.0
2026-10-16,C,28300.0,0.0001,1.0
2026-10-16,P,28300.0,0.0001,50.0
2026-10-16,C,28325.0,0.0001,2.0
2026-10-16,P,28325.0,0.0001,19.0
2026-10-16,C,28350.0,0.0001,1.0
2026-10-16,P,28350.0,0.0001,2.0
2026-10-16,C,28375.0,0.0002,0.0
2026-10-16,P,28375.0,0.0002,6.0
2026-10-16,C,28400.0,0.0002,12.0
2026-10-16,P,28400.0,0.0002,39.0
2026-10-16,C,28425.0,0.0002,0.0
2026-10-16,P,28425.0,0.0002,13.0
2026-10-16,C,28450.0,0.0002,2.0
2026-10-16,P,28450.0,0.0002,5.0
2026-10-16,C,28475.0,0.0002,0.0
2026-10-16,P,28475.0,0.0002,2.0
2026-10-16,C,28500.0,0.0002,62.0
2026-10-16,P,28500.0,0.0002,64.0
2026-10-16,C,28525.0,0.0002,1.0
2026-10-16,P,28525.0,0.0002,2.0
2026-10-16,C,28550.0,0.0002,2.0
2026-10-16,P,28550.0,0.0002,13.0
2026-10-16,C,28575.0,0.0002,2.0
2026-10-16,P,28575.0,0.0002,3.0
2026-10-16,C,28600.0,0.0002,1.0
2026-10-16,P,28600.0,0.0002,8.0
2026-10-16,C,28625.0,0.0002,12.0
2026-10-16,P,28625.0,0.0002,2.0
2026-10-16,C,28650.0,0.0002,2.0
2026-10-16,P,28650.0,0.0002,4.0
2026-10-16,C,28675.0,0.0002,0.0
2026-10-16,P,28675.0,0.0002,6.0
2026-10-16,C,28700.0,0.0002,0.0
2026-10-16,P,28700.0,0.0002,11.0
2026-10-16,C,28725.0,0.0002,0.0
2026-10-16,P,28725.0,0.0002,0.0
2026-10-16,C,28750.0,0.0002,0.0
2026-10-16,P,28750.0,0.0002,1.0
2026-10-16,C,28775.0,0.0002,1.0
2026-10-16,P,28775.0,0.0002,4.0
2026-10-16,C,28800.0,0.0002,4.0
2026-10-16,P,28800.0,0.0002,14.0
2026-10-16,C,28825.0,0.0002,1.0
2026-10-16,P,28825.0,0.0002,2.0
2026-10-16,C,28850.0,0.0002,9.0
2026-10-16,P,28850.0,0.0002,51.0
2026-10-16,C,28875.0,0.0002,1.0
2026-10-16,P,28875.0,0.0002,3.0
2026-10-16,C,28900.0,0.0002,4.0
2026-10-16,P,28900.0,0.0002,22.0
2026-10-16,C,28925.0,0.0002,0.0
2026-10-16,P,28925.0,0.0002,3.0
2026-10-16,C,28950.0,0.0002,0.0
2026-10-16,P,28950.0,0.0002,5.0
2026-10-16,C,28975.0,0.0002,2.0
2026-10-16,P,28975.0,0.0002,3.0
2026-10-16,C,29000.0,0.0002,57.0
2026-10-16,P,29000.0,0.0002,109.0
2026-10-16,C,29025.0,0.0002,2.0
2026-10-16,P,29025.0,0.0002,2.0
2026-10-16,C,29050.0,0.0002,4.0
2026-10-16,P,29050.0,0.0002,5.0
2026-10-16,C,29075.0,0.0002,3.0
2026-10-16,P,29075.0,0.0002,3.0
2026-10-16,C,29100.0,0.0002,5.0
2026-10-16,P,29100.0,0.0002,16.0
2026-10-16,C,29125.0,0.0002,2.0
2026-10-16,P,29125.0,0.0002,2.0
2026-10-16,C,29150.0,0.0002,4.0
2026-10-16,P,29150.0,0.0002,5.0
2026-10-16,C,29175.0,0.0002,2.0
2026-10-16,P,29175.0,0.0002,2.0
2026-10-16,C,29200.0,0.0002,68.0
2026-10-16,P,29200.0,0.0002,68.0
2026-10-16,C,29225.0,0.0002,3.0
2026-10-16,P,29225.0,0.0002,0.0
2026-10-16,C,29250.0,0.0002,4.0
2026-10-16,P,29250.0,0.0002,125.0
2026-10-16,C,29275.0,0.0002,4.0
2026-10-16,P,29275.0,0.0002,8.0
2026-10-16,C,29300.0,0.0002,2.0
2026-10-16,P,29300.0,0.0002,13.0
2026-10-16,C,29325.0,0.0002,11.0
2026-10-16,P,29325.0,0.0002,0.0
2026-10-16,C,29350.0,0.0002,4.0
2026-10-16,P,29350.0,0.0002,6.0
2026-10-16,C,29375.0,0.0002,3.0
2026-10-16,P,29375.0,0.0002,6.0
2026-10-16,C,29400.0,0.0002,15.0
2026-10-16,P,29400.0,0.0002,22.0
2026-10-16,C,29425.0,0.0002,0.0
2026-10-16,P,29425.0,0.0002,2.0
2026-10-16,C,29450.0,0.0002,1.0
2026-10-16,P,29450.0,0.0002,2.0
2026-10-16,C,29475.0,0.0002,3.0
2026-10-16,P,29475.0,0.0002,1.0
2026-10-16,C,29500.0,0.0002,139.0
2026-10-16,P,29500.0,0.0002,18.0
2026-10-16,C,29525.0,0.0002,4.0
2026-10-16,P,29525.0,0.0002,2.0
2026-10-16,C,29550.0,0.0002,1.0
2026-10-16,P,29550.0,0.0002,1.0
2026-10-16,C,29575.0,0.0002,2.0
2026-10-16,P,29575.0,0.0002,1.0
2026-10-16,C,29600.0,0.0002,9.0
2026-10-16,P,29600.0,0.0002,63.0
2026-10-16,C,29625.0,0.0002,4.0
2026-10-16,P,29625.0,0.0002,2.0
2026-10-16,C,29650.0,0.0002,4.0
2026-10-16,P,29650.0,0.0002,0.0
2026-10-16,C,29675.0,0.0002,4.0
2026-10-16,P,29675.0,0.0002,25.0
2026-10-16,C,29700.0,0.0002,24.0
2026-10-16,P,29700.0,0.0002,20.0
2026-10-16,C,29725.0,0.0002,1.0
2026-10-16,P,29725.0,0.0002,17.0
2026-10-16,C,29750.0,0.0002,4.0
2026-10-16,P,29750.0,0.0002,1.0
2026-10-16,C,29775.0,0.0002,0.0
2026-10-16,P,29775.0,0.0002,0.0
2026-10-16,C,29800.0,0.0002,8.0
2026-10-16,P,29800.0,0.0002,26.0
2026-10-16,C,29825.0,0.0002,6.0
2026-10-16,P,29825.0,0.0002,4.0
2026-10-16,C,29850.0,0.0002,3.0
2026-10-16,P,29850.0,0.0002,1.0
2026-10-16,C,29875.0,0.0002,1.0
2026-10-16,P,29875.0,0.0002,5.0
2026-10-16,C,29900.0,0.0002,5.0
2026-10-16,P,29900.0,0.0002,5.0
2026-10-16,C,29925.0,0.0002,0.0
2026-10-16,P,29925.0,0.0002,2.0
2026-10-16,C,29950.0,0.0002,5.0
2026-10-16,P,29950.0,0.0002,6.0
2026-10-16,C,29975.0,0.0002,1253.0
2026-10-16,P,29975.0,0.0002,1.0
2026-10-16,C,30000.0,0.0002,549.0
2026-10-16,P,30000.0,0.0002,59.0
2026-10-16,C,30025.0,0.0002,95.0
2026-10-16,P,30025.0,0.0002,2.0
2026-10-16,C,30050.0,0.0002,7.0
2026-10-16,P,30050.0,0.0002,4.0
2026-10-16,C,30075.0,0.0002,5.0
2026-10-16,P,30075.0,0.0002,7.0
2026-10-16,C,30100.0,0.0002,12.0
2026-10-16,P,30100.0,0.0002,5.0
2026-10-16,C,30125.0,0.0002,3.0
2026-10-16,P,30125.0,0.0002,1.0
2026-10-16,C,30150.0,0.0002,5.0
2026-10-16,P,30150.0,0.0002,9.0
2026-10-16,C,30175.0,0.0002,4.0
2026-10-16,P,30175.0,0.0002,7.0
2026-10-16,C,30200.0,0.0002,6.0
2026-10-16,P,30200.0,0.0002,10.0
2026-10-16,C,30225.0,0.0002,7.0
2026-10-16,P,30225.0,0.0002,5.0
2026-10-16,C,30250.0,0.0002,2.0
2026-10-16,P,30250.0,0.0002,0.0
2026-10-16,C,30275.0,0.0002,3.0
2026-10-16,P,30275.0,0.0002,0.0
2026-10-16,C,30300.0,0.0002,59.0
2026-10-16,P,30300.0,0.0002,66.0
2026-10-16,C,30325.0,0.0002,1.0
2026-10-16,P,30325.0,0.0002,0.0
2026-10-16,C,30350.0,0.0002,3.0
2026-10-16,P,30350.0,0.0002,3.0
2026-10-16,C,30375.0,0.0002,6.0
2026-10-16,P,30375.0,0.0002,1.0
2026-10-16,C,30400.0,0.0002,34.0
2026-10-16,P,30400.0,0.0002,43.0
2026-10-16,C,30425.0,0.0002,1255.0
2026-10-16,P,30425.0,0.0002,0.0
2026-10-16,C,30450.0,0.0002,6.0
2026-10-16,P,30450.0,0.0002,1.0
2026-10-16,C,30475.0,0.0002,6.0
2026-10-16,P,30475.0,0.0002,19.0
2026-10-16,C,30500.0,0.0002,75.0
2026-10-16,P,30500.0,0.0002,19.0
2026-10-16,C,30525.0,0.0002,11.0
2026-10-16,P,30525.0,0.0002,4.0
2026-10-16,C,30550.0,0.0002,2.0
2026-10-16,P,30550.0,0.0002,4.0
2026-10-16,C,30575.0,0.0002,3.0
2026-10-16,P,30575.0,0.0002,0.0
2026-10-16,C,30600.0,0.0002,32.0
2026-10-16,P,30600.0,0.0002,13.0
2026-10-16,C,30625.0,0.0002,2.0
2026-10-16,P,30625.0,0.0002,4.0
2026-10-16,C,30650.0,0.0002,0.0
2026-10-16,P,30650.0,0.0002,4.0
2026-10-16,C,30675.0,0.0002,6.0
2026-10-16,P,30675.0,0.0002,4.0
2026-10-16,C,30700.0,0.0002,60.0
2026-10-16,P,30700.0,0.0002,4.0
2026-10-16,C,30725.0,0.0002,11.0
2026-10-16,P,30725.0,0.0002,0.0
2026-10-16,C,30750.0,0.0002,3.0
2026-10-16,P,30750.0,0.0002,1.0
2026-10-16,C,30775.0,0.0002,3.0
2026-10-16,P,30775.0,0.0002,2.0
2026-10-16,C,30800.0,0.0002,11.0
2026-10-16,P,30800.0,0.0002,5.0
2026-10-16,C,30825.0,0.0002,11.0
2026-10-16,P,30825.0,0.0002,0.0
2026-10-16,C,30850.0,0.0002,11.0
2026-10-16,P,30850.0,0.0002,1.0
2026-10-16,C,30875.0,0.0002,6.0
2026-10-16,P,30875.0,0.0002,0.0
2026-10-16,C,30900.0,0.0002,52.0
2026-10-16,P,30900.0,0.0002,7.0
2026-10-16,C,30925.0,0.0002,6.0
2026-10-16,P,30925.0,0.0002,2.0
2026-10-16,C,30950.0,0.0002,81.0
2026-10-16,P,30950.0,0.0002,0.0
2026-10-16,C,30975.0,0.0002,9.0
2026-10-16,P,30975.0,0.0002,2.0
2026-10-16,C,31000.0,0.0002,154.0
2026-10-16,P,31000.0,0.0002,11.0
2026-10-16,C,31025.0,0.0002,5.0
2026-10-16,P,31025.0,0.0002,1.0
2026-10-16,C,31050.0,0.0002,2.0
2026-10-16,P,31050.0,0.0002,0.0
2026-10-16,C,31075.0,0.0002,23.0
2026-10-16,P,31075.0,0.0002,1.0
2026-10-16,C,31100.0,0.0002,8.0
2026-10-16,P,31100.0,0.0002,4.0
2026-10-16,C,31125.0,0.0002,4.0
2026-10-16,P,31125.0,0.0002,0.0
2026-10-16,C,31150.0,0.0002,14.0
2026-10-16,P,31150.0,0.0002,0.0
2026-10-16,C,31175.0,0.0002,4.0
2026-10-16,P,31175.0,0.0002,0.0
2026-10-16,C,31200.0,0.0002,84.0
2026-10-16,P,31200.0,0.0002,12.0
2026-10-16,C,31225.0,0.0002,15.0
2026-10-16,P,31225.0,0.0002,2.0
2026-10-16,C,31250.0,0.0002,141.0
2026-10-16,P,31250.0,0.0002,0.0
2026-10-16,C,31275.0,0.0001,138.0
2026-10-16,P,31275.0,0.0001,0.0
2026-10-16,C,31300.0,0.0001,42.0
2026-10-16,P,31300.0,0.0001,1.0
2026-10-16,C,31325.0,0.0001,4.0
2026-10-16,P,31325.0,0.0001,0.0
2026-10-16,C,31350.0,0.0001,3.0
2026-10-16,P,31350.0,0.0001,0.0
2026-10-16,C,31375.0,0.0001,2.0
2026-10-16,P,31375.0,0.0001,1.0
2026-10-16,C,31400.0,0.0001,10.0
2026-10-16,P,31400.0,0.0001,2.0
2026-10-16,C,31425.0,0.0001,22.0
2026-10-16,P,31425.0,0.0001,1.0
2026-10-16,C,31500.0,0.0001,44.0
2026-10-16,P,31500.0,0.0001,6.0
2026-10-16,C,31600.0,0.0001,48.0
2026-10-16,P,31600.0,0.0001,1.0
2026-10-16,C,31700.0,0.0001,92.0
2026-10-16,P,31700.0,0.0001,2.0
2026-10-16,C,31800.0,0.0001,38.0
2026-10-16,P,31800.0,0.0001,1.0
2026-10-16,C,31900.0,0.0001,15.0
2026-10-16,P,31900.0,0.0001,0.0
2026-10-16,C,32000.0,0.0001,146.0
2026-10-16,P,32000.0,0.0001,0.0
2026-10-16,C,32200.0,0.0001,232.0
2026-10-16,P,32200.0,0.0001,0.0
2026-10-16,C,32400.0,0.0001,6.0
2026-10-16,P,32400.0,0.0001,0.0
2026-10-16,C,32500.0,0.0001,55.0
2026-10-16,P,32500.0,0.0001,0.0
2026-10-16,C,32600.0,0.0,18.0
2026-10-16,P,32600.0,0.0,0.0
2026-10-16,C,32800.0,0.0,24.0
2026-10-16,P,32800.0,0.0,0.0
2026-10-16,C,33000.0,0.0,94.0
2026-10-16,P,33000.0,0.0,0.0
2026-10-16,C,33200.0,0.0,17.0
2026-10-16,P,33200.0,0.0,0.0
2026-10-16,C,33400.0,0.0,11.0
2026-10-16,P,33400.0,0.0,0.0
2026-10-16,C,33500.0,0.0,35.0
2026-10-16,P,33500.0,0.0,0.0
2026-10-16,C,33600.0,0.0,1.0
2026-10-16,P,33600.0,0.0,0.0
2026-10-16,C,33800.0,0.0,21.0
2026-10-16,P,33800.0,0.0,0.0
2026-10-16,C,34000.0,0.0,79.0
2026-10-16,P,34000.0,0.0,0.0
2026-10-16,C,34500.0,0.0,112.0
2026-10-16,P,34500.0,0.0,0.0
2026-10-16,C,35000.0,0.0,105.0
2026-10-16,P,35000.0,0.0,0.0
2026-10-16,C,35500.0,0.0,382.0
2026-10-16,P,35500.0,0.0,0.0
2026-10-16,C,36000.0,0.0,25.0
2026-10-16,P,36000.0,0.0,0.0
2026-10-16,C,36500.0,0.0,33.0
2026-10-16,P,36500.0,0.0,0.0
2026-10-16,C,37000.0,0.0,74.0
2026-10-16,P,37000.0,0.0,0.0
2026-10-16,C,38000.0,0.0,69.0
2026-10-16,P,38000.0,0.0,0.0
2026-10-16,C,39000.0,0.0,58.0
2026-10-16,P,39000.0,0.0,0.0
2026-10-16,C,40000.0,0.0,224.0
2026-10-16,P,40000.0,0.0,0.0
2026-10-16,C,41000.0,0.0,275.0
2026-10-16,P,41000.0,0.0,0.0
2026-10-16,C,42000.0,0.0,118.0
2026-10-16,P,42000.0,0.0,0.0
2026-10-16,C,43000.0,0.0,348.0
2026-10-16,P,43000.0,0.0,0.0
2026-11-20,C,4000.0,0.0,0.0
2026-11-20,P,4000.0,0.0,1.0
2026-11-20,C,5000.0,0.0,1.0
2026-11-20,P,5000.0,0.0,9.0
2026-11-20,C,6000.0,0.0,0.0
2026-11-20,P,6000.0,0.0,10.0
2026-11-20,C,7000.0,0.0,1.0
2026-11-20,P,7000.0,0.0,4.0
2026-11-20,C,8000.0,0.0,0.0
2026-11-20,P,8000.0,0.0,115.0
2026-11-20,C,9000.0,0.0,0.0
2026-11-20,P,9000.0,0.0,61.0
2026-11-20,C,10000.0,0.0,1.0
2026-11-20,P,10000.0,0.0,1.0
2026-11-20,C,11000.0,0.0,0.0
2026-11-20,P,11000.0,0.0,14.0
2026-11-20,C,12000.0,0.0,0.0
2026-11-20,P,12000.0,0.0,235.0
2026-11-20,C,13000.0,0.0,0.0
2026-11-20,P,13000.0,0.0,8.0
2026-11-20,C,14000.0,0.0,0.0
2026-11-20,P,14000.0,0.0,6.0
2026-11-20,C,15000.0,0.0,1.0
2026-11-20,P,15000.0,0.0,123.0
2026-11-20,C,15500.0,0.0,0.0
2026-11-20,P,15500.0,0.0,2.0
2026-11-20,C,16000.0,0.0,0.0
2026-11-20,P,16000.0,0.0,6.0
2026-11-20,C,16500.0,0.0,0.0
2026-11-20,P,16500.0,0.0,16.0
2026-11-20,C,17000.0,0.0,0.0
2026-11-20,P,17000.0,0.0,14.0
2026-11-20,C,17500.0,0.0,0.0
2026-11-20,P,17500.0,0.0,1.0
2026-11-20,C,18000.0,0.0,0.0
2026-11-20,P,18000.0,0.0,217.0
2026-11-20,C,18500.0,0.0,0.0
2026-11-20,P,18500.0,0.0,3.0
2026-11-20,C,19000.0,0.0,1.0
2026-11-20,P,19000.0,0.0,5.0
2026-11-20,C,19500.0,0.0,0.0
2026-11-20,P,19500.0,0.0,11.0
2026-11-20,C,20000.0,0.0,0.0
2026-11-20,P,20000.0,0.0,448.0
2026-11-20,C,20500.0,0.0,0.0
2026-11-20,P,20500.0,0.0,4.0
2026-11-20,C,21000.0,0.0,0.0
2026-11-20,P,21000.0,0.0,11.0
2026-11-20,C,21500.0,0.0,0.0
2026-11-20,P,21500.0,0.0,45.0
2026-11-20,C,22000.0,0.0,0.0
2026-11-20,P,22000.0,0.0,284.0
2026-11-20,C,22500.0,0.0,0.0
2026-11-20,P,22500.0,0.0,260.0
2026-11-20,C,22600.0,0.0,0.0
2026-11-20,P,22600.0,0.0,12.0
2026-11-20,C,22800.0,0.0,0.0
2026-11-20,P,22800.0,0.0,4.0
2026-11-20,C,23000.0,0.0,0.0
2026-11-20,P,23000.0,0.0,30.0
2026-11-20,C,23100.0,0.0,0.0
2026-11-20,P,23100.0,0.0,11.0
2026-11-20,C,23200.0,0.0,0.0
2026-11-20,P,23200.0,0.0,5.0
2026-11-20,C,23300.0,0.0,0.0
2026-11-20,P,23300.0,0.0,8.0
2026-11-20,C,23400.0,0.0,0.0
2026-11-20,P,23400.0,0.0,3.0
2026-11-20,C,23500.0,0.0,0.0
2026-11-20,P,23500.0,0.0,25.0
2026-11-20,C,23600.0,0.0,0.0
2026-11-20,P,23600.0,0.0,4.0
2026-11-20,C,23700.0,0.0,0.0
2026-11-20,P,23700.0,0.0,2.0
2026-11-20,C,23800.0,0.0,0.0
2026-11-20,P,23800.0,0.0,8.0
2026-11-20,C,23900.0,0.0,0.0
2026-11-20,P,23900.0,0.0,5.0
2026-11-20,C,24000.0,0.0,0.0
2026-11-20,P,24000.0,0.0,7.0
2026-11-20,C,24100.0,0.0,0.0
2026-11-20,P,24100.0,0.0,3.0
2026-11-20,C,24200.0,0.0,0.0
2026-11-20,P,24200.0,0.0,2.0
2026-11-20,C,24300.0,0.0,0.0
2026-11-20,P,24300.0,0.0,0.0
2026-11-20,C,24400.0,0.0,4.0
2026-11-20,P,24400.0,0.0,10.0
2026-11-20,C,24500.0,0.0,10.0
2026-11-20,P,24500.0,0.0,4.0
2026-11-20,C,24600.0,0.0,1.0
2026-11-20,P,24600.0,0.0,0.0
2026-11-20,C,24700.0,0.0,1.0
2026-11-20,P,24700.0,0.0,2.0
2026-11-20,C,24800.0,0.0,1.0
2026-11-20,P,24800.0,0.0,83.0
2026-11-20,C,24900.0,0.0,0.0
2026-11-20,P,24900.0,0.0,14.0
2026-11-20,C,25000.0,0.0,5.0
2026-11-20,P,25000.0,0.0,107.0
2026-11-20,C,25100.0,0.0,0.0
2026-11-20,P,25100.0,0.0,0.0
2026-11-20,C,25200.0,0.0,0.0
2026-11-20,P,25200.0,0.0,7.0
2026-11-20,C,25300.0,0.0,0.0
2026-11-20,P,25300.0,0.0,16.0
2026-11-20,C,25400.0,0.0,0.0
2026-11-20,P,25400.0,0.0,6.0
2026-11-20,C,25500.0,0.0,6.0
2026-11-20,P,25500.0,0.0,8.0
2026-11-20,C,25600.0,0.0,0.0
2026-11-20,P,25600.0,0.0,5.0
2026-11-20,C,25700.0,0.0,1.0
2026-11-20,P,25700.0,0.0,73.0
2026-11-20,C,25800.0,0.0,0.0
2026-11-20,P,25800.0,0.0,24.0
2026-11-20,C,25900.0,0.0001,0.0
2026-11-20,P,25900.0,0.0001,40.0
2026-11-20,C,26000.0,0.0001,6.0
2026-11-20,P,26000.0,0.0001,63.0
2026-11-20,C,26200.0,0.0001,0.0
2026-11-20,P,26200.0,0.0001,22.0
2026-11-20,C,26400.0,0.0001,0.0
2026-11-20,P,26400.0,0.0001,36.0
2026-11-20,C,26500.0,0.0001,0.0
2026-11-20,P,26500.0,0.0001,56.0
2026-11-20,C,26600.0,0.0001,0.0
2026-11-20,P,26600.0,0.0001,32.0
2026-11-20,C,26800.0,0.0001,0.0
2026-11-20,P,26800.0,0.0001,20.0
2026-11-20,C,27000.0,0.0001,6.0
2026-11-20,P,27000.0,0.0001,55.0
2026-11-20,C,27100.0,0.0001,1.0
2026-11-20,P,27100.0,0.0001,65.0
2026-11-20,C,27200.0,0.0001,1.0
2026-11-20,P,27200.0,0.0001,3.0
2026-11-20,C,27300.0,0.0001,0.0
2026-11-20,P,27300.0,0.0001,31.0
2026-11-20,C,27400.0,0.0001,3.0
2026-11-20,P,27400.0,0.0001,62.0
2026-11-20,C,27500.0,0.0001,14.0
2026-11-20,P,27500.0,0.0001,2008.0
2026-11-20,C,27575.0,0.0001,6.0
2026-11-20,P,27575.0,0.0001,9.0
2026-11-20,C,27600.0,0.0001,0.0
2026-11-20,P,27600.0,0.0001,51.0
2026-11-20,C,27625.0,0.0001,6.0
2026-11-20,P,27625.0,0.0001,0.0
2026-11-20,C,27650.0,0.0001,0.0
2026-11-20,P,27650.0,0.0001,0.0
2026-11-20,C,27675.0,0.0001,0.0
2026-11-20,P,27675.0,0.0001,0.0
2026-11-20,C,27700.0,0.0001,0.0
2026-11-20,P,27700.0,0.0001,0.0
2026-11-20,C,27725.0,0.0001,0.0
2026-11-20,P,27725.0,0.0001,0.0
2026-11-20,C,27750.0,0.0001,0.0
2026-11-20,P,27750.0,0.0001,0.0
2026-11-20,C,27775.0,0.0001,0.0
2026-11-20,P,27775.0,0.0001,0.0
2026-11-20,C,27800.0,0.0001,0.0
2026-11-20,P,27800.0,0.0001,42.0
2026-11-20,C,27825.0,0.0001,0.0
2026-11-20,P,27825.0,0.0001,0.0
2026-11-20,C,27850.0,0.0001,0.0
2026-11-20,P,27850.0,0.0001,0.0
2026-11-20,C,27875.0,0.0001,0.0
2026-11-20,P,27875.0,0.0001,0.0
2026-11-20,C,27900.0,0.0001,0.0
2026-11-20,P,27900.0,0.0001,0.0
2026-11-20,C,27925.0,0.0001,0.0
2026-11-20,P,27925.0,0.0001,0.0
2026-11-20,C,27950.0,0.0001,0.0
2026-11-20,P,27950.0,0.0001,0.0
2026-11-20,C,27975.0,0.0001,0.0
2026-11-20,P,27975.0,0.0001,0.0
2026-11-20,C,28000.0,0.0001,1.0
2026-11-20,P,28000.0,0.0001,322.0
2026-11-20,C,28025.0,0.0001,0.0
2026-11-20,P,28025.0,0.0001,0.0
2026-11-20,C,28050.0,0.0001,1.0
2026-11-20,P,28050.0,0.0001,1.0
2026-11-20,C,28075.0,0.0001,0.0
2026-11-20,P,28075.0,0.0001,11.0
2026-11-20,C,28100.0,0.0001,0.0
2026-11-20,P,28100.0,0.0001,0.0
2026-11-20,C,28125.0,0.0001,0.0
2026-11-20,P,28125.0,0.0001,0.0
2026-11-20,C,28150.0,0.0001,0.0
2026-11-20,P,28150.0,0.0001,0.0
2026-11-20,C,28175.0,0.0001,0.0
2026-11-20,P,28175.0,0.0001,0.0
2026-11-20,C,28200.0,0.0001,1.0
2026-11-20,P,28200.0,0.0001,20.0
2026-11-20,C,28225.0,0.0001,0.0
2026-11-20,P,28225.0,0.0001,0.0
2026-11-20,C,28250.0,0.0001,0.0
2026-11-20,P,28250.0,0.0001,0.0
2026-11-20,C,28275.0,0.0001,0.0
2026-11-20,P,28275.0,0.0001,2.0
2026-11-20,C,28300.0,0.0001,0.0
2026-11-20,P,28300.0,0.0001,1.0
2026-11-20,C,28325.0,0.0001,0.0
2026-11-20,P,28325.0,0.0001,0.0
2026-11-20,C,28350.0,0.0001,0.0
2026-11-20,P,28350.0,0.0001,0.0
2026-11-20,C,28375.0,0.0001,0.0
2026-11-20,P,28375.0,0.0001,0.0
2026-11-20,C,28400.0,0.0001,2.0
2026-11-20,P,28400.0,0.0001,2.0
2026-11-20,C,28425.0,0.0001,0.0
2026-11-20,P,28425.0,0.0001,0.0
2026-11-20,C,28450.0,0.0001,0.0
2026-11-20,P,28450.0,0.0001,0.0
2026-11-20,C,28475.0,0.0001,0.0
2026-11-20,P,28475.0,0.0001,0.0
2026-11-20,C,28500.0,0.0001,2.0
2026-11-20,P,28500.0,0.0001,42.0
2026-11-20,C,28525.0,0.0001,0.0
2026-11-20,P,28525.0,0.0001,0.0
2026-11-20,C,28550.0,0.0001,0.0
2026-11-20,P,28550.0,0.0001,1.0
2026-11-20,C,28575.0,0.0001,0.0
2026-11-20,P,28575.0,0.0001,0.0
2026-11-20,C,28600.0,0.0001,5.0
2026-11-20,P,28600.0,0.0001,1.0
2026-11-20,C,28625.0,0.0001,0.0
2026-11-20,P,28625.0,0.0001,0.0
2026-11-20,C,28650.0,0.0001,0.0
2026-11-20,P,28650.0,0.0001,0.0
2026-11-20,C,28675.0,0.0001,0.0
2026-11-20,P,28675.0,0.0001,0.0
2026-11-20,C,28700.0,0.0001,0.0
2026-11-20,P,28700.0,0.0001,0.0
2026-11-20,C,28725.0,0.0001,0.0
2026-11-20,P,28725.0,0.0001,2.0
2026-11-20,C,28750.0,0.0001,0.0
2026-11-20,P,28750.0,0.0001,0.0
2026-11-20,C,28775.0,0.0001,0.0
2026-11-20,P,28775.0,0.0001,0.0
2026-11-20,C,28800.0,0.0001,12.0
2026-11-20,P,28800.0,0.0001,0.0
2026-11-20,C,28825.0,0.0001,0.0
2026-11-20,P,28825.0,0.0001,1.0
2026-11-20,C,28850.0,0.0001,0.0
2026-11-20,P,28850.0,0.0001,1.0
2026-11-20,C,28875.0,0.0001,0.0
2026-11-20,P,28875.0,0.0001,0.0
2026-11-20,C,28900.0,0.0001,0.0
2026-11-20,P,28900.0,0.0001,0.0
2026-11-20,C,28925.0,0.0001,0.0
2026-11-20,P,28925.0,0.0001,0.0
2026-11-20,C,28950.0,0.0001,0.0
2026-11-20,P,28950.0,0.0001,0.0
2026-11-20,C,28975.0,0.0001,0.0
2026-11-20,P,28975.0,0.0001,0.0
2026-11-20,C,29000.0,0.0001,30.0
2026-11-20,P,29000.0,0.0001,31.0
2026-11-20,C,29025.0,0.0001,0.0
2026-11-20,P,29025.0,0.0001,1.0
2026-11-20,C,29050.0,0.0001,0.0
2026-11-20,P,29050.0,0.0001,0.0
2026-11-20,C,29075.0,0.0001,0.0
2026-11-20,P,29075.0,0.0001,0.0
2026-11-20,C,29100.0,0.0001,0.0
2026-11-20,P,29100.0,0.0001,0.0
2026-11-20,C,29125.0,0.0001,0.0
2026-11-20,P,29125.0,0.0001,0.0
2026-11-20,C,29150.0,0.0001,0.0
2026-11-20,P,29150.0,0.0001,1.0
2026-11-20,C,29175.0,0.0001,0.0
2026-11-20,P,29175.0,0.0001,0.0
2026-11-20,C,29200.0,0.0001,0.0
2026-11-20,P,29200.0,0.0001,12.0
2026-11-20,C,29225.0,0.0001,0.0
2026-11-20,P,29225.0,0.0001,0.0
2026-11-20,C,29250.0,0.0001,0.0
2026-11-20,P,29250.0,0.0001,0.0
2026-11-20,C,29275.0,0.0001,0.0
2026-11-20,P,29275.0,0.0001,1.0
2026-11-20,C,29300.0,0.0001,0.0
2026-11-20,P,29300.0,0.0001,2.0
2026-11-20,C,29325.0,0.0001,0.0
2026-11-20,P,29325.0,0.0001,2.0
2026-11-20,C,29350.0,0.0001,0.0
2026-11-20,P,29350.0,0.0001,1.0
2026-11-20,C,29375.0,0.0001,0.0
2026-11-20,P,29375.0,0.0001,0.0
2026-11-20,C,29400.0,0.0001,1.0
2026-11-20,P,29400.0,0.0001,0.0
2026-11-20,C,29425.0,0.0001,0.0
2026-11-20,P,29425.0,0.0001,0.0
2026-11-20,C,29450.0,0.0001,0.0
2026-11-20,P,29450.0,0.0001,0.0
2026-11-20,C,29475.0,0.0001,0.0
2026-11-20,P,29475.0,0.0001,0.0
2026-11-20,C,29500.0,0.0001,18.0
2026-11-20,P,29500.0,0.0001,9.0
2026-11-20,C,29525.0,0.0001,0.0
2026-11-20,P,29525.0,0.0001,0.0
2026-11-20,C,29550.0,0.0001,0.0
2026-11-20,P,29550.0,0.0001,0.0
2026-11-20,C,29575.0,0.0001,1.0
2026-11-20,P,29575.0,0.0001,0.0
2026-11-20,C,29600.0,0.0001,1.0
2026-11-20,P,29600.0,0.0001,5.0
2026-11-20,C,29625.0,0.0001,0.0
2026-11-20,P,29625.0,0.0001,0.0
2026-11-20,C,29650.0,0.0001,1.0
2026-11-20,P,29650.0,0.0001,0.0
2026-11-20,C,29675.0,0.0001,1.0
2026-11-20,P,29675.0,0.0001,0.0
2026-11-20,C,29700.0,0.0001,1.0
2026-11-20,P,29700.0,0.0001,2.0
2026-11-20,C,29725.0,0.0001,0.0
2026-11-20,P,29725.0,0.0001,0.0
2026-11-20,C,29750.0,0.0001,1.0
2026-11-20,P,29750.0,0.0001,0.0
2026-11-20,C,29775.0,0.0001,0.0
2026-11-20,P,29775.0,0.0001,0.0
2026-11-20,C,29800.0,0.0001,12.0
2026-11-20,P,29800.0,0.0001,43.0
2026-11-20,C,29825.0,0.0001,0.0
2026-11-20,P,29825.0,0.0001,0.0
2026-11-20,C,29850.0,0.0001,1.0
2026-11-20,P,29850.0,0.0001,0.0
2026-11-20,C,29875.0,0.0001,0.0
2026-11-20,P,29875.0,0.0001,1.0
2026-11-20,C,29900.0,0.0001,0.0
2026-11-20,P,29900.0,0.0001,0.0
2026-11-20,C,29925.0,0.0001,0.0
2026-11-20,P,29925.0,0.0001,0.0
2026-11-20,C,29950.0,0.0001,0.0
2026-11-20,P,29950.0,0.0001,0.0
2026-11-20,C,29975.0,0.0001,0.0
2026-11-20,P,29975.0,0.0001,0.0
2026-11-20,C,30000.0,0.0002,81.0
2026-11-20,P,30000.0,0.0002,6.0
2026-11-20,C,30025.0,0.0002,0.0
2026-11-20,P,30025.0,0.0002,0.0
2026-11-20,C,30050.0,0.0002,0.0
2026-11-20,P,30050.0,0.0002,3.0
2026-11-20,C,30075.0,0.0002,0.0
2026-11-20,P,30075.0,0.0002,0.0
2026-11-20,C,30100.0,0.0002,0.0
2026-11-20,P,30100.0,0.0002,4.0
2026-11-20,C,30125.0,0.0002,0.0
2026-11-20,P,30125.0,0.0002,0.0
2026-11-20,C,30150.0,0.0002,2.0
2026-11-20,P,30150.0,0.0002,0.0
2026-11-20,C,30175.0,0.0002,5.0
2026-11-20,P,30175.0,0.0002,0.0
2026-11-20,C,30200.0,0.0002,8.0
2026-11-20,P,30200.0,0.0002,3.0
2026-11-20,C,30225.0,0.0002,5.0
2026-11-20,P,30225.0,0.0002,0.0
2026-11-20,C,30250.0,0.0002,5.0
2026-11-20,P,30250.0,0.0002,2.0
2026-11-20,C,30275.0,0.0002,0.0
2026-11-20,P,30275.0,0.0002,1.0
2026-11-20,C,30300.0,0.0002,3.0
2026-11-20,P,30300.0,0.0002,38.0
2026-11-20,C,30325.0,0.0002,0.0
2026-11-20,P,30325.0,0.0002,3.0
2026-11-20,C,30350.0,0.0002,0.0
2026-11-20,P,30350.0,0.0002,0.0
2026-11-20,C,30375.0,0.0002,0.0
2026-11-20,P,30375.0,0.0002,2.0
2026-11-20,C,30400.0,0.0002,4.0
2026-11-20,P,30400.0,0.0002,2.0
2026-11-20,C,30425.0,0.0002,0.0
2026-11-20,P,30425.0,0.0002,0.0
2026-11-20,C,30450.0,0.0002,1.0
2026-11-20,P,30450.0,0.0002,0.0
2026-11-20,C,30475.0,0.0002,0.0
2026-11-20,P,30475.0,0.0002,0.0
2026-11-20,C,30500.0,0.0002,2.0
2026-11-20,P,30500.0,0.0002,2.0
2026-11-20,C,30525.0,0.0002,2.0
2026-11-20,P,30525.0,0.0002,0.0
2026-11-20,C,30550.0,0.0001,1.0
2026-11-20,P,30550.0,0.0001,0.0
2026-11-20,C,30575.0,0.0001,0.0
2026-11-20,P,30575.0,0.0001,0.0
2026-11-20,C,30600.0,0.0001,11.0
2026-11-20,P,30600.0,0.0001,2.0
2026-11-20,C,30625.0,0.0001,0.0
2026-11-20,P,30625.0,0.0001,0.0
2026-11-20,C,30650.0,0.0001,7.0
2026-11-20,P,30650.0,0.0001,0.0
2026-11-20,C,30675.0,0.0001,0.0
2026-11-20,P,30675.0,0.0001,0.0
2026-11-20,C,30700.0,0.0001,1.0
2026-11-20,P,30700.0,0.0001,0.0
2026-11-20,C,30725.0,0.0001,0.0
2026-11-20,P,30725.0,0.0001,0.0
2026-11-20,C,30750.0,0.0001,0.0
2026-11-20,P,30750.0,0.0001,0.0
2026-11-20,C,30775.0,0.0001,0.0
2026-11-20,P,30775.0,0.0001,0.0
2026-11-20,C,30800.0,0.0001,2.0
2026-11-20,P,30800.0,0.0001,0.0
2026-11-20,C,30825.0,0.0001,1.0
2026-11-20,P,30825.0,0.0001,0.0
2026-11-20,C,30850.0,0.0001,1.0
2026-11-20,P,30850.0,0.0001,0.0
2026-11-20,C,30875.0,0.0001,0.0
2026-11-20,P,30875.0,0.0001,0.0
2026-11-20,C,30900.0,0.0001,3.0
2026-11-20,P,30900.0,0.0001,0.0
2026-11-20,C,30925.0,0.0001,0.0
2026-11-20,P,30925.0,0.0001,0.0
2026-11-20,C,30950.0,0.0001,0.0
2026-11-20,P,30950.0,0.0001,0.0
2026-11-20,C,30975.0,0.0001,0.0
2026-11-20,P,30975.0,0.0001,2.0
2026-11-20,C,31000.0,0.0001,19.0
2026-11-20,P,31000.0,0.0001,5.0
2026-11-20,C,31025.0,0.0001,0.0
2026-11-20,P,31025.0,0.0001,0.0
2026-11-20,C,31050.0,0.0001,4.0
2026-11-20,P,31050.0,0.0001,0.0
2026-11-20,C,31075.0,0.0001,0.0
2026-11-20,P,31075.0,0.0001,1.0
2026-11-20,C,31100.0,0.0001,2.0
2026-11-20,P,31100.0,0.0001,0.0
2026-11-20,C,31125.0,0.0001,0.0
2026-11-20,P,31125.0,0.0001,0.0
2026-11-20,C,31150.0,0.0001,11.0
2026-11-20,P,31150.0,0.0001,0.0
2026-11-20,C,31175.0,0.0001,0.0
2026-11-20,P,31175.0,0.0001,0.0
2026-11-20,C,31200.0,0.0001,2.0
2026-11-20,P,31200.0,0.0001,0.0
2026-11-20,C,31225.0,0.0001,0.0
2026-11-20,P,31225.0,0.0001,0.0
2026-11-20,C,31250.0,0.0001,11.0
2026-11-20,P,31250.0,0.0001,0.0
2026-11-20,C,31300.0,0.0001,1.0
2026-11-20,P,31300.0,0.0001,0.0
2026-11-20,C,31400.0,0.0001,3.0
2026-11-20,P,31400.0,0.0001,0.0
2026-11-20,C,31500.0,0.0001,15.0
2026-11-20,P,31500.0,0.0001,1.0
2026-11-20,C,31600.0,0.0001,3.0
2026-11-20,P,31600.0,0.0001,0.0
2026-11-20,C,31700.0,0.0001,0.0
2026-11-20,P,31700.0,0.0001,0.0
2026-11-20,C,31800.0,0.0001,34.0
2026-11-20,P,31800.0,0.0001,0.0
2026-11-20,C,32000.0,0.0001,65.0
2026-11-20,P,32000.0,0.0001,1.0
2026-11-20,C,32200.0,0.0001,10.0
2026-11-20,P,32200.0,0.0001,0.0
2026-11-20,C,32400.0,0.0001,15.0
2026-11-20,P,32400.0,0.0001,0.0
2026-11-20,C,32500.0,0.0001,18.0
2026-11-20,P,32500.0,0.0001,1.0
2026-11-20,C,32600.0,0.0001,4.0
2026-11-20,P,32600.0,0.0001,0.0
2026-11-20,C,32800.0,0.0001,11.0
2026-11-20,P,32800.0,0.0001,0.0
2026-11-20,C,33000.0,0.0001,41.0
2026-11-20,P,33000.0,0.0001,2.0
2026-11-20,C,33200.0,0.0001,21.0
2026-11-20,P,33200.0,0.0001,0.0
2026-11-20,C,33400.0,0.0001,11.0
2026-11-20,P,33400.0,0.0001,0.0
2026-11-20,C,33500.0,0.0001,12.0
2026-11-20,P,33500.0,0.0001,0.0
2026-11-20,C,33600.0,0.0,2.0
2026-11-20,P,33600.0,0.0,0.0
2026-11-20,C,33800.0,0.0,2.0
2026-11-20,P,33800.0,0.0,0.0
2026-11-20,C,34000.0,0.0,59.0
2026-11-20,P,34000.0,0.0,0.0
2026-11-20,C,34500.0,0.0,61.0
2026-11-20,P,34500.0,0.0,0.0
2026-11-20,C,35000.0,0.0,22.0
2026-11-20,P,35000.0,0.0,1.0
2026-11-20,C,35500.0,0.0,4.0
2026-11-20,P,35500.0,0.0,0.0
2026-11-20,C,36000.0,0.0,13.0
2026-11-20,P,36000.0,0.0,0.0
2026-11-20,C,36500.0,0.0,99.0
2026-11-20,P,36500.0,0.0,0.0
2026-11-20,C,37000.0,0.0,42.0
2026-11-20,P,37000.0,0.0,0.0
2026-11-20,C,38000.0,0.0,200.0
2026-11-20,P,38000.0,0.0,0.0
2026-11-20,C,39000.0,0.0,85.0
2026-11-20,P,39000.0,0.0,0.0
2026-11-20,C,40000.0,0.0,77.0
2026-11-20,P,40000.0,0.0,0.0
2026-11-20,C,41000.0,0.0,132.0
2026-11-20,P,41000.0,0.0,0.0
2026-11-20,C,42000.0,0.0,20.0
2026-11-20,P,42000.0,0.0,0.0
2026-11-20,C,43000.0,0.0,428.0
2026-11-20,P,43000.0,0.0,0.0
2026-12-18,C,1.0,0.0,0.0
2026-12-18,P,1.0,0.0,0.0
2026-12-18,C,4000.0,0.0,2.0
2026-12-18,P,4000.0,0.0,9.0
2026-12-18,C,5000.0,0.0,131.0
2026-12-18,P,5000.0,0.0,8.0
2026-12-18,C,6000.0,0.0,13.0
2026-12-18,P,6000.0,0.0,4.0
2026-12-18,C,7000.0,0.0,9.0
2026-12-18,P,7000.0,0.0,1.0
2026-12-18,C,8000.0,0.0,22.0
2026-12-18,P,8000.0,0.0,88.0
2026-12-18,C,9000.0,0.0,49.0
2026-12-18,P,9000.0,0.0,82.0
2026-12-18,C,10000.0,0.0,51.0
2026-12-18,P,10000.0,0.0,235.0
2026-12-18,C,11000.0,0.0,16.0
2026-12-18,P,11000.0,0.0,243.0
2026-12-18,C,12000.0,0.0,237.0
2026-12-18,P,12000.0,0.0,320.0
2026-12-18,C,12100.0,0.0,0.0
2026-12-18,P,12100.0,0.0,10.0
2026-12-18,C,12200.0,0.0,2.0
2026-12-18,P,12200.0,0.0,4.0
2026-12-18,C,12300.0,0.0,12.0
2026-12-18,P,12300.0,0.0,16.0
2026-12-18,C,12400.0,0.0,80.0
2026-12-18,P,12400.0,0.0,7.0
2026-12-18,C,12500.0,0.0,4.0
2026-12-18,P,12500.0,0.0,20.0
2026-12-18,C,12600.0,0.0,29.0
2026-12-18,P,12600.0,0.0,4.0
2026-12-18,C,12700.0,0.0,8.0
2026-12-18,P,12700.0,0.0,2.0
2026-12-18,C,12800.0,0.0,35.0
2026-12-18,P,12800.0,0.0,13.0
2026-12-18,C,12900.0,0.0,0.0
2026-12-18,P,12900.0,0.0,6.0
2026-12-18,C,13000.0,0.0,274.0
2026-12-18,P,13000.0,0.0,18.0
2026-12-18,C,13100.0,0.0,0.0
2026-12-18,P,13100.0,0.0,2.0
2026-12-18,C,13200.0,0.0,1.0
2026-12-18,P,13200.0,0.0,2.0
2026-12-18,C,13300.0,0.0,0.0
2026-12-18,P,13300.0,0.0,2.0
2026-12-18,C,13400.0,0.0,0.0
2026-12-18,P,13400.0,0.0,12.0
2026-12-18,C,13500.0,0.0,2.0
2026-12-18,P,13500.0,0.0,4.0
2026-12-18,C,13600.0,0.0,1.0
2026-12-18,P,13600.0,0.0,7.0
2026-12-18,C,13700.0,0.0,0.0
2026-12-18,P,13700.0,0.0,9.0
2026-12-18,C,13800.0,0.0,1.0
2026-12-18,P,13800.0,0.0,2.0
2026-12-18,C,13900.0,0.0,1.0
2026-12-18,P,13900.0,0.0,3.0
2026-12-18,C,14000.0,0.0,25.0
2026-12-18,P,14000.0,0.0,34.0
2026-12-18,C,14100.0,0.0,0.0
2026-12-18,P,14100.0,0.0,10.0
2026-12-18,C,14200.0,0.0,0.0
2026-12-18,P,14200.0,0.0,4.0
2026-12-18,C,14300.0,0.0,0.0
2026-12-18,P,14300.0,0.0,4.0
2026-12-18,C,14400.0,0.0,0.0
2026-12-18,P,14400.0,0.0,24.0
2026-12-18,C,14500.0,0.0,1.0
2026-12-18,P,14500.0,0.0,13.0
2026-12-18,C,14600.0,0.0,0.0
2026-12-18,P,14600.0,0.0,3.0
2026-12-18,C,14700.0,0.0,0.0
2026-12-18,P,14700.0,0.0,3.0
2026-12-18,C,14800.0,0.0,55.0
2026-12-18,P,14800.0,0.0,23.0
2026-12-18,C,14900.0,0.0,15.0
2026-12-18,P,14900.0,0.0,1.0
2026-12-18,C,15000.0,0.0,140.0
2026-12-18,P,15000.0,0.0,86.0
2026-12-18,C,15100.0,0.0,45.0
2026-12-18,P,15100.0,0.0,40.0
2026-12-18,C,15200.0,0.0,0.0
2026-12-18,P,15200.0,0.0,3.0
2026-12-18,C,15300.0,0.0,0.0
2026-12-18,P,15300.0,0.0,7.0
2026-12-18,C,15400.0,0.0,0.0
2026-12-18,P,15400.0,0.0,6.0
2026-12-18,C,15500.0,0.0,0.0
2026-12-18,P,15500.0,0.0,19.0
2026-12-18,C,15600.0,0.0,0.0
2026-12-18,P,15600.0,0.0,3.0
2026-12-18,C,15700.0,0.0,0.0
2026-12-18,P,15700.0,0.0,13.0
2026-12-18,C,15800.0,0.0,0.0
2026-12-18,P,15800.0,0.0,5.0
2026-12-18,C,15900.0,0.0,0.0
2026-12-18,P,15900.0,0.0,13.0
2026-12-18,C,16000.0,0.0,0.0
2026-12-18,P,16000.0,0.0,134.0
2026-12-18,C,16100.0,0.0,1.0
2026-12-18,P,16100.0,0.0,1.0
2026-12-18,C,16200.0,0.0,0.0
2026-12-18,P,16200.0,0.0,26.0
2026-12-18,C,16300.0,0.0,0.0
2026-12-18,P,16300.0,0.0,4.0
2026-12-18,C,16400.0,0.0,0.0
2026-12-18,P,16400.0,0.0,2.0
2026-12-18,C,16500.0,0.0,0.0
2026-12-18,P,16500.0,0.0,25.0
2026-12-18,C,16600.0,0.0,0.0
2026-12-18,P,16600.0,0.0,3.0
2026-12-18,C,16700.0,0.0,0.0
2026-12-18,P,16700.0,0.0,1.0
2026-12-18,C,16800.0,0.0,0.0
2026-12-18,P,16800.0,0.0,1.0
2026-12-18,C,16900.0,0.0,0.0
2026-12-18,P,16900.0,0.0,5.0
2026-12-18,C,17000.0,0.0,2.0
2026-12-18,P,17000.0,0.0,50.0
2026-12-18,C,17100.0,0.0,0.0
2026-12-18,P,17100.0,0.0,0.0
2026-12-18,C,17200.0,0.0,1.0
2026-12-18,P,17200.0,0.0,6.0
2026-12-18,C,17300.0,0.0,1.0
2026-12-18,P,17300.0,0.0,2.0
2026-12-18,C,17400.0,0.0,0.0
2026-12-18,P,17400.0,0.0,9.0
2026-12-18,C,17500.0,0.0,0.0
2026-12-18,P,17500.0,0.0,64.0
2026-12-18,C,17600.0,0.0,0.0
2026-12-18,P,17600.0,0.0,2.0
2026-12-18,C,17700.0,0.0,0.0
2026-12-18,P,17700.0,0.0,1.0
2026-12-18,C,17800.0,0.0,0.0
2026-12-18,P,17800.0,0.0,9.0
2026-12-18,C,17900.0,0.0,0.0
2026-12-18,P,17900.0,0.0,9.0
2026-12-18,C,18000.0,0.0,2.0
2026-12-18,P,18000.0,0.0,255.0
2026-12-18,C,18100.0,0.0,0.0
2026-12-18,P,18100.0,0.0,15.0
2026-12-18,C,18200.0,0.0,2.0
2026-12-18,P,18200.0,0.0,11.0
2026-12-18,C,18300.0,0.0,4.0
2026-12-18,P,18300.0,0.0,36.0
2026-12-18,C,18400.0,0.0,0.0
2026-12-18,P,18400.0,0.0,11.0
2026-12-18,C,18500.0,0.0,1.0
2026-12-18,P,18500.0,0.0,8.0
2026-12-18,C,18600.0,0.0,3.0
2026-12-18,P,18600.0,0.0,10.0
2026-12-18,C,18700.0,0.0,3.0
2026-12-18,P,18700.0,0.0,7.0
2026-12-18,C,18800.0,0.0,0.0
2026-12-18,P,18800.0,0.0,9.0
2026-12-18,C,18900.0,0.0,0.0
2026-12-18,P,18900.0,0.0,23.0
2026-12-18,C,19000.0,0.0,2.0
2026-12-18,P,19000.0,0.0,133.0
2026-12-18,C,19100.0,0.0,0.0
2026-12-18,P,19100.0,0.0,1.0
2026-12-18,C,19200.0,0.0,0.0
2026-12-18,P,19200.0,0.0,58.0
2026-12-18,C,19300.0,0.0,0.0
2026-12-18,P,19300.0,0.0,1.0
2026-12-18,C,19400.0,0.0,1.0
2026-12-18,P,19400.0,0.0,8.0
2026-12-18,C,19500.0,0.0,1.0
2026-12-18,P,19500.0,0.0,9.0
2026-12-18,C,19600.0,0.0,0.0
2026-12-18,P,19600.0,0.0,10.0
2026-12-18,C,19700.0,0.0,1.0
2026-12-18,P,19700.0,0.0,17.0
2026-12-18,C,19800.0,0.0,0.0
2026-12-18,P,19800.0,0.0,17.0
2026-12-18,C,19900.0,0.0,1.0
2026-12-18,P,19900.0,0.0,5.0
2026-12-18,C,20000.0,0.0,74.0
2026-12-18,P,20000.0,0.0,185.0
2026-12-18,C,20100.0,0.0,2.0
2026-12-18,P,20100.0,0.0,9.0
2026-12-18,C,20200.0,0.0,3.0
2026-12-18,P,20200.0,0.0,26.0
2026-12-18,C,20300.0,0.0,3.0
2026-12-18,P,20300.0,0.0,3.0
2026-12-18,C,20400.0,0.0,0.0
2026-12-18,P,20400.0,0.0,115.0
2026-12-18,C,20500.0,0.0,6.0
2026-12-18,P,20500.0,0.0,497.0
2026-12-18,C,20600.0,0.0,0.0
2026-12-18,P,20600.0,0.0,28.0
2026-12-18,C,20700.0,0.0,1.0
2026-12-18,P,20700.0,0.0,22.0
2026-12-18,C,20800.0,0.0,1.0
2026-12-18,P,20800.0,0.0,19.0
2026-12-18,C,20900.0,0.0,1.0
2026-12-18,P,20900.0,0.0,18.0
2026-12-18,C,21000.0,0.0,63.0
2026-12-18,P,21000.0,0.0,355.0
2026-12-18,C,21100.0,0.0,3.0
2026-12-18,P,21100.0,0.0,0.0
2026-12-18,C,21200.0,0.0,0.0
2026-12-18,P,21200.0,0.0,16.0
2026-12-18,C,21300.0,0.0,0.0
2026-12-18,P,21300.0,0.0,32.0
2026-12-18,C,21400.0,0.0,0.0
2026-12-18,P,21400.0,0.0,55.0
2026-12-18,C,21500.0,0.0,1.0
2026-12-18,P,21500.0,0.0,52.0
2026-12-18,C,21600.0,0.0,2.0
2026-12-18,P,21600.0,0.0,30.0
2026-12-18,C,21700.0,0.0,2.0
2026-12-18,P,21700.0,0.0,49.0
2026-12-18,C,21800.0,0.0,1.0
2026-12-18,P,21800.0,0.0,43.0
2026-12-18,C,21900.0,0.0,1.0
2026-12-18,P,21900.0,0.0,46.0
2026-12-18,C,22000.0,0.0,15.0
2026-12-18,P,22000.0,0.0,289.0
2026-12-18,C,22100.0,0.0,3.0
2026-12-18,P,22100.0,0.0,6.0
2026-12-18,C,22200.0,0.0,2.0
2026-12-18,P,22200.0,0.0,139.0
2026-12-18,C,22300.0,0.0,2.0
2026-12-18,P,22300.0,0.0,3.0
2026-12-18,C,22400.0,0.0,1.0
2026-12-18,P,22400.0,0.0,59.0
2026-12-18,C,22500.0,0.0,4.0
2026-12-18,P,22500.0,0.0,170.0
2026-12-18,C,22600.0,0.0,3.0
2026-12-18,P,22600.0,0.0,45.0
2026-12-18,C,22700.0,0.0,0.0
2026-12-18,P,22700.0,0.0,36.0
2026-12-18,C,22800.0,0.0,100.0
2026-12-18,P,22800.0,0.0,37.0
2026-12-18,C,22900.0,0.0,1.0
2026-12-18,P,22900.0,0.0,7.0
2026-12-18,C,23000.0,0.0,95.0
2026-12-18,P,23000.0,0.0,173.0
2026-12-18,C,23200.0,0.0,0.0
2026-12-18,P,23200.0,0.0,171.0
2026-12-18,C,23400.0,0.0,1.0
2026-12-18,P,23400.0,0.0,26.0
2026-12-18,C,23500.0,0.0,13.0
2026-12-18,P,23500.0,0.0,46.0
2026-12-18,C,23600.0,0.0,0.0
2026-12-18,P,23600.0,0.0,55.0
2026-12-18,C,23800.0,0.0,8.0
2026-12-18,P,23800.0,0.0,37.0
2026-12-18,C,24000.0,0.0,12.0
2026-12-18,P,24000.0,0.0,516.0
2026-12-18,C,24200.0,0.0,1.0
2026-12-18,P,24200.0,0.0,60.0
2026-12-18,C,24400.0,0.0,1.0
2026-12-18,P,24400.0,0.0,61.0
2026-12-18,C,24500.0,0.0,69.0
2026-12-18,P,24500.0,0.0,151.0
2026-12-18,C,24600.0,0.0,10.0
2026-12-18,P,24600.0,0.0,29.0
2026-12-18,C,24800.0,0.0,2.0
2026-12-18,P,24800.0,0.0,62.0
2026-12-18,C,25000.0,0.0,126.0
2026-12-18,P,25000.0,0.0,401.0
2026-12-18,C,25200.0,0.0,6.0
2026-12-18,P,25200.0,0.0,119.0
2026-12-18,C,25400.0,0.0,4.0
2026-12-18,P,25400.0,0.0,31.0
2026-12-18,C,25500.0,0.0,56.0
2026-12-18,P,25500.0,0.0,256.0
2026-12-18,C,25600.0,0.0,83.0
2026-12-18,P,25600.0,0.0,108.0
2026-12-18,C,25800.0,0.0,11.0
2026-12-18,P,25800.0,0.0,32.0
2026-12-18,C,26000.0,0.0001,51.0
2026-12-18,P,26000.0,0.0001,378.0
2026-12-18,C,26200.0,0.0001,24.0
2026-12-18,P,26200.0,0.0001,40.0
2026-12-18,C,26400.0,0.0001,25.0
2026-12-18,P,26400.0,0.0001,75.0
2026-12-18,C,26500.0,0.0001,95.0
2026-12-18,P,26500.0,0.0001,424.0
2026-12-18,C,26600.0,0.0001,4.0
2026-12-18,P,26600.0,0.0001,77.0
2026-12-18,C,26800.0,0.0001,41.0
2026-12-18,P,26800.0,0.0001,142.0
2026-12-18,C,27000.0,0.0001,297.0
2026-12-18,P,27000.0,0.0001,966.0
2026-12-18,C,27200.0,0.0001,3.0
2026-12-18,P,27200.0,0.0001,97.0
2026-12-18,C,27400.0,0.0001,0.0
2026-12-18,P,27400.0,0.0001,5.0
2026-12-18,C,27500.0,0.0001,85.0
2026-12-18,P,27500.0,0.0001,242.0
2026-12-18,C,27600.0,0.0001,6.0
2026-12-18,P,27600.0,0.0001,23.0
2026-12-18,C,27800.0,0.0001,47.0
2026-12-18,P,27800.0,0.0001,70.0
2026-12-18,C,28000.0,0.0001,475.0
2026-12-18,P,28000.0,0.0001,515.0
2026-12-18,C,28200.0,0.0001,14.0
2026-12-18,P,28200.0,0.0001,9.0
2026-12-18,C,28300.0,0.0001,0.0
2026-12-18,P,28300.0,0.0001,0.0
2026-12-18,C,28400.0,0.0001,6.0
2026-12-18,P,28400.0,0.0001,5.0
2026-12-18,C,28500.0,0.0001,193.0
2026-12-18,P,28500.0,0.0001,553.0
2026-12-18,C,28600.0,0.0001,32.0
2026-12-18,P,28600.0,0.0001,33.0
2026-12-18,C,28700.0,0.0001,0.0
2026-12-18,P,28700.0,0.0001,0.0
2026-12-18,C,28750.0,0.0,0.0
2026-12-18,P,28750.0,0.0,0.0
2026-12-18,C,28775.0,0.0,0.0
2026-12-18,P,28775.0,0.0,0.0
2026-12-18,C,28800.0,0.0001,13.0
2026-12-18,P,28800.0,0.0001,64.0
2026-12-18,C,28825.0,0.0001,0.0
2026-12-18,P,28825.0,0.0001,1.0
2026-12-18,C,28850.0,0.0001,0.0
2026-12-18,P,28850.0,0.0001,0.0
2026-12-18,C,28875.0,0.0001,0.0
2026-12-18,P,28875.0,0.0001,0.0
2026-12-18,C,28900.0,0.0001,0.0
2026-12-18,P,28900.0,0.0001,0.0
2026-12-18,C,28925.0,0.0001,0.0
2026-12-18,P,28925.0,0.0001,0.0
2026-12-18,C,28950.0,0.0001,0.0
2026-12-18,P,28950.0,0.0001,0.0
2026-12-18,C,28975.0,0.0001,0.0
2026-12-18,P,28975.0,0.0001,0.0
2026-12-18,C,29000.0,0.0001,432.0
2026-12-18,P,29000.0,0.0001,336.0
2026-12-18,C,29025.0,0.0001,0.0
2026-12-18,P,29025.0,0.0001,0.0
2026-12-18,C,29050.0,0.0001,0.0
2026-12-18,P,29050.0,0.0001,0.0
2026-12-18,C,29075.0,0.0001,0.0
2026-12-18,P,29075.0,0.0001,0.0
2026-12-18,C,29100.0,0.0001,0.0
2026-12-18,P,29100.0,0.0001,0.0
2026-12-18,C,29125.0,0.0001,0.0
2026-12-18,P,29125.0,0.0001,0.0
2026-12-18,C,29150.0,0.0001,0.0
2026-12-18,P,29150.0,0.0001,0.0
2026-12-18,C,29175.0,0.0001,0.0
2026-12-18,P,29175.0,0.0001,0.0
2026-12-18,C,29200.0,0.0001,26.0
2026-12-18,P,29200.0,0.0001,17.0
2026-12-18,C,29225.0,0.0001,0.0
2026-12-18,P,29225.0,0.0001,0.0
2026-12-18,C,29250.0,0.0001,0.0
2026-12-18,P,29250.0,0.0001,0.0
2026-12-18,C,29275.0,0.0001,0.0
2026-12-18,P,29275.0,0.0001,0.0
2026-12-18,C,29300.0,0.0001,4.0
2026-12-18,P,29300.0,0.0001,16.0
2026-12-18,C,29325.0,0.0001,0.0
2026-12-18,P,29325.0,0.0001,0.0
2026-12-18,C,29350.0,0.0001,0.0
2026-12-18,P,29350.0,0.0001,0.0
2026-12-18,C,29375.0,0.0001,0.0
2026-12-18,P,29375.0,0.0001,0.0
2026-12-18,C,29400.0,0.0001,35.0
2026-12-18,P,29400.0,0.0001,58.0
2026-12-18,C,29425.0,0.0001,0.0
2026-12-18,P,29425.0,0.0001,0.0
2026-12-18,C,29450.0,0.0001,0.0
2026-12-18,P,29450.0,0.0001,0.0
2026-12-18,C,29475.0,0.0001,0.0
2026-12-18,P,29475.0,0.0001,0.0
2026-12-18,C,29500.0,0.0001,88.0
2026-12-18,P,29500.0,0.0001,90.0
2026-12-18,C,29525.0,0.0001,0.0
2026-12-18,P,29525.0,0.0001,0.0
2026-12-18,C,29550.0,0.0001,0.0
2026-12-18,P,29550.0,0.0001,0.0
2026-12-18,C,29575.0,0.0001,0.0
2026-12-18,P,29575.0,0.0001,0.0
2026-12-18,C,29600.0,0.0001,6.0
2026-12-18,P,29600.0,0.0001,29.0
2026-12-18,C,29625.0,0.0001,0.0
2026-12-18,P,29625.0,0.0001,0.0
2026-12-18,C,29650.0,0.0001,0.0
2026-12-18,P,29650.0,0.0001,0.0
2026-12-18,C,29675.0,0.0001,0.0
2026-12-18,P,29675.0,0.0001,0.0
2026-12-18,C,29700.0,0.0001,0.0
2026-12-18,P,29700.0,0.0001,0.0
2026-12-18,C,29725.0,0.0001,0.0
2026-12-18,P,29725.0,0.0001,0.0
2026-12-18,C,29750.0,0.0001,0.0
2026-12-18,P,29750.0,0.0001,0.0
2026-12-18,C,29775.0,0.0001,0.0
2026-12-18,P,29775.0,0.0001,0.0
2026-12-18,C,29800.0,0.0001,51.0
2026-12-18,P,29800.0,0.0001,33.0
2026-12-18,C,29825.0,0.0001,0.0
2026-12-18,P,29825.0,0.0001,0.0
2026-12-18,C,29850.0,0.0001,0.0
2026-12-18,P,29850.0,0.0001,0.0
2026-12-18,C,29875.0,0.0001,0.0
2026-12-18,P,29875.0,0.0001,0.0
2026-12-18,C,29900.0,0.0001,13.0
2026-12-18,P,29900.0,0.0001,0.0
2026-12-18,C,29925.0,0.0001,0.0
2026-12-18,P,29925.0,0.0001,0.0
2026-12-18,C,29950.0,0.0001,0.0
2026-12-18,P,29950.0,0.0001,0.0
2026-12-18,C,29975.0,0.0001,0.0
2026-12-18,P,29975.0,0.0001,0.0
2026-12-18,C,30000.0,0.0001,681.0
2026-12-18,P,30000.0,0.0001,575.0
2026-12-18,C,30025.0,0.0001,0.0
2026-12-18,P,30025.0,0.0001,0.0
2026-12-18,C,30050.0,0.0001,0.0
2026-12-18,P,30050.0,0.0001,0.0
2026-12-18,C,30075.0,0.0001,0.0
2026-12-18,P,30075.0,0.0001,0.0
2026-12-18,C,30100.0,0.0001,5.0
2026-12-18,P,30100.0,0.0001,0.0
2026-12-18,C,30125.0,0.0001,0.0
2026-12-18,P,30125.0,0.0001,0.0
2026-12-18,C,30150.0,0.0001,0.0
2026-12-18,P,30150.0,0.0001,0.0
2026-12-18,C,30175.0,0.0001,0.0
2026-12-18,P,30175.0,0.0001,0.0
2026-12-18,C,30200.0,0.0001,48.0
2026-12-18,P,30200.0,0.0001,58.0
2026-12-18,C,30225.0,0.0001,0.0
2026-12-18,P,30225.0,0.0001,0.0
2026-12-18,C,30250.0,0.0001,0.0
2026-12-18,P,30250.0,0.0001,0.0
2026-12-18,C,30275.0,0.0001,0.0
2026-12-18,P,30275.0,0.0001,0.0
2026-12-18,C,30300.0,0.0001,0.0
2026-12-18,P,30300.0,0.0001,1.0
2026-12-18,C,30325.0,0.0001,0.0
2026-12-18,P,30325.0,0.0001,0.0
2026-12-18,C,30350.0,0.0001,0.0
2026-12-18,P,30350.0,0.0001,0.0
2026-12-18,C,30375.0,0.0001,0.0
2026-12-18,P,30375.0,0.0001,0.0
2026-12-18,C,30400.0,0.0001,65.0
2026-12-18,P,30400.0,0.0001,69.0
2026-12-18,C,30425.0,0.0001,0.0
2026-12-18,P,30425.0,0.0001,0.0
2026-12-18,C,30450.0,0.0001,0.0
2026-12-18,P,30450.0,0.0001,0.0
2026-12-18,C,30475.0,0.0001,0.0
2026-12-18,P,30475.0,0.0001,0.0
2026-12-18,C,30500.0,0.0001,242.0
2026-12-18,P,30500.0,0.0001,118.0
2026-12-18,C,30525.0,0.0001,0.0
2026-12-18,P,30525.0,0.0001,0.0
2026-12-18,C,30550.0,0.0001,0.0
2026-12-18,P,30550.0,0.0001,0.0
2026-12-18,C,30575.0,0.0001,0.0
2026-12-18,P,30575.0,0.0001,0.0
2026-12-18,C,30600.0,0.0001,24.0
2026-12-18,P,30600.0,0.0001,22.0
2026-12-18,C,30625.0,0.0001,0.0
2026-12-18,P,30625.0,0.0001,0.0
2026-12-18,C,30650.0,0.0001,0.0
2026-12-18,P,30650.0,0.0001,0.0
2026-12-18,C,30675.0,0.0001,0.0
2026-12-18,P,30675.0,0.0001,0.0
2026-12-18,C,30700.0,0.0001,0.0
2026-12-18,P,30700.0,0.0001,0.0
2026-12-18,C,30800.0,0.0001,17.0
2026-12-18,P,30800.0,0.0001,16.0
2026-12-18,C,30900.0,0.0001,1.0
2026-12-18,P,30900.0,0.0001,0.0
2026-12-18,C,31000.0,0.0001,413.0
2026-12-18,P,31000.0,0.0001,148.0
2026-12-18,C,31100.0,0.0001,0.0
2026-12-18,P,31100.0,0.0001,0.0
2026-12-18,C,31200.0,0.0001,9.0
2026-12-18,P,31200.0,0.0001,16.0
2026-12-18,C,31400.0,0.0001,11.0
2026-12-18,P,31400.0,0.0001,14.0
2026-12-18,C,31500.0,0.0001,380.0
2026-12-18,P,31500.0,0.0001,176.0
2026-12-18,C,31600.0,0.0001,75.0
2026-12-18,P,31600.0,0.0001,4.0
2026-12-18,C,31800.0,0.0001,23.0
2026-12-18,P,31800.0,0.0001,2.0
2026-12-18,C,32000.0,0.0001,357.0
2026-12-18,P,32000.0,0.0001,4.0
2026-12-18,C,32100.0,0.0001,7.0
2026-12-18,P,32100.0,0.0001,3.0
2026-12-18,C,32200.0,0.0001,25.0
2026-12-18,P,32200.0,0.0001,2.0
2026-12-18,C,32400.0,0.0001,36.0
2026-12-18,P,32400.0,0.0001,0.0
2026-12-18,C,32500.0,0.0001,215.0
2026-12-18,P,32500.0,0.0001,4.0
2026-12-18,C,32600.0,0.0001,20.0
2026-12-18,P,32600.0,0.0001,0.0
2026-12-18,C,32800.0,0.0001,0.0
2026-12-18,P,32800.0,0.0001,0.0
2026-12-18,C,33000.0,0.0001,580.0
2026-12-18,P,33000.0,0.0001,24.0
2026-12-18,C,33200.0,0.0001,1.0
2026-12-18,P,33200.0,0.0001,0.0
2026-12-18,C,33500.0,0.0001,295.0
2026-12-18,P,33500.0,0.0001,0.0
2026-12-18,C,34000.0,0.0001,110.0
2026-12-18,P,34000.0,0.0001,1.0
2026-12-18,C,34500.0,0.0,315.0
2026-12-18,P,34500.0,0.0,0.0
2026-12-18,C,35000.0,0.0,313.0
2026-12-18,P,35000.0,0.0,2.0
2026-12-18,C,35500.0,0.0,112.0
2026-12-18,P,35500.0,0.0,2.0
2026-12-18,C,36000.0,0.0,271.0
2026-12-18,P,36000.0,0.0,2.0
2026-12-18,C,36500.0,0.0,34.0
2026-12-18,P,36500.0,0.0,0.0
2026-12-18,C,37000.0,0.0,397.0
2026-12-18,P,37000.0,0.0,1.0
2026-12-18,C,38000.0,0.0,207.0
2026-12-18,P,38000.0,0.0,0.0
2026-12-18,C,39000.0,0.0,607.0
2026-12-18,P,39000.0,0.0,0.0
2026-12-18,C,40000.0,0.0,24.0
2026-12-18,P,40000.0,0.0,61.0
2026-12-18,C,41000.0,0.0,170.0
2026-12-18,P,41000.0,0.0,53.0
2026-12-18,C,42000.0,0.0,1032.0
2026-12-18,P,42000.0,0.0,10.0
2026-12-18,C,43000.0,0.0,821.0
2026-12-18,P,43000.0,0.0,0.0
2026-12-18,C,44000.0,0.0,33.0
2026-12-18,P,44000.0,0.0,0.0
2026-12-18,C,45000.0,0.0,1286.0
2026-12-18,P,45000.0,0.0,17.0
2027-01-15,C,5000.0,0.0,1.0
2027-01-15,P,5000.0,0.0,3.0
2027-01-15,C,6000.0,0.0,0.0
2027-01-15,P,6000.0,0.0,2.0
2027-01-15,C,7000.0,0.0,0.0
2027-01-15,P,7000.0,0.0,0.0
2027-01-15,C,8000.0,0.0,0.0
2027-01-15,P,8000.0,0.0,1.0
2027-01-15,C,9000.0,0.0,0.0
2027-01-15,P,9000.0,0.0,9.0
2027-01-15,C,10000.0,0.0,0.0
2027-01-15,P,10000.0,0.0,12.0
2027-01-15,C,11000.0,0.0,0.0
2027-01-15,P,11000.0,0.0,2.0
2027-01-15,C,12000.0,0.0,0.0
2027-01-15,P,12000.0,0.0,2.0
2027-01-15,C,13000.0,0.0,0.0
2027-01-15,P,13000.0,0.0,1.0
2027-01-15,C,14000.0,0.0,0.0
2027-01-15,P,14000.0,0.0,16.0
2027-01-15,C,15000.0,0.0,0.0
2027-01-15,P,15000.0,0.0,0.0
2027-01-15,C,16000.0,0.0,0.0
2027-01-15,P,16000.0,0.0,5.0
2027-01-15,C,17000.0,0.0,0.0
2027-01-15,P,17000.0,0.0,3.0
2027-01-15,C,18000.0,0.0,0.0
2027-01-15,P,18000.0,0.0,5.0
2027-01-15,C,19000.0,0.0,0.0
2027-01-15,P,19000.0,0.0,25.0
2027-01-15,C,19500.0,0.0,0.0
2027-01-15,P,19500.0,0.0,5.0
2027-01-15,C,20000.0,0.0,0.0
2027-01-15,P,20000.0,0.0,49.0
2027-01-15,C,20500.0,0.0,0.0
2027-01-15,P,20500.0,0.0,10.0
2027-01-15,C,21000.0,0.0,0.0
2027-01-15,P,21000.0,0.0,58.0
2027-01-15,C,21500.0,0.0,0.0
2027-01-15,P,21500.0,0.0,32.0
2027-01-15,C,22000.0,0.0,0.0
2027-01-15,P,22000.0,0.0,36.0
2027-01-15,C,22500.0,0.0,0.0
2027-01-15,P,22500.0,0.0,47.0
2027-01-15,C,22600.0,0.0,0.0
2027-01-15,P,22600.0,0.0,2.0
2027-01-15,C,22800.0,0.0,0.0
2027-01-15,P,22800.0,0.0,11.0
2027-01-15,C,23000.0,0.0,0.0
2027-01-15,P,23000.0,0.0,44.0
2027-01-15,C,23200.0,0.0,0.0
2027-01-15,P,23200.0,0.0,36.0
2027-01-15,C,23400.0,0.0,0.0
2027-01-15,P,23400.0,0.0,4.0
2027-01-15,C,23500.0,0.0,0.0
2027-01-15,P,23500.0,0.0,35.0
2027-01-15,C,23600.0,0.0,0.0
2027-01-15,P,23600.0,0.0,1.0
2027-01-15,C,23800.0,0.0,0.0
2027-01-15,P,23800.0,0.0,7.0
2027-01-15,C,24000.0,0.0,26.0
2027-01-15,P,24000.0,0.0,82.0
2027-01-15,C,24100.0,0.0,0.0
2027-01-15,P,24100.0,0.0,4.0
2027-01-15,C,24200.0,0.0,0.0
2027-01-15,P,24200.0,0.0,26.0
2027-01-15,C,24300.0,0.0,1.0
2027-01-15,P,24300.0,0.0,1.0
2027-01-15,C,24400.0,0.0,0.0
2027-01-15,P,24400.0,0.0,0.0
2027-01-15,C,24500.0,0.0,21.0
2027-01-15,P,24500.0,0.0,29.0
2027-01-15,C,24600.0,0.0,1.0
2027-01-15,P,24600.0,0.0,6.0
2027-01-15,C,24700.0,0.0,0.0
2027-01-15,P,24700.0,0.0,5.0
2027-01-15,C,24800.0,0.0,3.0
2027-01-15,P,24800.0,0.0,0.0
2027-01-15,C,24900.0,0.0,3.0
2027-01-15,P,24900.0,0.0,9.0
2027-01-15,C,25000.0,0.0,5.0
2027-01-15,P,25000.0,0.0,24.0
2027-01-15,C,25100.0,0.0,0.0
2027-01-15,P,25100.0,0.0,10.0
2027-01-15,C,25200.0,0.0,0.0
2027-01-15,P,25200.0,0.0,8.0
2027-01-15,C,25300.0,0.0,2.0
2027-01-15,P,25300.0,0.0,2.0
2027-01-15,C,25400.0,0.0,4.0
2027-01-15,P,25400.0,0.0,7.0
2027-01-15,C,25500.0,0.0,11.0
2027-01-15,P,25500.0,0.0,29.0
2027-01-15,C,25600.0,0.0,5.0
2027-01-15,P,25600.0,0.0,0.0
2027-01-15,C,25700.0,0.0,0.0
2027-01-15,P,25700.0,0.0,2.0
2027-01-15,C,25800.0,0.0,0.0
2027-01-15,P,25800.0,0.0,50.0
2027-01-15,C,25900.0,0.0,0.0
2027-01-15,P,25900.0,0.0,56.0
2027-01-15,C,26000.0,0.0,6.0
2027-01-15,P,26000.0,0.0,16.0
2027-01-15,C,26100.0,0.0001,0.0
2027-01-15,P,26100.0,0.0001,0.0
2027-01-15,C,26200.0,0.0001,1.0
2027-01-15,P,26200.0,0.0001,2.0
2027-01-15,C,26300.0,0.0001,0.0
2027-01-15,P,26300.0,0.0001,47.0
2027-01-15,C,26400.0,0.0001,0.0
2027-01-15,P,26400.0,0.0001,50.0
2027-01-15,C,26500.0,0.0001,0.0
2027-01-15,P,26500.0,0.0001,270.0
2027-01-15,C,26600.0,0.0001,0.0
2027-01-15,P,26600.0,0.0001,512.0
2027-01-15,C,26700.0,0.0001,256.0
2027-01-15,P,26700.0,0.0001,266.0
2027-01-15,C,26800.0,0.0001,442.0
2027-01-15,P,26800.0,0.0001,512.0
2027-01-15,C,26900.0,0.0001,315.0
2027-01-15,P,26900.0,0.0001,2.0
2027-01-15,C,27000.0,0.0001,514.0
2027-01-15,P,27000.0,0.0001,36.0
2027-01-15,C,27200.0,0.0001,112.0
2027-01-15,P,27200.0,0.0001,39.0
2027-01-15,C,27400.0,0.0001,61.0
2027-01-15,P,27400.0,0.0001,52.0
2027-01-15,C,27500.0,0.0001,0.0
2027-01-15,P,27500.0,0.0001,16.0
2027-01-15,C,27600.0,0.0001,63.0
2027-01-15,P,27600.0,0.0001,37.0
2027-01-15,C,27800.0,0.0001,5.0
2027-01-15,P,27800.0,0.0001,45.0
2027-01-15,C,28000.0,0.0001,68.0
2027-01-15,P,28000.0,0.0001,51.0
2027-01-15,C,28200.0,0.0001,19.0
2027-01-15,P,28200.0,0.0001,6.0
2027-01-15,C,28400.0,0.0001,33.0
2027-01-15,P,28400.0,0.0001,11.0
2027-01-15,C,28500.0,0.0001,2.0
2027-01-15,P,28500.0,0.0001,33.0
2027-01-15,C,28600.0,0.0001,34.0
2027-01-15,P,28600.0,0.0001,2.0
2027-01-15,C,28800.0,0.0001,560.0
2027-01-15,P,28800.0,0.0001,11.0
2027-01-15,C,29000.0,0.0001,197.0
2027-01-15,P,29000.0,0.0001,63.0
2027-01-15,C,29200.0,0.0001,454.0
2027-01-15,P,29200.0,0.0001,97.0
2027-01-15,C,29400.0,0.0001,1.0
2027-01-15,P,29400.0,0.0001,98.0
2027-01-15,C,29500.0,0.0001,7.0
2027-01-15,P,29500.0,0.0001,81.0
2027-01-15,C,29600.0,0.0001,1.0
2027-01-15,P,29600.0,0.0001,22.0
2027-01-15,C,29800.0,0.0001,11.0
2027-01-15,P,29800.0,0.0001,16.0
2027-01-15,C,30000.0,0.0001,347.0
2027-01-15,P,30000.0,0.0001,79.0
2027-01-15,C,30200.0,0.0001,47.0
2027-01-15,P,30200.0,0.0001,16.0
2027-01-15,C,30400.0,0.0001,27.0
2027-01-15,P,30400.0,0.0001,14.0
2027-01-15,C,30500.0,0.0001,234.0
2027-01-15,P,30500.0,0.0001,12.0
2027-01-15,C,30600.0,0.0001,8.0
2027-01-15,P,30600.0,0.0001,8.0
2027-01-15,C,30800.0,0.0001,4.0
2027-01-15,P,30800.0,0.0001,7.0
2027-01-15,C,31000.0,0.0001,826.0
2027-01-15,P,31000.0,0.0001,27.0
2027-01-15,C,31200.0,0.0001,275.0
2027-01-15,P,31200.0,0.0001,13.0
2027-01-15,C,31400.0,0.0001,51.0
2027-01-15,P,31400.0,0.0001,26.0
2027-01-15,C,31500.0,0.0001,791.0
2027-01-15,P,31500.0,0.0001,23.0
2027-01-15,C,31600.0,0.0001,67.0
2027-01-15,P,31600.0,0.0001,0.0
2027-01-15,C,31800.0,0.0001,26.0
2027-01-15,P,31800.0,0.0001,0.0
2027-01-15,C,32000.0,0.0001,115.0
2027-01-15,P,32000.0,0.0001,38.0
2027-01-15,C,32200.0,0.0001,17.0
2027-01-15,P,32200.0,0.0001,0.0
2027-01-15,C,32400.0,0.0001,142.0
2027-01-15,P,32400.0,0.0001,0.0
2027-01-15,C,32500.0,0.0001,21.0
2027-01-15,P,32500.0,0.0001,52.0
2027-01-15,C,32600.0,0.0001,114.0
2027-01-15,P,32600.0,0.0001,0.0
2027-01-15,C,33000.0,0.0001,37.0
2027-01-15,P,33000.0,0.0001,15.0
2027-01-15,C,33500.0,0.0001,12.0
2027-01-15,P,33500.0,0.0001,16.0
2027-01-15,C,34000.0,0.0001,39.0
2027-01-15,P,34000.0,0.0001,0.0
2027-01-15,C,34500.0,0.0001,391.0
2027-01-15,P,34500.0,0.0001,0.0
2027-01-15,C,35000.0,0.0,370.0
2027-01-15,P,35000.0,0.0,3.0
2027-01-15,C,35500.0,0.0,19.0
2027-01-15,P,35500.0,0.0,0.0
2027-01-15,C,36000.0,0.0,33.0
2027-01-15,P,36000.0,0.0,0.0
2027-01-15,C,36500.0,0.0,9.0
2027-01-15,P,36500.0,0.0,0.0
2027-01-15,C,37000.0,0.0,65.0
2027-01-15,P,37000.0,0.0,0.0
2027-01-15,C,38000.0,0.0,10.0
2027-01-15,P,38000.0,0.0,0.0
2027-01-15,C,39000.0,0.0,127.0
2027-01-15,P,39000.0,0.0,0.0
2027-01-15,C,40000.0,0.0,134.0
2027-01-15,P,40000.0,0.0,0.0
2027-01-15,C,41000.0,0.0,59.0
2027-01-15,P,41000.0,0.0,0.0
2027-01-15,C,42000.0,0.0,51.0
2027-01-15,P,42000.0,0.0,0.0
2027-01-15,C,43000.0,0.0,191.0
2027-01-15,P,43000.0,0.0,0.0
2027-02-19,C,5000.0,0.0,0.0
2027-02-19,P,5000.0,0.0,0.0
2027-02-19,C,6000.0,0.0,0.0
2027-02-19,P,6000.0,0.0,3.0
2027-02-19,C,7000.0,0.0,0.0
2027-02-19,P,7000.0,0.0,5.0
2027-02-19,C,8000.0,0.0,0.0
2027-02-19,P,8000.0,0.0,1.0
2027-02-19,C,9000.0,0.0,0.0
2027-02-19,P,9000.0,0.0,1.0
2027-02-19,C,10000.0,0.0,1.0
2027-02-19,P,10000.0,0.0,1.0
2027-02-19,C,11000.0,0.0,0.0
2027-02-19,P,11000.0,0.0,0.0
2027-02-19,C,12000.0,0.0,0.0
2027-02-19,P,12000.0,0.0,0.0
2027-02-19,C,13000.0,0.0,0.0
2027-02-19,P,13000.0,0.0,0.0
2027-02-19,C,14000.0,0.0,0.0
2027-02-19,P,14000.0,0.0,0.0
2027-02-19,C,15000.0,0.0,0.0
2027-02-19,P,15000.0,0.0,0.0
2027-02-19,C,16000.0,0.0,0.0
2027-02-19,P,16000.0,0.0,2.0
2027-02-19,C,17000.0,0.0,0.0
2027-02-19,P,17000.0,0.0,2.0
2027-02-19,C,18000.0,0.0,0.0
2027-02-19,P,18000.0,0.0,0.0
2027-02-19,C,19000.0,0.0,0.0
2027-02-19,P,19000.0,0.0,2.0
2027-02-19,C,19500.0,0.0,0.0
2027-02-19,P,19500.0,0.0,0.0
2027-02-19,C,20000.0,0.0,0.0
2027-02-19,P,20000.0,0.0,0.0
2027-02-19,C,20500.0,0.0,0.0
2027-02-19,P,20500.0,0.0,4.0
2027-02-19,C,21000.0,0.0,0.0
2027-02-19,P,21000.0,0.0,0.0
2027-02-19,C,21500.0,0.0,0.0
2027-02-19,P,21500.0,0.0,0.0
2027-02-19,C,22000.0,0.0,0.0
2027-02-19,P,22000.0,0.0,63.0
2027-02-19,C,22500.0,0.0,0.0
2027-02-19,P,22500.0,0.0,11.0
2027-02-19,C,22800.0,0.0,0.0
2027-02-19,P,22800.0,0.0,3.0
2027-02-19,C,23000.0,0.0,1.0
2027-02-19,P,23000.0,0.0,6.0
2027-02-19,C,23200.0,0.0,0.0
2027-02-19,P,23200.0,0.0,13.0
2027-02-19,C,23400.0,0.0,0.0
2027-02-19,P,23400.0,0.0,2.0
2027-02-19,C,23500.0,0.0,0.0
2027-02-19,P,23500.0,0.0,5.0
2027-02-19,C,23600.0,0.0,0.0
2027-02-19,P,23600.0,0.0,2.0
2027-02-19,C,23800.0,0.0,2.0
2027-02-19,P,23800.0,0.0,3.0
2027-02-19,C,24000.0,0.0,0.0
2027-02-19,P,24000.0,0.0,63.0
2027-02-19,C,24200.0,0.0,0.0
2027-02-19,P,24200.0,0.0,0.0
2027-02-19,C,24400.0,0.0,0.0
2027-02-19,P,24400.0,0.0,0.0
2027-02-19,C,24500.0,0.0,0.0
2027-02-19,P,24500.0,0.0,6.0
2027-02-19,C,24600.0,0.0,1.0
2027-02-19,P,24600.0,0.0,0.0
2027-02-19,C,24800.0,0.0,0.0
2027-02-19,P,24800.0,0.0,1.0
2027-02-19,C,25000.0,0.0,2.0
2027-02-19,P,25000.0,0.0,7.0
2027-02-19,C,25200.0,0.0,0.0
2027-02-19,P,25200.0,0.0,0.0
2027-02-19,C,25400.0,0.0,0.0
2027-02-19,P,25400.0,0.0,0.0
2027-02-19,C,25500.0,0.0,0.0
2027-02-19,P,25500.0,0.0,0.0
2027-02-19,C,25600.0,0.0,0.0
2027-02-19,P,25600.0,0.0,2.0
2027-02-19,C,25800.0,0.0,0.0
2027-02-19,P,25800.0,0.0,0.0
2027-02-19,C,26000.0,0.0,0.0
2027-02-19,P,26000.0,0.0,4.0
2027-02-19,C,26200.0,0.0,0.0
2027-02-19,P,26200.0,0.0,2.0
2027-02-19,C,26400.0,0.0001,0.0
2027-02-19,P,26400.0,0.0001,0.0
2027-02-19,C,26500.0,0.0001,8.0
2027-02-19,P,26500.0,0.0001,21.0
2027-02-19,C,26600.0,0.0001,0.0
2027-02-19,P,26600.0,0.0001,11.0
2027-02-19,C,26800.0,0.0001,0.0
2027-02-19,P,26800.0,0.0001,0.0
2027-02-19,C,27000.0,0.0001,1.0
2027-02-19,P,27000.0,0.0001,1.0
2027-02-19,C,27200.0,0.0001,0.0
2027-02-19,P,27200.0,0.0001,10.0
2027-02-19,C,27400.0,0.0001,0.0
2027-02-19,P,27400.0,0.0001,24.0
2027-02-19,C,27500.0,0.0001,1.0
2027-02-19,P,27500.0,0.0001,13.0
2027-02-19,C,27600.0,0.0001,0.0
2027-02-19,P,27600.0,0.0001,2.0
2027-02-19,C,27800.0,0.0001,0.0
2027-02-19,P,27800.0,0.0001,39.0
2027-02-19,C,28000.0,0.0001,0.0
2027-02-19,P,28000.0,0.0001,138.0
2027-02-19,C,28200.0,0.0001,0.0
2027-02-19,P,28200.0,0.0001,2.0
2027-02-19,C,28400.0,0.0001,2.0
2027-02-19,P,28400.0,0.0001,1.0
2027-02-19,C,28500.0,0.0001,2.0
2027-02-19,P,28500.0,0.0001,2.0
2027-02-19,C,28600.0,0.0001,0.0
2027-02-19,P,28600.0,0.0001,0.0
2027-02-19,C,28800.0,0.0001,1.0
2027-02-19,P,28800.0,0.0001,0.0
2027-02-19,C,29000.0,0.0001,1.0
2027-02-19,P,29000.0,0.0001,1.0
2027-02-19,C,29200.0,0.0001,0.0
2027-02-19,P,29200.0,0.0001,2.0
2027-02-19,C,29400.0,0.0001,0.0
2027-02-19,P,29400.0,0.0001,0.0
2027-02-19,C,29500.0,0.0001,7.0
2027-02-19,P,29500.0,0.0001,7.0
2027-02-19,C,29600.0,0.0001,2.0
2027-02-19,P,29600.0,0.0001,5.0
2027-02-19,C,29800.0,0.0001,0.0
2027-02-19,P,29800.0,0.0001,4.0
2027-02-19,C,30000.0,0.0001,1.0
2027-02-19,P,30000.0,0.0001,51.0
2027-02-19,C,30200.0,0.0001,0.0
2027-02-19,P,30200.0,0.0001,1.0
2027-02-19,C,30400.0,0.0001,0.0
2027-02-19,P,30400.0,0.0001,0.0
2027-02-19,C,30500.0,0.0001,0.0
2027-02-19,P,30500.0,0.0001,2.0
2027-02-19,C,30600.0,0.0001,6.0
2027-02-19,P,30600.0,0.0001,4.0
2027-02-19,C,30800.0,0.0001,6.0
2027-02-19,P,30800.0,0.0001,0.0
2027-02-19,C,31000.0,0.0001,2.0
2027-02-19,P,31000.0,0.0001,4.0
2027-02-19,C,31200.0,0.0001,0.0
2027-02-19,P,31200.0,0.0001,0.0
2027-02-19,C,31400.0,0.0001,0.0
2027-02-19,P,31400.0,0.0001,8.0
2027-02-19,C,31500.0,0.0001,12.0
2027-02-19,P,31500.0,0.0001,0.0
2027-02-19,C,31600.0,0.0001,0.0
2027-02-19,P,31600.0,0.0001,0.0
2027-02-19,C,31800.0,0.0001,1.0
2027-02-19,P,31800.0,0.0001,0.0
2027-02-19,C,32000.0,0.0001,0.0
2027-02-19,P,32000.0,0.0001,0.0
2027-02-19,C,32200.0,0.0001,2.0
2027-02-19,P,32200.0,0.0001,0.0
2027-02-19,C,32400.0,0.0001,13.0
2027-02-19,P,32400.0,0.0001,0.0
2027-02-19,C,32500.0,0.0001,1.0
2027-02-19,P,32500.0,0.0001,0.0
2027-02-19,C,32600.0,0.0001,10.0
2027-02-19,P,32600.0,0.0001,0.0
2027-02-19,C,32800.0,0.0001,0.0
2027-02-19,P,32800.0,0.0001,0.0
2027-02-19,C,33000.0,0.0001,18.0
2027-02-19,P,33000.0,0.0001,1.0
2027-02-19,C,33500.0,0.0001,12.0
2027-02-19,P,33500.0,0.0001,0.0
2027-02-19,C,34000.0,0.0001,7.0
2027-02-19,P,34000.0,0.0001,0.0
2027-02-19,C,34500.0,0.0001,8.0
2027-02-19,P,34500.0,0.0001,1.0
2027-02-19,C,35000.0,0.0001,29.0
2027-02-19,P,35000.0,0.0001,0.0
2027-02-19,C,35500.0,0.0,11.0
2027-02-19,P,35500.0,0.0,0.0
2027-02-19,C,36000.0,0.0,6.0
2027-02-19,P,36000.0,0.0,0.0
2027-02-19,C,36500.0,0.0,2.0
2027-02-19,P,36500.0,0.0,0.0
2027-02-19,C,37000.0,0.0,31.0
2027-02-19,P,37000.0,0.0,0.0
2027-02-19,C,37500.0,0.0,3.0
2027-02-19,P,37500.0,0.0,0.0
2027-02-19,C,38000.0,0.0,36.0
2027-02-19,P,38000.0,0.0,0.0
2027-02-19,C,39000.0,0.0,58.0
2027-02-19,P,39000.0,0.0,0.0
2027-02-19,C,40000.0,0.0,16.0
2027-02-19,P,40000.0,0.0,10.0
2027-02-19,C,41000.0,0.0,59.0
2027-02-19,P,41000.0,0.0,10.0
2027-02-19,C,42000.0,0.0,5.0
2027-02-19,P,42000.0,0.0,0.0
2027-02-19,C,43000.0,0.0,15.0
2027-02-19,P,43000.0,0.0,0.0
2027-03-19,C,5000.0,0.0,130.0
2027-03-19,P,5000.0,0.0,2.0
2027-03-19,C,6000.0,0.0,13.0
2027-03-19,P,6000.0,0.0,1.0
2027-03-19,C,7000.0,0.0,9.0
2027-03-19,P,7000.0,0.0,2.0
2027-03-19,C,8000.0,0.0,22.0
2027-03-19,P,8000.0,0.0,4.0
2027-03-19,C,9000.0,0.0,9.0
2027-03-19,P,9000.0,0.0,0.0
2027-03-19,C,10000.0,0.0,10.0
2027-03-19,P,10000.0,0.0,3.0
2027-03-19,C,11000.0,0.0,7.0
2027-03-19,P,11000.0,0.0,3.0
2027-03-19,C,12000.0,0.0,0.0
2027-03-19,P,12000.0,0.0,3.0
2027-03-19,C,13000.0,0.0,0.0
2027-03-19,P,13000.0,0.0,7.0
2027-03-19,C,14000.0,0.0,0.0
2027-03-19,P,14000.0,0.0,35.0
2027-03-19,C,15000.0,0.0,0.0
2027-03-19,P,15000.0,0.0,10.0
2027-03-19,C,16000.0,0.0,0.0
2027-03-19,P,16000.0,0.0,91.0
2027-03-19,C,17000.0,0.0,0.0
2027-03-19,P,17000.0,0.0,28.0
2027-03-19,C,18000.0,0.0,0.0
2027-03-19,P,18000.0,0.0,19.0
2027-03-19,C,19000.0,0.0,1.0
2027-03-19,P,19000.0,0.0,20.0
2027-03-19,C,19500.0,0.0,0.0
2027-03-19,P,19500.0,0.0,2.0
2027-03-19,C,20000.0,0.0,0.0
2027-03-19,P,20000.0,0.0,98.0
2027-03-19,C,20500.0,0.0,0.0
2027-03-19,P,20500.0,0.0,18.0
2027-03-19,C,21000.0,0.0,1.0
2027-03-19,P,21000.0,0.0,128.0
2027-03-19,C,21500.0,0.0,0.0
2027-03-19,P,21500.0,0.0,34.0
2027-03-19,C,22000.0,0.0,0.0
2027-03-19,P,22000.0,0.0,17.0
2027-03-19,C,22500.0,0.0,0.0
2027-03-19,P,22500.0,0.0,14.0
2027-03-19,C,22800.0,0.0,0.0
2027-03-19,P,22800.0,0.0,11.0
2027-03-19,C,23000.0,0.0,0.0
2027-03-19,P,23000.0,0.0,37.0
2027-03-19,C,23200.0,0.0,0.0
2027-03-19,P,23200.0,0.0,6.0
2027-03-19,C,23400.0,0.0,0.0
2027-03-19,P,23400.0,0.0,28.0
2027-03-19,C,23500.0,0.0,0.0
2027-03-19,P,23500.0,0.0,4.0
2027-03-19,C,23600.0,0.0,0.0
2027-03-19,P,23600.0,0.0,3.0
2027-03-19,C,23800.0,0.0,0.0
2027-03-19,P,23800.0,0.0,42.0
2027-03-19,C,24000.0,0.0,5.0
2027-03-19,P,24000.0,0.0,130.0
2027-03-19,C,24100.0,0.0,0.0
2027-03-19,P,24100.0,0.0,0.0
2027-03-19,C,24200.0,0.0,0.0
2027-03-19,P,24200.0,0.0,0.0
2027-03-19,C,24300.0,0.0,0.0
2027-03-19,P,24300.0,0.0,1.0
2027-03-19,C,24400.0,0.0,0.0
2027-03-19,P,24400.0,0.0,30.0
2027-03-19,C,24500.0,0.0,6.0
2027-03-19,P,24500.0,0.0,7.0
2027-03-19,C,24600.0,0.0,0.0
2027-03-19,P,24600.0,0.0,4.0
2027-03-19,C,24700.0,0.0,2.0
2027-03-19,P,24700.0,0.0,6.0
2027-03-19,C,24800.0,0.0,0.0
2027-03-19,P,24800.0,0.0,0.0
2027-03-19,C,24900.0,0.0,1.0
2027-03-19,P,24900.0,0.0,1.0
2027-03-19,C,25000.0,0.0,6.0
2027-03-19,P,25000.0,0.0,43.0
2027-03-19,C,25100.0,0.0,0.0
2027-03-19,P,25100.0,0.0,12.0
2027-03-19,C,25200.0,0.0,10.0
2027-03-19,P,25200.0,0.0,33.0
2027-03-19,C,25300.0,0.0,0.0
2027-03-19,P,25300.0,0.0,6.0
2027-03-19,C,25400.0,0.0,0.0
2027-03-19,P,25400.0,0.0,1.0
2027-03-19,C,25500.0,0.0,11.0
2027-03-19,P,25500.0,0.0,110.0
2027-03-19,C,25600.0,0.0,9.0
2027-03-19,P,25600.0,0.0,12.0
2027-03-19,C,25700.0,0.0,0.0
2027-03-19,P,25700.0,0.0,2.0
2027-03-19,C,25800.0,0.0,0.0
2027-03-19,P,25800.0,0.0,20.0
2027-03-19,C,25900.0,0.0,0.0
2027-03-19,P,25900.0,0.0,0.0
2027-03-19,C,26000.0,0.0,2.0
2027-03-19,P,26000.0,0.0,351.0
2027-03-19,C,26100.0,0.0,0.0
2027-03-19,P,26100.0,0.0,0.0
2027-03-19,C,26200.0,0.0,0.0
2027-03-19,P,26200.0,0.0,4.0
2027-03-19,C,26300.0,0.0,0.0
2027-03-19,P,26300.0,0.0,5.0
2027-03-19,C,26400.0,0.0,0.0
2027-03-19,P,26400.0,0.0,18.0
2027-03-19,C,26500.0,0.0,0.0
2027-03-19,P,26500.0,0.0,56.0
2027-03-19,C,26600.0,0.0,0.0
2027-03-19,P,26600.0,0.0,70.0
2027-03-19,C,26700.0,0.0001,8.0
2027-03-19,P,26700.0,0.0001,3.0
2027-03-19,C,26800.0,0.0001,0.0
2027-03-19,P,26800.0,0.0001,4.0
2027-03-19,C,26900.0,0.0001,0.0
2027-03-19,P,26900.0,0.0001,64.0
2027-03-19,C,27000.0,0.0001,17.0
2027-03-19,P,27000.0,0.0001,28.0
2027-03-19,C,27200.0,0.0001,23.0
2027-03-19,P,27200.0,0.0001,20.0
2027-03-19,C,27400.0,0.0001,5.0
2027-03-19,P,27400.0,0.0001,5.0
2027-03-19,C,27500.0,0.0001,10.0
2027-03-19,P,27500.0,0.0001,33.0
2027-03-19,C,27600.0,0.0001,1.0
2027-03-19,P,27600.0,0.0001,4.0
2027-03-19,C,27800.0,0.0001,7.0
2027-03-19,P,27800.0,0.0001,39.0
2027-03-19,C,28000.0,0.0001,86.0
2027-03-19,P,28000.0,0.0001,135.0
2027-03-19,C,28200.0,0.0001,11.0
2027-03-19,P,28200.0,0.0001,7.0
2027-03-19,C,28400.0,0.0001,6.0
2027-03-19,P,28400.0,0.0001,0.0
2027-03-19,C,28500.0,0.0001,62.0
2027-03-19,P,28500.0,0.0001,149.0
2027-03-19,C,28600.0,0.0001,3.0
2027-03-19,P,28600.0,0.0001,177.0
2027-03-19,C,28800.0,0.0001,63.0
2027-03-19,P,28800.0,0.0001,30.0
2027-03-19,C,29000.0,0.0001,28.0
2027-03-19,P,29000.0,0.0001,95.0
2027-03-19,C,29200.0,0.0001,55.0
2027-03-19,P,29200.0,0.0001,24.0
2027-03-19,C,29400.0,0.0001,8.0
2027-03-19,P,29400.0,0.0001,21.0
2027-03-19,C,29500.0,0.0001,340.0
2027-03-19,P,29500.0,0.0001,56.0
2027-03-19,C,29600.0,0.0001,7.0
2027-03-19,P,29600.0,0.0001,28.0
2027-03-19,C,29800.0,0.0001,3.0
2027-03-19,P,29800.0,0.0001,37.0
2027-03-19,C,30000.0,0.0001,167.0
2027-03-19,P,30000.0,0.0001,188.0
2027-03-19,C,30200.0,0.0001,0.0
2027-03-19,P,30200.0,0.0001,28.0
2027-03-19,C,30400.0,0.0001,11.0
2027-03-19,P,30400.0,0.0001,13.0
2027-03-19,C,30500.0,0.0001,888.0
2027-03-19,P,30500.0,0.0001,79.0
2027-03-19,C,30600.0,0.0001,20.0
2027-03-19,P,30600.0,0.0001,25.0
2027-03-19,C,30800.0,0.0001,0.0
2027-03-19,P,30800.0,0.0001,15.0
2027-03-19,C,31000.0,0.0001,497.0
2027-03-19,P,31000.0,0.0001,156.0
2027-03-19,C,31200.0,0.0001,3.0
2027-03-19,P,31200.0,0.0001,16.0
2027-03-19,C,31400.0,0.0001,7.0
2027-03-19,P,31400.0,0.0001,12.0
2027-03-19,C,31500.0,0.0001,19.0
2027-03-19,P,31500.0,0.0001,15.0
2027-03-19,C,31600.0,0.0001,0.0
2027-03-19,P,31600.0,0.0001,23.0
2027-03-19,C,31800.0,0.0001,3.0
2027-03-19,P,31800.0,0.0001,23.0
2027-03-19,C,32000.0,0.0001,472.0
2027-03-19,P,32000.0,0.0001,38.0
2027-03-19,C,32200.0,0.0001,39.0
2027-03-19,P,32200.0,0.0001,4.0
2027-03-19,C,32400.0,0.0001,38.0
2027-03-19,P,32400.0,0.0001,3.0
2027-03-19,C,32500.0,0.0001,407.0
2027-03-19,P,32500.0,0.0001,23.0
2027-03-19,C,32600.0,0.0001,21.0
2027-03-19,P,32600.0,0.0001,5.0
2027-03-19,C,32800.0,0.0001,18.0
2027-03-19,P,32800.0,0.0001,0.0
2027-03-19,C,33000.0,0.0001,167.0
2027-03-19,P,33000.0,0.0001,1.0
2027-03-19,C,33500.0,0.0001,33.0
2027-03-19,P,33500.0,0.0001,0.0
2027-03-19,C,34000.0,0.0001,285.0
2027-03-19,P,34000.0,0.0001,0.0
2027-03-19,C,34500.0,0.0001,8.0
2027-03-19,P,34500.0,0.0001,1.0
2027-03-19,C,35000.0,0.0001,444.0
2027-03-19,P,35000.0,0.0001,1.0
2027-03-19,C,35500.0,0.0,10.0
2027-03-19,P,35500.0,0.0,0.0
2027-03-19,C,36000.0,0.0,373.0
2027-03-19,P,36000.0,0.0,0.0
2027-03-19,C,36500.0,0.0,7.0
2027-03-19,P,36500.0,0.0,0.0
2027-03-19,C,37000.0,0.0,60.0
2027-03-19,P,37000.0,0.0,0.0
2027-03-19,C,37500.0,0.0,21.0
2027-03-19,P,37500.0,0.0,0.0
2027-03-19,C,38000.0,0.0,240.0
2027-03-19,P,38000.0,0.0,0.0
2027-03-19,C,39000.0,0.0,62.0
2027-03-19,P,39000.0,0.0,0.0
2027-03-19,C,40000.0,0.0,184.0
2027-03-19,P,40000.0,0.0,0.0
2027-03-19,C,41000.0,0.0,15.0
2027-03-19,P,41000.0,0.0,0.0
2027-03-19,C,42000.0,0.0,8.0
2027-03-19,P,42000.0,0.0,0.0
2027-03-19,C,43000.0,0.0,9.0
2027-03-19,P,43000.0,0.0,0.0
2027-03-19,C,44000.0,0.0,6.0
2027-03-19,P,44000.0,0.0,0.0
2027-03-19,C,45000.0,0.0,14.0
2027-03-19,P,45000.0,0.0,0.0
2027-04-16,C,6000.0,0.0,0.0
2027-04-16,P,6000.0,0.0,23.0
2027-04-16,C,7000.0,0.0,0.0
2027-04-16,P,7000.0,0.0,9.0
2027-04-16,C,8000.0,0.0,0.0
2027-04-16,P,8000.0,0.0,3.0
2027-04-16,C,9000.0,0.0,0.0
2027-04-16,P,9000.0,0.0,4.0
2027-04-16,C,10000.0,0.0,0.0
2027-04-16,P,10000.0,0.0,2.0
2027-04-16,C,11000.0,0.0,0.0
2027-04-16,P,11000.0,0.0,1.0
2027-04-16,C,12000.0,0.0,0.0
2027-04-16,P,12000.0,0.0,2.0
2027-04-16,C,13000.0,0.0,0.0
2027-04-16,P,13000.0,0.0,3.0
2027-04-16,C,14000.0,0.0,0.0
2027-04-16,P,14000.0,0.0,1.0
2027-04-16,C,15000.0,0.0,0.0
2027-04-16,P,15000.0,0.0,1.0
2027-04-16,C,16000.0,0.0,0.0
2027-04-16,P,16000.0,0.0,0.0
2027-04-16,C,17000.0,0.0,0.0
2027-04-16,P,17000.0,0.0,2.0
2027-04-16,C,18000.0,0.0,0.0
2027-04-16,P,18000.0,0.0,0.0
2027-04-16,C,19000.0,0.0,0.0
2027-04-16,P,19000.0,0.0,0.0
2027-04-16,C,20000.0,0.0,0.0
2027-04-16,P,20000.0,0.0,357.0
2027-04-16,C,20500.0,0.0,0.0
2027-04-16,P,20500.0,0.0,0.0
2027-04-16,C,21000.0,0.0,0.0
2027-04-16,P,21000.0,0.0,2.0
2027-04-16,C,21500.0,0.0,0.0
2027-04-16,P,21500.0,0.0,3.0
2027-04-16,C,22000.0,0.0,0.0
2027-04-16,P,22000.0,0.0,711.0
2027-04-16,C,22500.0,0.0,0.0
2027-04-16,P,22500.0,0.0,3.0
2027-04-16,C,23000.0,0.0,0.0
2027-04-16,P,23000.0,0.0,4.0
2027-04-16,C,23500.0,0.0,0.0
2027-04-16,P,23500.0,0.0,6.0
2027-04-16,C,24000.0,0.0,0.0
2027-04-16,P,24000.0,0.0,355.0
2027-04-16,C,24500.0,0.0,0.0
2027-04-16,P,24500.0,0.0,5.0
2027-04-16,C,25000.0,0.0,0.0
2027-04-16,P,25000.0,0.0,4.0
2027-04-16,C,25500.0,0.0,0.0
2027-04-16,P,25500.0,0.0,3.0
2027-04-16,C,26000.0,0.0,0.0
2027-04-16,P,26000.0,0.0,1.0
2027-04-16,C,26400.0,0.0,0.0
2027-04-16,P,26400.0,0.0,0.0
2027-04-16,C,26500.0,0.0,0.0
2027-04-16,P,26500.0,0.0,2.0
2027-04-16,C,26600.0,0.0,0.0
2027-04-16,P,26600.0,0.0,0.0
2027-04-16,C,26800.0,0.0,0.0
2027-04-16,P,26800.0,0.0,0.0
2027-04-16,C,27000.0,0.0001,0.0
2027-04-16,P,27000.0,0.0001,0.0
2027-04-16,C,27200.0,0.0001,0.0
2027-04-16,P,27200.0,0.0001,0.0
2027-04-16,C,27400.0,0.0001,0.0
2027-04-16,P,27400.0,0.0001,0.0
2027-04-16,C,27500.0,0.0001,0.0
2027-04-16,P,27500.0,0.0001,0.0
2027-04-16,C,27600.0,0.0001,2.0
2027-04-16,P,27600.0,0.0001,0.0
2027-04-16,C,27800.0,0.0001,0.0
2027-04-16,P,27800.0,0.0001,0.0
2027-04-16,C,28000.0,0.0001,0.0
2027-04-16,P,28000.0,0.0001,0.0
2027-04-16,C,28200.0,0.0001,0.0
2027-04-16,P,28200.0,0.0001,0.0
2027-04-16,C,28400.0,0.0001,0.0
2027-04-16,P,28400.0,0.0001,0.0
2027-04-16,C,28500.0,0.0001,0.0
2027-04-16,P,28500.0,0.0001,0.0
2027-04-16,C,28600.0,0.0001,0.0
2027-04-16,P,28600.0,0.0001,0.0
2027-04-16,C,28800.0,0.0001,1.0
2027-04-16,P,28800.0,0.0001,0.0
2027-04-16,C,29000.0,0.0001,3.0
2027-04-16,P,29000.0,0.0001,4.0
2027-04-16,C,29200.0,0.0001,0.0
2027-04-16,P,29200.0,0.0001,0.0
2027-04-16,C,29400.0,0.0001,1.0
2027-04-16,P,29400.0,0.0001,0.0
2027-04-16,C,29500.0,0.0001,3.0
2027-04-16,P,29500.0,0.0001,0.0
2027-04-16,C,29600.0,0.0001,0.0
2027-04-16,P,29600.0,0.0001,0.0
2027-04-16,C,29800.0,0.0001,0.0
2027-04-16,P,29800.0,0.0001,0.0
2027-04-16,C,30000.0,0.0001,3.0
2027-04-16,P,30000.0,0.0001,20.0
2027-04-16,C,30200.0,0.0001,1.0
2027-04-16,P,30200.0,0.0001,0.0
2027-04-16,C,30400.0,0.0001,0.0
2027-04-16,P,30400.0,0.0001,0.0
2027-04-16,C,30500.0,0.0001,18.0
2027-04-16,P,30500.0,0.0001,0.0
2027-04-16,C,30600.0,0.0001,18.0
2027-04-16,P,30600.0,0.0001,0.0
2027-04-16,C,30800.0,0.0001,0.0
2027-04-16,P,30800.0,0.0001,0.0
2027-04-16,C,31000.0,0.0001,4.0
2027-04-16,P,31000.0,0.0001,10.0
2027-04-16,C,31200.0,0.0001,0.0
2027-04-16,P,31200.0,0.0001,0.0
2027-04-16,C,31400.0,0.0001,0.0
2027-04-16,P,31400.0,0.0001,0.0
2027-04-16,C,31500.0,0.0001,4.0
2027-04-16,P,31500.0,0.0001,2.0
2027-04-16,C,31600.0,0.0001,0.0
2027-04-16,P,31600.0,0.0001,3.0
2027-04-16,C,31800.0,0.0001,2.0
2027-04-16,P,31800.0,0.0001,0.0
2027-04-16,C,32000.0,0.0001,2.0
2027-04-16,P,32000.0,0.0001,0.0
2027-04-16,C,32200.0,0.0001,0.0
2027-04-16,P,32200.0,0.0001,0.0
2027-04-16,C,32400.0,0.0001,0.0
2027-04-16,P,32400.0,0.0001,0.0
2027-04-16,C,32500.0,0.0001,0.0
2027-04-16,P,32500.0,0.0001,0.0
2027-04-16,C,32600.0,0.0001,0.0
2027-04-16,P,32600.0,0.0001,0.0
2027-04-16,C,32800.0,0.0001,0.0
2027-04-16,P,32800.0,0.0001,0.0
2027-04-16,C,33000.0,0.0001,1.0
2027-04-16,P,33000.0,0.0001,0.0
2027-04-16,C,33500.0,0.0001,1.0
2027-04-16,P,33500.0,0.0001,0.0
2027-04-16,C,34000.0,0.0001,1.0
2027-04-16,P,34000.0,0.0001,0.0
2027-04-16,C,34500.0,0.0001,0.0
2027-04-16,P,34500.0,0.0001,0.0
2027-04-16,C,35000.0,0.0001,1.0
2027-04-16,P,35000.0,0.0001,0.0
2027-04-16,C,35500.0,0.0001,2.0
2027-04-16,P,35500.0,0.0001,0.0
2027-04-16,C,36000.0,0.0,0.0
2027-04-16,P,36000.0,0.0,0.0
2027-04-16,C,36500.0,0.0,1.0
2027-04-16,P,36500.0,0.0,0.0
2027-04-16,C,37000.0,0.0,12.0
2027-04-16,P,37000.0,0.0,0.0
2027-04-16,C,37500.0,0.0,0.0
2027-04-16,P,37500.0,0.0,0.0
2027-04-16,C,38000.0,0.0,7.0
2027-04-16,P,38000.0,0.0,0.0
2027-04-16,C,39000.0,0.0,37.0
2027-04-16,P,39000.0,0.0,0.0
2027-04-16,C,40000.0,0.0,32.0
2027-04-16,P,40000.0,0.0,0.0
2027-04-16,C,41000.0,0.0,4.0
2027-04-16,P,41000.0,0.0,0.0
2027-04-16,C,42000.0,0.0,9.0
2027-04-16,P,42000.0,0.0,0.0
2027-04-16,C,43000.0,0.0,4.0
2027-04-16,P,43000.0,0.0,0.0
2027-04-16,C,44000.0,0.0,18.0
2027-04-16,P,44000.0,0.0,0.0
2027-04-16,C,45000.0,0.0,52.0
2027-04-16,P,45000.0,0.0,0.0
2027-05-21,C,6000.0,0.0,0.0
2027-05-21,P,6000.0,0.0,0.0
2027-05-21,C,7000.0,0.0,0.0
2027-05-21,P,7000.0,0.0,5.0
2027-05-21,C,8000.0,0.0,0.0
2027-05-21,P,8000.0,0.0,3.0
2027-05-21,C,9000.0,0.0,0.0
2027-05-21,P,9000.0,0.0,1.0
2027-05-21,C,10000.0,0.0,0.0
2027-05-21,P,10000.0,0.0,1.0
2027-05-21,C,11000.0,0.0,0.0
2027-05-21,P,11000.0,0.0,0.0
2027-05-21,C,12000.0,0.0,0.0
2027-05-21,P,12000.0,0.0,0.0
2027-05-21,C,13000.0,0.0,0.0
2027-05-21,P,13000.0,0.0,0.0
2027-05-21,C,14000.0,0.0,0.0
2027-05-21,P,14000.0,0.0,0.0
2027-05-21,C,15000.0,0.0,0.0
2027-05-21,P,15000.0,0.0,0.0
2027-05-21,C,16000.0,0.0,0.0
2027-05-21,P,16000.0,0.0,2.0
2027-05-21,C,17000.0,0.0,0.0
2027-05-21,P,17000.0,0.0,4.0
2027-05-21,C,18000.0,0.0,0.0
2027-05-21,P,18000.0,0.0,5.0
2027-05-21,C,19000.0,0.0,0.0
2027-05-21,P,19000.0,0.0,1.0
2027-05-21,C,20000.0,0.0,0.0
2027-05-21,P,20000.0,0.0,0.0
2027-05-21,C,21000.0,0.0,0.0
2027-05-21,P,21000.0,0.0,4.0
2027-05-21,C,22000.0,0.0,0.0
2027-05-21,P,22000.0,0.0,0.0
2027-05-21,C,23000.0,0.0,0.0
2027-05-21,P,23000.0,0.0,0.0
2027-05-21,C,23500.0,0.0,0.0
2027-05-21,P,23500.0,0.0,2.0
2027-05-21,C,24000.0,0.0,0.0
2027-05-21,P,24000.0,0.0,0.0
2027-05-21,C,24500.0,0.0,0.0
2027-05-21,P,24500.0,0.0,0.0
2027-05-21,C,25000.0,0.0,0.0
2027-05-21,P,25000.0,0.0,0.0
2027-05-21,C,25500.0,0.0,0.0
2027-05-21,P,25500.0,0.0,0.0
2027-05-21,C,26000.0,0.0,0.0
2027-05-21,P,26000.0,0.0,0.0
2027-05-21,C,26500.0,0.0,0.0
2027-05-21,P,26500.0,0.0,0.0
2027-05-21,C,27000.0,0.0,0.0
2027-05-21,P,27000.0,0.0,1.0
2027-05-21,C,27500.0,0.0001,0.0
2027-05-21,P,27500.0,0.0001,0.0
2027-05-21,C,27600.0,0.0001,0.0
2027-05-21,P,27600.0,0.0001,0.0
2027-05-21,C,27800.0,0.0001,0.0
2027-05-21,P,27800.0,0.0001,0.0
2027-05-21,C,28000.0,0.0001,0.0
2027-05-21,P,28000.0,0.0001,0.0
2027-05-21,C,28200.0,0.0001,0.0
2027-05-21,P,28200.0,0.0001,0.0
2027-05-21,C,28400.0,0.0001,0.0
2027-05-21,P,28400.0,0.0001,0.0
2027-05-21,C,28500.0,0.0001,0.0
2027-05-21,P,28500.0,0.0001,0.0
2027-05-21,C,28600.0,0.0001,0.0
2027-05-21,P,28600.0,0.0001,0.0
2027-05-21,C,28800.0,0.0001,0.0
2027-05-21,P,28800.0,0.0001,0.0
2027-05-21,C,29000.0,0.0001,0.0
2027-05-21,P,29000.0,0.0001,0.0
2027-05-21,C,29200.0,0.0001,0.0
2027-05-21,P,29200.0,0.0001,0.0
2027-05-21,C,29400.0,0.0001,0.0
2027-05-21,P,29400.0,0.0001,0.0
2027-05-21,C,29500.0,0.0001,0.0
2027-05-21,P,29500.0,0.0001,0.0
2027-05-21,C,29600.0,0.0001,0.0
2027-05-21,P,29600.0,0.0001,0.0
2027-05-21,C,29800.0,0.0001,0.0
2027-05-21,P,29800.0,0.0001,0.0
2027-05-21,C,30000.0,0.0001,0.0
2027-05-21,P,30000.0,0.0001,18.0
2027-05-21,C,30200.0,0.0001,0.0
2027-05-21,P,30200.0,0.0001,0.0
2027-05-21,C,30400.0,0.0001,0.0
2027-05-21,P,30400.0,0.0001,0.0
2027-05-21,C,30500.0,0.0001,0.0
2027-05-21,P,30500.0,0.0001,0.0
2027-05-21,C,30600.0,0.0001,0.0
2027-05-21,P,30600.0,0.0001,0.0
2027-05-21,C,30800.0,0.0001,0.0
2027-05-21,P,30800.0,0.0001,0.0
2027-05-21,C,31000.0,0.0001,0.0
2027-05-21,P,31000.0,0.0001,0.0
2027-05-21,C,31200.0,0.0001,0.0
2027-05-21,P,31200.0,0.0001,0.0
2027-05-21,C,31400.0,0.0001,0.0
2027-05-21,P,31400.0,0.0001,0.0
2027-05-21,C,31500.0,0.0001,0.0
2027-05-21,P,31500.0,0.0001,0.0
2027-05-21,C,31600.0,0.0001,0.0
2027-05-21,P,31600.0,0.0001,0.0
2027-05-21,C,31800.0,0.0001,0.0
2027-05-21,P,31800.0,0.0001,0.0
2027-05-21,C,32000.0,0.0001,0.0
2027-05-21,P,32000.0,0.0001,0.0
2027-05-21,C,32500.0,0.0001,0.0
2027-05-21,P,32500.0,0.0001,0.0
2027-05-21,C,33000.0,0.0001,0.0
2027-05-21,P,33000.0,0.0001,0.0
2027-05-21,C,33500.0,0.0001,1.0
2027-05-21,P,33500.0,0.0001,0.0
2027-05-21,C,34000.0,0.0001,0.0
2027-05-21,P,34000.0,0.0001,1.0
2027-05-21,C,34500.0,0.0001,0.0
2027-05-21,P,34500.0,0.0001,0.0
2027-05-21,C,35000.0,0.0001,0.0
2027-05-21,P,35000.0,0.0001,0.0
2027-05-21,C,35500.0,0.0001,0.0
2027-05-21,P,35500.0,0.0001,0.0
2027-05-21,C,36000.0,0.0,0.0
2027-05-21,P,36000.0,0.0,0.0
2027-05-21,C,36500.0,0.0,1.0
2027-05-21,P,36500.0,0.0,0.0
2027-05-21,C,37000.0,0.0,0.0
2027-05-21,P,37000.0,0.0,0.0
2027-05-21,C,38000.0,0.0,0.0
2027-05-21,P,38000.0,0.0,0.0
2027-05-21,C,39000.0,0.0,0.0
2027-05-21,P,39000.0,0.0,0.0
2027-05-21,C,40000.0,0.0,0.0
2027-05-21,P,40000.0,0.0,0.0
2027-05-21,C,41000.0,0.0,1.0
2027-05-21,P,41000.0,0.0,0.0
2027-05-21,C,42000.0,0.0,37.0
2027-05-21,P,42000.0,0.0,0.0
2027-06-17,C,5000.0,0.0,0.0
2027-06-17,P,5000.0,0.0,55.0
2027-06-17,C,6000.0,0.0,0.0
2027-06-17,P,6000.0,0.0,2.0
2027-06-17,C,7000.0,0.0,0.0
2027-06-17,P,7000.0,0.0,7.0
2027-06-17,C,8000.0,0.0,0.0
2027-06-17,P,8000.0,0.0,2.0
2027-06-17,C,9000.0,0.0,0.0
2027-06-17,P,9000.0,0.0,1.0
2027-06-17,C,10000.0,0.0,0.0
2027-06-17,P,10000.0,0.0,3.0
2027-06-17,C,11000.0,0.0,0.0
2027-06-17,P,11000.0,0.0,0.0
2027-06-17,C,12000.0,0.0,0.0
2027-06-17,P,12000.0,0.0,4.0
2027-06-17,C,13000.0,0.0,0.0
2027-06-17,P,13000.0,0.0,0.0
2027-06-17,C,14000.0,0.0,0.0
2027-06-17,P,14000.0,0.0,2.0
2027-06-17,C,15000.0,0.0,0.0
2027-06-17,P,15000.0,0.0,1.0
2027-06-17,C,15500.0,0.0,0.0
2027-06-17,P,15500.0,0.0,47.0
2027-06-17,C,16000.0,0.0,0.0
2027-06-17,P,16000.0,0.0,4.0
2027-06-17,C,16500.0,0.0,0.0
2027-06-17,P,16500.0,0.0,5.0
2027-06-17,C,17000.0,0.0,0.0
2027-06-17,P,17000.0,0.0,26.0
2027-06-17,C,17500.0,0.0,0.0
2027-06-17,P,17500.0,0.0,25.0
2027-06-17,C,18000.0,0.0,0.0
2027-06-17,P,18000.0,0.0,25.0
2027-06-17,C,18500.0,0.0,0.0
2027-06-17,P,18500.0,0.0,1008.0
2027-06-17,C,19000.0,0.0,0.0
2027-06-17,P,19000.0,0.0,195.0
2027-06-17,C,19500.0,0.0,0.0
2027-06-17,P,19500.0,0.0,1170.0
2027-06-17,C,20000.0,0.0,0.0
2027-06-17,P,20000.0,0.0,135.0
2027-06-17,C,20500.0,0.0,0.0
2027-06-17,P,20500.0,0.0,510.0
2027-06-17,C,21000.0,0.0,0.0
2027-06-17,P,21000.0,0.0,550.0
2027-06-17,C,21500.0,0.0,0.0
2027-06-17,P,21500.0,0.0,46.0
2027-06-17,C,22000.0,0.0,0.0
2027-06-17,P,22000.0,0.0,37.0
2027-06-17,C,22500.0,0.0,0.0
2027-06-17,P,22500.0,0.0,12.0
2027-06-17,C,23000.0,0.0,0.0
2027-06-17,P,23000.0,0.0,10.0
2027-06-17,C,23200.0,0.0,0.0
2027-06-17,P,23200.0,0.0,5.0
2027-06-17,C,23400.0,0.0,0.0
2027-06-17,P,23400.0,0.0,0.0
2027-06-17,C,23500.0,0.0,0.0
2027-06-17,P,23500.0,0.0,11.0
2027-06-17,C,23600.0,0.0,0.0
2027-06-17,P,23600.0,0.0,0.0
2027-06-17,C,23800.0,0.0,0.0
2027-06-17,P,23800.0,0.0,30.0
2027-06-17,C,24000.0,0.0,4.0
2027-06-17,P,24000.0,0.0,902.0
2027-06-17,C,24200.0,0.0,0.0
2027-06-17,P,24200.0,0.0,6.0
2027-06-17,C,24300.0,0.0,1.0
2027-06-17,P,24300.0,0.0,8.0
2027-06-17,C,24400.0,0.0,1.0
2027-06-17,P,24400.0,0.0,2.0
2027-06-17,C,24500.0,0.0,0.0
2027-06-17,P,24500.0,0.0,4.0
2027-06-17,C,24600.0,0.0,0.0
2027-06-17,P,24600.0,0.0,0.0
2027-06-17,C,24700.0,0.0,0.0
2027-06-17,P,24700.0,0.0,0.0
2027-06-17,C,24800.0,0.0,0.0
2027-06-17,P,24800.0,0.0,6.0
2027-06-17,C,24900.0,0.0,0.0
2027-06-17,P,24900.0,0.0,4.0
2027-06-17,C,25000.0,0.0,20.0
2027-06-17,P,25000.0,0.0,310.0
2027-06-17,C,25100.0,0.0,0.0
2027-06-17,P,25100.0,0.0,1.0
2027-06-17,C,25200.0,0.0,0.0
2027-06-17,P,25200.0,0.0,15.0
2027-06-17,C,25300.0,0.0,0.0
2027-06-17,P,25300.0,0.0,0.0
2027-06-17,C,25400.0,0.0,0.0
2027-06-17,P,25400.0,0.0,0.0
2027-06-17,C,25500.0,0.0,0.0
2027-06-17,P,25500.0,0.0,49.0
2027-06-17,C,25600.0,0.0,0.0
2027-06-17,P,25600.0,0.0,0.0
2027-06-17,C,25700.0,0.0,0.0
2027-06-17,P,25700.0,0.0,0.0
2027-06-17,C,25800.0,0.0,4.0
2027-06-17,P,25800.0,0.0,5.0
2027-06-17,C,25900.0,0.0,0.0
2027-06-17,P,25900.0,0.0,0.0
2027-06-17,C,26000.0,0.0,1.0
2027-06-17,P,26000.0,0.0,8.0
2027-06-17,C,26100.0,0.0,11.0
2027-06-17,P,26100.0,0.0,10.0
2027-06-17,C,26200.0,0.0,0.0
2027-06-17,P,26200.0,0.0,1.0
2027-06-17,C,26300.0,0.0,0.0
2027-06-17,P,26300.0,0.0,0.0
2027-06-17,C,26400.0,0.0,0.0
2027-06-17,P,26400.0,0.0,0.0
2027-06-17,C,26500.0,0.0,1.0
2027-06-17,P,26500.0,0.0,73.0
2027-06-17,C,26600.0,0.0,0.0
2027-06-17,P,26600.0,0.0,30.0
2027-06-17,C,26700.0,0.0,0.0
2027-06-17,P,26700.0,0.0,10.0
2027-06-17,C,26800.0,0.0,0.0
2027-06-17,P,26800.0,0.0,1.0
2027-06-17,C,26900.0,0.0,13.0
2027-06-17,P,26900.0,0.0,13.0
2027-06-17,C,27000.0,0.0,0.0
2027-06-17,P,27000.0,0.0,26.0
2027-06-17,C,27100.0,0.0,2.0
2027-06-17,P,27100.0,0.0,13.0
2027-06-17,C,27200.0,0.0,0.0
2027-06-17,P,27200.0,0.0,3.0
2027-06-17,C,27300.0,0.0,0.0
2027-06-17,P,27300.0,0.0,0.0
2027-06-17,C,27400.0,0.0,0.0
2027-06-17,P,27400.0,0.0,29.0
2027-06-17,C,27500.0,0.0,0.0
2027-06-17,P,27500.0,0.0,4.0
2027-06-17,C,27600.0,0.0,2.0
2027-06-17,P,27600.0,0.0,2.0
2027-06-17,C,27800.0,0.0,12.0
2027-06-17,P,27800.0,0.0,22.0
2027-06-17,C,28000.0,0.0001,95.0
2027-06-17,P,28000.0,0.0001,330.0
2027-06-17,C,28200.0,0.0001,2.0
2027-06-17,P,28200.0,0.0001,0.0
2027-06-17,C,28400.0,0.0001,0.0
2027-06-17,P,28400.0,0.0001,5.0
2027-06-17,C,28500.0,0.0001,5.0
2027-06-17,P,28500.0,0.0001,1.0
2027-06-17,C,28600.0,0.0001,0.0
2027-06-17,P,28600.0,0.0001,7.0
2027-06-17,C,28800.0,0.0001,0.0
2027-06-17,P,28800.0,0.0001,1.0
2027-06-17,C,29000.0,0.0001,14.0
2027-06-17,P,29000.0,0.0001,703.0
2027-06-17,C,29200.0,0.0001,14.0
2027-06-17,P,29200.0,0.0001,15.0
2027-06-17,C,29400.0,0.0001,0.0
2027-06-17,P,29400.0,0.0001,15.0
2027-06-17,C,29500.0,0.0001,5.0
2027-06-17,P,29500.0,0.0001,13.0
2027-06-17,C,29600.0,0.0001,17.0
2027-06-17,P,29600.0,0.0001,20.0
2027-06-17,C,29800.0,0.0001,17.0
2027-06-17,P,29800.0,0.0001,17.0
2027-06-17,C,30000.0,0.0001,55.0
2027-06-17,P,30000.0,0.0001,605.0
2027-06-17,C,30200.0,0.0001,0.0
2027-06-17,P,30200.0,0.0001,11.0
2027-06-17,C,30400.0,0.0001,1.0
2027-06-17,P,30400.0,0.0001,1.0
2027-06-17,C,30500.0,0.0001,29.0
2027-06-17,P,30500.0,0.0001,26.0
2027-06-17,C,30600.0,0.0001,20.0
2027-06-17,P,30600.0,0.0001,0.0
2027-06-17,C,30800.0,0.0001,5.0
2027-06-17,P,30800.0,0.0001,0.0
2027-06-17,C,31000.0,0.0001,87.0
2027-06-17,P,31000.0,0.0001,27.0
2027-06-17,C,31200.0,0.0001,24.0
2027-06-17,P,31200.0,0.0001,24.0
2027-06-17,C,31400.0,0.0001,37.0
2027-06-17,P,31400.0,0.0001,17.0
2027-06-17,C,31500.0,0.0001,110.0
2027-06-17,P,31500.0,0.0001,26.0
2027-06-17,C,31600.0,0.0001,282.0
2027-06-17,P,31600.0,0.0001,9.0
2027-06-17,C,31800.0,0.0001,7.0
2027-06-17,P,31800.0,0.0001,1.0
2027-06-17,C,32000.0,0.0001,159.0
2027-06-17,P,32000.0,0.0001,44.0
2027-06-17,C,32100.0,0.0001,18.0
2027-06-17,P,32100.0,0.0001,18.0
2027-06-17,C,32200.0,0.0001,7.0
2027-06-17,P,32200.0,0.0001,5.0
2027-06-17,C,32400.0,0.0001,0.0
2027-06-17,P,32400.0,0.0001,0.0
2027-06-17,C,32500.0,0.0001,27.0
2027-06-17,P,32500.0,0.0001,17.0
2027-06-17,C,32600.0,0.0001,3.0
2027-06-17,P,32600.0,0.0001,2.0
2027-06-17,C,32800.0,0.0001,0.0
2027-06-17,P,32800.0,0.0001,0.0
2027-06-17,C,33000.0,0.0001,22.0
2027-06-17,P,33000.0,0.0001,13.0
2027-06-17,C,33500.0,0.0001,46.0
2027-06-17,P,33500.0,0.0001,0.0
2027-06-17,C,34000.0,0.0001,184.0
2027-06-17,P,34000.0,0.0001,21.0
2027-06-17,C,34500.0,0.0001,35.0
2027-06-17,P,34500.0,0.0001,0.0
2027-06-17,C,35000.0,0.0001,26.0
2027-06-17,P,35000.0,0.0001,0.0
2027-06-17,C,35500.0,0.0001,25.0
2027-06-17,P,35500.0,0.0001,0.0
2027-06-17,C,36000.0,0.0,579.0
2027-06-17,P,36000.0,0.0,0.0
2027-06-17,C,36500.0,0.0,5.0
2027-06-17,P,36500.0,0.0,0.0
2027-06-17,C,37000.0,0.0,81.0
2027-06-17,P,37000.0,0.0,0.0
2027-06-17,C,37500.0,0.0,57.0
2027-06-17,P,37500.0,0.0,0.0
2027-06-17,C,38000.0,0.0,539.0
2027-06-17,P,38000.0,0.0,0.0
2027-06-17,C,39000.0,0.0,277.0
2027-06-17,P,39000.0,0.0,0.0
2027-06-17,C,40000.0,0.0,11.0
2027-06-17,P,40000.0,0.0,0.0
2027-06-17,C,41000.0,0.0,195.0
2027-06-17,P,41000.0,0.0,0.0
2027-06-17,C,42000.0,0.0,71.0
2027-06-17,P,42000.0,0.0,0.0
2027-06-17,C,43000.0,0.0,11.0
2027-06-17,P,43000.0,0.0,0.0
2027-06-17,C,44000.0,0.0,17.0
2027-06-17,P,44000.0,0.0,0.0
2027-06-17,C,45000.0,0.0,39.0
2027-06-17,P,45000.0,0.0,0.0
2027-07-16,C,23500.0,0.0,0.0
2027-07-16,P,23500.0,0.0,2.0
2027-07-16,C,24000.0,0.0,0.0
2027-07-16,P,24000.0,0.0,1.0
2027-07-16,C,24500.0,0.0,0.0
2027-07-16,P,24500.0,0.0,0.0
2027-07-16,C,25000.0,0.0,0.0
2027-07-16,P,25000.0,0.0,28.0
2027-07-16,C,25500.0,0.0,0.0
2027-07-16,P,25500.0,0.0,0.0
2027-07-16,C,26000.0,0.0,0.0
2027-07-16,P,26000.0,0.0,22.0
2027-07-16,C,26500.0,0.0,0.0
2027-07-16,P,26500.0,0.0,3.0
2027-07-16,C,27000.0,0.0,0.0
2027-07-16,P,27000.0,0.0,0.0
2027-07-16,C,27500.0,0.0,0.0
2027-07-16,P,27500.0,0.0,0.0
2027-07-16,C,28000.0,0.0,22.0
2027-07-16,P,28000.0,0.0,5.0
2027-07-16,C,28500.0,0.0001,0.0
2027-07-16,P,28500.0,0.0001,0.0
2027-07-16,C,29000.0,0.0001,23.0
2027-07-16,P,29000.0,0.0001,1.0
2027-07-16,C,29500.0,0.0001,2.0
2027-07-16,P,29500.0,0.0001,0.0
2027-07-16,C,30000.0,0.0001,1.0
2027-07-16,P,30000.0,0.0001,15.0
2027-07-16,C,30500.0,0.0001,0.0
2027-07-16,P,30500.0,0.0001,0.0
2027-07-16,C,31000.0,0.0001,0.0
2027-07-16,P,31000.0,0.0001,0.0
2027-07-16,C,31500.0,0.0001,0.0
2027-07-16,P,31500.0,0.0001,0.0
2027-07-16,C,32000.0,0.0001,24.0
2027-07-16,P,32000.0,0.0001,0.0
2027-07-16,C,32500.0,0.0001,0.0
2027-07-16,P,32500.0,0.0001,0.0
2027-07-16,C,33000.0,0.0001,22.0
2027-07-16,P,33000.0,0.0001,0.0
2027-07-16,C,33500.0,0.0001,0.0
2027-07-16,P,33500.0,0.0001,0.0
2027-07-16,C,34000.0,0.0001,30.0
2027-07-16,P,34000.0,0.0001,0.0
2027-09-17,C,6000.0,0.0,0.0
2027-09-17,P,6000.0,0.0,2.0
2027-09-17,C,7000.0,0.0,0.0
2027-09-17,P,7000.0,0.0,0.0
2027-09-17,C,8000.0,0.0,0.0
2027-09-17,P,8000.0,0.0,3.0
2027-09-17,C,9000.0,0.0,0.0
2027-09-17,P,9000.0,0.0,1.0
2027-09-17,C,10000.0,0.0,0.0
2027-09-17,P,10000.0,0.0,0.0
2027-09-17,C,11000.0,0.0,0.0
2027-09-17,P,11000.0,0.0,0.0
2027-09-17,C,12000.0,0.0,0.0
2027-09-17,P,12000.0,0.0,0.0
2027-09-17,C,13000.0,0.0,0.0
2027-09-17,P,13000.0,0.0,0.0
2027-09-17,C,14000.0,0.0,0.0
2027-09-17,P,14000.0,0.0,2.0
2027-09-17,C,15000.0,0.0,0.0
2027-09-17,P,15000.0,0.0,2.0
2027-09-17,C,16000.0,0.0,0.0
2027-09-17,P,16000.0,0.0,4.0
2027-09-17,C,17000.0,0.0,0.0
2027-09-17,P,17000.0,0.0,5.0
2027-09-17,C,18000.0,0.0,0.0
2027-09-17,P,18000.0,0.0,0.0
2027-09-17,C,19000.0,0.0,0.0
2027-09-17,P,19000.0,0.0,1.0
2027-09-17,C,20000.0,0.0,0.0
2027-09-17,P,20000.0,0.0,5.0
2027-09-17,C,21000.0,0.0,0.0
2027-09-17,P,21000.0,0.0,5.0
2027-09-17,C,21500.0,0.0,0.0
2027-09-17,P,21500.0,0.0,0.0
2027-09-17,C,22000.0,0.0,0.0
2027-09-17,P,22000.0,0.0,0.0
2027-09-17,C,22500.0,0.0,0.0
2027-09-17,P,22500.0,0.0,0.0
2027-09-17,C,23000.0,0.0,1.0
2027-09-17,P,23000.0,0.0,0.0
2027-09-17,C,23400.0,0.0,0.0
2027-09-17,P,23400.0,0.0,1.0
2027-09-17,C,23500.0,0.0,0.0
2027-09-17,P,23500.0,0.0,0.0
2027-09-17,C,23600.0,0.0,0.0
2027-09-17,P,23600.0,0.0,0.0
2027-09-17,C,23800.0,0.0,0.0
2027-09-17,P,23800.0,0.0,28.0
2027-09-17,C,24000.0,0.0,1.0
2027-09-17,P,24000.0,0.0,0.0
2027-09-17,C,24200.0,0.0,0.0
2027-09-17,P,24200.0,0.0,4.0
2027-09-17,C,24400.0,0.0,0.0
2027-09-17,P,24400.0,0.0,2.0
2027-09-17,C,24500.0,0.0,1.0
2027-09-17,P,24500.0,0.0,0.0
2027-09-17,C,24600.0,0.0,0.0
2027-09-17,P,24600.0,0.0,4.0
2027-09-17,C,24800.0,0.0,0.0
2027-09-17,P,24800.0,0.0,0.0
2027-09-17,C,25000.0,0.0,4.0
2027-09-17,P,25000.0,0.0,4.0
2027-09-17,C,25200.0,0.0,0.0
2027-09-17,P,25200.0,0.0,1.0
2027-09-17,C,25400.0,0.0,0.0
2027-09-17,P,25400.0,0.0,0.0
2027-09-17,C,25500.0,0.0,0.0
2027-09-17,P,25500.0,0.0,0.0
2027-09-17,C,25600.0,0.0,0.0
2027-09-17,P,25600.0,0.0,0.0
2027-09-17,C,25800.0,0.0,0.0
2027-09-17,P,25800.0,0.0,0.0
2027-09-17,C,26000.0,0.0,0.0
2027-09-17,P,26000.0,0.0,2.0
2027-09-17,C,26200.0,0.0,0.0
2027-09-17,P,26200.0,0.0,0.0
2027-09-17,C,26400.0,0.0,0.0
2027-09-17,P,26400.0,0.0,6.0
2027-09-17,C,26500.0,0.0,0.0
2027-09-17,P,26500.0,0.0,0.0
2027-09-17,C,26600.0,0.0,0.0
2027-09-17,P,26600.0,0.0,1.0
2027-09-17,C,26800.0,0.0,0.0
2027-09-17,P,26800.0,0.0,0.0
2027-09-17,C,27000.0,0.0,0.0
2027-09-17,P,27000.0,0.0,2.0
2027-09-17,C,27200.0,0.0,0.0
2027-09-17,P,27200.0,0.0,0.0
2027-09-17,C,27400.0,0.0,1.0
2027-09-17,P,27400.0,0.0,28.0
2027-09-17,C,27500.0,0.0,1.0
2027-09-17,P,27500.0,0.0,0.0
2027-09-17,C,27600.0,0.0,0.0
2027-09-17,P,27600.0,0.0,0.0
2027-09-17,C,27800.0,0.0,0.0
2027-09-17,P,27800.0,0.0,6.0
2027-09-17,C,28000.0,0.0,1.0
2027-09-17,P,28000.0,0.0,3.0
2027-09-17,C,28200.0,0.0,0.0
2027-09-17,P,28200.0,0.0,3.0
2027-09-17,C,28400.0,0.0,0.0
2027-09-17,P,28400.0,0.0,2.0
2027-09-17,C,28500.0,0.0,0.0
2027-09-17,P,28500.0,0.0,1.0
2027-09-17,C,28600.0,0.0,0.0
2027-09-17,P,28600.0,0.0,0.0
2027-09-17,C,28800.0,0.0,0.0
2027-09-17,P,28800.0,0.0,0.0
2027-09-17,C,29000.0,0.0,7.0
2027-09-17,P,29000.0,0.0,38.0
2027-09-17,C,29200.0,0.0,0.0
2027-09-17,P,29200.0,0.0,0.0
2027-09-17,C,29400.0,0.0,0.0
2027-09-17,P,29400.0,0.0,0.0
2027-09-17,C,29500.0,0.0,0.0
2027-09-17,P,29500.0,0.0,0.0
2027-09-17,C,29600.0,0.0,0.0
2027-09-17,P,29600.0,0.0,0.0
2027-09-17,C,29800.0,0.0,0.0
2027-09-17,P,29800.0,0.0,3.0
2027-09-17,C,30000.0,0.0001,0.0
2027-09-17,P,30000.0,0.0001,20.0
2027-09-17,C,30200.0,0.0001,0.0
2027-09-17,P,30200.0,0.0001,0.0
2027-09-17,C,30400.0,0.0001,0.0
2027-09-17,P,30400.0,0.0001,0.0
2027-09-17,C,30500.0,0.0001,0.0
2027-09-17,P,30500.0,0.0001,0.0
2027-09-17,C,30600.0,0.0001,0.0
2027-09-17,P,30600.0,0.0001,0.0
2027-09-17,C,30800.0,0.0001,0.0
2027-09-17,P,30800.0,0.0001,0.0
2027-09-17,C,31000.0,0.0001,0.0
2027-09-17,P,31000.0,0.0001,0.0
2027-09-17,C,31200.0,0.0001,0.0
2027-09-17,P,31200.0,0.0001,0.0
2027-09-17,C,31400.0,0.0001,0.0
2027-09-17,P,31400.0,0.0001,0.0
2027-09-17,C,31500.0,0.0001,0.0
2027-09-17,P,31500.0,0.0001,0.0
2027-09-17,C,31600.0,0.0001,0.0
2027-09-17,P,31600.0,0.0001,0.0
2027-09-17,C,31800.0,0.0001,0.0
2027-09-17,P,31800.0,0.0001,0.0
2027-09-17,C,32000.0,0.0001,23.0
2027-09-17,P,32000.0,0.0001,0.0
2027-09-17,C,32200.0,0.0001,0.0
2027-09-17,P,32200.0,0.0001,0.0
2027-09-17,C,32400.0,0.0001,0.0
2027-09-17,P,32400.0,0.0001,0.0
2027-09-17,C,32500.0,0.0001,1.0
2027-09-17,P,32500.0,0.0001,0.0
2027-09-17,C,32600.0,0.0001,0.0
2027-09-17,P,32600.0,0.0001,0.0
2027-09-17,C,32800.0,0.0001,1.0
2027-09-17,P,32800.0,0.0001,0.0
2027-09-17,C,33000.0,0.0001,20.0
2027-09-17,P,33000.0,0.0001,20.0
2027-09-17,C,33200.0,0.0001,1.0
2027-09-17,P,33200.0,0.0001,0.0
2027-09-17,C,33400.0,0.0001,0.0
2027-09-17,P,33400.0,0.0001,0.0
2027-09-17,C,33500.0,0.0001,184.0
2027-09-17,P,33500.0,0.0001,0.0
2027-09-17,C,34000.0,0.0001,0.0
2027-09-17,P,34000.0,0.0001,0.0
2027-09-17,C,34500.0,0.0001,1.0
2027-09-17,P,34500.0,0.0001,0.0
2027-09-17,C,35000.0,0.0001,0.0
2027-09-17,P,35000.0,0.0001,0.0
2027-09-17,C,35500.0,0.0,0.0
2027-09-17,P,35500.0,0.0,0.0
2027-09-17,C,36000.0,0.0,1.0
2027-09-17,P,36000.0,0.0,0.0
2027-09-17,C,36500.0,0.0,199.0
2027-09-17,P,36500.0,0.0,0.0
2027-09-17,C,37000.0,0.0,6.0
2027-09-17,P,37000.0,0.0,1.0
2027-09-17,C,37500.0,0.0,0.0
2027-09-17,P,37500.0,0.0,0.0
2027-09-17,C,38000.0,0.0,0.0
2027-09-17,P,38000.0,0.0,0.0
2027-09-17,C,39000.0,0.0,1.0
2027-09-17,P,39000.0,0.0,0.0
2027-09-17,C,40000.0,0.0,0.0
2027-09-17,P,40000.0,0.0,0.0
2027-09-17,C,41000.0,0.0,0.0
2027-09-17,P,41000.0,0.0,0.0
2027-09-17,C,42000.0,0.0,2.0
2027-09-17,P,42000.0,0.0,0.0
2027-09-17,C,43000.0,0.0,0.0
2027-09-17,P,43000.0,0.0,0.0
2027-12-17,C,6000.0,0.0,0.0
2027-12-17,P,6000.0,0.0,7.0
2027-12-17,C,7000.0,0.0,0.0
2027-12-17,P,7000.0,0.0,4.0
2027-12-17,C,8000.0,0.0,0.0
2027-12-17,P,8000.0,0.0,0.0
2027-12-17,C,9000.0,0.0,0.0
2027-12-17,P,9000.0,0.0,5.0
2027-12-17,C,10000.0,0.0,0.0
2027-12-17,P,10000.0,0.0,3.0
2027-12-17,C,11000.0,0.0,0.0
2027-12-17,P,11000.0,0.0,2.0
2027-12-17,C,12000.0,0.0,0.0
2027-12-17,P,12000.0,0.0,40.0
2027-12-17,C,12200.0,0.0,0.0
2027-12-17,P,12200.0,0.0,9.0
2027-12-17,C,12400.0,0.0,0.0
2027-12-17,P,12400.0,0.0,2.0
2027-12-17,C,12600.0,0.0,0.0
2027-12-17,P,12600.0,0.0,6.0
2027-12-17,C,12800.0,0.0,0.0
2027-12-17,P,12800.0,0.0,2.0
2027-12-17,C,13000.0,0.0,0.0
2027-12-17,P,13000.0,0.0,48.0
2027-12-17,C,13200.0,0.0,0.0
2027-12-17,P,13200.0,0.0,1.0
2027-12-17,C,13400.0,0.0,0.0
2027-12-17,P,13400.0,0.0,1.0
2027-12-17,C,13600.0,0.0,0.0
2027-12-17,P,13600.0,0.0,1.0
2027-12-17,C,13800.0,0.0,0.0
2027-12-17,P,13800.0,0.0,5.0
2027-12-17,C,14000.0,0.0,3.0
2027-12-17,P,14000.0,0.0,23.0
2027-12-17,C,14200.0,0.0,1.0
2027-12-17,P,14200.0,0.0,4.0
2027-12-17,C,14400.0,0.0,1.0
2027-12-17,P,14400.0,0.0,25.0
2027-12-17,C,14600.0,0.0,0.0
2027-12-17,P,14600.0,0.0,0.0
2027-12-17,C,14800.0,0.0,1.0
2027-12-17,P,14800.0,0.0,0.0
2027-12-17,C,15000.0,0.0,0.0
2027-12-17,P,15000.0,0.0,36.0
2027-12-17,C,15200.0,0.0,0.0
2027-12-17,P,15200.0,0.0,2.0
2027-12-17,C,15400.0,0.0,1.0
2027-12-17,P,15400.0,0.0,5.0
2027-12-17,C,15600.0,0.0,0.0
2027-12-17,P,15600.0,0.0,2.0
2027-12-17,C,15800.0,0.0,1.0
2027-12-17,P,15800.0,0.0,11.0
2027-12-17,C,16000.0,0.0,1.0
2027-12-17,P,16000.0,0.0,207.0
2027-12-17,C,16200.0,0.0,0.0
2027-12-17,P,16200.0,0.0,8.0
2027-12-17,C,16400.0,0.0,0.0
2027-12-17,P,16400.0,0.0,0.0
2027-12-17,C,16600.0,0.0,0.0
2027-12-17,P,16600.0,0.0,1.0
2027-12-17,C,16800.0,0.0,1.0
2027-12-17,P,16800.0,0.0,1.0
2027-12-17,C,17000.0,0.0,7.0
2027-12-17,P,17000.0,0.0,90.0
2027-12-17,C,17500.0,0.0,6.0
2027-12-17,P,17500.0,0.0,78.0
2027-12-17,C,18000.0,0.0,1.0
2027-12-17,P,18000.0,0.0,421.0
2027-12-17,C,18200.0,0.0,0.0
2027-12-17,P,18200.0,0.0,12.0
2027-12-17,C,18400.0,0.0,1.0
2027-12-17,P,18400.0,0.0,10.0
2027-12-17,C,18500.0,0.0,1.0
2027-12-17,P,18500.0,0.0,2.0
2027-12-17,C,18600.0,0.0,0.0
2027-12-17,P,18600.0,0.0,15.0
2027-12-17,C,18800.0,0.0,0.0
2027-12-17,P,18800.0,0.0,4.0
2027-12-17,C,19000.0,0.0,5.0
2027-12-17,P,19000.0,0.0,50.0
2027-12-17,C,19200.0,0.0,1.0
2027-12-17,P,19200.0,0.0,5.0
2027-12-17,C,19400.0,0.0,0.0
2027-12-17,P,19400.0,0.0,2.0
2027-12-17,C,19500.0,0.0,2.0
2027-12-17,P,19500.0,0.0,42.0
2027-12-17,C,19600.0,0.0,0.0
2027-12-17,P,19600.0,0.0,1.0
2027-12-17,C,19800.0,0.0,0.0
2027-12-17,P,19800.0,0.0,13.0
2027-12-17,C,20000.0,0.0,5.0
2027-12-17,P,20000.0,0.0,276.0
2027-12-17,C,20100.0,0.0,3.0
2027-12-17,P,20100.0,0.0,1.0
2027-12-17,C,20200.0,0.0,2.0
2027-12-17,P,20200.0,0.0,2.0
2027-12-17,C,20300.0,0.0,1.0
2027-12-17,P,20300.0,0.0,3.0
2027-12-17,C,20400.0,0.0,0.0
2027-12-17,P,20400.0,0.0,0.0
2027-12-17,C,20500.0,0.0,0.0
2027-12-17,P,20500.0,0.0,32.0
2027-12-17,C,20600.0,0.0,1.0
2027-12-17,P,20600.0,0.0,2.0
2027-12-17,C,20700.0,0.0,1.0
2027-12-17,P,20700.0,0.0,8.0
2027-12-17,C,20800.0,0.0,1.0
2027-12-17,P,20800.0,0.0,8.0
2027-12-17,C,20900.0,0.0,0.0
2027-12-17,P,20900.0,0.0,14.0
2027-12-17,C,21000.0,0.0,7.0
2027-12-17,P,21000.0,0.0,42.0
2027-12-17,C,21100.0,0.0,0.0
2027-12-17,P,21100.0,0.0,14.0
2027-12-17,C,21200.0,0.0,0.0
2027-12-17,P,21200.0,0.0,4.0
2027-12-17,C,21300.0,0.0,1.0
2027-12-17,P,21300.0,0.0,4.0
2027-12-17,C,21400.0,0.0,1.0
2027-12-17,P,21400.0,0.0,22.0
2027-12-17,C,21500.0,0.0,8.0
2027-12-17,P,21500.0,0.0,23.0
2027-12-17,C,21600.0,0.0,1.0
2027-12-17,P,21600.0,0.0,1.0
2027-12-17,C,21700.0,0.0,0.0
2027-12-17,P,21700.0,0.0,1.0
2027-12-17,C,21800.0,0.0,1.0
2027-12-17,P,21800.0,0.0,4.0
2027-12-17,C,21900.0,0.0,1.0
2027-12-17,P,21900.0,0.0,0.0
2027-12-17,C,22000.0,0.0,1.0
2027-12-17,P,22000.0,0.0,46.0
2027-12-17,C,22100.0,0.0,0.0
2027-12-17,P,22100.0,0.0,2.0
2027-12-17,C,22200.0,0.0,0.0
2027-12-17,P,22200.0,0.0,2.0
2027-12-17,C,22300.0,0.0,0.0
2027-12-17,P,22300.0,0.0,0.0
2027-12-17,C,22400.0,0.0,0.0
2027-12-17,P,22400.0,0.0,4.0
2027-12-17,C,22500.0,0.0,35.0
2027-12-17,P,22500.0,0.0,6.0
2027-12-17,C,22600.0,0.0,0.0
2027-12-17,P,22600.0,0.0,0.0
2027-12-17,C,22700.0,0.0,0.0
2027-12-17,P,22700.0,0.0,1.0
2027-12-17,C,22800.0,0.0,0.0
2027-12-17,P,22800.0,0.0,2.0
2027-12-17,C,22900.0,0.0,0.0
2027-12-17,P,22900.0,0.0,2.0
2027-12-17,C,23000.0,0.0,0.0
2027-12-17,P,23000.0,0.0,1.0
2027-12-17,C,23100.0,0.0,0.0
2027-12-17,P,23100.0,0.0,2.0
2027-12-17,C,23200.0,0.0,0.0
2027-12-17,P,23200.0,0.0,20.0
2027-12-17,C,23300.0,0.0,0.0
2027-12-17,P,23300.0,0.0,28.0
2027-12-17,C,23400.0,0.0,0.0
2027-12-17,P,23400.0,0.0,14.0
2027-12-17,C,23500.0,0.0,1.0
2027-12-17,P,23500.0,0.0,33.0
2027-12-17,C,23600.0,0.0,1.0
2027-12-17,P,23600.0,0.0,1.0
2027-12-17,C,23700.0,0.0,0.0
2027-12-17,P,23700.0,0.0,2.0
2027-12-17,C,23800.0,0.0,1.0
2027-12-17,P,23800.0,0.0,1.0
2027-12-17,C,23900.0,0.0,0.0
2027-12-17,P,23900.0,0.0,0.0
2027-12-17,C,24000.0,0.0,16.0
2027-12-17,P,24000.0,0.0,35.0
2027-12-17,C,24100.0,0.0,0.0
2027-12-17,P,24100.0,0.0,2.0
2027-12-17,C,24200.0,0.0,0.0
2027-12-17,P,24200.0,0.0,1.0
2027-12-17,C,24300.0,0.0,2.0
2027-12-17,P,24300.0,0.0,4.0
2027-12-17,C,24400.0,0.0,0.0
2027-12-17,P,24400.0,0.0,7.0
2027-12-17,C,24500.0,0.0,1.0
2027-12-17,P,24500.0,0.0,28.0
2027-12-17,C,24600.0,0.0,0.0
2027-12-17,P,24600.0,0.0,4.0
2027-12-17,C,24800.0,0.0,0.0
2027-12-17,P,24800.0,0.0,1.0
2027-12-17,C,25000.0,0.0,5.0
2027-12-17,P,25000.0,0.0,40.0
2027-12-17,C,25200.0,0.0,0.0
2027-12-17,P,25200.0,0.0,17.0
2027-12-17,C,25400.0,0.0,0.0
2027-12-17,P,25400.0,0.0,16.0
2027-12-17,C,25500.0,0.0,7.0
2027-12-17,P,25500.0,0.0,17.0
2027-12-17,C,25600.0,0.0,0.0
2027-12-17,P,25600.0,0.0,0.0
2027-12-17,C,25800.0,0.0,0.0
2027-12-17,P,25800.0,0.0,2.0
2027-12-17,C,26000.0,0.0,9.0
2027-12-17,P,26000.0,0.0,23.0
2027-12-17,C,26200.0,0.0,0.0
2027-12-17,P,26200.0,0.0,0.0
2027-12-17,C,26400.0,0.0,0.0
2027-12-17,P,26400.0,0.0,2.0
2027-12-17,C,26500.0,0.0,4.0
2027-12-17,P,26500.0,0.0,213.0
2027-12-17,C,26600.0,0.0,0.0
2027-12-17,P,26600.0,0.0,30.0
2027-12-17,C,26800.0,0.0,0.0
2027-12-17,P,26800.0,0.0,3.0
2027-12-17,C,27000.0,0.0,4.0
2027-12-17,P,27000.0,0.0,43.0
2027-12-17,C,27200.0,0.0,25.0
2027-12-17,P,27200.0,0.0,0.0
2027-12-17,C,27400.0,0.0,0.0
2027-12-17,P,27400.0,0.0,1.0
2027-12-17,C,27500.0,0.0,45.0
2027-12-17,P,27500.0,0.0,46.0
2027-12-17,C,27600.0,0.0,0.0
2027-12-17,P,27600.0,0.0,150.0
2027-12-17,C,27800.0,0.0,0.0
2027-12-17,P,27800.0,0.0,1.0
2027-12-17,C,28000.0,0.0,3.0
2027-12-17,P,28000.0,0.0,121.0
2027-12-17,C,28200.0,0.0,0.0
2027-12-17,P,28200.0,0.0,0.0
2027-12-17,C,28400.0,0.0,0.0
2027-12-17,P,28400.0,0.0,0.0
2027-12-17,C,28500.0,0.0,7.0
2027-12-17,P,28500.0,0.0,0.0
2027-12-17,C,28600.0,0.0,0.0
2027-12-17,P,28600.0,0.0,0.0
2027-12-17,C,28800.0,0.0,10.0
2027-12-17,P,28800.0,0.0,0.0
2027-12-17,C,29000.0,0.0,7.0
2027-12-17,P,29000.0,0.0,171.0
2027-12-17,C,29200.0,0.0,1.0
2027-12-17,P,29200.0,0.0,3.0
2027-12-17,C,29400.0,0.0,1.0
2027-12-17,P,29400.0,0.0,0.0
2027-12-17,C,29500.0,0.0,3.0
2027-12-17,P,29500.0,0.0,6.0
2027-12-17,C,29600.0,0.0,5.0
2027-12-17,P,29600.0,0.0,0.0
2027-12-17,C,29800.0,0.0,0.0
2027-12-17,P,29800.0,0.0,1.0
2027-12-17,C,30000.0,0.0,54.0
2027-12-17,P,30000.0,0.0,165.0
2027-12-17,C,30200.0,0.0,0.0
2027-12-17,P,30200.0,0.0,0.0
2027-12-17,C,30400.0,0.0,0.0
2027-12-17,P,30400.0,0.0,0.0
2027-12-17,C,30500.0,0.0,72.0
2027-12-17,P,30500.0,0.0,22.0
2027-12-17,C,30600.0,0.0,11.0
2027-12-17,P,30600.0,0.0,1.0
2027-12-17,C,30800.0,0.0,0.0
2027-12-17,P,30800.0,0.0,3.0
2027-12-17,C,31000.0,0.0,1.0
2027-12-17,P,31000.0,0.0,4.0
2027-12-17,C,31200.0,0.0,0.0
2027-12-17,P,31200.0,0.0,1.0
2027-12-17,C,31400.0,0.0,0.0
2027-12-17,P,31400.0,0.0,2.0
2027-12-17,C,31500.0,0.0,15.0
2027-12-17,P,31500.0,0.0,0.0
2027-12-17,C,31600.0,0.0,0.0
2027-12-17,P,31600.0,0.0,2.0
2027-12-17,C,31800.0,0.0,0.0
2027-12-17,P,31800.0,0.0,0.0
2027-12-17,C,32000.0,0.0,4.0
2027-12-17,P,32000.0,0.0,0.0
2027-12-17,C,32200.0,0.0,2.0
2027-12-17,P,32200.0,0.0,3.0
2027-12-17,C,32400.0,0.0,0.0
2027-12-17,P,32400.0,0.0,3.0
2027-12-17,C,32500.0,0.0,4.0
2027-12-17,P,32500.0,0.0,0.0
2027-12-17,C,32600.0,0.0,0.0
2027-12-17,P,32600.0,0.0,10.0
2027-12-17,C,32800.0,0.0,110.0
2027-12-17,P,32800.0,0.0,0.0
2027-12-17,C,33000.0,0.0,70.0
2027-12-17,P,33000.0,0.0,0.0
2027-12-17,C,33200.0,0.0,54.0
2027-12-17,P,33200.0,0.0,0.0
2027-12-17,C,33400.0,0.0,1.0
2027-12-17,P,33400.0,0.0,0.0
2027-12-17,C,33500.0,0.0,33.0
2027-12-17,P,33500.0,0.0,0.0
2027-12-17,C,33600.0,0.0,1.0
2027-12-17,P,33600.0,0.0,0.0
2027-12-17,C,34000.0,0.0,17.0
2027-12-17,P,34000.0,0.0,0.0
2027-12-17,C,34500.0,0.0,4.0
2027-12-17,P,34500.0,0.0,0.0
2027-12-17,C,35000.0,0.0,10.0
2027-12-17,P,35000.0,0.0,0.0
2027-12-17,C,35500.0,0.0,4.0
2027-12-17,P,35500.0,0.0,0.0
2027-12-17,C,36000.0,0.0,41.0
2027-12-17,P,36000.0,0.0,0.0
2027-12-17,C,36500.0,0.0,1.0
2027-12-17,P,36500.0,0.0,0.0
2027-12-17,C,37000.0,0.0,20.0
2027-12-17,P,37000.0,0.0,0.0
2027-12-17,C,37500.0,0.0,0.0
2027-12-17,P,37500.0,0.0,0.0
2027-12-17,C,38000.0,0.0,26.0
2027-12-17,P,38000.0,0.0,0.0
2027-12-17,C,38500.0,0.0,0.0
2027-12-17,P,38500.0,0.0,0.0
2027-12-17,C,39000.0,0.0,45.0
2027-12-17,P,39000.0,0.0,0.0
2027-12-17,C,40000.0,0.0,124.0
2027-12-17,P,40000.0,0.0,0.0
2027-12-17,C,41000.0,0.0,62.0
2027-12-17,P,41000.0,0.0,0.0
2027-12-17,C,42000.0,0.0,6.0
2027-12-17,P,42000.0,0.0,0.0
2027-12-17,C,43000.0,0.0,54.0
2027-12-17,P,43000.0,0.0,0.0
2027-12-17,C,44000.0,0.0,3.0
2027-12-17,P,44000.0,0.0,0.0
2027-12-17,C,45000.0,0.0,1.0
2027-12-17,P,45000.0,0.0,0.0
2027-12-17,C,46000.0,0.0,48.0
2027-12-17,P,46000.0,0.0,1.0
2027-12-17,C,47000.0,0.0,24.0
2027-12-17,P,47000.0,0.0,1.0
2028-12-15,C,6000.0,0.0,3.0
2028-12-15,P,6000.0,0.0,5.0
2028-12-15,C,7000.0,0.0,1.0
2028-12-15,P,7000.0,0.0,2.0
2028-12-15,C,8000.0,0.0,2.0
2028-12-15,P,8000.0,0.0,4.0
2028-12-15,C,9000.0,0.0,1.0
2028-12-15,P,9000.0,0.0,2.0
2028-12-15,C,10000.0,0.0,0.0
2028-12-15,P,10000.0,0.0,2.0
2028-12-15,C,11000.0,0.0,0.0
2028-12-15,P,11000.0,0.0,1.0
2028-12-15,C,12000.0,0.0,0.0
2028-12-15,P,12000.0,0.0,0.0
2028-12-15,C,13000.0,0.0,0.0
2028-12-15,P,13000.0,0.0,3.0
2028-12-15,C,14000.0,0.0,0.0
2028-12-15,P,14000.0,0.0,1.0
2028-12-15,C,15000.0,0.0,11.0
2028-12-15,P,15000.0,0.0,18.0
2028-12-15,C,15500.0,0.0,8.0
2028-12-15,P,15500.0,0.0,2.0
2028-12-15,C,16000.0,0.0,7.0
2028-12-15,P,16000.0,0.0,263.0
2028-12-15,C,16500.0,0.0,3.0
2028-12-15,P,16500.0,0.0,22.0
2028-12-15,C,17000.0,0.0,3.0
2028-12-15,P,17000.0,0.0,0.0
2028-12-15,C,17500.0,0.0,4.0
2028-12-15,P,17500.0,0.0,14.0
2028-12-15,C,18000.0,0.0,3.0
2028-12-15,P,18000.0,0.0,537.0
2028-12-15,C,18500.0,0.0,1.0
2028-12-15,P,18500.0,0.0,28.0
2028-12-15,C,19000.0,0.0,0.0
2028-12-15,P,19000.0,0.0,34.0
2028-12-15,C,19500.0,0.0,2.0
2028-12-15,P,19500.0,0.0,4.0
2028-12-15,C,20000.0,0.0,1.0
2028-12-15,P,20000.0,0.0,281.0
2028-12-15,C,20500.0,0.0,0.0
2028-12-15,P,20500.0,0.0,16.0
2028-12-15,C,21000.0,0.0,0.0
2028-12-15,P,21000.0,0.0,2.0
2028-12-15,C,21500.0,0.0,0.0
2028-12-15,P,21500.0,0.0,17.0
2028-12-15,C,22000.0,0.0,0.0
2028-12-15,P,22000.0,0.0,4.0
2028-12-15,C,22500.0,0.0,0.0
2028-12-15,P,22500.0,0.0,8.0
2028-12-15,C,23000.0,0.0,2.0
2028-12-15,P,23000.0,0.0,4.0
2028-12-15,C,23500.0,0.0,0.0
2028-12-15,P,23500.0,0.0,8.0
2028-12-15,C,24000.0,0.0,0.0
2028-12-15,P,24000.0,0.0,33.0
2028-12-15,C,24500.0,0.0,0.0
2028-12-15,P,24500.0,0.0,4.0
2028-12-15,C,25000.0,0.0,6.0
2028-12-15,P,25000.0,0.0,5.0
2028-12-15,C,25500.0,0.0,0.0
2028-12-15,P,25500.0,0.0,4.0
2028-12-15,C,26000.0,0.0,2.0
2028-12-15,P,26000.0,0.0,0.0
2028-12-15,C,26500.0,0.0,4.0
2028-12-15,P,26500.0,0.0,5.0
2028-12-15,C,27000.0,0.0,1.0
2028-12-15,P,27000.0,0.0,2.0
2028-12-15,C,27500.0,0.0,4.0
2028-12-15,P,27500.0,0.0,1.0
2028-12-15,C,28000.0,0.0,0.0
2028-12-15,P,28000.0,0.0,0.0
2028-12-15,C,28500.0,0.0,0.0
2028-12-15,P,28500.0,0.0,0.0
2028-12-15,C,29000.0,0.0,5.0
2028-12-15,P,29000.0,0.0,10.0
2028-12-15,C,29500.0,0.0,1.0
2028-12-15,P,29500.0,0.0,1.0
2028-12-15,C,30000.0,0.0,2.0
2028-12-15,P,30000.0,0.0,21.0
2028-12-15,C,30500.0,0.0,1.0
2028-12-15,P,30500.0,0.0,0.0
2028-12-15,C,31000.0,0.0,37.0
2028-12-15,P,31000.0,0.0,2.0
2028-12-15,C,31500.0,0.0,2.0
2028-12-15,P,31500.0,0.0,0.0
2028-12-15,C,32000.0,0.0,8.0
2028-12-15,P,32000.0,0.0,12.0
2028-12-15,C,32500.0,0.0,0.0
2028-12-15,P,32500.0,0.0,5.0
2028-12-15,C,33000.0,0.0,0.0
2028-12-15,P,33000.0,0.0,2.0
2028-12-15,C,33500.0,0.0,0.0
2028-12-15,P,33500.0,0.0,1.0
2028-12-15,C,34000.0,0.0,9.0
2028-12-15,P,34000.0,0.0,7.0
2028-12-15,C,35000.0,0.0,5.0
2028-12-15,P,35000.0,0.0,0.0
2028-12-15,C,36000.0,0.0,1.0
2028-12-15,P,36000.0,0.0,0.0
2028-12-15,C,37000.0,0.0,8.0
2028-12-15,P,37000.0,0.0,0.0
2028-12-15,C,38000.0,0.0,5.0
2028-12-15,P,38000.0,0.0,2.0
2028-12-15,C,39000.0,0.0,9.0
2028-12-15,P,39000.0,0.0,0.0
2028-12-15,C,40000.0,0.0,5.0
2028-12-15,P,40000.0,0.0,2.0
2028-12-15,C,41000.0,0.0,5.0
2028-12-15,P,41000.0,0.0,1.0
2028-12-15,C,42000.0,0.0,4.0
2028-12-15,P,42000.0,0.0,0.0
2028-12-15,C,43000.0,0.0,3.0
2028-12-15,P,43000.0,0.0,3.0
2028-12-15,C,44000.0,0.0,6.0
2028-12-15,P,44000.0,0.0,0.0
2028-12-15,C,45000.0,0.0,3.0
2028-12-15,P,45000.0,0.0,0.0
2028-12-15,C,46000.0,0.0,1.0
2028-12-15,P,46000.0,0.0,0.0
2028-12-15,C,47000.0,0.0,0.0
2028-12-15,P,47000.0,0.0,0.0
2028-12-15,C,48000.0,0.0,0.0
2028-12-15,P,48000.0,0.0,0.0
2028-12-15,C,49000.0,0.0,33.0
2028-12-15,P,49000.0,0.0,0.0
2028-12-15,C,50000.0,0.0,31.0
2028-12-15,P,50000.0,0.0,1.0
2029-12-21,C,6000.0,0.0,28.0
2029-12-21,P,6000.0,0.0,8.0
2029-12-21,C,7000.0,0.0,8.0
2029-12-21,P,7000.0,0.0,6.0
2029-12-21,C,8000.0,0.0,19.0
2029-12-21,P,8000.0,0.0,21.0
2029-12-21,C,9000.0,0.0,10.0
2029-12-21,P,9000.0,0.0,11.0
2029-12-21,C,10000.0,0.0,6.0
2029-12-21,P,10000.0,0.0,5.0
2029-12-21,C,11000.0,0.0,11.0
2029-12-21,P,11000.0,0.0,4.0
2029-12-21,C,12000.0,0.0,5.0
2029-12-21,P,12000.0,0.0,24.0
2029-12-21,C,13000.0,0.0,4.0
2029-12-21,P,13000.0,0.0,0.0
2029-12-21,C,14000.0,0.0,3.0
2029-12-21,P,14000.0,0.0,4.0
2029-12-21,C,15000.0,0.0,20.0
2029-12-21,P,15000.0,0.0,14.0
2029-12-21,C,15500.0,0.0,16.0
2029-12-21,P,15500.0,0.0,0.0
2029-12-21,C,16000.0,0.0,11.0
2029-12-21,P,16000.0,0.0,4.0
2029-12-21,C,16500.0,0.0,10.0
2029-12-21,P,16500.0,0.0,2.0
2029-12-21,C,17000.0,0.0,7.0
2029-12-21,P,17000.0,0.0,4.0
2029-12-21,C,17500.0,0.0,5.0
2029-12-21,P,17500.0,0.0,20.0
2029-12-21,C,18000.0,0.0,10.0
2029-12-21,P,18000.0,0.0,0.0
2029-12-21,C,18500.0,0.0,7.0
2029-12-21,P,18500.0,0.0,2.0
2029-12-21,C,19000.0,0.0,5.0
2029-12-21,P,19000.0,0.0,0.0
2029-12-21,C,19500.0,0.0,2.0
2029-12-21,P,19500.0,0.0,0.0
2029-12-21,C,20000.0,0.0,2.0
2029-12-21,P,20000.0,0.0,14.0
2029-12-21,C,20500.0,0.0,1.0
2029-12-21,P,20500.0,0.0,3.0
2029-12-21,C,21000.0,0.0,3.0
2029-12-21,P,21000.0,0.0,1.0
2029-12-21,C,21500.0,0.0,1.0
2029-12-21,P,21500.0,0.0,2.0
2029-12-21,C,22000.0,0.0,1.0
2029-12-21,P,22000.0,0.0,5.0
2029-12-21,C,22500.0,0.0,0.0
2029-12-21,P,22500.0,0.0,12.0
2029-12-21,C,23000.0,0.0,3.0
2029-12-21,P,23000.0,0.0,9.0
2029-12-21,C,23500.0,0.0,5.0
2029-12-21,P,23500.0,0.0,2.0
2029-12-21,C,24000.0,0.0,6.0
2029-12-21,P,24000.0,0.0,2.0
2029-12-21,C,24500.0,0.0,2.0
2029-12-21,P,24500.0,0.0,4.0
2029-12-21,C,25000.0,0.0,11.0
2029-12-21,P,25000.0,0.0,30.0
2029-12-21,C,25500.0,0.0,4.0
2029-12-21,P,25500.0,0.0,3.0
2029-12-21,C,26000.0,0.0,2.0
2029-12-21,P,26000.0,0.0,1.0
2029-12-21,C,26500.0,0.0,2.0
2029-12-21,P,26500.0,0.0,0.0
2029-12-21,C,27000.0,0.0,2.0
2029-12-21,P,27000.0,0.0,2.0
2029-12-21,C,27500.0,0.0,2.0
2029-12-21,P,27500.0,0.0,1.0
2029-12-21,C,28000.0,0.0,3.0
2029-12-21,P,28000.0,0.0,3.0
2029-12-21,C,28500.0,0.0,4.0
2029-12-21,P,28500.0,0.0,0.0
2029-12-21,C,29000.0,0.0,1.0
2029-12-21,P,29000.0,0.0,1.0
2029-12-21,C,29500.0,0.0,2.0
2029-12-21,P,29500.0,0.0,1.0
2029-12-21,C,30000.0,0.0,6.0
2029-12-21,P,30000.0,0.0,2.0
2029-12-21,C,30500.0,0.0,1.0
2029-12-21,P,30500.0,0.0,0.0
2029-12-21,C,31000.0,0.0,1.0
2029-12-21,P,31000.0,0.0,0.0
2029-12-21,C,31500.0,0.0,0.0
2029-12-21,P,31500.0,0.0,0.0
2029-12-21,C,32000.0,0.0,0.0
2029-12-21,P,32000.0,0.0,0.0
2029-12-21,C,32500.0,0.0,1.0
2029-12-21,P,32500.0,0.0,0.0
2029-12-21,C,33000.0,0.0,0.0
2029-12-21,P,33000.0,0.0,0.0
2029-12-21,C,33500.0,0.0,0.0
2029-12-21,P,33500.0,0.0,0.0
2029-12-21,C,34000.0,0.0,1.0
2029-12-21,P,34000.0,0.0,0.0
2029-12-21,C,34500.0,0.0,1.0
2029-12-21,P,34500.0,0.0,0.0
2029-12-21,C,35000.0,0.0,1.0
2029-12-21,P,35000.0,0.0,0.0
2029-12-21,C,36000.0,0.0,11.0
2029-12-21,P,36000.0,0.0,0.0
2029-12-21,C,37000.0,0.0,2.0
2029-12-21,P,37000.0,0.0,5.0
2029-12-21,C,38000.0,0.0,0.0
2029-12-21,P,38000.0,0.0,0.0
2029-12-21,C,39000.0,0.0,0.0
2029-12-21,P,39000.0,0.0,2.0
2029-12-21,C,40000.0,0.0,1.0
2029-12-21,P,40000.0,0.0,5.0
2029-12-21,C,41000.0,0.0,0.0
2029-12-21,P,41000.0,0.0,3.0
2029-12-21,C,42000.0,0.0,0.0
2029-12-21,P,42000.0,0.0,2.0
2029-12-21,C,43000.0,0.0,60.0
2029-12-21,P,43000.0,0.0,0.0
2029-12-21,C,44000.0,0.0,0.0
2029-12-21,P,44000.0,0.0,3.0
2029-12-21,C,45000.0,0.0,0.0
2029-12-21,P,45000.0,0.0,2.0
2029-12-21,C,46000.0,0.0,1.0
2029-12-21,P,46000.0,0.0,1.0
2029-12-21,C,47000.0,0.0,0.0
2029-12-21,P,47000.0,0.0,4.0
2029-12-21,C,48000.0,0.0,0.0
2029-12-21,P,48000.0,0.0,3.0
2029-12-21,C,49000.0,0.0,17.0
2029-12-21,P,49000.0,0.0,5.0
2029-12-21,C,50000.0,0.0,145.0
2029-12-21,P,50000.0,0.0,9.0
2026-08-31,C,10000.0,0.0,0.0
2026-08-31,P,10000.0,0.0,1.0
2026-08-31,C,11000.0,0.0,0.0
2026-08-31,P,11000.0,0.0,1.0
2026-08-31,C,12000.0,0.0,0.0
2026-08-31,P,12000.0,0.0,0.0
2026-08-31,C,13000.0,0.0,0.0
2026-08-31,P,13000.0,0.0,3.0
2026-08-31,C,14000.0,0.0,0.0
2026-08-31,P,14000.0,0.0,3.0
2026-08-31,C,15000.0,0.0,0.0
2026-08-31,P,15000.0,0.0,9.0
2026-08-31,C,16000.0,0.0,0.0
2026-08-31,P,16000.0,0.0,13.0
2026-08-31,C,17000.0,0.0,0.0
2026-08-31,P,17000.0,0.0,14.0
2026-08-31,C,18000.0,0.0,0.0
2026-08-31,P,18000.0,0.0,352.0
2026-08-31,C,19000.0,0.0,0.0
2026-08-31,P,19000.0,0.0,27.0
2026-08-31,C,19500.0,0.0,1.0
2026-08-31,P,19500.0,0.0,1.0
2026-08-31,C,20000.0,0.0,0.0
2026-08-31,P,20000.0,0.0,386.0
2026-08-31,C,20500.0,0.0,0.0
2026-08-31,P,20500.0,0.0,4.0
2026-08-31,C,21000.0,0.0,0.0
2026-08-31,P,21000.0,0.0,8.0
2026-08-31,C,21500.0,0.0,0.0
2026-08-31,P,21500.0,0.0,12.0
2026-08-31,C,22000.0,0.0,0.0
2026-08-31,P,22000.0,0.0,359.0
2026-08-31,C,22200.0,0.0,0.0
2026-08-31,P,22200.0,0.0,2.0
2026-08-31,C,22300.0,0.0,0.0
2026-08-31,P,22300.0,0.0,0.0
2026-08-31,C,22400.0,0.0,2.0
2026-08-31,P,22400.0,0.0,2.0
2026-08-31,C,22500.0,0.0,2.0
2026-08-31,P,22500.0,0.0,3.0
2026-08-31,C,22600.0,0.0,0.0
2026-08-31,P,22600.0,0.0,2.0
2026-08-31,C,22700.0,0.0,0.0
2026-08-31,P,22700.0,0.0,0.0
2026-08-31,C,22800.0,0.0,0.0
2026-08-31,P,22800.0,0.0,4.0
2026-08-31,C,22900.0,0.0,0.0
2026-08-31,P,22900.0,0.0,0.0
2026-08-31,C,23000.0,0.0,1.0
2026-08-31,P,23000.0,0.0,10.0
2026-08-31,C,23100.0,0.0,0.0
2026-08-31,P,23100.0,0.0,0.0
2026-08-31,C,23200.0,0.0,1.0
2026-08-31,P,23200.0,0.0,0.0
2026-08-31,C,23300.0,0.0,0.0
2026-08-31,P,23300.0,0.0,0.0
2026-08-31,C,23400.0,0.0,0.0
2026-08-31,P,23400.0,0.0,0.0
2026-08-31,C,23500.0,0.0,0.0
2026-08-31,P,23500.0,0.0,73.0
2026-08-31,C,23600.0,0.0,1.0
2026-08-31,P,23600.0,0.0,1.0
2026-08-31,C,23700.0,0.0,0.0
2026-08-31,P,23700.0,0.0,2.0
2026-08-31,C,23800.0,0.0,0.0
2026-08-31,P,23800.0,0.0,2.0
2026-08-31,C,23900.0,0.0,0.0
2026-08-31,P,23900.0,0.0,0.0
2026-08-31,C,24000.0,0.0,18.0
2026-08-31,P,24000.0,0.0,442.0
2026-08-31,C,24100.0,0.0,0.0
2026-08-31,P,24100.0,0.0,19.0
2026-08-31,C,24200.0,0.0,0.0
2026-08-31,P,24200.0,0.0,2.0
2026-08-31,C,24300.0,0.0,0.0
2026-08-31,P,24300.0,0.0,2.0
2026-08-31,C,24400.0,0.0,0.0
2026-08-31,P,24400.0,0.0,2.0
2026-08-31,C,24500.0,0.0,0.0
2026-08-31,P,24500.0,0.0,29.0
2026-08-31,C,24600.0,0.0,0.0
2026-08-31,P,24600.0,0.0,1.0
2026-08-31,C,24700.0,0.0,0.0
2026-08-31,P,24700.0,0.0,2.0
2026-08-31,C,24800.0,0.0,0.0
2026-08-31,P,24800.0,0.0,2.0
2026-08-31,C,24900.0,0.0,0.0
2026-08-31,P,24900.0,0.0,3.0
2026-08-31,C,25000.0,0.0,1.0
2026-08-31,P,25000.0,0.0,28.0
2026-08-31,C,25100.0,0.0,0.0
2026-08-31,P,25100.0,0.0,8.0
2026-08-31,C,25200.0,0.0,0.0
2026-08-31,P,25200.0,0.0,10.0
2026-08-31,C,25300.0,0.0,0.0
2026-08-31,P,25300.0,0.0,7.0
2026-08-31,C,25400.0,0.0,2.0
2026-08-31,P,25400.0,0.0,30.0
2026-08-31,C,25500.0,0.0,23.0
2026-08-31,P,25500.0,0.0,17.0
2026-08-31,C,25600.0,0.0,0.0
2026-08-31,P,25600.0,0.0,8.0
2026-08-31,C,25700.0,0.0,0.0
2026-08-31,P,25700.0,0.0,8.0
2026-08-31,C,25800.0,0.0,0.0
2026-08-31,P,25800.0,0.0,32.0
2026-08-31,C,25900.0,0.0,0.0
2026-08-31,P,25900.0,0.0,51.0
2026-08-31,C,26000.0,0.0,3.0
2026-08-31,P,26000.0,0.0,110.0
2026-08-31,C,26100.0,0.0,0.0
2026-08-31,P,26100.0,0.0,33.0
2026-08-31,C,26200.0,0.0,2.0
2026-08-31,P,26200.0,0.0,39.0
2026-08-31,C,26300.0,0.0,0.0
2026-08-31,P,26300.0,0.0,8.0
2026-08-31,C,26400.0,0.0,4.0
2026-08-31,P,26400.0,0.0,14.0
2026-08-31,C,26500.0,0.0,5.0
2026-08-31,P,26500.0,0.0,47.0
2026-08-31,C,26600.0,0.0,1.0
2026-08-31,P,26600.0,0.0,4.0
2026-08-31,C,26700.0,0.0,1.0
2026-08-31,P,26700.0,0.0,37.0
2026-08-31,C,26800.0,0.0,1.0
2026-08-31,P,26800.0,0.0,90.0
2026-08-31,C,26850.0,0.0,0.0
2026-08-31,P,26850.0,0.0,52.0
2026-08-31,C,26900.0,0.0,0.0
2026-08-31,P,26900.0,0.0,15.0
2026-08-31,C,26950.0,0.0,0.0
2026-08-31,P,26950.0,0.0,13.0
2026-08-31,C,27000.0,0.0,1.0
2026-08-31,P,27000.0,0.0,109.0
2026-08-31,C,27050.0,0.0,0.0
2026-08-31,P,27050.0,0.0,4.0
2026-08-31,C,27100.0,0.0,2.0
2026-08-31,P,27100.0,0.0,26.0
2026-08-31,C,27150.0,0.0,1.0
2026-08-31,P,27150.0,0.0,3.0
2026-08-31,C,27200.0,0.0,2.0
2026-08-31,P,27200.0,0.0,36.0
2026-08-31,C,27250.0,0.0,0.0
2026-08-31,P,27250.0,0.0,28.0
2026-08-31,C,27300.0,0.0,2.0
2026-08-31,P,27300.0,0.0,10.0
2026-08-31,C,27350.0,0.0,0.0
2026-08-31,P,27350.0,0.0,4.0
2026-08-31,C,27400.0,0.0,20.0
2026-08-31,P,27400.0,0.0,206.0
2026-08-31,C,27450.0,0.0,0.0
2026-08-31,P,27450.0,0.0,13.0
2026-08-31,C,27500.0,0.0,3.0
2026-08-31,P,27500.0,0.0,31.0
2026-08-31,C,27550.0,0.0,0.0
2026-08-31,P,27550.0,0.0,33.0
2026-08-31,C,27600.0,0.0,1.0
2026-08-31,P,27600.0,0.0,65.0
2026-08-31,C,27650.0,0.0,0.0
2026-08-31,P,27650.0,0.0,7.0
2026-08-31,C,27675.0,0.0,0.0
2026-08-31,P,27675.0,0.0,3.0
2026-08-31,C,27700.0,0.0,1.0
2026-08-31,P,27700.0,0.0,11.0
2026-08-31,C,27725.0,0.0,0.0
2026-08-31,P,27725.0,0.0,9.0
2026-08-31,C,27750.0,0.0,0.0
2026-08-31,P,27750.0,0.0,18.0
2026-08-31,C,27775.0,0.0,0.0
2026-08-31,P,27775.0,0.0,0.0
2026-08-31,C,27800.0,0.0,3.0
2026-08-31,P,27800.0,0.0,315.0
2026-08-31,C,27825.0,0.0,0.0
2026-08-31,P,27825.0,0.0,4.0
2026-08-31,C,27850.0,0.0,1.0
2026-08-31,P,27850.0,0.0,27.0
2026-08-31,C,27875.0,0.0,1.0
2026-08-31,P,27875.0,0.0,3.0
2026-08-31,C,27900.0,0.0,1.0
2026-08-31,P,27900.0,0.0,18.0
2026-08-31,C,27925.0,0.0,0.0
2026-08-31,P,27925.0,0.0,1.0
2026-08-31,C,27950.0,0.0,1.0
2026-08-31,P,27950.0,0.0,24.0
2026-08-31,C,27975.0,0.0,0.0
2026-08-31,P,27975.0,0.0,15.0
2026-08-31,C,28000.0,0.0,36.0
2026-08-31,P,28000.0,0.0,98.0
2026-08-31,C,28025.0,0.0,0.0
2026-08-31,P,28025.0,0.0,1.0
2026-08-31,C,28050.0,0.0,10.0
2026-08-31,P,28050.0,0.0,17.0
2026-08-31,C,28075.0,0.0,0.0
2026-08-31,P,28075.0,0.0,14.0
2026-08-31,C,28100.0,0.0,18.0
2026-08-31,P,28100.0,0.0,62.0
2026-08-31,C,28125.0,0.0,0.0
2026-08-31,P,28125.0,0.0,6.0
2026-08-31,C,28150.0,0.0,3.0
2026-08-31,P,28150.0,0.0,5.0
2026-08-31,C,28175.0,0.0,0.0
2026-08-31,P,28175.0,0.0,23.0
2026-08-31,C,28200.0,0.0,1.0
2026-08-31,P,28200.0,0.0,23.0
2026-08-31,C,28225.0,0.0,0.0
2026-08-31,P,28225.0,0.0,1.0
2026-08-31,C,28250.0,0.0,0.0
2026-08-31,P,28250.0,0.0,12.0
2026-08-31,C,28260.0,0.0,0.0
2026-08-31,P,28260.0,0.0,0.0
2026-08-31,C,28270.0,0.0,0.0
2026-08-31,P,28270.0,0.0,0.0
2026-08-31,C,28275.0,0.0,0.0
2026-08-31,P,28275.0,0.0,1.0
2026-08-31,C,28280.0,0.0,0.0
2026-08-31,P,28280.0,0.0,0.0
2026-08-31,C,28290.0,0.0,0.0
2026-08-31,P,28290.0,0.0,8.0
2026-08-31,C,28300.0,0.0,0.0
2026-08-31,P,28300.0,0.0,81.0
2026-08-31,C,28310.0,0.0,0.0
2026-08-31,P,28310.0,0.0,0.0
2026-08-31,C,28320.0,0.0,0.0
2026-08-31,P,28320.0,0.0,0.0
2026-08-31,C,28325.0,0.0,0.0
2026-08-31,P,28325.0,0.0,1.0
2026-08-31,C,28330.0,0.0,0.0
2026-08-31,P,28330.0,0.0,0.0
2026-08-31,C,28340.0,0.0,0.0
2026-08-31,P,28340.0,0.0,1.0
2026-08-31,C,28350.0,0.0,0.0
2026-08-31,P,28350.0,0.0,22.0
2026-08-31,C,28360.0,0.0,0.0
2026-08-31,P,28360.0,0.0,13.0
2026-08-31,C,28370.0,0.0,0.0
2026-08-31,P,28370.0,0.0,0.0
2026-08-31,C,28375.0,0.0,0.0
2026-08-31,P,28375.0,0.0,18.0
2026-08-31,C,28380.0,0.0,0.0
2026-08-31,P,28380.0,0.0,0.0
2026-08-31,C,28390.0,0.0,0.0
2026-08-31,P,28390.0,0.0,2.0
2026-08-31,C,28400.0,0.0,9.0
2026-08-31,P,28400.0,0.0,85.0
2026-08-31,C,28410.0,0.0,0.0
2026-08-31,P,28410.0,0.0,0.0
2026-08-31,C,28420.0,0.0,0.0
2026-08-31,P,28420.0,0.0,0.0
2026-08-31,C,28425.0,0.0,0.0
2026-08-31,P,28425.0,0.0,2.0
2026-08-31,C,28430.0,0.0,0.0
2026-08-31,P,28430.0,0.0,0.0
2026-08-31,C,28440.0,0.0,0.0
2026-08-31,P,28440.0,0.0,0.0
2026-08-31,C,28450.0,0.0,0.0
2026-08-31,P,28450.0,0.0,24.0
2026-08-31,C,28460.0,0.0,0.0
2026-08-31,P,28460.0,0.0,1.0
2026-08-31,C,28470.0,0.0,0.0
2026-08-31,P,28470.0,0.0,0.0
2026-08-31,C,28475.0,0.0,0.0
2026-08-31,P,28475.0,0.0,2.0
2026-08-31,C,28480.0,0.0,0.0
2026-08-31,P,28480.0,0.0,17.0
2026-08-31,C,28490.0,0.0,0.0
2026-08-31,P,28490.0,0.0,35.0
2026-08-31,C,28500.0,0.0,23.0
2026-08-31,P,28500.0,0.0,145.0
2026-08-31,C,28510.0,0.0,0.0
2026-08-31,P,28510.0,0.0,1.0
2026-08-31,C,28520.0,0.0,0.0
2026-08-31,P,28520.0,0.0,0.0
2026-08-31,C,28525.0,0.0,0.0
2026-08-31,P,28525.0,0.0,2.0
2026-08-31,C,28530.0,0.0,0.0
2026-08-31,P,28530.0,0.0,0.0
2026-08-31,C,28540.0,0.0,0.0
2026-08-31,P,28540.0,0.0,1.0
2026-08-31,C,28550.0,0.0,5.0
2026-08-31,P,28550.0,0.0,17.0
2026-08-31,C,28560.0,0.0,0.0
2026-08-31,P,28560.0,0.0,152.0
2026-08-31,C,28570.0,0.0,0.0
2026-08-31,P,28570.0,0.0,12.0
2026-08-31,C,28575.0,0.0,0.0
2026-08-31,P,28575.0,0.0,2.0
2026-08-31,C,28580.0,0.0,0.0
2026-08-31,P,28580.0,0.0,0.0
2026-08-31,C,28590.0,0.0,0.0
2026-08-31,P,28590.0,0.0,31.0
2026-08-31,C,28600.0,0.0,7.0
2026-08-31,P,28600.0,0.0,56.0
2026-08-31,C,28610.0,0.0,0.0
2026-08-31,P,28610.0,0.0,3.0
2026-08-31,C,28620.0,0.0,0.0
2026-08-31,P,28620.0,0.0,32.0
2026-08-31,C,28625.0,0.0,0.0
2026-08-31,P,28625.0,0.0,45.0
2026-08-31,C,28630.0,0.0,0.0
2026-08-31,P,28630.0,0.0,1.0
2026-08-31,C,28640.0,0.0,0.0
2026-08-31,P,28640.0,0.0,1.0
2026-08-31,C,28650.0,0.0,1.0
2026-08-31,P,28650.0,0.0,18.0
2026-08-31,C,28660.0,0.0,0.0
2026-08-31,P,28660.0,0.0,3.0
2026-08-31,C,28670.0,0.0,0.0
2026-08-31,P,28670.0,0.0,13.0
2026-08-31,C,28675.0,0.0,0.0
2026-08-31,P,28675.0,0.0,16.0
2026-08-31,C,28680.0,0.0,0.0
2026-08-31,P,28680.0,0.0,1.0
2026-08-31,C,28690.0,0.0,0.0
2026-08-31,P,28690.0,0.0,23.0
2026-08-31,C,28700.0,0.0,14.0
2026-08-31,P,28700.0,0.0,28.0
2026-08-31,C,28710.0,0.0,0.0
2026-08-31,P,28710.0,0.0,2.0
2026-08-31,C,28720.0,0.0,0.0
2026-08-31,P,28720.0,0.0,31.0
2026-08-31,C,28725.0,0.0,0.0
2026-08-31,P,28725.0,0.0,48.0
2026-08-31,C,28730.0,0.0,0.0
2026-08-31,P,28730.0,0.0,0.0
2026-08-31,C,28740.0,0.0,0.0
2026-08-31,P,28740.0,0.0,3.0
2026-08-31,C,28750.0,0.0,20.0
2026-08-31,P,28750.0,0.0,19.0
2026-08-31,C,28760.0,0.0,0.0
2026-08-31,P,28760.0,0.0,0.0
2026-08-31,C,28770.0,0.0,0.0
2026-08-31,P,28770.0,0.0,3.0
2026-08-31,C,28775.0,0.0,0.0
2026-08-31,P,28775.0,0.0,13.0
2026-08-31,C,28780.0,0.0,0.0
2026-08-31,P,28780.0,0.0,1.0
2026-08-31,C,28790.0,0.0,1.0
2026-08-31,P,28790.0,0.0,1.0
2026-08-31,C,28800.0,0.0,17.0
2026-08-31,P,28800.0,0.0,79.0
2026-08-31,C,28810.0,0.0,0.0
2026-08-31,P,28810.0,0.0,0.0
2026-08-31,C,28820.0,0.0,0.0
2026-08-31,P,28820.0,0.0,2.0
2026-08-31,C,28825.0,0.0,0.0
2026-08-31,P,28825.0,0.0,6.0
2026-08-31,C,28830.0,0.0,0.0
2026-08-31,P,28830.0,0.0,1.0
2026-08-31,C,28840.0,0.0,0.0
2026-08-31,P,28840.0,0.0,0.0
2026-08-31,C,28850.0,0.0,0.0
2026-08-31,P,28850.0,0.0,26.0
2026-08-31,C,28860.0,0.0,0.0
2026-08-31,P,28860.0,0.0,6.0
2026-08-31,C,28870.0,0.0,0.0
2026-08-31,P,28870.0,0.0,1.0
2026-08-31,C,28875.0,0.0,0.0
2026-08-31,P,28875.0,0.0,3.0
2026-08-31,C,28880.0,0.0,0.0
2026-08-31,P,28880.0,0.0,6.0
2026-08-31,C,28890.0,0.0,0.0
2026-08-31,P,28890.0,0.0,20.0
2026-08-31,C,28900.0,0.0,2.0
2026-08-31,P,28900.0,0.0,32.0
2026-08-31,C,28910.0,0.0,0.0
2026-08-31,P,28910.0,0.0,6.0
2026-08-31,C,28920.0,0.0,0.0
2026-08-31,P,28920.0,0.0,43.0
2026-08-31,C,28925.0,0.0,1.0
2026-08-31,P,28925.0,0.0,3.0
2026-08-31,C,28930.0,0.0,0.0
2026-08-31,P,28930.0,0.0,12.0
2026-08-31,C,28940.0,0.0,0.0
2026-08-31,P,28940.0,0.0,0.0
2026-08-31,C,28950.0,0.0,11.0
2026-08-31,P,28950.0,0.0,17.0
2026-08-31,C,28960.0,0.0,0.0
2026-08-31,P,28960.0,0.0,1.0
2026-08-31,C,28970.0,0.0,0.0
2026-08-31,P,28970.0,0.0,0.0
2026-08-31,C,28975.0,0.0,0.0
2026-08-31,P,28975.0,0.0,1.0
2026-08-31,C,28980.0,0.0,2.0
2026-08-31,P,28980.0,0.0,44.0
2026-08-31,C,28990.0,0.0,0.0
2026-08-31,P,28990.0,0.0,3.0
2026-08-31,C,29000.0,0.0,15.0
2026-08-31,P,29000.0,0.0,137.0
2026-08-31,C,29010.0,0.0,2.0
2026-08-31,P,29010.0,0.0,2.0
2026-08-31,C,29020.0,0.0,0.0
2026-08-31,P,29020.0,0.0,40.0
2026-08-31,C,29025.0,0.0,3.0
2026-08-31,P,29025.0,0.0,3.0
2026-08-31,C,29030.0,0.0,0.0
2026-08-31,P,29030.0,0.0,0.0
2026-08-31,C,29040.0,0.0,0.0
2026-08-31,P,29040.0,0.0,0.0
2026-08-31,C,29050.0,0.0,5.0
2026-08-31,P,29050.0,0.0,5.0
2026-08-31,C,29060.0,0.0,0.0
2026-08-31,P,29060.0,0.0,0.0
2026-08-31,C,29070.0,0.0,0.0
2026-08-31,P,29070.0,0.0,3.0
2026-08-31,C,29075.0,0.0,11.0
2026-08-31,P,29075.0,0.0,2.0
2026-08-31,C,29080.0,0.0,10.0
2026-08-31,P,29080.0,0.0,4.0
2026-08-31,C,29090.0,0.0,1.0
2026-08-31,P,29090.0,0.0,2.0
2026-08-31,C,29100.0,0.0,29.0
2026-08-31,P,29100.0,0.0,293.0
2026-08-31,C,29110.0,0.0,0.0
2026-08-31,P,29110.0,0.0,11.0
2026-08-31,C,29120.0,0.0,0.0
2026-08-31,P,29120.0,0.0,8.0
2026-08-31,C,29125.0,0.0,0.0
2026-08-31,P,29125.0,0.0,6.0
2026-08-31,C,29130.0,0.0,0.0
2026-08-31,P,29130.0,0.0,11.0
2026-08-31,C,29140.0,0.0,0.0
2026-08-31,P,29140.0,0.0,5.0
2026-08-31,C,29150.0,0.0,105.0
2026-08-31,P,29150.0,0.0,30.0
2026-08-31,C,29160.0,0.0,2.0
2026-08-31,P,29160.0,0.0,13.0
2026-08-31,C,29170.0,0.0,0.0
2026-08-31,P,29170.0,0.0,5.0
2026-08-31,C,29175.0,0.0,2.0
2026-08-31,P,29175.0,0.0,5.0
2026-08-31,C,29180.0,0.0,0.0
2026-08-31,P,29180.0,0.0,3.0
2026-08-31,C,29190.0,0.0,0.0
2026-08-31,P,29190.0,0.0,6.0
2026-08-31,C,29200.0,0.0,38.0
2026-08-31,P,29200.0,0.0,68.0
2026-08-31,C,29210.0,0.0,0.0
2026-08-31,P,29210.0,0.0,7.0
2026-08-31,C,29220.0,0.0,0.0
2026-08-31,P,29220.0,0.0,2.0
2026-08-31,C,29225.0,0.0,1.0
2026-08-31,P,29225.0,0.0,19.0
2026-08-31,C,29230.0,0.0,0.0
2026-08-31,P,29230.0,0.0,1.0
2026-08-31,C,29240.0,0.0,0.0
2026-08-31,P,29240.0,0.0,2.0
2026-08-31,C,29250.0,0.0,2.0
2026-08-31,P,29250.0,0.0,37.0
2026-08-31,C,29260.0,0.0,1.0
2026-08-31,P,29260.0,0.0,9.0
2026-08-31,C,29270.0,0.0,0.0
2026-08-31,P,29270.0,0.0,5.0
2026-08-31,C,29275.0,0.0,2.0
2026-08-31,P,29275.0,0.0,19.0
2026-08-31,C,29280.0,0.0,0.0
2026-08-31,P,29280.0,0.0,5.0
2026-08-31,C,29290.0,0.0,0.0
2026-08-31,P,29290.0,0.0,5.0
2026-08-31,C,29300.0,0.0,11.0
2026-08-31,P,29300.0,0.0,55.0
2026-08-31,C,29310.0,0.0,0.0
2026-08-31,P,29310.0,0.0,17.0
2026-08-31,C,29320.0,0.0,1.0
2026-08-31,P,29320.0,0.0,11.0
2026-08-31,C,29325.0,0.0,1.0
2026-08-31,P,29325.0,0.0,7.0
2026-08-31,C,29330.0,0.0,0.0
2026-08-31,P,29330.0,0.0,7.0
2026-08-31,C,29340.0,0.0,3.0
2026-08-31,P,29340.0,0.0,9.0
2026-08-31,C,29350.0,0.0,1.0
2026-08-31,P,29350.0,0.0,25.0
2026-08-31,C,29360.0,0.0,0.0
2026-08-31,P,29360.0,0.0,12.0
2026-08-31,C,29370.0,0.0,1.0
2026-08-31,P,29370.0,0.0,8.0
2026-08-31,C,29375.0,0.0,1.0
2026-08-31,P,29375.0,0.0,8.0
2026-08-31,C,29380.0,0.0,1.0
2026-08-31,P,29380.0,0.0,15.0
2026-08-31,C,29390.0,0.0,2.0
2026-08-31,P,29390.0,0.0,12.0
2026-08-31,C,29400.0,0.0,7.0
2026-08-31,P,29400.0,0.0,34.0
2026-08-31,C,29410.0,0.0,3.0
2026-08-31,P,29410.0,0.0016,10.0
2026-08-31,C,29420.0,0.0071,6.0
2026-08-31,P,29420.0,0.0,10.0
2026-08-31,C,29425.0,0.0091,1.0
2026-08-31,P,29425.0,0.0034,16.0
2026-08-31,C,29430.0,0.0133,26.0
2026-08-31,P,29430.0,0.0049,25.0
2026-08-31,C,29440.0,0.0298,14.0
2026-08-31,P,29440.0,0.0024,22.0
2026-08-31,C,29450.0,0.0624,16.0
2026-08-31,P,29450.0,0.057,40.0
2026-08-31,C,29460.0,0.0199,4.0
2026-08-31,P,29460.0,0.0001,2.0
2026-08-31,C,29470.0,0.0107,2.0
2026-08-31,P,29470.0,0.0,14.0
2026-08-31,C,29475.0,0.0081,11.0
2026-08-31,P,29475.0,0.0,5.0
2026-08-31,C,29480.0,0.0048,21.0
2026-08-31,P,29480.0,0.0,43.0
2026-08-31,C,29490.0,0.002,11.0
2026-08-31,P,29490.0,0.0,5.0
2026-08-31,C,29500.0,0.0014,34.0
2026-08-31,P,29500.0,0.0,63.0
2026-08-31,C,29510.0,0.0011,23.0
2026-08-31,P,29510.0,0.0,2.0
2026-08-31,C,29520.0,0.0,8.0
2026-08-31,P,29520.0,0.0,4.0
2026-08-31,C,29525.0,0.0,19.0
2026-08-31,P,29525.0,0.0,35.0
2026-08-31,C,29530.0,0.0,6.0
2026-08-31,P,29530.0,0.0,18.0
2026-08-31,C,29540.0,0.0,19.0
2026-08-31,P,29540.0,0.0,0.0
2026-08-31,C,29550.0,0.0,55.0
2026-08-31,P,29550.0,0.0,5.0
2026-08-31,C,29560.0,0.0,24.0
2026-08-31,P,29560.0,0.0,0.0
2026-08-31,C,29570.0,0.0,40.0
2026-08-31,P,29570.0,0.0,3.0
2026-08-31,C,29575.0,0.0,23.0
2026-08-31,P,29575.0,0.0,0.0
2026-08-31,C,29580.0,0.0,12.0
2026-08-31,P,29580.0,0.0,19.0
2026-08-31,C,29590.0,0.0,34.0
2026-08-31,P,29590.0,0.0,0.0
2026-08-31,C,29600.0,0.0,104.0
2026-08-31,P,29600.0,0.0,143.0
2026-08-31,C,29610.0,0.0,4.0
2026-08-31,P,29610.0,0.0,1.0
2026-08-31,C,29620.0,0.0,13.0
2026-08-31,P,29620.0,0.0,3.0
2026-08-31,C,29625.0,0.0,9.0
2026-08-31,P,29625.0,0.0,3.0
2026-08-31,C,29630.0,0.0,13.0
2026-08-31,P,29630.0,0.0,7.0
2026-08-31,C,29640.0,0.0,17.0
2026-08-31,P,29640.0,0.0,7.0
2026-08-31,C,29650.0,0.0,129.0
2026-08-31,P,29650.0,0.0,19.0
2026-08-31,C,29660.0,0.0,6.0
2026-08-31,P,29660.0,0.0,4.0
2026-08-31,C,29670.0,0.0,10.0
2026-08-31,P,29670.0,0.0,0.0
2026-08-31,C,29675.0,0.0,7.0
2026-08-31,P,29675.0,0.0,2.0
2026-08-31,C,29680.0,0.0,14.0
2026-08-31,P,29680.0,0.0,0.0
2026-08-31,C,29690.0,0.0,4.0
2026-08-31,P,29690.0,0.0,5.0
2026-08-31,C,29700.0,0.0,58.0
2026-08-31,P,29700.0,0.0,6.0
2026-08-31,C,29710.0,0.0,17.0
2026-08-31,P,29710.0,0.0,3.0
2026-08-31,C,29720.0,0.0,1.0
2026-08-31,P,29720.0,0.0,0.0
2026-08-31,C,29725.0,0.0,8.0
2026-08-31,P,29725.0,0.0,1.0
2026-08-31,C,29730.0,0.0,5.0
2026-08-31,P,29730.0,0.0,9.0
2026-08-31,C,29740.0,0.0,3.0
2026-08-31,P,29740.0,0.0,0.0
2026-08-31,C,29750.0,0.0,267.0
2026-08-31,P,29750.0,0.0,12.0
2026-08-31,C,29760.0,0.0,7.0
2026-08-31,P,29760.0,0.0,0.0
2026-08-31,C,29770.0,0.0,1.0
2026-08-31,P,29770.0,0.0,0.0
2026-08-31,C,29775.0,0.0,9.0
2026-08-31,P,29775.0,0.0,11.0
2026-08-31,C,29780.0,0.0,3.0
2026-08-31,P,29780.0,0.0,6.0
2026-08-31,C,29790.0,0.0,19.0
2026-08-31,P,29790.0,0.0,0.0
2026-08-31,C,29800.0,0.0,37.0
2026-08-31,P,29800.0,0.0,3.0
2026-08-31,C,29810.0,0.0,6.0
2026-08-31,P,29810.0,0.0,0.0
2026-08-31,C,29820.0,0.0,6.0
2026-08-31,P,29820.0,0.0,0.0
2026-08-31,C,29825.0,0.0,13.0
2026-08-31,P,29825.0,0.0,0.0
2026-08-31,C,29830.0,0.0,18.0
2026-08-31,P,29830.0,0.0,0.0
2026-08-31,C,29840.0,0.0,16.0
2026-08-31,P,29840.0,0.0,0.0
2026-08-31,C,29850.0,0.0,40.0
2026-08-31,P,29850.0,0.0,3.0
2026-08-31,C,29860.0,0.0,3.0
2026-08-31,P,29860.0,0.0,0.0
2026-08-31,C,29870.0,0.0,7.0
2026-08-31,P,29870.0,0.0,0.0
2026-08-31,C,29875.0,0.0,19.0
2026-08-31,P,29875.0,0.0,0.0
2026-08-31,C,29880.0,0.0,9.0
2026-08-31,P,29880.0,0.0,0.0
2026-08-31,C,29890.0,0.0,12.0
2026-08-31,P,29890.0,0.0,0.0
2026-08-31,C,29900.0,0.0,70.0
2026-08-31,P,29900.0,0.0,2.0
2026-08-31,C,29910.0,0.0,131.0
2026-08-31,P,29910.0,0.0,0.0
2026-08-31,C,29920.0,0.0,11.0
2026-08-31,P,29920.0,0.0,0.0
2026-08-31,C,29925.0,0.0,15.0
2026-08-31,P,29925.0,0.0,0.0
2026-08-31,C,29930.0,0.0,9.0
2026-08-31,P,29930.0,0.0,1.0
2026-08-31,C,29940.0,0.0,14.0
2026-08-31,P,29940.0,0.0,1.0
2026-08-31,C,29950.0,0.0,11.0
2026-08-31,P,29950.0,0.0,3.0
2026-08-31,C,29960.0,0.0,11.0
2026-08-31,P,29960.0,0.0,1.0
2026-08-31,C,29970.0,0.0,26.0
2026-08-31,P,29970.0,0.0,0.0
2026-08-31,C,29975.0,0.0,15.0
2026-08-31,P,29975.0,0.0,2.0
2026-08-31,C,29980.0,0.0,13.0
2026-08-31,P,29980.0,0.0,0.0
2026-08-31,C,29990.0,0.0,18.0
2026-08-31,P,29990.0,0.0,4.0
2026-08-31,C,30000.0,0.0,125.0
2026-08-31,P,30000.0,0.0,16.0
2026-08-31,C,30010.0,0.0,5.0
2026-08-31,P,30010.0,0.0,1.0
2026-08-31,C,30020.0,0.0,4.0
2026-08-31,P,30020.0,0.0,1.0
2026-08-31,C,30025.0,0.0,8.0
2026-08-31,P,30025.0,0.0,1.0
2026-08-31,C,30030.0,0.0,13.0
2026-08-31,P,30030.0,0.0,0.0
2026-08-31,C,30040.0,0.0,1.0
2026-08-31,P,30040.0,0.0,0.0
2026-08-31,C,30050.0,0.0,17.0
2026-08-31,P,30050.0,0.0,7.0
2026-08-31,C,30060.0,0.0,8.0
2026-08-31,P,30060.0,0.0,0.0
2026-08-31,C,30070.0,0.0,4.0
2026-08-31,P,30070.0,0.0,0.0
2026-08-31,C,30075.0,0.0,5.0
2026-08-31,P,30075.0,0.0,0.0
2026-08-31,C,30080.0,0.0,3.0
2026-08-31,P,30080.0,0.0,0.0
2026-08-31,C,30090.0,0.0,0.0
2026-08-31,P,30090.0,0.0,0.0
2026-08-31,C,30100.0,0.0,35.0
2026-08-31,P,30100.0,0.0,3.0
2026-08-31,C,30110.0,0.0,11.0
2026-08-31,P,30110.0,0.0,0.0
2026-08-31,C,30120.0,0.0,1.0
2026-08-31,P,30120.0,0.0,0.0
2026-08-31,C,30125.0,0.0,33.0
2026-08-31,P,30125.0,0.0,0.0
2026-08-31,C,30130.0,0.0,0.0
2026-08-31,P,30130.0,0.0,0.0
2026-08-31,C,30140.0,0.0,12.0
2026-08-31,P,30140.0,0.0,0.0
2026-08-31,C,30150.0,0.0,30.0
2026-08-31,P,30150.0,0.0,0.0
2026-08-31,C,30160.0,0.0,0.0
2026-08-31,P,30160.0,0.0,0.0
2026-08-31,C,30170.0,0.0,0.0
2026-08-31,P,30170.0,0.0,0.0
2026-08-31,C,30175.0,0.0,37.0
2026-08-31,P,30175.0,0.0,1.0
2026-08-31,C,30180.0,0.0,0.0
2026-08-31,P,30180.0,0.0,0.0
2026-08-31,C,30190.0,0.0,0.0
2026-08-31,P,30190.0,0.0,0.0
2026-08-31,C,30200.0,0.0,43.0
2026-08-31,P,30200.0,0.0,5.0
2026-08-31,C,30210.0,0.0,0.0
2026-08-31,P,30210.0,0.0,0.0
2026-08-31,C,30220.0,0.0,0.0
2026-08-31,P,30220.0,0.0,0.0
2026-08-31,C,30225.0,0.0,29.0
2026-08-31,P,30225.0,0.0,1.0
2026-08-31,C,30230.0,0.0,0.0
2026-08-31,P,30230.0,0.0,0.0
2026-08-31,C,30240.0,0.0,0.0
2026-08-31,P,30240.0,0.0,0.0
2026-08-31,C,30250.0,0.0,29.0
2026-08-31,P,30250.0,0.0,1.0
2026-08-31,C,30260.0,0.0,0.0
2026-08-31,P,30260.0,0.0,0.0
2026-08-31,C,30270.0,0.0,0.0
2026-08-31,P,30270.0,0.0,0.0
2026-08-31,C,30275.0,0.0,26.0
2026-08-31,P,30275.0,0.0,0.0
2026-08-31,C,30280.0,0.0,0.0
2026-08-31,P,30280.0,0.0,0.0
2026-08-31,C,30290.0,0.0,0.0
2026-08-31,P,30290.0,0.0,0.0
2026-08-31,C,30300.0,0.0,28.0
2026-08-31,P,30300.0,0.0,1.0
2026-08-31,C,30310.0,0.0,0.0
2026-08-31,P,30310.0,0.0,0.0
2026-08-31,C,30320.0,0.0,0.0
2026-08-31,P,30320.0,0.0,0.0
2026-08-31,C,30325.0,0.0,30.0
2026-08-31,P,30325.0,0.0,0.0
2026-08-31,C,30330.0,0.0,0.0
2026-08-31,P,30330.0,0.0,0.0
2026-08-31,C,30340.0,0.0,0.0
2026-08-31,P,30340.0,0.0,0.0
2026-08-31,C,30350.0,0.0,21.0
2026-08-31,P,30350.0,0.0,0.0
2026-08-31,C,30360.0,0.0,0.0
2026-08-31,P,30360.0,0.0,0.0
2026-08-31,C,30370.0,0.0,1.0
2026-08-31,P,30370.0,0.0,0.0
2026-08-31,C,30375.0,0.0,22.0
2026-08-31,P,30375.0,0.0,0.0
2026-08-31,C,30380.0,0.0,0.0
2026-08-31,P,30380.0,0.0,0.0
2026-08-31,C,30390.0,0.0,0.0
2026-08-31,P,30390.0,0.0,0.0
2026-08-31,C,30400.0,0.0,26.0
2026-08-31,P,30400.0,0.0,2.0
2026-08-31,C,30425.0,0.0,6.0
2026-08-31,P,30425.0,0.0,0.0
2026-08-31,C,30450.0,0.0,6.0
2026-08-31,P,30450.0,0.0,0.0
2026-08-31,C,30475.0,0.0,13.0
2026-08-31,P,30475.0,0.0,0.0
2026-08-31,C,30500.0,0.0,95.0
2026-08-31,P,30500.0,0.0,2.0
2026-08-31,C,30525.0,0.0,5.0
2026-08-31,P,30525.0,0.0,0.0
2026-08-31,C,30550.0,0.0,10.0
2026-08-31,P,30550.0,0.0,0.0
2026-08-31,C,30575.0,0.0,2.0
2026-08-31,P,30575.0,0.0,0.0
2026-08-31,C,30600.0,0.0,26.0
2026-08-31,P,30600.0,0.0,0.0
2026-08-31,C,30625.0,0.0,3.0
2026-08-31,P,30625.0,0.0,0.0
2026-08-31,C,30650.0,0.0,3.0
2026-08-31,P,30650.0,0.0,0.0
2026-08-31,C,30675.0,0.0,2.0
2026-08-31,P,30675.0,0.0,0.0
2026-08-31,C,30700.0,0.0,14.0
2026-08-31,P,30700.0,0.0,12.0
2026-08-31,C,30725.0,0.0,5.0
2026-08-31,P,30725.0,0.0,0.0
2026-08-31,C,30750.0,0.0,10.0
2026-08-31,P,30750.0,0.0,0.0
2026-08-31,C,30775.0,0.0,1.0
2026-08-31,P,30775.0,0.0,0.0
2026-08-31,C,30800.0,0.0,12.0
2026-08-31,P,30800.0,0.0,0.0
2026-08-31,C,30825.0,0.0,63.0
2026-08-31,P,30825.0,0.0,0.0
2026-08-31,C,30850.0,0.0,19.0
2026-08-31,P,30850.0,0.0,17.0
2026-08-31,C,30875.0,0.0,0.0
2026-08-31,P,30875.0,0.0,0.0
2026-08-31,C,30900.0,0.0,12.0
2026-08-31,P,30900.0,0.0,1.0
2026-08-31,C,30925.0,0.0,0.0
2026-08-31,P,30925.0,0.0,0.0
2026-08-31,C,30950.0,0.0,6.0
2026-08-31,P,30950.0,0.0,0.0
2026-08-31,C,30975.0,0.0,0.0
2026-08-31,P,30975.0,0.0,0.0
2026-08-31,C,31000.0,0.0,85.0
2026-08-31,P,31000.0,0.0,3.0
2026-08-31,C,31025.0,0.0,0.0
2026-08-31,P,31025.0,0.0,0.0
2026-08-31,C,31050.0,0.0,0.0
2026-08-31,P,31050.0,0.0,0.0
2026-08-31,C,31075.0,0.0,1.0
2026-08-31,P,31075.0,0.0,0.0
2026-08-31,C,31100.0,0.0,18.0
2026-08-31,P,31100.0,0.0,3.0
2026-08-31,C,31125.0,0.0,0.0
2026-08-31,P,31125.0,0.0,0.0
2026-08-31,C,31150.0,0.0,0.0
2026-08-31,P,31150.0,0.0,0.0
2026-08-31,C,31175.0,0.0,0.0
2026-08-31,P,31175.0,0.0,0.0
2026-08-31,C,31200.0,0.0,13.0
2026-08-31,P,31200.0,0.0,0.0
2026-08-31,C,31225.0,0.0,2.0
2026-08-31,P,31225.0,0.0,0.0
2026-08-31,C,31250.0,0.0,0.0
2026-08-31,P,31250.0,0.0,0.0
2026-08-31,C,31275.0,0.0,0.0
2026-08-31,P,31275.0,0.0,0.0
2026-08-31,C,31300.0,0.0,18.0
2026-08-31,P,31300.0,0.0,66.0
2026-08-31,C,31325.0,0.0,1.0
2026-08-31,P,31325.0,0.0,0.0
2026-08-31,C,31350.0,0.0,1.0
2026-08-31,P,31350.0,0.0,0.0
2026-08-31,C,31400.0,0.0,7.0
2026-08-31,P,31400.0,0.0,0.0
2026-08-31,C,31450.0,0.0,0.0
2026-08-31,P,31450.0,0.0,0.0
2026-08-31,C,31500.0,0.0,7.0
2026-08-31,P,31500.0,0.0,0.0
2026-08-31,C,31550.0,0.0,1.0
2026-08-31,P,31550.0,0.0,0.0
2026-08-31,C,31600.0,0.0,12.0
2026-08-31,P,31600.0,0.0,0.0
2026-08-31,C,31650.0,0.0,2.0
2026-08-31,P,31650.0,0.0,1.0
2026-08-31,C,31700.0,0.0,15.0
2026-08-31,P,31700.0,0.0,1.0
2026-08-31,C,31800.0,0.0,5.0
2026-08-31,P,31800.0,0.0,0.0
2026-08-31,C,31900.0,0.0,7.0
2026-08-31,P,31900.0,0.0,0.0
2026-08-31,C,32000.0,0.0,25.0
2026-08-31,P,32000.0,0.0,15.0
2026-08-31,C,32100.0,0.0,25.0
2026-08-31,P,32100.0,0.0,0.0
2026-08-31,C,32200.0,0.0,3.0
2026-08-31,P,32200.0,0.0,0.0
2026-08-31,C,32300.0,0.0,7.0
2026-08-31,P,32300.0,0.0,0.0
2026-08-31,C,32400.0,0.0,29.0
2026-08-31,P,32400.0,0.0,0.0
2026-08-31,C,32500.0,0.0,33.0
2026-08-31,P,32500.0,0.0,0.0
2026-08-31,C,32600.0,0.0,6.0
2026-08-31,P,32600.0,0.0,0.0
2026-08-31,C,32700.0,0.0,2.0
2026-08-31,P,32700.0,0.0,0.0
2026-08-31,C,32800.0,0.0,2.0
2026-08-31,P,32800.0,0.0,0.0
2026-08-31,C,32900.0,0.0,11.0
2026-08-31,P,32900.0,0.0,0.0
2026-08-31,C,33000.0,0.0,90.0
2026-08-31,P,33000.0,0.0,0.0
2026-08-31,C,33100.0,0.0,0.0
2026-08-31,P,33100.0,0.0,0.0
2026-08-31,C,33200.0,0.0,4.0
2026-08-31,P,33200.0,0.0,0.0
2026-08-31,C,33300.0,0.0,4.0
2026-08-31,P,33300.0,0.0,0.0
2026-08-31,C,33400.0,0.0,6.0
2026-08-31,P,33400.0,0.0,0.0
2026-08-31,C,33500.0,0.0,86.0
2026-08-31,P,33500.0,0.0,0.0
2026-08-31,C,33600.0,0.0,5.0
2026-08-31,P,33600.0,0.0,0.0
2026-08-31,C,33700.0,0.0,1.0
2026-08-31,P,33700.0,0.0,0.0
2026-08-31,C,33800.0,0.0,10.0
2026-08-31,P,33800.0,0.0,0.0
2026-08-31,C,33900.0,0.0,3.0
2026-08-31,P,33900.0,0.0,0.0
2026-08-31,C,34000.0,0.0,28.0
2026-08-31,P,34000.0,0.0,0.0
2026-08-31,C,34200.0,0.0,0.0
2026-08-31,P,34200.0,0.0,0.0
2026-08-31,C,34400.0,0.0,10.0
2026-08-31,P,34400.0,0.0,0.0
2026-08-31,C,34500.0,0.0,13.0
2026-08-31,P,34500.0,0.0,0.0
2026-08-31,C,35000.0,0.0,6.0
2026-08-31,P,35000.0,0.0,0.0
2026-08-31,C,35500.0,0.0,0.0
2026-08-31,P,35500.0,0.0,0.0
2026-08-31,C,36000.0,0.0,1.0
2026-08-31,P,36000.0,0.0,1.0
2026-08-31,C,36500.0,0.0,8.0
2026-08-31,P,36500.0,0.0,1.0
2026-08-31,C,37000.0,0.0,44.0
2026-08-31,P,37000.0,0.0,0.0
2026-08-31,C,37500.0,0.0,0.0
2026-08-31,P,37500.0,0.0,0.0
2026-08-31,C,38000.0,0.0,173.0
2026-08-31,P,38000.0,0.0,1.0
2026-08-31,C,39000.0,0.0,10.0
2026-08-31,P,39000.0,0.0,0.0
2026-08-31,C,40000.0,0.0,447.0
2026-08-31,P,40000.0,0.0,0.0
2026-09-01,C,14000.0,0.0,0.0
2026-09-01,P,14000.0,0.0,0.0
2026-09-01,C,15000.0,0.0,0.0
2026-09-01,P,15000.0,0.0,0.0
2026-09-01,C,16000.0,0.0,0.0
2026-09-01,P,16000.0,0.0,0.0
2026-09-01,C,17000.0,0.0,0.0
2026-09-01,P,17000.0,0.0,3.0
2026-09-01,C,18000.0,0.0,0.0
2026-09-01,P,18000.0,0.0,2.0
2026-09-01,C,19000.0,0.0,0.0
2026-09-01,P,19000.0,0.0,5.0
2026-09-01,C,20000.0,0.0,0.0
2026-09-01,P,20000.0,0.0,2.0
2026-09-01,C,21000.0,0.0,0.0
2026-09-01,P,21000.0,0.0,7.0
2026-09-01,C,21500.0,0.0,0.0
2026-09-01,P,21500.0,0.0,6.0
2026-09-01,C,22000.0,0.0,0.0
2026-09-01,P,22000.0,0.0,4.0
2026-09-01,C,22500.0,0.0,0.0
2026-09-01,P,22500.0,0.0,3.0
2026-09-01,C,23000.0,0.0,0.0
2026-09-01,P,23000.0,0.0,6.0
2026-09-01,C,23500.0,0.0,0.0
2026-09-01,P,23500.0,0.0,33.0
2026-09-01,C,23600.0,0.0,0.0
2026-09-01,P,23600.0,0.0,4.0
2026-09-01,C,23800.0,0.0,0.0
2026-09-01,P,23800.0,0.0,3.0
2026-09-01,C,24000.0,0.0,0.0
2026-09-01,P,24000.0,0.0,34.0
2026-09-01,C,24200.0,0.0,0.0
2026-09-01,P,24200.0,0.0,0.0
2026-09-01,C,24400.0,0.0,0.0
2026-09-01,P,24400.0,0.0,0.0
2026-09-01,C,24500.0,0.0,0.0
2026-09-01,P,24500.0,0.0,23.0
2026-09-01,C,24600.0,0.0,0.0
2026-09-01,P,24600.0,0.0,0.0
2026-09-01,C,24800.0,0.0,0.0
2026-09-01,P,24800.0,0.0,2.0
2026-09-01,C,25000.0,0.0,0.0
2026-09-01,P,25000.0,0.0,16.0
2026-09-01,C,25200.0,0.0,0.0
2026-09-01,P,25200.0,0.0,1.0
2026-09-01,C,25400.0,0.0,0.0
2026-09-01,P,25400.0,0.0,2.0
2026-09-01,C,25500.0,0.0,20.0
2026-09-01,P,25500.0,0.0,1.0
2026-09-01,C,25600.0,0.0,0.0
2026-09-01,P,25600.0,0.0,1.0
2026-09-01,C,25800.0,0.0,0.0
2026-09-01,P,25800.0,0.0,0.0
2026-09-01,C,26000.0,0.0,0.0
2026-09-01,P,26000.0,0.0,37.0
2026-09-01,C,26200.0,0.0,0.0
2026-09-01,P,26200.0,0.0,52.0
2026-09-01,C,26300.0,0.0,0.0
2026-09-01,P,26300.0,0.0,51.0
2026-09-01,C,26400.0,0.0,0.0
2026-09-01,P,26400.0,0.0,25.0
2026-09-01,C,26500.0,0.0,0.0
2026-09-01,P,26500.0,0.0,38.0
2026-09-01,C,26600.0,0.0,0.0
2026-09-01,P,26600.0,0.0,1.0
2026-09-01,C,26700.0,0.0,0.0
2026-09-01,P,26700.0,0.0,56.0
2026-09-01,C,26800.0,0.0,1.0
2026-09-01,P,26800.0,0.0,28.0
2026-09-01,C,26850.0,0.0,0.0
2026-09-01,P,26850.0,0.0,14.0
2026-09-01,C,26900.0,0.0,1.0
2026-09-01,P,26900.0,0.0,67.0
2026-09-01,C,26950.0,0.0,0.0
2026-09-01,P,26950.0,0.0,9.0
2026-09-01,C,27000.0,0.0,0.0
2026-09-01,P,27000.0,0.0,24.0
2026-09-01,C,27050.0,0.0,0.0
2026-09-01,P,27050.0,0.0,0.0
2026-09-01,C,27100.0,0.0,0.0
2026-09-01,P,27100.0,0.0,5.0
2026-09-01,C,27150.0,0.0,0.0
2026-09-01,P,27150.0,0.0,2.0
2026-09-01,C,27200.0,0.0,0.0
2026-09-01,P,27200.0,0.0,6.0
2026-09-01,C,27250.0,0.0,0.0
2026-09-01,P,27250.0,0.0,1.0
2026-09-01,C,27300.0,0.0,0.0
2026-09-01,P,27300.0,0.0,1.0
2026-09-01,C,27350.0,0.0,0.0
2026-09-01,P,27350.0,0.0,0.0
2026-09-01,C,27400.0,0.0,20.0
2026-09-01,P,27400.0,0.0,26.0
2026-09-01,C,27450.0,0.0,0.0
2026-09-01,P,27450.0,0.0,3.0
2026-09-01,C,27500.0,0.0,0.0
2026-09-01,P,27500.0,0.0,22.0
2026-09-01,C,27550.0,0.0,0.0
2026-09-01,P,27550.0,0.0,14.0
2026-09-01,C,27600.0,0.0,0.0
2026-09-01,P,27600.0,0.0,23.0
2026-09-01,C,27650.0,0.0,0.0
2026-09-01,P,27650.0,0.0,11.0
2026-09-01,C,27700.0,0.0,0.0
2026-09-01,P,27700.0,0.0,12.0
2026-09-01,C,27725.0,0.0,0.0
2026-09-01,P,27725.0,0.0,0.0
2026-09-01,C,27750.0,0.0,0.0
2026-09-01,P,27750.0,0.0,22.0
2026-09-01,C,27775.0,0.0,0.0
2026-09-01,P,27775.0,0.0,5.0
2026-09-01,C,27800.0,0.0,0.0
2026-09-01,P,27800.0,0.0,25.0
2026-09-01,C,27825.0,0.0,0.0
2026-09-01,P,27825.0,0.0,0.0
2026-09-01,C,27850.0,0.0,0.0
2026-09-01,P,27850.0,0.0,16.0
2026-09-01,C,27875.0,0.0,0.0
2026-09-01,P,27875.0,0.0,1.0
2026-09-01,C,27900.0,0.0,1.0
2026-09-01,P,27900.0,0.0,24.0
2026-09-01,C,27925.0,0.0,0.0
2026-09-01,P,27925.0,0.0,0.0
2026-09-01,C,27950.0,0.0,0.0
2026-09-01,P,27950.0,0.0,44.0
2026-09-01,C,27975.0,0.0,3.0
2026-09-01,P,27975.0,0.0,0.0
2026-09-01,C,28000.0,0.0,2.0
2026-09-01,P,28000.0,0.0,39.0
2026-09-01,C,28025.0,0.0,1.0
2026-09-01,P,28025.0,0.0,5.0
2026-09-01,C,28050.0,0.0,0.0
2026-09-01,P,28050.0,0.0,3.0
2026-09-01,C,28075.0,0.0,0.0
2026-09-01,P,28075.0,0.0,0.0
2026-09-01,C,28100.0,0.0,0.0
2026-09-01,P,28100.0,0.0,8.0
2026-09-01,C,28125.0,0.0,0.0
2026-09-01,P,28125.0,0.0,0.0
2026-09-01,C,28150.0,0.0,0.0
2026-09-01,P,28150.0,0.0,7.0
2026-09-01,C,28175.0,0.0,0.0
2026-09-01,P,28175.0,0.0,2.0
2026-09-01,C,28200.0,0.0,0.0
2026-09-01,P,28200.0,0.0,25.0
2026-09-01,C,28225.0,0.0,0.0
2026-09-01,P,28225.0,0.0,1.0
2026-09-01,C,28250.0,0.0,0.0
2026-09-01,P,28250.0,0.0,5.0
2026-09-01,C,28275.0,0.0,0.0
2026-09-01,P,28275.0,0.0,0.0
2026-09-01,C,28290.0,0.0,0.0
2026-09-01,P,28290.0,0.0,1.0
2026-09-01,C,28300.0,0.0,0.0
2026-09-01,P,28300.0,0.0,33.0
2026-09-01,C,28310.0,0.0,0.0
2026-09-01,P,28310.0,0.0,0.0
2026-09-01,C,28320.0,0.0,0.0
2026-09-01,P,28320.0,0.0,0.0
2026-09-01,C,28325.0,0.0,0.0
2026-09-01,P,28325.0,0.0,7.0
2026-09-01,C,28330.0,0.0,0.0
2026-09-01,P,28330.0,0.0,0.0
2026-09-01,C,28340.0,0.0,0.0
2026-09-01,P,28340.0,0.0,0.0
2026-09-01,C,28350.0,0.0,3.0
2026-09-01,P,28350.0,0.0,7.0
2026-09-01,C,28360.0,0.0,0.0
2026-09-01,P,28360.0,0.0,0.0
2026-09-01,C,28370.0,0.0,0.0
2026-09-01,P,28370.0,0.0,0.0
2026-09-01,C,28375.0,0.0,0.0
2026-09-01,P,28375.0,0.0,9.0
2026-09-01,C,28380.0,0.0,0.0
2026-09-01,P,28380.0,0.0,0.0
2026-09-01,C,28390.0,0.0,0.0
2026-09-01,P,28390.0,0.0,20.0
2026-09-01,C,28400.0,0.0,0.0
2026-09-01,P,28400.0,0.0,10.0
2026-09-01,C,28410.0,0.0,0.0
2026-09-01,P,28410.0,0.0,0.0
2026-09-01,C,28420.0,0.0,0.0
2026-09-01,P,28420.0,0.0,4.0
2026-09-01,C,28425.0,0.0,0.0
2026-09-01,P,28425.0,0.0,10.0
2026-09-01,C,28430.0,0.0,0.0
2026-09-01,P,28430.0,0.0,10.0
2026-09-01,C,28440.0,0.0,0.0
2026-09-01,P,28440.0,0.0,20.0
2026-09-01,C,28450.0,0.0,0.0
2026-09-01,P,28450.0,0.0,18.0
2026-09-01,C,28460.0,0.0,0.0
2026-09-01,P,28460.0,0.0,0.0
2026-09-01,C,28470.0,0.0,0.0
2026-09-01,P,28470.0,0.0,3.0
2026-09-01,C,28475.0,0.0,0.0
2026-09-01,P,28475.0,0.0,8.0
2026-09-01,C,28480.0,0.0,0.0
2026-09-01,P,28480.0,0.0,0.0
2026-09-01,C,28490.0,0.0,0.0
2026-09-01,P,28490.0,0.0,10.0
2026-09-01,C,28500.0,0.0001,0.0
2026-09-01,P,28500.0,0.0001,114.0
2026-09-01,C,28510.0,0.0001,0.0
2026-09-01,P,28510.0,0.0001,0.0
2026-09-01,C,28520.0,0.0001,0.0
2026-09-01,P,28520.0,0.0001,1.0
2026-09-01,C,28525.0,0.0001,0.0
2026-09-01,P,28525.0,0.0001,11.0
2026-09-01,C,28530.0,0.0001,0.0
2026-09-01,P,28530.0,0.0001,1.0
2026-09-01,C,28540.0,0.0001,0.0
2026-09-01,P,28540.0,0.0001,10.0
2026-09-01,C,28550.0,0.0001,0.0
2026-09-01,P,28550.0,0.0001,3.0
2026-09-01,C,28560.0,0.0001,0.0
2026-09-01,P,28560.0,0.0001,4.0
2026-09-01,C,28570.0,0.0001,0.0
2026-09-01,P,28570.0,0.0001,3.0
2026-09-01,C,28575.0,0.0001,0.0
2026-09-01,P,28575.0,0.0001,2.0
2026-09-01,C,28580.0,0.0001,0.0
2026-09-01,P,28580.0,0.0001,0.0
2026-09-01,C,28590.0,0.0001,0.0
2026-09-01,P,28590.0,0.0001,1.0
2026-09-01,C,28600.0,0.0001,0.0
2026-09-01,P,28600.0,0.0001,31.0
2026-09-01,C,28610.0,0.0001,0.0
2026-09-01,P,28610.0,0.0001,0.0
2026-09-01,C,28620.0,0.0001,0.0
2026-09-01,P,28620.0,0.0001,1.0
2026-09-01,C,28625.0,0.0001,1.0
2026-09-01,P,28625.0,0.0001,31.0
2026-09-01,C,28630.0,0.0001,0.0
2026-09-01,P,28630.0,0.0001,0.0
2026-09-01,C,28640.0,0.0001,0.0
2026-09-01,P,28640.0,0.0001,0.0
2026-09-01,C,28650.0,0.0001,0.0
2026-09-01,P,28650.0,0.0001,10.0
2026-09-01,C,28660.0,0.0001,0.0
2026-09-01,P,28660.0,0.0001,30.0
2026-09-01,C,28670.0,0.0001,0.0
2026-09-01,P,28670.0,0.0001,1.0
2026-09-01,C,28675.0,0.0001,0.0
2026-09-01,P,28675.0,0.0001,0.0
2026-09-01,C,28680.0,0.0001,0.0
2026-09-01,P,28680.0,0.0001,0.0
2026-09-01,C,28690.0,0.0001,0.0
2026-09-01,P,28690.0,0.0001,4.0
2026-09-01,C,28700.0,0.0001,0.0
2026-09-01,P,28700.0,0.0001,46.0
2026-09-01,C,28710.0,0.0001,0.0
2026-09-01,P,28710.0,0.0001,32.0
2026-09-01,C,28720.0,0.0001,0.0
2026-09-01,P,28720.0,0.0001,31.0
2026-09-01,C,28725.0,0.0001,0.0
2026-09-01,P,28725.0,0.0001,32.0
2026-09-01,C,28730.0,0.0001,0.0
2026-09-01,P,28730.0,0.0001,11.0
2026-09-01,C,28740.0,0.0001,0.0
2026-09-01,P,28740.0,0.0001,6.0
2026-09-01,C,28750.0,0.0001,0.0
2026-09-01,P,28750.0,0.0001,15.0
2026-09-01,C,28760.0,0.0001,0.0
2026-09-01,P,28760.0,0.0001,32.0
2026-09-01,C,28770.0,0.0001,0.0
2026-09-01,P,28770.0,0.0001,0.0
2026-09-01,C,28775.0,0.0001,0.0
2026-09-01,P,28775.0,0.0001,8.0
2026-09-01,C,28780.0,0.0002,0.0
2026-09-01,P,28780.0,0.0002,11.0
2026-09-01,C,28790.0,0.0002,0.0
2026-09-01,P,28790.0,0.0002,3.0
2026-09-01,C,28800.0,0.0002,0.0
2026-09-01,P,28800.0,0.0002,43.0
2026-09-01,C,28810.0,0.0002,0.0
2026-09-01,P,28810.0,0.0002,33.0
2026-09-01,C,28820.0,0.0002,0.0
2026-09-01,P,28820.0,0.0002,32.0
2026-09-01,C,28825.0,0.0002,0.0
2026-09-01,P,28825.0,0.0002,1.0
2026-09-01,C,28830.0,0.0002,0.0
2026-09-01,P,28830.0,0.0002,5.0
2026-09-01,C,28840.0,0.0002,0.0
2026-09-01,P,28840.0,0.0002,4.0
2026-09-01,C,28850.0,0.0002,3.0
2026-09-01,P,28850.0,0.0002,36.0
2026-09-01,C,28860.0,0.0002,0.0
2026-09-01,P,28860.0,0.0002,3.0
2026-09-01,C,28870.0,0.0002,0.0
2026-09-01,P,28870.0,0.0002,2.0
2026-09-01,C,28875.0,0.0002,0.0
2026-09-01,P,28875.0,0.0002,7.0
2026-09-01,C,28880.0,0.0002,0.0
2026-09-01,P,28880.0,0.0002,10.0
2026-09-01,C,28890.0,0.0002,0.0
2026-09-01,P,28890.0,0.0002,7.0
2026-09-01,C,28900.0,0.0003,0.0
2026-09-01,P,28900.0,0.0003,91.0
2026-09-01,C,28910.0,0.0003,0.0
2026-09-01,P,28910.0,0.0003,21.0
2026-09-01,C,28920.0,0.0003,0.0
2026-09-01,P,28920.0,0.0003,4.0
2026-09-01,C,28925.0,0.0003,0.0
2026-09-01,P,28925.0,0.0003,2.0
2026-09-01,C,28930.0,0.0003,0.0
2026-09-01,P,28930.0,0.0003,1.0
2026-09-01,C,28940.0,0.0003,0.0
2026-09-01,P,28940.0,0.0003,9.0
2026-09-01,C,28950.0,0.0003,4.0
2026-09-01,P,28950.0,0.0003,57.0
2026-09-01,C,28960.0,0.0003,0.0
2026-09-01,P,28960.0,0.0003,0.0
2026-09-01,C,28970.0,0.0003,0.0
2026-09-01,P,28970.0,0.0003,2.0
2026-09-01,C,28975.0,0.0004,1.0
2026-09-01,P,28975.0,0.0004,1.0
2026-09-01,C,28980.0,0.0004,0.0
2026-09-01,P,28980.0,0.0004,2.0
2026-09-01,C,28990.0,0.0004,0.0
2026-09-01,P,28990.0,0.0004,5.0
2026-09-01,C,29000.0,0.0004,99.0
2026-09-01,P,29000.0,0.0004,81.0
2026-09-01,C,29010.0,0.0004,0.0
2026-09-01,P,29010.0,0.0004,11.0
2026-09-01,C,29020.0,0.0004,0.0
2026-09-01,P,29020.0,0.0004,5.0
2026-09-01,C,29025.0,0.0004,2.0
2026-09-01,P,29025.0,0.0004,8.0
2026-09-01,C,29030.0,0.0004,0.0
2026-09-01,P,29030.0,0.0004,9.0
2026-09-01,C,29040.0,0.0005,0.0
2026-09-01,P,29040.0,0.0005,5.0
2026-09-01,C,29050.0,0.0005,2.0
2026-09-01,P,29050.0,0.0005,16.0
2026-09-01,C,29060.0,0.0005,0.0
2026-09-01,P,29060.0,0.0005,41.0
2026-09-01,C,29070.0,0.0005,0.0
2026-09-01,P,29070.0,0.0005,21.0
2026-09-01,C,29075.0,0.0005,11.0
2026-09-01,P,29075.0,0.0005,3.0
2026-09-01,C,29080.0,0.0006,10.0
2026-09-01,P,29080.0,0.0006,42.0
2026-09-01,C,29090.0,0.0006,0.0
2026-09-01,P,29090.0,0.0006,11.0
2026-09-01,C,29100.0,0.0006,1.0
2026-09-01,P,29100.0,0.0006,43.0
2026-09-01,C,29110.0,0.0006,0.0
2026-09-01,P,29110.0,0.0006,3.0
2026-09-01,C,29120.0,0.0007,0.0
2026-09-01,P,29120.0,0.0007,6.0
2026-09-01,C,29125.0,0.0007,0.0
2026-09-01,P,29125.0,0.0007,1.0
2026-09-01,C,29130.0,0.0007,0.0
2026-09-01,P,29130.0,0.0007,0.0
2026-09-01,C,29140.0,0.0007,0.0
2026-09-01,P,29140.0,0.0007,1.0
2026-09-01,C,29150.0,0.0008,0.0
2026-09-01,P,29150.0,0.0008,11.0
2026-09-01,C,29160.0,0.0008,0.0
2026-09-01,P,29160.0,0.0008,8.0
2026-09-01,C,29170.0,0.0008,0.0
2026-09-01,P,29170.0,0.0008,9.0
2026-09-01,C,29175.0,0.0008,0.0
2026-09-01,P,29175.0,0.0008,20.0
2026-09-01,C,29180.0,0.0008,2.0
2026-09-01,P,29180.0,0.0008,27.0
2026-09-01,C,29190.0,0.0009,2.0
2026-09-01,P,29190.0,0.0009,11.0
2026-09-01,C,29200.0,0.0009,4.0
2026-09-01,P,29200.0,0.0009,31.0
2026-09-01,C,29210.0,0.001,0.0
2026-09-01,P,29210.0,0.001,3.0
2026-09-01,C,29220.0,0.001,0.0
2026-09-01,P,29220.0,0.001,1.0
2026-09-01,C,29225.0,0.001,1.0
2026-09-01,P,29225.0,0.001,8.0
2026-09-01,C,29230.0,0.001,1.0
2026-09-01,P,29230.0,0.001,1.0
2026-09-01,C,29240.0,0.0011,0.0
2026-09-01,P,29240.0,0.0011,4.0
2026-09-01,C,29250.0,0.0011,4.0
2026-09-01,P,29250.0,0.0011,36.0
2026-09-01,C,29260.0,0.0012,1.0
2026-09-01,P,29260.0,0.0012,11.0
2026-09-01,C,29270.0,0.0012,1.0
2026-09-01,P,29270.0,0.0012,9.0
2026-09-01,C,29275.0,0.0012,2.0
2026-09-01,P,29275.0,0.0012,9.0
2026-09-01,C,29280.0,0.0012,1.0
2026-09-01,P,29280.0,0.0012,8.0
2026-09-01,C,29290.0,0.0013,2.0
2026-09-01,P,29290.0,0.0013,9.0
2026-09-01,C,29300.0,0.0013,11.0
2026-09-01,P,29300.0,0.0013,31.0
2026-09-01,C,29310.0,0.0014,4.0
2026-09-01,P,29310.0,0.0014,6.0
2026-09-01,C,29320.0,0.0014,1.0
2026-09-01,P,29320.0,0.0014,8.0
2026-09-01,C,29325.0,0.0014,2.0
2026-09-01,P,29325.0,0.0014,7.0
2026-09-01,C,29330.0,0.0014,8.0
2026-09-01,P,29330.0,0.0014,8.0
2026-09-01,C,29340.0,0.0015,8.0
2026-09-01,P,29340.0,0.0015,11.0
2026-09-01,C,29350.0,0.0015,14.0
2026-09-01,P,29350.0,0.0015,20.0
2026-09-01,C,29360.0,0.0015,6.0
2026-09-01,P,29360.0,0.0015,7.0
2026-09-01,C,29370.0,0.0016,15.0
2026-09-01,P,29370.0,0.0016,14.0
2026-09-01,C,29375.0,0.0016,5.0
2026-09-01,P,29375.0,0.0016,11.0
2026-09-01,C,29380.0,0.0016,6.0
2026-09-01,P,29380.0,0.0016,25.0
2026-09-01,C,29390.0,0.0016,10.0
2026-09-01,P,29390.0,0.0016,19.0
2026-09-01,C,29400.0,0.0016,18.0
2026-09-01,P,29400.0,0.0016,31.0
2026-09-01,C,29410.0,0.0017,10.0
2026-09-01,P,29410.0,0.0017,11.0
2026-09-01,C,29420.0,0.0017,7.0
2026-09-01,P,29420.0,0.0017,14.0
2026-09-01,C,29425.0,0.0017,31.0
2026-09-01,P,29425.0,0.0017,7.0
2026-09-01,C,29430.0,0.0017,4.0
2026-09-01,P,29430.0,0.0017,21.0
2026-09-01,C,29440.0,0.0017,137.0
2026-09-01,P,29440.0,0.0017,11.0
2026-09-01,C,29450.0,0.0017,53.0
2026-09-01,P,29450.0,0.0017,38.0
2026-09-01,C,29460.0,0.0018,39.0
2026-09-01,P,29460.0,0.0018,18.0
2026-09-01,C,29470.0,0.0018,57.0
2026-09-01,P,29470.0,0.0018,2.0
2026-09-01,C,29475.0,0.0018,7.0
2026-09-01,P,29475.0,0.0018,3.0
2026-09-01,C,29480.0,0.0018,11.0
2026-09-01,P,29480.0,0.0018,36.0
2026-09-01,C,29490.0,0.0018,9.0
2026-09-01,P,29490.0,0.0018,3.0
2026-09-01,C,29500.0,0.0018,60.0
2026-09-01,P,29500.0,0.0018,39.0
2026-09-01,C,29510.0,0.0018,23.0
2026-09-01,P,29510.0,0.0018,10.0
2026-09-01,C,29520.0,0.0017,35.0
2026-09-01,P,29520.0,0.0017,6.0
2026-09-01,C,29525.0,0.0017,16.0
2026-09-01,P,29525.0,0.0017,8.0
2026-09-01,C,29530.0,0.0017,12.0
2026-09-01,P,29530.0,0.0017,7.0
2026-09-01,C,29540.0,0.0017,18.0
2026-09-01,P,29540.0,0.0017,1.0
2026-09-01,C,29550.0,0.0017,21.0
2026-09-01,P,29550.0,0.0017,5.0
2026-09-01,C,29560.0,0.0017,39.0
2026-09-01,P,29560.0,0.0017,13.0
2026-09-01,C,29570.0,0.0016,15.0
2026-09-01,P,29570.0,0.0016,4.0
2026-09-01,C,29575.0,0.0016,12.0
2026-09-01,P,29575.0,0.0016,6.0
2026-09-01,C,29580.0,0.0016,8.0
2026-09-01,P,29580.0,0.0016,19.0
2026-09-01,C,29590.0,0.0016,13.0
2026-09-01,P,29590.0,0.0016,2.0
2026-09-01,C,29600.0,0.0015,25.0
2026-09-01,P,29600.0,0.0015,10.0
2026-09-01,C,29610.0,0.0015,7.0
2026-09-01,P,29610.0,0.0015,1.0
2026-09-01,C,29620.0,0.0014,10.0
2026-09-01,P,29620.0,0.0014,3.0
2026-09-01,C,29625.0,0.0014,5.0
2026-09-01,P,29625.0,0.0014,6.0
2026-09-01,C,29630.0,0.0014,18.0
2026-09-01,P,29630.0,0.0014,1.0
2026-09-01,C,29640.0,0.0013,16.0
2026-09-01,P,29640.0,0.0013,0.0
2026-09-01,C,29650.0,0.0013,22.0
2026-09-01,P,29650.0,0.0013,35.0
2026-09-01,C,29660.0,0.0012,7.0
2026-09-01,P,29660.0,0.0012,0.0
2026-09-01,C,29670.0,0.0012,15.0
2026-09-01,P,29670.0,0.0012,0.0
2026-09-01,C,29675.0,0.0011,8.0
2026-09-01,P,29675.0,0.0011,0.0
2026-09-01,C,29680.0,0.0011,16.0
2026-09-01,P,29680.0,0.0011,3.0
2026-09-01,C,29690.0,0.001,256.0
2026-09-01,P,29690.0,0.001,0.0
2026-09-01,C,29700.0,0.001,62.0
2026-09-01,P,29700.0,0.001,16.0
2026-09-01,C,29710.0,0.0009,13.0
2026-09-01,P,29710.0,0.0009,3.0
2026-09-01,C,29720.0,0.0009,13.0
2026-09-01,P,29720.0,0.0009,0.0
2026-09-01,C,29725.0,0.0008,12.0
2026-09-01,P,29725.0,0.0008,0.0
2026-09-01,C,29730.0,0.0008,12.0
2026-09-01,P,29730.0,0.0008,0.0
2026-09-01,C,29740.0,0.0007,30.0
2026-09-01,P,29740.0,0.0007,0.0
2026-09-01,C,29750.0,0.0007,29.0
2026-09-01,P,29750.0,0.0007,0.0
2026-09-01,C,29760.0,0.0006,13.0
2026-09-01,P,29760.0,0.0006,0.0
2026-09-01,C,29770.0,0.0006,8.0
2026-09-01,P,29770.0,0.0006,5.0
2026-09-01,C,29775.0,0.0006,23.0
2026-09-01,P,29775.0,0.0006,2.0
2026-09-01,C,29780.0,0.0005,4.0
2026-09-01,P,29780.0,0.0005,2.0
2026-09-01,C,29790.0,0.0005,8.0
2026-09-01,P,29790.0,0.0005,0.0
2026-09-01,C,29800.0,0.0004,33.0
2026-09-01,P,29800.0,0.0004,2.0
2026-09-01,C,29810.0,0.0004,13.0
2026-09-01,P,29810.0,0.0004,0.0
2026-09-01,C,29820.0,0.0004,3.0
2026-09-01,P,29820.0,0.0004,0.0
2026-09-01,C,29825.0,0.0004,25.0
2026-09-01,P,29825.0,0.0004,0.0
2026-09-01,C,29830.0,0.0003,4.0
2026-09-01,P,29830.0,0.0003,0.0
2026-09-01,C,29840.0,0.0003,146.0
2026-09-01,P,29840.0,0.0003,0.0
2026-09-01,C,29850.0,0.0003,46.0
2026-09-01,P,29850.0,0.0003,2.0
2026-09-01,C,29860.0,0.0003,76.0
2026-09-01,P,29860.0,0.0003,0.0
2026-09-01,C,29870.0,0.0002,18.0
2026-09-01,P,29870.0,0.0002,0.0
2026-09-01,C,29875.0,0.0002,11.0
2026-09-01,P,29875.0,0.0002,0.0
2026-09-01,C,29880.0,0.0002,4.0
2026-09-01,P,29880.0,0.0002,0.0
2026-09-01,C,29890.0,0.0002,4.0
2026-09-01,P,29890.0,0.0002,0.0
2026-09-01,C,29900.0,0.0002,89.0
2026-09-01,P,29900.0,0.0002,6.0
2026-09-01,C,29910.0,0.0002,5.0
2026-09-01,P,29910.0,0.0002,0.0
2026-09-01,C,29920.0,0.0002,2.0
2026-09-01,P,29920.0,0.0002,0.0
2026-09-01,C,29925.0,0.0002,3.0
2026-09-01,P,29925.0,0.0002,1.0
2026-09-01,C,29930.0,0.0002,2.0
2026-09-01,P,29930.0,0.0002,6.0
2026-09-01,C,29940.0,0.0001,2.0
2026-09-01,P,29940.0,0.0001,0.0
2026-09-01,C,29950.0,0.0001,18.0
2026-09-01,P,29950.0,0.0001,4.0
2026-09-01,C,29960.0,0.0001,63.0
2026-09-01,P,29960.0,0.0001,2.0
2026-09-01,C,29970.0,0.0001,6.0
2026-09-01,P,29970.0,0.0001,0.0
2026-09-01,C,29975.0,0.0001,7.0
2026-09-01,P,29975.0,0.0001,2.0
2026-09-01,C,29980.0,0.0001,12.0
2026-09-01,P,29980.0,0.0001,0.0
2026-09-01,C,29990.0,0.0001,11.0
2026-09-01,P,29990.0,0.0001,0.0
2026-09-01,C,30000.0,0.0001,101.0
2026-09-01,P,30000.0,0.0001,5.0
2026-09-01,C,30010.0,0.0001,8.0
2026-09-01,P,30010.0,0.0001,4.0
2026-09-01,C,30020.0,0.0001,7.0
2026-09-01,P,30020.0,0.0001,4.0
2026-09-01,C,30025.0,0.0001,6.0
2026-09-01,P,30025.0,0.0001,0.0
2026-09-01,C,30030.0,0.0001,2.0
2026-09-01,P,30030.0,0.0001,2.0
2026-09-01,C,30040.0,0.0001,3.0
2026-09-01,P,30040.0,0.0001,0.0
2026-09-01,C,30050.0,0.0001,30.0
2026-09-01,P,30050.0,0.0001,1.0
2026-09-01,C,30060.0,0.0001,4.0
2026-09-01,P,30060.0,0.0001,2.0
2026-09-01,C,30070.0,0.0001,2.0
2026-09-01,P,30070.0,0.0001,0.0
2026-09-01,C,30075.0,0.0001,12.0
2026-09-01,P,30075.0,0.0001,1.0
2026-09-01,C,30080.0,0.0001,2.0
2026-09-01,P,30080.0,0.0001,0.0
2026-09-01,C,30090.0,0.0001,3.0
2026-09-01,P,30090.0,0.0001,0.0
2026-09-01,C,30100.0,0.0001,20.0
2026-09-01,P,30100.0,0.0001,2.0
2026-09-01,C,30110.0,0.0001,1.0
2026-09-01,P,30110.0,0.0001,0.0
2026-09-01,C,30120.0,0.0001,1.0
2026-09-01,P,30120.0,0.0001,0.0
2026-09-01,C,30125.0,0.0001,8.0
2026-09-01,P,30125.0,0.0001,0.0
2026-09-01,C,30130.0,0.0001,1.0
2026-09-01,P,30130.0,0.0001,0.0
2026-09-01,C,30140.0,0.0001,1.0
2026-09-01,P,30140.0,0.0001,0.0
2026-09-01,C,30150.0,0.0001,8.0
2026-09-01,P,30150.0,0.0001,0.0
2026-09-01,C,30160.0,0.0,0.0
2026-09-01,P,30160.0,0.0,0.0
2026-09-01,C,30170.0,0.0,0.0
2026-09-01,P,30170.0,0.0,0.0
2026-09-01,C,30175.0,0.0,7.0
2026-09-01,P,30175.0,0.0,0.0
2026-09-01,C,30180.0,0.0,5.0
2026-09-01,P,30180.0,0.0,0.0
2026-09-01,C,30190.0,0.0,0.0
2026-09-01,P,30190.0,0.0,0.0
2026-09-01,C,30200.0,0.0,12.0
2026-09-01,P,30200.0,0.0,0.0
2026-09-01,C,30210.0,0.0,0.0
2026-09-01,P,30210.0,0.0,0.0
2026-09-01,C,30220.0,0.0,0.0
2026-09-01,P,30220.0,0.0,0.0
2026-09-01,C,30225.0,0.0,7.0
2026-09-01,P,30225.0,0.0,0.0
2026-09-01,C,30230.0,0.0,0.0
2026-09-01,P,30230.0,0.0,0.0
2026-09-01,C,30240.0,0.0,0.0
2026-09-01,P,30240.0,0.0,0.0
2026-09-01,C,30250.0,0.0,8.0
2026-09-01,P,30250.0,0.0,1.0
2026-09-01,C,30260.0,0.0,1.0
2026-09-01,P,30260.0,0.0,0.0
2026-09-01,C,30270.0,0.0,0.0
2026-09-01,P,30270.0,0.0,0.0
2026-09-01,C,30275.0,0.0,14.0
2026-09-01,P,30275.0,0.0,0.0
2026-09-01,C,30280.0,0.0,0.0
2026-09-01,P,30280.0,0.0,0.0
2026-09-01,C,30290.0,0.0,0.0
2026-09-01,P,30290.0,0.0,0.0
2026-09-01,C,30300.0,0.0,27.0
2026-09-01,P,30300.0,0.0,0.0
2026-09-01,C,30310.0,0.0,0.0
2026-09-01,P,30310.0,0.0,0.0
2026-09-01,C,30320.0,0.0,0.0
2026-09-01,P,30320.0,0.0,0.0
2026-09-01,C,30325.0,0.0,34.0
2026-09-01,P,30325.0,0.0,2.0
2026-09-01,C,30330.0,0.0,0.0
2026-09-01,P,30330.0,0.0,0.0
2026-09-01,C,30340.0,0.0,0.0
2026-09-01,P,30340.0,0.0,0.0
2026-09-01,C,30350.0,0.0,39.0
2026-09-01,P,30350.0,0.0,0.0
2026-09-01,C,30360.0,0.0,0.0
2026-09-01,P,30360.0,0.0,0.0
2026-09-01,C,30370.0,0.0,0.0
2026-09-01,P,30370.0,0.0,0.0
2026-09-01,C,30375.0,0.0,18.0
2026-09-01,P,30375.0,0.0,0.0
2026-09-01,C,30380.0,0.0,0.0
2026-09-01,P,30380.0,0.0,0.0
2026-09-01,C,30390.0,0.0,0.0
2026-09-01,P,30390.0,0.0,0.0
2026-09-01,C,30400.0,0.0,27.0
2026-09-01,P,30400.0,0.0,0.0
2026-09-01,C,30425.0,0.0,16.0
2026-09-01,P,30425.0,0.0,3.0
2026-09-01,C,30450.0,0.0,9.0
2026-09-01,P,30450.0,0.0,0.0
2026-09-01,C,30475.0,0.0,5.0
2026-09-01,P,30475.0,0.0,0.0
2026-09-01,C,30500.0,0.0,7.0
2026-09-01,P,30500.0,0.0,0.0
2026-09-01,C,30525.0,0.0,1.0
2026-09-01,P,30525.0,0.0,0.0
2026-09-01,C,30550.0,0.0,5.0
2026-09-01,P,30550.0,0.0,0.0
2026-09-01,C,30575.0,0.0,6.0
2026-09-01,P,30575.0,0.0,0.0
2026-09-01,C,30600.0,0.0,150.0
2026-09-01,P,30600.0,0.0,0.0
2026-09-01,C,30625.0,0.0,1.0
2026-09-01,P,30625.0,0.0,0.0
2026-09-01,C,30650.0,0.0,18.0
2026-09-01,P,30650.0,0.0,0.0
2026-09-01,C,30675.0,0.0,1.0
2026-09-01,P,30675.0,0.0,0.0
2026-09-01,C,30700.0,0.0,2.0
2026-09-01,P,30700.0,0.0,0.0
2026-09-01,C,30725.0,0.0,2.0
2026-09-01,P,30725.0,0.0,0.0
2026-09-01,C,30750.0,0.0,14.0
2026-09-01,P,30750.0,0.0,0.0
2026-09-01,C,30775.0,0.0,3.0
2026-09-01,P,30775.0,0.0,0.0
2026-09-01,C,30800.0,0.0,8.0
2026-09-01,P,30800.0,0.0,0.0
2026-09-01,C,30825.0,0.0,4.0
2026-09-01,P,30825.0,0.0,0.0
2026-09-01,C,30850.0,0.0,4.0
2026-09-01,P,30850.0,0.0,0.0
2026-09-01,C,30875.0,0.0,1.0
2026-09-01,P,30875.0,0.0,0.0
2026-09-01,C,30900.0,0.0,1.0
2026-09-01,P,30900.0,0.0,0.0
2026-09-01,C,30925.0,0.0,3.0
2026-09-01,P,30925.0,0.0,0.0
2026-09-01,C,30950.0,0.0,0.0
2026-09-01,P,30950.0,0.0,0.0
2026-09-01,C,30975.0,0.0,0.0
2026-09-01,P,30975.0,0.0,0.0
2026-09-01,C,31000.0,0.0,8.0
2026-09-01,P,31000.0,0.0,0.0
2026-09-01,C,31025.0,0.0,0.0
2026-09-01,P,31025.0,0.0,0.0
2026-09-01,C,31050.0,0.0,10.0
2026-09-01,P,31050.0,0.0,0.0
2026-09-01,C,31075.0,0.0,0.0
2026-09-01,P,31075.0,0.0,6.0
2026-09-01,C,31100.0,0.0,0.0
2026-09-01,P,31100.0,0.0,3.0
2026-09-01,C,31125.0,0.0,8.0
2026-09-01,P,31125.0,0.0,0.0
2026-09-01,C,31150.0,0.0,1.0
2026-09-01,P,31150.0,0.0,0.0
2026-09-01,C,31175.0,0.0,8.0
2026-09-01,P,31175.0,0.0,0.0
2026-09-01,C,31200.0,0.0,1.0
2026-09-01,P,31200.0,0.0,0.0
2026-09-01,C,31225.0,0.0,0.0
2026-09-01,P,31225.0,0.0,0.0
2026-09-01,C,31250.0,0.0,3.0
2026-09-01,P,31250.0,0.0,0.0
2026-09-01,C,31275.0,0.0,0.0
2026-09-01,P,31275.0,0.0,0.0
2026-09-01,C,31300.0,0.0,0.0
2026-09-01,P,31300.0,0.0,0.0
2026-09-01,C,31325.0,0.0,2.0
2026-09-01,P,31325.0,0.0,0.0
2026-09-01,C,31350.0,0.0,1.0
2026-09-01,P,31350.0,0.0,0.0
2026-09-01,C,31400.0,0.0,1.0
2026-09-01,P,31400.0,0.0,0.0
2026-09-01,C,31450.0,0.0,0.0
2026-09-01,P,31450.0,0.0,0.0
2026-09-01,C,31500.0,0.0,1.0
2026-09-01,P,31500.0,0.0,0.0
2026-09-01,C,31550.0,0.0,0.0
2026-09-01,P,31550.0,0.0,0.0
2026-09-01,C,31600.0,0.0,1.0
2026-09-01,P,31600.0,0.0,0.0
2026-09-01,C,31650.0,0.0,0.0
2026-09-01,P,31650.0,0.0,0.0
2026-09-01,C,31700.0,0.0,4.0
2026-09-01,P,31700.0,0.0,3.0
2026-09-01,C,31800.0,0.0,2.0
2026-09-01,P,31800.0,0.0,0.0
2026-09-01,C,31900.0,0.0,0.0
2026-09-01,P,31900.0,0.0,0.0
2026-09-01,C,32000.0,0.0,13.0
2026-09-01,P,32000.0,0.0,0.0
2026-09-01,C,32100.0,0.0,0.0
2026-09-01,P,32100.0,0.0,0.0
2026-09-01,C,32200.0,0.0,6.0
2026-09-01,P,32200.0,0.0,0.0
2026-09-01,C,32300.0,0.0,0.0
2026-09-01,P,32300.0,0.0,0.0
2026-09-01,C,32400.0,0.0,2.0
2026-09-01,P,32400.0,0.0,0.0
2026-09-01,C,32500.0,0.0,6.0
2026-09-01,P,32500.0,0.0,0.0
2026-09-01,C,32600.0,0.0,2.0
2026-09-01,P,32600.0,0.0,0.0
2026-09-01,C,32800.0,0.0,1.0
2026-09-01,P,32800.0,0.0,0.0
2026-09-01,C,33000.0,0.0,4.0
2026-09-01,P,33000.0,0.0,0.0
2026-09-01,C,33500.0,0.0,48.0
2026-09-01,P,33500.0,0.0,0.0
2026-09-01,C,34000.0,0.0,6.0
2026-09-01,P,34000.0,0.0,0.0
2026-09-01,C,34500.0,0.0,20.0
2026-09-01,P,34500.0,0.0,0.0
2026-09-01,C,35000.0,0.0,0.0
2026-09-01,P,35000.0,0.0,0.0
2026-09-01,C,35500.0,0.0,0.0
2026-09-01,P,35500.0,0.0,0.0
2026-09-01,C,36000.0,0.0,0.0
2026-09-01,P,36000.0,0.0,0.0
2026-09-01,C,36500.0,0.0,0.0
2026-09-01,P,36500.0,0.0,0.0
2026-09-01,C,37000.0,0.0,0.0
2026-09-01,P,37000.0,0.0,0.0
2026-09-01,C,37500.0,0.0,0.0
2026-09-01,P,37500.0,0.0,0.0
2026-09-01,C,38000.0,0.0,0.0
2026-09-01,P,38000.0,0.0,0.0
2026-09-01,C,39000.0,0.0,1.0
2026-09-01,P,39000.0,0.0,0.0
2026-09-02,C,14000.0,0.0,0.0
2026-09-02,P,14000.0,0.0,0.0
2026-09-02,C,15000.0,0.0,0.0
2026-09-02,P,15000.0,0.0,0.0
2026-09-02,C,16000.0,0.0,0.0
2026-09-02,P,16000.0,0.0,0.0
2026-09-02,C,17000.0,0.0,0.0
2026-09-02,P,17000.0,0.0,2.0
2026-09-02,C,18000.0,0.0,0.0
2026-09-02,P,18000.0,0.0,0.0
2026-09-02,C,19000.0,0.0,0.0
2026-09-02,P,19000.0,0.0,2.0
2026-09-02,C,20000.0,0.0,0.0
2026-09-02,P,20000.0,0.0,3.0
2026-09-02,C,21000.0,0.0,0.0
2026-09-02,P,21000.0,0.0,6.0
2026-09-02,C,21500.0,0.0,0.0
2026-09-02,P,21500.0,0.0,2.0
2026-09-02,C,22000.0,0.0,0.0
2026-09-02,P,22000.0,0.0,5.0
2026-09-02,C,22500.0,0.0,0.0
2026-09-02,P,22500.0,0.0,3.0
2026-09-02,C,23000.0,0.0,0.0
2026-09-02,P,23000.0,0.0,3.0
2026-09-02,C,23500.0,0.0,0.0
2026-09-02,P,23500.0,0.0,2.0
2026-09-02,C,23600.0,0.0,0.0
2026-09-02,P,23600.0,0.0,2.0
2026-09-02,C,23800.0,0.0,0.0
2026-09-02,P,23800.0,0.0,3.0
2026-09-02,C,24000.0,0.0,0.0
2026-09-02,P,24000.0,0.0,22.0
2026-09-02,C,24200.0,0.0,0.0
2026-09-02,P,24200.0,0.0,2.0
2026-09-02,C,24400.0,0.0,0.0
2026-09-02,P,24400.0,0.0,2.0
2026-09-02,C,24500.0,0.0,0.0
2026-09-02,P,24500.0,0.0,3.0
2026-09-02,C,24600.0,0.0,0.0
2026-09-02,P,24600.0,0.0,27.0
2026-09-02,C,24800.0,0.0,0.0
2026-09-02,P,24800.0,0.0,6.0
2026-09-02,C,25000.0,0.0,0.0
2026-09-02,P,25000.0,0.0,5.0
2026-09-02,C,25200.0,0.0,0.0
2026-09-02,P,25200.0,0.0,0.0
2026-09-02,C,25400.0,0.0,0.0
2026-09-02,P,25400.0,0.0,2.0
2026-09-02,C,25500.0,0.0,0.0
2026-09-02,P,25500.0,0.0,1.0
2026-09-02,C,25600.0,0.0,0.0
2026-09-02,P,25600.0,0.0,0.0
2026-09-02,C,25800.0,0.0,0.0
2026-09-02,P,25800.0,0.0,80.0
2026-09-02,C,26000.0,0.0,0.0
2026-09-02,P,26000.0,0.0,17.0
2026-09-02,C,26200.0,0.0,0.0
2026-09-02,P,26200.0,0.0,0.0
2026-09-02,C,26300.0,0.0,0.0
2026-09-02,P,26300.0,0.0,61.0
2026-09-02,C,26400.0,0.0,0.0
2026-09-02,P,26400.0,0.0,14.0
2026-09-02,C,26500.0,0.0,0.0
2026-09-02,P,26500.0,0.0,39.0
2026-09-02,C,26600.0,0.0,0.0
2026-09-02,P,26600.0,0.0,1.0
2026-09-02,C,26700.0,0.0,0.0
2026-09-02,P,26700.0,0.0,3.0
2026-09-02,C,26800.0,0.0,0.0
2026-09-02,P,26800.0,0.0,2.0
2026-09-02,C,26850.0,0.0,0.0
2026-09-02,P,26850.0,0.0,3.0
2026-09-02,C,26900.0,0.0,0.0
2026-09-02,P,26900.0,0.0,70.0
2026-09-02,C,26950.0,0.0,0.0
2026-09-02,P,26950.0,0.0,2.0
2026-09-02,C,27000.0,0.0,0.0
2026-09-02,P,27000.0,0.0,14.0
2026-09-02,C,27050.0,0.0,0.0
2026-09-02,P,27050.0,0.0,0.0
2026-09-02,C,27100.0,0.0,0.0
2026-09-02,P,27100.0,0.0,10.0
2026-09-02,C,27150.0,0.0,0.0
2026-09-02,P,27150.0,0.0,4.0
2026-09-02,C,27200.0,0.0,0.0
2026-09-02,P,27200.0,0.0,5.0
2026-09-02,C,27250.0,0.0,0.0
2026-09-02,P,27250.0,0.0,3.0
2026-09-02,C,27300.0,0.0,1.0
2026-09-02,P,27300.0,0.0,8.0
2026-09-02,C,27350.0,0.0,0.0
2026-09-02,P,27350.0,0.0,12.0
2026-09-02,C,27400.0,0.0,0.0
2026-09-02,P,27400.0,0.0,7.0
2026-09-02,C,27450.0,0.0,0.0
2026-09-02,P,27450.0,0.0,13.0
2026-09-02,C,27500.0,0.0,1.0
2026-09-02,P,27500.0,0.0,24.0
2026-09-02,C,27550.0,0.0,0.0
2026-09-02,P,27550.0,0.0,30.0
2026-09-02,C,27600.0,0.0,0.0
2026-09-02,P,27600.0,0.0,32.0
2026-09-02,C,27650.0,0.0,1.0
2026-09-02,P,27650.0,0.0,6.0
2026-09-02,C,27700.0,0.0,0.0
2026-09-02,P,27700.0,0.0,11.0
2026-09-02,C,27750.0,0.0,0.0
2026-09-02,P,27750.0,0.0,36.0
2026-09-02,C,27775.0,0.0,0.0
2026-09-02,P,27775.0,0.0,0.0
2026-09-02,C,27800.0,0.0,0.0
2026-09-02,P,27800.0,0.0,14.0
2026-09-02,C,27825.0,0.0,0.0
2026-09-02,P,27825.0,0.0,0.0
2026-09-02,C,27850.0,0.0,0.0
2026-09-02,P,27850.0,0.0,69.0
2026-09-02,C,27875.0,0.0,0.0
2026-09-02,P,27875.0,0.0,0.0
2026-09-02,C,27900.0,0.0,0.0
2026-09-02,P,27900.0,0.0,28.0
2026-09-02,C,27925.0,0.0,1.0
2026-09-02,P,27925.0,0.0,0.0
2026-09-02,C,27950.0,0.0,0.0
2026-09-02,P,27950.0,0.0,20.0
2026-09-02,C,27975.0,0.0,0.0
2026-09-02,P,27975.0,0.0,9.0
2026-09-02,C,28000.0,0.0,0.0
2026-09-02,P,28000.0,0.0,16.0
2026-09-02,C,28025.0,0.0,0.0
2026-09-02,P,28025.0,0.0,12.0
2026-09-02,C,28050.0,0.0,1.0
2026-09-02,P,28050.0,0.0,10.0
2026-09-02,C,28075.0,0.0,0.0
2026-09-02,P,28075.0,0.0,44.0
2026-09-02,C,28100.0,0.0,0.0
2026-09-02,P,28100.0,0.0,175.0
2026-09-02,C,28125.0,0.0,0.0
2026-09-02,P,28125.0,0.0,0.0
2026-09-02,C,28150.0,0.0,0.0
2026-09-02,P,28150.0,0.0,1.0
2026-09-02,C,28175.0,0.0,0.0
2026-09-02,P,28175.0,0.0,0.0
2026-09-02,C,28200.0,0.0,0.0
2026-09-02,P,28200.0,0.0,20.0
2026-09-02,C,28225.0,0.0001,0.0
2026-09-02,P,28225.0,0.0001,15.0
2026-09-02,C,28250.0,0.0001,0.0
2026-09-02,P,28250.0,0.0001,10.0
2026-09-02,C,28275.0,0.0001,0.0
2026-09-02,P,28275.0,0.0001,6.0
2026-09-02,C,28300.0,0.0001,21.0
2026-09-02,P,28300.0,0.0001,63.0
2026-09-02,C,28325.0,0.0001,0.0
2026-09-02,P,28325.0,0.0001,8.0
2026-09-02,C,28350.0,0.0001,0.0
2026-09-02,P,28350.0,0.0001,6.0
2026-09-02,C,28360.0,0.0001,0.0
2026-09-02,P,28360.0,0.0001,15.0
2026-09-02,C,28370.0,0.0001,0.0
2026-09-02,P,28370.0,0.0001,1.0
2026-09-02,C,28375.0,0.0001,0.0
2026-09-02,P,28375.0,0.0001,5.0
2026-09-02,C,28380.0,0.0001,0.0
2026-09-02,P,28380.0,0.0001,0.0
2026-09-02,C,28390.0,0.0001,0.0
2026-09-02,P,28390.0,0.0001,0.0
2026-09-02,C,28400.0,0.0001,98.0
2026-09-02,P,28400.0,0.0001,4.0
2026-09-02,C,28410.0,0.0001,0.0
2026-09-02,P,28410.0,0.0001,0.0
2026-09-02,C,28420.0,0.0001,0.0
2026-09-02,P,28420.0,0.0001,0.0
2026-09-02,C,28425.0,0.0001,0.0
2026-09-02,P,28425.0,0.0001,11.0
2026-09-02,C,28430.0,0.0001,0.0
2026-09-02,P,28430.0,0.0001,2.0
2026-09-02,C,28440.0,0.0001,0.0
2026-09-02,P,28440.0,0.0001,0.0
2026-09-02,C,28450.0,0.0001,0.0
2026-09-02,P,28450.0,0.0001,4.0
2026-09-02,C,28460.0,0.0001,0.0
2026-09-02,P,28460.0,0.0001,0.0
2026-09-02,C,28470.0,0.0001,0.0
2026-09-02,P,28470.0,0.0001,0.0
2026-09-02,C,28475.0,0.0001,0.0
2026-09-02,P,28475.0,0.0001,0.0
2026-09-02,C,28480.0,0.0001,0.0
2026-09-02,P,28480.0,0.0001,1.0
2026-09-02,C,28490.0,0.0001,0.0
2026-09-02,P,28490.0,0.0001,0.0
2026-09-02,C,28500.0,0.0001,0.0
2026-09-02,P,28500.0,0.0001,6.0
2026-09-02,C,28510.0,0.0001,0.0
2026-09-02,P,28510.0,0.0001,0.0
2026-09-02,C,28520.0,0.0001,0.0
2026-09-02,P,28520.0,0.0001,0.0
2026-09-02,C,28525.0,0.0001,0.0
2026-09-02,P,28525.0,0.0001,0.0
2026-09-02,C,28530.0,0.0001,0.0
2026-09-02,P,28530.0,0.0001,0.0
2026-09-02,C,28540.0,0.0001,0.0
2026-09-02,P,28540.0,0.0001,0.0
2026-09-02,C,28550.0,0.0001,0.0
2026-09-02,P,28550.0,0.0001,0.0
2026-09-02,C,28560.0,0.0001,0.0
2026-09-02,P,28560.0,0.0001,1.0
2026-09-02,C,28570.0,0.0001,0.0
2026-09-02,P,28570.0,0.0001,0.0
2026-09-02,C,28575.0,0.0001,0.0
2026-09-02,P,28575.0,0.0001,3.0
2026-09-02,C,28580.0,0.0001,0.0
2026-09-02,P,28580.0,0.0001,1.0
2026-09-02,C,28590.0,0.0001,0.0
2026-09-02,P,28590.0,0.0001,0.0
2026-09-02,C,28600.0,0.0001,15.0
2026-09-02,P,28600.0,0.0001,7.0
2026-09-02,C,28610.0,0.0001,0.0
2026-09-02,P,28610.0,0.0001,0.0
2026-09-02,C,28620.0,0.0001,0.0
2026-09-02,P,28620.0,0.0001,0.0
2026-09-02,C,28625.0,0.0001,0.0
2026-09-02,P,28625.0,0.0001,1.0
2026-09-02,C,28630.0,0.0002,0.0
2026-09-02,P,28630.0,0.0002,0.0
2026-09-02,C,28640.0,0.0002,0.0
2026-09-02,P,28640.0,0.0002,0.0
2026-09-02,C,28650.0,0.0002,0.0
2026-09-02,P,28650.0,0.0002,10.0
2026-09-02,C,28660.0,0.0002,0.0
2026-09-02,P,28660.0,0.0002,1.0
2026-09-02,C,28670.0,0.0002,0.0
2026-09-02,P,28670.0,0.0002,0.0
2026-09-02,C,28675.0,0.0002,0.0
2026-09-02,P,28675.0,0.0002,5.0
2026-09-02,C,28680.0,0.0002,0.0
2026-09-02,P,28680.0,0.0002,0.0
2026-09-02,C,28690.0,0.0002,0.0
2026-09-02,P,28690.0,0.0002,0.0
2026-09-02,C,28700.0,0.0002,15.0
2026-09-02,P,28700.0,0.0002,55.0
2026-09-02,C,28710.0,0.0002,0.0
2026-09-02,P,28710.0,0.0002,0.0
2026-09-02,C,28720.0,0.0002,0.0
2026-09-02,P,28720.0,0.0002,0.0
2026-09-02,C,28725.0,0.0002,0.0
2026-09-02,P,28725.0,0.0002,2.0
2026-09-02,C,28730.0,0.0002,0.0
2026-09-02,P,28730.0,0.0002,0.0
2026-09-02,C,28740.0,0.0002,0.0
2026-09-02,P,28740.0,0.0002,0.0
2026-09-02,C,28750.0,0.0002,0.0
2026-09-02,P,28750.0,0.0002,3.0
2026-09-02,C,28760.0,0.0002,0.0
2026-09-02,P,28760.0,0.0002,0.0
2026-09-02,C,28770.0,0.0002,0.0
2026-09-02,P,28770.0,0.0002,0.0
2026-09-02,C,28775.0,0.0002,0.0
2026-09-02,P,28775.0,0.0002,0.0
2026-09-02,C,28780.0,0.0002,0.0
2026-09-02,P,28780.0,0.0002,0.0
2026-09-02,C,28790.0,0.0002,0.0
2026-09-02,P,28790.0,0.0002,4.0
2026-09-02,C,28800.0,0.0003,0.0
2026-09-02,P,28800.0,0.0003,8.0
2026-09-02,C,28810.0,0.0003,0.0
2026-09-02,P,28810.0,0.0003,0.0
2026-09-02,C,28820.0,0.0003,0.0
2026-09-02,P,28820.0,0.0003,0.0
2026-09-02,C,28825.0,0.0003,0.0
2026-09-02,P,28825.0,0.0003,3.0
2026-09-02,C,28830.0,0.0003,0.0
2026-09-02,P,28830.0,0.0003,1.0
2026-09-02,C,28840.0,0.0003,0.0
2026-09-02,P,28840.0,0.0003,0.0
2026-09-02,C,28850.0,0.0003,0.0
2026-09-02,P,28850.0,0.0003,1.0
2026-09-02,C,28860.0,0.0003,0.0
2026-09-02,P,28860.0,0.0003,0.0
2026-09-02,C,28870.0,0.0003,0.0
2026-09-02,P,28870.0,0.0003,1.0
2026-09-02,C,28875.0,0.0003,0.0
2026-09-02,P,28875.0,0.0003,2.0
2026-09-02,C,28880.0,0.0003,0.0
2026-09-02,P,28880.0,0.0003,0.0
2026-09-02,C,28890.0,0.0004,0.0
2026-09-02,P,28890.0,0.0004,1.0
2026-09-02,C,28900.0,0.0004,0.0
2026-09-02,P,28900.0,0.0004,5.0
2026-09-02,C,28910.0,0.0004,0.0
2026-09-02,P,28910.0,0.0004,1.0
2026-09-02,C,28920.0,0.0004,0.0
2026-09-02,P,28920.0,0.0004,0.0
2026-09-02,C,28925.0,0.0004,0.0
2026-09-02,P,28925.0,0.0004,11.0
2026-09-02,C,28930.0,0.0004,0.0
2026-09-02,P,28930.0,0.0004,2.0
2026-09-02,C,28940.0,0.0004,0.0
2026-09-02,P,28940.0,0.0004,0.0
2026-09-02,C,28950.0,0.0004,0.0
2026-09-02,P,28950.0,0.0004,1.0
2026-09-02,C,28960.0,0.0004,0.0
2026-09-02,P,28960.0,0.0004,0.0
2026-09-02,C,28970.0,0.0004,0.0
2026-09-02,P,28970.0,0.0004,0.0
2026-09-02,C,28975.0,0.0004,1.0
2026-09-02,P,28975.0,0.0004,7.0
2026-09-02,C,28980.0,0.0005,0.0
2026-09-02,P,28980.0,0.0005,5.0
2026-09-02,C,28990.0,0.0005,0.0
2026-09-02,P,28990.0,0.0005,3.0
2026-09-02,C,29000.0,0.0005,18.0
2026-09-02,P,29000.0,0.0005,11.0
2026-09-02,C,29010.0,0.0005,0.0
2026-09-02,P,29010.0,0.0005,0.0
2026-09-02,C,29020.0,0.0005,0.0
2026-09-02,P,29020.0,0.0005,2.0
2026-09-02,C,29025.0,0.0005,1.0
2026-09-02,P,29025.0,0.0005,7.0
2026-09-02,C,29030.0,0.0005,0.0
2026-09-02,P,29030.0,0.0005,2.0
2026-09-02,C,29040.0,0.0006,0.0
2026-09-02,P,29040.0,0.0006,2.0
2026-09-02,C,29050.0,0.0006,0.0
2026-09-02,P,29050.0,0.0006,21.0
2026-09-02,C,29060.0,0.0006,0.0
2026-09-02,P,29060.0,0.0006,2.0
2026-09-02,C,29070.0,0.0006,0.0
2026-09-02,P,29070.0,0.0006,2.0
2026-09-02,C,29075.0,0.0006,0.0
2026-09-02,P,29075.0,0.0006,9.0
2026-09-02,C,29080.0,0.0006,0.0
2026-09-02,P,29080.0,0.0006,0.0
2026-09-02,C,29090.0,0.0006,0.0
2026-09-02,P,29090.0,0.0006,1.0
2026-09-02,C,29100.0,0.0006,0.0
2026-09-02,P,29100.0,0.0006,12.0
2026-09-02,C,29110.0,0.0007,0.0
2026-09-02,P,29110.0,0.0007,0.0
2026-09-02,C,29120.0,0.0007,0.0
2026-09-02,P,29120.0,0.0007,0.0
2026-09-02,C,29125.0,0.0007,0.0
2026-09-02,P,29125.0,0.0007,0.0
2026-09-02,C,29130.0,0.0007,0.0
2026-09-02,P,29130.0,0.0007,0.0
2026-09-02,C,29140.0,0.0007,0.0
2026-09-02,P,29140.0,0.0007,4.0
2026-09-02,C,29150.0,0.0008,2.0
2026-09-02,P,29150.0,0.0008,3.0
2026-09-02,C,29160.0,0.0008,2.0
2026-09-02,P,29160.0,0.0008,4.0
2026-09-02,C,29170.0,0.0008,0.0
2026-09-02,P,29170.0,0.0008,1.0
2026-09-02,C,29175.0,0.0008,2.0
2026-09-02,P,29175.0,0.0008,5.0
2026-09-02,C,29180.0,0.0008,0.0
2026-09-02,P,29180.0,0.0008,1.0
2026-09-02,C,29190.0,0.0008,0.0
2026-09-02,P,29190.0,0.0008,1.0
2026-09-02,C,29200.0,0.0008,14.0
2026-09-02,P,29200.0,0.0008,4.0
2026-09-02,C,29210.0,0.0009,0.0
2026-09-02,P,29210.0,0.0009,0.0
2026-09-02,C,29220.0,0.0009,0.0
2026-09-02,P,29220.0,0.0009,3.0
2026-09-02,C,29225.0,0.0009,1.0
2026-09-02,P,29225.0,0.0009,3.0
2026-09-02,C,29230.0,0.0009,0.0
2026-09-02,P,29230.0,0.0009,0.0
2026-09-02,C,29240.0,0.0009,0.0
2026-09-02,P,29240.0,0.0009,4.0
2026-09-02,C,29250.0,0.001,1.0
2026-09-02,P,29250.0,0.001,6.0
2026-09-02,C,29260.0,0.001,0.0
2026-09-02,P,29260.0,0.001,0.0
2026-09-02,C,29270.0,0.001,0.0
2026-09-02,P,29270.0,0.001,1.0
2026-09-02,C,29275.0,0.001,3.0
2026-09-02,P,29275.0,0.001,10.0
2026-09-02,C,29280.0,0.001,0.0
2026-09-02,P,29280.0,0.001,5.0
2026-09-02,C,29290.0,0.001,0.0
2026-09-02,P,29290.0,0.001,0.0
2026-09-02,C,29300.0,0.001,2.0
2026-09-02,P,29300.0,0.001,7.0
2026-09-02,C,29310.0,0.0011,0.0
2026-09-02,P,29310.0,0.0011,1.0
2026-09-02,C,29320.0,0.0011,0.0
2026-09-02,P,29320.0,0.0011,1.0
2026-09-02,C,29325.0,0.0011,10.0
2026-09-02,P,29325.0,0.0011,2.0
2026-09-02,C,29330.0,0.0011,0.0
2026-09-02,P,29330.0,0.0011,4.0
2026-09-02,C,29340.0,0.0011,0.0
2026-09-02,P,29340.0,0.0011,0.0
2026-09-02,C,29350.0,0.0011,4.0
2026-09-02,P,29350.0,0.0011,19.0
2026-09-02,C,29360.0,0.0012,1.0
2026-09-02,P,29360.0,0.0012,6.0
2026-09-02,C,29370.0,0.0012,0.0
2026-09-02,P,29370.0,0.0012,5.0
2026-09-02,C,29375.0,0.0012,30.0
2026-09-02,P,29375.0,0.0012,6.0
2026-09-02,C,29380.0,0.0012,2.0
2026-09-02,P,29380.0,0.0012,3.0
2026-09-02,C,29390.0,0.0012,2.0
2026-09-02,P,29390.0,0.0012,4.0
2026-09-02,C,29400.0,0.0012,2.0
2026-09-02,P,29400.0,0.0012,14.0
2026-09-02,C,29410.0,0.0012,2.0
2026-09-02,P,29410.0,0.0012,2.0
2026-09-02,C,29420.0,0.0012,1.0
2026-09-02,P,29420.0,0.0012,0.0
2026-09-02,C,29425.0,0.0012,29.0
2026-09-02,P,29425.0,0.0012,2.0
2026-09-02,C,29430.0,0.0013,0.0
2026-09-02,P,29430.0,0.0013,3.0
2026-09-02,C,29440.0,0.0013,2.0
2026-09-02,P,29440.0,0.0013,2.0
2026-09-02,C,29450.0,0.0013,34.0
2026-09-02,P,29450.0,0.0013,3.0
2026-09-02,C,29460.0,0.0013,0.0
2026-09-02,P,29460.0,0.0013,2.0
2026-09-02,C,29470.0,0.0013,2.0
2026-09-02,P,29470.0,0.0013,0.0
2026-09-02,C,29475.0,0.0013,0.0
2026-09-02,P,29475.0,0.0013,3.0
2026-09-02,C,29480.0,0.0013,2.0
2026-09-02,P,29480.0,0.0013,0.0
2026-09-02,C,29490.0,0.0013,1.0
2026-09-02,P,29490.0,0.0013,4.0
2026-09-02,C,29500.0,0.0013,13.0
2026-09-02,P,29500.0,0.0013,17.0
2026-09-02,C,29510.0,0.0013,7.0
2026-09-02,P,29510.0,0.0013,0.0
2026-09-02,C,29520.0,0.0013,2.0
2026-09-02,P,29520.0,0.0013,1.0
2026-09-02,C,29525.0,0.0013,5.0
2026-09-02,P,29525.0,0.0013,3.0
2026-09-02,C,29530.0,0.0013,5.0
2026-09-02,P,29530.0,0.0013,9.0
2026-09-02,C,29540.0,0.0013,4.0
2026-09-02,P,29540.0,0.0013,0.0
2026-09-02,C,29550.0,0.0013,2.0
2026-09-02,P,29550.0,0.0013,2.0
2026-09-02,C,29560.0,0.0013,1.0
2026-09-02,P,29560.0,0.0013,1.0
2026-09-02,C,29570.0,0.0012,1.0
2026-09-02,P,29570.0,0.0012,0.0
2026-09-02,C,29575.0,0.0012,5.0
2026-09-02,P,29575.0,0.0012,0.0
2026-09-02,C,29580.0,0.0012,0.0
2026-09-02,P,29580.0,0.0012,1.0
2026-09-02,C,29590.0,0.0012,4.0
2026-09-02,P,29590.0,0.0012,2.0
2026-09-02,C,29600.0,0.0012,37.0
2026-09-02,P,29600.0,0.0012,8.0
2026-09-02,C,29610.0,0.0012,5.0
2026-09-02,P,29610.0,0.0012,5.0
2026-09-02,C,29620.0,0.0012,4.0
2026-09-02,P,29620.0,0.0012,1.0
2026-09-02,C,29625.0,0.0012,7.0
2026-09-02,P,29625.0,0.0012,5.0
2026-09-02,C,29630.0,0.0012,1.0
2026-09-02,P,29630.0,0.0012,0.0
2026-09-02,C,29640.0,0.0011,3.0
2026-09-02,P,29640.0,0.0011,1.0
2026-09-02,C,29650.0,0.0011,22.0
2026-09-02,P,29650.0,0.0011,1.0
2026-09-02,C,29660.0,0.0011,3.0
2026-09-02,P,29660.0,0.0011,0.0
2026-09-02,C,29670.0,0.0011,2.0
2026-09-02,P,29670.0,0.0011,0.0
2026-09-02,C,29675.0,0.0011,4.0
2026-09-02,P,29675.0,0.0011,0.0
2026-09-02,C,29680.0,0.001,1.0
2026-09-02,P,29680.0,0.001,0.0
2026-09-02,C,29690.0,0.001,1.0
2026-09-02,P,29690.0,0.001,0.0
2026-09-02,C,29700.0,0.001,36.0
2026-09-02,P,29700.0,0.001,1.0
2026-09-02,C,29710.0,0.001,4.0
2026-09-02,P,29710.0,0.001,0.0
2026-09-02,C,29720.0,0.001,4.0
2026-09-02,P,29720.0,0.001,0.0
2026-09-02,C,29725.0,0.0009,5.0
2026-09-02,P,29725.0,0.0009,0.0
2026-09-02,C,29730.0,0.0009,0.0
2026-09-02,P,29730.0,0.0009,0.0
2026-09-02,C,29740.0,0.0009,3.0
2026-09-02,P,29740.0,0.0009,0.0
2026-09-02,C,29750.0,0.0009,38.0
2026-09-02,P,29750.0,0.0009,1.0
2026-09-02,C,29760.0,0.0008,3.0
2026-09-02,P,29760.0,0.0008,0.0
2026-09-02,C,29770.0,0.0008,0.0
2026-09-02,P,29770.0,0.0008,4.0
2026-09-02,C,29775.0,0.0008,3.0
2026-09-02,P,29775.0,0.0008,1.0
2026-09-02,C,29780.0,0.0008,0.0
2026-09-02,P,29780.0,0.0008,1.0
2026-09-02,C,29790.0,0.0007,1.0
2026-09-02,P,29790.0,0.0007,0.0
2026-09-02,C,29800.0,0.0007,46.0
2026-09-02,P,29800.0,0.0007,1.0
2026-09-02,C,29810.0,0.0007,4.0
2026-09-02,P,29810.0,0.0007,0.0
2026-09-02,C,29820.0,0.0006,3.0
2026-09-02,P,29820.0,0.0006,0.0
2026-09-02,C,29825.0,0.0006,5.0
2026-09-02,P,29825.0,0.0006,0.0
2026-09-02,C,29830.0,0.0006,3.0
2026-09-02,P,29830.0,0.0006,0.0
2026-09-02,C,29840.0,0.0006,2.0
2026-09-02,P,29840.0,0.0006,0.0
2026-09-02,C,29850.0,0.0005,4.0
2026-09-02,P,29850.0,0.0005,2.0
2026-09-02,C,29860.0,0.0005,3.0
2026-09-02,P,29860.0,0.0005,0.0
2026-09-02,C,29870.0,0.0005,3.0
2026-09-02,P,29870.0,0.0005,0.0
2026-09-02,C,29875.0,0.0004,11.0
2026-09-02,P,29875.0,0.0004,0.0
2026-09-02,C,29880.0,0.0004,5.0
2026-09-02,P,29880.0,0.0004,0.0
2026-09-02,C,29890.0,0.0004,16.0
2026-09-02,P,29890.0,0.0004,0.0
2026-09-02,C,29900.0,0.0004,46.0
2026-09-02,P,29900.0,0.0004,1.0
2026-09-02,C,29910.0,0.0004,7.0
2026-09-02,P,29910.0,0.0004,0.0
2026-09-02,C,29920.0,0.0003,10.0
2026-09-02,P,29920.0,0.0003,0.0
2026-09-02,C,29925.0,0.0003,9.0
2026-09-02,P,29925.0,0.0003,0.0
2026-09-02,C,29930.0,0.0003,5.0
2026-09-02,P,29930.0,0.0003,0.0
2026-09-02,C,29940.0,0.0003,3.0
2026-09-02,P,29940.0,0.0003,0.0
2026-09-02,C,29950.0,0.0003,2.0
2026-09-02,P,29950.0,0.0003,0.0
2026-09-02,C,29960.0,0.0002,2.0
2026-09-02,P,29960.0,0.0002,3.0
2026-09-02,C,29970.0,0.0002,1.0
2026-09-02,P,29970.0,0.0002,0.0
2026-09-02,C,29975.0,0.0002,3.0
2026-09-02,P,29975.0,0.0002,0.0
2026-09-02,C,29980.0,0.0002,6.0
2026-09-02,P,29980.0,0.0002,0.0
2026-09-02,C,29990.0,0.0002,7.0
2026-09-02,P,29990.0,0.0002,1.0
2026-09-02,C,30000.0,0.0002,20.0
2026-09-02,P,30000.0,0.0002,10.0
2026-09-02,C,30010.0,0.0002,4.0
2026-09-02,P,30010.0,0.0002,0.0
2026-09-02,C,30020.0,0.0002,4.0
2026-09-02,P,30020.0,0.0002,1.0
2026-09-02,C,30025.0,0.0002,6.0
2026-09-02,P,30025.0,0.0002,0.0
2026-09-02,C,30030.0,0.0002,3.0
2026-09-02,P,30030.0,0.0002,0.0
2026-09-02,C,30040.0,0.0001,4.0
2026-09-02,P,30040.0,0.0001,0.0
2026-09-02,C,30050.0,0.0001,9.0
2026-09-02,P,30050.0,0.0001,6.0
2026-09-02,C,30060.0,0.0001,3.0
2026-09-02,P,30060.0,0.0001,0.0
2026-09-02,C,30070.0,0.0001,4.0
2026-09-02,P,30070.0,0.0001,0.0
2026-09-02,C,30075.0,0.0001,9.0
2026-09-02,P,30075.0,0.0001,0.0
2026-09-02,C,30080.0,0.0001,4.0
2026-09-02,P,30080.0,0.0001,0.0
2026-09-02,C,30090.0,0.0001,2.0
2026-09-02,P,30090.0,0.0001,0.0
2026-09-02,C,30100.0,0.0001,53.0
2026-09-02,P,30100.0,0.0001,0.0
2026-09-02,C,30110.0,0.0001,16.0
2026-09-02,P,30110.0,0.0001,0.0
2026-09-02,C,30120.0,0.0001,8.0
2026-09-02,P,30120.0,0.0001,0.0
2026-09-02,C,30125.0,0.0001,20.0
2026-09-02,P,30125.0,0.0001,0.0
2026-09-02,C,30130.0,0.0001,6.0
2026-09-02,P,30130.0,0.0001,0.0
2026-09-02,C,30140.0,0.0001,6.0
2026-09-02,P,30140.0,0.0001,0.0
2026-09-02,C,30150.0,0.0001,12.0
2026-09-02,P,30150.0,0.0001,0.0
2026-09-02,C,30160.0,0.0001,2.0
2026-09-02,P,30160.0,0.0001,0.0
2026-09-02,C,30170.0,0.0001,1.0
2026-09-02,P,30170.0,0.0001,0.0
2026-09-02,C,30175.0,0.0001,2.0
2026-09-02,P,30175.0,0.0001,0.0
2026-09-02,C,30180.0,0.0001,1.0
2026-09-02,P,30180.0,0.0001,0.0
2026-09-02,C,30190.0,0.0001,0.0
2026-09-02,P,30190.0,0.0001,0.0
2026-09-02,C,30200.0,0.0001,7.0
2026-09-02,P,30200.0,0.0001,0.0
2026-09-02,C,30210.0,0.0001,1.0
2026-09-02,P,30210.0,0.0001,0.0
2026-09-02,C,30220.0,0.0001,0.0
2026-09-02,P,30220.0,0.0001,0.0
2026-09-02,C,30225.0,0.0001,22.0
2026-09-02,P,30225.0,0.0001,0.0
2026-09-02,C,30230.0,0.0001,1.0
2026-09-02,P,30230.0,0.0001,0.0
2026-09-02,C,30240.0,0.0001,0.0
2026-09-02,P,30240.0,0.0001,0.0
2026-09-02,C,30250.0,0.0001,31.0
2026-09-02,P,30250.0,0.0001,0.0
2026-09-02,C,30260.0,0.0001,0.0
2026-09-02,P,30260.0,0.0001,0.0
2026-09-02,C,30270.0,0.0001,0.0
2026-09-02,P,30270.0,0.0001,0.0
2026-09-02,C,30275.0,0.0001,18.0
2026-09-02,P,30275.0,0.0001,0.0
2026-09-02,C,30280.0,0.0001,0.0
2026-09-02,P,30280.0,0.0001,0.0
2026-09-02,C,30290.0,0.0001,1.0
2026-09-02,P,30290.0,0.0001,0.0
2026-09-02,C,30300.0,0.0001,43.0
2026-09-02,P,30300.0,0.0001,0.0
2026-09-02,C,30310.0,0.0001,0.0
2026-09-02,P,30310.0,0.0001,0.0
2026-09-02,C,30320.0,0.0001,0.0
2026-09-02,P,30320.0,0.0001,0.0
2026-09-02,C,30325.0,0.0001,9.0
2026-09-02,P,30325.0,0.0001,0.0
2026-09-02,C,30330.0,0.0001,0.0
2026-09-02,P,30330.0,0.0001,0.0
2026-09-02,C,30340.0,0.0,1.0
2026-09-02,P,30340.0,0.0,0.0
2026-09-02,C,30350.0,0.0,19.0
2026-09-02,P,30350.0,0.0,0.0
2026-09-02,C,30360.0,0.0,1.0
2026-09-02,P,30360.0,0.0,0.0
2026-09-02,C,30370.0,0.0,0.0
2026-09-02,P,30370.0,0.0,0.0
2026-09-02,C,30375.0,0.0,11.0
2026-09-02,P,30375.0,0.0,0.0
2026-09-02,C,30380.0,0.0,0.0
2026-09-02,P,30380.0,0.0,0.0
2026-09-02,C,30390.0,0.0,0.0
2026-09-02,P,30390.0,0.0,0.0
2026-09-02,C,30400.0,0.0,16.0
2026-09-02,P,30400.0,0.0,0.0
2026-09-02,C,30425.0,0.0,22.0
2026-09-02,P,30425.0,0.0,0.0
2026-09-02,C,30450.0,0.0,22.0
2026-09-02,P,30450.0,0.0,0.0
2026-09-02,C,30475.0,0.0,21.0
2026-09-02,P,30475.0,0.0,0.0
2026-09-02,C,30500.0,0.0,22.0
2026-09-02,P,30500.0,0.0,0.0
2026-09-02,C,30525.0,0.0,12.0
2026-09-02,P,30525.0,0.0,0.0
2026-09-02,C,30550.0,0.0,12.0
2026-09-02,P,30550.0,0.0,0.0
2026-09-02,C,30575.0,0.0,5.0
2026-09-02,P,30575.0,0.0,0.0
2026-09-02,C,30600.0,0.0,30.0
2026-09-02,P,30600.0,0.0,0.0
2026-09-02,C,30625.0,0.0,4.0
2026-09-02,P,30625.0,0.0,0.0
2026-09-02,C,30650.0,0.0,5.0
2026-09-02,P,30650.0,0.0,0.0
2026-09-02,C,30675.0,0.0,2.0
2026-09-02,P,30675.0,0.0,0.0
2026-09-02,C,30700.0,0.0,2.0
2026-09-02,P,30700.0,0.0,1.0
2026-09-02,C,30725.0,0.0,3.0
2026-09-02,P,30725.0,0.0,0.0
2026-09-02,C,30750.0,0.0,1.0
2026-09-02,P,30750.0,0.0,0.0
2026-09-02,C,30775.0,0.0,1.0
2026-09-02,P,30775.0,0.0,0.0
2026-09-02,C,30800.0,0.0,4.0
2026-09-02,P,30800.0,0.0,0.0
2026-09-02,C,30825.0,0.0,1.0
2026-09-02,P,30825.0,0.0,0.0
2026-09-02,C,30850.0,0.0,1.0
2026-09-02,P,30850.0,0.0,0.0
2026-09-02,C,30875.0,0.0,2.0
2026-09-02,P,30875.0,0.0,0.0
2026-09-02,C,30900.0,0.0,1.0
2026-09-02,P,30900.0,0.0,0.0
2026-09-02,C,30925.0,0.0,1.0
2026-09-02,P,30925.0,0.0,0.0
2026-09-02,C,30950.0,0.0,3.0
2026-09-02,P,30950.0,0.0,0.0
2026-09-02,C,30975.0,0.0,2.0
2026-09-02,P,30975.0,0.0,0.0
2026-09-02,C,31000.0,0.0,2.0
2026-09-02,P,31000.0,0.0,0.0
2026-09-02,C,31025.0,0.0,0.0
2026-09-02,P,31025.0,0.0,0.0
2026-09-02,C,31050.0,0.0,8.0
2026-09-02,P,31050.0,0.0,0.0
2026-09-02,C,31075.0,0.0,0.0
2026-09-02,P,31075.0,0.0,0.0
2026-09-02,C,31100.0,0.0,16.0
2026-09-02,P,31100.0,0.0,0.0
2026-09-02,C,31125.0,0.0,0.0
2026-09-02,P,31125.0,0.0,0.0
2026-09-02,C,31150.0,0.0,2.0
2026-09-02,P,31150.0,0.0,0.0
2026-09-02,C,31175.0,0.0,0.0
2026-09-02,P,31175.0,0.0,0.0
2026-09-02,C,31200.0,0.0,0.0
2026-09-02,P,31200.0,0.0,0.0
2026-09-02,C,31225.0,0.0,0.0
2026-09-02,P,31225.0,0.0,0.0
2026-09-02,C,31250.0,0.0,0.0
2026-09-02,P,31250.0,0.0,0.0
2026-09-02,C,31275.0,0.0,0.0
2026-09-02,P,31275.0,0.0,0.0
2026-09-02,C,31300.0,0.0,0.0
2026-09-02,P,31300.0,0.0,0.0
2026-09-02,C,31325.0,0.0,0.0
2026-09-02,P,31325.0,0.0,0.0
2026-09-02,C,31350.0,0.0,0.0
2026-09-02,P,31350.0,0.0,0.0
2026-09-02,C,31400.0,0.0,0.0
2026-09-02,P,31400.0,0.0,0.0
2026-09-02,C,31450.0,0.0,1.0
2026-09-02,P,31450.0,0.0,0.0
2026-09-02,C,31500.0,0.0,60.0
2026-09-02,P,31500.0,0.0,0.0
2026-09-02,C,31550.0,0.0,0.0
2026-09-02,P,31550.0,0.0,0.0
2026-09-02,C,31600.0,0.0,0.0
2026-09-02,P,31600.0,0.0,0.0
2026-09-02,C,31650.0,0.0,0.0
2026-09-02,P,31650.0,0.0,0.0
2026-09-02,C,31700.0,0.0,0.0
2026-09-02,P,31700.0,0.0,0.0
2026-09-02,C,31800.0,0.0,0.0
2026-09-02,P,31800.0,0.0,0.0
2026-09-02,C,31900.0,0.0,0.0
2026-09-02,P,31900.0,0.0,0.0
2026-09-02,C,32000.0,0.0,1.0
2026-09-02,P,32000.0,0.0,0.0
2026-09-02,C,32100.0,0.0,0.0
2026-09-02,P,32100.0,0.0,0.0
2026-09-02,C,32200.0,0.0,0.0
2026-09-02,P,32200.0,0.0,0.0
2026-09-02,C,32300.0,0.0,0.0
2026-09-02,P,32300.0,0.0,0.0
2026-09-02,C,32400.0,0.0,0.0
2026-09-02,P,32400.0,0.0,0.0
2026-09-02,C,32500.0,0.0,1.0
2026-09-02,P,32500.0,0.0,0.0
2026-09-02,C,32600.0,0.0,0.0
2026-09-02,P,32600.0,0.0,0.0
2026-09-02,C,32800.0,0.0,1.0
2026-09-02,P,32800.0,0.0,0.0
2026-09-02,C,33000.0,0.0,7.0
2026-09-02,P,33000.0,0.0,0.0
2026-09-02,C,33500.0,0.0,3.0
2026-09-02,P,33500.0,0.0,0.0
2026-09-02,C,34000.0,0.0,4.0
2026-09-02,P,34000.0,0.0,0.0
2026-09-02,C,34500.0,0.0,1.0
2026-09-02,P,34500.0,0.0,0.0
2026-09-02,C,35000.0,0.0,0.0
2026-09-02,P,35000.0,0.0,0.0
2026-09-02,C,35500.0,0.0,0.0
2026-09-02,P,35500.0,0.0,0.0
2026-09-02,C,36000.0,0.0,2.0
2026-09-02,P,36000.0,0.0,0.0
2026-09-02,C,36500.0,0.0,0.0
2026-09-02,P,36500.0,0.0,0.0
2026-09-02,C,37000.0,0.0,0.0
2026-09-02,P,37000.0,0.0,0.0
2026-09-02,C,37500.0,0.0,0.0
2026-09-02,P,37500.0,0.0,0.0
2026-09-02,C,38000.0,0.0,0.0
2026-09-02,P,38000.0,0.0,0.0
2026-09-02,C,39000.0,0.0,0.0
2026-09-02,P,39000.0,0.0,0.0
2026-09-03,C,14000.0,0.0,0.0
2026-09-03,P,14000.0,0.0,0.0
2026-09-03,C,15000.0,0.0,0.0
2026-09-03,P,15000.0,0.0,0.0
2026-09-03,C,16000.0,0.0,0.0
2026-09-03,P,16000.0,0.0,0.0
2026-09-03,C,17000.0,0.0,0.0
2026-09-03,P,17000.0,0.0,0.0
2026-09-03,C,18000.0,0.0,0.0
2026-09-03,P,18000.0,0.0,2.0
2026-09-03,C,19000.0,0.0,0.0
2026-09-03,P,19000.0,0.0,2.0
2026-09-03,C,20000.0,0.0,0.0
2026-09-03,P,20000.0,0.0,3.0
2026-09-03,C,21000.0,0.0,0.0
2026-09-03,P,21000.0,0.0,5.0
2026-09-03,C,21500.0,0.0,0.0
2026-09-03,P,21500.0,0.0,4.0
2026-09-03,C,22000.0,0.0,0.0
2026-09-03,P,22000.0,0.0,7.0
2026-09-03,C,22500.0,0.0,0.0
2026-09-03,P,22500.0,0.0,5.0
2026-09-03,C,23000.0,0.0,0.0
2026-09-03,P,23000.0,0.0,1.0
2026-09-03,C,23500.0,0.0,0.0
2026-09-03,P,23500.0,0.0,2.0
2026-09-03,C,23600.0,0.0,0.0
2026-09-03,P,23600.0,0.0,3.0
2026-09-03,C,23800.0,0.0,0.0
2026-09-03,P,23800.0,0.0,6.0
2026-09-03,C,24000.0,0.0,0.0
2026-09-03,P,24000.0,0.0,1.0
2026-09-03,C,24200.0,0.0,0.0
2026-09-03,P,24200.0,0.0,0.0
2026-09-03,C,24400.0,0.0,0.0
2026-09-03,P,24400.0,0.0,1.0
2026-09-03,C,24500.0,0.0,0.0
2026-09-03,P,24500.0,0.0,2.0
2026-09-03,C,24600.0,0.0,0.0
2026-09-03,P,24600.0,0.0,1.0
2026-09-03,C,24800.0,0.0,0.0
2026-09-03,P,24800.0,0.0,3.0
2026-09-03,C,25000.0,0.0,0.0
2026-09-03,P,25000.0,0.0,1.0
2026-09-03,C,25200.0,0.0,0.0
2026-09-03,P,25200.0,0.0,0.0
2026-09-03,C,25400.0,0.0,0.0
2026-09-03,P,25400.0,0.0,1.0
2026-09-03,C,25500.0,0.0,0.0
2026-09-03,P,25500.0,0.0,1.0
2026-09-03,C,25600.0,0.0,0.0
2026-09-03,P,25600.0,0.0,0.0
2026-09-03,C,25800.0,0.0,0.0
2026-09-03,P,25800.0,0.0,2.0
2026-09-03,C,26000.0,0.0,0.0
2026-09-03,P,26000.0,0.0,3.0
2026-09-03,C,26200.0,0.0,0.0
2026-09-03,P,26200.0,0.0,7.0
2026-09-03,C,26300.0,0.0,0.0
2026-09-03,P,26300.0,0.0,0.0
2026-09-03,C,26400.0,0.0,0.0
2026-09-03,P,26400.0,0.0,7.0
2026-09-03,C,26500.0,0.0,0.0
2026-09-03,P,26500.0,0.0,1.0
2026-09-03,C,26600.0,0.0,0.0
2026-09-03,P,26600.0,0.0,0.0
2026-09-03,C,26700.0,0.0,0.0
2026-09-03,P,26700.0,0.0,18.0
2026-09-03,C,26800.0,0.0,0.0
2026-09-03,P,26800.0,0.0,20.0
2026-09-03,C,26850.0,0.0,6.0
2026-09-03,P,26850.0,0.0,1.0
2026-09-03,C,26900.0,0.0,6.0
2026-09-03,P,26900.0,0.0,1.0
2026-09-03,C,26950.0,0.0,0.0
2026-09-03,P,26950.0,0.0,3.0
2026-09-03,C,27000.0,0.0,1.0
2026-09-03,P,27000.0,0.0,2.0
2026-09-03,C,27050.0,0.0,0.0
2026-09-03,P,27050.0,0.0,7.0
2026-09-03,C,27100.0,0.0,1.0
2026-09-03,P,27100.0,0.0,0.0
2026-09-03,C,27150.0,0.0,0.0
2026-09-03,P,27150.0,0.0,1.0
2026-09-03,C,27200.0,0.0,0.0
2026-09-03,P,27200.0,0.0,114.0
2026-09-03,C,27250.0,0.0,0.0
2026-09-03,P,27250.0,0.0,58.0
2026-09-03,C,27300.0,0.0,0.0
2026-09-03,P,27300.0,0.0,19.0
2026-09-03,C,27350.0,0.0,0.0
2026-09-03,P,27350.0,0.0,4.0
2026-09-03,C,27400.0,0.0,0.0
2026-09-03,P,27400.0,0.0,55.0
2026-09-03,C,27450.0,0.0,0.0
2026-09-03,P,27450.0,0.0,8.0
2026-09-03,C,27500.0,0.0,0.0
2026-09-03,P,27500.0,0.0,37.0
2026-09-03,C,27550.0,0.0,0.0
2026-09-03,P,27550.0,0.0,21.0
2026-09-03,C,27600.0,0.0,0.0
2026-09-03,P,27600.0,0.0,20.0
2026-09-03,C,27650.0,0.0,0.0
2026-09-03,P,27650.0,0.0,1.0
2026-09-03,C,27700.0,0.0,0.0
2026-09-03,P,27700.0,0.0,4.0
2026-09-03,C,27750.0,0.0,0.0
2026-09-03,P,27750.0,0.0,1.0
2026-09-03,C,27800.0,0.0,0.0
2026-09-03,P,27800.0,0.0,8.0
2026-09-03,C,27850.0,0.0,0.0
2026-09-03,P,27850.0,0.0,9.0
2026-09-03,C,27900.0,0.0,0.0
2026-09-03,P,27900.0,0.0,11.0
2026-09-03,C,27925.0,0.0,0.0
2026-09-03,P,27925.0,0.0,0.0
2026-09-03,C,27950.0,0.0,0.0
2026-09-03,P,27950.0,0.0,23.0
2026-09-03,C,27975.0,0.0,0.0
2026-09-03,P,27975.0,0.0,13.0
2026-09-03,C,28000.0,0.0,0.0
2026-09-03,P,28000.0,0.0,15.0
2026-09-03,C,28025.0,0.0001,0.0
2026-09-03,P,28025.0,0.0001,0.0
2026-09-03,C,28050.0,0.0001,0.0
2026-09-03,P,28050.0,0.0001,0.0
2026-09-03,C,28075.0,0.0001,0.0
2026-09-03,P,28075.0,0.0001,5.0
2026-09-03,C,28100.0,0.0001,0.0
2026-09-03,P,28100.0,0.0001,4.0
2026-09-03,C,28125.0,0.0001,0.0
2026-09-03,P,28125.0,0.0001,1.0
2026-09-03,C,28150.0,0.0001,0.0
2026-09-03,P,28150.0,0.0001,3.0
2026-09-03,C,28175.0,0.0001,0.0
2026-09-03,P,28175.0,0.0001,0.0
2026-09-03,C,28200.0,0.0001,0.0
2026-09-03,P,28200.0,0.0001,1.0
2026-09-03,C,28225.0,0.0001,0.0
2026-09-03,P,28225.0,0.0001,2.0
2026-09-03,C,28250.0,0.0001,0.0
2026-09-03,P,28250.0,0.0001,0.0
2026-09-03,C,28275.0,0.0001,0.0
2026-09-03,P,28275.0,0.0001,3.0
2026-09-03,C,28300.0,0.0001,0.0
2026-09-03,P,28300.0,0.0001,17.0
2026-09-03,C,28325.0,0.0001,0.0
2026-09-03,P,28325.0,0.0001,2.0
2026-09-03,C,28350.0,0.0001,0.0
2026-09-03,P,28350.0,0.0001,5.0
2026-09-03,C,28375.0,0.0001,0.0
2026-09-03,P,28375.0,0.0001,6.0
2026-09-03,C,28400.0,0.0001,0.0
2026-09-03,P,28400.0,0.0001,11.0
2026-09-03,C,28425.0,0.0001,0.0
2026-09-03,P,28425.0,0.0001,2.0
2026-09-03,C,28450.0,0.0001,0.0
2026-09-03,P,28450.0,0.0001,6.0
2026-09-03,C,28475.0,0.0001,0.0
2026-09-03,P,28475.0,0.0001,6.0
2026-09-03,C,28480.0,0.0,0.0
2026-09-03,P,28480.0,0.0,0.0
2026-09-03,C,28490.0,0.0,0.0
2026-09-03,P,28490.0,0.0,0.0
2026-09-03,C,28500.0,0.0002,0.0
2026-09-03,P,28500.0,0.0002,4.0
2026-09-03,C,28510.0,0.0,0.0
2026-09-03,P,28510.0,0.0,0.0
2026-09-03,C,28520.0,0.0,0.0
2026-09-03,P,28520.0,0.0,0.0
2026-09-03,C,28525.0,0.0002,0.0
2026-09-03,P,28525.0,0.0002,2.0
2026-09-03,C,28530.0,0.0,0.0
2026-09-03,P,28530.0,0.0,0.0
2026-09-03,C,28540.0,0.0,0.0
2026-09-03,P,28540.0,0.0,0.0
2026-09-03,C,28550.0,0.0002,0.0
2026-09-03,P,28550.0,0.0002,1.0
2026-09-03,C,28560.0,0.0002,0.0
2026-09-03,P,28560.0,0.0002,0.0
2026-09-03,C,28570.0,0.0002,0.0
2026-09-03,P,28570.0,0.0002,0.0
2026-09-03,C,28575.0,0.0002,0.0
2026-09-03,P,28575.0,0.0002,10.0
2026-09-03,C,28580.0,0.0002,0.0
2026-09-03,P,28580.0,0.0002,0.0
2026-09-03,C,28590.0,0.0002,0.0
2026-09-03,P,28590.0,0.0002,0.0
2026-09-03,C,28600.0,0.0002,0.0
2026-09-03,P,28600.0,0.0002,8.0
2026-09-03,C,28610.0,0.0002,0.0
2026-09-03,P,28610.0,0.0002,0.0
2026-09-03,C,28620.0,0.0002,0.0
2026-09-03,P,28620.0,0.0002,0.0
2026-09-03,C,28625.0,0.0002,0.0
2026-09-03,P,28625.0,0.0002,2.0
2026-09-03,C,28630.0,0.0002,0.0
2026-09-03,P,28630.0,0.0002,0.0
2026-09-03,C,28640.0,0.0002,0.0
2026-09-03,P,28640.0,0.0002,0.0
2026-09-03,C,28650.0,0.0002,0.0
2026-09-03,P,28650.0,0.0002,1.0
2026-09-03,C,28660.0,0.0002,0.0
2026-09-03,P,28660.0,0.0002,0.0
2026-09-03,C,28670.0,0.0002,0.0
2026-09-03,P,28670.0,0.0002,0.0
2026-09-03,C,28675.0,0.0002,0.0
2026-09-03,P,28675.0,0.0002,1.0
2026-09-03,C,28680.0,0.0002,0.0
2026-09-03,P,28680.0,0.0002,8.0
2026-09-03,C,28690.0,0.0002,0.0
2026-09-03,P,28690.0,0.0002,0.0
2026-09-03,C,28700.0,0.0002,0.0
2026-09-03,P,28700.0,0.0002,5.0
2026-09-03,C,28710.0,0.0003,0.0
2026-09-03,P,28710.0,0.0003,0.0
2026-09-03,C,28720.0,0.0003,0.0
2026-09-03,P,28720.0,0.0003,0.0
2026-09-03,C,28725.0,0.0003,0.0
2026-09-03,P,28725.0,0.0003,4.0
2026-09-03,C,28730.0,0.0003,0.0
2026-09-03,P,28730.0,0.0003,0.0
2026-09-03,C,28740.0,0.0003,0.0
2026-09-03,P,28740.0,0.0003,0.0
2026-09-03,C,28750.0,0.0003,0.0
2026-09-03,P,28750.0,0.0003,6.0
2026-09-03,C,28760.0,0.0003,0.0
2026-09-03,P,28760.0,0.0003,0.0
2026-09-03,C,28770.0,0.0003,0.0
2026-09-03,P,28770.0,0.0003,0.0
2026-09-03,C,28775.0,0.0003,0.0
2026-09-03,P,28775.0,0.0003,5.0
2026-09-03,C,28780.0,0.0003,0.0
2026-09-03,P,28780.0,0.0003,0.0
2026-09-03,C,28790.0,0.0003,0.0
2026-09-03,P,28790.0,0.0003,0.0
2026-09-03,C,28800.0,0.0003,0.0
2026-09-03,P,28800.0,0.0003,7.0
2026-09-03,C,28810.0,0.0003,0.0
2026-09-03,P,28810.0,0.0003,0.0
2026-09-03,C,28820.0,0.0003,0.0
2026-09-03,P,28820.0,0.0003,0.0
2026-09-03,C,28825.0,0.0003,0.0
2026-09-03,P,28825.0,0.0003,2.0
2026-09-03,C,28830.0,0.0004,0.0
2026-09-03,P,28830.0,0.0004,0.0
2026-09-03,C,28840.0,0.0004,0.0
2026-09-03,P,28840.0,0.0004,1.0
2026-09-03,C,28850.0,0.0004,0.0
2026-09-03,P,28850.0,0.0004,7.0
2026-09-03,C,28860.0,0.0004,0.0
2026-09-03,P,28860.0,0.0004,2.0
2026-09-03,C,28870.0,0.0004,0.0
2026-09-03,P,28870.0,0.0004,1.0
2026-09-03,C,28875.0,0.0004,0.0
2026-09-03,P,28875.0,0.0004,0.0
2026-09-03,C,28880.0,0.0004,0.0
2026-09-03,P,28880.0,0.0004,0.0
2026-09-03,C,28890.0,0.0004,0.0
2026-09-03,P,28890.0,0.0004,0.0
2026-09-03,C,28900.0,0.0004,0.0
2026-09-03,P,28900.0,0.0004,1.0
2026-09-03,C,28910.0,0.0004,0.0
2026-09-03,P,28910.0,0.0004,0.0
2026-09-03,C,28920.0,0.0004,0.0
2026-09-03,P,28920.0,0.0004,0.0
2026-09-03,C,28925.0,0.0004,0.0
2026-09-03,P,28925.0,0.0004,9.0
2026-09-03,C,28930.0,0.0004,0.0
2026-09-03,P,28930.0,0.0004,0.0
2026-09-03,C,28940.0,0.0004,0.0
2026-09-03,P,28940.0,0.0004,0.0
2026-09-03,C,28950.0,0.0005,0.0
2026-09-03,P,28950.0,0.0005,12.0
2026-09-03,C,28960.0,0.0005,0.0
2026-09-03,P,28960.0,0.0005,1.0
2026-09-03,C,28970.0,0.0005,0.0
2026-09-03,P,28970.0,0.0005,0.0
2026-09-03,C,28975.0,0.0005,0.0
2026-09-03,P,28975.0,0.0005,1.0
2026-09-03,C,28980.0,0.0005,0.0
2026-09-03,P,28980.0,0.0005,1.0
2026-09-03,C,28990.0,0.0005,0.0
2026-09-03,P,28990.0,0.0005,0.0
2026-09-03,C,29000.0,0.0005,2.0
2026-09-03,P,29000.0,0.0005,4.0
2026-09-03,C,29010.0,0.0005,0.0
2026-09-03,P,29010.0,0.0005,0.0
2026-09-03,C,29020.0,0.0005,0.0
2026-09-03,P,29020.0,0.0005,0.0
2026-09-03,C,29025.0,0.0005,0.0
2026-09-03,P,29025.0,0.0005,0.0
2026-09-03,C,29030.0,0.0005,0.0
2026-09-03,P,29030.0,0.0005,1.0
2026-09-03,C,29040.0,0.0006,0.0
2026-09-03,P,29040.0,0.0006,0.0
2026-09-03,C,29050.0,0.0006,0.0
2026-09-03,P,29050.0,0.0006,4.0
2026-09-03,C,29060.0,0.0006,0.0
2026-09-03,P,29060.0,0.0006,0.0
2026-09-03,C,29070.0,0.0006,0.0
2026-09-03,P,29070.0,0.0006,0.0
2026-09-03,C,29075.0,0.0006,0.0
2026-09-03,P,29075.0,0.0006,5.0
2026-09-03,C,29080.0,0.0006,0.0
2026-09-03,P,29080.0,0.0006,2.0
2026-09-03,C,29090.0,0.0006,0.0
2026-09-03,P,29090.0,0.0006,0.0
2026-09-03,C,29100.0,0.0006,0.0
2026-09-03,P,29100.0,0.0006,16.0
2026-09-03,C,29110.0,0.0006,0.0
2026-09-03,P,29110.0,0.0006,0.0
2026-09-03,C,29120.0,0.0006,0.0
2026-09-03,P,29120.0,0.0006,0.0
2026-09-03,C,29125.0,0.0006,0.0
2026-09-03,P,29125.0,0.0006,6.0
2026-09-03,C,29130.0,0.0007,0.0
2026-09-03,P,29130.0,0.0007,1.0
2026-09-03,C,29140.0,0.0007,0.0
2026-09-03,P,29140.0,0.0007,0.0
2026-09-03,C,29150.0,0.0007,0.0
2026-09-03,P,29150.0,0.0007,2.0
2026-09-03,C,29160.0,0.0007,0.0
2026-09-03,P,29160.0,0.0007,1.0
2026-09-03,C,29170.0,0.0007,0.0
2026-09-03,P,29170.0,0.0007,8.0
2026-09-03,C,29175.0,0.0007,0.0
2026-09-03,P,29175.0,0.0007,1.0
2026-09-03,C,29180.0,0.0007,0.0
2026-09-03,P,29180.0,0.0007,0.0
2026-09-03,C,29190.0,0.0007,0.0
2026-09-03,P,29190.0,0.0007,0.0
2026-09-03,C,29200.0,0.0007,0.0
2026-09-03,P,29200.0,0.0007,12.0
2026-09-03,C,29210.0,0.0008,0.0
2026-09-03,P,29210.0,0.0008,0.0
2026-09-03,C,29220.0,0.0008,0.0
2026-09-03,P,29220.0,0.0008,0.0
2026-09-03,C,29225.0,0.0008,0.0
2026-09-03,P,29225.0,0.0008,1.0
2026-09-03,C,29230.0,0.0008,0.0
2026-09-03,P,29230.0,0.0008,0.0
2026-09-03,C,29240.0,0.0008,0.0
2026-09-03,P,29240.0,0.0008,0.0
2026-09-03,C,29250.0,0.0008,14.0
2026-09-03,P,29250.0,0.0008,9.0
2026-09-03,C,29260.0,0.0008,0.0
2026-09-03,P,29260.0,0.0008,0.0
2026-09-03,C,29270.0,0.0008,0.0
2026-09-03,P,29270.0,0.0008,1.0
2026-09-03,C,29275.0,0.0008,4.0
2026-09-03,P,29275.0,0.0008,4.0
2026-09-03,C,29280.0,0.0008,0.0
2026-09-03,P,29280.0,0.0008,0.0
2026-09-03,C,29290.0,0.0008,0.0
2026-09-03,P,29290.0,0.0008,0.0
2026-09-03,C,29300.0,0.0008,4.0
2026-09-03,P,29300.0,0.0008,16.0
2026-09-03,C,29310.0,0.0009,0.0
2026-09-03,P,29310.0,0.0009,0.0
2026-09-03,C,29320.0,0.0009,0.0
2026-09-03,P,29320.0,0.0009,0.0
2026-09-03,C,29325.0,0.0009,9.0
2026-09-03,P,29325.0,0.0009,1.0
2026-09-03,C,29330.0,0.0009,2.0
2026-09-03,P,29330.0,0.0009,0.0
2026-09-03,C,29340.0,0.0009,0.0
2026-09-03,P,29340.0,0.0009,0.0
2026-09-03,C,29350.0,0.0009,1.0
2026-09-03,P,29350.0,0.0009,5.0
2026-09-03,C,29360.0,0.0009,1.0
2026-09-03,P,29360.0,0.0009,0.0
2026-09-03,C,29370.0,0.0009,0.0
2026-09-03,P,29370.0,0.0009,1.0
2026-09-03,C,29375.0,0.0009,2.0
2026-09-03,P,29375.0,0.0009,2.0
2026-09-03,C,29380.0,0.0009,0.0
2026-09-03,P,29380.0,0.0009,0.0
2026-09-03,C,29390.0,0.0009,1.0
2026-09-03,P,29390.0,0.0009,1.0
2026-09-03,C,29400.0,0.0009,8.0
2026-09-03,P,29400.0,0.0009,6.0
2026-09-03,C,29410.0,0.001,0.0
2026-09-03,P,29410.0,0.001,5.0
2026-09-03,C,29420.0,0.001,2.0
2026-09-03,P,29420.0,0.001,2.0
2026-09-03,C,29425.0,0.001,1.0
2026-09-03,P,29425.0,0.001,15.0
2026-09-03,C,29430.0,0.001,0.0
2026-09-03,P,29430.0,0.001,0.0
2026-09-03,C,29440.0,0.001,0.0
2026-09-03,P,29440.0,0.001,1.0
2026-09-03,C,29450.0,0.001,3.0
2026-09-03,P,29450.0,0.001,8.0
2026-09-03,C,29460.0,0.001,0.0
2026-09-03,P,29460.0,0.001,1.0
2026-09-03,C,29470.0,0.001,0.0
2026-09-03,P,29470.0,0.001,1.0
2026-09-03,C,29475.0,0.001,1.0
2026-09-03,P,29475.0,0.001,7.0
2026-09-03,C,29480.0,0.001,0.0
2026-09-03,P,29480.0,0.001,0.0
2026-09-03,C,29490.0,0.001,0.0
2026-09-03,P,29490.0,0.001,6.0
2026-09-03,C,29500.0,0.001,63.0
2026-09-03,P,29500.0,0.001,9.0
2026-09-03,C,29510.0,0.001,0.0
2026-09-03,P,29510.0,0.001,0.0
2026-09-03,C,29520.0,0.001,6.0
2026-09-03,P,29520.0,0.001,6.0
2026-09-03,C,29525.0,0.001,2.0
2026-09-03,P,29525.0,0.001,8.0
2026-09-03,C,29530.0,0.001,0.0
2026-09-03,P,29530.0,0.001,0.0
2026-09-03,C,29540.0,0.001,0.0
2026-09-03,P,29540.0,0.001,0.0
2026-09-03,C,29550.0,0.001,13.0
2026-09-03,P,29550.0,0.001,0.0
2026-09-03,C,29560.0,0.001,4.0
2026-09-03,P,29560.0,0.001,0.0
2026-09-03,C,29570.0,0.001,0.0
2026-09-03,P,29570.0,0.001,0.0
2026-09-03,C,29575.0,0.001,3.0
2026-09-03,P,29575.0,0.001,0.0
2026-09-03,C,29580.0,0.001,2.0
2026-09-03,P,29580.0,0.001,0.0
2026-09-03,C,29590.0,0.001,2.0
2026-09-03,P,29590.0,0.001,1.0
2026-09-03,C,29600.0,0.001,4.0
2026-09-03,P,29600.0,0.001,0.0
2026-09-03,C,29610.0,0.001,0.0
2026-09-03,P,29610.0,0.001,0.0
2026-09-03,C,29620.0,0.001,0.0
2026-09-03,P,29620.0,0.001,0.0
2026-09-03,C,29625.0,0.0009,2.0
2026-09-03,P,29625.0,0.0009,2.0
2026-09-03,C,29630.0,0.0009,3.0
2026-09-03,P,29630.0,0.0009,0.0
2026-09-03,C,29640.0,0.0009,0.0
2026-09-03,P,29640.0,0.0009,1.0
2026-09-03,C,29650.0,0.0009,8.0
2026-09-03,P,29650.0,0.0009,0.0
2026-09-03,C,29660.0,0.0009,0.0
2026-09-03,P,29660.0,0.0009,0.0
2026-09-03,C,29670.0,0.0009,0.0
2026-09-03,P,29670.0,0.0009,0.0
2026-09-03,C,29675.0,0.0009,2.0
2026-09-03,P,29675.0,0.0009,3.0
2026-09-03,C,29680.0,0.0009,18.0
2026-09-03,P,29680.0,0.0009,0.0
2026-09-03,C,29690.0,0.0009,0.0
2026-09-03,P,29690.0,0.0009,0.0
2026-09-03,C,29700.0,0.0009,7.0
2026-09-03,P,29700.0,0.0009,8.0
2026-09-03,C,29710.0,0.0009,0.0
2026-09-03,P,29710.0,0.0009,0.0
2026-09-03,C,29720.0,0.0008,0.0
2026-09-03,P,29720.0,0.0008,0.0
2026-09-03,C,29725.0,0.0008,0.0
2026-09-03,P,29725.0,0.0008,5.0
2026-09-03,C,29730.0,0.0008,0.0
2026-09-03,P,29730.0,0.0008,0.0
2026-09-03,C,29740.0,0.0008,0.0
2026-09-03,P,29740.0,0.0008,0.0
2026-09-03,C,29750.0,0.0008,1.0
2026-09-03,P,29750.0,0.0008,0.0
2026-09-03,C,29760.0,0.0008,0.0
2026-09-03,P,29760.0,0.0008,0.0
2026-09-03,C,29770.0,0.0008,1.0
2026-09-03,P,29770.0,0.0008,0.0
2026-09-03,C,29775.0,0.0008,5.0
2026-09-03,P,29775.0,0.0008,2.0
2026-09-03,C,29780.0,0.0008,1.0
2026-09-03,P,29780.0,0.0008,0.0
2026-09-03,C,29790.0,0.0007,1.0
2026-09-03,P,29790.0,0.0007,0.0
2026-09-03,C,29800.0,0.0007,3.0
2026-09-03,P,29800.0,0.0007,2.0
2026-09-03,C,29810.0,0.0007,0.0
2026-09-03,P,29810.0,0.0007,0.0
2026-09-03,C,29820.0,0.0007,0.0
2026-09-03,P,29820.0,0.0007,0.0
2026-09-03,C,29825.0,0.0007,1.0
2026-09-03,P,29825.0,0.0007,2.0
2026-09-03,C,29830.0,0.0007,1.0
2026-09-03,P,29830.0,0.0007,0.0
2026-09-03,C,29840.0,0.0007,0.0
2026-09-03,P,29840.0,0.0007,0.0
2026-09-03,C,29850.0,0.0006,6.0
2026-09-03,P,29850.0,0.0006,2.0
2026-09-03,C,29860.0,0.0006,0.0
2026-09-03,P,29860.0,0.0006,0.0
2026-09-03,C,29870.0,0.0006,0.0
2026-09-03,P,29870.0,0.0006,0.0
2026-09-03,C,29875.0,0.0006,0.0
2026-09-03,P,29875.0,0.0006,0.0
2026-09-03,C,29880.0,0.0006,0.0
2026-09-03,P,29880.0,0.0006,0.0
2026-09-03,C,29890.0,0.0006,1.0
2026-09-03,P,29890.0,0.0006,0.0
2026-09-03,C,29900.0,0.0005,10.0
2026-09-03,P,29900.0,0.0005,0.0
2026-09-03,C,29910.0,0.0005,1.0
2026-09-03,P,29910.0,0.0005,0.0
2026-09-03,C,29920.0,0.0005,1.0
2026-09-03,P,29920.0,0.0005,0.0
2026-09-03,C,29925.0,0.0005,2.0
2026-09-03,P,29925.0,0.0005,0.0
2026-09-03,C,29930.0,0.0005,1.0
2026-09-03,P,29930.0,0.0005,0.0
2026-09-03,C,29940.0,0.0005,1.0
2026-09-03,P,29940.0,0.0005,0.0
2026-09-03,C,29950.0,0.0004,6.0
2026-09-03,P,29950.0,0.0004,6.0
2026-09-03,C,29960.0,0.0004,3.0
2026-09-03,P,29960.0,0.0004,1.0
2026-09-03,C,29970.0,0.0004,2.0
2026-09-03,P,29970.0,0.0004,0.0
2026-09-03,C,29975.0,0.0004,4.0
2026-09-03,P,29975.0,0.0004,2.0
2026-09-03,C,29980.0,0.0004,1.0
2026-09-03,P,29980.0,0.0004,0.0
2026-09-03,C,29990.0,0.0004,5.0
2026-09-03,P,29990.0,0.0004,4.0
2026-09-03,C,30000.0,0.0004,11.0
2026-09-03,P,30000.0,0.0004,11.0
2026-09-03,C,30010.0,0.0003,2.0
2026-09-03,P,30010.0,0.0003,0.0
2026-09-03,C,30020.0,0.0003,4.0
2026-09-03,P,30020.0,0.0003,0.0
2026-09-03,C,30025.0,0.0003,3.0
2026-09-03,P,30025.0,0.0003,2.0
2026-09-03,C,30030.0,0.0003,2.0
2026-09-03,P,30030.0,0.0003,0.0
2026-09-03,C,30040.0,0.0003,7.0
2026-09-03,P,30040.0,0.0003,0.0
2026-09-03,C,30050.0,0.0003,11.0
2026-09-03,P,30050.0,0.0003,4.0
2026-09-03,C,30060.0,0.0002,8.0
2026-09-03,P,30060.0,0.0002,0.0
2026-09-03,C,30070.0,0.0002,7.0
2026-09-03,P,30070.0,0.0002,0.0
2026-09-03,C,30075.0,0.0002,8.0
2026-09-03,P,30075.0,0.0002,5.0
2026-09-03,C,30080.0,0.0002,7.0
2026-09-03,P,30080.0,0.0002,0.0
2026-09-03,C,30090.0,0.0002,6.0
2026-09-03,P,30090.0,0.0002,0.0
2026-09-03,C,30100.0,0.0002,10.0
2026-09-03,P,30100.0,0.0002,5.0
2026-09-03,C,30110.0,0.0002,1.0
2026-09-03,P,30110.0,0.0002,0.0
2026-09-03,C,30120.0,0.0002,1.0
2026-09-03,P,30120.0,0.0002,0.0
2026-09-03,C,30125.0,0.0002,5.0
2026-09-03,P,30125.0,0.0002,0.0
2026-09-03,C,30130.0,0.0002,1.0
2026-09-03,P,30130.0,0.0002,0.0
2026-09-03,C,30140.0,0.0001,1.0
2026-09-03,P,30140.0,0.0001,0.0
2026-09-03,C,30150.0,0.0001,12.0
2026-09-03,P,30150.0,0.0001,3.0
2026-09-03,C,30160.0,0.0001,1.0
2026-09-03,P,30160.0,0.0001,0.0
2026-09-03,C,30170.0,0.0001,1.0
2026-09-03,P,30170.0,0.0001,0.0
2026-09-03,C,30175.0,0.0001,5.0
2026-09-03,P,30175.0,0.0001,0.0
2026-09-03,C,30180.0,0.0001,2.0
2026-09-03,P,30180.0,0.0001,0.0
2026-09-03,C,30190.0,0.0001,4.0
2026-09-03,P,30190.0,0.0001,0.0
2026-09-03,C,30200.0,0.0001,33.0
2026-09-03,P,30200.0,0.0001,3.0
2026-09-03,C,30210.0,0.0001,2.0
2026-09-03,P,30210.0,0.0001,0.0
2026-09-03,C,30220.0,0.0001,0.0
2026-09-03,P,30220.0,0.0001,0.0
2026-09-03,C,30225.0,0.0001,11.0
2026-09-03,P,30225.0,0.0001,0.0
2026-09-03,C,30230.0,0.0001,5.0
2026-09-03,P,30230.0,0.0001,0.0
2026-09-03,C,30240.0,0.0001,1.0
2026-09-03,P,30240.0,0.0001,0.0
2026-09-03,C,30250.0,0.0001,8.0
2026-09-03,P,30250.0,0.0001,1.0
2026-09-03,C,30260.0,0.0001,5.0
2026-09-03,P,30260.0,0.0001,0.0
2026-09-03,C,30270.0,0.0001,6.0
2026-09-03,P,30270.0,0.0001,0.0
2026-09-03,C,30275.0,0.0001,4.0
2026-09-03,P,30275.0,0.0001,0.0
2026-09-03,C,30280.0,0.0001,6.0
2026-09-03,P,30280.0,0.0001,0.0
2026-09-03,C,30290.0,0.0001,7.0
2026-09-03,P,30290.0,0.0001,0.0
2026-09-03,C,30300.0,0.0001,15.0
2026-09-03,P,30300.0,0.0001,1.0
2026-09-03,C,30310.0,0.0001,0.0
2026-09-03,P,30310.0,0.0001,0.0
2026-09-03,C,30320.0,0.0001,0.0
2026-09-03,P,30320.0,0.0001,0.0
2026-09-03,C,30325.0,0.0001,3.0
2026-09-03,P,30325.0,0.0001,0.0
2026-09-03,C,30330.0,0.0001,0.0
2026-09-03,P,30330.0,0.0001,0.0
2026-09-03,C,30340.0,0.0001,2.0
2026-09-03,P,30340.0,0.0001,0.0
2026-09-03,C,30350.0,0.0001,10.0
2026-09-03,P,30350.0,0.0001,0.0
2026-09-03,C,30360.0,0.0001,0.0
2026-09-03,P,30360.0,0.0001,0.0
2026-09-03,C,30370.0,0.0001,0.0
2026-09-03,P,30370.0,0.0,0.0
2026-09-03,C,30375.0,0.0,3.0
2026-09-03,P,30375.0,0.0,0.0
2026-09-03,C,30380.0,0.0,0.0
2026-09-03,P,30380.0,0.0,0.0
2026-09-03,C,30390.0,0.0,0.0
2026-09-03,P,30390.0,0.0,0.0
2026-09-03,C,30400.0,0.0,2.0
2026-09-03,P,30400.0,0.0,0.0
2026-09-03,C,30425.0,0.0,4.0
2026-09-03,P,30425.0,0.0,2.0
2026-09-03,C,30450.0,0.0,1.0
2026-09-03,P,30450.0,0.0,0.0
2026-09-03,C,30475.0,0.0,2.0
2026-09-03,P,30475.0,0.0,0.0
2026-09-03,C,30500.0,0.0,24.0
2026-09-03,P,30500.0,0.0,0.0
2026-09-03,C,30525.0,0.0,2.0
2026-09-03,P,30525.0,0.0,0.0
2026-09-03,C,30550.0,0.0,10.0
2026-09-03,P,30550.0,0.0,0.0
2026-09-03,C,30575.0,0.0,7.0
2026-09-03,P,30575.0,0.0,1.0
2026-09-03,C,30600.0,0.0,7.0
2026-09-03,P,30600.0,0.0,0.0
2026-09-03,C,30625.0,0.0,6.0
2026-09-03,P,30625.0,0.0,0.0
2026-09-03,C,30650.0,0.0,8.0
2026-09-03,P,30650.0,0.0,0.0
2026-09-03,C,30675.0,0.0,6.0
2026-09-03,P,30675.0,0.0,0.0
2026-09-03,C,30700.0,0.0,6.0
2026-09-03,P,30700.0,0.0,0.0
2026-09-03,C,30725.0,0.0,2.0
2026-09-03,P,30725.0,0.0,0.0
2026-09-03,C,30750.0,0.0,1.0
2026-09-03,P,30750.0,0.0,0.0
2026-09-03,C,30775.0,0.0,1.0
2026-09-03,P,30775.0,0.0,0.0
2026-09-03,C,30800.0,0.0,9.0
2026-09-03,P,30800.0,0.0,0.0
2026-09-03,C,30825.0,0.0,10.0
2026-09-03,P,30825.0,0.0,0.0
2026-09-03,C,30850.0,0.0,4.0
2026-09-03,P,30850.0,0.0,0.0
2026-09-03,C,30875.0,0.0,9.0
2026-09-03,P,30875.0,0.0,0.0
2026-09-03,C,30900.0,0.0,1.0
2026-09-03,P,30900.0,0.0,0.0
2026-09-03,C,30925.0,0.0,1.0
2026-09-03,P,30925.0,0.0,0.0
2026-09-03,C,30950.0,0.0,1.0
2026-09-03,P,30950.0,0.0,0.0
2026-09-03,C,30975.0,0.0,2.0
2026-09-03,P,30975.0,0.0,0.0
2026-09-03,C,31000.0,0.0,5.0
2026-09-03,P,31000.0,0.0,0.0
2026-09-03,C,31025.0,0.0,1.0
2026-09-03,P,31025.0,0.0,0.0
2026-09-03,C,31050.0,0.0,1.0
2026-09-03,P,31050.0,0.0,0.0
2026-09-03,C,31075.0,0.0,0.0
2026-09-03,P,31075.0,0.0,0.0
2026-09-03,C,31100.0,0.0,2.0
2026-09-03,P,31100.0,0.0,0.0
2026-09-03,C,31125.0,0.0,0.0
2026-09-03,P,31125.0,0.0,0.0
2026-09-03,C,31150.0,0.0,0.0
2026-09-03,P,31150.0,0.0,0.0
2026-09-03,C,31175.0,0.0,0.0
2026-09-03,P,31175.0,0.0,0.0
2026-09-03,C,31200.0,0.0,0.0
2026-09-03,P,31200.0,0.0,0.0
2026-09-03,C,31225.0,0.0,0.0
2026-09-03,P,31225.0,0.0,0.0
2026-09-03,C,31250.0,0.0,0.0
2026-09-03,P,31250.0,0.0,6.0
2026-09-03,C,31275.0,0.0,0.0
2026-09-03,P,31275.0,0.0,0.0
2026-09-03,C,31300.0,0.0,0.0
2026-09-03,P,31300.0,0.0,0.0
2026-09-03,C,31325.0,0.0,0.0
2026-09-03,P,31325.0,0.0,0.0
2026-09-03,C,31350.0,0.0,1.0
2026-09-03,P,31350.0,0.0,0.0
2026-09-03,C,31400.0,0.0,0.0
2026-09-03,P,31400.0,0.0,0.0
2026-09-03,C,31450.0,0.0,0.0
2026-09-03,P,31450.0,0.0,3.0
2026-09-03,C,31500.0,0.0,1.0
2026-09-03,P,31500.0,0.0,2.0
2026-09-03,C,31550.0,0.0,0.0
2026-09-03,P,31550.0,0.0,0.0
2026-09-03,C,31600.0,0.0,1.0
2026-09-03,P,31600.0,0.0,0.0
2026-09-03,C,31650.0,0.0,1.0
2026-09-03,P,31650.0,0.0,0.0
2026-09-03,C,31700.0,0.0,0.0
2026-09-03,P,31700.0,0.0,0.0
2026-09-03,C,31800.0,0.0,0.0
2026-09-03,P,31800.0,0.0,0.0
2026-09-03,C,31900.0,0.0,0.0
2026-09-03,P,31900.0,0.0,0.0
2026-09-03,C,32000.0,0.0,14.0
2026-09-03,P,32000.0,0.0,0.0
2026-09-03,C,32100.0,0.0,0.0
2026-09-03,P,32100.0,0.0,0.0
2026-09-03,C,32200.0,0.0,0.0
2026-09-03,P,32200.0,0.0,0.0
2026-09-03,C,32300.0,0.0,0.0
2026-09-03,P,32300.0,0.0,0.0
2026-09-03,C,32400.0,0.0,0.0
2026-09-03,P,32400.0,0.0,0.0
2026-09-03,C,32500.0,0.0,6.0
2026-09-03,P,32500.0,0.0,0.0
2026-09-03,C,32600.0,0.0,0.0
2026-09-03,P,32600.0,0.0,0.0
2026-09-03,C,32800.0,0.0,0.0
2026-09-03,P,32800.0,0.0,0.0
2026-09-03,C,33000.0,0.0,2.0
2026-09-03,P,33000.0,0.0,0.0
2026-09-03,C,33500.0,0.0,1.0
2026-09-03,P,33500.0,0.0,0.0
2026-09-03,C,34000.0,0.0,0.0
2026-09-03,P,34000.0,0.0,0.0
2026-09-03,C,34500.0,0.0,0.0
2026-09-03,P,34500.0,0.0,0.0
2026-09-03,C,35000.0,0.0,0.0
2026-09-03,P,35000.0,0.0,0.0
2026-09-03,C,35500.0,0.0,0.0
2026-09-03,P,35500.0,0.0,0.0
2026-09-03,C,36000.0,0.0,0.0
2026-09-03,P,36000.0,0.0,0.0
2026-09-03,C,36500.0,0.0,0.0
2026-09-03,P,36500.0,0.0,0.0
2026-09-03,C,37000.0,0.0,0.0
2026-09-03,P,37000.0,0.0,0.0
2026-09-03,C,37500.0,0.0,0.0
2026-09-03,P,37500.0,0.0,0.0
2026-09-03,C,38000.0,0.0,0.0
2026-09-03,P,38000.0,0.0,0.0
2026-09-03,C,39000.0,0.0,0.0
2026-09-03,P,39000.0,0.0,0.0
2026-09-04,C,14000.0,0.0,0.0
2026-09-04,P,14000.0,0.0,1.0
2026-09-04,C,15000.0,0.0,0.0
2026-09-04,P,15000.0,0.0,9.0
2026-09-04,C,16000.0,0.0,0.0
2026-09-04,P,16000.0,0.0,10.0
2026-09-04,C,17000.0,0.0,0.0
2026-09-04,P,17000.0,0.0,9.0
2026-09-04,C,18000.0,0.0,0.0
2026-09-04,P,18000.0,0.0,8.0
2026-09-04,C,19000.0,0.0,0.0
2026-09-04,P,19000.0,0.0,20.0
2026-09-04,C,20000.0,0.0,0.0
2026-09-04,P,20000.0,0.0,408.0
2026-09-04,C,20500.0,0.0,0.0
2026-09-04,P,20500.0,0.0,0.0
2026-09-04,C,21000.0,0.0,0.0
2026-09-04,P,21000.0,0.0,6.0
2026-09-04,C,21500.0,0.0,0.0
2026-09-04,P,21500.0,0.0,20.0
2026-09-04,C,22000.0,0.0,0.0
2026-09-04,P,22000.0,0.0,387.0
2026-09-04,C,22500.0,0.0,0.0
2026-09-04,P,22500.0,0.0,900.0
2026-09-04,C,23000.0,0.0,0.0
2026-09-04,P,23000.0,0.0,13.0
2026-09-04,C,23200.0,0.0,0.0
2026-09-04,P,23200.0,0.0,7.0
2026-09-04,C,23400.0,0.0,0.0
2026-09-04,P,23400.0,0.0,1.0
2026-09-04,C,23500.0,0.0,0.0
2026-09-04,P,23500.0,0.0,4.0
2026-09-04,C,23600.0,0.0,0.0
2026-09-04,P,23600.0,0.0,3.0
2026-09-04,C,23800.0,0.0,0.0
2026-09-04,P,23800.0,0.0,12.0
2026-09-04,C,24000.0,0.0,0.0
2026-09-04,P,24000.0,0.0,261.0
2026-09-04,C,24200.0,0.0,0.0
2026-09-04,P,24200.0,0.0,3.0
2026-09-04,C,24400.0,0.0,0.0
2026-09-04,P,24400.0,0.0,6.0
2026-09-04,C,24500.0,0.0,0.0
2026-09-04,P,24500.0,0.0,3.0
2026-09-04,C,24600.0,0.0,0.0
2026-09-04,P,24600.0,0.0,2.0
2026-09-04,C,24800.0,0.0,0.0
2026-09-04,P,24800.0,0.0,6.0
2026-09-04,C,25000.0,0.0,0.0
2026-09-04,P,25000.0,0.0,410.0
2026-09-04,C,25200.0,0.0,0.0
2026-09-04,P,25200.0,0.0,2.0
2026-09-04,C,25400.0,0.0,0.0
2026-09-04,P,25400.0,0.0,17.0
2026-09-04,C,25500.0,0.0,0.0
2026-09-04,P,25500.0,0.0,13.0
2026-09-04,C,25600.0,0.0,0.0
2026-09-04,P,25600.0,0.0,15.0
2026-09-04,C,25800.0,0.0,0.0
2026-09-04,P,25800.0,0.0,21.0
2026-09-04,C,26000.0,0.0,0.0
2026-09-04,P,26000.0,0.0,47.0
2026-09-04,C,26200.0,0.0,0.0
2026-09-04,P,26200.0,0.0,38.0
2026-09-04,C,26300.0,0.0,0.0
2026-09-04,P,26300.0,0.0,80.0
2026-09-04,C,26400.0,0.0,0.0
2026-09-04,P,26400.0,0.0,71.0
2026-09-04,C,26500.0,0.0,0.0
2026-09-04,P,26500.0,0.0,38.0
2026-09-04,C,26600.0,0.0,0.0
2026-09-04,P,26600.0,0.0,8.0
2026-09-04,C,26700.0,0.0,0.0
2026-09-04,P,26700.0,0.0,14.0
2026-09-04,C,26800.0,0.0,0.0
2026-09-04,P,26800.0,0.0,11.0
2026-09-04,C,26850.0,0.0,0.0
2026-09-04,P,26850.0,0.0,2.0
2026-09-04,C,26900.0,0.0,0.0
2026-09-04,P,26900.0,0.0,31.0
2026-09-04,C,26950.0,0.0,0.0
2026-09-04,P,26950.0,0.0,2.0
2026-09-04,C,27000.0,0.0,0.0
2026-09-04,P,27000.0,0.0,52.0
2026-09-04,C,27050.0,0.0,0.0
2026-09-04,P,27050.0,0.0,8.0
2026-09-04,C,27100.0,0.0,1.0
2026-09-04,P,27100.0,0.0,7.0
2026-09-04,C,27150.0,0.0,0.0
2026-09-04,P,27150.0,0.0,6.0
2026-09-04,C,27200.0,0.0,1.0
2026-09-04,P,27200.0,0.0,20.0
2026-09-04,C,27250.0,0.0,0.0
2026-09-04,P,27250.0,0.0,5.0
2026-09-04,C,27300.0,0.0,0.0
2026-09-04,P,27300.0,0.0,7.0
2026-09-04,C,27350.0,0.0,1.0
2026-09-04,P,27350.0,0.0,47.0
2026-09-04,C,27400.0,0.0,2.0
2026-09-04,P,27400.0,0.0,25.0
2026-09-04,C,27450.0,0.0,0.0
2026-09-04,P,27450.0,0.0,6.0
2026-09-04,C,27500.0,0.0,0.0
2026-09-04,P,27500.0,0.0,31.0
2026-09-04,C,27550.0,0.0,0.0
2026-09-04,P,27550.0,0.0,87.0
2026-09-04,C,27600.0,0.0,1.0
2026-09-04,P,27600.0,0.0,696.0
2026-09-04,C,27650.0,0.0,0.0
2026-09-04,P,27650.0,0.0,4.0
2026-09-04,C,27700.0,0.0,1.0
2026-09-04,P,27700.0,0.0,35.0
2026-09-04,C,27750.0,0.0,0.0
2026-09-04,P,27750.0,0.0,30.0
2026-09-04,C,27800.0,0.0,0.0
2026-09-04,P,27800.0,0.0,20.0
2026-09-04,C,27850.0,0.0001,0.0
2026-09-04,P,27850.0,0.0001,107.0
2026-09-04,C,27900.0,0.0001,0.0
2026-09-04,P,27900.0,0.0001,110.0
2026-09-04,C,27925.0,0.0,0.0
2026-09-04,P,27925.0,0.0,0.0
2026-09-04,C,27950.0,0.0001,1.0
2026-09-04,P,27950.0,0.0001,14.0
2026-09-04,C,27975.0,0.0001,0.0
2026-09-04,P,27975.0,0.0001,14.0
2026-09-04,C,28000.0,0.0001,2.0
2026-09-04,P,28000.0,0.0001,347.0
2026-09-04,C,28025.0,0.0001,0.0
2026-09-04,P,28025.0,0.0001,2.0
2026-09-04,C,28050.0,0.0001,0.0
2026-09-04,P,28050.0,0.0001,5.0
2026-09-04,C,28075.0,0.0001,0.0
2026-09-04,P,28075.0,0.0001,15.0
2026-09-04,C,28100.0,0.0001,4.0
2026-09-04,P,28100.0,0.0001,44.0
2026-09-04,C,28125.0,0.0001,0.0
2026-09-04,P,28125.0,0.0001,21.0
2026-09-04,C,28150.0,0.0001,3.0
2026-09-04,P,28150.0,0.0001,13.0
2026-09-04,C,28175.0,0.0001,0.0
2026-09-04,P,28175.0,0.0001,11.0
2026-09-04,C,28200.0,0.0001,0.0
2026-09-04,P,28200.0,0.0001,23.0
2026-09-04,C,28225.0,0.0001,0.0
2026-09-04,P,28225.0,0.0001,15.0
2026-09-04,C,28250.0,0.0001,5.0
2026-09-04,P,28250.0,0.0001,28.0
2026-09-04,C,28275.0,0.0001,0.0
2026-09-04,P,28275.0,0.0001,1.0
2026-09-04,C,28300.0,0.0001,0.0
2026-09-04,P,28300.0,0.0001,19.0
2026-09-04,C,28325.0,0.0001,0.0
2026-09-04,P,28325.0,0.0001,7.0
2026-09-04,C,28350.0,0.0001,0.0
2026-09-04,P,28350.0,0.0001,14.0
2026-09-04,C,28375.0,0.0001,0.0
2026-09-04,P,28375.0,0.0001,2.0
2026-09-04,C,28400.0,0.0002,0.0
2026-09-04,P,28400.0,0.0002,11.0
2026-09-04,C,28425.0,0.0002,0.0
2026-09-04,P,28425.0,0.0002,6.0
2026-09-04,C,28450.0,0.0002,0.0
2026-09-04,P,28450.0,0.0002,11.0
2026-09-04,C,28475.0,0.0002,0.0
2026-09-04,P,28475.0,0.0002,1.0
2026-09-04,C,28480.0,0.0,0.0
2026-09-04,P,28480.0,0.0,0.0
2026-09-04,C,28490.0,0.0,0.0
2026-09-04,P,28490.0,0.0,0.0
2026-09-04,C,28500.0,0.0002,1.0
2026-09-04,P,28500.0,0.0002,65.0
2026-09-04,C,28510.0,0.0,0.0
2026-09-04,P,28510.0,0.0,0.0
2026-09-04,C,28520.0,0.0,0.0
2026-09-04,P,28520.0,0.0,0.0
2026-09-04,C,28525.0,0.0002,0.0
2026-09-04,P,28525.0,0.0002,19.0
2026-09-04,C,28530.0,0.0,0.0
2026-09-04,P,28530.0,0.0,0.0
2026-09-04,C,28540.0,0.0,0.0
2026-09-04,P,28540.0,0.0,0.0
2026-09-04,C,28550.0,0.0002,2.0
2026-09-04,P,28550.0,0.0002,8.0
2026-09-04,C,28560.0,0.0,0.0
2026-09-04,P,28560.0,0.0,0.0
2026-09-04,C,28570.0,0.0002,0.0
2026-09-04,P,28570.0,0.0002,0.0
2026-09-04,C,28575.0,0.0002,0.0
2026-09-04,P,28575.0,0.0002,3.0
2026-09-04,C,28580.0,0.0002,0.0
2026-09-04,P,28580.0,0.0002,0.0
2026-09-04,C,28590.0,0.0002,0.0
2026-09-04,P,28590.0,0.0002,0.0
2026-09-04,C,28600.0,0.0002,10.0
2026-09-04,P,28600.0,0.0002,658.0
2026-09-04,C,28610.0,0.0002,0.0
2026-09-04,P,28610.0,0.0002,0.0
2026-09-04,C,28620.0,0.0002,0.0
2026-09-04,P,28620.0,0.0002,0.0
2026-09-04,C,28625.0,0.0002,0.0
2026-09-04,P,28625.0,0.0002,19.0
2026-09-04,C,28630.0,0.0002,0.0
2026-09-04,P,28630.0,0.0002,0.0
2026-09-04,C,28640.0,0.0002,0.0
2026-09-04,P,28640.0,0.0002,0.0
2026-09-04,C,28650.0,0.0003,0.0
2026-09-04,P,28650.0,0.0003,436.0
2026-09-04,C,28660.0,0.0003,0.0
2026-09-04,P,28660.0,0.0003,0.0
2026-09-04,C,28670.0,0.0003,0.0
2026-09-04,P,28670.0,0.0003,0.0
2026-09-04,C,28675.0,0.0003,0.0
2026-09-04,P,28675.0,0.0003,8.0
2026-09-04,C,28680.0,0.0003,0.0
2026-09-04,P,28680.0,0.0003,0.0
2026-09-04,C,28690.0,0.0003,0.0
2026-09-04,P,28690.0,0.0003,2.0
2026-09-04,C,28700.0,0.0003,2.0
2026-09-04,P,28700.0,0.0003,28.0
2026-09-04,C,28710.0,0.0003,0.0
2026-09-04,P,28710.0,0.0003,0.0
2026-09-04,C,28720.0,0.0003,0.0
2026-09-04,P,28720.0,0.0003,0.0
2026-09-04,C,28725.0,0.0003,0.0
2026-09-04,P,28725.0,0.0003,26.0
2026-09-04,C,28730.0,0.0003,0.0
2026-09-04,P,28730.0,0.0003,0.0
2026-09-04,C,28740.0,0.0003,0.0
2026-09-04,P,28740.0,0.0003,1.0
2026-09-04,C,28750.0,0.0003,0.0
2026-09-04,P,28750.0,0.0003,20.0
2026-09-04,C,28760.0,0.0003,0.0
2026-09-04,P,28760.0,0.0003,1.0
2026-09-04,C,28770.0,0.0003,0.0
2026-09-04,P,28770.0,0.0003,1.0
2026-09-04,C,28775.0,0.0003,0.0
2026-09-04,P,28775.0,0.0003,8.0
2026-09-04,C,28780.0,0.0003,0.0
2026-09-04,P,28780.0,0.0003,0.0
2026-09-04,C,28790.0,0.0003,0.0
2026-09-04,P,28790.0,0.0003,0.0
2026-09-04,C,28800.0,0.0003,1.0
2026-09-04,P,28800.0,0.0003,55.0
2026-09-04,C,28810.0,0.0004,0.0
2026-09-04,P,28810.0,0.0004,0.0
2026-09-04,C,28820.0,0.0004,0.0
2026-09-04,P,28820.0,0.0004,0.0
2026-09-04,C,28825.0,0.0004,2.0
2026-09-04,P,28825.0,0.0004,2.0
2026-09-04,C,28830.0,0.0004,0.0
2026-09-04,P,28830.0,0.0004,0.0
2026-09-04,C,28840.0,0.0004,0.0
2026-09-04,P,28840.0,0.0004,0.0
2026-09-04,C,28850.0,0.0004,1.0
2026-09-04,P,28850.0,0.0004,1.0
2026-09-04,C,28860.0,0.0004,0.0
2026-09-04,P,28860.0,0.0004,2.0
2026-09-04,C,28870.0,0.0004,0.0
2026-09-04,P,28870.0,0.0004,0.0
2026-09-04,C,28875.0,0.0004,0.0
2026-09-04,P,28875.0,0.0004,24.0
2026-09-04,C,28880.0,0.0004,0.0
2026-09-04,P,28880.0,0.0004,0.0
2026-09-04,C,28890.0,0.0004,0.0
2026-09-04,P,28890.0,0.0004,1.0
2026-09-04,C,28900.0,0.0004,7.0
2026-09-04,P,28900.0,0.0004,33.0
2026-09-04,C,28910.0,0.0004,0.0
2026-09-04,P,28910.0,0.0004,15.0
2026-09-04,C,28920.0,0.0004,0.0
2026-09-04,P,28920.0,0.0004,1.0
2026-09-04,C,28925.0,0.0004,0.0
2026-09-04,P,28925.0,0.0004,4.0
2026-09-04,C,28930.0,0.0004,0.0
2026-09-04,P,28930.0,0.0004,0.0
2026-09-04,C,28940.0,0.0004,0.0
2026-09-04,P,28940.0,0.0004,0.0
2026-09-04,C,28950.0,0.0004,1.0
2026-09-04,P,28950.0,0.0004,18.0
2026-09-04,C,28960.0,0.0005,0.0
2026-09-04,P,28960.0,0.0005,0.0
2026-09-04,C,28970.0,0.0005,0.0
2026-09-04,P,28970.0,0.0005,0.0
2026-09-04,C,28975.0,0.0005,0.0
2026-09-04,P,28975.0,0.0005,8.0
2026-09-04,C,28980.0,0.0005,0.0
2026-09-04,P,28980.0,0.0005,0.0
2026-09-04,C,28990.0,0.0005,0.0
2026-09-04,P,28990.0,0.0005,0.0
2026-09-04,C,29000.0,0.0005,122.0
2026-09-04,P,29000.0,0.0005,60.0
2026-09-04,C,29010.0,0.0005,0.0
2026-09-04,P,29010.0,0.0005,1.0
2026-09-04,C,29020.0,0.0005,0.0
2026-09-04,P,29020.0,0.0005,0.0
2026-09-04,C,29025.0,0.0005,0.0
2026-09-04,P,29025.0,0.0005,12.0
2026-09-04,C,29030.0,0.0005,0.0
2026-09-04,P,29030.0,0.0005,0.0
2026-09-04,C,29040.0,0.0005,0.0
2026-09-04,P,29040.0,0.0005,0.0
2026-09-04,C,29050.0,0.0005,1.0
2026-09-04,P,29050.0,0.0005,13.0
2026-09-04,C,29060.0,0.0005,0.0
2026-09-04,P,29060.0,0.0005,0.0
2026-09-04,C,29070.0,0.0005,0.0
2026-09-04,P,29070.0,0.0005,0.0
2026-09-04,C,29075.0,0.0006,0.0
2026-09-04,P,29075.0,0.0006,8.0
2026-09-04,C,29080.0,0.0006,0.0
2026-09-04,P,29080.0,0.0006,0.0
2026-09-04,C,29090.0,0.0006,0.0
2026-09-04,P,29090.0,0.0006,0.0
2026-09-04,C,29100.0,0.0006,25.0
2026-09-04,P,29100.0,0.0006,16.0
2026-09-04,C,29110.0,0.0006,0.0
2026-09-04,P,29110.0,0.0006,0.0
2026-09-04,C,29120.0,0.0006,0.0
2026-09-04,P,29120.0,0.0006,0.0
2026-09-04,C,29125.0,0.0006,20.0
2026-09-04,P,29125.0,0.0006,5.0
2026-09-04,C,29130.0,0.0006,0.0
2026-09-04,P,29130.0,0.0006,0.0
2026-09-04,C,29140.0,0.0006,0.0
2026-09-04,P,29140.0,0.0006,1.0
2026-09-04,C,29150.0,0.0006,4.0
2026-09-04,P,29150.0,0.0006,57.0
2026-09-04,C,29160.0,0.0006,0.0
2026-09-04,P,29160.0,0.0006,1.0
2026-09-04,C,29170.0,0.0006,0.0
2026-09-04,P,29170.0,0.0006,0.0
2026-09-04,C,29175.0,0.0006,1.0
2026-09-04,P,29175.0,0.0006,10.0
2026-09-04,C,29180.0,0.0006,0.0
2026-09-04,P,29180.0,0.0006,0.0
2026-09-04,C,29190.0,0.0006,0.0
2026-09-04,P,29190.0,0.0006,0.0
2026-09-04,C,29200.0,0.0006,7.0
2026-09-04,P,29200.0,0.0006,34.0
2026-09-04,C,29210.0,0.0006,0.0
2026-09-04,P,29210.0,0.0006,2.0
2026-09-04,C,29220.0,0.0007,0.0
2026-09-04,P,29220.0,0.0007,0.0
2026-09-04,C,29225.0,0.0007,1.0
2026-09-04,P,29225.0,0.0007,0.0
2026-09-04,C,29230.0,0.0007,0.0
2026-09-04,P,29230.0,0.0007,2.0
2026-09-04,C,29240.0,0.0007,0.0
2026-09-04,P,29240.0,0.0007,0.0
2026-09-04,C,29250.0,0.0007,4.0
2026-09-04,P,29250.0,0.0007,6.0
2026-09-04,C,29260.0,0.0007,0.0
2026-09-04,P,29260.0,0.0007,0.0
2026-09-04,C,29270.0,0.0007,0.0
2026-09-04,P,29270.0,0.0007,0.0
2026-09-04,C,29275.0,0.0007,3.0
2026-09-04,P,29275.0,0.0007,15.0
2026-09-04,C,29280.0,0.0007,0.0
2026-09-04,P,29280.0,0.0007,0.0
2026-09-04,C,29290.0,0.0007,0.0
2026-09-04,P,29290.0,0.0007,0.0
2026-09-04,C,29300.0,0.0007,76.0
2026-09-04,P,29300.0,0.0007,12.0
2026-09-04,C,29310.0,0.0007,0.0
2026-09-04,P,29310.0,0.0007,5.0
2026-09-04,C,29320.0,0.0007,0.0
2026-09-04,P,29320.0,0.0007,0.0
2026-09-04,C,29325.0,0.0007,6.0
2026-09-04,P,29325.0,0.0007,9.0
2026-09-04,C,29330.0,0.0007,0.0
2026-09-04,P,29330.0,0.0007,0.0
2026-09-04,C,29340.0,0.0008,0.0
2026-09-04,P,29340.0,0.0008,0.0
2026-09-04,C,29350.0,0.0008,12.0
2026-09-04,P,29350.0,0.0008,17.0
2026-09-04,C,29360.0,0.0008,2.0
2026-09-04,P,29360.0,0.0008,1.0
2026-09-04,C,29370.0,0.0008,0.0
2026-09-04,P,29370.0,0.0008,1.0
2026-09-04,C,29375.0,0.0008,5.0
2026-09-04,P,29375.0,0.0008,13.0
2026-09-04,C,29380.0,0.0008,0.0
2026-09-04,P,29380.0,0.0008,0.0
2026-09-04,C,29390.0,0.0008,6.0
2026-09-04,P,29390.0,0.0008,0.0
2026-09-04,C,29400.0,0.0008,28.0
2026-09-04,P,29400.0,0.0008,24.0
2026-09-04,C,29410.0,0.0008,0.0
2026-09-04,P,29410.0,0.0008,0.0
2026-09-04,C,29420.0,0.0008,0.0
2026-09-04,P,29420.0,0.0008,0.0
2026-09-04,C,29425.0,0.0008,9.0
2026-09-04,P,29425.0,0.0008,0.0
2026-09-04,C,29430.0,0.0008,1.0
2026-09-04,P,29430.0,0.0008,1.0
2026-09-04,C,29440.0,0.0008,1.0
2026-09-04,P,29440.0,0.0008,0.0
2026-09-04,C,29450.0,0.0008,34.0
2026-09-04,P,29450.0,0.0008,23.0
2026-09-04,C,29460.0,0.0008,1.0
2026-09-04,P,29460.0,0.0008,1.0
2026-09-04,C,29470.0,0.0008,1.0
2026-09-04,P,29470.0,0.0008,4.0
2026-09-04,C,29475.0,0.0008,7.0
2026-09-04,P,29475.0,0.0008,2.0
2026-09-04,C,29480.0,0.0008,0.0
2026-09-04,P,29480.0,0.0008,1.0
2026-09-04,C,29490.0,0.0008,1.0
2026-09-04,P,29490.0,0.0008,0.0
2026-09-04,C,29500.0,0.0008,386.0
2026-09-04,P,29500.0,0.0008,48.0
2026-09-04,C,29510.0,0.0008,0.0
2026-09-04,P,29510.0,0.0008,0.0
2026-09-04,C,29520.0,0.0008,1.0
2026-09-04,P,29520.0,0.0008,0.0
2026-09-04,C,29525.0,0.0008,12.0
2026-09-04,P,29525.0,0.0008,2.0
2026-09-04,C,29530.0,0.0008,0.0
2026-09-04,P,29530.0,0.0008,0.0
2026-09-04,C,29540.0,0.0008,3.0
2026-09-04,P,29540.0,0.0008,0.0
2026-09-04,C,29550.0,0.0008,24.0
2026-09-04,P,29550.0,0.0008,70.0
2026-09-04,C,29560.0,0.0008,0.0
2026-09-04,P,29560.0,0.0008,0.0
2026-09-04,C,29570.0,0.0008,3.0
2026-09-04,P,29570.0,0.0008,0.0
2026-09-04,C,29575.0,0.0008,8.0
2026-09-04,P,29575.0,0.0008,3.0
2026-09-04,C,29580.0,0.0008,0.0
2026-09-04,P,29580.0,0.0008,0.0
2026-09-04,C,29590.0,0.0008,1.0
2026-09-04,P,29590.0,0.0008,1.0
2026-09-04,C,29600.0,0.0008,16.0
2026-09-04,P,29600.0,0.0008,818.0
2026-09-04,C,29610.0,0.0008,5.0
2026-09-04,P,29610.0,0.0008,0.0
2026-09-04,C,29620.0,0.0008,0.0
2026-09-04,P,29620.0,0.0008,0.0
2026-09-04,C,29625.0,0.0008,14.0
2026-09-04,P,29625.0,0.0008,1.0
2026-09-04,C,29630.0,0.0008,2.0
2026-09-04,P,29630.0,0.0008,1.0
2026-09-04,C,29640.0,0.0008,0.0
2026-09-04,P,29640.0,0.0008,0.0
2026-09-04,C,29650.0,0.0008,41.0
2026-09-04,P,29650.0,0.0008,1.0
2026-09-04,C,29660.0,0.0008,2.0
2026-09-04,P,29660.0,0.0008,0.0
2026-09-04,C,29670.0,0.0008,1.0
2026-09-04,P,29670.0,0.0008,0.0
2026-09-04,C,29675.0,0.0008,10.0
2026-09-04,P,29675.0,0.0008,0.0
2026-09-04,C,29680.0,0.0008,2.0
2026-09-04,P,29680.0,0.0008,0.0
2026-09-04,C,29690.0,0.0008,0.0
2026-09-04,P,29690.0,0.0008,0.0
2026-09-04,C,29700.0,0.0008,101.0
2026-09-04,P,29700.0,0.0008,11.0
2026-09-04,C,29710.0,0.0008,0.0
2026-09-04,P,29710.0,0.0008,0.0
2026-09-04,C,29720.0,0.0008,0.0
2026-09-04,P,29720.0,0.0008,0.0
2026-09-04,C,29725.0,0.0008,11.0
2026-09-04,P,29725.0,0.0008,0.0
2026-09-04,C,29730.0,0.0008,0.0
2026-09-04,P,29730.0,0.0008,0.0
2026-09-04,C,29740.0,0.0007,0.0
2026-09-04,P,29740.0,0.0007,0.0
2026-09-04,C,29750.0,0.0007,72.0
2026-09-04,P,29750.0,0.0007,22.0
2026-09-04,C,29760.0,0.0007,0.0
2026-09-04,P,29760.0,0.0007,0.0
2026-09-04,C,29770.0,0.0007,0.0
2026-09-04,P,29770.0,0.0007,0.0
2026-09-04,C,29775.0,0.0007,15.0
2026-09-04,P,29775.0,0.0007,2.0
2026-09-04,C,29780.0,0.0007,0.0
2026-09-04,P,29780.0,0.0007,0.0
2026-09-04,C,29790.0,0.0007,0.0
2026-09-04,P,29790.0,0.0007,0.0
2026-09-04,C,29800.0,0.0007,39.0
2026-09-04,P,29800.0,0.0007,7.0
2026-09-04,C,29810.0,0.0007,0.0
2026-09-04,P,29810.0,0.0007,0.0
2026-09-04,C,29820.0,0.0007,0.0
2026-09-04,P,29820.0,0.0007,0.0
2026-09-04,C,29825.0,0.0007,6.0
2026-09-04,P,29825.0,0.0007,2.0
2026-09-04,C,29830.0,0.0007,0.0
2026-09-04,P,29830.0,0.0007,0.0
2026-09-04,C,29840.0,0.0006,0.0
2026-09-04,P,29840.0,0.0006,0.0
2026-09-04,C,29850.0,0.0006,12.0
2026-09-04,P,29850.0,0.0006,3.0
2026-09-04,C,29860.0,0.0006,0.0
2026-09-04,P,29860.0,0.0006,0.0
2026-09-04,C,29870.0,0.0006,0.0
2026-09-04,P,29870.0,0.0006,0.0
2026-09-04,C,29875.0,0.0006,5.0
2026-09-04,P,29875.0,0.0006,1.0
2026-09-04,C,29880.0,0.0006,1.0
2026-09-04,P,29880.0,0.0006,0.0
2026-09-04,C,29890.0,0.0006,0.0
2026-09-04,P,29890.0,0.0006,0.0
2026-09-04,C,29900.0,0.0006,19.0
2026-09-04,P,29900.0,0.0006,3.0
2026-09-04,C,29910.0,0.0006,1.0
2026-09-04,P,29910.0,0.0006,0.0
2026-09-04,C,29920.0,0.0006,9.0
2026-09-04,P,29920.0,0.0006,0.0
2026-09-04,C,29925.0,0.0006,13.0
2026-09-04,P,29925.0,0.0006,6.0
2026-09-04,C,29930.0,0.0005,0.0
2026-09-04,P,29930.0,0.0005,0.0
2026-09-04,C,29940.0,0.0005,0.0
2026-09-04,P,29940.0,0.0005,0.0
2026-09-04,C,29950.0,0.0005,9.0
2026-09-04,P,29950.0,0.0005,3.0
2026-09-04,C,29960.0,0.0005,10.0
2026-09-04,P,29960.0,0.0005,0.0
2026-09-04,C,29970.0,0.0005,10.0
2026-09-04,P,29970.0,0.0005,0.0
2026-09-04,C,29975.0,0.0005,7.0
2026-09-04,P,29975.0,0.0005,3.0
2026-09-04,C,29980.0,0.0005,10.0
2026-09-04,P,29980.0,0.0005,0.0
2026-09-04,C,29990.0,0.0005,10.0
2026-09-04,P,29990.0,0.0005,0.0
2026-09-04,C,30000.0,0.0005,25.0
2026-09-04,P,30000.0,0.0005,9.0
2026-09-04,C,30010.0,0.0004,22.0
2026-09-04,P,30010.0,0.0004,0.0
2026-09-04,C,30020.0,0.0004,44.0
2026-09-04,P,30020.0,0.0004,0.0
2026-09-04,C,30025.0,0.0004,30.0
2026-09-04,P,30025.0,0.0004,0.0
2026-09-04,C,30030.0,0.0004,5.0
2026-09-04,P,30030.0,0.0004,0.0
2026-09-04,C,30040.0,0.0004,0.0
2026-09-04,P,30040.0,0.0004,0.0
2026-09-04,C,30050.0,0.0004,94.0
2026-09-04,P,30050.0,0.0004,0.0
2026-09-04,C,30060.0,0.0004,0.0
2026-09-04,P,30060.0,0.0004,0.0
2026-09-04,C,30070.0,0.0004,0.0
2026-09-04,P,30070.0,0.0004,0.0
2026-09-04,C,30075.0,0.0004,4.0
2026-09-04,P,30075.0,0.0004,0.0
2026-09-04,C,30080.0,0.0004,0.0
2026-09-04,P,30080.0,0.0004,0.0
2026-09-04,C,30090.0,0.0003,1.0
2026-09-04,P,30090.0,0.0003,0.0
2026-09-04,C,30100.0,0.0003,19.0
2026-09-04,P,30100.0,0.0003,3.0
2026-09-04,C,30110.0,0.0003,0.0
2026-09-04,P,30110.0,0.0003,0.0
2026-09-04,C,30120.0,0.0003,0.0
2026-09-04,P,30120.0,0.0003,0.0
2026-09-04,C,30125.0,0.0003,7.0
2026-09-04,P,30125.0,0.0003,0.0
2026-09-04,C,30130.0,0.0003,0.0
2026-09-04,P,30130.0,0.0003,0.0
2026-09-04,C,30140.0,0.0003,1.0
2026-09-04,P,30140.0,0.0003,0.0
2026-09-04,C,30150.0,0.0003,13.0
2026-09-04,P,30150.0,0.0003,3.0
2026-09-04,C,30160.0,0.0003,12.0
2026-09-04,P,30160.0,0.0003,0.0
2026-09-04,C,30170.0,0.0002,1.0
2026-09-04,P,30170.0,0.0002,0.0
2026-09-04,C,30175.0,0.0002,76.0
2026-09-04,P,30175.0,0.0002,51.0
2026-09-04,C,30180.0,0.0002,1.0
2026-09-04,P,30180.0,0.0002,0.0
2026-09-04,C,30190.0,0.0002,0.0
2026-09-04,P,30190.0,0.0002,0.0
2026-09-04,C,30200.0,0.0002,255.0
2026-09-04,P,30200.0,0.0002,1.0
2026-09-04,C,30210.0,0.0002,11.0
2026-09-04,P,30210.0,0.0002,0.0
2026-09-04,C,30220.0,0.0002,1.0
2026-09-04,P,30220.0,0.0002,0.0
2026-09-04,C,30225.0,0.0002,4.0
2026-09-04,P,30225.0,0.0002,2.0
2026-09-04,C,30230.0,0.0002,6.0
2026-09-04,P,30230.0,0.0002,0.0
2026-09-04,C,30240.0,0.0002,5.0
2026-09-04,P,30240.0,0.0002,0.0
2026-09-04,C,30250.0,0.0002,14.0
2026-09-04,P,30250.0,0.0002,2.0
2026-09-04,C,30260.0,0.0002,7.0
2026-09-04,P,30260.0,0.0002,0.0
2026-09-04,C,30270.0,0.0002,5.0
2026-09-04,P,30270.0,0.0002,0.0
2026-09-04,C,30275.0,0.0002,16.0
2026-09-04,P,30275.0,0.0002,0.0
2026-09-04,C,30280.0,0.0001,6.0
2026-09-04,P,30280.0,0.0001,0.0
2026-09-04,C,30290.0,0.0001,5.0
2026-09-04,P,30290.0,0.0001,0.0
2026-09-04,C,30300.0,0.0001,64.0
2026-09-04,P,30300.0,0.0001,0.0
2026-09-04,C,30310.0,0.0001,1.0
2026-09-04,P,30310.0,0.0001,0.0
2026-09-04,C,30320.0,0.0001,0.0
2026-09-04,P,30320.0,0.0001,0.0
2026-09-04,C,30325.0,0.0001,29.0
2026-09-04,P,30325.0,0.0001,0.0
2026-09-04,C,30350.0,0.0001,12.0
2026-09-04,P,30350.0,0.0001,0.0
2026-09-04,C,30375.0,0.0001,24.0
2026-09-04,P,30375.0,0.0001,0.0
2026-09-04,C,30400.0,0.0001,37.0
2026-09-04,P,30400.0,0.0001,0.0
2026-09-04,C,30425.0,0.0001,8.0
2026-09-04,P,30425.0,0.0001,0.0
2026-09-04,C,30450.0,0.0001,11.0
2026-09-04,P,30450.0,0.0001,0.0
2026-09-04,C,30475.0,0.0001,16.0
2026-09-04,P,30475.0,0.0001,0.0
2026-09-04,C,30500.0,0.0001,60.0
2026-09-04,P,30500.0,0.0001,1.0
2026-09-04,C,30525.0,0.0001,1.0
2026-09-04,P,30525.0,0.0001,0.0
2026-09-04,C,30550.0,0.0001,5.0
2026-09-04,P,30550.0,0.0001,0.0
2026-09-04,C,30575.0,0.0001,4.0
2026-09-04,P,30575.0,0.0001,0.0
2026-09-04,C,30600.0,0.0,26.0
2026-09-04,P,30600.0,0.0,0.0
2026-09-04,C,30625.0,0.0,15.0
2026-09-04,P,30625.0,0.0,0.0
2026-09-04,C,30650.0,0.0,11.0
2026-09-04,P,30650.0,0.0,0.0
2026-09-04,C,30675.0,0.0,5.0
2026-09-04,P,30675.0,0.0,0.0
2026-09-04,C,30700.0,0.0,19.0
2026-09-04,P,30700.0,0.0,1.0
2026-09-04,C,30725.0,0.0,11.0
2026-09-04,P,30725.0,0.0,0.0
2026-09-04,C,30750.0,0.0,10.0
2026-09-04,P,30750.0,0.0,0.0
2026-09-04,C,30775.0,0.0,3.0
2026-09-04,P,30775.0,0.0,0.0
2026-09-04,C,30800.0,0.0,24.0
2026-09-04,P,30800.0,0.0,0.0
2026-09-04,C,30825.0,0.0,6.0
2026-09-04,P,30825.0,0.0,0.0
2026-09-04,C,30850.0,0.0,7.0
2026-09-04,P,30850.0,0.0,0.0
2026-09-04,C,30875.0,0.0,6.0
2026-09-04,P,30875.0,0.0,0.0
2026-09-04,C,30900.0,0.0,9.0
2026-09-04,P,30900.0,0.0,0.0
2026-09-04,C,30925.0,0.0,2.0
2026-09-04,P,30925.0,0.0,0.0
2026-09-04,C,30950.0,0.0,2.0
2026-09-04,P,30950.0,0.0,0.0
2026-09-04,C,30975.0,0.0,2.0
2026-09-04,P,30975.0,0.0,0.0
2026-09-04,C,31000.0,0.0,18.0
2026-09-04,P,31000.0,0.0,0.0
2026-09-04,C,31025.0,0.0,4.0
2026-09-04,P,31025.0,0.0,0.0
2026-09-04,C,31050.0,0.0,2.0
2026-09-04,P,31050.0,0.0,0.0
2026-09-04,C,31075.0,0.0,1.0
2026-09-04,P,31075.0,0.0,0.0
2026-09-04,C,31100.0,0.0,5.0
2026-09-04,P,31100.0,0.0,0.0
2026-09-04,C,31125.0,0.0,0.0
2026-09-04,P,31125.0,0.0,0.0
2026-09-04,C,31150.0,0.0,1.0
2026-09-04,P,31150.0,0.0,0.0
2026-09-04,C,31175.0,0.0,1.0
2026-09-04,P,31175.0,0.0,0.0
2026-09-04,C,31200.0,0.0,9.0
2026-09-04,P,31200.0,0.0,0.0
2026-09-04,C,31225.0,0.0,0.0
2026-09-04,P,31225.0,0.0,0.0
2026-09-04,C,31250.0,0.0,1.0
2026-09-04,P,31250.0,0.0,2.0
2026-09-04,C,31300.0,0.0,10.0
2026-09-04,P,31300.0,0.0,2.0
2026-09-04,C,31350.0,0.0,5.0
2026-09-04,P,31350.0,0.0,0.0
2026-09-04,C,31400.0,0.0,13.0
2026-09-04,P,31400.0,0.0,1.0
2026-09-04,C,31450.0,0.0,0.0
2026-09-04,P,31450.0,0.0,0.0
2026-09-04,C,31500.0,0.0,29.0
2026-09-04,P,31500.0,0.0,1.0
2026-09-04,C,31550.0,0.0,0.0
2026-09-04,P,31550.0,0.0,0.0
2026-09-04,C,31600.0,0.0,7.0
2026-09-04,P,31600.0,0.0,0.0
2026-09-04,C,31700.0,0.0,0.0
2026-09-04,P,31700.0,0.0,0.0
2026-09-04,C,31800.0,0.0,43.0
2026-09-04,P,31800.0,0.0,0.0
2026-09-04,C,31900.0,0.0,0.0
2026-09-04,P,31900.0,0.0,0.0
2026-09-04,C,32000.0,0.0,34.0
2026-09-04,P,32000.0,0.0,0.0
2026-09-04,C,32100.0,0.0,0.0
2026-09-04,P,32100.0,0.0,0.0
2026-09-04,C,32200.0,0.0,4.0
2026-09-04,P,32200.0,0.0,0.0
2026-09-04,C,32300.0,0.0,0.0
2026-09-04,P,32300.0,0.0,0.0
2026-09-04,C,32400.0,0.0,1.0
2026-09-04,P,32400.0,0.0,0.0
2026-09-04,C,32500.0,0.0,43.0
2026-09-04,P,32500.0,0.0,0.0
2026-09-04,C,32600.0,0.0,2.0
2026-09-04,P,32600.0,0.0,0.0
2026-09-04,C,32800.0,0.0,3.0
2026-09-04,P,32800.0,0.0,0.0
2026-09-04,C,33000.0,0.0,18.0
2026-09-04,P,33000.0,0.0,0.0
2026-09-04,C,33200.0,0.0,8.0
2026-09-04,P,33200.0,0.0,0.0
2026-09-04,C,33400.0,0.0,1.0
2026-09-04,P,33400.0,0.0,0.0
2026-09-04,C,33500.0,0.0,1.0
2026-09-04,P,33500.0,0.0,0.0
2026-09-04,C,34000.0,0.0,8.0
2026-09-04,P,34000.0,0.0,0.0
2026-09-04,C,34500.0,0.0,15.0
2026-09-04,P,34500.0,0.0,0.0
2026-09-04,C,35000.0,0.0,1.0
2026-09-04,P,35000.0,0.0,0.0
2026-09-04,C,35500.0,0.0,10.0
2026-09-04,P,35500.0,0.0,0.0
2026-09-04,C,36000.0,0.0,24.0
2026-09-04,P,36000.0,0.0,0.0
2026-09-04,C,36500.0,0.0,0.0
2026-09-04,P,36500.0,0.0,0.0
2026-09-04,C,37000.0,0.0,1.0
2026-09-04,P,37000.0,0.0,0.0
2026-09-04,C,37500.0,0.0,0.0
2026-09-04,P,37500.0,0.0,0.0
2026-09-04,C,38000.0,0.0,3.0
2026-09-04,P,38000.0,0.0,0.0
2026-09-04,C,39000.0,0.0,1.0
2026-09-04,P,39000.0,0.0,0.0
2026-09-08,C,15000.0,0.0,0.0
2026-09-08,P,15000.0,0.0,1.0
2026-09-08,C,16000.0,0.0,0.0
2026-09-08,P,16000.0,0.0,0.0
2026-09-08,C,17000.0,0.0,0.0
2026-09-08,P,17000.0,0.0,0.0
2026-09-08,C,18000.0,0.0,0.0
2026-09-08,P,18000.0,0.0,2.0
2026-09-08,C,19000.0,0.0,0.0
2026-09-08,P,19000.0,0.0,2.0
2026-09-08,C,20000.0,0.0,0.0
2026-09-08,P,20000.0,0.0,7.0
2026-09-08,C,21000.0,0.0,0.0
2026-09-08,P,21000.0,0.0,3.0
2026-09-08,C,22000.0,0.0,0.0
2026-09-08,P,22000.0,0.0,4.0
2026-09-08,C,22500.0,0.0,0.0
2026-09-08,P,22500.0,0.0,7.0
2026-09-08,C,23000.0,0.0,0.0
2026-09-08,P,23000.0,0.0,9.0
2026-09-08,C,23500.0,0.0,0.0
2026-09-08,P,23500.0,0.0,5.0
2026-09-08,C,24000.0,0.0,0.0
2026-09-08,P,24000.0,0.0,1.0
2026-09-08,C,24500.0,0.0,0.0
2026-09-08,P,24500.0,0.0,1.0
2026-09-08,C,24600.0,0.0,0.0
2026-09-08,P,24600.0,0.0,1.0
2026-09-08,C,24800.0,0.0,0.0
2026-09-08,P,24800.0,0.0,0.0
2026-09-08,C,25000.0,0.0,0.0
2026-09-08,P,25000.0,0.0,0.0
2026-09-08,C,25200.0,0.0,0.0
2026-09-08,P,25200.0,0.0,0.0
2026-09-08,C,25400.0,0.0,0.0
2026-09-08,P,25400.0,0.0,0.0
2026-09-08,C,25500.0,0.0,0.0
2026-09-08,P,25500.0,0.0,8.0
2026-09-08,C,25600.0,0.0,0.0
2026-09-08,P,25600.0,0.0,3.0
2026-09-08,C,25800.0,0.0,0.0
2026-09-08,P,25800.0,0.0,6.0
2026-09-08,C,26000.0,0.0,0.0
2026-09-08,P,26000.0,0.0,12.0
2026-09-08,C,26200.0,0.0,0.0
2026-09-08,P,26200.0,0.0,125.0
2026-09-08,C,26400.0,0.0,0.0
2026-09-08,P,26400.0,0.0,5.0
2026-09-08,C,26500.0,0.0,0.0
2026-09-08,P,26500.0,0.0,21.0
2026-09-08,C,26600.0,0.0,0.0
2026-09-08,P,26600.0,0.0,15.0
2026-09-08,C,26800.0,0.0,0.0
2026-09-08,P,26800.0,0.0,9.0
2026-09-08,C,27000.0,0.0,0.0
2026-09-08,P,27000.0,0.0,260.0
2026-09-08,C,27200.0,0.0,0.0
2026-09-08,P,27200.0,0.0,22.0
2026-09-08,C,27400.0,0.0,0.0
2026-09-08,P,27400.0,0.0,96.0
2026-09-08,C,27500.0,0.0,0.0
2026-09-08,P,27500.0,0.0,7.0
2026-09-08,C,27600.0,0.0001,0.0
2026-09-08,P,27600.0,0.0001,1.0
2026-09-08,C,27700.0,0.0001,0.0
2026-09-08,P,27700.0,0.0001,10.0
2026-09-08,C,27750.0,0.0001,0.0
2026-09-08,P,27750.0,0.0001,24.0
2026-09-08,C,27800.0,0.0001,0.0
2026-09-08,P,27800.0,0.0001,1.0
2026-09-08,C,27850.0,0.0001,0.0
2026-09-08,P,27850.0,0.0001,12.0
2026-09-08,C,27900.0,0.0001,0.0
2026-09-08,P,27900.0,0.0001,8.0
2026-09-08,C,27950.0,0.0001,0.0
2026-09-08,P,27950.0,0.0001,2.0
2026-09-08,C,28000.0,0.0001,0.0
2026-09-08,P,28000.0,0.0001,11.0
2026-09-08,C,28025.0,0.0001,0.0
2026-09-08,P,28025.0,0.0001,0.0
2026-09-08,C,28050.0,0.0001,0.0
2026-09-08,P,28050.0,0.0001,0.0
2026-09-08,C,28075.0,0.0001,0.0
2026-09-08,P,28075.0,0.0001,7.0
2026-09-08,C,28100.0,0.0001,0.0
2026-09-08,P,28100.0,0.0001,5.0
2026-09-08,C,28125.0,0.0001,0.0
2026-09-08,P,28125.0,0.0001,6.0
2026-09-08,C,28150.0,0.0001,0.0
2026-09-08,P,28150.0,0.0001,10.0
2026-09-08,C,28175.0,0.0001,0.0
2026-09-08,P,28175.0,0.0001,11.0
2026-09-08,C,28200.0,0.0001,0.0
2026-09-08,P,28200.0,0.0001,13.0
2026-09-08,C,28225.0,0.0001,0.0
2026-09-08,P,28225.0,0.0001,7.0
2026-09-08,C,28250.0,0.0001,0.0
2026-09-08,P,28250.0,0.0001,11.0
2026-09-08,C,28275.0,0.0001,0.0
2026-09-08,P,28275.0,0.0001,8.0
2026-09-08,C,28300.0,0.0002,0.0
2026-09-08,P,28300.0,0.0002,5.0
2026-09-08,C,28325.0,0.0002,0.0
2026-09-08,P,28325.0,0.0002,5.0
2026-09-08,C,28350.0,0.0002,0.0
2026-09-08,P,28350.0,0.0002,5.0
2026-09-08,C,28375.0,0.0002,0.0
2026-09-08,P,28375.0,0.0002,7.0
2026-09-08,C,28400.0,0.0002,0.0
2026-09-08,P,28400.0,0.0002,6.0
2026-09-08,C,28425.0,0.0002,0.0
2026-09-08,P,28425.0,0.0002,4.0
2026-09-08,C,28450.0,0.0002,0.0
2026-09-08,P,28450.0,0.0002,1.0
2026-09-08,C,28475.0,0.0002,0.0
2026-09-08,P,28475.0,0.0002,1.0
2026-09-08,C,28500.0,0.0002,0.0
2026-09-08,P,28500.0,0.0002,4.0
2026-09-08,C,28525.0,0.0002,0.0
2026-09-08,P,28525.0,0.0002,1.0
2026-09-08,C,28550.0,0.0002,0.0
2026-09-08,P,28550.0,0.0002,4.0
2026-09-08,C,28575.0,0.0002,0.0
2026-09-08,P,28575.0,0.0002,4.0
2026-09-08,C,28600.0,0.0003,0.0
2026-09-08,P,28600.0,0.0003,4.0
2026-09-08,C,28625.0,0.0003,0.0
2026-09-08,P,28625.0,0.0003,4.0
2026-09-08,C,28650.0,0.0003,0.0
2026-09-08,P,28650.0,0.0003,3.0
2026-09-08,C,28675.0,0.0003,0.0
2026-09-08,P,28675.0,0.0003,5.0
2026-09-08,C,28700.0,0.0003,0.0
2026-09-08,P,28700.0,0.0003,9.0
2026-09-08,C,28725.0,0.0003,0.0
2026-09-08,P,28725.0,0.0003,0.0
2026-09-08,C,28750.0,0.0003,0.0
2026-09-08,P,28750.0,0.0003,8.0
2026-09-08,C,28775.0,0.0003,0.0
2026-09-08,P,28775.0,0.0003,0.0
2026-09-08,C,28800.0,0.0004,0.0
2026-09-08,P,28800.0,0.0004,7.0
2026-09-08,C,28825.0,0.0004,0.0
2026-09-08,P,28825.0,0.0004,0.0
2026-09-08,C,28850.0,0.0004,0.0
2026-09-08,P,28850.0,0.0004,1.0
2026-09-08,C,28875.0,0.0004,0.0
2026-09-08,P,28875.0,0.0004,0.0
2026-09-08,C,28900.0,0.0004,0.0
2026-09-08,P,28900.0,0.0004,3.0
2026-09-08,C,28925.0,0.0004,1.0
2026-09-08,P,28925.0,0.0004,1.0
2026-09-08,C,28950.0,0.0004,0.0
2026-09-08,P,28950.0,0.0004,6.0
2026-09-08,C,28975.0,0.0004,0.0
2026-09-08,P,28975.0,0.0004,0.0
2026-09-08,C,29000.0,0.0005,0.0
2026-09-08,P,29000.0,0.0005,16.0
2026-09-08,C,29025.0,0.0005,0.0
2026-09-08,P,29025.0,0.0005,1.0
2026-09-08,C,29050.0,0.0005,0.0
2026-09-08,P,29050.0,0.0005,0.0
2026-09-08,C,29075.0,0.0005,0.0
2026-09-08,P,29075.0,0.0005,2.0
2026-09-08,C,29100.0,0.0005,0.0
2026-09-08,P,29100.0,0.0005,2.0
2026-09-08,C,29125.0,0.0005,0.0
2026-09-08,P,29125.0,0.0005,5.0
2026-09-08,C,29150.0,0.0005,5.0
2026-09-08,P,29150.0,0.0005,8.0
2026-09-08,C,29175.0,0.0006,1.0
2026-09-08,P,29175.0,0.0006,0.0
2026-09-08,C,29200.0,0.0006,0.0
2026-09-08,P,29200.0,0.0006,4.0
2026-09-08,C,29225.0,0.0006,8.0
2026-09-08,P,29225.0,0.0006,3.0
2026-09-08,C,29250.0,0.0006,0.0
2026-09-08,P,29250.0,0.0006,0.0
2026-09-08,C,29275.0,0.0006,1.0
2026-09-08,P,29275.0,0.0006,0.0
2026-09-08,C,29300.0,0.0006,0.0
2026-09-08,P,29300.0,0.0006,8.0
2026-09-08,C,29325.0,0.0006,0.0
2026-09-08,P,29325.0,0.0006,0.0
2026-09-08,C,29350.0,0.0006,2.0
2026-09-08,P,29350.0,0.0006,1.0
2026-09-08,C,29375.0,0.0006,1.0
2026-09-08,P,29375.0,0.0006,1.0
2026-09-08,C,29400.0,0.0007,29.0
2026-09-08,P,29400.0,0.0007,27.0
2026-09-08,C,29425.0,0.0007,5.0
2026-09-08,P,29425.0,0.0007,0.0
2026-09-08,C,29450.0,0.0007,0.0
2026-09-08,P,29450.0,0.0007,2.0
2026-09-08,C,29475.0,0.0007,1.0
2026-09-08,P,29475.0,0.0007,0.0
2026-09-08,C,29500.0,0.0007,13.0
2026-09-08,P,29500.0,0.0007,5.0
2026-09-08,C,29525.0,0.0007,0.0
2026-09-08,P,29525.0,0.0007,0.0
2026-09-08,C,29550.0,0.0007,3.0
2026-09-08,P,29550.0,0.0007,0.0
2026-09-08,C,29575.0,0.0007,0.0
2026-09-08,P,29575.0,0.0007,0.0
2026-09-08,C,29600.0,0.0007,6.0
2026-09-08,P,29600.0,0.0007,1.0
2026-09-08,C,29625.0,0.0007,0.0
2026-09-08,P,29625.0,0.0007,1.0
2026-09-08,C,29650.0,0.0007,8.0
2026-09-08,P,29650.0,0.0007,0.0
2026-09-08,C,29675.0,0.0007,0.0
2026-09-08,P,29675.0,0.0007,0.0
2026-09-08,C,29700.0,0.0007,3.0
2026-09-08,P,29700.0,0.0007,2.0
2026-09-08,C,29725.0,0.0007,4.0
2026-09-08,P,29725.0,0.0007,2.0
2026-09-08,C,29750.0,0.0006,6.0
2026-09-08,P,29750.0,0.0006,0.0
2026-09-08,C,29775.0,0.0006,1.0
2026-09-08,P,29775.0,0.0006,0.0
2026-09-08,C,29800.0,0.0006,23.0
2026-09-08,P,29800.0,0.0006,0.0
2026-09-08,C,29825.0,0.0006,2.0
2026-09-08,P,29825.0,0.0006,0.0
2026-09-08,C,29850.0,0.0006,0.0
2026-09-08,P,29850.0,0.0006,0.0
2026-09-08,C,29875.0,0.0006,0.0
2026-09-08,P,29875.0,0.0006,0.0
2026-09-08,C,29900.0,0.0006,3.0
2026-09-08,P,29900.0,0.0006,1.0
2026-09-08,C,29925.0,0.0005,1.0
2026-09-08,P,29925.0,0.0005,0.0
2026-09-08,C,29950.0,0.0005,4.0
2026-09-08,P,29950.0,0.0005,0.0
2026-09-08,C,29975.0,0.0005,5.0
2026-09-08,P,29975.0,0.0005,0.0
2026-09-08,C,30000.0,0.0005,140.0
2026-09-08,P,30000.0,0.0005,0.0
2026-09-08,C,30025.0,0.0004,5.0
2026-09-08,P,30025.0,0.0004,0.0
2026-09-08,C,30050.0,0.0004,4.0
2026-09-08,P,30050.0,0.0004,0.0
2026-09-08,C,30075.0,0.0004,1.0
2026-09-08,P,30075.0,0.0004,0.0
2026-09-08,C,30100.0,0.0004,12.0
2026-09-08,P,30100.0,0.0004,0.0
2026-09-08,C,30125.0,0.0004,5.0
2026-09-08,P,30125.0,0.0004,0.0
2026-09-08,C,30150.0,0.0003,5.0
2026-09-08,P,30150.0,0.0003,0.0
2026-09-08,C,30175.0,0.0003,2.0
2026-09-08,P,30175.0,0.0003,0.0
2026-09-08,C,30200.0,0.0003,1.0
2026-09-08,P,30200.0,0.0003,1.0
2026-09-08,C,30225.0,0.0003,2.0
2026-09-08,P,30225.0,0.0003,0.0
2026-09-08,C,30250.0,0.0002,1.0
2026-09-08,P,30250.0,0.0002,0.0
2026-09-08,C,30275.0,0.0002,2.0
2026-09-08,P,30275.0,0.0002,0.0
2026-09-08,C,30300.0,0.0002,36.0
2026-09-08,P,30300.0,0.0002,0.0
2026-09-08,C,30325.0,0.0002,6.0
2026-09-08,P,30325.0,0.0002,0.0
2026-09-08,C,30350.0,0.0002,8.0
2026-09-08,P,30350.0,0.0002,0.0
2026-09-08,C,30375.0,0.0002,8.0
2026-09-08,P,30375.0,0.0002,0.0
2026-09-08,C,30400.0,0.0001,24.0
2026-09-08,P,30400.0,0.0001,0.0
2026-09-08,C,30425.0,0.0001,12.0
2026-09-08,P,30425.0,0.0001,0.0
2026-09-08,C,30450.0,0.0001,12.0
2026-09-08,P,30450.0,0.0001,0.0
2026-09-08,C,30475.0,0.0001,8.0
2026-09-08,P,30475.0,0.0001,0.0
2026-09-08,C,30500.0,0.0001,9.0
2026-09-08,P,30500.0,0.0001,0.0
2026-09-08,C,30525.0,0.0001,9.0
2026-09-08,P,30525.0,0.0001,0.0
2026-09-08,C,30550.0,0.0001,5.0
2026-09-08,P,30550.0,0.0001,0.0
2026-09-08,C,30575.0,0.0001,4.0
2026-09-08,P,30575.0,0.0001,0.0
2026-09-08,C,30600.0,0.0001,1.0
2026-09-08,P,30600.0,0.0001,0.0
2026-09-08,C,30625.0,0.0001,1.0
2026-09-08,P,30625.0,0.0001,0.0
2026-09-08,C,30650.0,0.0,28.0
2026-09-08,P,30650.0,0.0,0.0
2026-09-08,C,30675.0,0.0,3.0
2026-09-08,P,30675.0,0.0,0.0
2026-09-08,C,30700.0,0.0,5.0
2026-09-08,P,30700.0,0.0,0.0
2026-09-08,C,30750.0,0.0,1.0
2026-09-08,P,30750.0,0.0,0.0
2026-09-08,C,30800.0,0.0,3.0
2026-09-08,P,30800.0,0.0,0.0
2026-09-08,C,30850.0,0.0,1.0
2026-09-08,P,30850.0,0.0,0.0
2026-09-08,C,30900.0,0.0,50.0
2026-09-08,P,30900.0,0.0,0.0
2026-09-08,C,30950.0,0.0,0.0
2026-09-08,P,30950.0,0.0,0.0
2026-09-08,C,31000.0,0.0,83.0
2026-09-08,P,31000.0,0.0,0.0
2026-09-08,C,31050.0,0.0,0.0
2026-09-08,P,31050.0,0.0,0.0
2026-09-08,C,31100.0,0.0,1.0
2026-09-08,P,31100.0,0.0,0.0
2026-09-08,C,31200.0,0.0,2.0
2026-09-08,P,31200.0,0.0,0.0
2026-09-08,C,31300.0,0.0,0.0
2026-09-08,P,31300.0,0.0,0.0
2026-09-08,C,31400.0,0.0,1.0
2026-09-08,P,31400.0,0.0,0.0
2026-09-08,C,31500.0,0.0,50.0
2026-09-08,P,31500.0,0.0,0.0
2026-09-08,C,31600.0,0.0,11.0
2026-09-08,P,31600.0,0.0,0.0
2026-09-08,C,31800.0,0.0,3.0
2026-09-08,P,31800.0,0.0,0.0
2026-09-08,C,32000.0,0.0,40.0
2026-09-08,P,32000.0,0.0,0.0
2026-09-08,C,32200.0,0.0,1.0
2026-09-08,P,32200.0,0.0,0.0
2026-09-08,C,32400.0,0.0,1.0
2026-09-08,P,32400.0,0.0,0.0
2026-09-08,C,32500.0,0.0,1.0
2026-09-08,P,32500.0,0.0,0.0
2026-09-08,C,32600.0,0.0,3.0
2026-09-08,P,32600.0,0.0,0.0
2026-09-08,C,32800.0,0.0,0.0
2026-09-08,P,32800.0,0.0,0.0
2026-09-08,C,33000.0,0.0,3.0
2026-09-08,P,33000.0,0.0,0.0
2026-09-08,C,33500.0,0.0,1.0
2026-09-08,P,33500.0,0.0,0.0
2026-09-08,C,34000.0,0.0,4.0
2026-09-08,P,34000.0,0.0,0.0
2026-09-08,C,34500.0,0.0,1.0
2026-09-08,P,34500.0,0.0,0.0
2026-09-08,C,35000.0,0.0,1.0
2026-09-08,P,35000.0,0.0,0.0
2026-09-08,C,35500.0,0.0,0.0
2026-09-08,P,35500.0,0.0,0.0
2026-09-08,C,36000.0,0.0,0.0
2026-09-08,P,36000.0,0.0,0.0
2026-09-08,C,37000.0,0.0,0.0
2026-09-08,P,37000.0,0.0,0.0
2026-09-08,C,38000.0,0.0,1.0
2026-09-08,P,38000.0,0.0,0.0
2026-09-08,C,39000.0,0.0,1.0
2026-09-08,P,39000.0,0.0,0.0
2026-09-09,C,15000.0,0.0,0.0
2026-09-09,P,15000.0,0.0,0.0
2026-09-09,C,16000.0,0.0,0.0
2026-09-09,P,16000.0,0.0,0.0
2026-09-09,C,17000.0,0.0,0.0
2026-09-09,P,17000.0,0.0,0.0
2026-09-09,C,18000.0,0.0,0.0
2026-09-09,P,18000.0,0.0,0.0
2026-09-09,C,19000.0,0.0,0.0
2026-09-09,P,19000.0,0.0,0.0
2026-09-09,C,20000.0,0.0,0.0
2026-09-09,P,20000.0,0.0,1.0
2026-09-09,C,21000.0,0.0,0.0
2026-09-09,P,21000.0,0.0,3.0
2026-09-09,C,22000.0,0.0,0.0
2026-09-09,P,22000.0,0.0,3.0
2026-09-09,C,22500.0,0.0,0.0
2026-09-09,P,22500.0,0.0,5.0
2026-09-09,C,23000.0,0.0,0.0
2026-09-09,P,23000.0,0.0,4.0
2026-09-09,C,23500.0,0.0,0.0
2026-09-09,P,23500.0,0.0,8.0
2026-09-09,C,24000.0,0.0,0.0
2026-09-09,P,24000.0,0.0,6.0
2026-09-09,C,24500.0,0.0,0.0
2026-09-09,P,24500.0,0.0,2.0
2026-09-09,C,25000.0,0.0,0.0
2026-09-09,P,25000.0,0.0,0.0
2026-09-09,C,25200.0,0.0,0.0
2026-09-09,P,25200.0,0.0,0.0
2026-09-09,C,25400.0,0.0,0.0
2026-09-09,P,25400.0,0.0,0.0
2026-09-09,C,25500.0,0.0,0.0
2026-09-09,P,25500.0,0.0,3.0
2026-09-09,C,25600.0,0.0,0.0
2026-09-09,P,25600.0,0.0,0.0
2026-09-09,C,25800.0,0.0,0.0
2026-09-09,P,25800.0,0.0,0.0
2026-09-09,C,26000.0,0.0,0.0
2026-09-09,P,26000.0,0.0,4.0
2026-09-09,C,26200.0,0.0,0.0
2026-09-09,P,26200.0,0.0,5.0
2026-09-09,C,26400.0,0.0,0.0
2026-09-09,P,26400.0,0.0,3.0
2026-09-09,C,26500.0,0.0,0.0
2026-09-09,P,26500.0,0.0,0.0
2026-09-09,C,26600.0,0.0,0.0
2026-09-09,P,26600.0,0.0,0.0
2026-09-09,C,26800.0,0.0,0.0
2026-09-09,P,26800.0,0.0,2.0
2026-09-09,C,27000.0,0.0,0.0
2026-09-09,P,27000.0,0.0,12.0
2026-09-09,C,27200.0,0.0,0.0
2026-09-09,P,27200.0,0.0,0.0
2026-09-09,C,27400.0,0.0,1.0
2026-09-09,P,27400.0,0.0,4.0
2026-09-09,C,27500.0,0.0001,0.0
2026-09-09,P,27500.0,0.0001,13.0
2026-09-09,C,27600.0,0.0001,1.0
2026-09-09,P,27600.0,0.0001,5.0
2026-09-09,C,27700.0,0.0001,0.0
2026-09-09,P,27700.0,0.0001,16.0
2026-09-09,C,27750.0,0.0001,0.0
2026-09-09,P,27750.0,0.0001,6.0
2026-09-09,C,27800.0,0.0001,0.0
2026-09-09,P,27800.0,0.0001,0.0
2026-09-09,C,27850.0,0.0001,0.0
2026-09-09,P,27850.0,0.0001,0.0
2026-09-09,C,27900.0,0.0001,0.0
2026-09-09,P,27900.0,0.0001,10.0
2026-09-09,C,27950.0,0.0001,0.0
2026-09-09,P,27950.0,0.0001,0.0
2026-09-09,C,28000.0,0.0001,0.0
2026-09-09,P,28000.0,0.0001,0.0
2026-09-09,C,28025.0,0.0001,0.0
2026-09-09,P,28025.0,0.0001,0.0
2026-09-09,C,28050.0,0.0001,0.0
2026-09-09,P,28050.0,0.0001,0.0
2026-09-09,C,28075.0,0.0001,0.0
2026-09-09,P,28075.0,0.0001,0.0
2026-09-09,C,28100.0,0.0001,0.0
2026-09-09,P,28100.0,0.0001,0.0
2026-09-09,C,28125.0,0.0001,0.0
2026-09-09,P,28125.0,0.0001,0.0
2026-09-09,C,28150.0,0.0001,0.0
2026-09-09,P,28150.0,0.0001,0.0
2026-09-09,C,28175.0,0.0001,0.0
2026-09-09,P,28175.0,0.0001,0.0
2026-09-09,C,28200.0,0.0001,0.0
2026-09-09,P,28200.0,0.0001,1.0
2026-09-09,C,28225.0,0.0002,0.0
2026-09-09,P,28225.0,0.0002,0.0
2026-09-09,C,28250.0,0.0002,0.0
2026-09-09,P,28250.0,0.0002,0.0
2026-09-09,C,28275.0,0.0002,0.0
2026-09-09,P,28275.0,0.0002,0.0
2026-09-09,C,28300.0,0.0002,0.0
2026-09-09,P,28300.0,0.0002,1.0
2026-09-09,C,28325.0,0.0002,0.0
2026-09-09,P,28325.0,0.0002,0.0
2026-09-09,C,28350.0,0.0002,0.0
2026-09-09,P,28350.0,0.0002,0.0
2026-09-09,C,28375.0,0.0002,0.0
2026-09-09,P,28375.0,0.0002,1.0
2026-09-09,C,28400.0,0.0002,0.0
2026-09-09,P,28400.0,0.0002,1.0
2026-09-09,C,28425.0,0.0002,0.0
2026-09-09,P,28425.0,0.0002,1.0
2026-09-09,C,28450.0,0.0002,0.0
2026-09-09,P,28450.0,0.0002,3.0
2026-09-09,C,28475.0,0.0002,0.0
2026-09-09,P,28475.0,0.0002,0.0
2026-09-09,C,28500.0,0.0002,0.0
2026-09-09,P,28500.0,0.0002,1.0
2026-09-09,C,28525.0,0.0002,0.0
2026-09-09,P,28525.0,0.0002,1.0
2026-09-09,C,28550.0,0.0002,0.0
2026-09-09,P,28550.0,0.0002,0.0
2026-09-09,C,28575.0,0.0002,0.0
2026-09-09,P,28575.0,0.0002,0.0
2026-09-09,C,28600.0,0.0003,0.0
2026-09-09,P,28600.0,0.0003,0.0
2026-09-09,C,28625.0,0.0003,0.0
2026-09-09,P,28625.0,0.0003,3.0
2026-09-09,C,28650.0,0.0003,0.0
2026-09-09,P,28650.0,0.0003,0.0
2026-09-09,C,28675.0,0.0003,0.0
2026-09-09,P,28675.0,0.0003,0.0
2026-09-09,C,28700.0,0.0003,7.0
2026-09-09,P,28700.0,0.0003,1.0
2026-09-09,C,28725.0,0.0003,0.0
2026-09-09,P,28725.0,0.0003,1.0
2026-09-09,C,28750.0,0.0003,0.0
2026-09-09,P,28750.0,0.0003,0.0
2026-09-09,C,28775.0,0.0003,0.0
2026-09-09,P,28775.0,0.0003,3.0
2026-09-09,C,28800.0,0.0003,7.0
2026-09-09,P,28800.0,0.0003,3.0
2026-09-09,C,28825.0,0.0004,0.0
2026-09-09,P,28825.0,0.0004,3.0
2026-09-09,C,28850.0,0.0004,0.0
2026-09-09,P,28850.0,0.0004,4.0
2026-09-09,C,28875.0,0.0004,0.0
2026-09-09,P,28875.0,0.0004,0.0
2026-09-09,C,28900.0,0.0004,2.0
2026-09-09,P,28900.0,0.0004,3.0
2026-09-09,C,28925.0,0.0004,0.0
2026-09-09,P,28925.0,0.0004,0.0
2026-09-09,C,28950.0,0.0004,0.0
2026-09-09,P,28950.0,0.0004,2.0
2026-09-09,C,28975.0,0.0004,0.0
2026-09-09,P,28975.0,0.0004,0.0
2026-09-09,C,29000.0,0.0004,4.0
2026-09-09,P,29000.0,0.0004,10.0
2026-09-09,C,29025.0,0.0004,0.0
2026-09-09,P,29025.0,0.0004,0.0
2026-09-09,C,29050.0,0.0005,0.0
2026-09-09,P,29050.0,0.0005,0.0
2026-09-09,C,29075.0,0.0005,0.0
2026-09-09,P,29075.0,0.0005,2.0
2026-09-09,C,29100.0,0.0005,2.0
2026-09-09,P,29100.0,0.0005,0.0
2026-09-09,C,29125.0,0.0005,0.0
2026-09-09,P,29125.0,0.0005,0.0
2026-09-09,C,29150.0,0.0005,0.0
2026-09-09,P,29150.0,0.0005,4.0
2026-09-09,C,29175.0,0.0005,0.0
2026-09-09,P,29175.0,0.0005,3.0
2026-09-09,C,29200.0,0.0005,4.0
2026-09-09,P,29200.0,0.0005,9.0
2026-09-09,C,29225.0,0.0005,0.0
2026-09-09,P,29225.0,0.0005,3.0
2026-09-09,C,29250.0,0.0006,0.0
2026-09-09,P,29250.0,0.0006,6.0
2026-09-09,C,29275.0,0.0006,0.0
2026-09-09,P,29275.0,0.0006,0.0
2026-09-09,C,29300.0,0.0006,0.0
2026-09-09,P,29300.0,0.0006,0.0
2026-09-09,C,29325.0,0.0006,0.0
2026-09-09,P,29325.0,0.0006,0.0
2026-09-09,C,29350.0,0.0006,0.0
2026-09-09,P,29350.0,0.0006,0.0
2026-09-09,C,29375.0,0.0006,1.0
2026-09-09,P,29375.0,0.0006,1.0
2026-09-09,C,29400.0,0.0006,1.0
2026-09-09,P,29400.0,0.0006,0.0
2026-09-09,C,29425.0,0.0006,0.0
2026-09-09,P,29425.0,0.0006,1.0
2026-09-09,C,29450.0,0.0006,0.0
2026-09-09,P,29450.0,0.0006,0.0
2026-09-09,C,29475.0,0.0006,0.0
2026-09-09,P,29475.0,0.0006,0.0
2026-09-09,C,29500.0,0.0006,0.0
2026-09-09,P,29500.0,0.0006,4.0
2026-09-09,C,29525.0,0.0006,0.0
2026-09-09,P,29525.0,0.0006,0.0
2026-09-09,C,29550.0,0.0006,0.0
2026-09-09,P,29550.0,0.0006,4.0
2026-09-09,C,29575.0,0.0006,0.0
2026-09-09,P,29575.0,0.0006,0.0
2026-09-09,C,29600.0,0.0006,1.0
2026-09-09,P,29600.0,0.0006,2.0
2026-09-09,C,29625.0,0.0006,5.0
2026-09-09,P,29625.0,0.0006,0.0
2026-09-09,C,29650.0,0.0006,0.0
2026-09-09,P,29650.0,0.0006,0.0
2026-09-09,C,29675.0,0.0006,1.0
2026-09-09,P,29675.0,0.0006,0.0
2026-09-09,C,29700.0,0.0006,5.0
2026-09-09,P,29700.0,0.0006,4.0
2026-09-09,C,29725.0,0.0006,100.0
2026-09-09,P,29725.0,0.0006,0.0
2026-09-09,C,29750.0,0.0006,1.0
2026-09-09,P,29750.0,0.0006,0.0
2026-09-09,C,29775.0,0.0006,3.0
2026-09-09,P,29775.0,0.0006,0.0
2026-09-09,C,29800.0,0.0006,12.0
2026-09-09,P,29800.0,0.0006,0.0
2026-09-09,C,29825.0,0.0006,1.0
2026-09-09,P,29825.0,0.0006,0.0
2026-09-09,C,29850.0,0.0006,7.0
2026-09-09,P,29850.0,0.0006,1.0
2026-09-09,C,29875.0,0.0006,1.0
2026-09-09,P,29875.0,0.0006,0.0
2026-09-09,C,29900.0,0.0005,1.0
2026-09-09,P,29900.0,0.0005,1.0
2026-09-09,C,29925.0,0.0005,0.0
2026-09-09,P,29925.0,0.0005,0.0
2026-09-09,C,29950.0,0.0005,1.0
2026-09-09,P,29950.0,0.0005,0.0
2026-09-09,C,29975.0,0.0005,1.0
2026-09-09,P,29975.0,0.0005,0.0
2026-09-09,C,30000.0,0.0005,7.0
2026-09-09,P,30000.0,0.0005,1.0
2026-09-09,C,30025.0,0.0004,2.0
2026-09-09,P,30025.0,0.0004,0.0
2026-09-09,C,30050.0,0.0004,1.0
2026-09-09,P,30050.0,0.0004,0.0
2026-09-09,C,30075.0,0.0004,2.0
2026-09-09,P,30075.0,0.0004,0.0
2026-09-09,C,30100.0,0.0004,68.0
2026-09-09,P,30100.0,0.0004,0.0
2026-09-09,C,30125.0,0.0004,1.0
2026-09-09,P,30125.0,0.0004,0.0
2026-09-09,C,30150.0,0.0004,3.0
2026-09-09,P,30150.0,0.0004,0.0
2026-09-09,C,30175.0,0.0003,0.0
2026-09-09,P,30175.0,0.0003,2.0
2026-09-09,C,30200.0,0.0003,5.0
2026-09-09,P,30200.0,0.0003,0.0
2026-09-09,C,30225.0,0.0003,0.0
2026-09-09,P,30225.0,0.0003,0.0
2026-09-09,C,30250.0,0.0003,1.0
2026-09-09,P,30250.0,0.0003,1.0
2026-09-09,C,30275.0,0.0003,1.0
2026-09-09,P,30275.0,0.0003,1.0
2026-09-09,C,30300.0,0.0002,0.0
2026-09-09,P,30300.0,0.0002,0.0
2026-09-09,C,30325.0,0.0002,0.0
2026-09-09,P,30325.0,0.0002,0.0
2026-09-09,C,30350.0,0.0002,27.0
2026-09-09,P,30350.0,0.0002,0.0
2026-09-09,C,30375.0,0.0002,0.0
2026-09-09,P,30375.0,0.0002,0.0
2026-09-09,C,30400.0,0.0002,0.0
2026-09-09,P,30400.0,0.0002,0.0
2026-09-09,C,30425.0,0.0002,0.0
2026-09-09,P,30425.0,0.0002,0.0
2026-09-09,C,30450.0,0.0002,1.0
2026-09-09,P,30450.0,0.0002,0.0
2026-09-09,C,30475.0,0.0001,1.0
2026-09-09,P,30475.0,0.0001,0.0
2026-09-09,C,30500.0,0.0001,6.0
2026-09-09,P,30500.0,0.0001,0.0
2026-09-09,C,30525.0,0.0001,0.0
2026-09-09,P,30525.0,0.0001,0.0
2026-09-09,C,30550.0,0.0001,0.0
2026-09-09,P,30550.0,0.0001,0.0
2026-09-09,C,30575.0,0.0001,0.0
2026-09-09,P,30575.0,0.0001,0.0
2026-09-09,C,30600.0,0.0001,2.0
2026-09-09,P,30600.0,0.0001,0.0
2026-09-09,C,30625.0,0.0001,0.0
2026-09-09,P,30625.0,0.0001,0.0
2026-09-09,C,30650.0,0.0001,1.0
2026-09-09,P,30650.0,0.0001,0.0
2026-09-09,C,30675.0,0.0001,0.0
2026-09-09,P,30675.0,0.0001,0.0
2026-09-09,C,30700.0,0.0001,0.0
2026-09-09,P,30700.0,0.0001,0.0
2026-09-09,C,30750.0,0.0001,0.0
2026-09-09,P,30750.0,0.0001,0.0
2026-09-09,C,30800.0,0.0001,0.0
2026-09-09,P,30800.0,0.0001,0.0
2026-09-09,C,30850.0,0.0,0.0
2026-09-09,P,30850.0,0.0,0.0
2026-09-09,C,30900.0,0.0,0.0
2026-09-09,P,30900.0,0.0,0.0
2026-09-09,C,30950.0,0.0,0.0
2026-09-09,P,30950.0,0.0,0.0
2026-09-09,C,31000.0,0.0,100.0
2026-09-09,P,31000.0,0.0,0.0
2026-09-09,C,31050.0,0.0,0.0
2026-09-09,P,31050.0,0.0,0.0
2026-09-09,C,31100.0,0.0,4.0
2026-09-09,P,31100.0,0.0,0.0
2026-09-09,C,31200.0,0.0,11.0
2026-09-09,P,31200.0,0.0,0.0
2026-09-09,C,31300.0,0.0,0.0
2026-09-09,P,31300.0,0.0,0.0
2026-09-09,C,31400.0,0.0,2.0
2026-09-09,P,31400.0,0.0,0.0
2026-09-09,C,31500.0,0.0,22.0
2026-09-09,P,31500.0,0.0,0.0
2026-09-09,C,31600.0,0.0,1.0
2026-09-09,P,31600.0,0.0,0.0
2026-09-09,C,31800.0,0.0,57.0
2026-09-09,P,31800.0,0.0,0.0
2026-09-09,C,32000.0,0.0,14.0
2026-09-09,P,32000.0,0.0,0.0
2026-09-09,C,32200.0,0.0,0.0
2026-09-09,P,32200.0,0.0,0.0
2026-09-09,C,32400.0,0.0,79.0
2026-09-09,P,32400.0,0.0,0.0
2026-09-09,C,32500.0,0.0,0.0
2026-09-09,P,32500.0,0.0,0.0
2026-09-09,C,32600.0,0.0,0.0
2026-09-09,P,32600.0,0.0,0.0
2026-09-09,C,32800.0,0.0,0.0
2026-09-09,P,32800.0,0.0,0.0
2026-09-09,C,33000.0,0.0,0.0
2026-09-09,P,33000.0,0.0,0.0
2026-09-09,C,33500.0,0.0,0.0
2026-09-09,P,33500.0,0.0,0.0
2026-09-09,C,34000.0,0.0,0.0
2026-09-09,P,34000.0,0.0,0.0
2026-09-09,C,34500.0,0.0,4.0
2026-09-09,P,34500.0,0.0,0.0
2026-09-09,C,35000.0,0.0,3.0
2026-09-09,P,35000.0,0.0,0.0
2026-09-09,C,35500.0,0.0,0.0
2026-09-09,P,35500.0,0.0,0.0
2026-09-09,C,36000.0,0.0,0.0
2026-09-09,P,36000.0,0.0,0.0
2026-09-09,C,37000.0,0.0,1.0
2026-09-09,P,37000.0,0.0,0.0
2026-09-09,C,38000.0,0.0,0.0
2026-09-09,P,38000.0,0.0,0.0
2026-09-09,C,39000.0,0.0,0.0
2026-09-09,P,39000.0,0.0,0.0
2026-09-10,C,15000.0,0.0,0.0
2026-09-10,P,15000.0,0.0,0.0
2026-09-10,C,16000.0,0.0,0.0
2026-09-10,P,16000.0,0.0,0.0
2026-09-10,C,17000.0,0.0,0.0
2026-09-10,P,17000.0,0.0,0.0
2026-09-10,C,18000.0,0.0,0.0
2026-09-10,P,18000.0,0.0,0.0
2026-09-10,C,19000.0,0.0,0.0
2026-09-10,P,19000.0,0.0,2.0
2026-09-10,C,20000.0,0.0,0.0
2026-09-10,P,20000.0,0.0,3.0
2026-09-10,C,21000.0,0.0,0.0
2026-09-10,P,21000.0,0.0,3.0
2026-09-10,C,22000.0,0.0,0.0
2026-09-10,P,22000.0,0.0,4.0
2026-09-10,C,22500.0,0.0,0.0
2026-09-10,P,22500.0,0.0,3.0
2026-09-10,C,23000.0,0.0,0.0
2026-09-10,P,23000.0,0.0,4.0
2026-09-10,C,23500.0,0.0,0.0
2026-09-10,P,23500.0,0.0,2.0
2026-09-10,C,24000.0,0.0,0.0
2026-09-10,P,24000.0,0.0,2.0
2026-09-10,C,24500.0,0.0,0.0
2026-09-10,P,24500.0,0.0,3.0
2026-09-10,C,25000.0,0.0,0.0
2026-09-10,P,25000.0,0.0,0.0
2026-09-10,C,25200.0,0.0,0.0
2026-09-10,P,25200.0,0.0,0.0
2026-09-10,C,25400.0,0.0,0.0
2026-09-10,P,25400.0,0.0,1.0
2026-09-10,C,25500.0,0.0,0.0
2026-09-10,P,25500.0,0.0,2.0
2026-09-10,C,25600.0,0.0,0.0
2026-09-10,P,25600.0,0.0,1.0
2026-09-10,C,25800.0,0.0,0.0
2026-09-10,P,25800.0,0.0,0.0
2026-09-10,C,26000.0,0.0,0.0
2026-09-10,P,26000.0,0.0,0.0
2026-09-10,C,26200.0,0.0,0.0
2026-09-10,P,26200.0,0.0,1.0
2026-09-10,C,26400.0,0.0,0.0
2026-09-10,P,26400.0,0.0,6.0
2026-09-10,C,26500.0,0.0,0.0
2026-09-10,P,26500.0,0.0,1.0
2026-09-10,C,26600.0,0.0,0.0
2026-09-10,P,26600.0,0.0,0.0
2026-09-10,C,26800.0,0.0,0.0
2026-09-10,P,26800.0,0.0,44.0
2026-09-10,C,27000.0,0.0,0.0
2026-09-10,P,27000.0,0.0,52.0
2026-09-10,C,27200.0,0.0,0.0
2026-09-10,P,27200.0,0.0,5.0
2026-09-10,C,27400.0,0.0001,0.0
2026-09-10,P,27400.0,0.0001,5.0
2026-09-10,C,27500.0,0.0001,1.0
2026-09-10,P,27500.0,0.0001,6.0
2026-09-10,C,27600.0,0.0001,1.0
2026-09-10,P,27600.0,0.0001,5.0
2026-09-10,C,27700.0,0.0001,0.0
2026-09-10,P,27700.0,0.0001,9.0
2026-09-10,C,27750.0,0.0001,0.0
2026-09-10,P,27750.0,0.0001,5.0
2026-09-10,C,27800.0,0.0001,0.0
2026-09-10,P,27800.0,0.0001,1.0
2026-09-10,C,27850.0,0.0001,0.0
2026-09-10,P,27850.0,0.0001,0.0
2026-09-10,C,27900.0,0.0001,0.0
2026-09-10,P,27900.0,0.0001,0.0
2026-09-10,C,27950.0,0.0001,0.0
2026-09-10,P,27950.0,0.0001,0.0
2026-09-10,C,28000.0,0.0001,0.0
2026-09-10,P,28000.0,0.0001,1.0
2026-09-10,C,28025.0,0.0001,0.0
2026-09-10,P,28025.0,0.0001,0.0
2026-09-10,C,28050.0,0.0001,0.0
2026-09-10,P,28050.0,0.0001,0.0
2026-09-10,C,28075.0,0.0001,0.0
2026-09-10,P,28075.0,0.0001,0.0
2026-09-10,C,28100.0,0.0001,0.0
2026-09-10,P,28100.0,0.0001,1.0
2026-09-10,C,28125.0,0.0001,0.0
2026-09-10,P,28125.0,0.0001,0.0
2026-09-10,C,28150.0,0.0001,0.0
2026-09-10,P,28150.0,0.0001,0.0
2026-09-10,C,28175.0,0.0001,0.0
2026-09-10,P,28175.0,0.0001,0.0
2026-09-10,C,28200.0,0.0002,0.0
2026-09-10,P,28200.0,0.0002,18.0
2026-09-10,C,28225.0,0.0002,0.0
2026-09-10,P,28225.0,0.0002,0.0
2026-09-10,C,28250.0,0.0002,0.0
2026-09-10,P,28250.0,0.0002,0.0
2026-09-10,C,28275.0,0.0002,0.0
2026-09-10,P,28275.0,0.0002,0.0
2026-09-10,C,28300.0,0.0002,0.0
2026-09-10,P,28300.0,0.0002,2.0
2026-09-10,C,28325.0,0.0002,0.0
2026-09-10,P,28325.0,0.0002,0.0
2026-09-10,C,28350.0,0.0002,0.0
2026-09-10,P,28350.0,0.0002,2.0
2026-09-10,C,28375.0,0.0002,0.0
2026-09-10,P,28375.0,0.0002,0.0
2026-09-10,C,28400.0,0.0002,0.0
2026-09-10,P,28400.0,0.0002,0.0
2026-09-10,C,28425.0,0.0002,0.0
2026-09-10,P,28425.0,0.0002,0.0
2026-09-10,C,28450.0,0.0002,0.0
2026-09-10,P,28450.0,0.0002,1.0
2026-09-10,C,28475.0,0.0002,0.0
2026-09-10,P,28475.0,0.0002,1.0
2026-09-10,C,28500.0,0.0002,0.0
2026-09-10,P,28500.0,0.0002,0.0
2026-09-10,C,28525.0,0.0002,0.0
2026-09-10,P,28525.0,0.0002,2.0
2026-09-10,C,28550.0,0.0002,0.0
2026-09-10,P,28550.0,0.0002,0.0
2026-09-10,C,28575.0,0.0003,0.0
2026-09-10,P,28575.0,0.0003,0.0
2026-09-10,C,28600.0,0.0003,0.0
2026-09-10,P,28600.0,0.0003,17.0
2026-09-10,C,28625.0,0.0003,0.0
2026-09-10,P,28625.0,0.0003,0.0
2026-09-10,C,28650.0,0.0003,0.0
2026-09-10,P,28650.0,0.0003,36.0
2026-09-10,C,28675.0,0.0003,0.0
2026-09-10,P,28675.0,0.0003,5.0
2026-09-10,C,28700.0,0.0003,0.0
2026-09-10,P,28700.0,0.0003,6.0
2026-09-10,C,28725.0,0.0003,0.0
2026-09-10,P,28725.0,0.0003,1.0
2026-09-10,C,28750.0,0.0003,0.0
2026-09-10,P,28750.0,0.0003,2.0
2026-09-10,C,28775.0,0.0003,0.0
2026-09-10,P,28775.0,0.0003,2.0
2026-09-10,C,28800.0,0.0003,0.0
2026-09-10,P,28800.0,0.0003,5.0
2026-09-10,C,28825.0,0.0004,0.0
2026-09-10,P,28825.0,0.0004,0.0
2026-09-10,C,28850.0,0.0004,0.0
2026-09-10,P,28850.0,0.0004,0.0
2026-09-10,C,28875.0,0.0004,0.0
2026-09-10,P,28875.0,0.0004,0.0
2026-09-10,C,28900.0,0.0004,0.0
2026-09-10,P,28900.0,0.0004,0.0
2026-09-10,C,28925.0,0.0004,0.0
2026-09-10,P,28925.0,0.0004,0.0
2026-09-10,C,28950.0,0.0004,0.0
2026-09-10,P,28950.0,0.0004,2.0
2026-09-10,C,28975.0,0.0004,0.0
2026-09-10,P,28975.0,0.0004,0.0
2026-09-10,C,29000.0,0.0004,0.0
2026-09-10,P,29000.0,0.0004,6.0
2026-09-10,C,29025.0,0.0004,0.0
2026-09-10,P,29025.0,0.0004,0.0
2026-09-10,C,29050.0,0.0004,0.0
2026-09-10,P,29050.0,0.0004,1.0
2026-09-10,C,29075.0,0.0004,1.0
2026-09-10,P,29075.0,0.0004,1.0
2026-09-10,C,29100.0,0.0005,0.0
2026-09-10,P,29100.0,0.0005,9.0
2026-09-10,C,29125.0,0.0005,4.0
2026-09-10,P,29125.0,0.0005,0.0
2026-09-10,C,29150.0,0.0005,1.0
2026-09-10,P,29150.0,0.0005,4.0
2026-09-10,C,29175.0,0.0005,0.0
2026-09-10,P,29175.0,0.0005,35.0
2026-09-10,C,29200.0,0.0005,3.0
2026-09-10,P,29200.0,0.0005,6.0
2026-09-10,C,29225.0,0.0005,4.0
2026-09-10,P,29225.0,0.0005,2.0
2026-09-10,C,29250.0,0.0005,0.0
2026-09-10,P,29250.0,0.0005,0.0
2026-09-10,C,29275.0,0.0005,34.0
2026-09-10,P,29275.0,0.0005,0.0
2026-09-10,C,29300.0,0.0005,3.0
2026-09-10,P,29300.0,0.0005,3.0
2026-09-10,C,29325.0,0.0005,0.0
2026-09-10,P,29325.0,0.0005,0.0
2026-09-10,C,29350.0,0.0005,0.0
2026-09-10,P,29350.0,0.0005,4.0
2026-09-10,C,29375.0,0.0006,5.0
2026-09-10,P,29375.0,0.0006,0.0
2026-09-10,C,29400.0,0.0006,0.0
2026-09-10,P,29400.0,0.0006,8.0
2026-09-10,C,29425.0,0.0006,2.0
2026-09-10,P,29425.0,0.0006,0.0
2026-09-10,C,29450.0,0.0006,1.0
2026-09-10,P,29450.0,0.0006,1.0
2026-09-10,C,29475.0,0.0006,1.0
2026-09-10,P,29475.0,0.0006,0.0
2026-09-10,C,29500.0,0.0006,0.0
2026-09-10,P,29500.0,0.0006,1.0
2026-09-10,C,29525.0,0.0006,0.0
2026-09-10,P,29525.0,0.0006,1.0
2026-09-10,C,29550.0,0.0006,1.0
2026-09-10,P,29550.0,0.0006,1.0
2026-09-10,C,29575.0,0.0006,2.0
2026-09-10,P,29575.0,0.0006,0.0
2026-09-10,C,29600.0,0.0006,35.0
2026-09-10,P,29600.0,0.0006,2.0
2026-09-10,C,29625.0,0.0006,0.0
2026-09-10,P,29625.0,0.0006,0.0
2026-09-10,C,29650.0,0.0006,1.0
2026-09-10,P,29650.0,0.0006,0.0
2026-09-10,C,29675.0,0.0006,5.0
2026-09-10,P,29675.0,0.0006,0.0
2026-09-10,C,29700.0,0.0006,9.0
2026-09-10,P,29700.0,0.0006,0.0
2026-09-10,C,29725.0,0.0006,3.0
2026-09-10,P,29725.0,0.0006,0.0
2026-09-10,C,29750.0,0.0006,1.0
2026-09-10,P,29750.0,0.0006,0.0
2026-09-10,C,29775.0,0.0006,1.0
2026-09-10,P,29775.0,0.0006,0.0
2026-09-10,C,29800.0,0.0006,1.0
2026-09-10,P,29800.0,0.0006,0.0
2026-09-10,C,29825.0,0.0005,0.0
2026-09-10,P,29825.0,0.0005,0.0
2026-09-10,C,29850.0,0.0005,4.0
2026-09-10,P,29850.0,0.0005,0.0
2026-09-10,C,29875.0,0.0005,0.0
2026-09-10,P,29875.0,0.0005,0.0
2026-09-10,C,29900.0,0.0005,1.0
2026-09-10,P,29900.0,0.0005,0.0
2026-09-10,C,29925.0,0.0005,0.0
2026-09-10,P,29925.0,0.0005,0.0
2026-09-10,C,29950.0,0.0005,0.0
2026-09-10,P,29950.0,0.0005,0.0
2026-09-10,C,29975.0,0.0005,0.0
2026-09-10,P,29975.0,0.0005,0.0
2026-09-10,C,30000.0,0.0005,9.0
2026-09-10,P,30000.0,0.0005,6.0
2026-09-10,C,30025.0,0.0004,0.0
2026-09-10,P,30025.0,0.0004,0.0
2026-09-10,C,30050.0,0.0004,2.0
2026-09-10,P,30050.0,0.0004,0.0
2026-09-10,C,30075.0,0.0004,0.0
2026-09-10,P,30075.0,0.0004,0.0
2026-09-10,C,30100.0,0.0004,1.0
2026-09-10,P,30100.0,0.0004,1.0
2026-09-10,C,30125.0,0.0004,0.0
2026-09-10,P,30125.0,0.0004,0.0
2026-09-10,C,30150.0,0.0004,1.0
2026-09-10,P,30150.0,0.0004,0.0
2026-09-10,C,30175.0,0.0004,0.0
2026-09-10,P,30175.0,0.0004,0.0
2026-09-10,C,30200.0,0.0003,41.0
2026-09-10,P,30200.0,0.0003,0.0
2026-09-10,C,30225.0,0.0003,1.0
2026-09-10,P,30225.0,0.0003,0.0
2026-09-10,C,30250.0,0.0003,1.0
2026-09-10,P,30250.0,0.0003,0.0
2026-09-10,C,30275.0,0.0003,0.0
2026-09-10,P,30275.0,0.0003,0.0
2026-09-10,C,30300.0,0.0003,40.0
2026-09-10,P,30300.0,0.0003,0.0
2026-09-10,C,30325.0,0.0003,1.0
2026-09-10,P,30325.0,0.0003,0.0
2026-09-10,C,30350.0,0.0002,0.0
2026-09-10,P,30350.0,0.0002,0.0
2026-09-10,C,30375.0,0.0002,1.0
2026-09-10,P,30375.0,0.0002,0.0
2026-09-10,C,30400.0,0.0002,0.0
2026-09-10,P,30400.0,0.0002,0.0
2026-09-10,C,30425.0,0.0002,0.0
2026-09-10,P,30425.0,0.0002,1.0
2026-09-10,C,30450.0,0.0002,1.0
2026-09-10,P,30450.0,0.0002,0.0
2026-09-10,C,30475.0,0.0002,0.0
2026-09-10,P,30475.0,0.0002,1.0
2026-09-10,C,30500.0,0.0002,108.0
2026-09-10,P,30500.0,0.0002,0.0
2026-09-10,C,30525.0,0.0001,0.0
2026-09-10,P,30525.0,0.0001,0.0
2026-09-10,C,30550.0,0.0001,2.0
2026-09-10,P,30550.0,0.0001,0.0
2026-09-10,C,30575.0,0.0001,0.0
2026-09-10,P,30575.0,0.0001,0.0
2026-09-10,C,30600.0,0.0001,18.0
2026-09-10,P,30600.0,0.0001,0.0
2026-09-10,C,30625.0,0.0001,0.0
2026-09-10,P,30625.0,0.0001,0.0
2026-09-10,C,30650.0,0.0001,1.0
2026-09-10,P,30650.0,0.0001,0.0
2026-09-10,C,30675.0,0.0001,0.0
2026-09-10,P,30675.0,0.0001,0.0
2026-09-10,C,30700.0,0.0001,4.0
2026-09-10,P,30700.0,0.0001,0.0
2026-09-10,C,30750.0,0.0001,0.0
2026-09-10,P,30750.0,0.0001,0.0
2026-09-10,C,30800.0,0.0001,2.0
2026-09-10,P,30800.0,0.0001,0.0
2026-09-10,C,30850.0,0.0001,2.0
2026-09-10,P,30850.0,0.0001,0.0
2026-09-10,C,30900.0,0.0001,9.0
2026-09-10,P,30900.0,0.0001,0.0
2026-09-10,C,30950.0,0.0,0.0
2026-09-10,P,30950.0,0.0,0.0
2026-09-10,C,31000.0,0.0,5.0
2026-09-10,P,31000.0,0.0,0.0
2026-09-10,C,31050.0,0.0,0.0
2026-09-10,P,31050.0,0.0,0.0
2026-09-10,C,31100.0,0.0,0.0
2026-09-10,P,31100.0,0.0,0.0
2026-09-10,C,31200.0,0.0,5.0
2026-09-10,P,31200.0,0.0,0.0
2026-09-10,C,31300.0,0.0,4.0
2026-09-10,P,31300.0,0.0,0.0
2026-09-10,C,31400.0,0.0,5.0
2026-09-10,P,31400.0,0.0,0.0
2026-09-10,C,31500.0,0.0,4.0
2026-09-10,P,31500.0,0.0,0.0
2026-09-10,C,31600.0,0.0,51.0
2026-09-10,P,31600.0,0.0,0.0
2026-09-10,C,31800.0,0.0,81.0
2026-09-10,P,31800.0,0.0,0.0
2026-09-10,C,32000.0,0.0,30.0
2026-09-10,P,32000.0,0.0,0.0
2026-09-10,C,32200.0,0.0,0.0
2026-09-10,P,32200.0,0.0,0.0
2026-09-10,C,32400.0,0.0,0.0
2026-09-10,P,32400.0,0.0,0.0
2026-09-10,C,32500.0,0.0,1.0
2026-09-10,P,32500.0,0.0,0.0
2026-09-10,C,32600.0,0.0,0.0
2026-09-10,P,32600.0,0.0,0.0
2026-09-10,C,32800.0,0.0,0.0
2026-09-10,P,32800.0,0.0,0.0
2026-09-10,C,33000.0,0.0,0.0
2026-09-10,P,33000.0,0.0,0.0
2026-09-10,C,33500.0,0.0,0.0
2026-09-10,P,33500.0,0.0,0.0
2026-09-10,C,34000.0,0.0,2.0
2026-09-10,P,34000.0,0.0,0.0
2026-09-10,C,34500.0,0.0,1.0
2026-09-10,P,34500.0,0.0,0.0
2026-09-10,C,35000.0,0.0,1.0
2026-09-10,P,35000.0,0.0,0.0
2026-09-10,C,35500.0,0.0,1.0
2026-09-10,P,35500.0,0.0,0.0
2026-09-10,C,36000.0,0.0,1.0
2026-09-10,P,36000.0,0.0,0.0
2026-09-10,C,37000.0,0.0,1.0
2026-09-10,P,37000.0,0.0,0.0
2026-09-10,C,38000.0,0.0,0.0
2026-09-10,P,38000.0,0.0,0.0
2026-09-10,C,39000.0,0.0,0.0
2026-09-10,P,39000.0,0.0,0.0
2026-09-11,C,14000.0,0.0,0.0
2026-09-11,P,14000.0,0.0,0.0
2026-09-11,C,15000.0,0.0,0.0
2026-09-11,P,15000.0,0.0,5.0
2026-09-11,C,16000.0,0.0,0.0
2026-09-11,P,16000.0,0.0,4.0
2026-09-11,C,17000.0,0.0,0.0
2026-09-11,P,17000.0,0.0,4.0
2026-09-11,C,18000.0,0.0,0.0
2026-09-11,P,18000.0,0.0,4.0
2026-09-11,C,19000.0,0.0,0.0
2026-09-11,P,19000.0,0.0,22.0
2026-09-11,C,19500.0,0.0,1.0
2026-09-11,P,19500.0,0.0,0.0
2026-09-11,C,20000.0,0.0,0.0
2026-09-11,P,20000.0,0.0,20.0
2026-09-11,C,20500.0,0.0,0.0
2026-09-11,P,20500.0,0.0,7.0
2026-09-11,C,21000.0,0.0,0.0
2026-09-11,P,21000.0,0.0,1.0
2026-09-11,C,21500.0,0.0,0.0
2026-09-11,P,21500.0,0.0,10.0
2026-09-11,C,22000.0,0.0,0.0
2026-09-11,P,22000.0,0.0,6.0
2026-09-11,C,22200.0,0.0,0.0
2026-09-11,P,22200.0,0.0,0.0
2026-09-11,C,22400.0,0.0,0.0
2026-09-11,P,22400.0,0.0,0.0
2026-09-11,C,22500.0,0.0,0.0
2026-09-11,P,22500.0,0.0,8.0
2026-09-11,C,22600.0,0.0,0.0
2026-09-11,P,22600.0,0.0,7.0
2026-09-11,C,22800.0,0.0,0.0
2026-09-11,P,22800.0,0.0,1.0
2026-09-11,C,23000.0,0.0,0.0
2026-09-11,P,23000.0,0.0,0.0
2026-09-11,C,23200.0,0.0,0.0
2026-09-11,P,23200.0,0.0,0.0
2026-09-11,C,23400.0,0.0,0.0
2026-09-11,P,23400.0,0.0,0.0
2026-09-11,C,23500.0,0.0,0.0
2026-09-11,P,23500.0,0.0,0.0
2026-09-11,C,23600.0,0.0,1.0
2026-09-11,P,23600.0,0.0,0.0
2026-09-11,C,23800.0,0.0,0.0
2026-09-11,P,23800.0,0.0,0.0
2026-09-11,C,24000.0,0.0,0.0
2026-09-11,P,24000.0,0.0,7.0
2026-09-11,C,24200.0,0.0,0.0
2026-09-11,P,24200.0,0.0,17.0
2026-09-11,C,24400.0,0.0,0.0
2026-09-11,P,24400.0,0.0,12.0
2026-09-11,C,24500.0,0.0,0.0
2026-09-11,P,24500.0,0.0,12.0
2026-09-11,C,24600.0,0.0,0.0
2026-09-11,P,24600.0,0.0,7.0
2026-09-11,C,24800.0,0.0,0.0
2026-09-11,P,24800.0,0.0,12.0
2026-09-11,C,25000.0,0.0,1.0
2026-09-11,P,25000.0,0.0,3.0
2026-09-11,C,25200.0,0.0,0.0
2026-09-11,P,25200.0,0.0,2.0
2026-09-11,C,25400.0,0.0,0.0
2026-09-11,P,25400.0,0.0,4.0
2026-09-11,C,25500.0,0.0,1.0
2026-09-11,P,25500.0,0.0,2.0
2026-09-11,C,25600.0,0.0,0.0
2026-09-11,P,25600.0,0.0,3.0
2026-09-11,C,25800.0,0.0,0.0
2026-09-11,P,25800.0,0.0,37.0
2026-09-11,C,26000.0,0.0,0.0
2026-09-11,P,26000.0,0.0,41.0
2026-09-11,C,26200.0,0.0,0.0
2026-09-11,P,26200.0,0.0,12.0
2026-09-11,C,26400.0,0.0,0.0
2026-09-11,P,26400.0,0.0,25.0
2026-09-11,C,26500.0,0.0,0.0
2026-09-11,P,26500.0,0.0,25.0
2026-09-11,C,26600.0,0.0,0.0
2026-09-11,P,26600.0,0.0,37.0
2026-09-11,C,26800.0,0.0,1.0
2026-09-11,P,26800.0,0.0,22.0
2026-09-11,C,26900.0,0.0,0.0
2026-09-11,P,26900.0,0.0,13.0
2026-09-11,C,27000.0,0.0,2.0
2026-09-11,P,27000.0,0.0,34.0
2026-09-11,C,27100.0,0.0,0.0
2026-09-11,P,27100.0,0.0,2.0
2026-09-11,C,27200.0,0.0001,2.0
2026-09-11,P,27200.0,0.0001,19.0
2026-09-11,C,27300.0,0.0001,0.0
2026-09-11,P,27300.0,0.0001,35.0
2026-09-11,C,27400.0,0.0001,0.0
2026-09-11,P,27400.0,0.0001,42.0
2026-09-11,C,27450.0,0.0001,0.0
2026-09-11,P,27450.0,0.0001,13.0
2026-09-11,C,27500.0,0.0001,0.0
2026-09-11,P,27500.0,0.0001,8.0
2026-09-11,C,27550.0,0.0001,0.0
2026-09-11,P,27550.0,0.0001,5.0
2026-09-11,C,27600.0,0.0001,0.0
2026-09-11,P,27600.0,0.0001,5.0
2026-09-11,C,27650.0,0.0001,0.0
2026-09-11,P,27650.0,0.0001,17.0
2026-09-11,C,27700.0,0.0001,0.0
2026-09-11,P,27700.0,0.0001,2.0
2026-09-11,C,27750.0,0.0001,0.0
2026-09-11,P,27750.0,0.0001,13.0
2026-09-11,C,27800.0,0.0001,0.0
2026-09-11,P,27800.0,0.0001,17.0
2026-09-11,C,27850.0,0.0001,0.0
2026-09-11,P,27850.0,0.0001,2.0
2026-09-11,C,27900.0,0.0001,0.0
2026-09-11,P,27900.0,0.0001,13.0
2026-09-11,C,27950.0,0.0001,0.0
2026-09-11,P,27950.0,0.0001,7.0
2026-09-11,C,28000.0,0.0001,0.0
2026-09-11,P,28000.0,0.0001,27.0
2026-09-11,C,28025.0,0.0001,0.0
2026-09-11,P,28025.0,0.0001,0.0
2026-09-11,C,28050.0,0.0001,0.0
2026-09-11,P,28050.0,0.0001,6.0
2026-09-11,C,28075.0,0.0001,0.0
2026-09-11,P,28075.0,0.0001,0.0
2026-09-11,C,28100.0,0.0001,0.0
2026-09-11,P,28100.0,0.0001,10.0
2026-09-11,C,28125.0,0.0001,0.0
2026-09-11,P,28125.0,0.0001,1.0
2026-09-11,C,28150.0,0.0002,0.0
2026-09-11,P,28150.0,0.0002,9.0
2026-09-11,C,28175.0,0.0002,0.0
2026-09-11,P,28175.0,0.0002,0.0
2026-09-11,C,28200.0,0.0002,1.0
2026-09-11,P,28200.0,0.0002,19.0
2026-09-11,C,28225.0,0.0002,0.0
2026-09-11,P,28225.0,0.0002,0.0
2026-09-11,C,28250.0,0.0002,2.0
2026-09-11,P,28250.0,0.0002,3.0
2026-09-11,C,28275.0,0.0002,0.0
2026-09-11,P,28275.0,0.0002,1.0
2026-09-11,C,28300.0,0.0002,0.0
2026-09-11,P,28300.0,0.0002,10.0
2026-09-11,C,28325.0,0.0002,0.0
2026-09-11,P,28325.0,0.0002,0.0
2026-09-11,C,28350.0,0.0002,0.0
2026-09-11,P,28350.0,0.0002,2.0
2026-09-11,C,28375.0,0.0002,0.0
2026-09-11,P,28375.0,0.0002,1.0
2026-09-11,C,28400.0,0.0002,57.0
2026-09-11,P,28400.0,0.0002,11.0
2026-09-11,C,28425.0,0.0002,0.0
2026-09-11,P,28425.0,0.0002,7.0
2026-09-11,C,28450.0,0.0002,1.0
2026-09-11,P,28450.0,0.0002,6.0
2026-09-11,C,28475.0,0.0002,1.0
2026-09-11,P,28475.0,0.0002,12.0
2026-09-11,C,28500.0,0.0002,2.0
2026-09-11,P,28500.0,0.0002,21.0
2026-09-11,C,28525.0,0.0002,1.0
2026-09-11,P,28525.0,0.0002,0.0
2026-09-11,C,28550.0,0.0002,1.0
2026-09-11,P,28550.0,0.0002,3.0
2026-09-11,C,28575.0,0.0003,0.0
2026-09-11,P,28575.0,0.0003,0.0
2026-09-11,C,28600.0,0.0003,3.0
2026-09-11,P,28600.0,0.0003,8.0
2026-09-11,C,28625.0,0.0003,0.0
2026-09-11,P,28625.0,0.0003,3.0
2026-09-11,C,28650.0,0.0003,0.0
2026-09-11,P,28650.0,0.0003,15.0
2026-09-11,C,28675.0,0.0003,0.0
2026-09-11,P,28675.0,0.0003,3.0
2026-09-11,C,28700.0,0.0003,0.0
2026-09-11,P,28700.0,0.0003,8.0
2026-09-11,C,28725.0,0.0003,0.0
2026-09-11,P,28725.0,0.0003,10.0
2026-09-11,C,28750.0,0.0003,0.0
2026-09-11,P,28750.0,0.0003,3.0
2026-09-11,C,28775.0,0.0003,1.0
2026-09-11,P,28775.0,0.0003,5.0
2026-09-11,C,28800.0,0.0003,0.0
2026-09-11,P,28800.0,0.0003,38.0
2026-09-11,C,28825.0,0.0003,1.0
2026-09-11,P,28825.0,0.0003,1.0
2026-09-11,C,28850.0,0.0003,0.0
2026-09-11,P,28850.0,0.0003,1.0
2026-09-11,C,28875.0,0.0004,0.0
2026-09-11,P,28875.0,0.0004,3.0
2026-09-11,C,28900.0,0.0004,1.0
2026-09-11,P,28900.0,0.0004,9.0
2026-09-11,C,28925.0,0.0004,0.0
2026-09-11,P,28925.0,0.0004,9.0
2026-09-11,C,28950.0,0.0004,2.0
2026-09-11,P,28950.0,0.0004,11.0
2026-09-11,C,28975.0,0.0004,0.0
2026-09-11,P,28975.0,0.0004,2.0
2026-09-11,C,29000.0,0.0004,6.0
2026-09-11,P,29000.0,0.0004,10.0
2026-09-11,C,29025.0,0.0004,0.0
2026-09-11,P,29025.0,0.0004,2.0
2026-09-11,C,29050.0,0.0004,1.0
2026-09-11,P,29050.0,0.0004,8.0
2026-09-11,C,29075.0,0.0004,0.0
2026-09-11,P,29075.0,0.0004,1.0
2026-09-11,C,29100.0,0.0004,5.0
2026-09-11,P,29100.0,0.0004,19.0
2026-09-11,C,29125.0,0.0004,0.0
2026-09-11,P,29125.0,0.0004,2.0
2026-09-11,C,29150.0,0.0004,1.0
2026-09-11,P,29150.0,0.0004,2.0
2026-09-11,C,29175.0,0.0004,6.0
2026-09-11,P,29175.0,0.0004,4.0
2026-09-11,C,29200.0,0.0004,3.0
2026-09-11,P,29200.0,0.0004,76.0
2026-09-11,C,29225.0,0.0005,0.0
2026-09-11,P,29225.0,0.0005,3.0
2026-09-11,C,29250.0,0.0005,0.0
2026-09-11,P,29250.0,0.0005,4.0
2026-09-11,C,29275.0,0.0005,0.0
2026-09-11,P,29275.0,0.0005,8.0
2026-09-11,C,29300.0,0.0005,4.0
2026-09-11,P,29300.0,0.0005,4.0
2026-09-11,C,29325.0,0.0005,1.0
2026-09-11,P,29325.0,0.0005,0.0
2026-09-11,C,29350.0,0.0005,2.0
2026-09-11,P,29350.0,0.0005,0.0
2026-09-11,C,29375.0,0.0005,0.0
2026-09-11,P,29375.0,0.0005,4.0
2026-09-11,C,29400.0,0.0005,0.0
2026-09-11,P,29400.0,0.0005,10.0
2026-09-11,C,29425.0,0.0005,1.0
2026-09-11,P,29425.0,0.0005,0.0
2026-09-11,C,29450.0,0.0005,7.0
2026-09-11,P,29450.0,0.0005,1.0
2026-09-11,C,29475.0,0.0005,0.0
2026-09-11,P,29475.0,0.0005,1.0
2026-09-11,C,29500.0,0.0005,4.0
2026-09-11,P,29500.0,0.0005,7.0
2026-09-11,C,29525.0,0.0005,12.0
2026-09-11,P,29525.0,0.0005,7.0
2026-09-11,C,29550.0,0.0005,4.0
2026-09-11,P,29550.0,0.0005,6.0
2026-09-11,C,29575.0,0.0005,0.0
2026-09-11,P,29575.0,0.0005,2.0
2026-09-11,C,29600.0,0.0005,5.0
2026-09-11,P,29600.0,0.0005,4.0
2026-09-11,C,29625.0,0.0005,2.0
2026-09-11,P,29625.0,0.0005,2.0
2026-09-11,C,29650.0,0.0005,4.0
2026-09-11,P,29650.0,0.0005,1.0
2026-09-11,C,29675.0,0.0005,3.0
2026-09-11,P,29675.0,0.0005,4.0
2026-09-11,C,29700.0,0.0005,4.0
2026-09-11,P,29700.0,0.0005,3.0
2026-09-11,C,29725.0,0.0005,7.0
2026-09-11,P,29725.0,0.0005,0.0
2026-09-11,C,29750.0,0.0005,7.0
2026-09-11,P,29750.0,0.0005,0.0
2026-09-11,C,29775.0,0.0005,13.0
2026-09-11,P,29775.0,0.0005,1.0
2026-09-11,C,29800.0,0.0005,10.0
2026-09-11,P,29800.0,0.0005,2.0
2026-09-11,C,29825.0,0.0005,2.0
2026-09-11,P,29825.0,0.0005,0.0
2026-09-11,C,29850.0,0.0005,5.0
2026-09-11,P,29850.0,0.0005,1.0
2026-09-11,C,29875.0,0.0005,10.0
2026-09-11,P,29875.0,0.0005,0.0
2026-09-11,C,29900.0,0.0005,5.0
2026-09-11,P,29900.0,0.0005,0.0
2026-09-11,C,29925.0,0.0005,3.0
2026-09-11,P,29925.0,0.0005,0.0
2026-09-11,C,29950.0,0.0005,13.0
2026-09-11,P,29950.0,0.0005,0.0
2026-09-11,C,29975.0,0.0004,3.0
2026-09-11,P,29975.0,0.0004,0.0
2026-09-11,C,30000.0,0.0004,39.0
2026-09-11,P,30000.0,0.0004,6.0
2026-09-11,C,30025.0,0.0004,22.0
2026-09-11,P,30025.0,0.0004,2.0
2026-09-11,C,30050.0,0.0004,5.0
2026-09-11,P,30050.0,0.0004,1.0
2026-09-11,C,30075.0,0.0004,0.0
2026-09-11,P,30075.0,0.0004,0.0
2026-09-11,C,30100.0,0.0004,4.0
2026-09-11,P,30100.0,0.0004,3.0
2026-09-11,C,30125.0,0.0004,1.0
2026-09-11,P,30125.0,0.0004,1.0
2026-09-11,C,30150.0,0.0004,1.0
2026-09-11,P,30150.0,0.0004,0.0
2026-09-11,C,30175.0,0.0004,0.0
2026-09-11,P,30175.0,0.0004,0.0
2026-09-11,C,30200.0,0.0004,41.0
2026-09-11,P,30200.0,0.0004,0.0
2026-09-11,C,30225.0,0.0003,1.0
2026-09-11,P,30225.0,0.0003,0.0
2026-09-11,C,30250.0,0.0003,4.0
2026-09-11,P,30250.0,0.0003,1.0
2026-09-11,C,30275.0,0.0003,6.0
2026-09-11,P,30275.0,0.0003,0.0
2026-09-11,C,30300.0,0.0003,9.0
2026-09-11,P,30300.0,0.0003,0.0
2026-09-11,C,30325.0,0.0003,1.0
2026-09-11,P,30325.0,0.0003,0.0
2026-09-11,C,30350.0,0.0003,27.0
2026-09-11,P,30350.0,0.0003,0.0
2026-09-11,C,30375.0,0.0003,0.0
2026-09-11,P,30375.0,0.0003,0.0
2026-09-11,C,30400.0,0.0002,7.0
2026-09-11,P,30400.0,0.0002,0.0
2026-09-11,C,30425.0,0.0002,0.0
2026-09-11,P,30425.0,0.0002,0.0
2026-09-11,C,30450.0,0.0002,1.0
2026-09-11,P,30450.0,0.0002,0.0
2026-09-11,C,30475.0,0.0002,1.0
2026-09-11,P,30475.0,0.0002,0.0
2026-09-11,C,30500.0,0.0002,23.0
2026-09-11,P,30500.0,0.0002,0.0
2026-09-11,C,30525.0,0.0002,0.0
2026-09-11,P,30525.0,0.0002,0.0
2026-09-11,C,30550.0,0.0002,2.0
2026-09-11,P,30550.0,0.0002,0.0
2026-09-11,C,30575.0,0.0002,0.0
2026-09-11,P,30575.0,0.0002,0.0
2026-09-11,C,30600.0,0.0002,32.0
2026-09-11,P,30600.0,0.0002,1.0
2026-09-11,C,30625.0,0.0001,0.0
2026-09-11,P,30625.0,0.0001,0.0
2026-09-11,C,30650.0,0.0001,2.0
2026-09-11,P,30650.0,0.0001,0.0
2026-09-11,C,30675.0,0.0001,0.0
2026-09-11,P,30675.0,0.0001,0.0
2026-09-11,C,30700.0,0.0001,27.0
2026-09-11,P,30700.0,0.0001,0.0
2026-09-11,C,30750.0,0.0001,4.0
2026-09-11,P,30750.0,0.0001,0.0
2026-09-11,C,30800.0,0.0001,6.0
2026-09-11,P,30800.0,0.0001,0.0
2026-09-11,C,30850.0,0.0001,1.0
2026-09-11,P,30850.0,0.0001,0.0
2026-09-11,C,30900.0,0.0001,0.0
2026-09-11,P,30900.0,0.0001,0.0
2026-09-11,C,30950.0,0.0001,0.0
2026-09-11,P,30950.0,0.0001,0.0
2026-09-11,C,31000.0,0.0001,86.0
2026-09-11,P,31000.0,0.0001,0.0
2026-09-11,C,31050.0,0.0001,0.0
2026-09-11,P,31050.0,0.0001,0.0
2026-09-11,C,31100.0,0.0,10.0
2026-09-11,P,31100.0,0.0,0.0
2026-09-11,C,31200.0,0.0,16.0
2026-09-11,P,31200.0,0.0,0.0
2026-09-11,C,31300.0,0.0,15.0
2026-09-11,P,31300.0,0.0,0.0
2026-09-11,C,31400.0,0.0,2.0
2026-09-11,P,31400.0,0.0,0.0
2026-09-11,C,31500.0,0.0,16.0
2026-09-11,P,31500.0,0.0,0.0
2026-09-11,C,31600.0,0.0,9.0
2026-09-11,P,31600.0,0.0,0.0
2026-09-11,C,31800.0,0.0,27.0
2026-09-11,P,31800.0,0.0,0.0
2026-09-11,C,32000.0,0.0,18.0
2026-09-11,P,32000.0,0.0,0.0
2026-09-11,C,32200.0,0.0,0.0
2026-09-11,P,32200.0,0.0,0.0
2026-09-11,C,32400.0,0.0,0.0
2026-09-11,P,32400.0,0.0,0.0
2026-09-11,C,32500.0,0.0,1.0
2026-09-11,P,32500.0,0.0,0.0
2026-09-11,C,32600.0,0.0,2.0
2026-09-11,P,32600.0,0.0,0.0
2026-09-11,C,32800.0,0.0,0.0
2026-09-11,P,32800.0,0.0,0.0
2026-09-11,C,33000.0,0.0,7.0
2026-09-11,P,33000.0,0.0,0.0
2026-09-11,C,33500.0,0.0,19.0
2026-09-11,P,33500.0,0.0,0.0
2026-09-11,C,34000.0,0.0,2.0
2026-09-11,P,34000.0,0.0,0.0
2026-09-11,C,34500.0,0.0,0.0
2026-09-11,P,34500.0,0.0,0.0
2026-09-11,C,35000.0,0.0,0.0
2026-09-11,P,35000.0,0.0,0.0
2026-09-11,C,35500.0,0.0,0.0
2026-09-11,P,35500.0,0.0,0.0
2026-09-11,C,36000.0,0.0,0.0
2026-09-11,P,36000.0,0.0,0.0
2026-09-11,C,37000.0,0.0,2.0
2026-09-11,P,37000.0,0.0,0.0
2026-09-11,C,38000.0,0.0,9.0
2026-09-11,P,38000.0,0.0,0.0
2026-09-11,C,39000.0,0.0,0.0
2026-09-11,P,39000.0,0.0,0.0
2026-09-14,C,15000.0,0.0,0.0
2026-09-14,P,15000.0,0.0,0.0
2026-09-14,C,16000.0,0.0,0.0
2026-09-14,P,16000.0,0.0,0.0
2026-09-14,C,17000.0,0.0,0.0
2026-09-14,P,17000.0,0.0,1.0
2026-09-14,C,18000.0,0.0,0.0
2026-09-14,P,18000.0,0.0,10.0
2026-09-14,C,19000.0,0.0,0.0
2026-09-14,P,19000.0,0.0,1.0
2026-09-14,C,20000.0,0.0,0.0
2026-09-14,P,20000.0,0.0,10.0
2026-09-14,C,21000.0,0.0,0.0
2026-09-14,P,21000.0,0.0,7.0
2026-09-14,C,22000.0,0.0,0.0
2026-09-14,P,22000.0,0.0,2.0
2026-09-14,C,22500.0,0.0,0.0
2026-09-14,P,22500.0,0.0,3.0
2026-09-14,C,23000.0,0.0,0.0
2026-09-14,P,23000.0,0.0,12.0
2026-09-14,C,23500.0,0.0,0.0
2026-09-14,P,23500.0,0.0,11.0
2026-09-14,C,24000.0,0.0,0.0
2026-09-14,P,24000.0,0.0,1.0
2026-09-14,C,24500.0,0.0,0.0
2026-09-14,P,24500.0,0.0,1.0
2026-09-14,C,25000.0,0.0,0.0
2026-09-14,P,25000.0,0.0,0.0
2026-09-14,C,25200.0,0.0,0.0
2026-09-14,P,25200.0,0.0,0.0
2026-09-14,C,25400.0,0.0,0.0
2026-09-14,P,25400.0,0.0,0.0
2026-09-14,C,25500.0,0.0,0.0
2026-09-14,P,25500.0,0.0,1.0
2026-09-14,C,25600.0,0.0,0.0
2026-09-14,P,25600.0,0.0,0.0
2026-09-14,C,25800.0,0.0,0.0
2026-09-14,P,25800.0,0.0,1.0
2026-09-14,C,26000.0,0.0,0.0
2026-09-14,P,26000.0,0.0,3.0
2026-09-14,C,26200.0,0.0,0.0
2026-09-14,P,26200.0,0.0,1.0
2026-09-14,C,26400.0,0.0,0.0
2026-09-14,P,26400.0,0.0,3.0
2026-09-14,C,26500.0,0.0,0.0
2026-09-14,P,26500.0,0.0,3.0
2026-09-14,C,26600.0,0.0,0.0
2026-09-14,P,26600.0,0.0,6.0
2026-09-14,C,26800.0,0.0,0.0
2026-09-14,P,26800.0,0.0,2.0
2026-09-14,C,27000.0,0.0,0.0
2026-09-14,P,27000.0,0.0,1.0
2026-09-14,C,27200.0,0.0001,0.0
2026-09-14,P,27200.0,0.0001,4.0
2026-09-14,C,27400.0,0.0001,0.0
2026-09-14,P,27400.0,0.0001,16.0
2026-09-14,C,27500.0,0.0001,16.0
2026-09-14,P,27500.0,0.0001,2.0
2026-09-14,C,27600.0,0.0001,1.0
2026-09-14,P,27600.0,0.0001,3.0
2026-09-14,C,27750.0,0.0001,0.0
2026-09-14,P,27750.0,0.0001,1.0
2026-09-14,C,27800.0,0.0001,0.0
2026-09-14,P,27800.0,0.0001,2.0
2026-09-14,C,27850.0,0.0001,0.0
2026-09-14,P,27850.0,0.0001,0.0
2026-09-14,C,27900.0,0.0001,0.0
2026-09-14,P,27900.0,0.0001,0.0
2026-09-14,C,27950.0,0.0001,0.0
2026-09-14,P,27950.0,0.0001,0.0
2026-09-14,C,28000.0,0.0001,0.0
2026-09-14,P,28000.0,0.0001,3.0
2026-09-14,C,28025.0,0.0001,0.0
2026-09-14,P,28025.0,0.0001,7.0
2026-09-14,C,28050.0,0.0001,0.0
2026-09-14,P,28050.0,0.0001,0.0
2026-09-14,C,28075.0,0.0001,0.0
2026-09-14,P,28075.0,0.0001,0.0
2026-09-14,C,28100.0,0.0002,0.0
2026-09-14,P,28100.0,0.0002,1.0
2026-09-14,C,28125.0,0.0002,0.0
2026-09-14,P,28125.0,0.0002,0.0
2026-09-14,C,28150.0,0.0002,0.0
2026-09-14,P,28150.0,0.0002,0.0
2026-09-14,C,28175.0,0.0002,0.0
2026-09-14,P,28175.0,0.0002,0.0
2026-09-14,C,28200.0,0.0002,0.0
2026-09-14,P,28200.0,0.0002,4.0
2026-09-14,C,28225.0,0.0002,0.0
2026-09-14,P,28225.0,0.0002,0.0
2026-09-14,C,28250.0,0.0002,0.0
2026-09-14,P,28250.0,0.0002,1.0
2026-09-14,C,28275.0,0.0002,0.0
2026-09-14,P,28275.0,0.0002,0.0
2026-09-14,C,28300.0,0.0002,0.0
2026-09-14,P,28300.0,0.0002,4.0
2026-09-14,C,28325.0,0.0002,0.0
2026-09-14,P,28325.0,0.0002,0.0
2026-09-14,C,28350.0,0.0002,0.0
2026-09-14,P,28350.0,0.0002,2.0
2026-09-14,C,28375.0,0.0002,0.0
2026-09-14,P,28375.0,0.0002,0.0
2026-09-14,C,28400.0,0.0002,0.0
2026-09-14,P,28400.0,0.0002,4.0
2026-09-14,C,28425.0,0.0002,0.0
2026-09-14,P,28425.0,0.0002,0.0
2026-09-14,C,28450.0,0.0002,0.0
2026-09-14,P,28450.0,0.0002,4.0
2026-09-14,C,28475.0,0.0002,0.0
2026-09-14,P,28475.0,0.0002,0.0
2026-09-14,C,28500.0,0.0002,0.0
2026-09-14,P,28500.0,0.0002,3.0
2026-09-14,C,28525.0,0.0002,0.0
2026-09-14,P,28525.0,0.0002,0.0
2026-09-14,C,28550.0,0.0002,0.0
2026-09-14,P,28550.0,0.0002,3.0
2026-09-14,C,28575.0,0.0002,0.0
2026-09-14,P,28575.0,0.0002,0.0
2026-09-14,C,28600.0,0.0003,0.0
2026-09-14,P,28600.0,0.0003,1.0
2026-09-14,C,28625.0,0.0003,0.0
2026-09-14,P,28625.0,0.0003,0.0
2026-09-14,C,28650.0,0.0003,0.0
2026-09-14,P,28650.0,0.0003,3.0
2026-09-14,C,28675.0,0.0003,0.0
2026-09-14,P,28675.0,0.0003,0.0
2026-09-14,C,28700.0,0.0003,0.0
2026-09-14,P,28700.0,0.0003,2.0
2026-09-14,C,28725.0,0.0003,0.0
2026-09-14,P,28725.0,0.0003,0.0
2026-09-14,C,28750.0,0.0003,0.0
2026-09-14,P,28750.0,0.0003,0.0
2026-09-14,C,28775.0,0.0003,0.0
2026-09-14,P,28775.0,0.0003,0.0
2026-09-14,C,28800.0,0.0003,0.0
2026-09-14,P,28800.0,0.0003,0.0
2026-09-14,C,28825.0,0.0003,0.0
2026-09-14,P,28825.0,0.0003,0.0
2026-09-14,C,28850.0,0.0003,0.0
2026-09-14,P,28850.0,0.0003,0.0
2026-09-14,C,28875.0,0.0003,0.0
2026-09-14,P,28875.0,0.0003,1.0
2026-09-14,C,28900.0,0.0003,0.0
2026-09-14,P,28900.0,0.0003,14.0
2026-09-14,C,28925.0,0.0004,0.0
2026-09-14,P,28925.0,0.0004,0.0
2026-09-14,C,28950.0,0.0004,0.0
2026-09-14,P,28950.0,0.0004,1.0
2026-09-14,C,28975.0,0.0004,0.0
2026-09-14,P,28975.0,0.0004,0.0
2026-09-14,C,29000.0,0.0004,0.0
2026-09-14,P,29000.0,0.0004,12.0
2026-09-14,C,29025.0,0.0004,0.0
2026-09-14,P,29025.0,0.0004,0.0
2026-09-14,C,29050.0,0.0004,0.0
2026-09-14,P,29050.0,0.0004,4.0
2026-09-14,C,29075.0,0.0004,0.0
2026-09-14,P,29075.0,0.0004,11.0
2026-09-14,C,29100.0,0.0004,0.0
2026-09-14,P,29100.0,0.0004,2.0
2026-09-14,C,29125.0,0.0004,0.0
2026-09-14,P,29125.0,0.0004,0.0
2026-09-14,C,29150.0,0.0004,0.0
2026-09-14,P,29150.0,0.0004,3.0
2026-09-14,C,29175.0,0.0004,0.0
2026-09-14,P,29175.0,0.0004,0.0
2026-09-14,C,29200.0,0.0004,0.0
2026-09-14,P,29200.0,0.0004,0.0
2026-09-14,C,29225.0,0.0004,1.0
2026-09-14,P,29225.0,0.0004,0.0
2026-09-14,C,29250.0,0.0004,2.0
2026-09-14,P,29250.0,0.0004,0.0
2026-09-14,C,29275.0,0.0004,0.0
2026-09-14,P,29275.0,0.0004,0.0
2026-09-14,C,29300.0,0.0004,0.0
2026-09-14,P,29300.0,0.0004,0.0
2026-09-14,C,29325.0,0.0004,0.0
2026-09-14,P,29325.0,0.0004,5.0
2026-09-14,C,29350.0,0.0004,0.0
2026-09-14,P,29350.0,0.0004,2.0
2026-09-14,C,29375.0,0.0005,3.0
2026-09-14,P,29375.0,0.0005,0.0
2026-09-14,C,29400.0,0.0005,1.0
2026-09-14,P,29400.0,0.0005,0.0
2026-09-14,C,29425.0,0.0005,0.0
2026-09-14,P,29425.0,0.0005,0.0
2026-09-14,C,29450.0,0.0005,0.0
2026-09-14,P,29450.0,0.0005,1.0
2026-09-14,C,29475.0,0.0005,0.0
2026-09-14,P,29475.0,0.0005,0.0
2026-09-14,C,29500.0,0.0005,2.0
2026-09-14,P,29500.0,0.0005,11.0
2026-09-14,C,29525.0,0.0005,0.0
2026-09-14,P,29525.0,0.0005,0.0
2026-09-14,C,29550.0,0.0005,1.0
2026-09-14,P,29550.0,0.0005,2.0
2026-09-14,C,29575.0,0.0005,0.0
2026-09-14,P,29575.0,0.0005,1.0
2026-09-14,C,29600.0,0.0005,0.0
2026-09-14,P,29600.0,0.0005,2.0
2026-09-14,C,29625.0,0.0005,11.0
2026-09-14,P,29625.0,0.0005,3.0
2026-09-14,C,29650.0,0.0005,6.0
2026-09-14,P,29650.0,0.0005,11.0
2026-09-14,C,29675.0,0.0005,0.0
2026-09-14,P,29675.0,0.0005,0.0
2026-09-14,C,29700.0,0.0005,6.0
2026-09-14,P,29700.0,0.0005,0.0
2026-09-14,C,29725.0,0.0005,0.0
2026-09-14,P,29725.0,0.0005,0.0
2026-09-14,C,29750.0,0.0005,1.0
2026-09-14,P,29750.0,0.0005,0.0
2026-09-14,C,29775.0,0.0005,0.0
2026-09-14,P,29775.0,0.0005,0.0
2026-09-14,C,29800.0,0.0005,3.0
2026-09-14,P,29800.0,0.0005,0.0
2026-09-14,C,29825.0,0.0005,0.0
2026-09-14,P,29825.0,0.0005,0.0
2026-09-14,C,29850.0,0.0005,1.0
2026-09-14,P,29850.0,0.0005,0.0
2026-09-14,C,29875.0,0.0005,0.0
2026-09-14,P,29875.0,0.0005,0.0
2026-09-14,C,29900.0,0.0004,2.0
2026-09-14,P,29900.0,0.0004,0.0
2026-09-14,C,29925.0,0.0004,0.0
2026-09-14,P,29925.0,0.0004,0.0
2026-09-14,C,29950.0,0.0004,0.0
2026-09-14,P,29950.0,0.0004,0.0
2026-09-14,C,29975.0,0.0004,3.0
2026-09-14,P,29975.0,0.0004,0.0
2026-09-14,C,30000.0,0.0004,1.0
2026-09-14,P,30000.0,0.0004,0.0
2026-09-14,C,30025.0,0.0004,0.0
2026-09-14,P,30025.0,0.0004,0.0
2026-09-14,C,30050.0,0.0004,5.0
2026-09-14,P,30050.0,0.0004,0.0
2026-09-14,C,30075.0,0.0004,57.0
2026-09-14,P,30075.0,0.0004,0.0
2026-09-14,C,30100.0,0.0004,1.0
2026-09-14,P,30100.0,0.0004,0.0
2026-09-14,C,30125.0,0.0004,0.0
2026-09-14,P,30125.0,0.0004,0.0
2026-09-14,C,30150.0,0.0004,5.0
2026-09-14,P,30150.0,0.0004,0.0
2026-09-14,C,30175.0,0.0004,0.0
2026-09-14,P,30175.0,0.0004,0.0
2026-09-14,C,30200.0,0.0004,1.0
2026-09-14,P,30200.0,0.0004,0.0
2026-09-14,C,30225.0,0.0003,0.0
2026-09-14,P,30225.0,0.0003,0.0
2026-09-14,C,30250.0,0.0003,11.0
2026-09-14,P,30250.0,0.0003,0.0
2026-09-14,C,30275.0,0.0003,0.0
2026-09-14,P,30275.0,0.0003,0.0
2026-09-14,C,30300.0,0.0003,1.0
2026-09-14,P,30300.0,0.0003,0.0
2026-09-14,C,30325.0,0.0003,0.0
2026-09-14,P,30325.0,0.0003,0.0
2026-09-14,C,30350.0,0.0003,0.0
2026-09-14,P,30350.0,0.0003,0.0
2026-09-14,C,30375.0,0.0003,0.0
2026-09-14,P,30375.0,0.0003,0.0
2026-09-14,C,30400.0,0.0003,12.0
2026-09-14,P,30400.0,0.0003,0.0
2026-09-14,C,30425.0,0.0002,0.0
2026-09-14,P,30425.0,0.0002,0.0
2026-09-14,C,30450.0,0.0002,0.0
2026-09-14,P,30450.0,0.0002,0.0
2026-09-14,C,30475.0,0.0002,1.0
2026-09-14,P,30475.0,0.0002,0.0
2026-09-14,C,30500.0,0.0002,1.0
2026-09-14,P,30500.0,0.0002,0.0
2026-09-14,C,30525.0,0.0002,1.0
2026-09-14,P,30525.0,0.0002,0.0
2026-09-14,C,30550.0,0.0002,1.0
2026-09-14,P,30550.0,0.0002,0.0
2026-09-14,C,30575.0,0.0002,0.0
2026-09-14,P,30575.0,0.0002,0.0
2026-09-14,C,30600.0,0.0002,98.0
2026-09-14,P,30600.0,0.0002,0.0
2026-09-14,C,30625.0,0.0002,0.0
2026-09-14,P,30625.0,0.0002,0.0
2026-09-14,C,30650.0,0.0002,1.0
2026-09-14,P,30650.0,0.0002,0.0
2026-09-14,C,30675.0,0.0001,0.0
2026-09-14,P,30675.0,0.0001,0.0
2026-09-14,C,30700.0,0.0001,27.0
2026-09-14,P,30700.0,0.0001,0.0
2026-09-14,C,30725.0,0.0001,0.0
2026-09-14,P,30725.0,0.0001,0.0
2026-09-14,C,30750.0,0.0001,3.0
2026-09-14,P,30750.0,0.0001,0.0
2026-09-14,C,30800.0,0.0001,2.0
2026-09-14,P,30800.0,0.0001,0.0
2026-09-14,C,30850.0,0.0001,0.0
2026-09-14,P,30850.0,0.0001,0.0
2026-09-14,C,30900.0,0.0001,0.0
2026-09-14,P,30900.0,0.0001,0.0
2026-09-14,C,30950.0,0.0001,1.0
2026-09-14,P,30950.0,0.0001,0.0
2026-09-14,C,31000.0,0.0001,1.0
2026-09-14,P,31000.0,0.0001,15.0
2026-09-14,C,31050.0,0.0001,0.0
2026-09-14,P,31050.0,0.0001,0.0
2026-09-14,C,31100.0,0.0001,15.0
2026-09-14,P,31100.0,0.0001,0.0
2026-09-14,C,31200.0,0.0,0.0
2026-09-14,P,31200.0,0.0,0.0
2026-09-14,C,31300.0,0.0,0.0
2026-09-14,P,31300.0,0.0,0.0
2026-09-14,C,31400.0,0.0,0.0
2026-09-14,P,31400.0,0.0,0.0
2026-09-14,C,31500.0,0.0,0.0
2026-09-14,P,31500.0,0.0,0.0
2026-09-14,C,31600.0,0.0,139.0
2026-09-14,P,31600.0,0.0,0.0
2026-09-14,C,31800.0,0.0,24.0
2026-09-14,P,31800.0,0.0,0.0
2026-09-14,C,32000.0,0.0,45.0
2026-09-14,P,32000.0,0.0,0.0
2026-09-14,C,32200.0,0.0,11.0
2026-09-14,P,32200.0,0.0,0.0
2026-09-14,C,32400.0,0.0,0.0
2026-09-14,P,32400.0,0.0,0.0
2026-09-14,C,32500.0,0.0,0.0
2026-09-14,P,32500.0,0.0,0.0
2026-09-14,C,32600.0,0.0,0.0
2026-09-14,P,32600.0,0.0,0.0
2026-09-14,C,32800.0,0.0,0.0
2026-09-14,P,32800.0,0.0,0.0
2026-09-14,C,33000.0,0.0,0.0
2026-09-14,P,33000.0,0.0,0.0
2026-09-14,C,33500.0,0.0,0.0
2026-09-14,P,33500.0,0.0,0.0
2026-09-14,C,34000.0,0.0,2.0
2026-09-14,P,34000.0,0.0,0.0
2026-09-14,C,34500.0,0.0,3.0
2026-09-14,P,34500.0,0.0,0.0
2026-09-14,C,35000.0,0.0,0.0
2026-09-14,P,35000.0,0.0,0.0
2026-09-14,C,35500.0,0.0,0.0
2026-09-14,P,35500.0,0.0,0.0
2026-09-14,C,36000.0,0.0,1.0
2026-09-14,P,36000.0,0.0,0.0
2026-09-14,C,37000.0,0.0,1.0
2026-09-14,P,37000.0,0.0,0.0
2026-09-14,C,38000.0,0.0,0.0
2026-09-14,P,38000.0,0.0,0.0
2026-09-14,C,39000.0,0.0,0.0
2026-09-14,P,39000.0,0.0,0.0
2026-09-15,C,15000.0,0.0,0.0
2026-09-15,P,15000.0,0.0,0.0
2026-09-15,C,16000.0,0.0,0.0
2026-09-15,P,16000.0,0.0,0.0
2026-09-15,C,17000.0,0.0,0.0
2026-09-15,P,17000.0,0.0,0.0
2026-09-15,C,18000.0,0.0,0.0
2026-09-15,P,18000.0,0.0,1.0
2026-09-15,C,19000.0,0.0,0.0
2026-09-15,P,19000.0,0.0,11.0
2026-09-15,C,20000.0,0.0,0.0
2026-09-15,P,20000.0,0.0,11.0
2026-09-15,C,21000.0,0.0,0.0
2026-09-15,P,21000.0,0.0,12.0
2026-09-15,C,22000.0,0.0,0.0
2026-09-15,P,22000.0,0.0,4.0
2026-09-15,C,22500.0,0.0,0.0
2026-09-15,P,22500.0,0.0,0.0
2026-09-15,C,23000.0,0.0,0.0
2026-09-15,P,23000.0,0.0,2.0
2026-09-15,C,23500.0,0.0,0.0
2026-09-15,P,23500.0,0.0,1.0
2026-09-15,C,24000.0,0.0,0.0
2026-09-15,P,24000.0,0.0,0.0
2026-09-15,C,24500.0,0.0,0.0
2026-09-15,P,24500.0,0.0,0.0
2026-09-15,C,24800.0,0.0,0.0
2026-09-15,P,24800.0,0.0,0.0
2026-09-15,C,25000.0,0.0,0.0
2026-09-15,P,25000.0,0.0,0.0
2026-09-15,C,25200.0,0.0,0.0
2026-09-15,P,25200.0,0.0,0.0
2026-09-15,C,25400.0,0.0,0.0
2026-09-15,P,25400.0,0.0,0.0
2026-09-15,C,25500.0,0.0,0.0
2026-09-15,P,25500.0,0.0,0.0
2026-09-15,C,25600.0,0.0,0.0
2026-09-15,P,25600.0,0.0,0.0
2026-09-15,C,25800.0,0.0,0.0
2026-09-15,P,25800.0,0.0,1.0
2026-09-15,C,26000.0,0.0,0.0
2026-09-15,P,26000.0,0.0,0.0
2026-09-15,C,26200.0,0.0,0.0
2026-09-15,P,26200.0,0.0,1.0
2026-09-15,C,26400.0,0.0,0.0
2026-09-15,P,26400.0,0.0,5.0
2026-09-15,C,26500.0,0.0,0.0
2026-09-15,P,26500.0,0.0,1.0
2026-09-15,C,26600.0,0.0,0.0
2026-09-15,P,26600.0,0.0,2.0
2026-09-15,C,26800.0,0.0,0.0
2026-09-15,P,26800.0,0.0,0.0
2026-09-15,C,27000.0,0.0001,0.0
2026-09-15,P,27000.0,0.0001,4.0
2026-09-15,C,27200.0,0.0001,0.0
2026-09-15,P,27200.0,0.0001,3.0
2026-09-15,C,27400.0,0.0001,0.0
2026-09-15,P,27400.0,0.0001,0.0
2026-09-15,C,27500.0,0.0001,0.0
2026-09-15,P,27500.0,0.0001,0.0
2026-09-15,C,27600.0,0.0001,0.0
2026-09-15,P,27600.0,0.0001,4.0
2026-09-15,C,27750.0,0.0001,0.0
2026-09-15,P,27750.0,0.0001,2.0
2026-09-15,C,27800.0,0.0001,0.0
2026-09-15,P,27800.0,0.0001,5.0
2026-09-15,C,27850.0,0.0001,0.0
2026-09-15,P,27850.0,0.0001,0.0
2026-09-15,C,27900.0,0.0001,0.0
2026-09-15,P,27900.0,0.0001,0.0
2026-09-15,C,27950.0,0.0001,0.0
2026-09-15,P,27950.0,0.0001,0.0
2026-09-15,C,28000.0,0.0001,0.0
2026-09-15,P,28000.0,0.0001,0.0
2026-09-15,C,28025.0,0.0001,0.0
2026-09-15,P,28025.0,0.0001,0.0
2026-09-15,C,28050.0,0.0001,0.0
2026-09-15,P,28050.0,0.0001,6.0
2026-09-15,C,28075.0,0.0002,0.0
2026-09-15,P,28075.0,0.0002,0.0
2026-09-15,C,28100.0,0.0002,0.0
2026-09-15,P,28100.0,0.0002,0.0
2026-09-15,C,28125.0,0.0002,0.0
2026-09-15,P,28125.0,0.0002,0.0
2026-09-15,C,28150.0,0.0002,0.0
2026-09-15,P,28150.0,0.0002,0.0
2026-09-15,C,28175.0,0.0002,0.0
2026-09-15,P,28175.0,0.0002,0.0
2026-09-15,C,28200.0,0.0002,0.0
2026-09-15,P,28200.0,0.0002,2.0
2026-09-15,C,28225.0,0.0002,0.0
2026-09-15,P,28225.0,0.0002,0.0
2026-09-15,C,28250.0,0.0002,0.0
2026-09-15,P,28250.0,0.0002,0.0
2026-09-15,C,28275.0,0.0002,0.0
2026-09-15,P,28275.0,0.0002,0.0
2026-09-15,C,28300.0,0.0002,0.0
2026-09-15,P,28300.0,0.0002,3.0
2026-09-15,C,28325.0,0.0002,0.0
2026-09-15,P,28325.0,0.0002,0.0
2026-09-15,C,28350.0,0.0002,0.0
2026-09-15,P,28350.0,0.0002,6.0
2026-09-15,C,28375.0,0.0002,0.0
2026-09-15,P,28375.0,0.0002,1.0
2026-09-15,C,28400.0,0.0002,0.0
2026-09-15,P,28400.0,0.0002,1.0
2026-09-15,C,28425.0,0.0002,0.0
2026-09-15,P,28425.0,0.0002,0.0
2026-09-15,C,28450.0,0.0002,0.0
2026-09-15,P,28450.0,0.0002,0.0
2026-09-15,C,28475.0,0.0002,0.0
2026-09-15,P,28475.0,0.0002,0.0
2026-09-15,C,28500.0,0.0002,0.0
2026-09-15,P,28500.0,0.0002,0.0
2026-09-15,C,28525.0,0.0002,0.0
2026-09-15,P,28525.0,0.0002,2.0
2026-09-15,C,28550.0,0.0002,0.0
2026-09-15,P,28550.0,0.0002,0.0
2026-09-15,C,28575.0,0.0002,0.0
2026-09-15,P,28575.0,0.0002,0.0
2026-09-15,C,28600.0,0.0003,0.0
2026-09-15,P,28600.0,0.0003,0.0
2026-09-15,C,28625.0,0.0003,0.0
2026-09-15,P,28625.0,0.0003,0.0
2026-09-15,C,28650.0,0.0003,0.0
2026-09-15,P,28650.0,0.0003,0.0
2026-09-15,C,28675.0,0.0003,0.0
2026-09-15,P,28675.0,0.0003,0.0
2026-09-15,C,28700.0,0.0003,0.0
2026-09-15,P,28700.0,0.0003,0.0
2026-09-15,C,28725.0,0.0003,0.0
2026-09-15,P,28725.0,0.0003,0.0
2026-09-15,C,28750.0,0.0003,0.0
2026-09-15,P,28750.0,0.0003,0.0
2026-09-15,C,28775.0,0.0003,0.0
2026-09-15,P,28775.0,0.0003,0.0
2026-09-15,C,28800.0,0.0003,0.0
2026-09-15,P,28800.0,0.0003,0.0
2026-09-15,C,28825.0,0.0003,0.0
2026-09-15,P,28825.0,0.0003,0.0
2026-09-15,C,28850.0,0.0003,0.0
2026-09-15,P,28850.0,0.0003,5.0
2026-09-15,C,28875.0,0.0003,0.0
2026-09-15,P,28875.0,0.0003,0.0
2026-09-15,C,28900.0,0.0003,2.0
2026-09-15,P,28900.0,0.0003,0.0
2026-09-15,C,28925.0,0.0003,0.0
2026-09-15,P,28925.0,0.0003,0.0
2026-09-15,C,28950.0,0.0003,0.0
2026-09-15,P,28950.0,0.0003,5.0
2026-09-15,C,28975.0,0.0004,0.0
2026-09-15,P,28975.0,0.0004,0.0
2026-09-15,C,29000.0,0.0004,0.0
2026-09-15,P,29000.0,0.0004,44.0
2026-09-15,C,29025.0,0.0004,0.0
2026-09-15,P,29025.0,0.0004,0.0
2026-09-15,C,29050.0,0.0004,0.0
2026-09-15,P,29050.0,0.0004,0.0
2026-09-15,C,29075.0,0.0004,0.0
2026-09-15,P,29075.0,0.0004,0.0
2026-09-15,C,29100.0,0.0004,0.0
2026-09-15,P,29100.0,0.0004,0.0
2026-09-15,C,29125.0,0.0004,0.0
2026-09-15,P,29125.0,0.0004,0.0
2026-09-15,C,29150.0,0.0004,1.0
2026-09-15,P,29150.0,0.0004,5.0
2026-09-15,C,29175.0,0.0004,1.0
2026-09-15,P,29175.0,0.0004,0.0
2026-09-15,C,29200.0,0.0004,7.0
2026-09-15,P,29200.0,0.0004,2.0
2026-09-15,C,29225.0,0.0004,0.0
2026-09-15,P,29225.0,0.0004,0.0
2026-09-15,C,29250.0,0.0004,1.0
2026-09-15,P,29250.0,0.0004,2.0
2026-09-15,C,29275.0,0.0004,0.0
2026-09-15,P,29275.0,0.0004,0.0
2026-09-15,C,29300.0,0.0004,0.0
2026-09-15,P,29300.0,0.0004,0.0
2026-09-15,C,29325.0,0.0004,0.0
2026-09-15,P,29325.0,0.0004,0.0
2026-09-15,C,29350.0,0.0004,0.0
2026-09-15,P,29350.0,0.0004,0.0
2026-09-15,C,29375.0,0.0004,0.0
2026-09-15,P,29375.0,0.0004,0.0
2026-09-15,C,29400.0,0.0004,2.0
2026-09-15,P,29400.0,0.0004,4.0
2026-09-15,C,29425.0,0.0004,0.0
2026-09-15,P,29425.0,0.0004,0.0
2026-09-15,C,29450.0,0.0004,0.0
2026-09-15,P,29450.0,0.0004,0.0
2026-09-15,C,29475.0,0.0004,3.0
2026-09-15,P,29475.0,0.0004,0.0
2026-09-15,C,29500.0,0.0004,1.0
2026-09-15,P,29500.0,0.0004,9.0
2026-09-15,C,29525.0,0.0004,0.0
2026-09-15,P,29525.0,0.0004,0.0
2026-09-15,C,29550.0,0.0005,13.0
2026-09-15,P,29550.0,0.0005,0.0
2026-09-15,C,29575.0,0.0005,0.0
2026-09-15,P,29575.0,0.0005,1.0
2026-09-15,C,29600.0,0.0005,5.0
2026-09-15,P,29600.0,0.0005,1.0
2026-09-15,C,29625.0,0.0005,0.0
2026-09-15,P,29625.0,0.0005,0.0
2026-09-15,C,29650.0,0.0005,10.0
2026-09-15,P,29650.0,0.0005,0.0
2026-09-15,C,29675.0,0.0005,0.0
2026-09-15,P,29675.0,0.0005,0.0
2026-09-15,C,29700.0,0.0005,1.0
2026-09-15,P,29700.0,0.0005,0.0
2026-09-15,C,29725.0,0.0005,1.0
2026-09-15,P,29725.0,0.0005,0.0
2026-09-15,C,29750.0,0.0004,1.0
2026-09-15,P,29750.0,0.0004,0.0
2026-09-15,C,29775.0,0.0004,4.0
2026-09-15,P,29775.0,0.0004,0.0
2026-09-15,C,29800.0,0.0004,1.0
2026-09-15,P,29800.0,0.0004,0.0
2026-09-15,C,29825.0,0.0004,0.0
2026-09-15,P,29825.0,0.0004,0.0
2026-09-15,C,29850.0,0.0004,1.0
2026-09-15,P,29850.0,0.0004,0.0
2026-09-15,C,29875.0,0.0004,0.0
2026-09-15,P,29875.0,0.0004,0.0
2026-09-15,C,29900.0,0.0004,0.0
2026-09-15,P,29900.0,0.0004,0.0
2026-09-15,C,29925.0,0.0004,0.0
2026-09-15,P,29925.0,0.0004,0.0
2026-09-15,C,29950.0,0.0004,10.0
2026-09-15,P,29950.0,0.0004,0.0
2026-09-15,C,29975.0,0.0004,0.0
2026-09-15,P,29975.0,0.0004,0.0
2026-09-15,C,30000.0,0.0004,1.0
2026-09-15,P,30000.0,0.0004,1.0
2026-09-15,C,30025.0,0.0004,0.0
2026-09-15,P,30025.0,0.0004,0.0
2026-09-15,C,30050.0,0.0004,3.0
2026-09-15,P,30050.0,0.0004,0.0
2026-09-15,C,30075.0,0.0004,0.0
2026-09-15,P,30075.0,0.0004,0.0
2026-09-15,C,30100.0,0.0004,1.0
2026-09-15,P,30100.0,0.0004,0.0
2026-09-15,C,30125.0,0.0004,0.0
2026-09-15,P,30125.0,0.0004,0.0
2026-09-15,C,30150.0,0.0004,0.0
2026-09-15,P,30150.0,0.0004,0.0
2026-09-15,C,30175.0,0.0004,0.0
2026-09-15,P,30175.0,0.0004,0.0
2026-09-15,C,30200.0,0.0004,0.0
2026-09-15,P,30200.0,0.0004,0.0
2026-09-15,C,30225.0,0.0003,0.0
2026-09-15,P,30225.0,0.0003,0.0
2026-09-15,C,30250.0,0.0003,1.0
2026-09-15,P,30250.0,0.0003,0.0
2026-09-15,C,30275.0,0.0003,0.0
2026-09-15,P,30275.0,0.0003,0.0
2026-09-15,C,30300.0,0.0003,0.0
2026-09-15,P,30300.0,0.0003,0.0
2026-09-15,C,30325.0,0.0003,0.0
2026-09-15,P,30325.0,0.0003,0.0
2026-09-15,C,30350.0,0.0003,0.0
2026-09-15,P,30350.0,0.0003,0.0
2026-09-15,C,30375.0,0.0003,0.0
2026-09-15,P,30375.0,0.0003,0.0
2026-09-15,C,30400.0,0.0003,8.0
2026-09-15,P,30400.0,0.0003,0.0
2026-09-15,C,30425.0,0.0003,0.0
2026-09-15,P,30425.0,0.0003,0.0
2026-09-15,C,30450.0,0.0002,98.0
2026-09-15,P,30450.0,0.0002,0.0
2026-09-15,C,30475.0,0.0002,0.0
2026-09-15,P,30475.0,0.0002,0.0
2026-09-15,C,30500.0,0.0002,0.0
2026-09-15,P,30500.0,0.0002,0.0
2026-09-15,C,30525.0,0.0002,0.0
2026-09-15,P,30525.0,0.0002,0.0
2026-09-15,C,30550.0,0.0002,6.0
2026-09-15,P,30550.0,0.0002,0.0
2026-09-15,C,30575.0,0.0002,0.0
2026-09-15,P,30575.0,0.0002,0.0
2026-09-15,C,30600.0,0.0002,0.0
2026-09-15,P,30600.0,0.0002,0.0
2026-09-15,C,30625.0,0.0002,0.0
2026-09-15,P,30625.0,0.0002,0.0
2026-09-15,C,30650.0,0.0002,0.0
2026-09-15,P,30650.0,0.0002,0.0
2026-09-15,C,30675.0,0.0002,0.0
2026-09-15,P,30675.0,0.0002,0.0
2026-09-15,C,30700.0,0.0002,0.0
2026-09-15,P,30700.0,0.0002,0.0
2026-09-15,C,30725.0,0.0001,2.0
2026-09-15,P,30725.0,0.0001,0.0
2026-09-15,C,30750.0,0.0001,7.0
2026-09-15,P,30750.0,0.0001,0.0
2026-09-15,C,30800.0,0.0001,1.0
2026-09-15,P,30800.0,0.0001,0.0
2026-09-15,C,30850.0,0.0001,0.0
2026-09-15,P,30850.0,0.0001,0.0
2026-09-15,C,30900.0,0.0001,1.0
2026-09-15,P,30900.0,0.0001,0.0
2026-09-15,C,30950.0,0.0001,1.0
2026-09-15,P,30950.0,0.0001,0.0
2026-09-15,C,31000.0,0.0001,0.0
2026-09-15,P,31000.0,0.0001,0.0
2026-09-15,C,31050.0,0.0001,0.0
2026-09-15,P,31050.0,0.0001,0.0
2026-09-15,C,31100.0,0.0001,0.0
2026-09-15,P,31100.0,0.0001,0.0
2026-09-15,C,31200.0,0.0001,1.0
2026-09-15,P,31200.0,0.0001,9.0
2026-09-15,C,31300.0,0.0,1.0
2026-09-15,P,31300.0,0.0,0.0
2026-09-15,C,31400.0,0.0,0.0
2026-09-15,P,31400.0,0.0,0.0
2026-09-15,C,31500.0,0.0,9.0
2026-09-15,P,31500.0,0.0,9.0
2026-09-15,C,31600.0,0.0,0.0
2026-09-15,P,31600.0,0.0,0.0
2026-09-15,C,31800.0,0.0,16.0
2026-09-15,P,31800.0,0.0,0.0
2026-09-15,C,32000.0,0.0,5.0
2026-09-15,P,32000.0,0.0,0.0
2026-09-15,C,32200.0,0.0,0.0
2026-09-15,P,32200.0,0.0,0.0
2026-09-15,C,32400.0,0.0,0.0
2026-09-15,P,32400.0,0.0,0.0
2026-09-15,C,32500.0,0.0,0.0
2026-09-15,P,32500.0,0.0,0.0
2026-09-15,C,32600.0,0.0,0.0
2026-09-15,P,32600.0,0.0,0.0
2026-09-15,C,32800.0,0.0,0.0
2026-09-15,P,32800.0,0.0,0.0
2026-09-15,C,33000.0,0.0,0.0
2026-09-15,P,33000.0,0.0,0.0
2026-09-15,C,33200.0,0.0,0.0
2026-09-15,P,33200.0,0.0,0.0
2026-09-15,C,33500.0,0.0,0.0
2026-09-15,P,33500.0,0.0,0.0
2026-09-15,C,34000.0,0.0,3.0
2026-09-15,P,34000.0,0.0,0.0
2026-09-15,C,34500.0,0.0,5.0
2026-09-15,P,34500.0,0.0,0.0
2026-09-15,C,35000.0,0.0,2.0
2026-09-15,P,35000.0,0.0,0.0
2026-09-15,C,35500.0,0.0,0.0
2026-09-15,P,35500.0,0.0,0.0
2026-09-15,C,36000.0,0.0,1.0
2026-09-15,P,36000.0,0.0,0.0
2026-09-15,C,37000.0,0.0,1.0
2026-09-15,P,37000.0,0.0,0.0
2026-09-15,C,38000.0,0.0,0.0
2026-09-15,P,38000.0,0.0,0.0
2026-09-15,C,39000.0,0.0,0.0
2026-09-15,P,39000.0,0.0,0.0
2026-09-16,C,15000.0,0.0,0.0
2026-09-16,P,15000.0,0.0,0.0
2026-09-16,C,16000.0,0.0,0.0
2026-09-16,P,16000.0,0.0,0.0
2026-09-16,C,17000.0,0.0,0.0
2026-09-16,P,17000.0,0.0,0.0
2026-09-16,C,18000.0,0.0,0.0
2026-09-16,P,18000.0,0.0,0.0
2026-09-16,C,19000.0,0.0,0.0
2026-09-16,P,19000.0,0.0,0.0
2026-09-16,C,20000.0,0.0,0.0
2026-09-16,P,20000.0,0.0,2.0
2026-09-16,C,21000.0,0.0,0.0
2026-09-16,P,21000.0,0.0,9.0
2026-09-16,C,22000.0,0.0,0.0
2026-09-16,P,22000.0,0.0,8.0
2026-09-16,C,22500.0,0.0,0.0
2026-09-16,P,22500.0,0.0,0.0
2026-09-16,C,23000.0,0.0,0.0
2026-09-16,P,23000.0,0.0,1.0
2026-09-16,C,23500.0,0.0,0.0
2026-09-16,P,23500.0,0.0,1.0
2026-09-16,C,24000.0,0.0,0.0
2026-09-16,P,24000.0,0.0,0.0
2026-09-16,C,24500.0,0.0,0.0
2026-09-16,P,24500.0,0.0,0.0
2026-09-16,C,24800.0,0.0,0.0
2026-09-16,P,24800.0,0.0,0.0
2026-09-16,C,25000.0,0.0,0.0
2026-09-16,P,25000.0,0.0,0.0
2026-09-16,C,25200.0,0.0,0.0
2026-09-16,P,25200.0,0.0,0.0
2026-09-16,C,25400.0,0.0,0.0
2026-09-16,P,25400.0,0.0,0.0
2026-09-16,C,25500.0,0.0,0.0
2026-09-16,P,25500.0,0.0,0.0
2026-09-16,C,25600.0,0.0,0.0
2026-09-16,P,25600.0,0.0,0.0
2026-09-16,C,25800.0,0.0,0.0
2026-09-16,P,25800.0,0.0,0.0
2026-09-16,C,26000.0,0.0,0.0
2026-09-16,P,26000.0,0.0,2.0
2026-09-16,C,26200.0,0.0,0.0
2026-09-16,P,26200.0,0.0,0.0
2026-09-16,C,26400.0,0.0,0.0
2026-09-16,P,26400.0,0.0,5.0
2026-09-16,C,26500.0,0.0,0.0
2026-09-16,P,26500.0,0.0,1.0
2026-09-16,C,26600.0,0.0,0.0
2026-09-16,P,26600.0,0.0,1.0
2026-09-16,C,26800.0,0.0,0.0
2026-09-16,P,26800.0,0.0,0.0
2026-09-16,C,27000.0,0.0001,0.0
2026-09-16,P,27000.0,0.0001,4.0
2026-09-16,C,27200.0,0.0001,0.0
2026-09-16,P,27200.0,0.0001,0.0
2026-09-16,C,27400.0,0.0001,0.0
2026-09-16,P,27400.0,0.0001,0.0
2026-09-16,C,27500.0,0.0001,0.0
2026-09-16,P,27500.0,0.0001,3.0
2026-09-16,C,27600.0,0.0001,1.0
2026-09-16,P,27600.0,0.0001,0.0
2026-09-16,C,27800.0,0.0001,1.0
2026-09-16,P,27800.0,0.0001,0.0
2026-09-16,C,27850.0,0.0001,0.0
2026-09-16,P,27850.0,0.0001,0.0
2026-09-16,C,27900.0,0.0001,0.0
2026-09-16,P,27900.0,0.0001,0.0
2026-09-16,C,27950.0,0.0001,0.0
2026-09-16,P,27950.0,0.0001,0.0
2026-09-16,C,28000.0,0.0001,0.0
2026-09-16,P,28000.0,0.0001,7.0
2026-09-16,C,28050.0,0.0002,0.0
2026-09-16,P,28050.0,0.0002,0.0
2026-09-16,C,28100.0,0.0002,0.0
2026-09-16,P,28100.0,0.0002,5.0
2026-09-16,C,28125.0,0.0002,0.0
2026-09-16,P,28125.0,0.0002,0.0
2026-09-16,C,28150.0,0.0002,0.0
2026-09-16,P,28150.0,0.0002,0.0
2026-09-16,C,28175.0,0.0002,0.0
2026-09-16,P,28175.0,0.0002,0.0
2026-09-16,C,28200.0,0.0002,0.0
2026-09-16,P,28200.0,0.0002,3.0
2026-09-16,C,28225.0,0.0002,0.0
2026-09-16,P,28225.0,0.0002,0.0
2026-09-16,C,28250.0,0.0002,0.0
2026-09-16,P,28250.0,0.0002,0.0
2026-09-16,C,28275.0,0.0002,0.0
2026-09-16,P,28275.0,0.0002,0.0
2026-09-16,C,28300.0,0.0002,0.0
2026-09-16,P,28300.0,0.0002,2.0
2026-09-16,C,28325.0,0.0002,0.0
2026-09-16,P,28325.0,0.0002,0.0
2026-09-16,C,28350.0,0.0002,0.0
2026-09-16,P,28350.0,0.0002,0.0
2026-09-16,C,28375.0,0.0002,0.0
2026-09-16,P,28375.0,0.0002,0.0
2026-09-16,C,28400.0,0.0002,0.0
2026-09-16,P,28400.0,0.0002,1.0
2026-09-16,C,28425.0,0.0002,0.0
2026-09-16,P,28425.0,0.0002,0.0
2026-09-16,C,28450.0,0.0002,0.0
2026-09-16,P,28450.0,0.0002,0.0
2026-09-16,C,28475.0,0.0002,0.0
2026-09-16,P,28475.0,0.0002,0.0
2026-09-16,C,28500.0,0.0002,0.0
2026-09-16,P,28500.0,0.0002,0.0
2026-09-16,C,28525.0,0.0002,0.0
2026-09-16,P,28525.0,0.0002,0.0
2026-09-16,C,28550.0,0.0002,0.0
2026-09-16,P,28550.0,0.0002,34.0
2026-09-16,C,28575.0,0.0002,0.0
2026-09-16,P,28575.0,0.0002,0.0
2026-09-16,C,28600.0,0.0002,0.0
2026-09-16,P,28600.0,0.0002,3.0
2026-09-16,C,28625.0,0.0002,0.0
2026-09-16,P,28625.0,0.0002,0.0
2026-09-16,C,28650.0,0.0003,0.0
2026-09-16,P,28650.0,0.0003,0.0
2026-09-16,C,28675.0,0.0003,0.0
2026-09-16,P,28675.0,0.0003,0.0
2026-09-16,C,28700.0,0.0003,0.0
2026-09-16,P,28700.0,0.0003,0.0
2026-09-16,C,28725.0,0.0003,0.0
2026-09-16,P,28725.0,0.0003,0.0
2026-09-16,C,28750.0,0.0003,0.0
2026-09-16,P,28750.0,0.0003,0.0
2026-09-16,C,28775.0,0.0003,0.0
2026-09-16,P,28775.0,0.0003,0.0
2026-09-16,C,28800.0,0.0003,0.0
2026-09-16,P,28800.0,0.0003,0.0
2026-09-16,C,28825.0,0.0003,0.0
2026-09-16,P,28825.0,0.0003,0.0
2026-09-16,C,28850.0,0.0003,0.0
2026-09-16,P,28850.0,0.0003,6.0
2026-09-16,C,28875.0,0.0003,0.0
2026-09-16,P,28875.0,0.0003,0.0
2026-09-16,C,28900.0,0.0003,0.0
2026-09-16,P,28900.0,0.0003,2.0
2026-09-16,C,28925.0,0.0003,0.0
2026-09-16,P,28925.0,0.0003,0.0
2026-09-16,C,28950.0,0.0003,0.0
2026-09-16,P,28950.0,0.0003,0.0
2026-09-16,C,28975.0,0.0003,0.0
2026-09-16,P,28975.0,0.0003,0.0
2026-09-16,C,29000.0,0.0003,1.0
2026-09-16,P,29000.0,0.0003,3.0
2026-09-16,C,29025.0,0.0003,0.0
2026-09-16,P,29025.0,0.0003,0.0
2026-09-16,C,29050.0,0.0003,0.0
2026-09-16,P,29050.0,0.0003,3.0
2026-09-16,C,29075.0,0.0004,0.0
2026-09-16,P,29075.0,0.0004,0.0
2026-09-16,C,29100.0,0.0004,0.0
2026-09-16,P,29100.0,0.0004,0.0
2026-09-16,C,29125.0,0.0004,0.0
2026-09-16,P,29125.0,0.0004,0.0
2026-09-16,C,29150.0,0.0004,1.0
2026-09-16,P,29150.0,0.0004,1.0
2026-09-16,C,29175.0,0.0004,0.0
2026-09-16,P,29175.0,0.0004,0.0
2026-09-16,C,29200.0,0.0004,0.0
2026-09-16,P,29200.0,0.0004,12.0
2026-09-16,C,29225.0,0.0004,0.0
2026-09-16,P,29225.0,0.0004,0.0
2026-09-16,C,29250.0,0.0004,0.0
2026-09-16,P,29250.0,0.0004,34.0
2026-09-16,C,29275.0,0.0004,0.0
2026-09-16,P,29275.0,0.0004,0.0
2026-09-16,C,29300.0,0.0004,34.0
2026-09-16,P,29300.0,0.0004,0.0
2026-09-16,C,29325.0,0.0004,0.0
2026-09-16,P,29325.0,0.0004,0.0
2026-09-16,C,29350.0,0.0004,0.0
2026-09-16,P,29350.0,0.0004,0.0
2026-09-16,C,29375.0,0.0004,0.0
2026-09-16,P,29375.0,0.0004,0.0
2026-09-16,C,29400.0,0.0004,0.0
2026-09-16,P,29400.0,0.0004,0.0
2026-09-16,C,29425.0,0.0004,0.0
2026-09-16,P,29425.0,0.0004,0.0
2026-09-16,C,29450.0,0.0004,0.0
2026-09-16,P,29450.0,0.0004,0.0
2026-09-16,C,29475.0,0.0004,0.0
2026-09-16,P,29475.0,0.0004,0.0
2026-09-16,C,29500.0,0.0004,1.0
2026-09-16,P,29500.0,0.0004,0.0
2026-09-16,C,29525.0,0.0004,0.0
2026-09-16,P,29525.0,0.0004,0.0
2026-09-16,C,29550.0,0.0004,2.0
2026-09-16,P,29550.0,0.0004,0.0
2026-09-16,C,29575.0,0.0004,3.0
2026-09-16,P,29575.0,0.0004,0.0
2026-09-16,C,29600.0,0.0004,5.0
2026-09-16,P,29600.0,0.0004,0.0
2026-09-16,C,29625.0,0.0004,0.0
2026-09-16,P,29625.0,0.0004,0.0
2026-09-16,C,29650.0,0.0004,0.0
2026-09-16,P,29650.0,0.0004,0.0
2026-09-16,C,29675.0,0.0004,0.0
2026-09-16,P,29675.0,0.0004,0.0
2026-09-16,C,29700.0,0.0004,1.0
2026-09-16,P,29700.0,0.0004,0.0
2026-09-16,C,29725.0,0.0004,0.0
2026-09-16,P,29725.0,0.0004,0.0
2026-09-16,C,29750.0,0.0004,4.0
2026-09-16,P,29750.0,0.0004,0.0
2026-09-16,C,29775.0,0.0004,0.0
2026-09-16,P,29775.0,0.0004,0.0
2026-09-16,C,29800.0,0.0004,0.0
2026-09-16,P,29800.0,0.0004,4.0
2026-09-16,C,29825.0,0.0004,0.0
2026-09-16,P,29825.0,0.0004,0.0
2026-09-16,C,29850.0,0.0004,0.0
2026-09-16,P,29850.0,0.0004,0.0
2026-09-16,C,29875.0,0.0004,0.0
2026-09-16,P,29875.0,0.0004,0.0
2026-09-16,C,29900.0,0.0004,0.0
2026-09-16,P,29900.0,0.0004,0.0
2026-09-16,C,29925.0,0.0004,0.0
2026-09-16,P,29925.0,0.0004,0.0
2026-09-16,C,29950.0,0.0004,34.0
2026-09-16,P,29950.0,0.0004,0.0
2026-09-16,C,29975.0,0.0004,0.0
2026-09-16,P,29975.0,0.0004,0.0
2026-09-16,C,30000.0,0.0004,27.0
2026-09-16,P,30000.0,0.0004,0.0
2026-09-16,C,30025.0,0.0004,0.0
2026-09-16,P,30025.0,0.0004,0.0
2026-09-16,C,30050.0,0.0004,1.0
2026-09-16,P,30050.0,0.0004,0.0
2026-09-16,C,30075.0,0.0004,0.0
2026-09-16,P,30075.0,0.0004,0.0
2026-09-16,C,30100.0,0.0004,5.0
2026-09-16,P,30100.0,0.0004,0.0
2026-09-16,C,30125.0,0.0004,0.0
2026-09-16,P,30125.0,0.0004,0.0
2026-09-16,C,30150.0,0.0004,8.0
2026-09-16,P,30150.0,0.0004,4.0
2026-09-16,C,30175.0,0.0004,0.0
2026-09-16,P,30175.0,0.0004,0.0
2026-09-16,C,30200.0,0.0003,2.0
2026-09-16,P,30200.0,0.0003,0.0
2026-09-16,C,30225.0,0.0003,0.0
2026-09-16,P,30225.0,0.0003,0.0
2026-09-16,C,30250.0,0.0003,1.0
2026-09-16,P,30250.0,0.0003,0.0
2026-09-16,C,30275.0,0.0003,0.0
2026-09-16,P,30275.0,0.0003,0.0
2026-09-16,C,30300.0,0.0003,0.0
2026-09-16,P,30300.0,0.0003,0.0
2026-09-16,C,30325.0,0.0003,0.0
2026-09-16,P,30325.0,0.0003,0.0
2026-09-16,C,30350.0,0.0003,0.0
2026-09-16,P,30350.0,0.0003,0.0
2026-09-16,C,30375.0,0.0003,0.0
2026-09-16,P,30375.0,0.0003,0.0
2026-09-16,C,30400.0,0.0003,10.0
2026-09-16,P,30400.0,0.0003,0.0
2026-09-16,C,30425.0,0.0003,0.0
2026-09-16,P,30425.0,0.0003,0.0
2026-09-16,C,30450.0,0.0003,0.0
2026-09-16,P,30450.0,0.0003,0.0
2026-09-16,C,30475.0,0.0002,0.0
2026-09-16,P,30475.0,0.0002,0.0
2026-09-16,C,30500.0,0.0002,1.0
2026-09-16,P,30500.0,0.0002,0.0
2026-09-16,C,30525.0,0.0002,0.0
2026-09-16,P,30525.0,0.0002,0.0
2026-09-16,C,30550.0,0.0002,2.0
2026-09-16,P,30550.0,0.0002,0.0
2026-09-16,C,30575.0,0.0002,0.0
2026-09-16,P,30575.0,0.0002,0.0
2026-09-16,C,30600.0,0.0002,11.0
2026-09-16,P,30600.0,0.0002,0.0
2026-09-16,C,30625.0,0.0002,0.0
2026-09-16,P,30625.0,0.0002,0.0
2026-09-16,C,30650.0,0.0002,0.0
2026-09-16,P,30650.0,0.0002,0.0
2026-09-16,C,30675.0,0.0002,0.0
2026-09-16,P,30675.0,0.0002,0.0
2026-09-16,C,30700.0,0.0002,100.0
2026-09-16,P,30700.0,0.0002,0.0
2026-09-16,C,30725.0,0.0002,0.0
2026-09-16,P,30725.0,0.0002,0.0
2026-09-16,C,30750.0,0.0002,0.0
2026-09-16,P,30750.0,0.0002,0.0
2026-09-16,C,30800.0,0.0001,0.0
2026-09-16,P,30800.0,0.0001,0.0
2026-09-16,C,30850.0,0.0001,0.0
2026-09-16,P,30850.0,0.0001,0.0
2026-09-16,C,30900.0,0.0001,0.0
2026-09-16,P,30900.0,0.0001,0.0
2026-09-16,C,30950.0,0.0001,0.0
2026-09-16,P,30950.0,0.0001,0.0
2026-09-16,C,31000.0,0.0001,0.0
2026-09-16,P,31000.0,0.0001,0.0
2026-09-16,C,31050.0,0.0001,1.0
2026-09-16,P,31050.0,0.0001,0.0
2026-09-16,C,31100.0,0.0001,1.0
2026-09-16,P,31100.0,0.0001,0.0
2026-09-16,C,31200.0,0.0001,0.0
2026-09-16,P,31200.0,0.0001,0.0
2026-09-16,C,31300.0,0.0001,0.0
2026-09-16,P,31300.0,0.0001,0.0
2026-09-16,C,31400.0,0.0,0.0
2026-09-16,P,31400.0,0.0,0.0
2026-09-16,C,31500.0,0.0,0.0
2026-09-16,P,31500.0,0.0,0.0
2026-09-16,C,31600.0,0.0,0.0
2026-09-16,P,31600.0,0.0,0.0
2026-09-16,C,31800.0,0.0,0.0
2026-09-16,P,31800.0,0.0,0.0
2026-09-16,C,32000.0,0.0,49.0
2026-09-16,P,32000.0,0.0,0.0
2026-09-16,C,32200.0,0.0,26.0
2026-09-16,P,32200.0,0.0,0.0
2026-09-16,C,32400.0,0.0,1.0
2026-09-16,P,32400.0,0.0,0.0
2026-09-16,C,32500.0,0.0,0.0
2026-09-16,P,32500.0,0.0,0.0
2026-09-16,C,32600.0,0.0,0.0
2026-09-16,P,32600.0,0.0,0.0
2026-09-16,C,32800.0,0.0,0.0
2026-09-16,P,32800.0,0.0,0.0
2026-09-16,C,33000.0,0.0,0.0
2026-09-16,P,33000.0,0.0,0.0
2026-09-16,C,33200.0,0.0,0.0
2026-09-16,P,33200.0,0.0,0.0
2026-09-16,C,33500.0,0.0,0.0
2026-09-16,P,33500.0,0.0,0.0
2026-09-16,C,34000.0,0.0,1.0
2026-09-16,P,34000.0,0.0,0.0
2026-09-16,C,34500.0,0.0,2.0
2026-09-16,P,34500.0,0.0,0.0
2026-09-16,C,35000.0,0.0,1.0
2026-09-16,P,35000.0,0.0,0.0
2026-09-16,C,35500.0,0.0,0.0
2026-09-16,P,35500.0,0.0,0.0
2026-09-16,C,36000.0,0.0,0.0
2026-09-16,P,36000.0,0.0,0.0
2026-09-16,C,37000.0,0.0,0.0
2026-09-16,P,37000.0,0.0,0.0
2026-09-16,C,38000.0,0.0,0.0
2026-09-16,P,38000.0,0.0,0.0
2026-09-16,C,39000.0,0.0,0.0
2026-09-16,P,39000.0,0.0,0.0
2026-09-17,C,15000.0,0.0,0.0
2026-09-17,P,15000.0,0.0,1.0
2026-09-17,C,16000.0,0.0,0.0
2026-09-17,P,16000.0,0.0,1.0
2026-09-17,C,17000.0,0.0,0.0
2026-09-17,P,17000.0,0.0,0.0
2026-09-17,C,18000.0,0.0,0.0
2026-09-17,P,18000.0,0.0,0.0
2026-09-17,C,19000.0,0.0,0.0
2026-09-17,P,19000.0,0.0,0.0
2026-09-17,C,20000.0,0.0,0.0
2026-09-17,P,20000.0,0.0,5.0
2026-09-17,C,21000.0,0.0,0.0
2026-09-17,P,21000.0,0.0,8.0
2026-09-17,C,22000.0,0.0,0.0
2026-09-17,P,22000.0,0.0,4.0
2026-09-17,C,22500.0,0.0,0.0
2026-09-17,P,22500.0,0.0,1.0
2026-09-17,C,23000.0,0.0,0.0
2026-09-17,P,23000.0,0.0,5.0
2026-09-17,C,23500.0,0.0,0.0
2026-09-17,P,23500.0,0.0,0.0
2026-09-17,C,24000.0,0.0,0.0
2026-09-17,P,24000.0,0.0,1.0
2026-09-17,C,24500.0,0.0,0.0
2026-09-17,P,24500.0,0.0,0.0
2026-09-17,C,24800.0,0.0,0.0
2026-09-17,P,24800.0,0.0,0.0
2026-09-17,C,25000.0,0.0,0.0
2026-09-17,P,25000.0,0.0,0.0
2026-09-17,C,25200.0,0.0,0.0
2026-09-17,P,25200.0,0.0,0.0
2026-09-17,C,25400.0,0.0,0.0
2026-09-17,P,25400.0,0.0,0.0
2026-09-17,C,25500.0,0.0,0.0
2026-09-17,P,25500.0,0.0,0.0
2026-09-17,C,25600.0,0.0,0.0
2026-09-17,P,25600.0,0.0,0.0
2026-09-17,C,25800.0,0.0,0.0
2026-09-17,P,25800.0,0.0,0.0
2026-09-17,C,26000.0,0.0,0.0
2026-09-17,P,26000.0,0.0,3.0
2026-09-17,C,26200.0,0.0,0.0
2026-09-17,P,26200.0,0.0,0.0
2026-09-17,C,26400.0,0.0,0.0
2026-09-17,P,26400.0,0.0,5.0
2026-09-17,C,26500.0,0.0,0.0
2026-09-17,P,26500.0,0.0,1.0
2026-09-17,C,26600.0,0.0,0.0
2026-09-17,P,26600.0,0.0,0.0
2026-09-17,C,26800.0,0.0001,0.0
2026-09-17,P,26800.0,0.0001,1.0
2026-09-17,C,27000.0,0.0001,0.0
2026-09-17,P,27000.0,0.0001,4.0
2026-09-17,C,27200.0,0.0001,0.0
2026-09-17,P,27200.0,0.0001,0.0
2026-09-17,C,27400.0,0.0001,0.0
2026-09-17,P,27400.0,0.0001,0.0
2026-09-17,C,27500.0,0.0001,0.0
2026-09-17,P,27500.0,0.0001,7.0
2026-09-17,C,27600.0,0.0001,0.0
2026-09-17,P,27600.0,0.0001,0.0
2026-09-17,C,27800.0,0.0001,0.0
2026-09-17,P,27800.0,0.0001,0.0
2026-09-17,C,27900.0,0.0001,0.0
2026-09-17,P,27900.0,0.0001,0.0
2026-09-17,C,27950.0,0.0,0.0
2026-09-17,P,27950.0,0.0,0.0
2026-09-17,C,28000.0,0.0001,0.0
2026-09-17,P,28000.0,0.0001,2.0
2026-09-17,C,28050.0,0.0002,0.0
2026-09-17,P,28050.0,0.0002,0.0
2026-09-17,C,28100.0,0.0002,0.0
2026-09-17,P,28100.0,0.0002,1.0
2026-09-17,C,28150.0,0.0002,0.0
2026-09-17,P,28150.0,0.0002,0.0
2026-09-17,C,28200.0,0.0002,0.0
2026-09-17,P,28200.0,0.0002,2.0
2026-09-17,C,28225.0,0.0,0.0
2026-09-17,P,28225.0,0.0,0.0
2026-09-17,C,28250.0,0.0002,0.0
2026-09-17,P,28250.0,0.0002,0.0
2026-09-17,C,28275.0,0.0,0.0
2026-09-17,P,28275.0,0.0,0.0
2026-09-17,C,28300.0,0.0002,0.0
2026-09-17,P,28300.0,0.0002,3.0
2026-09-17,C,28325.0,0.0002,0.0
2026-09-17,P,28325.0,0.0002,0.0
2026-09-17,C,28350.0,0.0002,1.0
2026-09-17,P,28350.0,0.0002,35.0
2026-09-17,C,28375.0,0.0002,0.0
2026-09-17,P,28375.0,0.0002,0.0
2026-09-17,C,28400.0,0.0002,1.0
2026-09-17,P,28400.0,0.0002,0.0
2026-09-17,C,28425.0,0.0002,0.0
2026-09-17,P,28425.0,0.0002,0.0
2026-09-17,C,28450.0,0.0002,0.0
2026-09-17,P,28450.0,0.0002,0.0
2026-09-17,C,28475.0,0.0002,0.0
2026-09-17,P,28475.0,0.0002,0.0
2026-09-17,C,28500.0,0.0002,1.0
2026-09-17,P,28500.0,0.0002,8.0
2026-09-17,C,28525.0,0.0002,0.0
2026-09-17,P,28525.0,0.0002,0.0
2026-09-17,C,28550.0,0.0002,2.0
2026-09-17,P,28550.0,0.0002,72.0
2026-09-17,C,28575.0,0.0002,0.0
2026-09-17,P,28575.0,0.0002,0.0
2026-09-17,C,28600.0,0.0002,0.0
2026-09-17,P,28600.0,0.0002,2.0
2026-09-17,C,28625.0,0.0002,0.0
2026-09-17,P,28625.0,0.0002,0.0
2026-09-17,C,28650.0,0.0002,0.0
2026-09-17,P,28650.0,0.0002,0.0
2026-09-17,C,28675.0,0.0003,0.0
2026-09-17,P,28675.0,0.0003,0.0
2026-09-17,C,28700.0,0.0003,0.0
2026-09-17,P,28700.0,0.0003,7.0
2026-09-17,C,28725.0,0.0003,0.0
2026-09-17,P,28725.0,0.0003,0.0
2026-09-17,C,28750.0,0.0003,1.0
2026-09-17,P,28750.0,0.0003,37.0
2026-09-17,C,28775.0,0.0003,0.0
2026-09-17,P,28775.0,0.0003,0.0
2026-09-17,C,28800.0,0.0003,0.0
2026-09-17,P,28800.0,0.0003,4.0
2026-09-17,C,28825.0,0.0003,0.0
2026-09-17,P,28825.0,0.0003,0.0
2026-09-17,C,28850.0,0.0003,0.0
2026-09-17,P,28850.0,0.0003,0.0
2026-09-17,C,28875.0,0.0003,0.0
2026-09-17,P,28875.0,0.0003,0.0
2026-09-17,C,28900.0,0.0003,0.0
2026-09-17,P,28900.0,0.0003,5.0
2026-09-17,C,28925.0,0.0003,0.0
2026-09-17,P,28925.0,0.0003,0.0
2026-09-17,C,28950.0,0.0003,0.0
2026-09-17,P,28950.0,0.0003,3.0
2026-09-17,C,28975.0,0.0003,0.0
2026-09-17,P,28975.0,0.0003,0.0
2026-09-17,C,29000.0,0.0003,0.0
2026-09-17,P,29000.0,0.0003,1.0
2026-09-17,C,29025.0,0.0003,0.0
2026-09-17,P,29025.0,0.0003,0.0
2026-09-17,C,29050.0,0.0003,0.0
2026-09-17,P,29050.0,0.0003,1.0
2026-09-17,C,29075.0,0.0003,0.0
2026-09-17,P,29075.0,0.0003,0.0
2026-09-17,C,29100.0,0.0003,0.0
2026-09-17,P,29100.0,0.0003,0.0
2026-09-17,C,29125.0,0.0003,0.0
2026-09-17,P,29125.0,0.0003,0.0
2026-09-17,C,29150.0,0.0004,0.0
2026-09-17,P,29150.0,0.0004,0.0
2026-09-17,C,29175.0,0.0004,0.0
2026-09-17,P,29175.0,0.0004,1.0
2026-09-17,C,29200.0,0.0004,0.0
2026-09-17,P,29200.0,0.0004,0.0
2026-09-17,C,29225.0,0.0004,0.0
2026-09-17,P,29225.0,0.0004,1.0
2026-09-17,C,29250.0,0.0004,0.0
2026-09-17,P,29250.0,0.0004,0.0
2026-09-17,C,29275.0,0.0004,0.0
2026-09-17,P,29275.0,0.0004,0.0
2026-09-17,C,29300.0,0.0004,0.0
2026-09-17,P,29300.0,0.0004,0.0
2026-09-17,C,29325.0,0.0004,0.0
2026-09-17,P,29325.0,0.0004,0.0
2026-09-17,C,29350.0,0.0004,1.0
2026-09-17,P,29350.0,0.0004,0.0
2026-09-17,C,29375.0,0.0004,0.0
2026-09-17,P,29375.0,0.0004,0.0
2026-09-17,C,29400.0,0.0004,0.0
2026-09-17,P,29400.0,0.0004,0.0
2026-09-17,C,29425.0,0.0004,0.0
2026-09-17,P,29425.0,0.0004,0.0
2026-09-17,C,29450.0,0.0004,5.0
2026-09-17,P,29450.0,0.0004,0.0
2026-09-17,C,29475.0,0.0004,0.0
2026-09-17,P,29475.0,0.0004,0.0
2026-09-17,C,29500.0,0.0004,0.0
2026-09-17,P,29500.0,0.0004,0.0
2026-09-17,C,29525.0,0.0004,0.0
2026-09-17,P,29525.0,0.0004,0.0
2026-09-17,C,29550.0,0.0004,0.0
2026-09-17,P,29550.0,0.0004,0.0
2026-09-17,C,29575.0,0.0004,0.0
2026-09-17,P,29575.0,0.0004,0.0
2026-09-17,C,29600.0,0.0004,0.0
2026-09-17,P,29600.0,0.0004,0.0
2026-09-17,C,29625.0,0.0004,0.0
2026-09-17,P,29625.0,0.0004,0.0
2026-09-17,C,29650.0,0.0004,1.0
2026-09-17,P,29650.0,0.0004,0.0
2026-09-17,C,29675.0,0.0004,0.0
2026-09-17,P,29675.0,0.0004,0.0
2026-09-17,C,29700.0,0.0004,1.0
2026-09-17,P,29700.0,0.0004,0.0
2026-09-17,C,29725.0,0.0004,0.0
2026-09-17,P,29725.0,0.0004,0.0
2026-09-17,C,29750.0,0.0004,1.0
2026-09-17,P,29750.0,0.0004,0.0
2026-09-17,C,29775.0,0.0004,0.0
2026-09-17,P,29775.0,0.0004,0.0
2026-09-17,C,29800.0,0.0004,2.0
2026-09-17,P,29800.0,0.0004,0.0
2026-09-17,C,29825.0,0.0004,0.0
2026-09-17,P,29825.0,0.0004,0.0
2026-09-17,C,29850.0,0.0004,0.0
2026-09-17,P,29850.0,0.0004,0.0
2026-09-17,C,29875.0,0.0004,0.0
2026-09-17,P,29875.0,0.0004,0.0
2026-09-17,C,29900.0,0.0004,0.0
2026-09-17,P,29900.0,0.0004,0.0
2026-09-17,C,29925.0,0.0004,0.0
2026-09-17,P,29925.0,0.0004,0.0
2026-09-17,C,29950.0,0.0004,0.0
2026-09-17,P,29950.0,0.0004,0.0
2026-09-17,C,29975.0,0.0004,0.0
2026-09-17,P,29975.0,0.0004,0.0
2026-09-17,C,30000.0,0.0004,0.0
2026-09-17,P,30000.0,0.0004,0.0
2026-09-17,C,30025.0,0.0004,0.0
2026-09-17,P,30025.0,0.0004,0.0
2026-09-17,C,30050.0,0.0004,0.0
2026-09-17,P,30050.0,0.0004,1.0
2026-09-17,C,30075.0,0.0004,0.0
2026-09-17,P,30075.0,0.0004,0.0
2026-09-17,C,30100.0,0.0004,0.0
2026-09-17,P,30100.0,0.0004,1.0
2026-09-17,C,30125.0,0.0004,0.0
2026-09-17,P,30125.0,0.0004,0.0
2026-09-17,C,30150.0,0.0003,4.0
2026-09-17,P,30150.0,0.0003,0.0
2026-09-17,C,30175.0,0.0003,0.0
2026-09-17,P,30175.0,0.0003,0.0
2026-09-17,C,30200.0,0.0003,4.0
2026-09-17,P,30200.0,0.0003,0.0
2026-09-17,C,30225.0,0.0003,0.0
2026-09-17,P,30225.0,0.0003,0.0
2026-09-17,C,30250.0,0.0003,1.0
2026-09-17,P,30250.0,0.0003,0.0
2026-09-17,C,30275.0,0.0003,0.0
2026-09-17,P,30275.0,0.0003,0.0
2026-09-17,C,30300.0,0.0003,0.0
2026-09-17,P,30300.0,0.0003,0.0
2026-09-17,C,30325.0,0.0003,0.0
2026-09-17,P,30325.0,0.0003,0.0
2026-09-17,C,30350.0,0.0003,0.0
2026-09-17,P,30350.0,0.0003,0.0
2026-09-17,C,30375.0,0.0003,0.0
2026-09-17,P,30375.0,0.0003,0.0
2026-09-17,C,30400.0,0.0003,1.0
2026-09-17,P,30400.0,0.0003,0.0
2026-09-17,C,30425.0,0.0003,0.0
2026-09-17,P,30425.0,0.0003,0.0
2026-09-17,C,30450.0,0.0003,7.0
2026-09-17,P,30450.0,0.0003,0.0
2026-09-17,C,30475.0,0.0003,0.0
2026-09-17,P,30475.0,0.0003,0.0
2026-09-17,C,30500.0,0.0002,7.0
2026-09-17,P,30500.0,0.0002,0.0
2026-09-17,C,30525.0,0.0002,0.0
2026-09-17,P,30525.0,0.0002,0.0
2026-09-17,C,30550.0,0.0002,1.0
2026-09-17,P,30550.0,0.0002,0.0
2026-09-17,C,30575.0,0.0002,0.0
2026-09-17,P,30575.0,0.0002,0.0
2026-09-17,C,30600.0,0.0002,1.0
2026-09-17,P,30600.0,0.0002,0.0
2026-09-17,C,30625.0,0.0002,0.0
2026-09-17,P,30625.0,0.0002,0.0
2026-09-17,C,30650.0,0.0002,0.0
2026-09-17,P,30650.0,0.0002,0.0
2026-09-17,C,30675.0,0.0002,0.0
2026-09-17,P,30675.0,0.0002,0.0
2026-09-17,C,30700.0,0.0002,0.0
2026-09-17,P,30700.0,0.0002,0.0
2026-09-17,C,30725.0,0.0002,0.0
2026-09-17,P,30725.0,0.0002,0.0
2026-09-17,C,30750.0,0.0002,0.0
2026-09-17,P,30750.0,0.0002,0.0
2026-09-17,C,30800.0,0.0002,0.0
2026-09-17,P,30800.0,0.0002,0.0
2026-09-17,C,30850.0,0.0001,0.0
2026-09-17,P,30850.0,0.0001,0.0
2026-09-17,C,30900.0,0.0001,0.0
2026-09-17,P,30900.0,0.0001,0.0
2026-09-17,C,30950.0,0.0001,0.0
2026-09-17,P,30950.0,0.0001,0.0
2026-09-17,C,31000.0,0.0001,1.0
2026-09-17,P,31000.0,0.0001,0.0
2026-09-17,C,31050.0,0.0001,1.0
2026-09-17,P,31050.0,0.0001,0.0
2026-09-17,C,31100.0,0.0001,0.0
2026-09-17,P,31100.0,0.0001,0.0
2026-09-17,C,31200.0,0.0001,5.0
2026-09-17,P,31200.0,0.0001,0.0
2026-09-17,C,31300.0,0.0001,1.0
2026-09-17,P,31300.0,0.0001,0.0
2026-09-17,C,31400.0,0.0001,4.0
2026-09-17,P,31400.0,0.0001,0.0
2026-09-17,C,31500.0,0.0,2.0
2026-09-17,P,31500.0,0.0,0.0
2026-09-17,C,31600.0,0.0,0.0
2026-09-17,P,31600.0,0.0,0.0
2026-09-17,C,31800.0,0.0,1.0
2026-09-17,P,31800.0,0.0,0.0
2026-09-17,C,32000.0,0.0,1.0
2026-09-17,P,32000.0,0.0,0.0
2026-09-17,C,32200.0,0.0,0.0
2026-09-17,P,32200.0,0.0,0.0
2026-09-17,C,32400.0,0.0,1.0
2026-09-17,P,32400.0,0.0,0.0
2026-09-17,C,32500.0,0.0,3.0
2026-09-17,P,32500.0,0.0,0.0
2026-09-17,C,32600.0,0.0,1.0
2026-09-17,P,32600.0,0.0,0.0
2026-09-17,C,32800.0,0.0,2.0
2026-09-17,P,32800.0,0.0,0.0
2026-09-17,C,33000.0,0.0,0.0
2026-09-17,P,33000.0,0.0,0.0
2026-09-17,C,33200.0,0.0,2.0
2026-09-17,P,33200.0,0.0,0.0
2026-09-17,C,33500.0,0.0,2.0
2026-09-17,P,33500.0,0.0,0.0
2026-09-17,C,34000.0,0.0,3.0
2026-09-17,P,34000.0,0.0,0.0
2026-09-17,C,34500.0,0.0,2.0
2026-09-17,P,34500.0,0.0,0.0
2026-09-17,C,35000.0,0.0,1.0
2026-09-17,P,35000.0,0.0,0.0
2026-09-17,C,35500.0,0.0,0.0
2026-09-17,P,35500.0,0.0,0.0
2026-09-17,C,36000.0,0.0,0.0
2026-09-17,P,36000.0,0.0,0.0
2026-09-17,C,37000.0,0.0,0.0
2026-09-17,P,37000.0,0.0,0.0
2026-09-17,C,38000.0,0.0,0.0
2026-09-17,P,38000.0,0.0,0.0
2026-09-17,C,39000.0,0.0,0.0
2026-09-17,P,39000.0,0.0,0.0
2026-09-18,C,15000.0,0.0,0.0
2026-09-18,P,15000.0,0.0,0.0
2026-09-18,C,16000.0,0.0,0.0
2026-09-18,P,16000.0,0.0,0.0
2026-09-18,C,17000.0,0.0,0.0
2026-09-18,P,17000.0,0.0,0.0
2026-09-18,C,18000.0,0.0,0.0
2026-09-18,P,18000.0,0.0,0.0
2026-09-18,C,19000.0,0.0,0.0
2026-09-18,P,19000.0,0.0,3.0
2026-09-18,C,20000.0,0.0,0.0
2026-09-18,P,20000.0,0.0,6.0
2026-09-18,C,21000.0,0.0,0.0
2026-09-18,P,21000.0,0.0,0.0
2026-09-18,C,21500.0,0.0,0.0
2026-09-18,P,21500.0,0.0,0.0
2026-09-18,C,22000.0,0.0,0.0
2026-09-18,P,22000.0,0.0,2.0
2026-09-18,C,22500.0,0.0,0.0
2026-09-18,P,22500.0,0.0,0.0
2026-09-18,C,23000.0,0.0,0.0
2026-09-18,P,23000.0,0.0,3.0
2026-09-18,C,23500.0,0.0,0.0
2026-09-18,P,23500.0,0.0,12.0
2026-09-18,C,23800.0,0.0,0.0
2026-09-18,P,23800.0,0.0,0.0
2026-09-18,C,24000.0,0.0,0.0
2026-09-18,P,24000.0,0.0,5.0
2026-09-18,C,24200.0,0.0,0.0
2026-09-18,P,24200.0,0.0,0.0
2026-09-18,C,24400.0,0.0,0.0
2026-09-18,P,24400.0,0.0,0.0
2026-09-18,C,24500.0,0.0,0.0
2026-09-18,P,24500.0,0.0,0.0
2026-09-18,C,24600.0,0.0,0.0
2026-09-18,P,24600.0,0.0,0.0
2026-09-18,C,24800.0,0.0,0.0
2026-09-18,P,24800.0,0.0,0.0
2026-09-18,C,25000.0,0.0,0.0
2026-09-18,P,25000.0,0.0,5.0
2026-09-18,C,25200.0,0.0,0.0
2026-09-18,P,25200.0,0.0,3.0
2026-09-18,C,25400.0,0.0,0.0
2026-09-18,P,25400.0,0.0,0.0
2026-09-18,C,25500.0,0.0,0.0
2026-09-18,P,25500.0,0.0,5.0
2026-09-18,C,25600.0,0.0,0.0
2026-09-18,P,25600.0,0.0,1.0
2026-09-18,C,25800.0,0.0,0.0
2026-09-18,P,25800.0,0.0,2.0
2026-09-18,C,26000.0,0.0,2.0
2026-09-18,P,26000.0,0.0,5.0
2026-09-18,C,26200.0,0.0,0.0
2026-09-18,P,26200.0,0.0,2.0
2026-09-18,C,26400.0,0.0,0.0
2026-09-18,P,26400.0,0.0,8.0
2026-09-18,C,26500.0,0.0,0.0
2026-09-18,P,26500.0,0.0,9.0
2026-09-18,C,26600.0,0.0,0.0
2026-09-18,P,26600.0,0.0,16.0
2026-09-18,C,26800.0,0.0001,0.0
2026-09-18,P,26800.0,0.0001,10.0
2026-09-18,C,27000.0,0.0001,0.0
2026-09-18,P,27000.0,0.0001,37.0
2026-09-18,C,27200.0,0.0001,0.0
2026-09-18,P,27200.0,0.0001,14.0
2026-09-18,C,27400.0,0.0001,1.0
2026-09-18,P,27400.0,0.0001,14.0
2026-09-18,C,27500.0,0.0001,1.0
2026-09-18,P,27500.0,0.0001,11.0
2026-09-18,C,27600.0,0.0001,0.0
2026-09-18,P,27600.0,0.0001,20.0
2026-09-18,C,27800.0,0.0001,0.0
2026-09-18,P,27800.0,0.0001,13.0
2026-09-18,C,27900.0,0.0001,0.0
2026-09-18,P,27900.0,0.0001,0.0
2026-09-18,C,27950.0,0.0,0.0
2026-09-18,P,27950.0,0.0,0.0
2026-09-18,C,28000.0,0.0001,1.0
2026-09-18,P,28000.0,0.0001,33.0
2026-09-18,C,28050.0,0.0002,0.0
2026-09-18,P,28050.0,0.0002,1.0
2026-09-18,C,28100.0,0.0002,0.0
2026-09-18,P,28100.0,0.0002,26.0
2026-09-18,C,28150.0,0.0002,0.0
2026-09-18,P,28150.0,0.0002,0.0
2026-09-18,C,28200.0,0.0002,0.0
2026-09-18,P,28200.0,0.0002,2.0
2026-09-18,C,28225.0,0.0,0.0
2026-09-18,P,28225.0,0.0,0.0
2026-09-18,C,28250.0,0.0002,0.0
2026-09-18,P,28250.0,0.0002,0.0
2026-09-18,C,28275.0,0.0,0.0
2026-09-18,P,28275.0,0.0,0.0
2026-09-18,C,28300.0,0.0002,0.0
2026-09-18,P,28300.0,0.0002,0.0
2026-09-18,C,28325.0,0.0002,0.0
2026-09-18,P,28325.0,0.0002,0.0
2026-09-18,C,28350.0,0.0002,0.0
2026-09-18,P,28350.0,0.0002,0.0
2026-09-18,C,28375.0,0.0002,0.0
2026-09-18,P,28375.0,0.0002,0.0
2026-09-18,C,28400.0,0.0002,1.0
2026-09-18,P,28400.0,0.0002,9.0
2026-09-18,C,28425.0,0.0002,0.0
2026-09-18,P,28425.0,0.0002,0.0
2026-09-18,C,28450.0,0.0002,0.0
2026-09-18,P,28450.0,0.0002,0.0
2026-09-18,C,28475.0,0.0002,0.0
2026-09-18,P,28475.0,0.0002,0.0
2026-09-18,C,28500.0,0.0002,1.0
2026-09-18,P,28500.0,0.0002,21.0
2026-09-18,C,28525.0,0.0002,0.0
2026-09-18,P,28525.0,0.0002,0.0
2026-09-18,C,28550.0,0.0002,0.0
2026-09-18,P,28550.0,0.0002,7.0
2026-09-18,C,28575.0,0.0002,0.0
2026-09-18,P,28575.0,0.0002,0.0
2026-09-18,C,28600.0,0.0002,1.0
2026-09-18,P,28600.0,0.0002,20.0
2026-09-18,C,28625.0,0.0002,0.0
2026-09-18,P,28625.0,0.0002,0.0
2026-09-18,C,28650.0,0.0002,0.0
2026-09-18,P,28650.0,0.0002,2.0
2026-09-18,C,28675.0,0.0002,0.0
2026-09-18,P,28675.0,0.0002,0.0
2026-09-18,C,28700.0,0.0003,1.0
2026-09-18,P,28700.0,0.0003,13.0
2026-09-18,C,28725.0,0.0003,0.0
2026-09-18,P,28725.0,0.0003,0.0
2026-09-18,C,28750.0,0.0003,0.0
2026-09-18,P,28750.0,0.0003,5.0
2026-09-18,C,28775.0,0.0003,0.0
2026-09-18,P,28775.0,0.0003,0.0
2026-09-18,C,28800.0,0.0003,0.0
2026-09-18,P,28800.0,0.0003,15.0
2026-09-18,C,28825.0,0.0003,0.0
2026-09-18,P,28825.0,0.0003,0.0
2026-09-18,C,28850.0,0.0003,0.0
2026-09-18,P,28850.0,0.0003,0.0
2026-09-18,C,28875.0,0.0003,0.0
2026-09-18,P,28875.0,0.0003,0.0
2026-09-18,C,28900.0,0.0003,0.0
2026-09-18,P,28900.0,0.0003,8.0
2026-09-18,C,28925.0,0.0003,0.0
2026-09-18,P,28925.0,0.0003,0.0
2026-09-18,C,28950.0,0.0003,2.0
2026-09-18,P,28950.0,0.0003,6.0
2026-09-18,C,28975.0,0.0003,0.0
2026-09-18,P,28975.0,0.0003,0.0
2026-09-18,C,29000.0,0.0003,1.0
2026-09-18,P,29000.0,0.0003,45.0
2026-09-18,C,29025.0,0.0003,0.0
2026-09-18,P,29025.0,0.0003,0.0
2026-09-18,C,29050.0,0.0003,1.0
2026-09-18,P,29050.0,0.0003,0.0
2026-09-18,C,29075.0,0.0003,0.0
2026-09-18,P,29075.0,0.0003,0.0
2026-09-18,C,29100.0,0.0003,2.0
2026-09-18,P,29100.0,0.0003,9.0
2026-09-18,C,29125.0,0.0003,0.0
2026-09-18,P,29125.0,0.0003,0.0
2026-09-18,C,29150.0,0.0003,0.0
2026-09-18,P,29150.0,0.0003,0.0
2026-09-18,C,29175.0,0.0003,0.0
2026-09-18,P,29175.0,0.0003,0.0
2026-09-18,C,29200.0,0.0003,0.0
2026-09-18,P,29200.0,0.0003,13.0
2026-09-18,C,29225.0,0.0003,0.0
2026-09-18,P,29225.0,0.0003,0.0
2026-09-18,C,29250.0,0.0003,9.0
2026-09-18,P,29250.0,0.0003,7.0
2026-09-18,C,29275.0,0.0004,0.0
2026-09-18,P,29275.0,0.0004,0.0
2026-09-18,C,29300.0,0.0004,6.0
2026-09-18,P,29300.0,0.0004,4.0
2026-09-18,C,29325.0,0.0004,0.0
2026-09-18,P,29325.0,0.0004,0.0
2026-09-18,C,29350.0,0.0004,0.0
2026-09-18,P,29350.0,0.0004,2.0
2026-09-18,C,29375.0,0.0004,0.0
2026-09-18,P,29375.0,0.0004,0.0
2026-09-18,C,29400.0,0.0004,3.0
2026-09-18,P,29400.0,0.0004,3.0
2026-09-18,C,29425.0,0.0004,0.0
2026-09-18,P,29425.0,0.0004,0.0
2026-09-18,C,29450.0,0.0004,4.0
2026-09-18,P,29450.0,0.0004,3.0
2026-09-18,C,29475.0,0.0004,4.0
2026-09-18,P,29475.0,0.0004,105.0
2026-09-18,C,29500.0,0.0004,7.0
2026-09-18,P,29500.0,0.0004,9.0
2026-09-18,C,29525.0,0.0004,0.0
2026-09-18,P,29525.0,0.0004,0.0
2026-09-18,C,29550.0,0.0004,19.0
2026-09-18,P,29550.0,0.0004,1.0
2026-09-18,C,29575.0,0.0004,0.0
2026-09-18,P,29575.0,0.0004,0.0
2026-09-18,C,29600.0,0.0004,5.0
2026-09-18,P,29600.0,0.0004,4.0
2026-09-18,C,29625.0,0.0004,0.0
2026-09-18,P,29625.0,0.0004,0.0
2026-09-18,C,29650.0,0.0004,14.0
2026-09-18,P,29650.0,0.0004,1.0
2026-09-18,C,29675.0,0.0004,0.0
2026-09-18,P,29675.0,0.0004,0.0
2026-09-18,C,29700.0,0.0004,2.0
2026-09-18,P,29700.0,0.0004,7.0
2026-09-18,C,29725.0,0.0004,0.0
2026-09-18,P,29725.0,0.0004,0.0
2026-09-18,C,29750.0,0.0004,4.0
2026-09-18,P,29750.0,0.0004,2.0
2026-09-18,C,29775.0,0.0004,0.0
2026-09-18,P,29775.0,0.0004,0.0
2026-09-18,C,29800.0,0.0004,32.0
2026-09-18,P,29800.0,0.0004,1.0
2026-09-18,C,29825.0,0.0004,0.0
2026-09-18,P,29825.0,0.0004,0.0
2026-09-18,C,29850.0,0.0004,0.0
2026-09-18,P,29850.0,0.0004,0.0
2026-09-18,C,29875.0,0.0004,0.0
2026-09-18,P,29875.0,0.0004,0.0
2026-09-18,C,29900.0,0.0004,8.0
2026-09-18,P,29900.0,0.0004,2.0
2026-09-18,C,29925.0,0.0004,0.0
2026-09-18,P,29925.0,0.0004,0.0
2026-09-18,C,29950.0,0.0004,2.0
2026-09-18,P,29950.0,0.0004,0.0
2026-09-18,C,29975.0,0.0004,1.0
2026-09-18,P,29975.0,0.0004,0.0
2026-09-18,C,30000.0,0.0004,8.0
2026-09-18,P,30000.0,0.0004,4.0
2026-09-18,C,30025.0,0.0004,0.0
2026-09-18,P,30025.0,0.0004,0.0
2026-09-18,C,30050.0,0.0004,3.0
2026-09-18,P,30050.0,0.0004,2.0
2026-09-18,C,30075.0,0.0004,0.0
2026-09-18,P,30075.0,0.0004,0.0
2026-09-18,C,30100.0,0.0003,3.0
2026-09-18,P,30100.0,0.0003,1.0
2026-09-18,C,30125.0,0.0003,0.0
2026-09-18,P,30125.0,0.0003,1.0
2026-09-18,C,30150.0,0.0003,11.0
2026-09-18,P,30150.0,0.0003,0.0
2026-09-18,C,30175.0,0.0003,0.0
2026-09-18,P,30175.0,0.0003,0.0
2026-09-18,C,30200.0,0.0003,5.0
2026-09-18,P,30200.0,0.0003,0.0
2026-09-18,C,30225.0,0.0003,0.0
2026-09-18,P,30225.0,0.0003,0.0
2026-09-18,C,30250.0,0.0003,0.0
2026-09-18,P,30250.0,0.0003,0.0
2026-09-18,C,30275.0,0.0003,0.0
2026-09-18,P,30275.0,0.0003,0.0
2026-09-18,C,30300.0,0.0003,4.0
2026-09-18,P,30300.0,0.0003,0.0
2026-09-18,C,30325.0,0.0003,2.0
2026-09-18,P,30325.0,0.0003,0.0
2026-09-18,C,30350.0,0.0003,1.0
2026-09-18,P,30350.0,0.0003,0.0
2026-09-18,C,30375.0,0.0003,0.0
2026-09-18,P,30375.0,0.0003,0.0
2026-09-18,C,30400.0,0.0003,3.0
2026-09-18,P,30400.0,0.0003,2.0
2026-09-18,C,30425.0,0.0003,0.0
2026-09-18,P,30425.0,0.0003,0.0
2026-09-18,C,30450.0,0.0003,0.0
2026-09-18,P,30450.0,0.0003,0.0
2026-09-18,C,30475.0,0.0003,0.0
2026-09-18,P,30475.0,0.0003,0.0
2026-09-18,C,30500.0,0.0002,3.0
2026-09-18,P,30500.0,0.0002,0.0
2026-09-18,C,30525.0,0.0002,0.0
2026-09-18,P,30525.0,0.0002,0.0
2026-09-18,C,30550.0,0.0002,7.0
2026-09-18,P,30550.0,0.0002,0.0
2026-09-18,C,30575.0,0.0002,0.0
2026-09-18,P,30575.0,0.0002,0.0
2026-09-18,C,30600.0,0.0002,6.0
2026-09-18,P,30600.0,0.0002,0.0
2026-09-18,C,30625.0,0.0002,0.0
2026-09-18,P,30625.0,0.0002,0.0
2026-09-18,C,30650.0,0.0002,2.0
2026-09-18,P,30650.0,0.0002,0.0
2026-09-18,C,30700.0,0.0002,11.0
2026-09-18,P,30700.0,0.0002,0.0
2026-09-18,C,30750.0,0.0002,0.0
2026-09-18,P,30750.0,0.0002,0.0
2026-09-18,C,30800.0,0.0002,10.0
2026-09-18,P,30800.0,0.0002,0.0
2026-09-18,C,30850.0,0.0002,0.0
2026-09-18,P,30850.0,0.0002,1.0
2026-09-18,C,30900.0,0.0001,6.0
2026-09-18,P,30900.0,0.0001,2.0
2026-09-18,C,30950.0,0.0001,1.0
2026-09-18,P,30950.0,0.0001,0.0
2026-09-18,C,31000.0,0.0001,61.0
2026-09-18,P,31000.0,0.0001,0.0
2026-09-18,C,31050.0,0.0001,1.0
2026-09-18,P,31050.0,0.0001,0.0
2026-09-18,C,31100.0,0.0001,27.0
2026-09-18,P,31100.0,0.0001,0.0
2026-09-18,C,31200.0,0.0001,2.0
2026-09-18,P,31200.0,0.0001,0.0
2026-09-18,C,31300.0,0.0001,6.0
2026-09-18,P,31300.0,0.0001,0.0
2026-09-18,C,31400.0,0.0001,1.0
2026-09-18,P,31400.0,0.0001,0.0
2026-09-18,C,31500.0,0.0001,8.0
2026-09-18,P,31500.0,0.0001,0.0
2026-09-18,C,31600.0,0.0,2.0
2026-09-18,P,31600.0,0.0,0.0
2026-09-18,C,31700.0,0.0,0.0
2026-09-18,P,31700.0,0.0,0.0
2026-09-18,C,31800.0,0.0,2.0
2026-09-18,P,31800.0,0.0,0.0
2026-09-18,C,32000.0,0.0,7.0
2026-09-18,P,32000.0,0.0,0.0
2026-09-18,C,32200.0,0.0,7.0
2026-09-18,P,32200.0,0.0,0.0
2026-09-18,C,32400.0,0.0,4.0
2026-09-18,P,32400.0,0.0,0.0
2026-09-18,C,32500.0,0.0,0.0
2026-09-18,P,32500.0,0.0,0.0
2026-09-18,C,32600.0,0.0,0.0
2026-09-18,P,32600.0,0.0,0.0
2026-09-18,C,32800.0,0.0,6.0
2026-09-18,P,32800.0,0.0,0.0
2026-09-18,C,33000.0,0.0,1.0
2026-09-18,P,33000.0,0.0,0.0
2026-09-18,C,33200.0,0.0,5.0
2026-09-18,P,33200.0,0.0,0.0
2026-09-18,C,33500.0,0.0,0.0
2026-09-18,P,33500.0,0.0,0.0
2026-09-18,C,34000.0,0.0,1.0
2026-09-18,P,34000.0,0.0,0.0
2026-09-18,C,34500.0,0.0,3.0
2026-09-18,P,34500.0,0.0,0.0
2026-09-18,C,35000.0,0.0,1.0
2026-09-18,P,35000.0,0.0,0.0
2026-09-18,C,35500.0,0.0,0.0
2026-09-18,P,35500.0,0.0,0.0
2026-09-18,C,36000.0,0.0,3.0
2026-09-18,P,36000.0,0.0,0.0
2026-09-18,C,37000.0,0.0,1.0
2026-09-18,P,37000.0,0.0,0.0
2026-09-18,C,38000.0,0.0,2.0
2026-09-18,P,38000.0,0.0,0.0
2026-09-18,C,39000.0,0.0,0.0
2026-09-18,P,39000.0,0.0,0.0
2026-09-21,C,15000.0,0.0,0.0
2026-09-21,P,15000.0,0.0,0.0
2026-09-21,C,16000.0,0.0,0.0
2026-09-21,P,16000.0,0.0,0.0
2026-09-21,C,17000.0,0.0,0.0
2026-09-21,P,17000.0,0.0,0.0
2026-09-21,C,18000.0,0.0,0.0
2026-09-21,P,18000.0,0.0,0.0
2026-09-21,C,19000.0,0.0,0.0
2026-09-21,P,19000.0,0.0,5.0
2026-09-21,C,20000.0,0.0,0.0
2026-09-21,P,20000.0,0.0,11.0
2026-09-21,C,21000.0,0.0,0.0
2026-09-21,P,21000.0,0.0,9.0
2026-09-21,C,22000.0,0.0,0.0
2026-09-21,P,22000.0,0.0,2.0
2026-09-21,C,22500.0,0.0,0.0
2026-09-21,P,22500.0,0.0,0.0
2026-09-21,C,23000.0,0.0,0.0
2026-09-21,P,23000.0,0.0,0.0
2026-09-21,C,23500.0,0.0,0.0
2026-09-21,P,23500.0,0.0,0.0
2026-09-21,C,24000.0,0.0,0.0
2026-09-21,P,24000.0,0.0,0.0
2026-09-21,C,24500.0,0.0,0.0
2026-09-21,P,24500.0,0.0,0.0
2026-09-21,C,25000.0,0.0,0.0
2026-09-21,P,25000.0,0.0,0.0
2026-09-21,C,25200.0,0.0,0.0
2026-09-21,P,25200.0,0.0,0.0
2026-09-21,C,25400.0,0.0,0.0
2026-09-21,P,25400.0,0.0,0.0
2026-09-21,C,25500.0,0.0,0.0
2026-09-21,P,25500.0,0.0,0.0
2026-09-21,C,25600.0,0.0,0.0
2026-09-21,P,25600.0,0.0,0.0
2026-09-21,C,25800.0,0.0,0.0
2026-09-21,P,25800.0,0.0,0.0
2026-09-21,C,26000.0,0.0,0.0
2026-09-21,P,26000.0,0.0,3.0
2026-09-21,C,26200.0,0.0,0.0
2026-09-21,P,26200.0,0.0,0.0
2026-09-21,C,26400.0,0.0,0.0
2026-09-21,P,26400.0,0.0,0.0
2026-09-21,C,26500.0,0.0,0.0
2026-09-21,P,26500.0,0.0,1.0
2026-09-21,C,26600.0,0.0,0.0
2026-09-21,P,26600.0,0.0,2.0
2026-09-21,C,26800.0,0.0001,0.0
2026-09-21,P,26800.0,0.0001,1.0
2026-09-21,C,27000.0,0.0001,0.0
2026-09-21,P,27000.0,0.0001,2.0
2026-09-21,C,27200.0,0.0001,0.0
2026-09-21,P,27200.0,0.0001,0.0
2026-09-21,C,27400.0,0.0001,0.0
2026-09-21,P,27400.0,0.0001,3.0
2026-09-21,C,27500.0,0.0001,0.0
2026-09-21,P,27500.0,0.0001,15.0
2026-09-21,C,27600.0,0.0001,0.0
2026-09-21,P,27600.0,0.0001,2.0
2026-09-21,C,27800.0,0.0001,0.0
2026-09-21,P,27800.0,0.0001,2.0
2026-09-21,C,27900.0,0.0001,0.0
2026-09-21,P,27900.0,0.0001,0.0
2026-09-21,C,27950.0,0.0,0.0
2026-09-21,P,27950.0,0.0,0.0
2026-09-21,C,28000.0,0.0001,1.0
2026-09-21,P,28000.0,0.0001,7.0
2026-09-21,C,28050.0,0.0,0.0
2026-09-21,P,28050.0,0.0,0.0
2026-09-21,C,28100.0,0.0002,1.0
2026-09-21,P,28100.0,0.0002,0.0
2026-09-21,C,28150.0,0.0,0.0
2026-09-21,P,28150.0,0.0,0.0
2026-09-21,C,28200.0,0.0002,0.0
2026-09-21,P,28200.0,0.0002,7.0
2026-09-21,C,28225.0,0.0,0.0
2026-09-21,P,28225.0,0.0,0.0
2026-09-21,C,28250.0,0.0,0.0
2026-09-21,P,28250.0,0.0,0.0
2026-09-21,C,28275.0,0.0,0.0
2026-09-21,P,28275.0,0.0,0.0
2026-09-21,C,28300.0,0.0002,0.0
2026-09-21,P,28300.0,0.0002,0.0
2026-09-21,C,28325.0,0.0,0.0
2026-09-21,P,28325.0,0.0,0.0
2026-09-21,C,28350.0,0.0002,0.0
2026-09-21,P,28350.0,0.0002,0.0
2026-09-21,C,28375.0,0.0,0.0
2026-09-21,P,28375.0,0.0,0.0
2026-09-21,C,28400.0,0.0002,1.0
2026-09-21,P,28400.0,0.0002,1.0
2026-09-21,C,28425.0,0.0,0.0
2026-09-21,P,28425.0,0.0,0.0
2026-09-21,C,28450.0,0.0002,0.0
2026-09-21,P,28450.0,0.0002,0.0
2026-09-21,C,28475.0,0.0,0.0
2026-09-21,P,28475.0,0.0,0.0
2026-09-21,C,28500.0,0.0002,2.0
2026-09-21,P,28500.0,0.0002,1.0
2026-09-21,C,28525.0,0.0,0.0
2026-09-21,P,28525.0,0.0,0.0
2026-09-21,C,28550.0,0.0002,0.0
2026-09-21,P,28550.0,0.0002,0.0
2026-09-21,C,28575.0,0.0,0.0
2026-09-21,P,28575.0,0.0,0.0
2026-09-21,C,28600.0,0.0002,1.0
2026-09-21,P,28600.0,0.0002,7.0
2026-09-21,C,28625.0,0.0,0.0
2026-09-21,P,28625.0,0.0,0.0
2026-09-21,C,28650.0,0.0002,0.0
2026-09-21,P,28650.0,0.0002,0.0
2026-09-21,C,28675.0,0.0,0.0
2026-09-21,P,28675.0,0.0,0.0
2026-09-21,C,28700.0,0.0002,0.0
2026-09-21,P,28700.0,0.0002,0.0
2026-09-21,C,28725.0,0.0,0.0
2026-09-21,P,28725.0,0.0,0.0
2026-09-21,C,28750.0,0.0003,0.0
2026-09-21,P,28750.0,0.0003,0.0
2026-09-21,C,28775.0,0.0,0.0
2026-09-21,P,28775.0,0.0,0.0
2026-09-21,C,28800.0,0.0003,0.0
2026-09-21,P,28800.0,0.0003,0.0
2026-09-21,C,28825.0,0.0,0.0
2026-09-21,P,28825.0,0.0,0.0
2026-09-21,C,28850.0,0.0003,0.0
2026-09-21,P,28850.0,0.0003,5.0
2026-09-21,C,28875.0,0.0,0.0
2026-09-21,P,28875.0,0.0,0.0
2026-09-21,C,28900.0,0.0003,0.0
2026-09-21,P,28900.0,0.0003,0.0
2026-09-21,C,28925.0,0.0,0.0
2026-09-21,P,28925.0,0.0,0.0
2026-09-21,C,28950.0,0.0003,0.0
2026-09-21,P,28950.0,0.0003,0.0
2026-09-21,C,28975.0,0.0,0.0
2026-09-21,P,28975.0,0.0,0.0
2026-09-21,C,29000.0,0.0003,0.0
2026-09-21,P,29000.0,0.0003,0.0
2026-09-21,C,29025.0,0.0,0.0
2026-09-21,P,29025.0,0.0,0.0
2026-09-21,C,29050.0,0.0003,0.0
2026-09-21,P,29050.0,0.0003,1.0
2026-09-21,C,29075.0,0.0,0.0
2026-09-21,P,29075.0,0.0,0.0
2026-09-21,C,29100.0,0.0003,0.0
2026-09-21,P,29100.0,0.0003,1.0
2026-09-21,C,29125.0,0.0,0.0
2026-09-21,P,29125.0,0.0,0.0
2026-09-21,C,29150.0,0.0003,4.0
2026-09-21,P,29150.0,0.0003,1.0
2026-09-21,C,29175.0,0.0,0.0
2026-09-21,P,29175.0,0.0,0.0
2026-09-21,C,29200.0,0.0003,0.0
2026-09-21,P,29200.0,0.0003,1.0
2026-09-21,C,29225.0,0.0,0.0
2026-09-21,P,29225.0,0.0,0.0
2026-09-21,C,29250.0,0.0003,0.0
2026-09-21,P,29250.0,0.0003,0.0
2026-09-21,C,29275.0,0.0,0.0
2026-09-21,P,29275.0,0.0,0.0
2026-09-21,C,29300.0,0.0003,0.0
2026-09-21,P,29300.0,0.0003,0.0
2026-09-21,C,29325.0,0.0,0.0
2026-09-21,P,29325.0,0.0,0.0
2026-09-21,C,29350.0,0.0003,4.0
2026-09-21,P,29350.0,0.0003,5.0
2026-09-21,C,29375.0,0.0,0.0
2026-09-21,P,29375.0,0.0,0.0
2026-09-21,C,29400.0,0.0004,4.0
2026-09-21,P,29400.0,0.0004,0.0
2026-09-21,C,29425.0,0.0,0.0
2026-09-21,P,29425.0,0.0,0.0
2026-09-21,C,29450.0,0.0004,1.0
2026-09-21,P,29450.0,0.0004,0.0
2026-09-21,C,29475.0,0.0,0.0
2026-09-21,P,29475.0,0.0,0.0
2026-09-21,C,29500.0,0.0004,2.0
2026-09-21,P,29500.0,0.0004,1.0
2026-09-21,C,29525.0,0.0,0.0
2026-09-21,P,29525.0,0.0,0.0
2026-09-21,C,29550.0,0.0004,28.0
2026-09-21,P,29550.0,0.0004,0.0
2026-09-21,C,29575.0,0.0,0.0
2026-09-21,P,29575.0,0.0,0.0
2026-09-21,C,29600.0,0.0004,2.0
2026-09-21,P,29600.0,0.0004,0.0
2026-09-21,C,29625.0,0.0,0.0
2026-09-21,P,29625.0,0.0,0.0
2026-09-21,C,29650.0,0.0004,1.0
2026-09-21,P,29650.0,0.0004,0.0
2026-09-21,C,29675.0,0.0,0.0
2026-09-21,P,29675.0,0.0,0.0
2026-09-21,C,29700.0,0.0004,0.0
2026-09-21,P,29700.0,0.0004,0.0
2026-09-21,C,29725.0,0.0,0.0
2026-09-21,P,29725.0,0.0,0.0
2026-09-21,C,29750.0,0.0004,0.0
2026-09-21,P,29750.0,0.0004,0.0
2026-09-21,C,29775.0,0.0,0.0
2026-09-21,P,29775.0,0.0,0.0
2026-09-21,C,29800.0,0.0004,0.0
2026-09-21,P,29800.0,0.0004,0.0
2026-09-21,C,29825.0,0.0,0.0
2026-09-21,P,29825.0,0.0,0.0
2026-09-21,C,29850.0,0.0004,0.0
2026-09-21,P,29850.0,0.0004,0.0
2026-09-21,C,29875.0,0.0,0.0
2026-09-21,P,29875.0,0.0,0.0
2026-09-21,C,29900.0,0.0004,0.0
2026-09-21,P,29900.0,0.0004,0.0
2026-09-21,C,29925.0,0.0,0.0
2026-09-21,P,29925.0,0.0,0.0
2026-09-21,C,29950.0,0.0004,0.0
2026-09-21,P,29950.0,0.0004,0.0
2026-09-21,C,29975.0,0.0,0.0
2026-09-21,P,29975.0,0.0,0.0
2026-09-21,C,30000.0,0.0004,0.0
2026-09-21,P,30000.0,0.0004,2.0
2026-09-21,C,30025.0,0.0,0.0
2026-09-21,P,30025.0,0.0,0.0
2026-09-21,C,30050.0,0.0003,4.0
2026-09-21,P,30050.0,0.0003,2.0
2026-09-21,C,30075.0,0.0,0.0
2026-09-21,P,30075.0,0.0,0.0
2026-09-21,C,30100.0,0.0003,0.0
2026-09-21,P,30100.0,0.0003,0.0
2026-09-21,C,30125.0,0.0,0.0
2026-09-21,P,30125.0,0.0,0.0
2026-09-21,C,30150.0,0.0003,0.0
2026-09-21,P,30150.0,0.0003,0.0
2026-09-21,C,30175.0,0.0,0.0
2026-09-21,P,30175.0,0.0,0.0
2026-09-21,C,30200.0,0.0003,2.0
2026-09-21,P,30200.0,0.0003,0.0
2026-09-21,C,30225.0,0.0,0.0
2026-09-21,P,30225.0,0.0,0.0
2026-09-21,C,30250.0,0.0003,2.0
2026-09-21,P,30250.0,0.0003,0.0
2026-09-21,C,30275.0,0.0,0.0
2026-09-21,P,30275.0,0.0,0.0
2026-09-21,C,30300.0,0.0003,3.0
2026-09-21,P,30300.0,0.0003,0.0
2026-09-21,C,30325.0,0.0,0.0
2026-09-21,P,30325.0,0.0,0.0
2026-09-21,C,30350.0,0.0003,0.0
2026-09-21,P,30350.0,0.0003,0.0
2026-09-21,C,30375.0,0.0,0.0
2026-09-21,P,30375.0,0.0,0.0
2026-09-21,C,30400.0,0.0003,6.0
2026-09-21,P,30400.0,0.0003,0.0
2026-09-21,C,30425.0,0.0,0.0
2026-09-21,P,30425.0,0.0,0.0
2026-09-21,C,30450.0,0.0003,0.0
2026-09-21,P,30450.0,0.0003,0.0
2026-09-21,C,30475.0,0.0,0.0
2026-09-21,P,30475.0,0.0,0.0
2026-09-21,C,30500.0,0.0002,9.0
2026-09-21,P,30500.0,0.0002,0.0
2026-09-21,C,30525.0,0.0,0.0
2026-09-21,P,30525.0,0.0,0.0
2026-09-21,C,30550.0,0.0002,7.0
2026-09-21,P,30550.0,0.0002,0.0
2026-09-21,C,30600.0,0.0002,0.0
2026-09-21,P,30600.0,0.0002,0.0
2026-09-21,C,30650.0,0.0002,0.0
2026-09-21,P,30650.0,0.0002,0.0
2026-09-21,C,30700.0,0.0002,0.0
2026-09-21,P,30700.0,0.0002,0.0
2026-09-21,C,30750.0,0.0002,0.0
2026-09-21,P,30750.0,0.0002,0.0
2026-09-21,C,30800.0,0.0002,4.0
2026-09-21,P,30800.0,0.0002,0.0
2026-09-21,C,30850.0,0.0002,0.0
2026-09-21,P,30850.0,0.0002,0.0
2026-09-21,C,30900.0,0.0002,99.0
2026-09-21,P,30900.0,0.0002,0.0
2026-09-21,C,30950.0,0.0001,0.0
2026-09-21,P,30950.0,0.0001,0.0
2026-09-21,C,31000.0,0.0001,1.0
2026-09-21,P,31000.0,0.0001,0.0
2026-09-21,C,31100.0,0.0001,2.0
2026-09-21,P,31100.0,0.0001,0.0
2026-09-21,C,31200.0,0.0001,1.0
2026-09-21,P,31200.0,0.0001,0.0
2026-09-21,C,31300.0,0.0001,0.0
2026-09-21,P,31300.0,0.0001,0.0
2026-09-21,C,31400.0,0.0001,3.0
2026-09-21,P,31400.0,0.0001,0.0
2026-09-21,C,31500.0,0.0001,9.0
2026-09-21,P,31500.0,0.0001,0.0
2026-09-21,C,31600.0,0.0001,2.0
2026-09-21,P,31600.0,0.0001,0.0
2026-09-21,C,31800.0,0.0,2.0
2026-09-21,P,31800.0,0.0,0.0
2026-09-21,C,32000.0,0.0,0.0
2026-09-21,P,32000.0,0.0,0.0
2026-09-21,C,32200.0,0.0,0.0
2026-09-21,P,32200.0,0.0,0.0
2026-09-21,C,32400.0,0.0,0.0
2026-09-21,P,32400.0,0.0,0.0
2026-09-21,C,32500.0,0.0,0.0
2026-09-21,P,32500.0,0.0,0.0
2026-09-21,C,32600.0,0.0,2.0
2026-09-21,P,32600.0,0.0,0.0
2026-09-21,C,32800.0,0.0,0.0
2026-09-21,P,32800.0,0.0,0.0
2026-09-21,C,33000.0,0.0,1.0
2026-09-21,P,33000.0,0.0,0.0
2026-09-21,C,33500.0,0.0,0.0
2026-09-21,P,33500.0,0.0,0.0
2026-09-21,C,34000.0,0.0,0.0
2026-09-21,P,34000.0,0.0,0.0
2026-09-21,C,34500.0,0.0,2.0
2026-09-21,P,34500.0,0.0,0.0
2026-09-21,C,35000.0,0.0,2.0
2026-09-21,P,35000.0,0.0,0.0
2026-09-21,C,35500.0,0.0,0.0
2026-09-21,P,35500.0,0.0,0.0
2026-09-21,C,36000.0,0.0,1.0
2026-09-21,P,36000.0,0.0,0.0
2026-09-21,C,37000.0,0.0,1.0
2026-09-21,P,37000.0,0.0,0.0
2026-09-21,C,38000.0,0.0,0.0
2026-09-21,P,38000.0,0.0,0.0
2026-09-21,C,39000.0,0.0,0.0
2026-09-21,P,39000.0,0.0,0.0
2026-09-22,C,15000.0,0.0,0.0
2026-09-22,P,15000.0,0.0,0.0
2026-09-22,C,16000.0,0.0,0.0
2026-09-22,P,16000.0,0.0,0.0
2026-09-22,C,17000.0,0.0,0.0
2026-09-22,P,17000.0,0.0,0.0
2026-09-22,C,18000.0,0.0,0.0
2026-09-22,P,18000.0,0.0,0.0
2026-09-22,C,19000.0,0.0,0.0
2026-09-22,P,19000.0,0.0,5.0
2026-09-22,C,20000.0,0.0,0.0
2026-09-22,P,20000.0,0.0,7.0
2026-09-22,C,21000.0,0.0,0.0
2026-09-22,P,21000.0,0.0,5.0
2026-09-22,C,22000.0,0.0,0.0
2026-09-22,P,22000.0,0.0,2.0
2026-09-22,C,22500.0,0.0,0.0
2026-09-22,P,22500.0,0.0,0.0
2026-09-22,C,23000.0,0.0,0.0
2026-09-22,P,23000.0,0.0,0.0
2026-09-22,C,23500.0,0.0,0.0
2026-09-22,P,23500.0,0.0,0.0
2026-09-22,C,24000.0,0.0,0.0
2026-09-22,P,24000.0,0.0,0.0
2026-09-22,C,24500.0,0.0,0.0
2026-09-22,P,24500.0,0.0,0.0
2026-09-22,C,25000.0,0.0,0.0
2026-09-22,P,25000.0,0.0,0.0
2026-09-22,C,25200.0,0.0,0.0
2026-09-22,P,25200.0,0.0,0.0
2026-09-22,C,25400.0,0.0,0.0
2026-09-22,P,25400.0,0.0,0.0
2026-09-22,C,25500.0,0.0,0.0
2026-09-22,P,25500.0,0.0,0.0
2026-09-22,C,25600.0,0.0,0.0
2026-09-22,P,25600.0,0.0,0.0
2026-09-22,C,25800.0,0.0,0.0
2026-09-22,P,25800.0,0.0,0.0
2026-09-22,C,26000.0,0.0,0.0
2026-09-22,P,26000.0,0.0,3.0
2026-09-22,C,26200.0,0.0,0.0
2026-09-22,P,26200.0,0.0,1.0
2026-09-22,C,26400.0,0.0,0.0
2026-09-22,P,26400.0,0.0,0.0
2026-09-22,C,26500.0,0.0,0.0
2026-09-22,P,26500.0,0.0,1.0
2026-09-22,C,26600.0,0.0001,0.0
2026-09-22,P,26600.0,0.0001,4.0
2026-09-22,C,26800.0,0.0001,0.0
2026-09-22,P,26800.0,0.0001,0.0
2026-09-22,C,27000.0,0.0001,0.0
2026-09-22,P,27000.0,0.0001,0.0
2026-09-22,C,27200.0,0.0001,0.0
2026-09-22,P,27200.0,0.0001,0.0
2026-09-22,C,27400.0,0.0001,0.0
2026-09-22,P,27400.0,0.0001,0.0
2026-09-22,C,27500.0,0.0001,0.0
2026-09-22,P,27500.0,0.0001,0.0
2026-09-22,C,27600.0,0.0001,0.0
2026-09-22,P,27600.0,0.0001,0.0
2026-09-22,C,27800.0,0.0001,0.0
2026-09-22,P,27800.0,0.0001,8.0
2026-09-22,C,27900.0,0.0001,0.0
2026-09-22,P,27900.0,0.0001,0.0
2026-09-22,C,28000.0,0.0001,0.0
2026-09-22,P,28000.0,0.0001,0.0
2026-09-22,C,28100.0,0.0002,0.0
2026-09-22,P,28100.0,0.0002,0.0
2026-09-22,C,28200.0,0.0002,0.0
2026-09-22,P,28200.0,0.0002,0.0
2026-09-22,C,28300.0,0.0002,0.0
2026-09-22,P,28300.0,0.0002,0.0
2026-09-22,C,28350.0,0.0002,0.0
2026-09-22,P,28350.0,0.0002,0.0
2026-09-22,C,28400.0,0.0002,1.0
2026-09-22,P,28400.0,0.0002,0.0
2026-09-22,C,28450.0,0.0002,0.0
2026-09-22,P,28450.0,0.0002,0.0
2026-09-22,C,28500.0,0.0002,1.0
2026-09-22,P,28500.0,0.0002,0.0
2026-09-22,C,28550.0,0.0002,0.0
2026-09-22,P,28550.0,0.0002,0.0
2026-09-22,C,28600.0,0.0002,0.0
2026-09-22,P,28600.0,0.0002,0.0
2026-09-22,C,28650.0,0.0002,0.0
2026-09-22,P,28650.0,0.0002,0.0
2026-09-22,C,28700.0,0.0002,0.0
2026-09-22,P,28700.0,0.0002,0.0
2026-09-22,C,28750.0,0.0002,0.0
2026-09-22,P,28750.0,0.0002,0.0
2026-09-22,C,28800.0,0.0003,0.0
2026-09-22,P,28800.0,0.0003,0.0
2026-09-22,C,28850.0,0.0003,0.0
2026-09-22,P,28850.0,0.0003,0.0
2026-09-22,C,28900.0,0.0003,0.0
2026-09-22,P,28900.0,0.0003,0.0
2026-09-22,C,28950.0,0.0003,0.0
2026-09-22,P,28950.0,0.0003,0.0
2026-09-22,C,29000.0,0.0003,0.0
2026-09-22,P,29000.0,0.0003,0.0
2026-09-22,C,29050.0,0.0003,0.0
2026-09-22,P,29050.0,0.0003,0.0
2026-09-22,C,29100.0,0.0003,0.0
2026-09-22,P,29100.0,0.0003,0.0
2026-09-22,C,29150.0,0.0003,0.0
2026-09-22,P,29150.0,0.0003,0.0
2026-09-22,C,29200.0,0.0003,0.0
2026-09-22,P,29200.0,0.0003,1.0
2026-09-22,C,29250.0,0.0003,4.0
2026-09-22,P,29250.0,0.0003,1.0
2026-09-22,C,29300.0,0.0003,0.0
2026-09-22,P,29300.0,0.0003,0.0
2026-09-22,C,29350.0,0.0003,0.0
2026-09-22,P,29350.0,0.0003,0.0
2026-09-22,C,29400.0,0.0003,0.0
2026-09-22,P,29400.0,0.0003,0.0
2026-09-22,C,29450.0,0.0003,0.0
2026-09-22,P,29450.0,0.0003,0.0
2026-09-22,C,29500.0,0.0003,0.0
2026-09-22,P,29500.0,0.0003,1.0
2026-09-22,C,29550.0,0.0004,0.0
2026-09-22,P,29550.0,0.0004,0.0
2026-09-22,C,29600.0,0.0004,0.0
2026-09-22,P,29600.0,0.0004,0.0
2026-09-22,C,29650.0,0.0004,0.0
2026-09-22,P,29650.0,0.0004,0.0
2026-09-22,C,29700.0,0.0004,0.0
2026-09-22,P,29700.0,0.0004,1.0
2026-09-22,C,29750.0,0.0004,1.0
2026-09-22,P,29750.0,0.0004,0.0
2026-09-22,C,29800.0,0.0004,1.0
2026-09-22,P,29800.0,0.0004,0.0
2026-09-22,C,29850.0,0.0004,0.0
2026-09-22,P,29850.0,0.0004,0.0
2026-09-22,C,29900.0,0.0004,0.0
2026-09-22,P,29900.0,0.0004,0.0
2026-09-22,C,29950.0,0.0003,0.0
2026-09-22,P,29950.0,0.0003,0.0
2026-09-22,C,30000.0,0.0003,0.0
2026-09-22,P,30000.0,0.0003,0.0
2026-09-22,C,30050.0,0.0003,0.0
2026-09-22,P,30050.0,0.0003,0.0
2026-09-22,C,30100.0,0.0003,0.0
2026-09-22,P,30100.0,0.0003,0.0
2026-09-22,C,30150.0,0.0003,0.0
2026-09-22,P,30150.0,0.0003,0.0
2026-09-22,C,30200.0,0.0003,0.0
2026-09-22,P,30200.0,0.0003,0.0
2026-09-22,C,30250.0,0.0003,6.0
2026-09-22,P,30250.0,0.0003,0.0
2026-09-22,C,30300.0,0.0003,4.0
2026-09-22,P,30300.0,0.0003,0.0
2026-09-22,C,30350.0,0.0003,1.0
2026-09-22,P,30350.0,0.0003,0.0
2026-09-22,C,30400.0,0.0003,106.0
2026-09-22,P,30400.0,0.0003,0.0
2026-09-22,C,30450.0,0.0003,0.0
2026-09-22,P,30450.0,0.0003,0.0
2026-09-22,C,30500.0,0.0002,1.0
2026-09-22,P,30500.0,0.0002,0.0
2026-09-22,C,30550.0,0.0002,3.0
2026-09-22,P,30550.0,0.0002,0.0
2026-09-22,C,30600.0,0.0002,0.0
2026-09-22,P,30600.0,0.0002,0.0
2026-09-22,C,30650.0,0.0002,0.0
2026-09-22,P,30650.0,0.0002,0.0
2026-09-22,C,30700.0,0.0002,0.0
2026-09-22,P,30700.0,0.0002,0.0
2026-09-22,C,30750.0,0.0002,0.0
2026-09-22,P,30750.0,0.0002,0.0
2026-09-22,C,30800.0,0.0002,0.0
2026-09-22,P,30800.0,0.0002,0.0
2026-09-22,C,30850.0,0.0002,0.0
2026-09-22,P,30850.0,0.0002,0.0
2026-09-22,C,30900.0,0.0002,0.0
2026-09-22,P,30900.0,0.0002,0.0
2026-09-22,C,30950.0,0.0001,0.0
2026-09-22,P,30950.0,0.0001,0.0
2026-09-22,C,31000.0,0.0001,0.0
2026-09-22,P,31000.0,0.0001,0.0
2026-09-22,C,31100.0,0.0001,0.0
2026-09-22,P,31100.0,0.0001,0.0
2026-09-22,C,31200.0,0.0001,0.0
2026-09-22,P,31200.0,0.0001,0.0
2026-09-22,C,31300.0,0.0001,0.0
2026-09-22,P,31300.0,0.0001,0.0
2026-09-22,C,31400.0,0.0001,0.0
2026-09-22,P,31400.0,0.0001,0.0
2026-09-22,C,31500.0,0.0001,0.0
2026-09-22,P,31500.0,0.0001,0.0
2026-09-22,C,31600.0,0.0001,0.0
2026-09-22,P,31600.0,0.0001,0.0
2026-09-22,C,31800.0,0.0,0.0
2026-09-22,P,31800.0,0.0,0.0
2026-09-22,C,32000.0,0.0,0.0
2026-09-22,P,32000.0,0.0,0.0
2026-09-22,C,32200.0,0.0,0.0
2026-09-22,P,32200.0,0.0,0.0
2026-09-22,C,32400.0,0.0,3.0
2026-09-22,P,32400.0,0.0,0.0
2026-09-22,C,32500.0,0.0,0.0
2026-09-22,P,32500.0,0.0,0.0
2026-09-22,C,32600.0,0.0,0.0
2026-09-22,P,32600.0,0.0,0.0
2026-09-22,C,32800.0,0.0,0.0
2026-09-22,P,32800.0,0.0,0.0
2026-09-22,C,33000.0,0.0,1.0
2026-09-22,P,33000.0,0.0,0.0
2026-09-22,C,33500.0,0.0,2.0
2026-09-22,P,33500.0,0.0,0.0
2026-09-22,C,34000.0,0.0,0.0
2026-09-22,P,34000.0,0.0,0.0
2026-09-22,C,34500.0,0.0,2.0
2026-09-22,P,34500.0,0.0,0.0
2026-09-22,C,35000.0,0.0,0.0
2026-09-22,P,35000.0,0.0,0.0
2026-09-22,C,35500.0,0.0,0.0
2026-09-22,P,35500.0,0.0,0.0
2026-09-22,C,36000.0,0.0,0.0
2026-09-22,P,36000.0,0.0,0.0
2026-09-22,C,37000.0,0.0,0.0
2026-09-22,P,37000.0,0.0,0.0
2026-09-22,C,38000.0,0.0,0.0
2026-09-22,P,38000.0,0.0,0.0
2026-09-22,C,39000.0,0.0,0.0
2026-09-22,P,39000.0,0.0,0.0
2026-09-23,C,15000.0,0.0,0.0
2026-09-23,P,15000.0,0.0,0.0
2026-09-23,C,16000.0,0.0,0.0
2026-09-23,P,16000.0,0.0,0.0
2026-09-23,C,17000.0,0.0,0.0
2026-09-23,P,17000.0,0.0,0.0
2026-09-23,C,18000.0,0.0,0.0
2026-09-23,P,18000.0,0.0,0.0
2026-09-23,C,19000.0,0.0,0.0
2026-09-23,P,19000.0,0.0,3.0
2026-09-23,C,20000.0,0.0,0.0
2026-09-23,P,20000.0,0.0,3.0
2026-09-23,C,21000.0,0.0,0.0
2026-09-23,P,21000.0,0.0,3.0
2026-09-23,C,22000.0,0.0,0.0
2026-09-23,P,22000.0,0.0,2.0
2026-09-23,C,22500.0,0.0,0.0
2026-09-23,P,22500.0,0.0,0.0
2026-09-23,C,23000.0,0.0,0.0
2026-09-23,P,23000.0,0.0,0.0
2026-09-23,C,23500.0,0.0,0.0
2026-09-23,P,23500.0,0.0,0.0
2026-09-23,C,24000.0,0.0,0.0
2026-09-23,P,24000.0,0.0,0.0
2026-09-23,C,24500.0,0.0,0.0
2026-09-23,P,24500.0,0.0,0.0
2026-09-23,C,25000.0,0.0,0.0
2026-09-23,P,25000.0,0.0,0.0
2026-09-23,C,25200.0,0.0,0.0
2026-09-23,P,25200.0,0.0,0.0
2026-09-23,C,25400.0,0.0,0.0
2026-09-23,P,25400.0,0.0,0.0
2026-09-23,C,25500.0,0.0,0.0
2026-09-23,P,25500.0,0.0,0.0
2026-09-23,C,25600.0,0.0,0.0
2026-09-23,P,25600.0,0.0,0.0
2026-09-23,C,25800.0,0.0,0.0
2026-09-23,P,25800.0,0.0,1.0
2026-09-23,C,26000.0,0.0,0.0
2026-09-23,P,26000.0,0.0,4.0
2026-09-23,C,26200.0,0.0,0.0
2026-09-23,P,26200.0,0.0,0.0
2026-09-23,C,26400.0,0.0,0.0
2026-09-23,P,26400.0,0.0,1.0
2026-09-23,C,26500.0,0.0,0.0
2026-09-23,P,26500.0,0.0,1.0
2026-09-23,C,26600.0,0.0001,0.0
2026-09-23,P,26600.0,0.0001,0.0
2026-09-23,C,26800.0,0.0001,0.0
2026-09-23,P,26800.0,0.0001,4.0
2026-09-23,C,27000.0,0.0001,0.0
2026-09-23,P,27000.0,0.0001,0.0
2026-09-23,C,27200.0,0.0001,0.0
2026-09-23,P,27200.0,0.0001,0.0
2026-09-23,C,27400.0,0.0001,0.0
2026-09-23,P,27400.0,0.0001,2.0
2026-09-23,C,27500.0,0.0001,0.0
2026-09-23,P,27500.0,0.0001,0.0
2026-09-23,C,27600.0,0.0001,0.0
2026-09-23,P,27600.0,0.0001,1.0
2026-09-23,C,27800.0,0.0001,0.0
2026-09-23,P,27800.0,0.0001,0.0
2026-09-23,C,27900.0,0.0001,0.0
2026-09-23,P,27900.0,0.0001,1.0
2026-09-23,C,28000.0,0.0001,0.0
2026-09-23,P,28000.0,0.0001,0.0
2026-09-23,C,28100.0,0.0002,0.0
2026-09-23,P,28100.0,0.0002,0.0
2026-09-23,C,28200.0,0.0002,0.0
2026-09-23,P,28200.0,0.0002,0.0
2026-09-23,C,28300.0,0.0002,0.0
2026-09-23,P,28300.0,0.0002,1.0
2026-09-23,C,28350.0,0.0002,0.0
2026-09-23,P,28350.0,0.0002,0.0
2026-09-23,C,28400.0,0.0002,0.0
2026-09-23,P,28400.0,0.0002,2.0
2026-09-23,C,28450.0,0.0002,0.0
2026-09-23,P,28450.0,0.0002,0.0
2026-09-23,C,28500.0,0.0002,0.0
2026-09-23,P,28500.0,0.0002,0.0
2026-09-23,C,28550.0,0.0002,0.0
2026-09-23,P,28550.0,0.0002,0.0
2026-09-23,C,28600.0,0.0002,0.0
2026-09-23,P,28600.0,0.0002,0.0
2026-09-23,C,28650.0,0.0002,0.0
2026-09-23,P,28650.0,0.0002,0.0
2026-09-23,C,28700.0,0.0002,0.0
2026-09-23,P,28700.0,0.0002,3.0
2026-09-23,C,28750.0,0.0002,0.0
2026-09-23,P,28750.0,0.0002,0.0
2026-09-23,C,28800.0,0.0002,0.0
2026-09-23,P,28800.0,0.0002,0.0
2026-09-23,C,28850.0,0.0003,0.0
2026-09-23,P,28850.0,0.0003,0.0
2026-09-23,C,28900.0,0.0003,0.0
2026-09-23,P,28900.0,0.0003,0.0
2026-09-23,C,28950.0,0.0003,0.0
2026-09-23,P,28950.0,0.0003,0.0
2026-09-23,C,29000.0,0.0003,0.0
2026-09-23,P,29000.0,0.0003,0.0
2026-09-23,C,29050.0,0.0003,0.0
2026-09-23,P,29050.0,0.0003,0.0
2026-09-23,C,29100.0,0.0003,0.0
2026-09-23,P,29100.0,0.0003,0.0
2026-09-23,C,29150.0,0.0003,0.0
2026-09-23,P,29150.0,0.0003,0.0
2026-09-23,C,29200.0,0.0003,0.0
2026-09-23,P,29200.0,0.0003,1.0
2026-09-23,C,29250.0,0.0003,4.0
2026-09-23,P,29250.0,0.0003,1.0
2026-09-23,C,29300.0,0.0003,0.0
2026-09-23,P,29300.0,0.0003,0.0
2026-09-23,C,29350.0,0.0003,0.0
2026-09-23,P,29350.0,0.0003,0.0
2026-09-23,C,29400.0,0.0003,0.0
2026-09-23,P,29400.0,0.0003,25.0
2026-09-23,C,29450.0,0.0003,0.0
2026-09-23,P,29450.0,0.0003,27.0
2026-09-23,C,29500.0,0.0003,153.0
2026-09-23,P,29500.0,0.0003,155.0
2026-09-23,C,29550.0,0.0003,0.0
2026-09-23,P,29550.0,0.0003,0.0
2026-09-23,C,29600.0,0.0003,0.0
2026-09-23,P,29600.0,0.0003,0.0
2026-09-23,C,29650.0,0.0003,0.0
2026-09-23,P,29650.0,0.0003,3.0
2026-09-23,C,29700.0,0.0003,33.0
2026-09-23,P,29700.0,0.0003,0.0
2026-09-23,C,29750.0,0.0003,0.0
2026-09-23,P,29750.0,0.0003,0.0
2026-09-23,C,29800.0,0.0003,0.0
2026-09-23,P,29800.0,0.0003,0.0
2026-09-23,C,29850.0,0.0003,0.0
2026-09-23,P,29850.0,0.0003,0.0
2026-09-23,C,29900.0,0.0003,0.0
2026-09-23,P,29900.0,0.0003,0.0
2026-09-23,C,29950.0,0.0003,1.0
2026-09-23,P,29950.0,0.0003,0.0
2026-09-23,C,30000.0,0.0003,0.0
2026-09-23,P,30000.0,0.0003,0.0
2026-09-23,C,30050.0,0.0003,0.0
2026-09-23,P,30050.0,0.0003,0.0
2026-09-23,C,30100.0,0.0003,0.0
2026-09-23,P,30100.0,0.0003,0.0
2026-09-23,C,30150.0,0.0003,1.0
2026-09-23,P,30150.0,0.0003,0.0
2026-09-23,C,30200.0,0.0003,100.0
2026-09-23,P,30200.0,0.0003,0.0
2026-09-23,C,30250.0,0.0003,6.0
2026-09-23,P,30250.0,0.0003,0.0
2026-09-23,C,30300.0,0.0003,0.0
2026-09-23,P,30300.0,0.0003,0.0
2026-09-23,C,30350.0,0.0003,0.0
2026-09-23,P,30350.0,0.0003,0.0
2026-09-23,C,30400.0,0.0003,2.0
2026-09-23,P,30400.0,0.0003,0.0
2026-09-23,C,30450.0,0.0003,4.0
2026-09-23,P,30450.0,0.0003,0.0
2026-09-23,C,30500.0,0.0002,5.0
2026-09-23,P,30500.0,0.0002,0.0
2026-09-23,C,30600.0,0.0002,3.0
2026-09-23,P,30600.0,0.0002,0.0
2026-09-23,C,30700.0,0.0002,0.0
2026-09-23,P,30700.0,0.0002,2.0
2026-09-23,C,30800.0,0.0002,2.0
2026-09-23,P,30800.0,0.0002,0.0
2026-09-23,C,30900.0,0.0002,0.0
2026-09-23,P,30900.0,0.0002,0.0
2026-09-23,C,31000.0,0.0001,2.0
2026-09-23,P,31000.0,0.0001,4.0
2026-09-23,C,31200.0,0.0001,0.0
2026-09-23,P,31200.0,0.0001,0.0
2026-09-23,C,31400.0,0.0001,0.0
2026-09-23,P,31400.0,0.0001,0.0
2026-09-23,C,31500.0,0.0001,1.0
2026-09-23,P,31500.0,0.0001,0.0
2026-09-23,C,31600.0,0.0001,1.0
2026-09-23,P,31600.0,0.0001,0.0
2026-09-23,C,31800.0,0.0,0.0
2026-09-23,P,31800.0,0.0,0.0
2026-09-23,C,32000.0,0.0,0.0
2026-09-23,P,32000.0,0.0,0.0
2026-09-23,C,32200.0,0.0,1.0
2026-09-23,P,32200.0,0.0,0.0
2026-09-23,C,32400.0,0.0,1.0
2026-09-23,P,32400.0,0.0,0.0
2026-09-23,C,32500.0,0.0,0.0
2026-09-23,P,32500.0,0.0,0.0
2026-09-23,C,33000.0,0.0,0.0
2026-09-23,P,33000.0,0.0,0.0
2026-09-23,C,33500.0,0.0,1.0
2026-09-23,P,33500.0,0.0,0.0
2026-09-23,C,34000.0,0.0,2.0
2026-09-23,P,34000.0,0.0,0.0
2026-09-23,C,34500.0,0.0,0.0
2026-09-23,P,34500.0,0.0,0.0
2026-09-23,C,35000.0,0.0,0.0
2026-09-23,P,35000.0,0.0,0.0
2026-09-23,C,36000.0,0.0,3.0
2026-09-23,P,36000.0,0.0,0.0
2026-09-23,C,37000.0,0.0,3.0
2026-09-23,P,37000.0,0.0,0.0
2026-09-23,C,38000.0,0.0,0.0
2026-09-23,P,38000.0,0.0,0.0
2026-09-24,C,15000.0,0.0,0.0
2026-09-24,P,15000.0,0.0,0.0
2026-09-24,C,16000.0,0.0,0.0
2026-09-24,P,16000.0,0.0,0.0
2026-09-24,C,17000.0,0.0,0.0
2026-09-24,P,17000.0,0.0,0.0
2026-09-24,C,18000.0,0.0,0.0
2026-09-24,P,18000.0,0.0,3.0
2026-09-24,C,19000.0,0.0,0.0
2026-09-24,P,19000.0,0.0,4.0
2026-09-24,C,20000.0,0.0,0.0
2026-09-24,P,20000.0,0.0,5.0
2026-09-24,C,21000.0,0.0,0.0
2026-09-24,P,21000.0,0.0,3.0
2026-09-24,C,22000.0,0.0,0.0
2026-09-24,P,22000.0,0.0,0.0
2026-09-24,C,22500.0,0.0,0.0
2026-09-24,P,22500.0,0.0,0.0
2026-09-24,C,23000.0,0.0,0.0
2026-09-24,P,23000.0,0.0,0.0
2026-09-24,C,23500.0,0.0,0.0
2026-09-24,P,23500.0,0.0,0.0
2026-09-24,C,24000.0,0.0,0.0
2026-09-24,P,24000.0,0.0,0.0
2026-09-24,C,24500.0,0.0,0.0
2026-09-24,P,24500.0,0.0,0.0
2026-09-24,C,25000.0,0.0,0.0
2026-09-24,P,25000.0,0.0,0.0
2026-09-24,C,25200.0,0.0,0.0
2026-09-24,P,25200.0,0.0,0.0
2026-09-24,C,25400.0,0.0,0.0
2026-09-24,P,25400.0,0.0,0.0
2026-09-24,C,25500.0,0.0,0.0
2026-09-24,P,25500.0,0.0,0.0
2026-09-24,C,25600.0,0.0,0.0
2026-09-24,P,25600.0,0.0,0.0
2026-09-24,C,25800.0,0.0,0.0
2026-09-24,P,25800.0,0.0,0.0
2026-09-24,C,26000.0,0.0,0.0
2026-09-24,P,26000.0,0.0,3.0
2026-09-24,C,26200.0,0.0,0.0
2026-09-24,P,26200.0,0.0,0.0
2026-09-24,C,26400.0,0.0,0.0
2026-09-24,P,26400.0,0.0,1.0
2026-09-24,C,26500.0,0.0,0.0
2026-09-24,P,26500.0,0.0,1.0
2026-09-24,C,26600.0,0.0001,0.0
2026-09-24,P,26600.0,0.0001,1.0
2026-09-24,C,26800.0,0.0001,0.0
2026-09-24,P,26800.0,0.0001,4.0
2026-09-24,C,27000.0,0.0001,0.0
2026-09-24,P,27000.0,0.0001,0.0
2026-09-24,C,27200.0,0.0001,0.0
2026-09-24,P,27200.0,0.0001,0.0
2026-09-24,C,27400.0,0.0001,0.0
2026-09-24,P,27400.0,0.0001,0.0
2026-09-24,C,27500.0,0.0001,0.0
2026-09-24,P,27500.0,0.0001,6.0
2026-09-24,C,27600.0,0.0001,0.0
2026-09-24,P,27600.0,0.0001,3.0
2026-09-24,C,27800.0,0.0001,0.0
2026-09-24,P,27800.0,0.0001,5.0
2026-09-24,C,27900.0,0.0001,0.0
2026-09-24,P,27900.0,0.0001,0.0
2026-09-24,C,28000.0,0.0001,1.0
2026-09-24,P,28000.0,0.0001,0.0
2026-09-24,C,28100.0,0.0002,0.0
2026-09-24,P,28100.0,0.0002,0.0
2026-09-24,C,28200.0,0.0002,1.0
2026-09-24,P,28200.0,0.0002,8.0
2026-09-24,C,28300.0,0.0002,0.0
2026-09-24,P,28300.0,0.0002,1.0
2026-09-24,C,28350.0,0.0002,0.0
2026-09-24,P,28350.0,0.0002,1.0
2026-09-24,C,28400.0,0.0002,0.0
2026-09-24,P,28400.0,0.0002,2.0
2026-09-24,C,28450.0,0.0002,0.0
2026-09-24,P,28450.0,0.0002,1.0
2026-09-24,C,28500.0,0.0002,0.0
2026-09-24,P,28500.0,0.0002,0.0
2026-09-24,C,28550.0,0.0002,0.0
2026-09-24,P,28550.0,0.0002,0.0
2026-09-24,C,28600.0,0.0002,0.0
2026-09-24,P,28600.0,0.0002,10.0
2026-09-24,C,28650.0,0.0002,0.0
2026-09-24,P,28650.0,0.0002,0.0
2026-09-24,C,28700.0,0.0002,1.0
2026-09-24,P,28700.0,0.0002,0.0
2026-09-24,C,28750.0,0.0002,0.0
2026-09-24,P,28750.0,0.0002,0.0
2026-09-24,C,28800.0,0.0002,0.0
2026-09-24,P,28800.0,0.0002,0.0
2026-09-24,C,28850.0,0.0002,0.0
2026-09-24,P,28850.0,0.0002,0.0
2026-09-24,C,28900.0,0.0003,0.0
2026-09-24,P,28900.0,0.0003,0.0
2026-09-24,C,28950.0,0.0003,0.0
2026-09-24,P,28950.0,0.0003,0.0
2026-09-24,C,29000.0,0.0003,0.0
2026-09-24,P,29000.0,0.0003,0.0
2026-09-24,C,29050.0,0.0003,0.0
2026-09-24,P,29050.0,0.0003,0.0
2026-09-24,C,29100.0,0.0003,0.0
2026-09-24,P,29100.0,0.0003,2.0
2026-09-24,C,29150.0,0.0003,0.0
2026-09-24,P,29150.0,0.0003,0.0
2026-09-24,C,29200.0,0.0003,0.0
2026-09-24,P,29200.0,0.0003,0.0
2026-09-24,C,29250.0,0.0003,0.0
2026-09-24,P,29250.0,0.0003,0.0
2026-09-24,C,29300.0,0.0003,4.0
2026-09-24,P,29300.0,0.0003,0.0
2026-09-24,C,29350.0,0.0003,10.0
2026-09-24,P,29350.0,0.0003,0.0
2026-09-24,C,29400.0,0.0003,2.0
2026-09-24,P,29400.0,0.0003,0.0
2026-09-24,C,29450.0,0.0003,0.0
2026-09-24,P,29450.0,0.0003,11.0
2026-09-24,C,29500.0,0.0003,0.0
2026-09-24,P,29500.0,0.0003,0.0
2026-09-24,C,29550.0,0.0003,0.0
2026-09-24,P,29550.0,0.0003,0.0
2026-09-24,C,29600.0,0.0003,0.0
2026-09-24,P,29600.0,0.0003,1.0
2026-09-24,C,29650.0,0.0003,0.0
2026-09-24,P,29650.0,0.0003,0.0
2026-09-24,C,29700.0,0.0003,0.0
2026-09-24,P,29700.0,0.0003,0.0
2026-09-24,C,29750.0,0.0003,0.0
2026-09-24,P,29750.0,0.0003,0.0
2026-09-24,C,29800.0,0.0003,0.0
2026-09-24,P,29800.0,0.0003,0.0
2026-09-24,C,29850.0,0.0003,0.0
2026-09-24,P,29850.0,0.0003,0.0
2026-09-24,C,29900.0,0.0003,0.0
2026-09-24,P,29900.0,0.0003,0.0
2026-09-24,C,29950.0,0.0003,1.0
2026-09-24,P,29950.0,0.0003,0.0
2026-09-24,C,30000.0,0.0003,0.0
2026-09-24,P,30000.0,0.0003,0.0
2026-09-24,C,30050.0,0.0003,10.0
2026-09-24,P,30050.0,0.0003,0.0
2026-09-24,C,30100.0,0.0003,2.0
2026-09-24,P,30100.0,0.0003,0.0
2026-09-24,C,30150.0,0.0003,0.0
2026-09-24,P,30150.0,0.0003,0.0
2026-09-24,C,30200.0,0.0003,0.0
2026-09-24,P,30200.0,0.0003,0.0
2026-09-24,C,30250.0,0.0003,0.0
2026-09-24,P,30250.0,0.0003,0.0
2026-09-24,C,30300.0,0.0003,7.0
2026-09-24,P,30300.0,0.0003,0.0
2026-09-24,C,30350.0,0.0003,2.0
2026-09-24,P,30350.0,0.0003,0.0
2026-09-24,C,30400.0,0.0003,9.0
2026-09-24,P,30400.0,0.0003,0.0
2026-09-24,C,30450.0,0.0003,0.0
2026-09-24,P,30450.0,0.0003,0.0
2026-09-24,C,30500.0,0.0002,0.0
2026-09-24,P,30500.0,0.0002,0.0
2026-09-24,C,30600.0,0.0002,8.0
2026-09-24,P,30600.0,0.0002,0.0
2026-09-24,C,30700.0,0.0002,0.0
2026-09-24,P,30700.0,0.0002,0.0
2026-09-24,C,30800.0,0.0002,0.0
2026-09-24,P,30800.0,0.0002,0.0
2026-09-24,C,30900.0,0.0002,1.0
2026-09-24,P,30900.0,0.0002,0.0
2026-09-24,C,31000.0,0.0001,5.0
2026-09-24,P,31000.0,0.0001,0.0
2026-09-24,C,31200.0,0.0001,0.0
2026-09-24,P,31200.0,0.0001,0.0
2026-09-24,C,31400.0,0.0001,0.0
2026-09-24,P,31400.0,0.0001,0.0
2026-09-24,C,31500.0,0.0001,0.0
2026-09-24,P,31500.0,0.0001,0.0
2026-09-24,C,31600.0,0.0001,0.0
2026-09-24,P,31600.0,0.0001,0.0
2026-09-24,C,31800.0,0.0,0.0
2026-09-24,P,31800.0,0.0,0.0
2026-09-24,C,32000.0,0.0,1.0
2026-09-24,P,32000.0,0.0,0.0
2026-09-24,C,32200.0,0.0,0.0
2026-09-24,P,32200.0,0.0,0.0
2026-09-24,C,32400.0,0.0,0.0
2026-09-24,P,32400.0,0.0,0.0
2026-09-24,C,32500.0,0.0,1.0
2026-09-24,P,32500.0,0.0,0.0
2026-09-24,C,33000.0,0.0,1.0
2026-09-24,P,33000.0,0.0,0.0
2026-09-24,C,33500.0,0.0,0.0
2026-09-24,P,33500.0,0.0,0.0
2026-09-24,C,34000.0,0.0,0.0
2026-09-24,P,34000.0,0.0,0.0
2026-09-24,C,34500.0,0.0,0.0
2026-09-24,P,34500.0,0.0,0.0
2026-09-24,C,35000.0,0.0,0.0
2026-09-24,P,35000.0,0.0,0.0
2026-09-24,C,36000.0,0.0,0.0
2026-09-24,P,36000.0,0.0,0.0
2026-09-24,C,37000.0,0.0,0.0
2026-09-24,P,37000.0,0.0,0.0
2026-09-24,C,38000.0,0.0,0.0
2026-09-24,P,38000.0,0.0,0.0
2026-09-25,C,15000.0,0.0,0.0
2026-09-25,P,15000.0,0.0,2.0
2026-09-25,C,16000.0,0.0,0.0
2026-09-25,P,16000.0,0.0,4.0
2026-09-25,C,17000.0,0.0,0.0
2026-09-25,P,17000.0,0.0,14.0
2026-09-25,C,18000.0,0.0,0.0
2026-09-25,P,18000.0,0.0,19.0
2026-09-25,C,19000.0,0.0,0.0
2026-09-25,P,19000.0,0.0,37.0
2026-09-25,C,20000.0,0.0,0.0
2026-09-25,P,20000.0,0.0,0.0
2026-09-25,C,20500.0,0.0,0.0
2026-09-25,P,20500.0,0.0,0.0
2026-09-25,C,21000.0,0.0,0.0
2026-09-25,P,21000.0,0.0,0.0
2026-09-25,C,21500.0,0.0,0.0
2026-09-25,P,21500.0,0.0,0.0
2026-09-25,C,22000.0,0.0,0.0
2026-09-25,P,22000.0,0.0,0.0
2026-09-25,C,22500.0,0.0,0.0
2026-09-25,P,22500.0,0.0,0.0
2026-09-25,C,22800.0,0.0,0.0
2026-09-25,P,22800.0,0.0,0.0
2026-09-25,C,23000.0,0.0,0.0
2026-09-25,P,23000.0,0.0,1.0
2026-09-25,C,23200.0,0.0,0.0
2026-09-25,P,23200.0,0.0,0.0
2026-09-25,C,23400.0,0.0,0.0
2026-09-25,P,23400.0,0.0,0.0
2026-09-25,C,23500.0,0.0,0.0
2026-09-25,P,23500.0,0.0,26.0
2026-09-25,C,23600.0,0.0,0.0
2026-09-25,P,23600.0,0.0,20.0
2026-09-25,C,23800.0,0.0,0.0
2026-09-25,P,23800.0,0.0,15.0
2026-09-25,C,24000.0,0.0,0.0
2026-09-25,P,24000.0,0.0,1.0
2026-09-25,C,24200.0,0.0,0.0
2026-09-25,P,24200.0,0.0,2.0
2026-09-25,C,24400.0,0.0,0.0
2026-09-25,P,24400.0,0.0,1.0
2026-09-25,C,24500.0,0.0,0.0
2026-09-25,P,24500.0,0.0,5.0
2026-09-25,C,24600.0,0.0,0.0
2026-09-25,P,24600.0,0.0,1.0
2026-09-25,C,24800.0,0.0,0.0
2026-09-25,P,24800.0,0.0,3.0
2026-09-25,C,25000.0,0.0,0.0
2026-09-25,P,25000.0,0.0,12.0
2026-09-25,C,25200.0,0.0,0.0
2026-09-25,P,25200.0,0.0,58.0
2026-09-25,C,25400.0,0.0,0.0
2026-09-25,P,25400.0,0.0,11.0
2026-09-25,C,25500.0,0.0,0.0
2026-09-25,P,25500.0,0.0,9.0
2026-09-25,C,25600.0,0.0,0.0
2026-09-25,P,25600.0,0.0,22.0
2026-09-25,C,25800.0,0.0,0.0
2026-09-25,P,25800.0,0.0,37.0
2026-09-25,C,26000.0,0.0,0.0
2026-09-25,P,26000.0,0.0,23.0
2026-09-25,C,26200.0,0.0,0.0
2026-09-25,P,26200.0,0.0,14.0
2026-09-25,C,26400.0,0.0,0.0
2026-09-25,P,26400.0,0.0,6.0
2026-09-25,C,26500.0,0.0001,0.0
2026-09-25,P,26500.0,0.0001,4.0
2026-09-25,C,26600.0,0.0001,0.0
2026-09-25,P,26600.0,0.0001,13.0
2026-09-25,C,26800.0,0.0001,0.0
2026-09-25,P,26800.0,0.0001,4.0
2026-09-25,C,27000.0,0.0001,0.0
2026-09-25,P,27000.0,0.0001,4.0
2026-09-25,C,27200.0,0.0001,0.0
2026-09-25,P,27200.0,0.0001,22.0
2026-09-25,C,27400.0,0.0001,0.0
2026-09-25,P,27400.0,0.0001,8.0
2026-09-25,C,27500.0,0.0001,0.0
2026-09-25,P,27500.0,0.0001,20.0
2026-09-25,C,27600.0,0.0001,0.0
2026-09-25,P,27600.0,0.0001,6.0
2026-09-25,C,27800.0,0.0001,0.0
2026-09-25,P,27800.0,0.0001,7.0
2026-09-25,C,27900.0,0.0001,0.0
2026-09-25,P,27900.0,0.0001,6.0
2026-09-25,C,28000.0,0.0001,0.0
2026-09-25,P,28000.0,0.0001,22.0
2026-09-25,C,28100.0,0.0002,0.0
2026-09-25,P,28100.0,0.0002,0.0
2026-09-25,C,28200.0,0.0002,0.0
2026-09-25,P,28200.0,0.0002,8.0
2026-09-25,C,28300.0,0.0002,0.0
2026-09-25,P,28300.0,0.0002,1.0
2026-09-25,C,28350.0,0.0002,0.0
2026-09-25,P,28350.0,0.0002,0.0
2026-09-25,C,28400.0,0.0002,0.0
2026-09-25,P,28400.0,0.0002,9.0
2026-09-25,C,28450.0,0.0002,0.0
2026-09-25,P,28450.0,0.0002,0.0
2026-09-25,C,28500.0,0.0002,0.0
2026-09-25,P,28500.0,0.0002,1.0
2026-09-25,C,28550.0,0.0002,0.0
2026-09-25,P,28550.0,0.0002,0.0
2026-09-25,C,28600.0,0.0002,0.0
2026-09-25,P,28600.0,0.0002,11.0
2026-09-25,C,28650.0,0.0002,0.0
2026-09-25,P,28650.0,0.0002,0.0
2026-09-25,C,28700.0,0.0002,0.0
2026-09-25,P,28700.0,0.0002,4.0
2026-09-25,C,28750.0,0.0002,0.0
2026-09-25,P,28750.0,0.0002,1.0
2026-09-25,C,28800.0,0.0002,5.0
2026-09-25,P,28800.0,0.0002,6.0
2026-09-25,C,28850.0,0.0002,0.0
2026-09-25,P,28850.0,0.0002,1.0
2026-09-25,C,28900.0,0.0002,0.0
2026-09-25,P,28900.0,0.0002,8.0
2026-09-25,C,28950.0,0.0003,0.0
2026-09-25,P,28950.0,0.0003,1.0
2026-09-25,C,29000.0,0.0003,0.0
2026-09-25,P,29000.0,0.0003,4.0
2026-09-25,C,29050.0,0.0003,0.0
2026-09-25,P,29050.0,0.0003,0.0
2026-09-25,C,29100.0,0.0003,0.0
2026-09-25,P,29100.0,0.0003,6.0
2026-09-25,C,29150.0,0.0003,1.0
2026-09-25,P,29150.0,0.0003,0.0
2026-09-25,C,29200.0,0.0003,0.0
2026-09-25,P,29200.0,0.0003,4.0
2026-09-25,C,29250.0,0.0003,0.0
2026-09-25,P,29250.0,0.0003,7.0
2026-09-25,C,29300.0,0.0003,0.0
2026-09-25,P,29300.0,0.0003,6.0
2026-09-25,C,29350.0,0.0003,1.0
2026-09-25,P,29350.0,0.0003,1.0
2026-09-25,C,29400.0,0.0003,0.0
2026-09-25,P,29400.0,0.0003,23.0
2026-09-25,C,29450.0,0.0003,0.0
2026-09-25,P,29450.0,0.0003,0.0
2026-09-25,C,29500.0,0.0003,2.0
2026-09-25,P,29500.0,0.0003,2.0
2026-09-25,C,29550.0,0.0003,0.0
2026-09-25,P,29550.0,0.0003,0.0
2026-09-25,C,29600.0,0.0003,0.0
2026-09-25,P,29600.0,0.0003,2.0
2026-09-25,C,29650.0,0.0003,7.0
2026-09-25,P,29650.0,0.0003,0.0
2026-09-25,C,29700.0,0.0003,0.0
2026-09-25,P,29700.0,0.0003,0.0
2026-09-25,C,29750.0,0.0003,1.0
2026-09-25,P,29750.0,0.0003,0.0
2026-09-25,C,29800.0,0.0003,3.0
2026-09-25,P,29800.0,0.0003,5.0
2026-09-25,C,29850.0,0.0003,0.0
2026-09-25,P,29850.0,0.0003,5.0
2026-09-25,C,29900.0,0.0003,0.0
2026-09-25,P,29900.0,0.0003,0.0
2026-09-25,C,29950.0,0.0003,22.0
2026-09-25,P,29950.0,0.0003,0.0
2026-09-25,C,30000.0,0.0003,13.0
2026-09-25,P,30000.0,0.0003,0.0
2026-09-25,C,30050.0,0.0003,0.0
2026-09-25,P,30050.0,0.0003,0.0
2026-09-25,C,30100.0,0.0003,31.0
2026-09-25,P,30100.0,0.0003,0.0
2026-09-25,C,30150.0,0.0003,2.0
2026-09-25,P,30150.0,0.0003,0.0
2026-09-25,C,30200.0,0.0003,3.0
2026-09-25,P,30200.0,0.0003,0.0
2026-09-25,C,30250.0,0.0003,1.0
2026-09-25,P,30250.0,0.0003,0.0
2026-09-25,C,30300.0,0.0003,2.0
2026-09-25,P,30300.0,0.0003,1.0
2026-09-25,C,30350.0,0.0003,0.0
2026-09-25,P,30350.0,0.0003,0.0
2026-09-25,C,30400.0,0.0003,1.0
2026-09-25,P,30400.0,0.0003,6.0
2026-09-25,C,30450.0,0.0003,0.0
2026-09-25,P,30450.0,0.0003,0.0
2026-09-25,C,30500.0,0.0002,5.0
2026-09-25,P,30500.0,0.0002,1.0
2026-09-25,C,30550.0,0.0002,2.0
2026-09-25,P,30550.0,0.0002,0.0
2026-09-25,C,30600.0,0.0002,9.0
2026-09-25,P,30600.0,0.0002,0.0
2026-09-25,C,30650.0,0.0002,1.0
2026-09-25,P,30650.0,0.0002,0.0
2026-09-25,C,30700.0,0.0002,5.0
2026-09-25,P,30700.0,0.0002,0.0
2026-09-25,C,30750.0,0.0002,1.0
2026-09-25,P,30750.0,0.0002,0.0
2026-09-25,C,30800.0,0.0002,1.0
2026-09-25,P,30800.0,0.0002,0.0
2026-09-25,C,30850.0,0.0002,2.0
2026-09-25,P,30850.0,0.0002,0.0
2026-09-25,C,30900.0,0.0002,0.0
2026-09-25,P,30900.0,0.0002,0.0
2026-09-25,C,30950.0,0.0002,1.0
2026-09-25,P,30950.0,0.0002,0.0
2026-09-25,C,31000.0,0.0002,2.0
2026-09-25,P,31000.0,0.0002,0.0
2026-09-25,C,31050.0,0.0001,1.0
2026-09-25,P,31050.0,0.0001,0.0
2026-09-25,C,31100.0,0.0001,14.0
2026-09-25,P,31100.0,0.0001,0.0
2026-09-25,C,31200.0,0.0001,5.0
2026-09-25,P,31200.0,0.0001,0.0
2026-09-25,C,31300.0,0.0001,0.0
2026-09-25,P,31300.0,0.0001,0.0
2026-09-25,C,31400.0,0.0001,3.0
2026-09-25,P,31400.0,0.0001,0.0
2026-09-25,C,31500.0,0.0001,3.0
2026-09-25,P,31500.0,0.0001,0.0
2026-09-25,C,31600.0,0.0001,7.0
2026-09-25,P,31600.0,0.0001,0.0
2026-09-25,C,31700.0,0.0001,6.0
2026-09-25,P,31700.0,0.0001,0.0
2026-09-25,C,31800.0,0.0001,12.0
2026-09-25,P,31800.0,0.0001,0.0
2026-09-25,C,32000.0,0.0,2.0
2026-09-25,P,32000.0,0.0,0.0
2026-09-25,C,32200.0,0.0,1.0
2026-09-25,P,32200.0,0.0,0.0
2026-09-25,C,32400.0,0.0,6.0
2026-09-25,P,32400.0,0.0,0.0
2026-09-25,C,32500.0,0.0,3.0
2026-09-25,P,32500.0,0.0,0.0
2026-09-25,C,32600.0,0.0,3.0
2026-09-25,P,32600.0,0.0,0.0
2026-09-25,C,32800.0,0.0,2.0
2026-09-25,P,32800.0,0.0,0.0
2026-09-25,C,33000.0,0.0,2.0
2026-09-25,P,33000.0,0.0,0.0
2026-09-25,C,33200.0,0.0,5.0
2026-09-25,P,33200.0,0.0,0.0
2026-09-25,C,33400.0,0.0,1.0
2026-09-25,P,33400.0,0.0,0.0
2026-09-25,C,33500.0,0.0,1.0
2026-09-25,P,33500.0,0.0,0.0
2026-09-25,C,34000.0,0.0,1.0
2026-09-25,P,34000.0,0.0,0.0
2026-09-25,C,34500.0,0.0,0.0
2026-09-25,P,34500.0,0.0,0.0
2026-09-25,C,35000.0,0.0,1.0
2026-09-25,P,35000.0,0.0,0.0
2026-09-25,C,35500.0,0.0,1.0
2026-09-25,P,35500.0,0.0,0.0
2026-09-25,C,36000.0,0.0,3.0
2026-09-25,P,36000.0,0.0,0.0
2026-09-25,C,37000.0,0.0,5.0
2026-09-25,P,37000.0,0.0,0.0
2026-09-25,C,38000.0,0.0,2.0
2026-09-25,P,38000.0,0.0,0.0
2026-09-25,C,39000.0,0.0,0.0
2026-09-25,P,39000.0,0.0,0.0
2026-09-28,C,15000.0,0.0,0.0
2026-09-28,P,15000.0,0.0,0.0
2026-09-28,C,16000.0,0.0,0.0
2026-09-28,P,16000.0,0.0,1.0
2026-09-28,C,17000.0,0.0,0.0
2026-09-28,P,17000.0,0.0,1.0
2026-09-28,C,18000.0,0.0,0.0
2026-09-28,P,18000.0,0.0,3.0
2026-09-28,C,19000.0,0.0,0.0
2026-09-28,P,19000.0,0.0,5.0
2026-09-28,C,20000.0,0.0,0.0
2026-09-28,P,20000.0,0.0,2.0
2026-09-28,C,21000.0,0.0,0.0
2026-09-28,P,21000.0,0.0,6.0
2026-09-28,C,22000.0,0.0,0.0
2026-09-28,P,22000.0,0.0,0.0
2026-09-28,C,22500.0,0.0,0.0
2026-09-28,P,22500.0,0.0,1.0
2026-09-28,C,23000.0,0.0,0.0
2026-09-28,P,23000.0,0.0,0.0
2026-09-28,C,23500.0,0.0,0.0
2026-09-28,P,23500.0,0.0,0.0
2026-09-28,C,24000.0,0.0,0.0
2026-09-28,P,24000.0,0.0,0.0
2026-09-28,C,24500.0,0.0,0.0
2026-09-28,P,24500.0,0.0,0.0
2026-09-28,C,25000.0,0.0,0.0
2026-09-28,P,25000.0,0.0,1.0
2026-09-28,C,25200.0,0.0,0.0
2026-09-28,P,25200.0,0.0,0.0
2026-09-28,C,25400.0,0.0,0.0
2026-09-28,P,25400.0,0.0,0.0
2026-09-28,C,25500.0,0.0,0.0
2026-09-28,P,25500.0,0.0,1.0
2026-09-28,C,25600.0,0.0,0.0
2026-09-28,P,25600.0,0.0,0.0
2026-09-28,C,25800.0,0.0,0.0
2026-09-28,P,25800.0,0.0,1.0
2026-09-28,C,26000.0,0.0,0.0
2026-09-28,P,26000.0,0.0,8.0
2026-09-28,C,26200.0,0.0,0.0
2026-09-28,P,26200.0,0.0,5.0
2026-09-28,C,26400.0,0.0,0.0
2026-09-28,P,26400.0,0.0,5.0
2026-09-28,C,26500.0,0.0001,0.0
2026-09-28,P,26500.0,0.0001,2.0
2026-09-28,C,26600.0,0.0001,0.0
2026-09-28,P,26600.0,0.0001,2.0
2026-09-28,C,26800.0,0.0001,0.0
2026-09-28,P,26800.0,0.0001,0.0
2026-09-28,C,27000.0,0.0001,0.0
2026-09-28,P,27000.0,0.0001,5.0
2026-09-28,C,27200.0,0.0001,0.0
2026-09-28,P,27200.0,0.0001,9.0
2026-09-28,C,27400.0,0.0001,0.0
2026-09-28,P,27400.0,0.0001,3.0
2026-09-28,C,27500.0,0.0001,0.0
2026-09-28,P,27500.0,0.0001,1.0
2026-09-28,C,27600.0,0.0001,0.0
2026-09-28,P,27600.0,0.0001,16.0
2026-09-28,C,27800.0,0.0001,0.0
2026-09-28,P,27800.0,0.0001,0.0
2026-09-28,C,27900.0,0.0001,0.0
2026-09-28,P,27900.0,0.0001,0.0
2026-09-28,C,28000.0,0.0001,0.0
2026-09-28,P,28000.0,0.0001,0.0
2026-09-28,C,28100.0,0.0002,0.0
2026-09-28,P,28100.0,0.0002,0.0
2026-09-28,C,28200.0,0.0002,0.0
2026-09-28,P,28200.0,0.0002,0.0
2026-09-28,C,28300.0,0.0002,0.0
2026-09-28,P,28300.0,0.0002,1.0
2026-09-28,C,28350.0,0.0002,0.0
2026-09-28,P,28350.0,0.0002,0.0
2026-09-28,C,28400.0,0.0002,0.0
2026-09-28,P,28400.0,0.0002,0.0
2026-09-28,C,28450.0,0.0002,0.0
2026-09-28,P,28450.0,0.0002,1.0
2026-09-28,C,28500.0,0.0002,0.0
2026-09-28,P,28500.0,0.0002,5.0
2026-09-28,C,28550.0,0.0002,0.0
2026-09-28,P,28550.0,0.0002,0.0
2026-09-28,C,28600.0,0.0002,1.0
2026-09-28,P,28600.0,0.0002,2.0
2026-09-28,C,28650.0,0.0002,1.0
2026-09-28,P,28650.0,0.0002,1.0
2026-09-28,C,28700.0,0.0002,1.0
2026-09-28,P,28700.0,0.0002,2.0
2026-09-28,C,28750.0,0.0002,0.0
2026-09-28,P,28750.0,0.0002,1.0
2026-09-28,C,28800.0,0.0002,0.0
2026-09-28,P,28800.0,0.0002,0.0
2026-09-28,C,28850.0,0.0002,0.0
2026-09-28,P,28850.0,0.0002,0.0
2026-09-28,C,28900.0,0.0002,0.0
2026-09-28,P,28900.0,0.0002,0.0
2026-09-28,C,28950.0,0.0002,0.0
2026-09-28,P,28950.0,0.0002,0.0
2026-09-28,C,29000.0,0.0003,0.0
2026-09-28,P,29000.0,0.0003,0.0
2026-09-28,C,29050.0,0.0003,0.0
2026-09-28,P,29050.0,0.0003,0.0
2026-09-28,C,29100.0,0.0003,2.0
2026-09-28,P,29100.0,0.0003,0.0
2026-09-28,C,29150.0,0.0003,0.0
2026-09-28,P,29150.0,0.0003,0.0
2026-09-28,C,29200.0,0.0003,0.0
2026-09-28,P,29200.0,0.0003,0.0
2026-09-28,C,29250.0,0.0003,0.0
2026-09-28,P,29250.0,0.0003,5.0
2026-09-28,C,29300.0,0.0003,0.0
2026-09-28,P,29300.0,0.0003,5.0
2026-09-28,C,29350.0,0.0003,0.0
2026-09-28,P,29350.0,0.0003,0.0
2026-09-28,C,29400.0,0.0003,1.0
2026-09-28,P,29400.0,0.0003,3.0
2026-09-28,C,29450.0,0.0003,3.0
2026-09-28,P,29450.0,0.0003,0.0
2026-09-28,C,29500.0,0.0003,2.0
2026-09-28,P,29500.0,0.0003,0.0
2026-09-28,C,29550.0,0.0003,0.0
2026-09-28,P,29550.0,0.0003,0.0
2026-09-28,C,29600.0,0.0003,1.0
2026-09-28,P,29600.0,0.0003,0.0
2026-09-28,C,29650.0,0.0003,0.0
2026-09-28,P,29650.0,0.0003,0.0
2026-09-28,C,29700.0,0.0003,2.0
2026-09-28,P,29700.0,0.0003,0.0
2026-09-28,C,29750.0,0.0003,4.0
2026-09-28,P,29750.0,0.0003,0.0
2026-09-28,C,29800.0,0.0003,2.0
2026-09-28,P,29800.0,0.0003,0.0
2026-09-28,C,29850.0,0.0003,0.0
2026-09-28,P,29850.0,0.0003,0.0
2026-09-28,C,29900.0,0.0003,127.0
2026-09-28,P,29900.0,0.0003,0.0
2026-09-28,C,29950.0,0.0003,1.0
2026-09-28,P,29950.0,0.0003,0.0
2026-09-28,C,30000.0,0.0003,0.0
2026-09-28,P,30000.0,0.0003,0.0
2026-09-28,C,30050.0,0.0003,1.0
2026-09-28,P,30050.0,0.0003,0.0
2026-09-28,C,30100.0,0.0003,1.0
2026-09-28,P,30100.0,0.0003,0.0
2026-09-28,C,30150.0,0.0003,3.0
2026-09-28,P,30150.0,0.0003,0.0
2026-09-28,C,30200.0,0.0003,9.0
2026-09-28,P,30200.0,0.0003,0.0
2026-09-28,C,30250.0,0.0003,4.0
2026-09-28,P,30250.0,0.0003,0.0
2026-09-28,C,30300.0,0.0003,11.0
2026-09-28,P,30300.0,0.0003,0.0
2026-09-28,C,30350.0,0.0003,0.0
2026-09-28,P,30350.0,0.0003,0.0
2026-09-28,C,30400.0,0.0003,1.0
2026-09-28,P,30400.0,0.0003,0.0
2026-09-28,C,30450.0,0.0003,3.0
2026-09-28,P,30450.0,0.0003,0.0
2026-09-28,C,30500.0,0.0002,2.0
2026-09-28,P,30500.0,0.0002,0.0
2026-09-28,C,30600.0,0.0002,0.0
2026-09-28,P,30600.0,0.0002,0.0
2026-09-28,C,30700.0,0.0002,7.0
2026-09-28,P,30700.0,0.0002,0.0
2026-09-28,C,30800.0,0.0002,1.0
2026-09-28,P,30800.0,0.0002,0.0
2026-09-28,C,30900.0,0.0002,0.0
2026-09-28,P,30900.0,0.0002,0.0
2026-09-28,C,31000.0,0.0002,0.0
2026-09-28,P,31000.0,0.0002,0.0
2026-09-28,C,31200.0,0.0001,0.0
2026-09-28,P,31200.0,0.0001,0.0
2026-09-28,C,31400.0,0.0001,0.0
2026-09-28,P,31400.0,0.0001,0.0
2026-09-28,C,31500.0,0.0001,0.0
2026-09-28,P,31500.0,0.0001,0.0
2026-09-28,C,31600.0,0.0001,3.0
2026-09-28,P,31600.0,0.0001,0.0
2026-09-28,C,31800.0,0.0001,5.0
2026-09-28,P,31800.0,0.0001,0.0
2026-09-28,C,32000.0,0.0,3.0
2026-09-28,P,32000.0,0.0,0.0
2026-09-28,C,32200.0,0.0,3.0
2026-09-28,P,32200.0,0.0,0.0
2026-09-28,C,32400.0,0.0,0.0
2026-09-28,P,32400.0,0.0,0.0
2026-09-28,C,32500.0,0.0,2.0
2026-09-28,P,32500.0,0.0,0.0
2026-09-28,C,33000.0,0.0,4.0
2026-09-28,P,33000.0,0.0,0.0
2026-09-28,C,33500.0,0.0,1.0
2026-09-28,P,33500.0,0.0,0.0
2026-09-28,C,34000.0,0.0,0.0
2026-09-28,P,34000.0,0.0,0.0
2026-09-28,C,34500.0,0.0,0.0
2026-09-28,P,34500.0,0.0,0.0
2026-09-28,C,35000.0,0.0,0.0
2026-09-28,P,35000.0,0.0,0.0
2026-09-28,C,35500.0,0.0,0.0
2026-09-28,P,35500.0,0.0,0.0
2026-09-28,C,36000.0,0.0,0.0
2026-09-28,P,36000.0,0.0,0.0
2026-09-28,C,37000.0,0.0,0.0
2026-09-28,P,37000.0,0.0,0.0
2026-09-28,C,38000.0,0.0,0.0
2026-09-28,P,38000.0,0.0,0.0
2026-09-29,C,15000.0,0.0,0.0
2026-09-29,P,15000.0,0.0,0.0
2026-09-29,C,16000.0,0.0,0.0
2026-09-29,P,16000.0,0.0,4.0
2026-09-29,C,17000.0,0.0,0.0
2026-09-29,P,17000.0,0.0,0.0
2026-09-29,C,18000.0,0.0,0.0
2026-09-29,P,18000.0,0.0,0.0
2026-09-29,C,19000.0,0.0,0.0
2026-09-29,P,19000.0,0.0,4.0
2026-09-29,C,20000.0,0.0,0.0
2026-09-29,P,20000.0,0.0,6.0
2026-09-29,C,21000.0,0.0,0.0
2026-09-29,P,21000.0,0.0,5.0
2026-09-29,C,22000.0,0.0,0.0
2026-09-29,P,22000.0,0.0,3.0
2026-09-29,C,22500.0,0.0,0.0
2026-09-29,P,22500.0,0.0,1.0
2026-09-29,C,23000.0,0.0,0.0
2026-09-29,P,23000.0,0.0,0.0
2026-09-29,C,23500.0,0.0,0.0
2026-09-29,P,23500.0,0.0,0.0
2026-09-29,C,24000.0,0.0,0.0
2026-09-29,P,24000.0,0.0,0.0
2026-09-29,C,24500.0,0.0,0.0
2026-09-29,P,24500.0,0.0,0.0
2026-09-29,C,25000.0,0.0,0.0
2026-09-29,P,25000.0,0.0,1.0
2026-09-29,C,25200.0,0.0,0.0
2026-09-29,P,25200.0,0.0,0.0
2026-09-29,C,25400.0,0.0,0.0
2026-09-29,P,25400.0,0.0,0.0
2026-09-29,C,25500.0,0.0,0.0
2026-09-29,P,25500.0,0.0,0.0
2026-09-29,C,25600.0,0.0,0.0
2026-09-29,P,25600.0,0.0,0.0
2026-09-29,C,25800.0,0.0,0.0
2026-09-29,P,25800.0,0.0,0.0
2026-09-29,C,26000.0,0.0,0.0
2026-09-29,P,26000.0,0.0,3.0
2026-09-29,C,26200.0,0.0,0.0
2026-09-29,P,26200.0,0.0,0.0
2026-09-29,C,26400.0,0.0,0.0
2026-09-29,P,26400.0,0.0,1.0
2026-09-29,C,26500.0,0.0001,0.0
2026-09-29,P,26500.0,0.0001,1.0
2026-09-29,C,26600.0,0.0001,0.0
2026-09-29,P,26600.0,0.0001,3.0
2026-09-29,C,26800.0,0.0001,0.0
2026-09-29,P,26800.0,0.0001,0.0
2026-09-29,C,27000.0,0.0001,0.0
2026-09-29,P,27000.0,0.0001,1.0
2026-09-29,C,27200.0,0.0001,0.0
2026-09-29,P,27200.0,0.0001,4.0
2026-09-29,C,27400.0,0.0001,0.0
2026-09-29,P,27400.0,0.0001,0.0
2026-09-29,C,27500.0,0.0001,0.0
2026-09-29,P,27500.0,0.0001,0.0
2026-09-29,C,27600.0,0.0001,0.0
2026-09-29,P,27600.0,0.0001,0.0
2026-09-29,C,27800.0,0.0001,0.0
2026-09-29,P,27800.0,0.0001,0.0
2026-09-29,C,27900.0,0.0001,0.0
2026-09-29,P,27900.0,0.0001,0.0
2026-09-29,C,28000.0,0.0001,0.0
2026-09-29,P,28000.0,0.0001,0.0
2026-09-29,C,28100.0,0.0002,0.0
2026-09-29,P,28100.0,0.0002,0.0
2026-09-29,C,28200.0,0.0002,0.0
2026-09-29,P,28200.0,0.0002,0.0
2026-09-29,C,28300.0,0.0002,0.0
2026-09-29,P,28300.0,0.0002,8.0
2026-09-29,C,28350.0,0.0002,0.0
2026-09-29,P,28350.0,0.0002,0.0
2026-09-29,C,28400.0,0.0002,0.0
2026-09-29,P,28400.0,0.0002,2.0
2026-09-29,C,28450.0,0.0002,0.0
2026-09-29,P,28450.0,0.0002,0.0
2026-09-29,C,28500.0,0.0002,1.0
2026-09-29,P,28500.0,0.0002,2.0
2026-09-29,C,28550.0,0.0002,0.0
2026-09-29,P,28550.0,0.0002,0.0
2026-09-29,C,28600.0,0.0002,1.0
2026-09-29,P,28600.0,0.0002,0.0
2026-09-29,C,28650.0,0.0002,0.0
2026-09-29,P,28650.0,0.0002,0.0
2026-09-29,C,28700.0,0.0002,0.0
2026-09-29,P,28700.0,0.0002,0.0
2026-09-29,C,28750.0,0.0002,0.0
2026-09-29,P,28750.0,0.0002,0.0
2026-09-29,C,28800.0,0.0002,0.0
2026-09-29,P,28800.0,0.0002,2.0
2026-09-29,C,28850.0,0.0002,0.0
2026-09-29,P,28850.0,0.0002,0.0
2026-09-29,C,28900.0,0.0002,0.0
2026-09-29,P,28900.0,0.0002,0.0
2026-09-29,C,28950.0,0.0002,0.0
2026-09-29,P,28950.0,0.0002,0.0
2026-09-29,C,29000.0,0.0002,0.0
2026-09-29,P,29000.0,0.0002,0.0
2026-09-29,C,29050.0,0.0003,0.0
2026-09-29,P,29050.0,0.0003,0.0
2026-09-29,C,29100.0,0.0003,0.0
2026-09-29,P,29100.0,0.0003,0.0
2026-09-29,C,29150.0,0.0003,0.0
2026-09-29,P,29150.0,0.0003,0.0
2026-09-29,C,29200.0,0.0003,0.0
2026-09-29,P,29200.0,0.0003,1.0
2026-09-29,C,29250.0,0.0003,0.0
2026-09-29,P,29250.0,0.0003,1.0
2026-09-29,C,29300.0,0.0003,0.0
2026-09-29,P,29300.0,0.0003,0.0
2026-09-29,C,29350.0,0.0003,0.0
2026-09-29,P,29350.0,0.0003,0.0
2026-09-29,C,29400.0,0.0003,0.0
2026-09-29,P,29400.0,0.0003,3.0
2026-09-29,C,29450.0,0.0003,4.0
2026-09-29,P,29450.0,0.0003,0.0
2026-09-29,C,29500.0,0.0003,2.0
2026-09-29,P,29500.0,0.0003,0.0
2026-09-29,C,29550.0,0.0003,0.0
2026-09-29,P,29550.0,0.0003,0.0
2026-09-29,C,29600.0,0.0003,0.0
2026-09-29,P,29600.0,0.0003,0.0
2026-09-29,C,29650.0,0.0003,0.0
2026-09-29,P,29650.0,0.0003,0.0
2026-09-29,C,29700.0,0.0003,0.0
2026-09-29,P,29700.0,0.0003,0.0
2026-09-29,C,29750.0,0.0003,0.0
2026-09-29,P,29750.0,0.0003,0.0
2026-09-29,C,29800.0,0.0003,0.0
2026-09-29,P,29800.0,0.0003,0.0
2026-09-29,C,29850.0,0.0003,0.0
2026-09-29,P,29850.0,0.0003,0.0
2026-09-29,C,29900.0,0.0003,0.0
2026-09-29,P,29900.0,0.0003,0.0
2026-09-29,C,29950.0,0.0003,0.0
2026-09-29,P,29950.0,0.0003,0.0
2026-09-29,C,30000.0,0.0003,0.0
2026-09-29,P,30000.0,0.0003,0.0
2026-09-29,C,30050.0,0.0003,99.0
2026-09-29,P,30050.0,0.0003,0.0
2026-09-29,C,30100.0,0.0003,0.0
2026-09-29,P,30100.0,0.0003,0.0
2026-09-29,C,30150.0,0.0003,0.0
2026-09-29,P,30150.0,0.0003,0.0
2026-09-29,C,30200.0,0.0003,2.0
2026-09-29,P,30200.0,0.0003,0.0
2026-09-29,C,30250.0,0.0003,0.0
2026-09-29,P,30250.0,0.0003,0.0
2026-09-29,C,30300.0,0.0003,4.0
2026-09-29,P,30300.0,0.0003,0.0
2026-09-29,C,30350.0,0.0003,6.0
2026-09-29,P,30350.0,0.0003,0.0
2026-09-29,C,30400.0,0.0003,0.0
2026-09-29,P,30400.0,0.0003,0.0
2026-09-29,C,30450.0,0.0002,0.0
2026-09-29,P,30450.0,0.0002,0.0
2026-09-29,C,30500.0,0.0002,0.0
2026-09-29,P,30500.0,0.0002,0.0
2026-09-29,C,30600.0,0.0002,0.0
2026-09-29,P,30600.0,0.0002,0.0
2026-09-29,C,30700.0,0.0002,0.0
2026-09-29,P,30700.0,0.0002,0.0
2026-09-29,C,30800.0,0.0002,0.0
2026-09-29,P,30800.0,0.0002,0.0
2026-09-29,C,30900.0,0.0002,0.0
2026-09-29,P,30900.0,0.0002,0.0
2026-09-29,C,31000.0,0.0002,2.0
2026-09-29,P,31000.0,0.0002,0.0
2026-09-29,C,31200.0,0.0001,0.0
2026-09-29,P,31200.0,0.0001,0.0
2026-09-29,C,31400.0,0.0001,0.0
2026-09-29,P,31400.0,0.0001,0.0
2026-09-29,C,31500.0,0.0001,0.0
2026-09-29,P,31500.0,0.0001,0.0
2026-09-29,C,31600.0,0.0001,0.0
2026-09-29,P,31600.0,0.0001,0.0
2026-09-29,C,31800.0,0.0001,0.0
2026-09-29,P,31800.0,0.0001,0.0
2026-09-29,C,32000.0,0.0,0.0
2026-09-29,P,32000.0,0.0,0.0
2026-09-29,C,32200.0,0.0,0.0
2026-09-29,P,32200.0,0.0,0.0
2026-09-29,C,32400.0,0.0,0.0
2026-09-29,P,32400.0,0.0,0.0
2026-09-29,C,32500.0,0.0,0.0
2026-09-29,P,32500.0,0.0,0.0
2026-09-29,C,33000.0,0.0,0.0
2026-09-29,P,33000.0,0.0,0.0
2026-09-29,C,33500.0,0.0,1.0
2026-09-29,P,33500.0,0.0,0.0
2026-09-29,C,34000.0,0.0,0.0
2026-09-29,P,34000.0,0.0,0.0
2026-09-29,C,34500.0,0.0,0.0
2026-09-29,P,34500.0,0.0,0.0
2026-09-29,C,35000.0,0.0,0.0
2026-09-29,P,35000.0,0.0,0.0
2026-09-29,C,35500.0,0.0,0.0
2026-09-29,P,35500.0,0.0,0.0
2026-09-29,C,36000.0,0.0,0.0
2026-09-29,P,36000.0,0.0,0.0
2026-09-29,C,37000.0,0.0,0.0
2026-09-29,P,37000.0,0.0,0.0
2026-09-29,C,38000.0,0.0,0.0
2026-09-29,P,38000.0,0.0,0.0
2026-09-30,C,7000.0,0.0,0.0
2026-09-30,P,7000.0,0.0,1.0
2026-09-30,C,8000.0,0.0,0.0
2026-09-30,P,8000.0,0.0,0.0
2026-09-30,C,9000.0,0.0,0.0
2026-09-30,P,9000.0,0.0,2.0
2026-09-30,C,10000.0,0.0,0.0
2026-09-30,P,10000.0,0.0,5.0
2026-09-30,C,11000.0,0.0,0.0
2026-09-30,P,11000.0,0.0,13.0
2026-09-30,C,12000.0,0.0,0.0
2026-09-30,P,12000.0,0.0,4.0
2026-09-30,C,13000.0,0.0,0.0
2026-09-30,P,13000.0,0.0,7.0
2026-09-30,C,14000.0,0.0,0.0
2026-09-30,P,14000.0,0.0,66.0
2026-09-30,C,15000.0,0.0,0.0
2026-09-30,P,15000.0,0.0,128.0
2026-09-30,C,16000.0,0.0,1.0
2026-09-30,P,16000.0,0.0,75.0
2026-09-30,C,17000.0,0.0,1.0
2026-09-30,P,17000.0,0.0,68.0
2026-09-30,C,17500.0,0.0,0.0
2026-09-30,P,17500.0,0.0,48.0
2026-09-30,C,18000.0,0.0,1.0
2026-09-30,P,18000.0,0.0,569.0
2026-09-30,C,18500.0,0.0,0.0
2026-09-30,P,18500.0,0.0,63.0
2026-09-30,C,19000.0,0.0,0.0
2026-09-30,P,19000.0,0.0,12.0
2026-09-30,C,19500.0,0.0,0.0
2026-09-30,P,19500.0,0.0,43.0
2026-09-30,C,20000.0,0.0,1.0
2026-09-30,P,20000.0,0.0,1132.0
2026-09-30,C,20500.0,0.0,0.0
2026-09-30,P,20500.0,0.0,37.0
2026-09-30,C,21000.0,0.0,0.0
2026-09-30,P,21000.0,0.0,5.0
2026-09-30,C,21500.0,0.0,9.0
2026-09-30,P,21500.0,0.0,2.0
2026-09-30,C,21600.0,0.0,9.0
2026-09-30,P,21600.0,0.0,0.0
2026-09-30,C,21700.0,0.0,0.0
2026-09-30,P,21700.0,0.0,1.0
2026-09-30,C,21800.0,0.0,0.0
2026-09-30,P,21800.0,0.0,0.0
2026-09-30,C,21900.0,0.0,0.0
2026-09-30,P,21900.0,0.0,1.0
2026-09-30,C,22000.0,0.0,1.0
2026-09-30,P,22000.0,0.0,507.0
2026-09-30,C,22100.0,0.0,0.0
2026-09-30,P,22100.0,0.0,1.0
2026-09-30,C,22200.0,0.0,1.0
2026-09-30,P,22200.0,0.0,0.0
2026-09-30,C,22300.0,0.0,0.0
2026-09-30,P,22300.0,0.0,0.0
2026-09-30,C,22400.0,0.0,0.0
2026-09-30,P,22400.0,0.0,0.0
2026-09-30,C,22500.0,0.0,2.0
2026-09-30,P,22500.0,0.0,7.0
2026-09-30,C,22600.0,0.0,1.0
2026-09-30,P,22600.0,0.0,0.0
2026-09-30,C,22700.0,0.0,0.0
2026-09-30,P,22700.0,0.0,0.0
2026-09-30,C,22800.0,0.0,0.0
2026-09-30,P,22800.0,0.0,0.0
2026-09-30,C,22900.0,0.0,0.0
2026-09-30,P,22900.0,0.0,10.0
2026-09-30,C,23000.0,0.0,0.0
2026-09-30,P,23000.0,0.0,41.0
2026-09-30,C,23100.0,0.0,0.0
2026-09-30,P,23100.0,0.0,0.0
2026-09-30,C,23200.0,0.0,0.0
2026-09-30,P,23200.0,0.0,1.0
2026-09-30,C,23300.0,0.0,0.0
2026-09-30,P,23300.0,0.0,2.0
2026-09-30,C,23400.0,0.0,0.0
2026-09-30,P,23400.0,0.0,2.0
2026-09-30,C,23500.0,0.0,0.0
2026-09-30,P,23500.0,0.0,3.0
2026-09-30,C,23600.0,0.0,1.0
2026-09-30,P,23600.0,0.0,2.0
2026-09-30,C,23700.0,0.0,1.0
2026-09-30,P,23700.0,0.0,16.0
2026-09-30,C,23800.0,0.0,0.0
2026-09-30,P,23800.0,0.0,14.0
2026-09-30,C,23900.0,0.0,0.0
2026-09-30,P,23900.0,0.0,27.0
2026-09-30,C,24000.0,0.0,0.0
2026-09-30,P,24000.0,0.0,252.0
2026-09-30,C,24100.0,0.0,0.0
2026-09-30,P,24100.0,0.0,8.0
2026-09-30,C,24200.0,0.0,0.0
2026-09-30,P,24200.0,0.0,24.0
2026-09-30,C,24300.0,0.0,3.0
2026-09-30,P,24300.0,0.0,6.0
2026-09-30,C,24400.0,0.0,1.0
2026-09-30,P,24400.0,0.0,0.0
2026-09-30,C,24500.0,0.0,3.0
2026-09-30,P,24500.0,0.0,28.0
2026-09-30,C,24600.0,0.0,2.0
2026-09-30,P,24600.0,0.0,25.0
2026-09-30,C,24700.0,0.0,3.0
2026-09-30,P,24700.0,0.0,9.0
2026-09-30,C,24800.0,0.0,0.0
2026-09-30,P,24800.0,0.0,21.0
2026-09-30,C,24900.0,0.0,0.0
2026-09-30,P,24900.0,0.0,9.0
2026-09-30,C,25000.0,0.0,16.0
2026-09-30,P,25000.0,0.0,65.0
2026-09-30,C,25100.0,0.0,3.0
2026-09-30,P,25100.0,0.0,1.0
2026-09-30,C,25200.0,0.0,1.0
2026-09-30,P,25200.0,0.0,7.0
2026-09-30,C,25300.0,0.0,0.0
2026-09-30,P,25300.0,0.0,15.0
2026-09-30,C,25400.0,0.0,0.0
2026-09-30,P,25400.0,0.0,51.0
2026-09-30,C,25500.0,0.0,1.0
2026-09-30,P,25500.0,0.0,41.0
2026-09-30,C,25600.0,0.0,1.0
2026-09-30,P,25600.0,0.0,4.0
2026-09-30,C,25700.0,0.0,0.0
2026-09-30,P,25700.0,0.0,4.0
2026-09-30,C,25800.0,0.0,3.0
2026-09-30,P,25800.0,0.0,10.0
2026-09-30,C,25900.0,0.0,0.0
2026-09-30,P,25900.0,0.0,3.0
2026-09-30,C,26000.0,0.0,2.0
2026-09-30,P,26000.0,0.0,50.0
2026-09-30,C,26100.0,0.0,0.0
2026-09-30,P,26100.0,0.0,2.0
2026-09-30,C,26200.0,0.0,0.0
2026-09-30,P,26200.0,0.0,11.0
2026-09-30,C,26300.0,0.0,0.0
2026-09-30,P,26300.0,0.0,4.0
2026-09-30,C,26400.0,0.0001,13.0
2026-09-30,P,26400.0,0.0001,22.0
2026-09-30,C,26500.0,0.0001,15.0
2026-09-30,P,26500.0,0.0001,30.0
2026-09-30,C,26600.0,0.0001,2.0
2026-09-30,P,26600.0,0.0001,19.0
2026-09-30,C,26700.0,0.0001,15.0
2026-09-30,P,26700.0,0.0001,18.0
2026-09-30,C,26800.0,0.0001,16.0
2026-09-30,P,26800.0,0.0001,13.0
2026-09-30,C,26900.0,0.0001,1.0
2026-09-30,P,26900.0,0.0001,17.0
2026-09-30,C,27000.0,0.0001,2.0
2026-09-30,P,27000.0,0.0001,74.0
2026-09-30,C,27100.0,0.0001,0.0
2026-09-30,P,27100.0,0.0001,69.0
2026-09-30,C,27200.0,0.0001,0.0
2026-09-30,P,27200.0,0.0001,6.0
2026-09-30,C,27300.0,0.0001,0.0
2026-09-30,P,27300.0,0.0001,18.0
2026-09-30,C,27400.0,0.0001,0.0
2026-09-30,P,27400.0,0.0001,34.0
2026-09-30,C,27500.0,0.0001,0.0
2026-09-30,P,27500.0,0.0001,69.0
2026-09-30,C,27600.0,0.0001,1.0
2026-09-30,P,27600.0,0.0001,5.0
2026-09-30,C,27700.0,0.0001,2.0
2026-09-30,P,27700.0,0.0001,7.0
2026-09-30,C,27800.0,0.0001,0.0
2026-09-30,P,27800.0,0.0001,3.0
2026-09-30,C,27900.0,0.0001,0.0
2026-09-30,P,27900.0,0.0001,5.0
2026-09-30,C,28000.0,0.0001,3.0
2026-09-30,P,28000.0,0.0001,62.0
2026-09-30,C,28100.0,0.0002,4.0
2026-09-30,P,28100.0,0.0002,5.0
2026-09-30,C,28200.0,0.0002,1.0
2026-09-30,P,28200.0,0.0002,41.0
2026-09-30,C,28300.0,0.0002,2.0
2026-09-30,P,28300.0,0.0002,20.0
2026-09-30,C,28350.0,0.0002,0.0
2026-09-30,P,28350.0,0.0002,0.0
2026-09-30,C,28400.0,0.0002,6.0
2026-09-30,P,28400.0,0.0002,5.0
2026-09-30,C,28450.0,0.0002,0.0
2026-09-30,P,28450.0,0.0002,0.0
2026-09-30,C,28500.0,0.0002,15.0
2026-09-30,P,28500.0,0.0002,69.0
2026-09-30,C,28550.0,0.0002,0.0
2026-09-30,P,28550.0,0.0002,0.0
2026-09-30,C,28600.0,0.0002,13.0
2026-09-30,P,28600.0,0.0002,5.0
2026-09-30,C,28650.0,0.0002,0.0
2026-09-30,P,28650.0,0.0002,85.0
2026-09-30,C,28700.0,0.0002,0.0
2026-09-30,P,28700.0,0.0002,110.0
2026-09-30,C,28750.0,0.0002,0.0
2026-09-30,P,28750.0,0.0002,0.0
2026-09-30,C,28800.0,0.0002,3.0
2026-09-30,P,28800.0,0.0002,4.0
2026-09-30,C,28850.0,0.0002,0.0
2026-09-30,P,28850.0,0.0002,0.0
2026-09-30,C,28900.0,0.0002,1.0
2026-09-30,P,28900.0,0.0002,11.0
2026-09-30,C,28950.0,0.0002,0.0
2026-09-30,P,28950.0,0.0002,3.0
2026-09-30,C,29000.0,0.0002,7.0
2026-09-30,P,29000.0,0.0002,98.0
2026-09-30,C,29050.0,0.0002,0.0
2026-09-30,P,29050.0,0.0002,1.0
2026-09-30,C,29100.0,0.0003,2.0
2026-09-30,P,29100.0,0.0003,12.0
2026-09-30,C,29150.0,0.0003,0.0
2026-09-30,P,29150.0,0.0003,1.0
2026-09-30,C,29200.0,0.0003,9.0
2026-09-30,P,29200.0,0.0003,11.0
2026-09-30,C,29250.0,0.0003,0.0
2026-09-30,P,29250.0,0.0003,2.0
2026-09-30,C,29300.0,0.0003,11.0
2026-09-30,P,29300.0,0.0003,8.0
2026-09-30,C,29350.0,0.0003,0.0
2026-09-30,P,29350.0,0.0003,0.0
2026-09-30,C,29400.0,0.0003,5.0
2026-09-30,P,29400.0,0.0003,35.0
2026-09-30,C,29450.0,0.0003,1.0
2026-09-30,P,29450.0,0.0003,20.0
2026-09-30,C,29500.0,0.0003,11.0
2026-09-30,P,29500.0,0.0003,16.0
2026-09-30,C,29550.0,0.0003,0.0
2026-09-30,P,29550.0,0.0003,1.0
2026-09-30,C,29600.0,0.0003,13.0
2026-09-30,P,29600.0,0.0003,7.0
2026-09-30,C,29650.0,0.0003,8.0
2026-09-30,P,29650.0,0.0003,0.0
2026-09-30,C,29700.0,0.0003,9.0
2026-09-30,P,29700.0,0.0003,12.0
2026-09-30,C,29750.0,0.0003,2.0
2026-09-30,P,29750.0,0.0003,1.0
2026-09-30,C,29800.0,0.0003,4.0
2026-09-30,P,29800.0,0.0003,12.0
2026-09-30,C,29850.0,0.0003,7.0
2026-09-30,P,29850.0,0.0003,1.0
2026-09-30,C,29900.0,0.0003,5.0
2026-09-30,P,29900.0,0.0003,8.0
2026-09-30,C,29950.0,0.0003,2.0
2026-09-30,P,29950.0,0.0003,3.0
2026-09-30,C,30000.0,0.0003,14.0
2026-09-30,P,30000.0,0.0003,9.0
2026-09-30,C,30050.0,0.0003,0.0
2026-09-30,P,30050.0,0.0003,1.0
2026-09-30,C,30100.0,0.0003,8.0
2026-09-30,P,30100.0,0.0003,3.0
2026-09-30,C,30150.0,0.0003,102.0
2026-09-30,P,30150.0,0.0003,0.0
2026-09-30,C,30200.0,0.0003,14.0
2026-09-30,P,30200.0,0.0003,10.0
2026-09-30,C,30250.0,0.0003,7.0
2026-09-30,P,30250.0,0.0003,0.0
2026-09-30,C,30300.0,0.0003,7.0
2026-09-30,P,30300.0,0.0003,1.0
2026-09-30,C,30350.0,0.0003,1.0
2026-09-30,P,30350.0,0.0003,0.0
2026-09-30,C,30400.0,0.0003,49.0
2026-09-30,P,30400.0,0.0003,9.0
2026-09-30,C,30450.0,0.0002,9.0
2026-09-30,P,30450.0,0.0002,0.0
2026-09-30,C,30500.0,0.0002,47.0
2026-09-30,P,30500.0,0.0002,52.0
2026-09-30,C,30600.0,0.0002,14.0
2026-09-30,P,30600.0,0.0002,7.0
2026-09-30,C,30700.0,0.0002,2.0
2026-09-30,P,30700.0,0.0002,1.0
2026-09-30,C,30800.0,0.0002,3.0
2026-09-30,P,30800.0,0.0002,3.0
2026-09-30,C,30900.0,0.0002,17.0
2026-09-30,P,30900.0,0.0002,0.0
2026-09-30,C,31000.0,0.0002,22.0
2026-09-30,P,31000.0,0.0002,5.0
2026-09-30,C,31100.0,0.0001,26.0
2026-09-30,P,31100.0,0.0001,0.0
2026-09-30,C,31200.0,0.0001,9.0
2026-09-30,P,31200.0,0.0001,0.0
2026-09-30,C,31300.0,0.0001,2.0
2026-09-30,P,31300.0,0.0001,0.0
2026-09-30,C,31400.0,0.0001,5.0
2026-09-30,P,31400.0,0.0001,1.0
2026-09-30,C,31500.0,0.0001,78.0
2026-09-30,P,31500.0,0.0001,2.0
2026-09-30,C,31600.0,0.0001,13.0
2026-09-30,P,31600.0,0.0001,0.0
2026-09-30,C,31700.0,0.0001,5.0
2026-09-30,P,31700.0,0.0001,0.0
2026-09-30,C,31800.0,0.0001,7.0
2026-09-30,P,31800.0,0.0001,0.0
2026-09-30,C,31900.0,0.0001,2.0
2026-09-30,P,31900.0,0.0001,0.0
2026-09-30,C,32000.0,0.0,151.0
2026-09-30,P,32000.0,0.0,15.0
2026-09-30,C,32100.0,0.0,16.0
2026-09-30,P,32100.0,0.0,0.0
2026-09-30,C,32200.0,0.0,12.0
2026-09-30,P,32200.0,0.0,0.0
2026-09-30,C,32300.0,0.0,8.0
2026-09-30,P,32300.0,0.0,0.0
2026-09-30,C,32400.0,0.0,20.0
2026-09-30,P,32400.0,0.0,0.0
2026-09-30,C,32500.0,0.0,64.0
2026-09-30,P,32500.0,0.0,0.0
2026-09-30,C,32600.0,0.0,24.0
2026-09-30,P,32600.0,0.0,0.0
2026-09-30,C,32700.0,0.0,2.0
2026-09-30,P,32700.0,0.0,0.0
2026-09-30,C,32800.0,0.0,27.0
2026-09-30,P,32800.0,0.0,0.0
2026-09-30,C,32900.0,0.0,1.0
2026-09-30,P,32900.0,0.0,0.0
2026-09-30,C,33000.0,0.0,141.0
2026-09-30,P,33000.0,0.0,0.0
2026-09-30,C,33100.0,0.0,12.0
2026-09-30,P,33100.0,0.0,0.0
2026-09-30,C,33200.0,0.0,17.0
2026-09-30,P,33200.0,0.0,0.0
2026-09-30,C,33300.0,0.0,37.0
2026-09-30,P,33300.0,0.0,0.0
2026-09-30,C,33400.0,0.0,8.0
2026-09-30,P,33400.0,0.0,0.0
2026-09-30,C,33500.0,0.0,105.0
2026-09-30,P,33500.0,0.0,0.0
2026-09-30,C,33600.0,0.0,0.0
2026-09-30,P,33600.0,0.0,0.0
2026-09-30,C,33700.0,0.0,0.0
2026-09-30,P,33700.0,0.0,0.0
2026-09-30,C,33800.0,0.0,0.0
2026-09-30,P,33800.0,0.0,0.0
2026-09-30,C,33900.0,0.0,0.0
2026-09-30,P,33900.0,0.0,0.0
2026-09-30,C,34000.0,0.0,137.0
2026-09-30,P,34000.0,0.0,0.0
2026-09-30,C,34100.0,0.0,0.0
2026-09-30,P,34100.0,0.0,0.0
2026-09-30,C,34200.0,0.0,2.0
2026-09-30,P,34200.0,0.0,0.0
2026-09-30,C,34300.0,0.0,0.0
2026-09-30,P,34300.0,0.0,0.0
2026-09-30,C,34400.0,0.0,1.0
2026-09-30,P,34400.0,0.0,0.0
2026-09-30,C,34500.0,0.0,48.0
2026-09-30,P,34500.0,0.0,0.0
2026-09-30,C,34600.0,0.0,16.0
2026-09-30,P,34600.0,0.0,0.0
2026-09-30,C,34700.0,0.0,10.0
2026-09-30,P,34700.0,0.0,0.0
2026-09-30,C,34900.0,0.0,0.0
2026-09-30,P,34900.0,0.0,0.0
2026-09-30,C,35000.0,0.0,76.0
2026-09-30,P,35000.0,0.0,0.0
2026-09-30,C,35500.0,0.0,23.0
2026-09-30,P,35500.0,0.0,0.0
2026-09-30,C,36000.0,0.0,45.0
2026-09-30,P,36000.0,0.0,0.0
2026-09-30,C,36500.0,0.0,2.0
2026-09-30,P,36500.0,0.0,0.0
2026-09-30,C,37000.0,0.0,45.0
2026-09-30,P,37000.0,0.0,1.0
2026-09-30,C,38000.0,0.0,63.0
2026-09-30,P,38000.0,0.0,1.0
2026-09-30,C,39000.0,0.0,59.0
2026-09-30,P,39000.0,0.0,1.0
2026-10-01,C,15000.0,0.0,0.0
2026-10-01,P,15000.0,0.0,0.0
2026-10-01,C,16000.0,0.0,0.0
2026-10-01,P,16000.0,0.0,0.0
2026-10-01,C,17000.0,0.0,0.0
2026-10-01,P,17000.0,0.0,0.0
2026-10-01,C,18000.0,0.0,0.0
2026-10-01,P,18000.0,0.0,0.0
2026-10-01,C,19000.0,0.0,0.0
2026-10-01,P,19000.0,0.0,1.0
2026-10-01,C,20000.0,0.0,0.0
2026-10-01,P,20000.0,0.0,1.0
2026-10-01,C,21000.0,0.0,0.0
2026-10-01,P,21000.0,0.0,3.0
2026-10-01,C,22000.0,0.0,0.0
2026-10-01,P,22000.0,0.0,2.0
2026-10-01,C,22500.0,0.0,0.0
2026-10-01,P,22500.0,0.0,0.0
2026-10-01,C,23000.0,0.0,0.0
2026-10-01,P,23000.0,0.0,0.0
2026-10-01,C,23500.0,0.0,0.0
2026-10-01,P,23500.0,0.0,0.0
2026-10-01,C,24000.0,0.0,0.0
2026-10-01,P,24000.0,0.0,0.0
2026-10-01,C,24500.0,0.0,0.0
2026-10-01,P,24500.0,0.0,0.0
2026-10-01,C,25000.0,0.0,0.0
2026-10-01,P,25000.0,0.0,0.0
2026-10-01,C,25200.0,0.0,0.0
2026-10-01,P,25200.0,0.0,0.0
2026-10-01,C,25400.0,0.0,0.0
2026-10-01,P,25400.0,0.0,0.0
2026-10-01,C,25500.0,0.0,0.0
2026-10-01,P,25500.0,0.0,0.0
2026-10-01,C,25600.0,0.0,0.0
2026-10-01,P,25600.0,0.0,0.0
2026-10-01,C,25800.0,0.0,0.0
2026-10-01,P,25800.0,0.0,0.0
2026-10-01,C,26000.0,0.0,0.0
2026-10-01,P,26000.0,0.0,0.0
2026-10-01,C,26200.0,0.0,0.0
2026-10-01,P,26200.0,0.0,0.0
2026-10-01,C,26400.0,0.0001,0.0
2026-10-01,P,26400.0,0.0001,0.0
2026-10-01,C,26500.0,0.0001,0.0
2026-10-01,P,26500.0,0.0001,1.0
2026-10-01,C,26600.0,0.0001,0.0
2026-10-01,P,26600.0,0.0001,1.0
2026-10-01,C,26800.0,0.0001,0.0
2026-10-01,P,26800.0,0.0001,0.0
2026-10-01,C,27000.0,0.0001,0.0
2026-10-01,P,27000.0,0.0001,0.0
2026-10-01,C,27200.0,0.0001,0.0
2026-10-01,P,27200.0,0.0001,0.0
2026-10-01,C,27400.0,0.0001,0.0
2026-10-01,P,27400.0,0.0001,0.0
2026-10-01,C,27500.0,0.0001,0.0
2026-10-01,P,27500.0,0.0001,0.0
2026-10-01,C,27600.0,0.0001,0.0
2026-10-01,P,27600.0,0.0001,0.0
2026-10-01,C,27800.0,0.0001,0.0
2026-10-01,P,27800.0,0.0001,0.0
2026-10-01,C,27900.0,0.0001,0.0
2026-10-01,P,27900.0,0.0001,0.0
2026-10-01,C,28000.0,0.0001,0.0
2026-10-01,P,28000.0,0.0001,0.0
2026-10-01,C,28100.0,0.0002,0.0
2026-10-01,P,28100.0,0.0002,0.0
2026-10-01,C,28200.0,0.0002,0.0
2026-10-01,P,28200.0,0.0002,0.0
2026-10-01,C,28300.0,0.0002,0.0
2026-10-01,P,28300.0,0.0002,0.0
2026-10-01,C,28400.0,0.0002,0.0
2026-10-01,P,28400.0,0.0002,0.0
2026-10-01,C,28450.0,0.0002,0.0
2026-10-01,P,28450.0,0.0002,0.0
2026-10-01,C,28500.0,0.0002,1.0
2026-10-01,P,28500.0,0.0002,0.0
2026-10-01,C,28550.0,0.0002,0.0
2026-10-01,P,28550.0,0.0002,0.0
2026-10-01,C,28600.0,0.0002,1.0
2026-10-01,P,28600.0,0.0002,0.0
2026-10-01,C,28650.0,0.0002,0.0
2026-10-01,P,28650.0,0.0002,0.0
2026-10-01,C,28700.0,0.0002,0.0
2026-10-01,P,28700.0,0.0002,0.0
2026-10-01,C,28750.0,0.0002,0.0
2026-10-01,P,28750.0,0.0002,0.0
2026-10-01,C,28800.0,0.0002,0.0
2026-10-01,P,28800.0,0.0002,0.0
2026-10-01,C,28850.0,0.0002,0.0
2026-10-01,P,28850.0,0.0002,0.0
2026-10-01,C,28900.0,0.0002,0.0
2026-10-01,P,28900.0,0.0002,0.0
2026-10-01,C,28950.0,0.0002,0.0
2026-10-01,P,28950.0,0.0002,0.0
2026-10-01,C,29000.0,0.0002,0.0
2026-10-01,P,29000.0,0.0002,0.0
2026-10-01,C,29050.0,0.0002,0.0
2026-10-01,P,29050.0,0.0002,0.0
2026-10-01,C,29100.0,0.0002,0.0
2026-10-01,P,29100.0,0.0002,0.0
2026-10-01,C,29150.0,0.0002,0.0
2026-10-01,P,29150.0,0.0002,0.0
2026-10-01,C,29200.0,0.0003,0.0
2026-10-01,P,29200.0,0.0003,0.0
2026-10-01,C,29250.0,0.0003,0.0
2026-10-01,P,29250.0,0.0003,0.0
2026-10-01,C,29300.0,0.0003,0.0
2026-10-01,P,29300.0,0.0003,0.0
2026-10-01,C,29350.0,0.0003,10.0
2026-10-01,P,29350.0,0.0003,0.0
2026-10-01,C,29400.0,0.0003,10.0
2026-10-01,P,29400.0,0.0003,10.0
2026-10-01,C,29450.0,0.0003,0.0
2026-10-01,P,29450.0,0.0003,10.0
2026-10-01,C,29500.0,0.0003,0.0
2026-10-01,P,29500.0,0.0003,0.0
2026-10-01,C,29550.0,0.0003,0.0
2026-10-01,P,29550.0,0.0003,0.0
2026-10-01,C,29600.0,0.0003,0.0
2026-10-01,P,29600.0,0.0003,0.0
2026-10-01,C,29650.0,0.0003,0.0
2026-10-01,P,29650.0,0.0003,0.0
2026-10-01,C,29700.0,0.0003,0.0
2026-10-01,P,29700.0,0.0003,0.0
2026-10-01,C,29750.0,0.0003,0.0
2026-10-01,P,29750.0,0.0003,0.0
2026-10-01,C,29800.0,0.0003,0.0
2026-10-01,P,29800.0,0.0003,0.0
2026-10-01,C,29850.0,0.0003,0.0
2026-10-01,P,29850.0,0.0003,0.0
2026-10-01,C,29900.0,0.0003,0.0
2026-10-01,P,29900.0,0.0003,0.0
2026-10-01,C,29950.0,0.0003,0.0
2026-10-01,P,29950.0,0.0003,0.0
2026-10-01,C,30000.0,0.0003,0.0
2026-10-01,P,30000.0,0.0003,0.0
2026-10-01,C,30050.0,0.0003,0.0
2026-10-01,P,30050.0,0.0003,0.0
2026-10-01,C,30100.0,0.0003,0.0
2026-10-01,P,30100.0,0.0003,0.0
2026-10-01,C,30150.0,0.0003,0.0
2026-10-01,P,30150.0,0.0003,0.0
2026-10-01,C,30200.0,0.0003,0.0
2026-10-01,P,30200.0,0.0003,0.0
2026-10-01,C,30250.0,0.0003,0.0
2026-10-01,P,30250.0,0.0003,0.0
2026-10-01,C,30300.0,0.0003,0.0
2026-10-01,P,30300.0,0.0003,0.0
2026-10-01,C,30350.0,0.0003,0.0
2026-10-01,P,30350.0,0.0003,0.0
2026-10-01,C,30400.0,0.0002,0.0
2026-10-01,P,30400.0,0.0002,0.0
2026-10-01,C,30450.0,0.0002,0.0
2026-10-01,P,30450.0,0.0002,0.0
2026-10-01,C,30500.0,0.0002,0.0
2026-10-01,P,30500.0,0.0002,0.0
2026-10-01,C,30600.0,0.0002,0.0
2026-10-01,P,30600.0,0.0002,0.0
2026-10-01,C,30700.0,0.0002,0.0
2026-10-01,P,30700.0,0.0002,0.0
2026-10-01,C,30800.0,0.0002,0.0
2026-10-01,P,30800.0,0.0002,0.0
2026-10-01,C,30900.0,0.0002,0.0
2026-10-01,P,30900.0,0.0002,0.0
2026-10-01,C,31000.0,0.0002,0.0
2026-10-01,P,31000.0,0.0002,0.0
2026-10-01,C,31200.0,0.0001,0.0
2026-10-01,P,31200.0,0.0001,0.0
2026-10-01,C,31400.0,0.0001,0.0
2026-10-01,P,31400.0,0.0001,0.0
2026-10-01,C,31500.0,0.0001,1.0
2026-10-01,P,31500.0,0.0001,0.0
2026-10-01,C,31600.0,0.0001,0.0
2026-10-01,P,31600.0,0.0001,0.0
2026-10-01,C,31800.0,0.0001,0.0
2026-10-01,P,31800.0,0.0001,0.0
2026-10-01,C,32000.0,0.0001,0.0
2026-10-01,P,32000.0,0.0001,0.0
2026-10-01,C,32200.0,0.0,0.0
2026-10-01,P,32200.0,0.0,0.0
2026-10-01,C,32400.0,0.0,0.0
2026-10-01,P,32400.0,0.0,0.0
2026-10-01,C,32500.0,0.0,2.0
2026-10-01,P,32500.0,0.0,0.0
2026-10-01,C,33000.0,0.0,1.0
2026-10-01,P,33000.0,0.0,0.0
2026-10-01,C,33500.0,0.0,1.0
2026-10-01,P,33500.0,0.0,0.0
2026-10-01,C,34000.0,0.0,0.0
2026-10-01,P,34000.0,0.0,0.0
2026-10-01,C,34500.0,0.0,0.0
2026-10-01,P,34500.0,0.0,0.0
2026-10-01,C,35000.0,0.0,0.0
2026-10-01,P,35000.0,0.0,0.0
2026-10-01,C,35500.0,0.0,0.0
2026-10-01,P,35500.0,0.0,0.0
2026-10-01,C,36000.0,0.0,1.0
2026-10-01,P,36000.0,0.0,0.0
2026-10-01,C,37000.0,0.0,1.0
2026-10-01,P,37000.0,0.0,0.0
2026-10-01,C,38000.0,0.0,0.0
2026-10-01,P,38000.0,0.0,0.0
2026-10-02,C,15000.0,0.0,0.0
2026-10-02,P,15000.0,0.0,0.0
2026-10-02,C,16000.0,0.0,0.0
2026-10-02,P,16000.0,0.0,2.0
2026-10-02,C,17000.0,0.0,0.0
2026-10-02,P,17000.0,0.0,33.0
2026-10-02,C,18000.0,0.0,0.0
2026-10-02,P,18000.0,0.0,29.0
2026-10-02,C,19000.0,0.0,0.0
2026-10-02,P,19000.0,0.0,8.0
2026-10-02,C,20000.0,0.0,0.0
2026-10-02,P,20000.0,0.0,2.0
2026-10-02,C,21000.0,0.0,0.0
2026-10-02,P,21000.0,0.0,2.0
2026-10-02,C,21500.0,0.0,0.0
2026-10-02,P,21500.0,0.0,2.0
2026-10-02,C,22000.0,0.0,0.0
2026-10-02,P,22000.0,0.0,1.0
2026-10-02,C,22500.0,0.0,0.0
2026-10-02,P,22500.0,0.0,0.0
2026-10-02,C,23000.0,0.0,0.0
2026-10-02,P,23000.0,0.0,0.0
2026-10-02,C,23500.0,0.0,0.0
2026-10-02,P,23500.0,0.0,1.0
2026-10-02,C,23800.0,0.0,0.0
2026-10-02,P,23800.0,0.0,0.0
2026-10-02,C,24000.0,0.0,0.0
2026-10-02,P,24000.0,0.0,5.0
2026-10-02,C,24200.0,0.0,0.0
2026-10-02,P,24200.0,0.0,0.0
2026-10-02,C,24400.0,0.0,0.0
2026-10-02,P,24400.0,0.0,0.0
2026-10-02,C,24500.0,0.0,0.0
2026-10-02,P,24500.0,0.0,11.0
2026-10-02,C,24600.0,0.0,0.0
2026-10-02,P,24600.0,0.0,13.0
2026-10-02,C,24800.0,0.0,0.0
2026-10-02,P,24800.0,0.0,1.0
2026-10-02,C,25000.0,0.0,0.0
2026-10-02,P,25000.0,0.0,4.0
2026-10-02,C,25200.0,0.0,0.0
2026-10-02,P,25200.0,0.0,0.0
2026-10-02,C,25400.0,0.0,0.0
2026-10-02,P,25400.0,0.0,1.0
2026-10-02,C,25500.0,0.0,0.0
2026-10-02,P,25500.0,0.0,1.0
2026-10-02,C,25600.0,0.0,0.0
2026-10-02,P,25600.0,0.0,4.0
2026-10-02,C,25800.0,0.0,0.0
2026-10-02,P,25800.0,0.0,1.0
2026-10-02,C,26000.0,0.0,0.0
2026-10-02,P,26000.0,0.0,7.0
2026-10-02,C,26200.0,0.0,0.0
2026-10-02,P,26200.0,0.0,7.0
2026-10-02,C,26400.0,0.0001,0.0
2026-10-02,P,26400.0,0.0001,14.0
2026-10-02,C,26500.0,0.0001,0.0
2026-10-02,P,26500.0,0.0001,29.0
2026-10-02,C,26600.0,0.0001,0.0
2026-10-02,P,26600.0,0.0001,10.0
2026-10-02,C,26800.0,0.0001,0.0
2026-10-02,P,26800.0,0.0001,13.0
2026-10-02,C,27000.0,0.0001,0.0
2026-10-02,P,27000.0,0.0001,16.0
2026-10-02,C,27200.0,0.0001,0.0
2026-10-02,P,27200.0,0.0001,1.0
2026-10-02,C,27400.0,0.0001,0.0
2026-10-02,P,27400.0,0.0001,11.0
2026-10-02,C,27500.0,0.0001,1.0
2026-10-02,P,27500.0,0.0001,14.0
2026-10-02,C,27600.0,0.0001,1.0
2026-10-02,P,27600.0,0.0001,6.0
2026-10-02,C,27800.0,0.0001,0.0
2026-10-02,P,27800.0,0.0001,2.0
2026-10-02,C,27900.0,0.0001,0.0
2026-10-02,P,27900.0,0.0001,0.0
2026-10-02,C,28000.0,0.0001,0.0
2026-10-02,P,28000.0,0.0001,4.0
2026-10-02,C,28100.0,0.0001,0.0
2026-10-02,P,28100.0,0.0001,1.0
2026-10-02,C,28200.0,0.0002,0.0
2026-10-02,P,28200.0,0.0002,0.0
2026-10-02,C,28300.0,0.0002,0.0
2026-10-02,P,28300.0,0.0002,0.0
2026-10-02,C,28350.0,0.0002,0.0
2026-10-02,P,28350.0,0.0002,0.0
2026-10-02,C,28400.0,0.0002,0.0
2026-10-02,P,28400.0,0.0002,27.0
2026-10-02,C,28450.0,0.0002,0.0
2026-10-02,P,28450.0,0.0002,3.0
2026-10-02,C,28500.0,0.0002,0.0
2026-10-02,P,28500.0,0.0002,1.0
2026-10-02,C,28550.0,0.0002,0.0
2026-10-02,P,28550.0,0.0002,0.0
2026-10-02,C,28600.0,0.0002,0.0
2026-10-02,P,28600.0,0.0002,6.0
2026-10-02,C,28650.0,0.0002,0.0
2026-10-02,P,28650.0,0.0002,0.0
2026-10-02,C,28700.0,0.0002,0.0
2026-10-02,P,28700.0,0.0002,0.0
2026-10-02,C,28750.0,0.0002,0.0
2026-10-02,P,28750.0,0.0002,0.0
2026-10-02,C,28800.0,0.0002,0.0
2026-10-02,P,28800.0,0.0002,0.0
2026-10-02,C,28850.0,0.0002,0.0
2026-10-02,P,28850.0,0.0002,0.0
2026-10-02,C,28900.0,0.0002,0.0
2026-10-02,P,28900.0,0.0002,4.0
2026-10-02,C,28950.0,0.0002,0.0
2026-10-02,P,28950.0,0.0002,0.0
2026-10-02,C,29000.0,0.0002,0.0
2026-10-02,P,29000.0,0.0002,0.0
2026-10-02,C,29050.0,0.0002,0.0
2026-10-02,P,29050.0,0.0002,2.0
2026-10-02,C,29100.0,0.0002,2.0
2026-10-02,P,29100.0,0.0002,2.0
2026-10-02,C,29150.0,0.0002,2.0
2026-10-02,P,29150.0,0.0002,0.0
2026-10-02,C,29200.0,0.0002,0.0
2026-10-02,P,29200.0,0.0002,0.0
2026-10-02,C,29250.0,0.0002,0.0
2026-10-02,P,29250.0,0.0002,0.0
2026-10-02,C,29300.0,0.0003,1.0
2026-10-02,P,29300.0,0.0003,2.0
2026-10-02,C,29350.0,0.0003,1.0
2026-10-02,P,29350.0,0.0003,0.0
2026-10-02,C,29400.0,0.0003,0.0
2026-10-02,P,29400.0,0.0003,1.0
2026-10-02,C,29450.0,0.0003,0.0
2026-10-02,P,29450.0,0.0003,1.0
2026-10-02,C,29500.0,0.0003,0.0
2026-10-02,P,29500.0,0.0003,1.0
2026-10-02,C,29550.0,0.0003,0.0
2026-10-02,P,29550.0,0.0003,2.0
2026-10-02,C,29600.0,0.0003,0.0
2026-10-02,P,29600.0,0.0003,0.0
2026-10-02,C,29650.0,0.0003,0.0
2026-10-02,P,29650.0,0.0003,0.0
2026-10-02,C,29700.0,0.0003,2.0
2026-10-02,P,29700.0,0.0003,2.0
2026-10-02,C,29750.0,0.0003,0.0
2026-10-02,P,29750.0,0.0003,0.0
2026-10-02,C,29800.0,0.0003,0.0
2026-10-02,P,29800.0,0.0003,0.0
2026-10-02,C,29850.0,0.0003,0.0
2026-10-02,P,29850.0,0.0003,0.0
2026-10-02,C,29900.0,0.0003,0.0
2026-10-02,P,29900.0,0.0003,0.0
2026-10-02,C,29950.0,0.0003,1.0
2026-10-02,P,29950.0,0.0003,0.0
2026-10-02,C,30000.0,0.0003,1.0
2026-10-02,P,30000.0,0.0003,4.0
2026-10-02,C,30050.0,0.0003,1.0
2026-10-02,P,30050.0,0.0003,0.0
2026-10-02,C,30100.0,0.0003,0.0
2026-10-02,P,30100.0,0.0003,0.0
2026-10-02,C,30150.0,0.0003,0.0
2026-10-02,P,30150.0,0.0003,0.0
2026-10-02,C,30200.0,0.0003,0.0
2026-10-02,P,30200.0,0.0003,0.0
2026-10-02,C,30250.0,0.0003,5.0
2026-10-02,P,30250.0,0.0003,0.0
2026-10-02,C,30300.0,0.0003,0.0
2026-10-02,P,30300.0,0.0003,0.0
2026-10-02,C,30350.0,0.0002,0.0
2026-10-02,P,30350.0,0.0002,0.0
2026-10-02,C,30400.0,0.0002,6.0
2026-10-02,P,30400.0,0.0002,1.0
2026-10-02,C,30450.0,0.0002,0.0
2026-10-02,P,30450.0,0.0002,0.0
2026-10-02,C,30500.0,0.0002,1.0
2026-10-02,P,30500.0,0.0002,1.0
2026-10-02,C,30600.0,0.0002,7.0
2026-10-02,P,30600.0,0.0002,1.0
2026-10-02,C,30700.0,0.0002,4.0
2026-10-02,P,30700.0,0.0002,0.0
2026-10-02,C,30800.0,0.0002,2.0
2026-10-02,P,30800.0,0.0002,0.0
2026-10-02,C,30900.0,0.0002,1.0
2026-10-02,P,30900.0,0.0002,0.0
2026-10-02,C,31000.0,0.0002,5.0
2026-10-02,P,31000.0,0.0002,0.0
2026-10-02,C,31200.0,0.0001,0.0
2026-10-02,P,31200.0,0.0001,0.0
2026-10-02,C,31400.0,0.0001,3.0
2026-10-02,P,31400.0,0.0001,0.0
2026-10-02,C,31500.0,0.0001,7.0
2026-10-02,P,31500.0,0.0001,0.0
2026-10-02,C,31600.0,0.0001,5.0
2026-10-02,P,31600.0,0.0001,0.0
2026-10-02,C,31800.0,0.0001,11.0
2026-10-02,P,31800.0,0.0001,0.0
2026-10-02,C,32000.0,0.0001,6.0
2026-10-02,P,32000.0,0.0001,0.0
2026-10-02,C,32200.0,0.0,5.0
2026-10-02,P,32200.0,0.0,0.0
2026-10-02,C,32400.0,0.0,6.0
2026-10-02,P,32400.0,0.0,0.0
2026-10-02,C,32500.0,0.0,2.0
2026-10-02,P,32500.0,0.0,0.0
2026-10-02,C,32600.0,0.0,2.0
2026-10-02,P,32600.0,0.0,0.0
2026-10-02,C,32800.0,0.0,5.0
2026-10-02,P,32800.0,0.0,0.0
2026-10-02,C,33000.0,0.0,1.0
2026-10-02,P,33000.0,0.0,0.0
2026-10-02,C,33200.0,0.0,0.0
2026-10-02,P,33200.0,0.0,0.0
2026-10-02,C,33400.0,0.0,0.0
2026-10-02,P,33400.0,0.0,0.0
2026-10-02,C,33500.0,0.0,2.0
2026-10-02,P,33500.0,0.0,0.0
2026-10-02,C,33600.0,0.0,3.0
2026-10-02,P,33600.0,0.0,0.0
2026-10-02,C,33800.0,0.0,2.0
2026-10-02,P,33800.0,0.0,0.0
2026-10-02,C,34000.0,0.0,1.0
2026-10-02,P,34000.0,0.0,0.0
2026-10-02,C,34500.0,0.0,2.0
2026-10-02,P,34500.0,0.0,0.0
2026-10-02,C,35000.0,0.0,1.0
2026-10-02,P,35000.0,0.0,0.0
2026-10-02,C,35500.0,0.0,3.0
2026-10-02,P,35500.0,0.0,0.0
2026-10-02,C,36000.0,0.0,3.0
2026-10-02,P,36000.0,0.0,0.0
2026-10-02,C,37000.0,0.0,6.0
2026-10-02,P,37000.0,0.0,0.0
2026-10-02,C,38000.0,0.0,0.0
2026-10-02,P,38000.0,0.0,0.0
2026-10-02,C,39000.0,0.0,0.0
2026-10-02,P,39000.0,0.0,0.0
2026-10-05,C,15000.0,0.0,0.0
2026-10-05,P,15000.0,0.0,0.0
2026-10-05,C,16000.0,0.0,0.0
2026-10-05,P,16000.0,0.0,0.0
2026-10-05,C,17000.0,0.0,0.0
2026-10-05,P,17000.0,0.0,0.0
2026-10-05,C,18000.0,0.0,0.0
2026-10-05,P,18000.0,0.0,0.0
2026-10-05,C,19000.0,0.0,0.0
2026-10-05,P,19000.0,0.0,0.0
2026-10-05,C,20000.0,0.0,0.0
2026-10-05,P,20000.0,0.0,0.0
2026-10-05,C,21000.0,0.0,0.0
2026-10-05,P,21000.0,0.0,0.0
2026-10-05,C,22000.0,0.0,0.0
2026-10-05,P,22000.0,0.0,0.0
2026-10-05,C,22500.0,0.0,0.0
2026-10-05,P,22500.0,0.0,0.0
2026-10-05,C,23000.0,0.0,0.0
2026-10-05,P,23000.0,0.0,0.0
2026-10-05,C,23500.0,0.0,0.0
2026-10-05,P,23500.0,0.0,0.0
2026-10-05,C,24000.0,0.0,0.0
2026-10-05,P,24000.0,0.0,0.0
2026-10-05,C,24500.0,0.0,0.0
2026-10-05,P,24500.0,0.0,0.0
2026-10-05,C,25000.0,0.0,0.0
2026-10-05,P,25000.0,0.0,0.0
2026-10-05,C,25200.0,0.0,0.0
2026-10-05,P,25200.0,0.0,0.0
2026-10-05,C,25400.0,0.0,0.0
2026-10-05,P,25400.0,0.0,0.0
2026-10-05,C,25500.0,0.0,0.0
2026-10-05,P,25500.0,0.0,0.0
2026-10-05,C,25600.0,0.0,0.0
2026-10-05,P,25600.0,0.0,0.0
2026-10-05,C,25800.0,0.0,0.0
2026-10-05,P,25800.0,0.0,0.0
2026-10-05,C,26000.0,0.0,0.0
2026-10-05,P,26000.0,0.0,0.0
2026-10-05,C,26200.0,0.0,0.0
2026-10-05,P,26200.0,0.0,0.0
2026-10-05,C,26400.0,0.0001,0.0
2026-10-05,P,26400.0,0.0001,0.0
2026-10-05,C,26500.0,0.0001,0.0
2026-10-05,P,26500.0,0.0001,3.0
2026-10-05,C,26600.0,0.0001,0.0
2026-10-05,P,26600.0,0.0001,1.0
2026-10-05,C,26800.0,0.0001,0.0
2026-10-05,P,26800.0,0.0001,0.0
2026-10-05,C,27000.0,0.0001,0.0
2026-10-05,P,27000.0,0.0001,2.0
2026-10-05,C,27200.0,0.0001,0.0
2026-10-05,P,27200.0,0.0001,1.0
2026-10-05,C,27400.0,0.0001,0.0
2026-10-05,P,27400.0,0.0001,0.0
2026-10-05,C,27500.0,0.0001,0.0
2026-10-05,P,27500.0,0.0001,0.0
2026-10-05,C,27600.0,0.0001,0.0
2026-10-05,P,27600.0,0.0001,0.0
2026-10-05,C,27800.0,0.0001,0.0
2026-10-05,P,27800.0,0.0001,0.0
2026-10-05,C,28000.0,0.0001,0.0
2026-10-05,P,28000.0,0.0001,0.0
2026-10-05,C,28100.0,0.0001,0.0
2026-10-05,P,28100.0,0.0001,0.0
2026-10-05,C,28200.0,0.0002,0.0
2026-10-05,P,28200.0,0.0002,0.0
2026-10-05,C,28300.0,0.0002,0.0
2026-10-05,P,28300.0,0.0002,0.0
2026-10-05,C,28400.0,0.0002,0.0
2026-10-05,P,28400.0,0.0002,0.0
2026-10-05,C,28500.0,0.0002,0.0
2026-10-05,P,28500.0,0.0002,0.0
2026-10-05,C,28600.0,0.0002,0.0
2026-10-05,P,28600.0,0.0002,0.0
2026-10-05,C,28650.0,0.0002,0.0
2026-10-05,P,28650.0,0.0002,0.0
2026-10-05,C,28700.0,0.0002,0.0
2026-10-05,P,28700.0,0.0002,0.0
2026-10-05,C,28750.0,0.0002,0.0
2026-10-05,P,28750.0,0.0002,0.0
2026-10-05,C,28800.0,0.0002,0.0
2026-10-05,P,28800.0,0.0002,0.0
2026-10-05,C,28850.0,0.0002,0.0
2026-10-05,P,28850.0,0.0002,0.0
2026-10-05,C,28900.0,0.0002,0.0
2026-10-05,P,28900.0,0.0002,0.0
2026-10-05,C,28950.0,0.0002,0.0
2026-10-05,P,28950.0,0.0002,0.0
2026-10-05,C,29000.0,0.0002,0.0
2026-10-05,P,29000.0,0.0002,0.0
2026-10-05,C,29050.0,0.0002,0.0
2026-10-05,P,29050.0,0.0002,0.0
2026-10-05,C,29100.0,0.0002,0.0
2026-10-05,P,29100.0,0.0002,0.0
2026-10-05,C,29150.0,0.0002,0.0
2026-10-05,P,29150.0,0.0002,0.0
2026-10-05,C,29200.0,0.0002,0.0
2026-10-05,P,29200.0,0.0002,0.0
2026-10-05,C,29250.0,0.0002,0.0
2026-10-05,P,29250.0,0.0002,0.0
2026-10-05,C,29300.0,0.0002,0.0
2026-10-05,P,29300.0,0.0002,0.0
2026-10-05,C,29350.0,0.0002,0.0
2026-10-05,P,29350.0,0.0002,0.0
2026-10-05,C,29400.0,0.0003,0.0
2026-10-05,P,29400.0,0.0003,0.0
2026-10-05,C,29450.0,0.0003,0.0
2026-10-05,P,29450.0,0.0003,0.0
2026-10-05,C,29500.0,0.0003,0.0
2026-10-05,P,29500.0,0.0003,0.0
2026-10-05,C,29550.0,0.0003,0.0
2026-10-05,P,29550.0,0.0003,0.0
2026-10-05,C,29600.0,0.0003,0.0
2026-10-05,P,29600.0,0.0003,0.0
2026-10-05,C,29650.0,0.0003,0.0
2026-10-05,P,29650.0,0.0003,0.0
2026-10-05,C,29700.0,0.0003,0.0
2026-10-05,P,29700.0,0.0003,0.0
2026-10-05,C,29750.0,0.0003,0.0
2026-10-05,P,29750.0,0.0003,0.0
2026-10-05,C,29800.0,0.0003,0.0
2026-10-05,P,29800.0,0.0003,0.0
2026-10-05,C,29850.0,0.0003,0.0
2026-10-05,P,29850.0,0.0003,0.0
2026-10-05,C,29900.0,0.0003,0.0
2026-10-05,P,29900.0,0.0003,0.0
2026-10-05,C,29950.0,0.0003,0.0
2026-10-05,P,29950.0,0.0003,0.0
2026-10-05,C,30000.0,0.0003,0.0
2026-10-05,P,30000.0,0.0003,0.0
2026-10-05,C,30050.0,0.0003,0.0
2026-10-05,P,30050.0,0.0003,0.0
2026-10-05,C,30100.0,0.0003,0.0
2026-10-05,P,30100.0,0.0003,0.0
2026-10-05,C,30150.0,0.0003,0.0
2026-10-05,P,30150.0,0.0003,0.0
2026-10-05,C,30200.0,0.0003,99.0
2026-10-05,P,30200.0,0.0003,0.0
2026-10-05,C,30250.0,0.0003,0.0
2026-10-05,P,30250.0,0.0003,0.0
2026-10-05,C,30300.0,0.0002,0.0
2026-10-05,P,30300.0,0.0002,0.0
2026-10-05,C,30350.0,0.0002,0.0
2026-10-05,P,30350.0,0.0002,0.0
2026-10-05,C,30400.0,0.0002,0.0
2026-10-05,P,30400.0,0.0002,0.0
2026-10-05,C,30500.0,0.0002,0.0
2026-10-05,P,30500.0,0.0002,0.0
2026-10-05,C,30600.0,0.0002,0.0
2026-10-05,P,30600.0,0.0002,0.0
2026-10-05,C,30700.0,0.0002,0.0
2026-10-05,P,30700.0,0.0002,0.0
2026-10-05,C,30800.0,0.0002,0.0
2026-10-05,P,30800.0,0.0002,0.0
2026-10-05,C,30900.0,0.0002,0.0
2026-10-05,P,30900.0,0.0002,0.0
2026-10-05,C,31000.0,0.0002,1.0
2026-10-05,P,31000.0,0.0002,0.0
2026-10-05,C,31200.0,0.0001,0.0
2026-10-05,P,31200.0,0.0001,0.0
2026-10-05,C,31400.0,0.0001,0.0
2026-10-05,P,31400.0,0.0001,0.0
2026-10-05,C,31500.0,0.0001,1.0
2026-10-05,P,31500.0,0.0001,0.0
2026-10-05,C,31600.0,0.0001,1.0
2026-10-05,P,31600.0,0.0001,0.0
2026-10-05,C,31800.0,0.0001,0.0
2026-10-05,P,31800.0,0.0001,0.0
2026-10-05,C,32000.0,0.0001,0.0
2026-10-05,P,32000.0,0.0001,0.0
2026-10-05,C,32200.0,0.0,0.0
2026-10-05,P,32200.0,0.0,0.0
2026-10-05,C,32400.0,0.0,0.0
2026-10-05,P,32400.0,0.0,0.0
2026-10-05,C,32500.0,0.0,0.0
2026-10-05,P,32500.0,0.0,0.0
2026-10-05,C,33000.0,0.0,0.0
2026-10-05,P,33000.0,0.0,0.0
2026-10-05,C,33500.0,0.0,1.0
2026-10-05,P,33500.0,0.0,0.0
2026-10-05,C,34000.0,0.0,0.0
2026-10-05,P,34000.0,0.0,0.0
2026-10-05,C,34500.0,0.0,0.0
2026-10-05,P,34500.0,0.0,0.0
2026-10-05,C,35000.0,0.0,0.0
2026-10-05,P,35000.0,0.0,0.0
2026-10-05,C,36000.0,0.0,0.0
2026-10-05,P,36000.0,0.0,0.0
2026-10-05,C,37000.0,0.0,0.0
2026-10-05,P,37000.0,0.0,0.0
2026-10-05,C,38000.0,0.0,0.0
2026-10-05,P,38000.0,0.0,0.0
2026-10-06,C,15000.0,0.0,0.0
2026-10-06,P,15000.0,0.0,0.0
2026-10-06,C,16000.0,0.0,0.0
2026-10-06,P,16000.0,0.0,0.0
2026-10-06,C,17000.0,0.0,0.0
2026-10-06,P,17000.0,0.0,0.0
2026-10-06,C,18000.0,0.0,0.0
2026-10-06,P,18000.0,0.0,0.0
2026-10-06,C,19000.0,0.0,0.0
2026-10-06,P,19000.0,0.0,0.0
2026-10-06,C,20000.0,0.0,0.0
2026-10-06,P,20000.0,0.0,0.0
2026-10-06,C,21000.0,0.0,0.0
2026-10-06,P,21000.0,0.0,0.0
2026-10-06,C,22000.0,0.0,0.0
2026-10-06,P,22000.0,0.0,0.0
2026-10-06,C,22500.0,0.0,0.0
2026-10-06,P,22500.0,0.0,0.0
2026-10-06,C,23000.0,0.0,0.0
2026-10-06,P,23000.0,0.0,0.0
2026-10-06,C,23500.0,0.0,0.0
2026-10-06,P,23500.0,0.0,0.0
2026-10-06,C,24000.0,0.0,0.0
2026-10-06,P,24000.0,0.0,0.0
2026-10-06,C,24500.0,0.0,0.0
2026-10-06,P,24500.0,0.0,0.0
2026-10-06,C,25000.0,0.0,0.0
2026-10-06,P,25000.0,0.0,0.0
2026-10-06,C,25200.0,0.0,0.0
2026-10-06,P,25200.0,0.0,0.0
2026-10-06,C,25400.0,0.0,0.0
2026-10-06,P,25400.0,0.0,0.0
2026-10-06,C,25500.0,0.0,0.0
2026-10-06,P,25500.0,0.0,0.0
2026-10-06,C,25600.0,0.0,0.0
2026-10-06,P,25600.0,0.0,0.0
2026-10-06,C,25800.0,0.0,0.0
2026-10-06,P,25800.0,0.0,0.0
2026-10-06,C,26000.0,0.0,0.0
2026-10-06,P,26000.0,0.0,0.0
2026-10-06,C,26200.0,0.0,0.0
2026-10-06,P,26200.0,0.0,0.0
2026-10-06,C,26400.0,0.0,0.0
2026-10-06,P,26400.0,0.0,0.0
2026-10-06,C,26500.0,0.0001,0.0
2026-10-06,P,26500.0,0.0001,0.0
2026-10-06,C,26600.0,0.0,0.0
2026-10-06,P,26600.0,0.0,0.0
2026-10-06,C,26800.0,0.0,0.0
2026-10-06,P,26800.0,0.0,0.0
2026-10-06,C,27000.0,0.0001,0.0
2026-10-06,P,27000.0,0.0001,0.0
2026-10-06,C,27200.0,0.0,0.0
2026-10-06,P,27200.0,0.0,0.0
2026-10-06,C,27400.0,0.0,0.0
2026-10-06,P,27400.0,0.0,0.0
2026-10-06,C,27500.0,0.0001,0.0
2026-10-06,P,27500.0,0.0001,0.0
2026-10-06,C,27600.0,0.0,0.0
2026-10-06,P,27600.0,0.0,0.0
2026-10-06,C,27800.0,0.0,0.0
2026-10-06,P,27800.0,0.0,0.0
2026-10-06,C,28000.0,0.0001,0.0
2026-10-06,P,28000.0,0.0001,0.0
2026-10-06,C,28100.0,0.0,0.0
2026-10-06,P,28100.0,0.0,0.0
2026-10-06,C,28200.0,0.0,0.0
2026-10-06,P,28200.0,0.0,0.0
2026-10-06,C,28300.0,0.0,0.0
2026-10-06,P,28300.0,0.0,0.0
2026-10-06,C,28400.0,0.0,0.0
2026-10-06,P,28400.0,0.0,0.0
2026-10-06,C,28500.0,0.0002,0.0
2026-10-06,P,28500.0,0.0002,0.0
2026-10-06,C,28600.0,0.0002,0.0
2026-10-06,P,28600.0,0.0002,0.0
2026-10-06,C,28650.0,0.0,0.0
2026-10-06,P,28650.0,0.0,0.0
2026-10-06,C,28700.0,0.0,0.0
2026-10-06,P,28700.0,0.0,0.0
2026-10-06,C,28750.0,0.0,0.0
2026-10-06,P,28750.0,0.0,0.0
2026-10-06,C,28800.0,0.0002,0.0
2026-10-06,P,28800.0,0.0002,0.0
2026-10-06,C,28850.0,0.0,0.0
2026-10-06,P,28850.0,0.0,0.0
2026-10-06,C,28900.0,0.0,0.0
2026-10-06,P,28900.0,0.0,0.0
2026-10-06,C,28950.0,0.0,0.0
2026-10-06,P,28950.0,0.0,0.0
2026-10-06,C,29000.0,0.0002,0.0
2026-10-06,P,29000.0,0.0002,0.0
2026-10-06,C,29050.0,0.0,0.0
2026-10-06,P,29050.0,0.0,0.0
2026-10-06,C,29100.0,0.0,0.0
2026-10-06,P,29100.0,0.0,0.0
2026-10-06,C,29150.0,0.0,0.0
2026-10-06,P,29150.0,0.0,0.0
2026-10-06,C,29200.0,0.0002,0.0
2026-10-06,P,29200.0,0.0002,0.0
2026-10-06,C,29250.0,0.0,0.0
2026-10-06,P,29250.0,0.0,0.0
2026-10-06,C,29300.0,0.0,0.0
2026-10-06,P,29300.0,0.0,0.0
2026-10-06,C,29350.0,0.0,0.0
2026-10-06,P,29350.0,0.0,0.0
2026-10-06,C,29400.0,0.0002,0.0
2026-10-06,P,29400.0,0.0002,0.0
2026-10-06,C,29450.0,0.0,0.0
2026-10-06,P,29450.0,0.0,0.0
2026-10-06,C,29500.0,0.0003,0.0
2026-10-06,P,29500.0,0.0003,0.0
2026-10-06,C,29550.0,0.0,0.0
2026-10-06,P,29550.0,0.0,0.0
2026-10-06,C,29600.0,0.0003,0.0
2026-10-06,P,29600.0,0.0003,0.0
2026-10-06,C,29650.0,0.0,0.0
2026-10-06,P,29650.0,0.0,0.0
2026-10-06,C,29700.0,0.0,0.0
2026-10-06,P,29700.0,0.0,0.0
2026-10-06,C,29750.0,0.0,0.0
2026-10-06,P,29750.0,0.0,0.0
2026-10-06,C,29800.0,0.0003,0.0
2026-10-06,P,29800.0,0.0003,0.0
2026-10-06,C,29850.0,0.0,0.0
2026-10-06,P,29850.0,0.0,0.0
2026-10-06,C,29900.0,0.0,0.0
2026-10-06,P,29900.0,0.0,0.0
2026-10-06,C,29950.0,0.0,0.0
2026-10-06,P,29950.0,0.0,0.0
2026-10-06,C,30000.0,0.0003,0.0
2026-10-06,P,30000.0,0.0003,0.0
2026-10-06,C,30050.0,0.0,0.0
2026-10-06,P,30050.0,0.0,0.0
2026-10-06,C,30100.0,0.0,0.0
2026-10-06,P,30100.0,0.0,0.0
2026-10-06,C,30150.0,0.0,0.0
2026-10-06,P,30150.0,0.0,0.0
2026-10-06,C,30200.0,0.0002,0.0
2026-10-06,P,30200.0,0.0002,0.0
2026-10-06,C,30250.0,0.0,0.0
2026-10-06,P,30250.0,0.0,0.0
2026-10-06,C,30300.0,0.0,0.0
2026-10-06,P,30300.0,0.0,0.0
2026-10-06,C,30400.0,0.0002,0.0
2026-10-06,P,30400.0,0.0002,0.0
2026-10-06,C,30500.0,0.0002,0.0
2026-10-06,P,30500.0,0.0002,0.0
2026-10-06,C,30600.0,0.0002,0.0
2026-10-06,P,30600.0,0.0002,0.0
2026-10-06,C,30700.0,0.0,0.0
2026-10-06,P,30700.0,0.0,0.0
2026-10-06,C,30800.0,0.0,0.0
2026-10-06,P,30800.0,0.0,0.0
2026-10-06,C,30900.0,0.0,0.0
2026-10-06,P,30900.0,0.0,0.0
2026-10-06,C,31000.0,0.0002,0.0
2026-10-06,P,31000.0,0.0002,0.0
2026-10-06,C,31200.0,0.0,0.0
2026-10-06,P,31200.0,0.0,0.0
2026-10-06,C,31400.0,0.0,0.0
2026-10-06,P,31400.0,0.0,0.0
2026-10-06,C,31500.0,0.0001,0.0
2026-10-06,P,31500.0,0.0001,0.0
2026-10-06,C,31600.0,0.0,0.0
2026-10-06,P,31600.0,0.0,0.0
2026-10-06,C,31800.0,0.0,0.0
2026-10-06,P,31800.0,0.0,0.0
2026-10-06,C,32000.0,0.0001,0.0
2026-10-06,P,32000.0,0.0001,0.0
2026-10-06,C,32200.0,0.0,0.0
2026-10-06,P,32200.0,0.0,0.0
2026-10-06,C,32500.0,0.0,0.0
2026-10-06,P,32500.0,0.0,0.0
2026-10-06,C,33000.0,0.0,1.0
2026-10-06,P,33000.0,0.0,0.0
2026-10-06,C,33500.0,0.0,1.0
2026-10-06,P,33500.0,0.0,0.0
2026-10-06,C,34000.0,0.0,1.0
2026-10-06,P,34000.0,0.0,0.0
2026-10-06,C,34500.0,0.0,0.0
2026-10-06,P,34500.0,0.0,0.0
2026-10-06,C,35000.0,0.0,0.0
2026-10-06,P,35000.0,0.0,0.0
2026-10-06,C,36000.0,0.0,0.0
2026-10-06,P,36000.0,0.0,0.0
2026-10-06,C,37000.0,0.0,0.0
2026-10-06,P,37000.0,0.0,0.0
2026-10-06,C,38000.0,0.0,0.0
2026-10-06,P,38000.0,0.0,0.0
2026-10-07,C,24500.0,0.0,0.0
2026-10-07,P,24500.0,0.0,0.0
2026-10-07,C,25000.0,0.0,0.0
2026-10-07,P,25000.0,0.0,0.0
2026-10-07,C,25500.0,0.0,0.0
2026-10-07,P,25500.0,0.0,0.0
2026-10-07,C,26000.0,0.0,0.0
2026-10-07,P,26000.0,0.0,0.0
2026-10-07,C,26500.0,0.0001,0.0
2026-10-07,P,26500.0,0.0001,0.0
2026-10-07,C,27000.0,0.0001,0.0
2026-10-07,P,27000.0,0.0001,0.0
2026-10-07,C,27500.0,0.0001,0.0
2026-10-07,P,27500.0,0.0001,0.0
2026-10-07,C,28000.0,0.0001,0.0
2026-10-07,P,28000.0,0.0001,0.0
2026-10-07,C,28500.0,0.0002,0.0
2026-10-07,P,28500.0,0.0002,0.0
2026-10-07,C,28600.0,0.0002,0.0
2026-10-07,P,28600.0,0.0002,0.0
2026-10-07,C,28800.0,0.0002,0.0
2026-10-07,P,28800.0,0.0002,0.0
2026-10-07,C,29000.0,0.0002,0.0
2026-10-07,P,29000.0,0.0002,0.0
2026-10-07,C,29200.0,0.0002,0.0
2026-10-07,P,29200.0,0.0002,0.0
2026-10-07,C,29400.0,0.0002,0.0
2026-10-07,P,29400.0,0.0002,0.0
2026-10-07,C,29500.0,0.0002,0.0
2026-10-07,P,29500.0,0.0002,0.0
2026-10-07,C,29600.0,0.0002,0.0
2026-10-07,P,29600.0,0.0002,0.0
2026-10-07,C,29800.0,0.0003,0.0
2026-10-07,P,29800.0,0.0003,0.0
2026-10-07,C,30000.0,0.0003,0.0
2026-10-07,P,30000.0,0.0003,0.0
2026-10-07,C,30200.0,0.0002,0.0
2026-10-07,P,30200.0,0.0002,0.0
2026-10-07,C,30400.0,0.0002,0.0
2026-10-07,P,30400.0,0.0002,0.0
2026-10-07,C,30500.0,0.0002,0.0
2026-10-07,P,30500.0,0.0002,0.0
2026-10-07,C,30600.0,0.0002,0.0
2026-10-07,P,30600.0,0.0002,0.0
2026-10-07,C,31000.0,0.0002,0.0
2026-10-07,P,31000.0,0.0002,0.0
2026-10-07,C,31500.0,0.0001,0.0
2026-10-07,P,31500.0,0.0001,0.0
2026-10-07,C,32000.0,0.0001,0.0
2026-10-07,P,32000.0,0.0001,0.0
2026-10-07,C,32500.0,0.0,0.0
2026-10-07,P,32500.0,0.0,0.0
2026-10-07,C,33000.0,0.0,0.0
2026-10-07,P,33000.0,0.0,0.0
2026-10-07,C,33500.0,0.0,0.0
2026-10-07,P,33500.0,0.0,0.0
2026-10-07,C,34000.0,0.0,0.0
2026-10-07,P,34000.0,0.0,0.0
2026-10-07,C,34500.0,0.0,0.0
2026-10-07,P,34500.0,0.0,0.0
2026-10-09,C,15000.0,0.0,0.0
2026-10-09,P,15000.0,0.0,10.0
2026-10-09,C,16000.0,0.0,0.0
2026-10-09,P,16000.0,0.0,11.0
2026-10-09,C,17000.0,0.0,0.0
2026-10-09,P,17000.0,0.0,18.0
2026-10-09,C,18000.0,0.0,0.0
2026-10-09,P,18000.0,0.0,14.0
2026-10-09,C,19000.0,0.0,0.0
2026-10-09,P,19000.0,0.0,0.0
2026-10-09,C,20000.0,0.0,0.0
2026-10-09,P,20000.0,0.0,1.0
2026-10-09,C,20500.0,0.0,0.0
2026-10-09,P,20500.0,0.0,1.0
2026-10-09,C,21000.0,0.0,0.0
2026-10-09,P,21000.0,0.0,0.0
2026-10-09,C,21500.0,0.0,0.0
2026-10-09,P,21500.0,0.0,1.0
2026-10-09,C,22000.0,0.0,0.0
2026-10-09,P,22000.0,0.0,0.0
2026-10-09,C,22500.0,0.0,0.0
2026-10-09,P,22500.0,0.0,0.0
2026-10-09,C,23000.0,0.0,0.0
2026-10-09,P,23000.0,0.0,6.0
2026-10-09,C,23400.0,0.0,0.0
2026-10-09,P,23400.0,0.0,5.0
2026-10-09,C,23500.0,0.0,0.0
2026-10-09,P,23500.0,0.0,1.0
2026-10-09,C,23600.0,0.0,0.0
2026-10-09,P,23600.0,0.0,0.0
2026-10-09,C,23800.0,0.0,0.0
2026-10-09,P,23800.0,0.0,0.0
2026-10-09,C,24000.0,0.0,0.0
2026-10-09,P,24000.0,0.0,0.0
2026-10-09,C,24200.0,0.0,0.0
2026-10-09,P,24200.0,0.0,0.0
2026-10-09,C,24400.0,0.0,0.0
2026-10-09,P,24400.0,0.0,1.0
2026-10-09,C,24500.0,0.0,0.0
2026-10-09,P,24500.0,0.0,0.0
2026-10-09,C,24600.0,0.0,0.0
2026-10-09,P,24600.0,0.0,1.0
2026-10-09,C,24800.0,0.0,0.0
2026-10-09,P,24800.0,0.0,4.0
2026-10-09,C,25000.0,0.0,0.0
2026-10-09,P,25000.0,0.0,8.0
2026-10-09,C,25200.0,0.0,0.0
2026-10-09,P,25200.0,0.0,2.0
2026-10-09,C,25400.0,0.0,0.0
2026-10-09,P,25400.0,0.0,2.0
2026-10-09,C,25500.0,0.0,0.0
2026-10-09,P,25500.0,0.0,1.0
2026-10-09,C,25600.0,0.0,0.0
2026-10-09,P,25600.0,0.0,2.0
2026-10-09,C,25800.0,0.0,0.0
2026-10-09,P,25800.0,0.0,9.0
2026-10-09,C,26000.0,0.0,0.0
2026-10-09,P,26000.0,0.0,6.0
2026-10-09,C,26200.0,0.0001,0.0
2026-10-09,P,26200.0,0.0001,4.0
2026-10-09,C,26400.0,0.0001,0.0
2026-10-09,P,26400.0,0.0001,13.0
2026-10-09,C,26500.0,0.0001,0.0
2026-10-09,P,26500.0,0.0001,8.0
2026-10-09,C,26600.0,0.0001,0.0
2026-10-09,P,26600.0,0.0001,19.0
2026-10-09,C,26800.0,0.0001,0.0
2026-10-09,P,26800.0,0.0001,22.0
2026-10-09,C,27000.0,0.0001,0.0
2026-10-09,P,27000.0,0.0001,6.0
2026-10-09,C,27200.0,0.0001,0.0
2026-10-09,P,27200.0,0.0001,9.0
2026-10-09,C,27400.0,0.0001,0.0
2026-10-09,P,27400.0,0.0001,5.0
2026-10-09,C,27500.0,0.0001,0.0
2026-10-09,P,27500.0,0.0001,5.0
2026-10-09,C,27600.0,0.0001,0.0
2026-10-09,P,27600.0,0.0001,6.0
2026-10-09,C,27800.0,0.0001,0.0
2026-10-09,P,27800.0,0.0001,1.0
2026-10-09,C,28000.0,0.0001,0.0
2026-10-09,P,28000.0,0.0001,2.0
2026-10-09,C,28100.0,0.0001,0.0
2026-10-09,P,28100.0,0.0001,0.0
2026-10-09,C,28200.0,0.0001,0.0
2026-10-09,P,28200.0,0.0001,0.0
2026-10-09,C,28300.0,0.0002,0.0
2026-10-09,P,28300.0,0.0002,0.0
2026-10-09,C,28400.0,0.0002,0.0
2026-10-09,P,28400.0,0.0002,0.0
2026-10-09,C,28500.0,0.0002,0.0
2026-10-09,P,28500.0,0.0002,1.0
2026-10-09,C,28600.0,0.0002,0.0
2026-10-09,P,28600.0,0.0002,7.0
2026-10-09,C,28650.0,0.0002,0.0
2026-10-09,P,28650.0,0.0002,0.0
2026-10-09,C,28700.0,0.0002,0.0
2026-10-09,P,28700.0,0.0002,0.0
2026-10-09,C,28750.0,0.0002,0.0
2026-10-09,P,28750.0,0.0002,0.0
2026-10-09,C,28800.0,0.0002,0.0
2026-10-09,P,28800.0,0.0002,1.0
2026-10-09,C,28850.0,0.0002,0.0
2026-10-09,P,28850.0,0.0002,0.0
2026-10-09,C,28900.0,0.0002,0.0
2026-10-09,P,28900.0,0.0002,0.0
2026-10-09,C,28950.0,0.0002,0.0
2026-10-09,P,28950.0,0.0002,0.0
2026-10-09,C,29000.0,0.0002,0.0
2026-10-09,P,29000.0,0.0002,1.0
2026-10-09,C,29050.0,0.0002,0.0
2026-10-09,P,29050.0,0.0002,0.0
2026-10-09,C,29100.0,0.0002,0.0
2026-10-09,P,29100.0,0.0002,0.0
2026-10-09,C,29150.0,0.0002,0.0
2026-10-09,P,29150.0,0.0002,0.0
2026-10-09,C,29200.0,0.0002,1.0
2026-10-09,P,29200.0,0.0002,1.0
2026-10-09,C,29250.0,0.0002,0.0
2026-10-09,P,29250.0,0.0002,0.0
2026-10-09,C,29300.0,0.0002,0.0
2026-10-09,P,29300.0,0.0002,0.0
2026-10-09,C,29350.0,0.0002,0.0
2026-10-09,P,29350.0,0.0002,22.0
2026-10-09,C,29400.0,0.0002,3.0
2026-10-09,P,29400.0,0.0002,23.0
2026-10-09,C,29450.0,0.0002,0.0
2026-10-09,P,29450.0,0.0002,0.0
2026-10-09,C,29500.0,0.0002,0.0
2026-10-09,P,29500.0,0.0002,2.0
2026-10-09,C,29550.0,0.0002,0.0
2026-10-09,P,29550.0,0.0002,0.0
2026-10-09,C,29600.0,0.0002,3.0
2026-10-09,P,29600.0,0.0002,1.0
2026-10-09,C,29650.0,0.0002,0.0
2026-10-09,P,29650.0,0.0002,0.0
2026-10-09,C,29700.0,0.0002,0.0
2026-10-09,P,29700.0,0.0002,0.0
2026-10-09,C,29750.0,0.0002,0.0
2026-10-09,P,29750.0,0.0002,0.0
2026-10-09,C,29800.0,0.0002,0.0
2026-10-09,P,29800.0,0.0002,0.0
2026-10-09,C,29850.0,0.0002,0.0
2026-10-09,P,29850.0,0.0002,0.0
2026-10-09,C,29900.0,0.0002,0.0
2026-10-09,P,29900.0,0.0002,0.0
2026-10-09,C,29950.0,0.0002,0.0
2026-10-09,P,29950.0,0.0002,0.0
2026-10-09,C,30000.0,0.0002,1.0
2026-10-09,P,30000.0,0.0002,4.0
2026-10-09,C,30050.0,0.0002,0.0
2026-10-09,P,30050.0,0.0002,1.0
2026-10-09,C,30100.0,0.0002,0.0
2026-10-09,P,30100.0,0.0002,0.0
2026-10-09,C,30150.0,0.0002,0.0
2026-10-09,P,30150.0,0.0002,1.0
2026-10-09,C,30200.0,0.0002,0.0
2026-10-09,P,30200.0,0.0002,0.0
2026-10-09,C,30250.0,0.0002,0.0
2026-10-09,P,30250.0,0.0002,0.0
2026-10-09,C,30300.0,0.0002,0.0
2026-10-09,P,30300.0,0.0002,0.0
2026-10-09,C,30350.0,0.0002,0.0
2026-10-09,P,30350.0,0.0002,0.0
2026-10-09,C,30400.0,0.0002,1.0
2026-10-09,P,30400.0,0.0002,0.0
2026-10-09,C,30450.0,0.0002,0.0
2026-10-09,P,30450.0,0.0002,0.0
2026-10-09,C,30500.0,0.0002,5.0
2026-10-09,P,30500.0,0.0002,0.0
2026-10-09,C,30600.0,0.0002,6.0
2026-10-09,P,30600.0,0.0002,0.0
2026-10-09,C,30700.0,0.0002,0.0
2026-10-09,P,30700.0,0.0002,0.0
2026-10-09,C,30800.0,0.0002,1.0
2026-10-09,P,30800.0,0.0002,0.0
2026-10-09,C,30900.0,0.0002,0.0
2026-10-09,P,30900.0,0.0002,0.0
2026-10-09,C,31000.0,0.0002,6.0
2026-10-09,P,31000.0,0.0002,0.0
2026-10-09,C,31200.0,0.0002,3.0
2026-10-09,P,31200.0,0.0002,0.0
2026-10-09,C,31400.0,0.0001,6.0
2026-10-09,P,31400.0,0.0001,0.0
2026-10-09,C,31500.0,0.0001,2.0
2026-10-09,P,31500.0,0.0001,0.0
2026-10-09,C,31600.0,0.0001,2.0
2026-10-09,P,31600.0,0.0001,0.0
2026-10-09,C,31800.0,0.0001,2.0
2026-10-09,P,31800.0,0.0001,0.0
2026-10-09,C,32000.0,0.0001,5.0
2026-10-09,P,32000.0,0.0001,0.0
2026-10-09,C,32200.0,0.0001,0.0
2026-10-09,P,32200.0,0.0001,0.0
2026-10-09,C,32400.0,0.0,0.0
2026-10-09,P,32400.0,0.0,0.0
2026-10-09,C,32500.0,0.0,5.0
2026-10-09,P,32500.0,0.0,0.0
2026-10-09,C,32600.0,0.0,1.0
2026-10-09,P,32600.0,0.0,0.0
2026-10-09,C,32800.0,0.0,0.0
2026-10-09,P,32800.0,0.0,0.0
2026-10-09,C,33000.0,0.0,0.0
2026-10-09,P,33000.0,0.0,0.0
2026-10-09,C,33200.0,0.0,0.0
2026-10-09,P,33200.0,0.0,0.0
2026-10-09,C,33400.0,0.0,2.0
2026-10-09,P,33400.0,0.0,0.0
2026-10-09,C,33500.0,0.0,0.0
2026-10-09,P,33500.0,0.0,0.0
2026-10-09,C,33600.0,0.0,1.0
2026-10-09,P,33600.0,0.0,0.0
2026-10-09,C,33800.0,0.0,0.0
2026-10-09,P,33800.0,0.0,0.0
2026-10-09,C,34000.0,0.0,13.0
2026-10-09,P,34000.0,0.0,0.0
2026-10-09,C,34500.0,0.0,1.0
2026-10-09,P,34500.0,0.0,0.0
2026-10-09,C,35000.0,0.0,1.0
2026-10-09,P,35000.0,0.0,0.0
2026-10-09,C,35500.0,0.0,3.0
2026-10-09,P,35500.0,0.0,0.0
2026-10-09,C,36000.0,0.0,5.0
2026-10-09,P,36000.0,0.0,0.0
2026-10-09,C,37000.0,0.0,1.0
2026-10-09,P,37000.0,0.0,0.0
2026-10-09,C,38000.0,0.0,0.0
2026-10-09,P,38000.0,0.0,0.0
2026-10-09,C,39000.0,0.0,3.0
2026-10-09,P,39000.0,0.0,0.0
2026-10-16,C,15000.0,0.0,0.0
2026-10-16,P,15000.0,0.0,12.0
2026-10-16,C,16000.0,0.0,0.0
2026-10-16,P,16000.0,0.0,0.0
2026-10-16,C,17000.0,0.0,0.0
2026-10-16,P,17000.0,0.0,17.0
2026-10-16,C,18000.0,0.0,0.0
2026-10-16,P,18000.0,0.0,6.0
2026-10-16,C,19000.0,0.0,0.0
2026-10-16,P,19000.0,0.0,0.0
2026-10-16,C,20000.0,0.0,0.0
2026-10-16,P,20000.0,0.0,0.0
2026-10-16,C,20500.0,0.0,0.0
2026-10-16,P,20500.0,0.0,0.0
2026-10-16,C,21000.0,0.0,0.0
2026-10-16,P,21000.0,0.0,0.0
2026-10-16,C,21500.0,0.0,0.0
2026-10-16,P,21500.0,0.0,0.0
2026-10-16,C,22000.0,0.0,0.0
2026-10-16,P,22000.0,0.0,1.0
2026-10-16,C,22500.0,0.0,0.0
2026-10-16,P,22500.0,0.0,0.0
2026-10-16,C,23000.0,0.0,0.0
2026-10-16,P,23000.0,0.0,0.0
2026-10-16,C,23400.0,0.0,0.0
2026-10-16,P,23400.0,0.0,0.0
2026-10-16,C,23500.0,0.0,0.0
2026-10-16,P,23500.0,0.0,0.0
2026-10-16,C,23600.0,0.0,0.0
2026-10-16,P,23600.0,0.0,0.0
2026-10-16,C,23800.0,0.0,0.0
2026-10-16,P,23800.0,0.0,0.0
2026-10-16,C,24000.0,0.0,0.0
2026-10-16,P,24000.0,0.0,1.0
2026-10-16,C,24200.0,0.0,0.0
2026-10-16,P,24200.0,0.0,38.0
2026-10-16,C,24400.0,0.0,0.0
2026-10-16,P,24400.0,0.0,38.0
2026-10-16,C,24500.0,0.0,0.0
2026-10-16,P,24500.0,0.0,0.0
2026-10-16,C,24600.0,0.0,0.0
2026-10-16,P,24600.0,0.0,0.0
2026-10-16,C,24800.0,0.0,0.0
2026-10-16,P,24800.0,0.0,0.0
2026-10-16,C,25000.0,0.0,0.0
2026-10-16,P,25000.0,0.0,0.0
2026-10-16,C,25200.0,0.0,0.0
2026-10-16,P,25200.0,0.0,0.0
2026-10-16,C,25400.0,0.0,0.0
2026-10-16,P,25400.0,0.0,0.0
2026-10-16,C,25500.0,0.0,0.0
2026-10-16,P,25500.0,0.0,0.0
2026-10-16,C,25600.0,0.0,0.0
2026-10-16,P,25600.0,0.0,0.0
2026-10-16,C,25800.0,0.0,0.0
2026-10-16,P,25800.0,0.0,1.0
2026-10-16,C,26000.0,0.0,0.0
2026-10-16,P,26000.0,0.0,2.0
2026-10-16,C,26200.0,0.0001,0.0
2026-10-16,P,26200.0,0.0001,3.0
2026-10-16,C,26400.0,0.0001,0.0
2026-10-16,P,26400.0,0.0001,7.0
2026-10-16,C,26500.0,0.0001,0.0
2026-10-16,P,26500.0,0.0001,2.0
2026-10-16,C,26600.0,0.0001,0.0
2026-10-16,P,26600.0,0.0001,3.0
2026-10-16,C,26800.0,0.0001,0.0
2026-10-16,P,26800.0,0.0001,5.0
2026-10-16,C,27000.0,0.0001,0.0
2026-10-16,P,27000.0,0.0001,14.0
2026-10-16,C,27200.0,0.0001,0.0
2026-10-16,P,27200.0,0.0001,5.0
2026-10-16,C,27400.0,0.0001,0.0
2026-10-16,P,27400.0,0.0001,3.0
2026-10-16,C,27500.0,0.0001,1.0
2026-10-16,P,27500.0,0.0001,6.0
2026-10-16,C,27600.0,0.0001,1.0
2026-10-16,P,27600.0,0.0001,9.0
2026-10-16,C,27800.0,0.0001,0.0
2026-10-16,P,27800.0,0.0001,6.0
2026-10-16,C,28000.0,0.0001,0.0
2026-10-16,P,28000.0,0.0001,1.0
2026-10-16,C,28200.0,0.0001,0.0
2026-10-16,P,28200.0,0.0001,4.0
2026-10-16,C,28400.0,0.0002,0.0
2026-10-16,P,28400.0,0.0002,4.0
2026-10-16,C,28500.0,0.0002,0.0
2026-10-16,P,28500.0,0.0002,0.0
2026-10-16,C,28600.0,0.0002,0.0
2026-10-16,P,28600.0,0.0002,4.0
2026-10-16,C,28800.0,0.0002,0.0
2026-10-16,P,28800.0,0.0002,6.0
2026-10-16,C,29000.0,0.0002,0.0
2026-10-16,P,29000.0,0.0002,5.0
2026-10-16,C,29200.0,0.0002,0.0
2026-10-16,P,29200.0,0.0002,1.0
2026-10-16,C,29400.0,0.0002,0.0
2026-10-16,P,29400.0,0.0002,0.0
2026-10-16,C,29500.0,0.0002,0.0
2026-10-16,P,29500.0,0.0002,4.0
2026-10-16,C,29600.0,0.0002,0.0
2026-10-16,P,29600.0,0.0002,0.0
2026-10-16,C,29800.0,0.0002,1.0
2026-10-16,P,29800.0,0.0002,1.0
2026-10-16,C,30000.0,0.0002,2.0
2026-10-16,P,30000.0,0.0002,0.0
2026-10-16,C,30200.0,0.0002,4.0
2026-10-16,P,30200.0,0.0002,2.0
2026-10-16,C,30400.0,0.0002,0.0
2026-10-16,P,30400.0,0.0002,0.0
2026-10-16,C,30500.0,0.0002,0.0
2026-10-16,P,30500.0,0.0002,0.0
2026-10-16,C,30600.0,0.0002,0.0
2026-10-16,P,30600.0,0.0002,0.0
2026-10-16,C,30800.0,0.0002,3.0
2026-10-16,P,30800.0,0.0002,0.0
2026-10-16,C,31000.0,0.0002,10.0
2026-10-16,P,31000.0,0.0002,0.0
2026-10-16,C,31200.0,0.0002,6.0
2026-10-16,P,31200.0,0.0002,0.0
2026-10-16,C,31400.0,0.0001,6.0
2026-10-16,P,31400.0,0.0001,0.0
2026-10-16,C,31500.0,0.0001,1.0
2026-10-16,P,31500.0,0.0001,0.0
2026-10-16,C,31600.0,0.0001,2.0
2026-10-16,P,31600.0,0.0001,0.0
2026-10-16,C,31800.0,0.0001,2.0
2026-10-16,P,31800.0,0.0001,0.0
2026-10-16,C,32000.0,0.0001,3.0
2026-10-16,P,32000.0,0.0001,0.0
2026-10-16,C,32200.0,0.0001,1.0
2026-10-16,P,32200.0,0.0001,0.0
2026-10-16,C,32400.0,0.0001,8.0
2026-10-16,P,32400.0,0.0001,0.0
2026-10-16,C,32500.0,0.0001,1.0
2026-10-16,P,32500.0,0.0001,0.0
2026-10-16,C,32600.0,0.0001,1.0
2026-10-16,P,32600.0,0.0001,0.0
2026-10-16,C,32800.0,0.0,1.0
2026-10-16,P,32800.0,0.0,0.0
2026-10-16,C,33000.0,0.0,3.0
2026-10-16,P,33000.0,0.0,0.0
2026-10-16,C,33500.0,0.0,1.0
2026-10-16,P,33500.0,0.0,0.0
2026-10-16,C,34000.0,0.0,0.0
2026-10-16,P,34000.0,0.0,0.0
2026-10-16,C,34500.0,0.0,3.0
2026-10-16,P,34500.0,0.0,0.0
2026-10-16,C,35000.0,0.0,0.0
2026-10-16,P,35000.0,0.0,0.0
2026-10-16,C,35500.0,0.0,0.0
2026-10-16,P,35500.0,0.0,0.0
2026-10-16,C,36000.0,0.0,0.0
2026-10-16,P,36000.0,0.0,0.0
2026-10-16,C,37000.0,0.0,1.0
2026-10-16,P,37000.0,0.0,0.0
2026-10-16,C,38000.0,0.0,2.0
2026-10-16,P,38000.0,0.0,0.0
2026-10-23,C,15000.0,0.0,0.0
2026-10-23,P,15000.0,0.0,1.0
2026-10-23,C,16000.0,0.0,0.0
2026-10-23,P,16000.0,0.0,2.0
2026-10-23,C,17000.0,0.0,0.0
2026-10-23,P,17000.0,0.0,1.0
2026-10-23,C,18000.0,0.0,0.0
2026-10-23,P,18000.0,0.0,2.0
2026-10-23,C,19000.0,0.0,0.0
2026-10-23,P,19000.0,0.0,0.0
2026-10-23,C,20000.0,0.0,0.0
2026-10-23,P,20000.0,0.0,0.0
2026-10-23,C,21000.0,0.0,0.0
2026-10-23,P,21000.0,0.0,0.0
2026-10-23,C,21500.0,0.0,0.0
2026-10-23,P,21500.0,0.0,0.0
2026-10-23,C,22000.0,0.0,0.0
2026-10-23,P,22000.0,0.0,0.0
2026-10-23,C,22500.0,0.0,0.0
2026-10-23,P,22500.0,0.0,0.0
2026-10-23,C,23000.0,0.0,0.0
2026-10-23,P,23000.0,0.0,0.0
2026-10-23,C,23500.0,0.0,0.0
2026-10-23,P,23500.0,0.0,0.0
2026-10-23,C,23600.0,0.0,0.0
2026-10-23,P,23600.0,0.0,0.0
2026-10-23,C,23800.0,0.0,0.0
2026-10-23,P,23800.0,0.0,0.0
2026-10-23,C,24000.0,0.0,0.0
2026-10-23,P,24000.0,0.0,0.0
2026-10-23,C,24200.0,0.0,0.0
2026-10-23,P,24200.0,0.0,0.0
2026-10-23,C,24400.0,0.0,0.0
2026-10-23,P,24400.0,0.0,1.0
2026-10-23,C,24500.0,0.0,0.0
2026-10-23,P,24500.0,0.0,0.0
2026-10-23,C,24600.0,0.0,0.0
2026-10-23,P,24600.0,0.0,0.0
2026-10-23,C,24800.0,0.0,0.0
2026-10-23,P,24800.0,0.0,0.0
2026-10-23,C,25000.0,0.0,0.0
2026-10-23,P,25000.0,0.0,0.0
2026-10-23,C,25200.0,0.0,0.0
2026-10-23,P,25200.0,0.0,0.0
2026-10-23,C,25400.0,0.0,0.0
2026-10-23,P,25400.0,0.0,0.0
2026-10-23,C,25500.0,0.0,0.0
2026-10-23,P,25500.0,0.0,0.0
2026-10-23,C,25600.0,0.0,0.0
2026-10-23,P,25600.0,0.0,0.0
2026-10-23,C,25800.0,0.0,0.0
2026-10-23,P,25800.0,0.0,0.0
2026-10-23,C,26000.0,0.0,0.0
2026-10-23,P,26000.0,0.0,2.0
2026-10-23,C,26200.0,0.0001,0.0
2026-10-23,P,26200.0,0.0001,0.0
2026-10-23,C,26400.0,0.0001,0.0
2026-10-23,P,26400.0,0.0001,1.0
2026-10-23,C,26500.0,0.0001,0.0
2026-10-23,P,26500.0,0.0001,1.0
2026-10-23,C,26600.0,0.0001,0.0
2026-10-23,P,26600.0,0.0001,1.0
2026-10-23,C,26800.0,0.0001,0.0
2026-10-23,P,26800.0,0.0001,4.0
2026-10-23,C,27000.0,0.0001,0.0
2026-10-23,P,27000.0,0.0001,3.0
2026-10-23,C,27200.0,0.0001,0.0
2026-10-23,P,27200.0,0.0001,1.0
2026-10-23,C,27400.0,0.0001,0.0
2026-10-23,P,27400.0,0.0001,0.0
2026-10-23,C,27500.0,0.0001,0.0
2026-10-23,P,27500.0,0.0001,0.0
2026-10-23,C,27600.0,0.0001,0.0
2026-10-23,P,27600.0,0.0001,0.0
2026-10-23,C,27800.0,0.0001,0.0
2026-10-23,P,27800.0,0.0001,1.0
2026-10-23,C,28000.0,0.0001,0.0
2026-10-23,P,28000.0,0.0001,0.0
2026-10-23,C,28200.0,0.0001,0.0
2026-10-23,P,28200.0,0.0001,0.0
2026-10-23,C,28400.0,0.0001,0.0
2026-10-23,P,28400.0,0.0001,0.0
2026-10-23,C,28500.0,0.0001,0.0
2026-10-23,P,28500.0,0.0001,2.0
2026-10-23,C,28600.0,0.0002,0.0
2026-10-23,P,28600.0,0.0002,0.0
2026-10-23,C,28800.0,0.0002,0.0
2026-10-23,P,28800.0,0.0002,0.0
2026-10-23,C,29000.0,0.0002,0.0
2026-10-23,P,29000.0,0.0002,0.0
2026-10-23,C,29200.0,0.0002,0.0
2026-10-23,P,29200.0,0.0002,0.0
2026-10-23,C,29400.0,0.0002,0.0
2026-10-23,P,29400.0,0.0002,0.0
2026-10-23,C,29500.0,0.0002,0.0
2026-10-23,P,29500.0,0.0002,0.0
2026-10-23,C,29600.0,0.0002,0.0
2026-10-23,P,29600.0,0.0002,0.0
2026-10-23,C,29800.0,0.0002,0.0
2026-10-23,P,29800.0,0.0002,0.0
2026-10-23,C,30000.0,0.0002,0.0
2026-10-23,P,30000.0,0.0002,0.0
2026-10-23,C,30200.0,0.0002,0.0
2026-10-23,P,30200.0,0.0002,0.0
2026-10-23,C,30400.0,0.0002,0.0
2026-10-23,P,30400.0,0.0002,0.0
2026-10-23,C,30500.0,0.0002,0.0
2026-10-23,P,30500.0,0.0002,0.0
2026-10-23,C,30600.0,0.0002,0.0
2026-10-23,P,30600.0,0.0002,0.0
2026-10-23,C,30800.0,0.0002,0.0
2026-10-23,P,30800.0,0.0002,0.0
2026-10-23,C,31000.0,0.0002,0.0
2026-10-23,P,31000.0,0.0002,0.0
2026-10-23,C,31200.0,0.0002,0.0
2026-10-23,P,31200.0,0.0002,0.0
2026-10-23,C,31400.0,0.0001,0.0
2026-10-23,P,31400.0,0.0001,0.0
2026-10-23,C,31500.0,0.0001,3.0
2026-10-23,P,31500.0,0.0001,0.0
2026-10-23,C,31600.0,0.0001,1.0
2026-10-23,P,31600.0,0.0001,0.0
2026-10-23,C,31800.0,0.0001,0.0
2026-10-23,P,31800.0,0.0001,0.0
2026-10-23,C,32000.0,0.0001,10.0
2026-10-23,P,32000.0,0.0001,0.0
2026-10-23,C,32200.0,0.0001,0.0
2026-10-23,P,32200.0,0.0001,0.0
2026-10-23,C,32400.0,0.0001,0.0
2026-10-23,P,32400.0,0.0001,0.0
2026-10-23,C,32500.0,0.0001,0.0
2026-10-23,P,32500.0,0.0001,0.0
2026-10-23,C,32600.0,0.0001,0.0
2026-10-23,P,32600.0,0.0001,0.0
2026-10-23,C,32800.0,0.0001,0.0
2026-10-23,P,32800.0,0.0001,0.0
2026-10-23,C,33000.0,0.0,0.0
2026-10-23,P,33000.0,0.0,0.0
2026-10-23,C,33200.0,0.0,0.0
2026-10-23,P,33200.0,0.0,0.0
2026-10-23,C,33500.0,0.0,1.0
2026-10-23,P,33500.0,0.0,0.0
2026-10-23,C,34000.0,0.0,0.0
2026-10-23,P,34000.0,0.0,0.0
2026-10-23,C,34500.0,0.0,0.0
2026-10-23,P,34500.0,0.0,0.0
2026-10-23,C,35000.0,0.0,0.0
2026-10-23,P,35000.0,0.0,0.0
2026-10-23,C,35500.0,0.0,0.0
2026-10-23,P,35500.0,0.0,0.0
2026-10-23,C,36000.0,0.0,0.0
2026-10-23,P,36000.0,0.0,0.0
2026-10-23,C,37000.0,0.0,0.0
2026-10-23,P,37000.0,0.0,0.0
2026-10-23,C,38000.0,0.0,0.0
2026-10-23,P,38000.0,0.0,0.0
2026-10-30,C,12000.0,0.0,0.0
2026-10-30,P,12000.0,0.0,2.0
2026-10-30,C,13000.0,0.0,0.0
2026-10-30,P,13000.0,0.0,4.0
2026-10-30,C,14000.0,0.0,0.0
2026-10-30,P,14000.0,0.0,10.0
2026-10-30,C,15000.0,0.0,0.0
2026-10-30,P,15000.0,0.0,3.0
2026-10-30,C,16000.0,0.0,0.0
2026-10-30,P,16000.0,0.0,1.0
2026-10-30,C,17000.0,0.0,0.0
2026-10-30,P,17000.0,0.0,1.0
2026-10-30,C,18000.0,0.0,0.0
2026-10-30,P,18000.0,0.0,8.0
2026-10-30,C,19000.0,0.0,0.0
2026-10-30,P,19000.0,0.0,0.0
2026-10-30,C,19500.0,0.0,0.0
2026-10-30,P,19500.0,0.0,0.0
2026-10-30,C,20000.0,0.0,0.0
2026-10-30,P,20000.0,0.0,4.0
2026-10-30,C,20500.0,0.0,0.0
2026-10-30,P,20500.0,0.0,0.0
2026-10-30,C,21000.0,0.0,0.0
2026-10-30,P,21000.0,0.0,1.0
2026-10-30,C,21500.0,0.0,0.0
2026-10-30,P,21500.0,0.0,0.0
2026-10-30,C,22000.0,0.0,0.0
2026-10-30,P,22000.0,0.0,0.0
2026-10-30,C,22200.0,0.0,0.0
2026-10-30,P,22200.0,0.0,0.0
2026-10-30,C,22400.0,0.0,0.0
2026-10-30,P,22400.0,0.0,0.0
2026-10-30,C,22500.0,0.0,0.0
2026-10-30,P,22500.0,0.0,2.0
2026-10-30,C,22600.0,0.0,0.0
2026-10-30,P,22600.0,0.0,0.0
2026-10-30,C,22800.0,0.0,0.0
2026-10-30,P,22800.0,0.0,0.0
2026-10-30,C,23000.0,0.0,0.0
2026-10-30,P,23000.0,0.0,1.0
2026-10-30,C,23200.0,0.0,0.0
2026-10-30,P,23200.0,0.0,2.0
2026-10-30,C,23400.0,0.0,0.0
2026-10-30,P,23400.0,0.0,1.0
2026-10-30,C,23500.0,0.0,0.0
2026-10-30,P,23500.0,0.0,5.0
2026-10-30,C,23600.0,0.0,0.0
2026-10-30,P,23600.0,0.0,0.0
2026-10-30,C,23800.0,0.0,0.0
2026-10-30,P,23800.0,0.0,2.0
2026-10-30,C,24000.0,0.0,0.0
2026-10-30,P,24000.0,0.0,5.0
2026-10-30,C,24200.0,0.0,0.0
2026-10-30,P,24200.0,0.0,0.0
2026-10-30,C,24400.0,0.0,0.0
2026-10-30,P,24400.0,0.0,1.0
2026-10-30,C,24500.0,0.0,0.0
2026-10-30,P,24500.0,0.0,5.0
2026-10-30,C,24600.0,0.0,0.0
2026-10-30,P,24600.0,0.0,0.0
2026-10-30,C,24800.0,0.0,0.0
2026-10-30,P,24800.0,0.0,11.0
2026-10-30,C,25000.0,0.0,0.0
2026-10-30,P,25000.0,0.0,21.0
2026-10-30,C,25200.0,0.0,0.0
2026-10-30,P,25200.0,0.0,8.0
2026-10-30,C,25400.0,0.0,0.0
2026-10-30,P,25400.0,0.0,8.0
2026-10-30,C,25500.0,0.0,0.0
2026-10-30,P,25500.0,0.0,9.0
2026-10-30,C,25600.0,0.0,0.0
2026-10-30,P,25600.0,0.0,4.0
2026-10-30,C,25800.0,0.0,0.0
2026-10-30,P,25800.0,0.0,3.0
2026-10-30,C,26000.0,0.0001,0.0
2026-10-30,P,26000.0,0.0001,4.0
2026-10-30,C,26200.0,0.0001,0.0
2026-10-30,P,26200.0,0.0001,2.0
2026-10-30,C,26400.0,0.0001,0.0
2026-10-30,P,26400.0,0.0001,5.0
2026-10-30,C,26500.0,0.0001,0.0
2026-10-30,P,26500.0,0.0001,17.0
2026-10-30,C,26600.0,0.0001,0.0
2026-10-30,P,26600.0,0.0001,4.0
2026-10-30,C,26800.0,0.0001,0.0
2026-10-30,P,26800.0,0.0001,6.0
2026-10-30,C,27000.0,0.0001,0.0
2026-10-30,P,27000.0,0.0001,13.0
2026-10-30,C,27200.0,0.0001,0.0
2026-10-30,P,27200.0,0.0001,1.0
2026-10-30,C,27400.0,0.0001,0.0
2026-10-30,P,27400.0,0.0001,14.0
2026-10-30,C,27500.0,0.0001,0.0
2026-10-30,P,27500.0,0.0001,17.0
2026-10-30,C,27600.0,0.0001,0.0
2026-10-30,P,27600.0,0.0001,23.0
2026-10-30,C,27800.0,0.0001,0.0
2026-10-30,P,27800.0,0.0001,5.0
2026-10-30,C,28000.0,0.0001,0.0
2026-10-30,P,28000.0,0.0001,232.0
2026-10-30,C,28200.0,0.0001,1.0
2026-10-30,P,28200.0,0.0001,0.0
2026-10-30,C,28400.0,0.0001,0.0
2026-10-30,P,28400.0,0.0001,9.0
2026-10-30,C,28500.0,0.0001,0.0
2026-10-30,P,28500.0,0.0001,4.0
2026-10-30,C,28600.0,0.0001,0.0
2026-10-30,P,28600.0,0.0001,0.0
2026-10-30,C,28800.0,0.0002,0.0
2026-10-30,P,28800.0,0.0002,0.0
2026-10-30,C,29000.0,0.0002,20.0
2026-10-30,P,29000.0,0.0002,9.0
2026-10-30,C,29200.0,0.0002,0.0
2026-10-30,P,29200.0,0.0002,1.0
2026-10-30,C,29400.0,0.0002,5.0
2026-10-30,P,29400.0,0.0002,5.0
2026-10-30,C,29500.0,0.0002,29.0
2026-10-30,P,29500.0,0.0002,2.0
2026-10-30,C,29600.0,0.0002,12.0
2026-10-30,P,29600.0,0.0002,6.0
2026-10-30,C,29800.0,0.0002,8.0
2026-10-30,P,29800.0,0.0002,2.0
2026-10-30,C,30000.0,0.0002,6.0
2026-10-30,P,30000.0,0.0002,2.0
2026-10-30,C,30200.0,0.0002,12.0
2026-10-30,P,30200.0,0.0002,2.0
2026-10-30,C,30400.0,0.0002,5.0
2026-10-30,P,30400.0,0.0002,2.0
2026-10-30,C,30600.0,0.0002,1.0
2026-10-30,P,30600.0,0.0002,3.0
2026-10-30,C,30800.0,0.0002,1.0
2026-10-30,P,30800.0,0.0002,1.0
2026-10-30,C,31000.0,0.0002,9.0
2026-10-30,P,31000.0,0.0002,0.0
2026-10-30,C,31200.0,0.0002,3.0
2026-10-30,P,31200.0,0.0002,0.0
2026-10-30,C,31400.0,0.0001,17.0
2026-10-30,P,31400.0,0.0001,0.0
2026-10-30,C,31500.0,0.0001,1.0
2026-10-30,P,31500.0,0.0001,0.0
2026-10-30,C,31600.0,0.0001,7.0
2026-10-30,P,31600.0,0.0001,0.0
2026-10-30,C,31800.0,0.0001,13.0
2026-10-30,P,31800.0,0.0001,0.0
2026-10-30,C,32000.0,0.0001,16.0
2026-10-30,P,32000.0,0.0001,0.0
2026-10-30,C,32200.0,0.0001,5.0
2026-10-30,P,32200.0,0.0001,0.0
2026-10-30,C,32400.0,0.0001,6.0
2026-10-30,P,32400.0,0.0001,0.0
2026-10-30,C,32500.0,0.0001,13.0
2026-10-30,P,32500.0,0.0001,0.0
2026-10-30,C,32600.0,0.0001,12.0
2026-10-30,P,32600.0,0.0001,0.0
2026-10-30,C,32800.0,0.0001,77.0
2026-10-30,P,32800.0,0.0001,0.0
2026-10-30,C,33000.0,0.0001,44.0
2026-10-30,P,33000.0,0.0001,0.0
2026-10-30,C,33200.0,0.0,38.0
2026-10-30,P,33200.0,0.0,0.0
2026-10-30,C,33400.0,0.0,3.0
2026-10-30,P,33400.0,0.0,0.0
2026-10-30,C,33500.0,0.0,41.0
2026-10-30,P,33500.0,0.0,0.0
2026-10-30,C,33600.0,0.0,4.0
2026-10-30,P,33600.0,0.0,0.0
2026-10-30,C,33800.0,0.0,3.0
2026-10-30,P,33800.0,0.0,0.0
2026-10-30,C,34000.0,0.0,54.0
2026-10-30,P,34000.0,0.0,0.0
2026-10-30,C,34500.0,0.0,1.0
2026-10-30,P,34500.0,0.0,0.0
2026-10-30,C,35000.0,0.0,5.0
2026-10-30,P,35000.0,0.0,0.0
2026-10-30,C,35500.0,0.0,8.0
2026-10-30,P,35500.0,0.0,0.0
2026-10-30,C,36000.0,0.0,44.0
2026-10-30,P,36000.0,0.0,0.0
2026-10-30,C,37000.0,0.0,2.0
2026-10-30,P,37000.0,0.0,0.0
2026-10-30,C,38000.0,0.0,4.0
2026-10-30,P,38000.0,0.0,0.0
2026-10-30,C,39000.0,0.0,14.0
2026-10-30,P,39000.0,0.0,0.0
2026-11-20,C,24000.0,0.0,0.0
2026-11-20,P,24000.0,0.0,0.0
2026-11-20,C,24500.0,0.0,0.0
2026-11-20,P,24500.0,0.0,0.0
2026-11-20,C,25000.0,0.0,0.0
2026-11-20,P,25000.0,0.0,1.0
2026-11-20,C,25500.0,0.0,0.0
2026-11-20,P,25500.0,0.0,0.0
2026-11-20,C,26000.0,0.0001,0.0
2026-11-20,P,26000.0,0.0001,1.0
2026-11-20,C,26500.0,0.0001,0.0
2026-11-20,P,26500.0,0.0001,0.0
2026-11-20,C,27000.0,0.0001,0.0
2026-11-20,P,27000.0,0.0001,0.0
2026-11-20,C,27500.0,0.0001,0.0
2026-11-20,P,27500.0,0.0001,0.0
2026-11-20,C,28000.0,0.0001,0.0
2026-11-20,P,28000.0,0.0001,0.0
2026-11-20,C,28500.0,0.0001,0.0
2026-11-20,P,28500.0,0.0001,1.0
2026-11-20,C,29000.0,0.0001,0.0
2026-11-20,P,29000.0,0.0001,15.0
2026-11-20,C,29500.0,0.0001,0.0
2026-11-20,P,29500.0,0.0001,0.0
2026-11-20,C,30000.0,0.0001,0.0
2026-11-20,P,30000.0,0.0001,0.0
2026-11-20,C,30500.0,0.0001,1.0
2026-11-20,P,30500.0,0.0001,0.0
2026-11-20,C,31000.0,0.0001,0.0
2026-11-20,P,31000.0,0.0001,0.0
2026-11-20,C,31500.0,0.0001,0.0
2026-11-20,P,31500.0,0.0001,0.0
2026-11-20,C,32000.0,0.0001,0.0
2026-11-20,P,32000.0,0.0001,0.0
2026-11-20,C,32500.0,0.0001,1.0
2026-11-20,P,32500.0,0.0001,0.0
2026-11-20,C,33000.0,0.0001,2.0
2026-11-20,P,33000.0,0.0001,0.0
2026-11-20,C,33500.0,0.0001,0.0
2026-11-20,P,33500.0,0.0001,0.0
2026-11-20,C,34000.0,0.0,0.0
2026-11-20,P,34000.0,0.0,0.0
2026-11-30,C,12000.0,0.0,0.0
2026-11-30,P,12000.0,0.0,0.0
2026-11-30,C,13000.0,0.0,0.0
2026-11-30,P,13000.0,0.0,0.0
2026-11-30,C,14000.0,0.0,0.0
2026-11-30,P,14000.0,0.0,0.0
2026-11-30,C,15000.0,0.0,0.0
2026-11-30,P,15000.0,0.0,0.0
2026-11-30,C,16000.0,0.0,0.0
2026-11-30,P,16000.0,0.0,0.0
2026-11-30,C,17000.0,0.0,0.0
2026-11-30,P,17000.0,0.0,0.0
2026-11-30,C,18000.0,0.0,0.0
2026-11-30,P,18000.0,0.0,0.0
2026-11-30,C,19000.0,0.0,0.0
2026-11-30,P,19000.0,0.0,0.0
2026-11-30,C,20000.0,0.0,0.0
2026-11-30,P,20000.0,0.0,0.0
2026-11-30,C,21000.0,0.0,0.0
2026-11-30,P,21000.0,0.0,3.0
2026-11-30,C,21500.0,0.0,0.0
2026-11-30,P,21500.0,0.0,2.0
2026-11-30,C,22000.0,0.0,0.0
2026-11-30,P,22000.0,0.0,2.0
2026-11-30,C,22500.0,0.0,0.0
2026-11-30,P,22500.0,0.0,0.0
2026-11-30,C,23000.0,0.0,0.0
2026-11-30,P,23000.0,0.0,1.0
2026-11-30,C,23500.0,0.0,0.0
2026-11-30,P,23500.0,0.0,0.0
2026-11-30,C,23600.0,0.0,0.0
2026-11-30,P,23600.0,0.0,2.0
2026-11-30,C,23800.0,0.0,0.0
2026-11-30,P,23800.0,0.0,0.0
2026-11-30,C,24000.0,0.0,0.0
2026-11-30,P,24000.0,0.0,0.0
2026-11-30,C,24200.0,0.0,0.0
2026-11-30,P,24200.0,0.0,0.0
2026-11-30,C,24400.0,0.0,0.0
2026-11-30,P,24400.0,0.0,0.0
2026-11-30,C,24600.0,0.0,0.0
2026-11-30,P,24600.0,0.0,1.0
2026-11-30,C,24800.0,0.0,0.0
2026-11-30,P,24800.0,0.0,0.0
2026-11-30,C,25000.0,0.0,0.0
2026-11-30,P,25000.0,0.0,0.0
2026-11-30,C,25200.0,0.0,0.0
2026-11-30,P,25200.0,0.0,0.0
2026-11-30,C,25400.0,0.0,0.0
2026-11-30,P,25400.0,0.0,0.0
2026-11-30,C,25600.0,0.0,0.0
2026-11-30,P,25600.0,0.0,2.0
2026-11-30,C,25800.0,0.0,0.0
2026-11-30,P,25800.0,0.0,0.0
2026-11-30,C,26000.0,0.0001,0.0
2026-11-30,P,26000.0,0.0001,0.0
2026-11-30,C,26200.0,0.0001,0.0
2026-11-30,P,26200.0,0.0001,0.0
2026-11-30,C,26400.0,0.0001,0.0
2026-11-30,P,26400.0,0.0001,1.0
2026-11-30,C,26600.0,0.0001,0.0
2026-11-30,P,26600.0,0.0001,1.0
2026-11-30,C,26800.0,0.0001,0.0
2026-11-30,P,26800.0,0.0001,2.0
2026-11-30,C,27000.0,0.0001,0.0
2026-11-30,P,27000.0,0.0001,2.0
2026-11-30,C,27200.0,0.0001,0.0
2026-11-30,P,27200.0,0.0001,1.0
2026-11-30,C,27400.0,0.0001,0.0
2026-11-30,P,27400.0,0.0001,0.0
2026-11-30,C,27600.0,0.0001,0.0
2026-11-30,P,27600.0,0.0001,0.0
2026-11-30,C,27800.0,0.0001,0.0
2026-11-30,P,27800.0,0.0001,0.0
2026-11-30,C,28000.0,0.0001,0.0
2026-11-30,P,28000.0,0.0001,2.0
2026-11-30,C,28200.0,0.0001,0.0
2026-11-30,P,28200.0,0.0001,0.0
2026-11-30,C,28400.0,0.0001,1.0
2026-11-30,P,28400.0,0.0001,0.0
2026-11-30,C,28600.0,0.0001,1.0
2026-11-30,P,28600.0,0.0001,0.0
2026-11-30,C,28800.0,0.0001,0.0
2026-11-30,P,28800.0,0.0001,0.0
2026-11-30,C,29000.0,0.0001,0.0
2026-11-30,P,29000.0,0.0001,0.0
2026-11-30,C,29200.0,0.0001,0.0
2026-11-30,P,29200.0,0.0001,1.0
2026-11-30,C,29400.0,0.0001,0.0
2026-11-30,P,29400.0,0.0001,1.0
2026-11-30,C,29600.0,0.0001,0.0
2026-11-30,P,29600.0,0.0001,0.0
2026-11-30,C,29800.0,0.0001,0.0
2026-11-30,P,29800.0,0.0001,1.0
2026-11-30,C,30000.0,0.0001,0.0
2026-11-30,P,30000.0,0.0001,0.0
2026-11-30,C,30200.0,0.0001,1.0
2026-11-30,P,30200.0,0.0001,1.0
2026-11-30,C,30400.0,0.0001,0.0
2026-11-30,P,30400.0,0.0001,0.0
2026-11-30,C,30600.0,0.0001,1.0
2026-11-30,P,30600.0,0.0001,0.0
2026-11-30,C,30800.0,0.0001,0.0
2026-11-30,P,30800.0,0.0001,0.0
2026-11-30,C,31000.0,0.0001,0.0
2026-11-30,P,31000.0,0.0001,0.0
2026-11-30,C,31200.0,0.0001,2.0
2026-11-30,P,31200.0,0.0001,0.0
2026-11-30,C,31400.0,0.0001,0.0
2026-11-30,P,31400.0,0.0001,0.0
2026-11-30,C,31600.0,0.0001,0.0
2026-11-30,P,31600.0,0.0001,2.0
2026-11-30,C,31800.0,0.0001,0.0
2026-11-30,P,31800.0,0.0001,0.0
2026-11-30,C,32000.0,0.0001,0.0
2026-11-30,P,32000.0,0.0001,1.0
2026-11-30,C,32200.0,0.0001,0.0
2026-11-30,P,32200.0,0.0001,0.0
2026-11-30,C,32400.0,0.0001,0.0
2026-11-30,P,32400.0,0.0001,0.0
2026-11-30,C,32600.0,0.0001,5.0
2026-11-30,P,32600.0,0.0001,0.0
2026-11-30,C,32800.0,0.0001,0.0
2026-11-30,P,32800.0,0.0001,0.0
2026-11-30,C,33000.0,0.0001,1.0
2026-11-30,P,33000.0,0.0001,0.0
2026-11-30,C,33200.0,0.0001,1.0
2026-11-30,P,33200.0,0.0001,0.0
2026-11-30,C,33500.0,0.0001,0.0
2026-11-30,P,33500.0,0.0001,0.0
2026-11-30,C,34000.0,0.0,39.0
2026-11-30,P,34000.0,0.0,0.0
2026-11-30,C,34500.0,0.0,0.0
2026-11-30,P,34500.0,0.0,0.0
2026-11-30,C,35000.0,0.0,0.0
2026-11-30,P,35000.0,0.0,0.0
2026-11-30,C,35500.0,0.0,0.0
2026-11-30,P,35500.0,0.0,0.0
2026-11-30,C,36000.0,0.0,0.0
2026-11-30,P,36000.0,0.0,0.0
2026-11-30,C,37000.0,0.0,0.0
2026-11-30,P,37000.0,0.0,0.0
2026-11-30,C,38000.0,0.0,0.0
2026-11-30,P,38000.0,0.0,0.0
2026-12-31,C,7000.0,0.0,0.0
2026-12-31,P,7000.0,0.0,0.0
2026-12-31,C,8000.0,0.0,0.0
2026-12-31,P,8000.0,0.0,2.0
2026-12-31,C,9000.0,0.0,0.0
2026-12-31,P,9000.0,0.0,4.0
2026-12-31,C,10000.0,0.0,0.0
2026-12-31,P,10000.0,0.0,1.0
2026-12-31,C,11000.0,0.0,0.0
2026-12-31,P,11000.0,0.0,2.0
2026-12-31,C,12000.0,0.0,0.0
2026-12-31,P,12000.0,0.0,0.0
2026-12-31,C,13000.0,0.0,0.0
2026-12-31,P,13000.0,0.0,8.0
2026-12-31,C,14000.0,0.0,0.0
2026-12-31,P,14000.0,0.0,6.0
2026-12-31,C,15000.0,0.0,0.0
2026-12-31,P,15000.0,0.0,19.0
2026-12-31,C,16000.0,0.0,0.0
2026-12-31,P,16000.0,0.0,6.0
2026-12-31,C,17000.0,0.0,0.0
2026-12-31,P,17000.0,0.0,5.0
2026-12-31,C,18000.0,0.0,0.0
2026-12-31,P,18000.0,0.0,6.0
2026-12-31,C,19000.0,0.0,0.0
2026-12-31,P,19000.0,0.0,9.0
2026-12-31,C,19500.0,0.0,0.0
2026-12-31,P,19500.0,0.0,1.0
2026-12-31,C,20000.0,0.0,0.0
2026-12-31,P,20000.0,0.0,34.0
2026-12-31,C,20500.0,0.0,0.0
2026-12-31,P,20500.0,0.0,1.0
2026-12-31,C,21000.0,0.0,0.0
2026-12-31,P,21000.0,0.0,7.0
2026-12-31,C,21500.0,0.0,0.0
2026-12-31,P,21500.0,0.0,3.0
2026-12-31,C,22000.0,0.0,0.0
2026-12-31,P,22000.0,0.0,161.0
2026-12-31,C,22500.0,0.0,0.0
2026-12-31,P,22500.0,0.0,2.0
2026-12-31,C,22600.0,0.0,0.0
2026-12-31,P,22600.0,0.0,0.0
2026-12-31,C,22800.0,0.0,0.0
2026-12-31,P,22800.0,0.0,0.0
2026-12-31,C,23000.0,0.0,0.0
2026-12-31,P,23000.0,0.0,6.0
2026-12-31,C,23200.0,0.0,0.0
2026-12-31,P,23200.0,0.0,1.0
2026-12-31,C,23400.0,0.0,0.0
2026-12-31,P,23400.0,0.0,0.0
2026-12-31,C,23500.0,0.0,0.0
2026-12-31,P,23500.0,0.0,2.0
2026-12-31,C,23600.0,0.0,0.0
2026-12-31,P,23600.0,0.0,0.0
2026-12-31,C,23800.0,0.0,2.0
2026-12-31,P,23800.0,0.0,3.0
2026-12-31,C,23900.0,0.0,2.0
2026-12-31,P,23900.0,0.0,3.0
2026-12-31,C,24000.0,0.0,4.0
2026-12-31,P,24000.0,0.0,164.0
2026-12-31,C,24100.0,0.0,0.0
2026-12-31,P,24100.0,0.0,0.0
2026-12-31,C,24200.0,0.0,0.0
2026-12-31,P,24200.0,0.0,1.0
2026-12-31,C,24300.0,0.0,0.0
2026-12-31,P,24300.0,0.0,0.0
2026-12-31,C,24400.0,0.0,0.0
2026-12-31,P,24400.0,0.0,1.0
2026-12-31,C,24500.0,0.0,1.0
2026-12-31,P,24500.0,0.0,0.0
2026-12-31,C,24600.0,0.0,0.0
2026-12-31,P,24600.0,0.0,1.0
2026-12-31,C,24700.0,0.0,0.0
2026-12-31,P,24700.0,0.0,1.0
2026-12-31,C,24800.0,0.0,0.0
2026-12-31,P,24800.0,0.0,1.0
2026-12-31,C,24900.0,0.0,0.0
2026-12-31,P,24900.0,0.0,5.0
2026-12-31,C,25000.0,0.0,0.0
2026-12-31,P,25000.0,0.0,22.0
2026-12-31,C,25100.0,0.0,0.0
2026-12-31,P,25100.0,0.0,8.0
2026-12-31,C,25200.0,0.0,2.0
2026-12-31,P,25200.0,0.0,7.0
2026-12-31,C,25300.0,0.0,0.0
2026-12-31,P,25300.0,0.0,7.0
2026-12-31,C,25400.0,0.0,3.0
2026-12-31,P,25400.0,0.0,3.0
2026-12-31,C,25500.0,0.0,12.0
2026-12-31,P,25500.0,0.0,16.0
2026-12-31,C,25600.0,0.0,1.0
2026-12-31,P,25600.0,0.0,2.0
2026-12-31,C,25700.0,0.0,2.0
2026-12-31,P,25700.0,0.0,1.0
2026-12-31,C,25800.0,0.0,3.0
2026-12-31,P,25800.0,0.0,2.0
2026-12-31,C,25900.0,0.0,0.0
2026-12-31,P,25900.0,0.0,0.0
2026-12-31,C,26000.0,0.0001,11.0
2026-12-31,P,26000.0,0.0001,6.0
2026-12-31,C,26100.0,0.0001,1.0
2026-12-31,P,26100.0,0.0001,2.0
2026-12-31,C,26200.0,0.0001,0.0
2026-12-31,P,26200.0,0.0001,7.0
2026-12-31,C,26300.0,0.0001,0.0
2026-12-31,P,26300.0,0.0001,0.0
2026-12-31,C,26400.0,0.0001,0.0
2026-12-31,P,26400.0,0.0001,14.0
2026-12-31,C,26500.0,0.0001,4.0
2026-12-31,P,26500.0,0.0001,13.0
2026-12-31,C,26600.0,0.0001,10.0
2026-12-31,P,26600.0,0.0001,2.0
2026-12-31,C,26700.0,0.0001,1.0
2026-12-31,P,26700.0,0.0001,1.0
2026-12-31,C,26800.0,0.0001,1.0
2026-12-31,P,26800.0,0.0001,1.0
2026-12-31,C,27000.0,0.0001,2.0
2026-12-31,P,27000.0,0.0001,8.0
2026-12-31,C,27200.0,0.0001,0.0
2026-12-31,P,27200.0,0.0001,2.0
2026-12-31,C,27400.0,0.0001,1.0
2026-12-31,P,27400.0,0.0001,53.0
2026-12-31,C,27500.0,0.0001,7.0
2026-12-31,P,27500.0,0.0001,54.0
2026-12-31,C,27600.0,0.0001,0.0
2026-12-31,P,27600.0,0.0001,2.0
2026-12-31,C,27800.0,0.0001,2.0
2026-12-31,P,27800.0,0.0001,1.0
2026-12-31,C,28000.0,0.0001,0.0
2026-12-31,P,28000.0,0.0001,6.0
2026-12-31,C,28200.0,0.0001,1.0
2026-12-31,P,28200.0,0.0001,0.0
2026-12-31,C,28400.0,0.0001,2.0
2026-12-31,P,28400.0,0.0001,3.0
2026-12-31,C,28500.0,0.0001,20.0
2026-12-31,P,28500.0,0.0001,4.0
2026-12-31,C,28600.0,0.0001,22.0
2026-12-31,P,28600.0,0.0001,1.0
2026-12-31,C,28800.0,0.0001,0.0
2026-12-31,P,28800.0,0.0001,1.0
2026-12-31,C,29000.0,0.0001,2.0
2026-12-31,P,29000.0,0.0001,4.0
2026-12-31,C,29200.0,0.0001,2.0
2026-12-31,P,29200.0,0.0001,0.0
2026-12-31,C,29400.0,0.0001,2.0
2026-12-31,P,29400.0,0.0001,0.0
2026-12-31,C,29500.0,0.0001,3.0
2026-12-31,P,29500.0,0.0001,1.0
2026-12-31,C,29600.0,0.0001,1.0
2026-12-31,P,29600.0,0.0001,0.0
2026-12-31,C,29800.0,0.0001,1.0
2026-12-31,P,29800.0,0.0001,0.0
2026-12-31,C,30000.0,0.0001,4.0
2026-12-31,P,30000.0,0.0001,2.0
2026-12-31,C,30200.0,0.0001,14.0
2026-12-31,P,30200.0,0.0001,0.0
2026-12-31,C,30400.0,0.0001,13.0
2026-12-31,P,30400.0,0.0001,1.0
2026-12-31,C,30500.0,0.0001,12.0
2026-12-31,P,30500.0,0.0001,3.0
2026-12-31,C,30600.0,0.0001,10.0
2026-12-31,P,30600.0,0.0001,3.0
2026-12-31,C,30800.0,0.0001,7.0
2026-12-31,P,30800.0,0.0001,1.0
2026-12-31,C,31000.0,0.0001,3.0
2026-12-31,P,31000.0,0.0001,3.0
2026-12-31,C,31200.0,0.0001,0.0
2026-12-31,P,31200.0,0.0001,0.0
2026-12-31,C,31400.0,0.0001,23.0
2026-12-31,P,31400.0,0.0001,0.0
2026-12-31,C,31500.0,0.0001,21.0
2026-12-31,P,31500.0,0.0001,0.0
2026-12-31,C,31600.0,0.0001,2.0
2026-12-31,P,31600.0,0.0001,0.0
2026-12-31,C,31800.0,0.0001,0.0
2026-12-31,P,31800.0,0.0001,0.0
2026-12-31,C,32000.0,0.0001,5.0
2026-12-31,P,32000.0,0.0001,4.0
2026-12-31,C,32200.0,0.0001,0.0
2026-12-31,P,32200.0,0.0001,0.0
2026-12-31,C,32400.0,0.0001,0.0
2026-12-31,P,32400.0,0.0001,0.0
2026-12-31,C,32500.0,0.0001,24.0
2026-12-31,P,32500.0,0.0001,0.0
2026-12-31,C,32600.0,0.0001,23.0
2026-12-31,P,32600.0,0.0001,0.0
2026-12-31,C,33000.0,0.0001,13.0
2026-12-31,P,33000.0,0.0001,1.0
2026-12-31,C,33500.0,0.0001,6.0
2026-12-31,P,33500.0,0.0001,0.0
2026-12-31,C,34000.0,0.0001,8.0
2026-12-31,P,34000.0,0.0001,0.0
2026-12-31,C,34500.0,0.0,0.0
2026-12-31,P,34500.0,0.0,0.0
2026-12-31,C,35000.0,0.0,29.0
2026-12-31,P,35000.0,0.0,0.0
2026-12-31,C,35500.0,0.0,5.0
2026-12-31,P,35500.0,0.0,0.0
2026-12-31,C,36000.0,0.0,5.0
2026-12-31,P,36000.0,0.0,0.0
2026-12-31,C,36500.0,0.0,5.0
2026-12-31,P,36500.0,0.0,0.0
2026-12-31,C,37000.0,0.0,5.0
2026-12-31,P,37000.0,0.0,0.0
2026-12-31,C,38000.0,0.0,3.0
2026-12-31,P,38000.0,0.0,0.0
2026-12-31,C,39000.0,0.0,30.0
2026-12-31,P,39000.0,0.0,0.0
2027-03-31,C,25000.0,0.0,0.0
2027-03-31,P,25000.0,0.0,14.0
2027-03-31,C,25500.0,0.0,0.0
2027-03-31,P,25500.0,0.0,9.0
2027-03-31,C,26000.0,0.0,0.0
2027-03-31,P,26000.0,0.0,4.0
2027-03-31,C,26500.0,0.0,0.0
2027-03-31,P,26500.0,0.0,0.0
2027-03-31,C,27000.0,0.0001,0.0
2027-03-31,P,27000.0,0.0001,1.0
2027-03-31,C,27500.0,0.0001,0.0
2027-03-31,P,27500.0,0.0001,0.0
2027-03-31,C,28000.0,0.0001,0.0
2027-03-31,P,28000.0,0.0001,1.0
2027-03-31,C,28500.0,0.0001,0.0
2027-03-31,P,28500.0,0.0001,0.0
2027-03-31,C,29000.0,0.0001,0.0
2027-03-31,P,29000.0,0.0001,1.0
2027-03-31,C,29500.0,0.0001,0.0
2027-03-31,P,29500.0,0.0001,0.0
2027-03-31,C,30000.0,0.0001,0.0
2027-03-31,P,30000.0,0.0001,0.0
2027-03-31,C,30500.0,0.0001,2.0
2027-03-31,P,30500.0,0.0001,0.0
2027-03-31,C,31000.0,0.0001,0.0
2027-03-31,P,31000.0,0.0001,0.0
2027-03-31,C,31500.0,0.0001,0.0
2027-03-31,P,31500.0,0.0001,0.0
2027-03-31,C,32000.0,0.0001,0.0
2027-03-31,P,32000.0,0.0001,0.0
2027-03-31,C,32500.0,0.0001,0.0
2027-03-31,P,32500.0,0.0001,0.0
2027-03-31,C,33000.0,0.0001,1.0
2027-03-31,P,33000.0,0.0001,1.0
2027-03-31,C,33500.0,0.0001,4.0
2027-03-31,P,33500.0,0.0001,0.0
2027-03-31,C,34000.0,0.0001,0.0
2027-03-31,P,34000.0,0.0001,0.0
2027-03-31,C,34500.0,0.0001,0.0
2027-03-31,P,34500.0,0.0001,0.0
2027-03-31,C,35000.0,0.0001,5.0
2027-03-31,P,35000.0,0.0001,0.0
2027-06-30,C,25000.0,0.0,0.0
2027-06-30,P,25000.0,0.0,9.0
2027-06-30,C,25500.0,0.0,0.0
2027-06-30,P,25500.0,0.0,3.0
2027-06-30,C,26000.0,0.0,0.0
2027-06-30,P,26000.0,0.0,4.0
2027-06-30,C,26500.0,0.0,0.0
2027-06-30,P,26500.0,0.0,0.0
2027-06-30,C,27000.0,0.0,0.0
2027-06-30,P,27000.0,0.0,4.0
2027-06-30,C,27500.0,0.0,0.0
2027-06-30,P,27500.0,0.0,0.0
2027-06-30,C,28000.0,0.0,2.0
2027-06-30,P,28000.0,0.0,0.0
2027-06-30,C,28500.0,0.0001,0.0
2027-06-30,P,28500.0,0.0001,1.0
2027-06-30,C,29000.0,0.0001,9.0
2027-06-30,P,29000.0,0.0001,0.0
2027-06-30,C,29500.0,0.0001,10.0
2027-06-30,P,29500.0,0.0001,1.0
2027-06-30,C,30000.0,0.0001,3.0
2027-06-30,P,30000.0,0.0001,1.0
2027-06-30,C,30500.0,0.0001,1.0
2027-06-30,P,30500.0,0.0001,2.0
2027-06-30,C,31000.0,0.0001,3.0
2027-06-30,P,31000.0,0.0001,0.0
2027-06-30,C,31500.0,0.0001,2.0
2027-06-30,P,31500.0,0.0001,0.0
2027-06-30,C,32000.0,0.0001,5.0
2027-06-30,P,32000.0,0.0001,0.0
2027-06-30,C,32500.0,0.0001,10.0
2027-06-30,P,32500.0,0.0001,1.0
2027-06-30,C,33000.0,0.0001,8.0
2027-06-30,P,33000.0,0.0001,0.0
2027-06-30,C,33500.0,0.0001,2.0
2027-06-30,P,33500.0,0.0001,0.0
2027-06-30,C,34000.0,0.0001,0.0
2027-06-30,P,34000.0,0.0001,0.0
2027-06-30,C,34500.0,0.0001,3.0
2027-06-30,P,34500.0,0.0001,0.0
2027-06-30,C,35000.0,0.0001,2.0
2027-06-30,P,35000.0,0.0001,0.0
