date,open,high,low,close
2016-08-31,46.2400016784668,46.40999984741211,44.5099983215332,44.70000076293945
2016-09-01,44.849998474121094,45.08000183105469,43.0,43.15999984741211
2016-09-02,43.54999923706055,44.66999816894531,43.15999984741211,44.439998626708984
2016-09-06,44.150001525878906,46.529998779296875,43.84000015258789,44.83000183105469
2016-09-07,44.849998474121094,46.16999816894531,44.54999923706055,45.5
2016-09-08,46.119998931884766,47.75,45.77000045776367,47.619998931884766
2016-09-09,47.36000061035156,47.36000061035156,45.560001373291016,45.880001068115234
2016-09-12,45.56999969482422,46.5099983215332,44.720001220703125,46.290000915527344
2016-09-13,46.060001373291016,46.130001068115234,44.77000045776367,44.900001525878906
2016-09-14,45.0,45.33000183105469,43.41999816894531,43.58000183105469
2016-09-15,43.70000076293945,44.34000015258789,43.2599983215332,43.90999984741211
2016-09-16,43.709999084472656,43.75,42.7400016784668,43.029998779296875
2016-09-19,43.18000030517578,44.150001525878906,43.119998931884766,43.29999923706055
2016-09-20,43.130001068115234,44.04999923706055,42.54999923706055,43.439998626708984
2016-09-21,44.5,45.650001525878906,44.5,45.34000015258789
2016-09-22,45.619998931884766,46.52000045776367,45.52000045776367,46.31999969482422
2016-09-23,46.06999969482422,46.54999923706055,44.220001220703125,44.47999954223633
2016-09-26,44.619998931884766,46.20000076293945,44.43000030517578,45.93000030517578
2016-09-27,45.619998931884766,45.959999084472656,44.189998626708984,44.66999816894531
2016-09-28,44.959999084472656,47.45000076293945,44.349998474121094,47.04999923706055
2016-09-29,47.20000076293945,48.31999969482422,46.599998474121094,47.83000183105469
2016-09-30,47.7599983215332,48.29999923706055,47.040000915527344,48.2400016784668
2016-10-03,48.040000915527344,49.02000045776367,47.779998779296875,48.810001373291016
2016-10-04,48.650001525878906,49.2599983215332,48.2599983215332,48.689998626708984
2016-10-05,49.2599983215332,49.970001220703125,49.099998474121094,49.83000183105469
2016-10-06,49.650001525878906,50.630001068115234,49.33000183105469,50.439998626708984
2016-10-07,50.59000015258789,50.7400016784668,49.400001525878906,49.810001373291016
2016-10-11,51.099998474121094,51.540000915527344,50.38999938964844,50.790000915527344
2016-10-12,50.84000015258789,51.16999816894531,49.88999938964844,50.18000030517578
2016-10-13,50.0,50.59000015258789,49.36000061035156,50.439998626708984
2016-10-14,50.58000183105469,51.13999938964844,49.900001525878906,50.349998474121094
2016-10-17,50.22999954223633,50.58000183105469,49.470001220703125,49.939998626708984
2016-10-18,50.040000915527344,50.779998779296875,49.7599983215332,50.290000915527344
2016-10-19,50.77000045776367,51.93000030517578,50.689998626708984,51.599998474121094
2016-10-20,51.400001525878906,51.58000183105469,50.25,50.43000030517578
2016-10-21,50.65999984741211,51.02000045776367,50.209999084472656,50.849998474121094
2016-10-24,50.849998474121094,50.97999954223633,49.619998931884766,50.52000045776367
2016-10-25,50.4900016784668,50.93000030517578,49.27000045776367,49.959999084472656
2016-10-26,49.310001373291016,50.099998474121094,48.869998931884766,49.18000030517578
2016-10-27,49.220001220703125,50.060001373291016,49.0,49.720001220703125
2016-10-28,49.61000061035156,49.810001373291016,48.41999816894531,48.70000076293945
2016-10-31,48.25,48.7400016784668,46.630001068115234,46.86000061035156
2016-11-01,46.77000045776367,47.349998474121094,46.20000076293945,46.66999816894531
2016-11-02,46.31999969482422,46.470001220703125,44.959999084472656,45.34000015258789
2016-11-03,45.47999954223633,45.900001525878906,44.369998931884766,44.65999984741211
2016-11-04,44.630001068115234,44.869998931884766,43.56999969482422,44.06999969482422
2016-11-07,44.45000076293945,45.0099983215332,44.11000061035156,44.88999938964844
2016-11-08,44.970001220703125,45.38999938964844,44.40999984741211,44.97999954223633
2016-11-09,44.81999969482422,45.95000076293945,43.06999969482422,45.27000045776367
2016-11-10,45.310001373291016,45.63999938964844,44.25,44.65999984741211
2016-11-14,43.20000076293945,43.810001373291016,42.20000076293945,43.31999969482422
2016-11-15,43.7599983215332,46.09000015258789,43.54999923706055,45.810001373291016
2016-11-16,45.77000045776367,46.40999984741211,45.029998779296875,45.56999969482422
2016-11-17,45.369998931884766,46.58000183105469,44.880001068115234,45.41999816894531
2016-11-18,44.93000030517578,45.77000045776367,44.54999923706055,45.689998626708984
2016-11-21,45.83000183105469,47.79999923706055,45.77000045776367,47.4900016784668
2016-11-22,48.369998931884766,49.20000076293945,47.16999816894531,48.029998779296875
2016-11-23,47.939998626708984,48.43000030517578,47.400001525878906,47.959999084472656
2016-11-25,47.970001220703125,48.2599983215332,45.880001068115234,46.060001373291016
2016-11-28,45.43000030517578,47.650001525878906,45.13999938964844,47.08000183105469
2016-11-29,46.880001068115234,46.97999954223633,44.81999969482422,45.22999954223633
2016-11-30,45.2400016784668,49.900001525878906,45.220001220703125,49.439998626708984
2016-12-01,49.06999969482422,51.79999923706055,48.97999954223633,51.060001373291016
2016-12-02,51.0099983215332,51.72999954223633,50.18000030517578,51.68000030517578
2016-12-05,51.459999084472656,52.41999816894531,50.93000030517578,51.790000915527344
2016-12-06,50.970001220703125,51.599998474121094,50.279998779296875,50.93000030517578
2016-12-07,50.93000030517578,51.20000076293945,49.720001220703125,49.77000045776367
2016-12-08,49.880001068115234,50.97999954223633,49.61000061035156,50.84000015258789
2016-12-09,50.91999816894531,51.65999984741211,50.86000061035156,51.5
2016-12-12,52.58000183105469,54.5099983215332,52.18000030517578,52.83000183105469
2016-12-13,52.5099983215332,53.40999984741211,52.349998474121094,52.97999954223633
2016-12-14,52.45000076293945,52.779998779296875,50.66999816894531,51.040000915527344
2016-12-15,50.790000915527344,51.47999954223633,49.95000076293945,50.900001525878906
2016-12-16,51.099998474121094,52.08000183105469,50.5,51.900001525878906
2016-12-19,52.150001525878906,52.52000045776367,51.5099983215332,52.119998931884766
2016-12-20,52.11000061035156,52.70000076293945,51.849998474121094,52.22999954223633
2016-12-21,53.560001373291016,53.790000915527344,52.31999969482422,52.4900016784668
2016-12-22,52.52000045776367,53.189998626708984,52.08000183105469,52.95000076293945
2016-12-23,52.68000030517578,53.279998779296875,52.2599983215332,53.02000045776367
2016-12-27,53.290000915527344,54.099998474121094,53.029998779296875,53.900001525878906
2016-12-28,53.93000030517578,54.369998931884766,53.560001373291016,54.060001373291016
2016-12-29,53.65999984741211,54.209999084472656,53.459999084472656,53.77000045776367
2016-12-30,53.869998931884766,54.09000015258789,53.40999984741211,53.720001220703125
2017-01-03,54.20000076293945,55.2400016784668,52.11000061035156,52.33000183105469
2017-01-04,52.4900016784668,53.43000030517578,52.150001525878906,53.2599983215332
2017-01-05,53.38999938964844,54.119998931884766,52.790000915527344,53.7599983215332
2017-01-06,53.72999954223633,54.31999969482422,53.31999969482422,53.9900016784668
2017-01-09,53.75,53.83000183105469,51.7599983215332,51.959999084472656
2017-01-10,51.83000183105469,52.369998931884766,50.709999084472656,50.81999969482422
2017-01-11,50.810001373291016,52.779998779296875,50.75,52.25
2017-01-12,52.369998931884766,53.5,52.119998931884766,53.0099983215332
2017-01-13,53.04999923706055,53.16999816894531,52.27000045776367,52.369998931884766
2017-01-17,52.54999923706055,53.52000045776367,52.119998931884766,52.47999954223633
2017-01-18,52.52000045776367,52.790000915527344,50.90999984741211,51.08000183105469
2017-01-19,51.38999938964844,51.869998931884766,51.02000045776367,51.369998931884766
2017-01-20,51.45000076293945,52.900001525878906,51.38999938964844,52.41999816894531
2017-01-23,53.33000183105469,53.470001220703125,52.209999084472656,52.75
2017-01-24,52.86000061035156,53.560001373291016,52.66999816894531,53.18000030517578
2017-01-25,52.95000076293945,53.470001220703125,52.560001373291016,52.75
2017-01-26,52.959999084472656,54.060001373291016,52.790000915527344,53.779998779296875
2017-01-27,53.7400016784668,54.08000183105469,52.58000183105469,53.16999816894531
2017-01-30,53.150001525878906,53.459999084472656,52.40999984741211,52.630001068115234
2017-01-31,52.599998474121094,53.560001373291016,52.2400016784668,52.810001373291016
2017-02-01,52.7599983215332,53.90999984741211,52.63999938964844,53.880001068115234
2017-02-02,53.56999969482422,54.34000015258789,53.349998474121094,53.540000915527344
2017-02-03,53.68000030517578,54.220001220703125,53.400001525878906,53.83000183105469
2017-02-06,53.810001373291016,54.130001068115234,52.90999984741211,53.0099983215332
2017-02-07,53.13999938964844,53.2400016784668,51.630001068115234,52.16999816894531
2017-02-08,51.63999938964844,52.66999816894531,51.220001220703125,52.34000015258789
2017-02-09,52.369998931884766,53.209999084472656,52.369998931884766,53.0
2017-02-10,53.150001525878906,54.130001068115234,52.900001525878906,53.86000061035156
2017-02-13,53.79999923706055,53.95000076293945,52.77000045776367,52.93000030517578
2017-02-14,52.90999984741211,53.720001220703125,52.86000061035156,53.20000076293945
2017-02-15,53.0,53.5099983215332,52.72999954223633,53.11000061035156
2017-02-16,53.0099983215332,53.59000015258789,52.68000030517578,53.36000061035156
2017-02-17,53.470001220703125,53.52000045776367,52.880001068115234,53.400001525878906
2017-02-21,53.47999954223633,54.68000030517578,53.349998474121094,54.060001373291016
2017-02-22,54.2599983215332,54.599998474121094,53.349998474121094,53.59000015258789
2017-02-23,53.90999984741211,54.939998626708984,53.869998931884766,54.45000076293945
2017-02-24,54.33000183105469,54.5099983215332,53.7599983215332,53.9900016784668
2017-02-27,54.02000045776367,54.61000061035156,53.939998626708984,54.04999923706055
2017-02-28,54.040000915527344,54.22999954223633,53.18000030517578,54.0099983215332
2017-03-01,53.95000076293945,54.439998626708984,53.630001068115234,53.83000183105469
2017-03-02,53.689998626708984,53.79999923706055,52.540000915527344,52.61000061035156
2017-03-03,52.58000183105469,53.38999938964844,52.54999923706055,53.33000183105469
2017-03-06,53.189998626708984,53.560001373291016,52.7599983215332,53.20000076293945
2017-03-07,53.16999816894531,53.79999923706055,52.709999084472656,53.13999938964844
2017-03-08,52.790000915527344,52.91999816894531,50.04999923706055,50.279998779296875
2017-03-09,50.220001220703125,50.84000015258789,48.59000015258789,49.279998779296875
2017-03-10,49.61000061035156,50.11000061035156,48.310001373291016,48.4900016784668
2017-03-13,48.45000076293945,48.68000030517578,47.900001525878906,48.400001525878906
2017-03-14,48.45000076293945,48.790000915527344,47.09000015258789,47.720001220703125
2017-03-15,48.7599983215332,49.040000915527344,48.15999984741211,48.86000061035156
2017-03-16,49.0099983215332,49.619998931884766,48.45000076293945,48.75
2017-03-17,48.790000915527344,49.20000076293945,48.599998474121094,48.779998779296875
2017-03-20,48.70000076293945,48.7400016784668,47.84000015258789,48.220001220703125
2017-03-21,47.93000030517578,48.72999954223633,47.22999954223633,47.34000015258789
2017-03-22,48.15999984741211,48.31999969482422,47.0099983215332,48.040000915527344
2017-03-23,48.150001525878906,48.47999954223633,47.58000183105469,47.70000076293945
2017-03-24,47.66999816894531,48.20000076293945,47.540000915527344,47.970001220703125
2017-03-27,48.119998931884766,48.279998779296875,47.08000183105469,47.72999954223633
2017-03-28,47.88999938964844,48.7400016784668,47.79999923706055,48.369998931884766
2017-03-29,48.470001220703125,49.630001068115234,48.380001068115234,49.5099983215332
2017-03-30,49.599998474121094,50.470001220703125,49.27000045776367,50.349998474121094
2017-03-31,50.31999969482422,50.849998474121094,49.900001525878906,50.599998474121094
2017-04-03,50.689998626708984,50.83000183105469,50.119998931884766,50.2400016784668
2017-04-04,50.2400016784668,51.29999923706055,49.880001068115234,51.029998779296875
2017-04-05,51.18000030517578,51.880001068115234,50.7400016784668,51.150001525878906
2017-04-06,50.79999923706055,51.81999969482422,50.77000045776367,51.70000076293945
2017-04-07,51.70000076293945,52.939998626708984,51.4900016784668,52.2400016784668
2017-04-10,52.310001373291016,53.18000030517578,52.290000915527344,53.08000183105469
2017-04-11,53.130001068115234,53.45000076293945,52.70000076293945,53.400001525878906
2017-04-12,53.400001525878906,53.7599983215332,52.709999084472656,53.11000061035156
2017-04-13,52.849998474121094,53.38999938964844,52.81999969482422,53.18000030517578
2017-04-17,52.970001220703125,53.209999084472656,52.54999923706055,52.650001525878906
2017-04-18,52.75,52.849998474121094,52.099998474121094,52.40999984741211
2017-04-19,52.36000061035156,52.650001525878906,50.09000015258789,50.439998626708984
2017-04-20,50.630001068115234,50.970001220703125,50.18000030517578,50.27000045776367
2017-04-21,50.709999084472656,50.93000030517578,49.20000076293945,49.619998931884766
2017-04-24,49.68000030517578,50.220001220703125,49.029998779296875,49.22999954223633
2017-04-25,49.220001220703125,49.83000183105469,48.869998931884766,49.560001373291016
2017-04-26,49.36000061035156,50.20000076293945,48.939998626708984,49.619998931884766
2017-04-27,49.220001220703125,49.43000030517578,48.20000076293945,48.970001220703125
2017-04-28,49.27000045776367,49.7599983215332,48.79999923706055,49.33000183105469
2017-05-01,49.16999816894531,49.31999969482422,48.59000015258789,48.84000015258789
2017-05-02,48.779998779296875,49.279998779296875,47.349998474121094,47.65999984741211
2017-05-03,48.119998931884766,48.22999954223633,47.29999923706055,47.81999969482422
2017-05-04,47.599998474121094,47.75,45.290000915527344,45.52000045776367
2017-05-05,45.5099983215332,46.68000030517578,43.7599983215332,46.220001220703125
2017-05-08,46.349998474121094,46.97999954223633,45.72999954223633,46.43000030517578
2017-05-09,46.4900016784668,46.779998779296875,45.529998779296875,45.880001068115234
2017-05-10,46.18000030517578,47.779998779296875,46.0099983215332,47.33000183105469
2017-05-11,47.38999938964844,48.220001220703125,47.34000015258789,47.83000183105469
2017-05-12,47.810001373291016,48.06999969482422,47.349998474121094,47.84000015258789
2017-05-15,47.849998474121094,49.65999984741211,47.75,48.849998474121094
2017-05-16,48.81999969482422,49.380001068115234,48.16999816894531,48.65999984741211
2017-05-17,48.22999954223633,49.5,48.029998779296875,49.06999969482422
2017-05-18,48.93000030517578,49.599998474121094,48.04999923706055,49.349998474121094
2017-05-19,49.279998779296875,50.529998779296875,49.279998779296875,50.33000183105469
2017-05-22,50.599998474121094,51.060001373291016,50.439998626708984,50.72999954223633
2017-05-23,51.040000915527344,51.790000915527344,50.56999969482422,51.470001220703125
2017-05-24,51.439998626708984,51.880001068115234,51.029998779296875,51.36000061035156
2017-05-25,51.25,52.0,48.45000076293945,48.900001525878906
2017-05-26,48.75,49.939998626708984,48.18000030517578,49.79999923706055
2017-05-30,49.93000030517578,50.279998779296875,49.029998779296875,49.65999984741211
2017-05-31,49.650001525878906,49.709999084472656,47.72999954223633,48.31999969482422
2017-06-01,48.630001068115234,49.16999816894531,47.900001525878906,48.36000061035156
2017-06-02,48.040000915527344,48.189998626708984,46.7400016784668,47.65999984741211
2017-06-05,47.709999084472656,48.41999816894531,46.86000061035156,47.400001525878906
2017-06-06,47.400001525878906,48.400001525878906,46.939998626708984,48.189998626708984
2017-06-07,47.97999954223633,48.22999954223633,45.650001525878906,45.720001220703125
2017-06-08,45.849998474121094,46.18000030517578,45.20000076293945,45.63999938964844
2017-06-09,45.709999084472656,46.18000030517578,45.27000045776367,45.83000183105469
2017-06-12,45.79999923706055,46.709999084472656,45.65999984741211,46.08000183105469
2017-06-13,46.0099983215332,46.56999969482422,45.560001373291016,46.459999084472656
2017-06-14,45.939998626708984,46.4900016784668,44.540000915527344,44.72999954223633
2017-06-15,44.689998626708984,44.810001373291016,44.220001220703125,44.459999084472656
2017-06-16,44.25,44.939998626708984,44.2400016784668,44.7400016784668
2017-06-19,44.68000030517578,45.060001373291016,44.04999923706055,44.20000076293945
2017-06-20,44.11000061035156,44.400001525878906,42.75,43.22999954223633
2017-06-21,43.380001068115234,44.20000076293945,42.04999923706055,42.529998779296875
2017-06-22,42.54999923706055,43.31999969482422,42.2599983215332,42.7400016784668
2017-06-23,42.79999923706055,43.20000076293945,42.529998779296875,43.0099983215332
2017-06-26,43.15999984741211,43.650001525878906,42.630001068115234,43.380001068115234
2017-06-27,43.4900016784668,44.439998626708984,43.31999969482422,44.2400016784668
2017-06-28,43.70000076293945,44.900001525878906,43.66999816894531,44.7400016784668
2017-06-29,44.88999938964844,45.45000076293945,44.650001525878906,44.93000030517578
2017-06-30,44.88999938964844,46.349998474121094,44.880001068115234,46.040000915527344
2017-07-03,46.279998779296875,47.099998474121094,45.91999816894531,47.06999969482422
2017-07-05,47.040000915527344,47.31999969482422,44.5099983215332,45.130001068115234
2017-07-06,45.650001525878906,46.529998779296875,45.18000030517578,45.52000045776367
2017-07-07,45.349998474121094,45.41999816894531,43.779998779296875,44.22999954223633
2017-07-10,44.349998474121094,44.84000015258789,43.650001525878906,44.400001525878906
2017-07-11,44.58000183105469,45.810001373291016,43.83000183105469,45.040000915527344
2017-07-12,45.7400016784668,46.47999954223633,45.11000061035156,45.4900016784668
2017-07-13,45.439998626708984,46.279998779296875,44.9900016784668,46.08000183105469
2017-07-14,46.08000183105469,46.7400016784668,45.79999923706055,46.540000915527344
2017-07-17,46.68000030517578,46.880001068115234,45.88999938964844,46.02000045776367
2017-07-18,45.9900016784668,46.91999816894531,45.810001373291016,46.400001525878906
2017-07-19,46.25,47.2599983215332,46.13999938964844,47.119998931884766
2017-07-20,47.09000015258789,47.54999923706055,46.65999984741211,46.790000915527344
2017-07-21,46.90999984741211,47.209999084472656,45.540000915527344,45.77000045776367
2017-07-24,45.619998931884766,46.529998779296875,45.400001525878906,46.34000015258789
2017-07-25,46.459999084472656,48.65999984741211,46.380001068115234,47.88999938964844
2017-07-26,48.5099983215332,48.869998931884766,47.86000061035156,48.75
2017-07-27,48.70000076293945,49.2400016784668,48.25,49.040000915527344
2017-07-28,49.16999816894531,49.810001373291016,48.86000061035156,49.709999084472656
2017-07-31,49.849998474121094,50.40999984741211,49.18000030517578,50.16999816894531
2017-08-01,50.209999084472656,50.43000030517578,48.369998931884766,49.15999984741211
2017-08-02,48.79999923706055,49.650001525878906,48.54999923706055,49.59000015258789
2017-08-03,49.59000015258789,49.959999084472656,48.779998779296875,49.029998779296875
2017-08-04,48.95000076293945,49.63999938964844,48.5,49.58000183105469
2017-08-07,49.59000015258789,49.72999954223633,48.540000915527344,49.38999938964844
2017-08-08,49.310001373291016,49.790000915527344,48.86000061035156,49.16999816894531
2017-08-09,49.0,49.720001220703125,48.900001525878906,49.560001373291016
2017-08-10,49.68000030517578,50.220001220703125,48.349998474121094,48.59000015258789
2017-08-11,48.52000045776367,48.97999954223633,47.97999954223633,48.81999969482422
2017-08-14,48.790000915527344,49.15999984741211,47.43000030517578,47.59000015258789
2017-08-15,47.4900016784668,47.900001525878906,47.02000045776367,47.54999923706055
2017-08-16,47.720001220703125,47.9900016784668,46.66999816894531,46.779998779296875
2017-08-17,46.79999923706055,47.189998626708984,46.459999084472656,47.09000015258789
2017-08-18,46.93000030517578,48.7400016784668,46.779998779296875,48.5099983215332
2017-08-21,48.720001220703125,48.75,47.029998779296875,47.369998931884766
2017-08-22,47.45000076293945,48.029998779296875,47.20000076293945,47.63999938964844
2017-08-23,47.63999938964844,48.5,47.529998779296875,48.40999984741211
2017-08-24,48.36000061035156,48.43000030517578,47.060001373291016,47.43000030517578
2017-08-25,47.619998931884766,47.90999984741211,47.38999938964844,47.869998931884766
2017-08-28,47.88999938964844,48.20000076293945,46.150001525878906,46.56999969482422
2017-08-29,46.86000061035156,46.959999084472656,45.7599983215332,46.439998626708984
2017-08-30,46.310001373291016,46.720001220703125,45.84000015258789,45.959999084472656
2017-08-31,45.95000076293945,47.470001220703125,45.58000183105469,47.22999954223633
2017-09-01,47.08000183105469,47.349998474121094,46.560001373291016,47.290000915527344
2017-09-05,47.279998779296875,48.97999954223633,47.150001525878906,48.65999984741211
2017-09-06,48.59000015258789,49.41999816894531,48.52000045776367,49.15999984741211
2017-09-07,49.13999938964844,49.33000183105469,48.630001068115234,49.09000015258789
2017-09-08,49.09000015258789,49.2599983215332,47.27000045776367,47.47999954223633
2017-09-11,47.58000183105469,48.27000045776367,47.0,48.06999969482422
2017-09-12,48.119998931884766,48.439998626708984,47.72999954223633,48.22999954223633
2017-09-13,48.34000015258789,49.400001525878906,48.119998931884766,49.29999923706055
2017-09-14,49.310001373291016,50.5,49.150001525878906,49.88999938964844
2017-09-15,49.720001220703125,50.130001068115234,49.40999984741211,49.88999938964844
2017-09-18,49.849998474121094,50.33000183105469,49.189998626708984,49.90999984741211
2017-09-19,49.90999984741211,50.41999816894531,49.33000183105469,49.47999954223633
2017-09-20,49.84000015258789,50.650001525878906,49.75,50.40999984741211
2017-09-21,50.720001220703125,50.810001373291016,50.06999969482422,50.54999923706055
2017-09-22,50.72999954223633,50.779998779296875,50.290000915527344,50.65999984741211
2017-09-25,50.68000030517578,52.279998779296875,50.38999938964844,52.220001220703125
2017-09-26,52.119998931884766,52.43000030517578,51.43000030517578,51.880001068115234
2017-09-27,52.09000015258789,52.34000015258789,51.630001068115234,52.13999938964844
2017-09-28,52.04999923706055,52.86000061035156,51.220001220703125,51.560001373291016
2017-09-29,51.58000183105469,51.77000045776367,51.25,51.66999816894531
2017-10-02,51.63999938964844,51.709999084472656,50.06999969482422,50.58000183105469
2017-10-03,50.59000015258789,50.72999954223633,50.13999938964844,50.41999816894531
2017-10-04,50.15999984741211,50.66999816894531,49.7599983215332,49.97999954223633
2017-10-05,49.880001068115234,51.220001220703125,49.849998474121094,50.790000915527344
2017-10-06,50.75,50.81999969482422,49.099998474121094,49.290000915527344
2017-10-09,49.25,49.790000915527344,49.130001068115234,49.58000183105469
2017-10-10,49.54999923706055,51.060001373291016,49.540000915527344,50.91999816894531
2017-10-11,50.939998626708984,51.41999816894531,50.61000061035156,51.29999923706055
2017-10-12,51.0,51.130001068115234,50.150001525878906,50.599998474121094
2017-10-13,50.72999954223633,51.720001220703125,50.70000076293945,51.45000076293945
2017-10-16,51.43000030517578,52.369998931884766,51.349998474121094,51.869998931884766
2017-10-17,51.93000030517578,52.25,51.209999084472656,51.880001068115234
2017-10-18,51.939998626708984,52.33000183105469,51.689998626708984,52.040000915527344
2017-10-19,52.04999923706055,52.16999816894531,51.06999969482422,51.290000915527344
2017-10-20,51.41999816894531,51.72999954223633,50.70000076293945,51.470001220703125
2017-10-23,52.06999969482422,52.29999923706055,51.68000030517578,51.900001525878906
2017-10-24,51.88999938964844,52.619998931884766,51.54999923706055,52.470001220703125
2017-10-25,52.560001373291016,52.56999969482422,51.88999938964844,52.18000030517578
2017-10-26,52.189998626708984,52.86000061035156,51.90999984741211,52.63999938964844
2017-10-27,52.79999923706055,54.20000076293945,52.25,53.900001525878906
2017-10-30,54.15999984741211,54.459999084472656,53.75,54.150001525878906
2017-10-31,54.08000183105469,54.849998474121094,53.93000030517578,54.380001068115234
2017-11-01,54.650001525878906,55.220001220703125,53.88999938964844,54.29999923706055
2017-11-02,54.279998779296875,54.84000015258789,53.9900016784668,54.540000915527344
2017-11-03,54.72999954223633,55.7599983215332,54.400001525878906,55.63999938964844
2017-11-06,55.970001220703125,57.61000061035156,55.65999984741211,57.349998474121094
2017-11-07,57.27000045776367,57.689998626708984,56.83000183105469,57.20000076293945
2017-11-08,56.959999084472656,57.91999816894531,56.40999984741211,56.810001373291016
2017-11-09,56.849998474121094,57.529998779296875,56.689998626708984,57.16999816894531
2017-11-10,57.02000045776367,57.349998474121094,56.54999923706055,56.7400016784668
2017-11-13,56.900001525878906,57.150001525878906,56.29999923706055,56.7599983215332
2017-11-14,56.720001220703125,56.77000045776367,54.810001373291016,55.70000076293945
2017-11-15,55.060001373291016,55.560001373291016,54.880001068115234,55.33000183105469
2017-11-16,55.29999923706055,55.619998931884766,54.93000030517578,55.13999938964844
2017-11-17,55.25,56.68000030517578,55.18000030517578,56.54999923706055
2017-11-20,56.689998626708984,56.7599983215332,55.56999969482422,56.09000015258789
2017-11-21,56.380001068115234,57.220001220703125,56.31999969482422,56.83000183105469
2017-11-22,57.119998931884766,58.150001525878906,57.029998779296875,58.02000045776367
2017-11-24,58.04999923706055,59.04999923706055,57.75,58.95000076293945
2017-11-27,58.95000076293945,58.9900016784668,57.54999923706055,58.11000061035156
2017-11-28,57.86000061035156,58.11000061035156,57.41999816894531,57.9900016784668
2017-11-29,57.72999954223633,58.29999923706055,56.75,57.29999923706055
2017-11-30,57.40999984741211,57.97999954223633,56.81999969482422,57.400001525878906
2017-12-01,57.41999816894531,58.880001068115234,57.290000915527344,58.36000061035156
2017-12-04,58.31999969482422,58.34000015258789,57.349998474121094,57.470001220703125
2017-12-05,57.47999954223633,57.91999816894531,57.08000183105469,57.619998931884766
2017-12-06,57.45000076293945,57.56999969482422,55.869998931884766,55.959999084472656
2017-12-07,56.0,56.779998779296875,55.81999969482422,56.689998626708984
2017-12-08,56.650001525878906,57.790000915527344,56.540000915527344,57.36000061035156
2017-12-11,57.25,58.08000183105469,56.90999984741211,57.9900016784668
2017-12-12,58.02000045776367,58.560001373291016,56.849998474121094,57.13999938964844
2017-12-13,57.45000076293945,57.83000183105469,56.54999923706055,56.599998474121094
2017-12-14,56.70000076293945,57.220001220703125,56.09000015258789,57.040000915527344
2017-12-15,57.150001525878906,57.4900016784668,56.939998626708984,57.29999923706055
2017-12-18,57.369998931884766,57.779998779296875,56.81999969482422,57.15999984741211
2017-12-19,57.29999923706055,57.63999938964844,57.15999984741211,57.459999084472656
2017-12-20,57.65999984741211,58.119998931884766,57.439998626708984,58.09000015258789
2017-12-21,58.02000045776367,58.380001068115234,57.630001068115234,58.36000061035156
2017-12-22,58.209999084472656,58.5,57.869998931884766,58.470001220703125
2017-12-26,58.400001525878906,60.0099983215332,58.31999969482422,59.970001220703125
2017-12-27,59.790000915527344,59.93000030517578,59.33000183105469,59.63999938964844
2017-12-28,59.529998779296875,59.939998626708984,59.439998626708984,59.84000015258789
2017-12-29,59.90999984741211,60.5099983215332,59.81999969482422,60.41999816894531
2018-01-02,60.20000076293945,60.7400016784668,60.099998474121094,60.369998931884766
2018-01-03,60.38999938964844,61.970001220703125,60.279998779296875,61.630001068115234
2018-01-04,61.959999084472656,62.209999084472656,61.59000015258789,62.0099983215332
2018-01-05,61.900001525878906,62.040000915527344,61.09000015258789,61.439998626708984
2018-01-08,61.61000061035156,61.970001220703125,61.34000015258789,61.72999954223633
2018-01-09,61.91999816894531,63.47999954223633,61.79999923706055,62.959999084472656
2018-01-10,63.40999984741211,63.66999816894531,63.09000015258789,63.56999969482422
2018-01-11,63.5,64.7699966430664,63.43000030517578,63.79999923706055
2018-01-12,63.56999969482422,64.5,63.060001373291016,64.30000305175781
2018-01-16,64.43000030517578,64.88999938964844,63.38999938964844,63.72999954223633
2018-01-17,63.88999938964844,64.16999816894531,63.310001373291016,63.970001220703125
2018-01-18,64.06999969482422,64.3499984741211,63.470001220703125,63.95000076293945
2018-01-19,63.7400016784668,63.77000045776367,62.849998474121094,63.369998931884766
2018-01-22,63.61000061035156,64.13999938964844,63.16999816894531,63.4900016784668
2018-01-23,63.880001068115234,64.87999725341797,63.70000076293945,64.47000122070312
2018-01-24,64.41999816894531,66.05000305175781,64.33999633789062,65.61000061035156
2018-01-25,65.87999725341797,66.66000366210938,65.08000183105469,65.51000213623047
2018-01-26,65.25,66.3499984741211,64.91000366210938,66.13999938964844
2018-01-29,66.18000030517578,66.45999908447266,64.9800033569336,65.55999755859375
2018-01-30,65.52999877929688,65.55999755859375,63.88999938964844,64.5
2018-01-31,64.02999877929688,64.94000244140625,63.66999816894531,64.7300033569336
2018-02-01,64.76000213623047,66.25,64.62999725341797,65.80000305175781
2018-02-02,65.98999786376953,66.30000305175781,64.47000122070312,65.44999694824219
2018-02-05,65.0999984741211,65.4000015258789,63.41999816894531,64.1500015258789
2018-02-06,63.43000030517578,64.29000091552734,63.119998931884766,63.38999938964844
2018-02-07,63.91999816894531,64.18000030517578,61.25,61.790000915527344
2018-02-08,61.70000076293945,62.09000015258789,60.27000045776367,61.150001525878906
2018-02-09,60.43000030517578,60.77000045776367,58.06999969482422,59.20000076293945
2018-02-12,59.119998931884766,60.83000183105469,59.099998474121094,59.290000915527344
2018-02-13,59.349998474121094,59.72999954223633,58.38999938964844,59.189998626708984
2018-02-14,58.97999954223633,60.900001525878906,58.20000076293945,60.599998474121094
2018-02-15,60.709999084472656,61.63999938964844,59.720001220703125,61.34000015258789
2018-02-16,61.45000076293945,61.9900016784668,60.880001068115234,61.68000030517578
2018-02-20,61.630001068115234,62.7400016784668,61.58000183105469,61.900001525878906
2018-02-21,61.630001068115234,61.86000061035156,60.91999816894531,61.68000030517578
2018-02-22,61.34000015258789,63.09000015258789,60.75,62.77000045776367
2018-02-23,62.599998474121094,63.72999954223633,62.33000183105469,63.54999923706055
2018-02-26,63.599998474121094,64.23999786376953,63.060001373291016,63.90999984741211
2018-02-27,64.05999755859375,64.08000183105469,62.63999938964844,63.0099983215332
2018-02-28,62.790000915527344,63.439998626708984,61.36000061035156,61.63999938964844
2018-03-01,61.54999923706055,61.83000183105469,60.18000030517578,60.9900016784668
2018-03-02,61.34000015258789,61.599998474121094,60.130001068115234,61.25
2018-03-05,61.54999923706055,62.790000915527344,61.099998474121094,62.56999969482422
2018-03-06,62.58000183105469,63.279998779296875,62.16999816894531,62.599998474121094
2018-03-07,62.29999923706055,62.58000183105469,60.58000183105469,61.150001525878906
2018-03-08,61.33000183105469,61.400001525878906,59.95000076293945,60.119998931884766
2018-03-09,60.27000045776367,62.18000030517578,60.13999938964844,62.040000915527344
2018-03-12,62.099998474121094,62.33000183105469,60.66999816894531,61.36000061035156
2018-03-13,61.369998931884766,61.970001220703125,60.27000045776367,60.709999084472656
2018-03-14,60.869998931884766,61.33000183105469,60.11000061035156,60.959999084472656
2018-03-15,60.95000076293945,61.540000915527344,60.81999969482422,61.189998626708984
2018-03-16,61.189998626708984,62.540000915527344,61.08000183105469,62.34000015258789
2018-03-19,62.22999954223633,62.349998474121094,61.36000061035156,62.060001373291016
2018-03-20,62.099998474121094,63.810001373291016,62.08000183105469,63.400001525878906
2018-03-21,63.720001220703125,65.55000305175781,63.58000183105469,65.16999816894531
2018-03-22,65.5,65.73999786376953,64.13999938964844,64.30000305175781
2018-03-23,64.27999877929688,66.0,64.11000061035156,65.87999725341797
2018-03-26,65.9000015258789,66.55000305175781,65.08000183105469,65.55000305175781
2018-03-27,65.52999877929688,66.41000366210938,64.52999877929688,65.25
2018-03-28,64.69999694824219,65.12999725341797,63.720001220703125,64.37999725341797
2018-03-29,64.69000244140625,65.26000213623047,64.16000366210938,64.94000244140625
2018-04-02,64.91000366210938,65.41999816894531,62.79999923706055,63.0099983215332
2018-04-03,62.88999938964844,63.86000061035156,62.86000061035156,63.5099983215332
2018-04-04,63.59000015258789,63.63999938964844,62.060001373291016,63.369998931884766
2018-04-05,63.599998474121094,64.12000274658203,63.06999969482422,63.540000915527344
2018-04-06,63.70000076293945,63.790000915527344,61.810001373291016,62.060001373291016
2018-04-09,62.0,63.61000061035156,61.93000030517578,63.41999816894531
2018-04-10,63.29999923706055,65.86000061035156,63.20000076293945,65.51000213623047
2018-04-11,65.58999633789062,67.44999694824219,65.1500015258789,66.81999969482422
2018-04-12,66.75,67.33000183105469,66.0,67.06999969482422
2018-04-13,67.18000030517578,67.76000213623047,66.69999694824219,67.38999938964844
2018-04-16,67.23999786376953,67.73999786376953,66.12999725341797,66.22000122070312
2018-04-17,66.41999816894531,66.75,65.55999755859375,66.5199966430664
2018-04-18,66.68000030517578,68.91000366210938,66.55999755859375,68.47000122070312
2018-04-19,68.75,69.55999755859375,67.9800033569336,68.29000091552734
2018-04-20,68.26000213623047,68.62000274658203,67.5,68.37999725341797
2018-04-23,68.22000122070312,69.02999877929688,67.13999938964844,68.63999938964844
2018-04-24,68.94999694824219,69.37999725341797,67.54000091552734,67.69999694824219
2018-04-25,67.75,68.18000030517578,67.11000061035156,68.05000305175781
2018-04-26,68.02999877929688,68.77999877929688,67.70999908447266,68.19000244140625
2018-04-27,68.20999908447266,68.36000061035156,67.63999938964844,68.0999984741211
2018-04-30,68.1500015258789,69.33999633789062,67.16999816894531,68.56999969482422
2018-05-01,68.55999755859375,68.9000015258789,66.8499984741211,67.25
2018-05-02,67.48999786376953,68.13999938964844,66.91999816894531,67.93000030517578
2018-05-03,67.68000030517578,68.5999984741211,67.20999908447266,68.43000030517578
2018-05-04,68.5,69.97000122070312,68.12000274658203,69.72000122070312
2018-05-07,69.8499984741211,70.83999633789062,69.51000213623047,70.7300033569336
2018-05-08,70.02999877929688,70.4000015258789,67.62999725341797,69.05999755859375
2018-05-09,70.05000305175781,71.36000061035156,69.8499984741211,71.13999938964844
2018-05-10,71.2300033569336,71.88999938964844,70.55999755859375,71.36000061035156
2018-05-11,71.44999694824219,71.62999725341797,70.44999694824219,70.69999694824219
2018-05-14,70.54000091552734,71.26000213623047,70.26000213623047,70.95999908447266
2018-05-15,71.1500015258789,71.91999816894531,70.41999816894531,71.30999755859375
2018-05-16,71.0199966430664,71.58999633789062,70.66000366210938,71.48999786376953
2018-05-17,71.55999755859375,72.30000305175781,71.08999633789062,71.48999786376953
2018-05-18,71.5999984741211,71.75,70.98999786376953,71.27999877929688
2018-05-21,71.47000122070312,72.58999633789062,71.25,72.23999786376953
2018-05-22,72.52999877929688,72.83000183105469,71.9000015258789,72.12999725341797
2018-05-23,72.11000061035156,72.26000213623047,71.19000244140625,71.83999633789062
2018-05-24,71.83000183105469,72.0,70.5199966430664,70.70999908447266
2018-05-25,70.6500015258789,70.80000305175781,67.41999816894531,67.87999725341797
2018-05-29,66.48999786376953,67.3499984741211,65.91999816894531,66.7300033569336
2018-05-30,66.8499984741211,68.66999816894531,66.3499984741211,68.20999908447266
2018-05-31,68.23999786376953,68.30000305175781,66.55999755859375,67.04000091552734
2018-06-01,67.06999969482422,67.33999633789062,65.51000213623047,65.80999755859375
2018-06-04,65.70999908447266,66.04000091552734,64.56999969482422,64.75
2018-06-05,64.94000244140625,65.56999969482422,64.22000122070312,65.5199966430664
2018-06-06,65.51000213623047,65.95999908447266,64.2699966430664,64.7300033569336
2018-06-07,65.06999969482422,66.06999969482422,64.80999755859375,65.94999694824219
2018-06-08,65.9800033569336,66.23999786376953,65.1500015258789,65.73999786376953
2018-06-11,65.55999755859375,66.3499984741211,64.8499984741211,66.0999984741211
2018-06-12,66.05000305175781,66.69999694824219,65.87000274658203,66.36000061035156
2018-06-13,66.01000213623047,66.88999938964844,65.5199966430664,66.63999938964844
2018-06-14,66.62000274658203,67.16000366210938,66.36000061035156,66.88999938964844
2018-06-15,66.62000274658203,67.16000366210938,64.29000091552734,65.05999755859375
2018-06-18,64.4000015258789,65.9800033569336,63.59000015258789,65.8499984741211
2018-06-19,65.81999969482422,65.9000015258789,64.38999938964844,65.06999969482422
2018-06-20,65.11000061035156,66.52999877929688,65.01000213623047,66.22000122070312
2018-06-21,65.33999633789062,66.22000122070312,64.33999633789062,65.54000091552734
2018-06-22,65.93000030517578,69.37999725341797,65.70999908447266,68.58000183105469
2018-06-25,68.75,69.44000244140625,67.77999877929688,68.08000183105469
2018-06-26,68.20999908447266,70.91000366210938,67.72000122070312,70.52999877929688
2018-06-27,70.68000030517578,73.05999755859375,70.55999755859375,72.76000213623047
2018-06-28,72.2699966430664,74.02999877929688,72.19999694824219,73.44999694824219
2018-06-29,73.33000183105469,74.45999908447266,72.93000030517578,74.1500015258789
2018-07-02,73.62000274658203,74.3499984741211,72.51000213623047,73.94000244140625
2018-07-03,74.08000183105469,75.2699966430664,72.7300033569336,74.13999938964844
2018-07-05,74.3499984741211,74.80000305175781,72.52999877929688,72.94000244140625
2018-07-06,73.16000366210938,74.01000213623047,72.13999938964844,73.80000305175781
2018-07-09,73.87000274658203,74.27999877929688,72.98999786376953,73.8499984741211
2018-07-10,74.04000091552734,74.69999694824219,73.6500015258789,74.11000061035156
2018-07-11,74.19999694824219,74.26000213623047,70.0199966430664,70.37999725341797
2018-07-12,70.5999984741211,71.23999786376953,69.2300033569336,70.33000183105469
2018-07-13,70.37999725341797,71.66000366210938,69.83999633789062,71.01000213623047
2018-07-16,70.5199966430664,70.87000274658203,67.58000183105469,68.05999755859375
2018-07-17,68.02999877929688,68.44000244140625,67.02999877929688,68.08000183105469
2018-07-18,67.61000061035156,69.05999755859375,67.04000091552734,68.76000213623047
2018-07-19,69.0,70.16999816894531,67.80000305175781,69.45999908447266
2018-07-20,69.38999938964844,71.0999984741211,69.37000274658203,70.45999908447266
2018-07-23,68.16999816894531,69.30999755859375,67.5999984741211,67.88999938964844
2018-07-24,67.80000305175781,69.05000305175781,67.55999755859375,68.5199966430664
2018-07-25,68.7699966430664,69.69999694824219,68.19999694824219,69.30000305175781
2018-07-26,69.37999725341797,69.91999816894531,68.91999816894531,69.61000061035156
2018-07-27,69.58000183105469,69.7699966430664,68.26000213623047,68.69000244140625
2018-07-30,69.01000213623047,70.43000030517578,68.80000305175781,70.12999725341797
2018-07-31,70.05000305175781,70.22000122070312,67.9800033569336,68.76000213623047
2018-08-01,68.43000030517578,68.5199966430664,67.30999755859375,67.66000366210938
2018-08-02,67.86000061035156,69.36000061035156,66.91999816894531,68.95999908447266
2018-08-03,68.98999786376953,69.23999786376953,67.87000274658203,68.48999786376953
2018-08-06,68.6500015258789,69.91999816894531,68.5,69.01000213623047
2018-08-07,68.9000015258789,69.83000183105469,68.80999755859375,69.16999816894531
2018-08-08,69.08999633789062,69.37000274658203,66.31999969482422,66.94000244140625
2018-08-09,66.79000091552734,67.41000366210938,66.48999786376953,66.80999755859375
2018-08-10,66.73999786376953,67.87000274658203,66.13999938964844,67.62999725341797
2018-08-13,67.77999877929688,67.94999694824219,65.70999908447266,67.19999694824219
2018-08-14,67.41999816894531,68.37000274658203,66.58000183105469,67.04000091552734
2018-08-15,66.62000274658203,66.9000015258789,64.51000213623047,65.01000213623047
2018-08-16,64.94999694824219,65.5199966430664,64.43000030517578,65.45999908447266
2018-08-17,65.47000122070312,66.38999938964844,65.30000305175781,65.91000366210938
2018-08-20,65.91000366210938,66.68000030517578,65.58999633789062,66.43000030517578
2018-08-21,66.62000274658203,68.0999984741211,66.5199966430664,67.3499984741211
2018-08-22,66.08000183105469,68.1500015258789,65.9800033569336,67.86000061035156
2018-08-23,68.06999969482422,68.12000274658203,67.31999969482422,67.83000183105469
2018-08-24,67.9000015258789,69.30999755859375,67.77999877929688,68.72000122070312
2018-08-27,68.56999969482422,68.97000122070312,68.33999633789062,68.87000274658203
2018-08-28,68.93000030517578,69.19999694824219,68.20999908447266,68.52999877929688
2018-08-29,68.54000091552734,69.76000213623047,68.37000274658203,69.51000213623047
2018-08-30,69.70999908447266,70.5,69.55000305175781,70.25
2018-08-31,70.05999755859375,70.36000061035156,69.63999938964844,69.80000305175781
2018-09-04,70.12000274658203,71.4000015258789,69.08000183105469,69.87000274658203
2018-09-05,69.43000030517578,69.58999633789062,68.55999755859375,68.72000122070312
2018-09-06,68.63999938964844,69.0199966430664,67.0,67.7699966430664
2018-09-07,67.87999725341797,68.08000183105469,66.86000061035156,67.75
2018-09-10,67.81999969482422,68.5199966430664,67.33000183105469,67.54000091552734
2018-09-11,67.52999877929688,70.01000213623047,67.4800033569336,69.25
2018-09-12,69.88999938964844,71.26000213623047,69.5,70.37000274658203
2018-09-13,70.23999786376953,70.27999877929688,68.3499984741211,68.58999633789062
2018-09-14,68.79000091552734,69.91000366210938,67.94000244140625,68.98999786376953
2018-09-17,68.93000030517578,69.72000122070312,68.52999877929688,68.91000366210938
2018-09-18,68.80000305175781,70.41999816894531,68.52999877929688,69.8499984741211
2018-09-19,69.70999908447266,71.5,69.6500015258789,71.12000274658203
2018-09-20,71.38999938964844,71.80999755859375,70.7300033569336,70.80000305175781
2018-09-21,70.19999694824219,71.80000305175781,69.9800033569336,70.77999877929688
2018-09-24,71.13999938964844,72.73999786376953,71.13999938964844,72.08000183105469
2018-09-25,72.25,72.77999877929688,71.88999938964844,72.27999877929688
2018-09-26,72.08999633789062,72.37999725341797,71.47000122070312,71.56999969482422
2018-09-27,72.01000213623047,72.5999984741211,71.70999908447266,72.12000274658203
2018-09-28,72.18000030517578,73.7300033569336,71.87999725341797,73.25
2018-10-01,73.29000091552734,75.7699966430664,72.94999694824219,75.30000305175781
2018-10-02,75.41999816894531,75.91000366210938,74.93000030517578,75.2300033569336
2018-10-03,75.12000274658203,76.9000015258789,74.30000305175781,76.41000366210938
2018-10-04,76.18000030517578,76.47000122070312,73.87999725341797,74.33000183105469
2018-10-05,74.66999816894531,75.22000122070312,73.83999633789062,74.33999633789062
2018-10-08,74.4000015258789,74.58000183105469,73.06999969482422,74.29000091552734
2018-10-09,74.20999908447266,75.27999877929688,74.0,74.95999908447266
2018-10-10,74.66000366210938,75.08000183105469,72.37999725341797,73.16999816894531
2018-10-11,72.68000030517578,72.76000213623047,70.51000213623047,70.97000122070312
2018-10-12,70.98999786376953,72.01000213623047,70.63999938964844,71.33999633789062
2018-10-15,71.8499984741211,72.69999694824219,70.8499984741211,71.77999877929688
2018-10-16,71.72000122070312,72.29000091552734,71.0199966430664,71.91999816894531
2018-10-17,72.16999816894531,72.43000030517578,69.43000030517578,69.75
2018-10-18,70.02999877929688,70.02999877929688,68.47000122070312,68.6500015258789
2018-10-19,68.68000030517578,69.7699966430664,68.55999755859375,69.12000274658203
2018-10-22,69.41000366210938,69.6500015258789,68.2699966430664,69.16999816894531
2018-10-23,69.55000305175781,69.66000366210938,65.73999786376953,66.43000030517578
2018-10-24,66.16999816894531,67.72000122070312,66.05000305175781,66.81999969482422
2018-10-25,66.36000061035156,67.6500015258789,65.98999786376953,67.33000183105469
2018-10-26,66.94999694824219,67.87999725341797,66.19999694824219,67.58999633789062
2018-10-29,67.55000305175781,67.94999694824219,66.29000091552734,67.04000091552734
2018-10-30,66.68000030517578,67.26000213623047,65.33000183105469,66.18000030517578
2018-10-31,66.31999969482422,67.0,64.80999755859375,65.30999755859375
2018-11-01,64.87999725341797,65.38999938964844,63.11000061035156,63.689998626708984
2018-11-02,63.5,63.95000076293945,62.630001068115234,63.13999938964844
2018-11-05,62.9900016784668,64.13999938964844,62.52000045776367,63.099998474121094
2018-11-06,62.70000076293945,63.31999969482422,61.310001373291016,62.209999084472656
2018-11-07,61.7400016784668,63.18000030517578,61.20000076293945,61.66999816894531
2018-11-08,61.63999938964844,62.41999816894531,60.400001525878906,60.66999816894531
2018-11-09,60.75,60.790000915527344,59.2599983215332,60.189998626708984
2018-11-12,60.70000076293945,61.279998779296875,58.68000030517578,59.93000030517578
2018-11-13,58.880001068115234,59.349998474121094,54.75,55.689998626708984
2018-11-14,55.27000045776367,57.369998931884766,55.130001068115234,56.25
2018-11-15,56.02000045776367,57.2599983215332,55.59000015258789,56.459999084472656
2018-11-16,56.58000183105469,57.959999084472656,55.88999938964844,56.459999084472656
2018-11-19,56.720001220703125,57.33000183105469,55.08000183105469,56.7599983215332
2018-11-20,57.38999938964844,57.439998626708984,52.77000045776367,53.43000030517578
2018-11-21,53.38999938964844,55.86000061035156,53.38999938964844,54.630001068115234
2018-11-23,53.869998931884766,54.119998931884766,50.150001525878906,50.41999816894531
2018-11-26,50.619998931884766,52.25,50.099998474121094,51.630001068115234
2018-11-27,51.540000915527344,52.380001068115234,50.29999923706055,51.560001373291016
2018-11-28,52.09000015258789,52.560001373291016,50.060001373291016,50.290000915527344
2018-11-29,50.310001373291016,52.20000076293945,49.40999984741211,51.45000076293945
2018-11-30,51.27000045776367,51.790000915527344,49.650001525878906,50.93000030517578
2018-12-03,52.45000076293945,53.849998474121094,52.029998779296875,52.95000076293945
2018-12-04,53.130001068115234,54.54999923706055,52.43000030517578,53.25
2018-12-06,52.93000030517578,53.29999923706055,50.08000183105469,51.4900016784668
2018-12-07,51.7599983215332,54.220001220703125,50.599998474121094,52.61000061035156
2018-12-10,52.029998779296875,52.810001373291016,50.529998779296875,51.0
2018-12-11,50.88999938964844,52.43000030517578,50.70000076293945,51.650001525878906
2018-12-12,51.95000076293945,52.880001068115234,50.939998626708984,51.150001525878906
2018-12-13,51.20000076293945,53.27000045776367,50.349998474121094,52.58000183105469
2018-12-14,52.83000183105469,52.95000076293945,50.84000015258789,51.20000076293945
2018-12-17,51.25,51.869998931884766,49.0099983215332,49.880001068115234
2018-12-18,49.15999984741211,49.59000015258789,45.790000915527344,46.2400016784668
2018-12-19,45.93000030517578,48.0,45.93000030517578,47.20000076293945
2018-12-20,47.38999938964844,47.5099983215332,45.66999816894531,45.880001068115234
2018-12-21,46.25,46.77000045776367,45.130001068115234,45.59000015258789
2018-12-24,45.45000076293945,46.2400016784668,42.36000061035156,42.529998779296875
2018-12-26,42.849998474121094,47.0,42.52000045776367,46.220001220703125
2018-12-27,46.58000183105469,46.70000076293945,44.369998931884766,44.61000061035156
2018-12-28,45.439998626708984,46.220001220703125,44.41999816894531,45.33000183105469
2018-12-31,45.220001220703125,46.529998779296875,44.72999954223633,45.40999984741211
2019-01-02,45.79999923706055,47.779998779296875,44.349998474121094,46.540000915527344
2019-01-03,46.2599983215332,47.4900016784668,45.349998474121094,47.09000015258789
2019-01-04,46.900001525878906,49.220001220703125,46.650001525878906,47.959999084472656
2019-01-07,48.29999923706055,49.790000915527344,48.11000061035156,48.52000045776367
2019-01-08,48.72999954223633,49.95000076293945,48.310001373291016,49.779998779296875
2019-01-09,49.79999923706055,52.58000183105469,49.709999084472656,52.36000061035156
2019-01-10,52.18000030517578,52.779998779296875,51.369998931884766,52.59000015258789
2019-01-11,52.279998779296875,53.310001373291016,51.18000030517578,51.59000015258789
2019-01-14,51.72999954223633,52.11000061035156,50.380001068115234,50.5099983215332
2019-01-15,50.779998779296875,52.29999923706055,50.63999938964844,52.11000061035156
2019-01-16,52.0,52.52000045776367,51.2599983215332,52.310001373291016
2019-01-17,52.29999923706055,52.58000183105469,50.97999954223633,52.06999969482422
2019-01-18,52.22999954223633,53.91999816894531,52.09000015258789,53.79999923706055
2019-01-22,53.72999954223633,54.2400016784668,51.79999923706055,52.56999969482422
2019-01-23,52.95000076293945,53.63999938964844,51.86000061035156,52.619998931884766
2019-01-24,52.45000076293945,53.470001220703125,52.06999969482422,53.130001068115234
2019-01-25,53.16999816894531,53.939998626708984,52.90999984741211,53.689998626708984
2019-01-28,53.560001373291016,53.63999938964844,51.33000183105469,51.9900016784668
2019-01-29,52.119998931884766,53.93000030517578,51.84000015258789,53.310001373291016
2019-01-30,53.2400016784668,54.93000030517578,53.09000015258789,54.22999954223633
2019-01-31,54.279998779296875,55.369998931884766,53.619998931884766,53.790000915527344
2019-02-01,54.0099983215332,55.65999984741211,53.369998931884766,55.2599983215332
2019-02-04,55.31999969482422,55.75,53.290000915527344,54.560001373291016
2019-02-05,54.86000061035156,55.209999084472656,53.470001220703125,53.65999984741211
2019-02-06,53.72999954223633,54.29999923706055,52.86000061035156,54.0099983215332
2019-02-07,53.939998626708984,54.209999084472656,51.79999923706055,52.63999938964844
2019-02-08,52.59000015258789,52.9900016784668,52.08000183105469,52.720001220703125
2019-02-11,52.65999984741211,52.779998779296875,51.22999954223633,52.40999984741211
2019-02-12,52.470001220703125,54.04999923706055,52.290000915527344,53.099998474121094
2019-02-13,53.349998474121094,54.599998474121094,53.27000045776367,53.900001525878906
2019-02-14,53.959999084472656,54.68000030517578,53.08000183105469,54.40999984741211
2019-02-15,54.47999954223633,55.869998931884766,54.2400016784668,55.59000015258789
2019-02-19,55.779998779296875,56.33000183105469,55.290000915527344,56.09000015258789
2019-02-20,55.939998626708984,57.54999923706055,55.47999954223633,56.91999816894531
2019-02-21,57.2400016784668,57.61000061035156,56.63999938964844,56.959999084472656
2019-02-22,56.84000015258789,57.810001373291016,56.709999084472656,57.2599983215332
2019-02-25,57.16999816894531,57.529998779296875,55.08000183105469,55.47999954223633
2019-02-26,55.459999084472656,56.08000183105469,55.02000045776367,55.5
2019-02-27,55.95000076293945,57.38999938964844,55.720001220703125,56.939998626708984
2019-02-28,57.0,57.43000030517578,56.43000030517578,57.220001220703125
2019-03-01,57.220001220703125,57.880001068115234,55.56999969482422,55.79999923706055
2019-03-04,55.83000183105469,57.0,55.810001373291016,56.59000015258789
2019-03-05,56.45000076293945,57.189998626708984,56.09000015258789,56.560001373291016
2019-03-06,56.279998779296875,56.400001525878906,55.41999816894531,56.220001220703125
2019-03-07,56.20000076293945,56.9900016784668,56.08000183105469,56.65999984741211
2019-03-08,56.43000030517578,56.5099983215332,54.52000045776367,56.06999969482422
2019-03-11,56.06999969482422,57.0099983215332,55.959999084472656,56.790000915527344
2019-03-12,56.7599983215332,57.54999923706055,56.7400016784668,56.869998931884766
2019-03-13,57.09000015258789,58.47999954223633,57.0099983215332,58.2599983215332
2019-03-14,58.349998474121094,58.7400016784668,58.0,58.61000061035156
2019-03-15,58.5099983215332,58.95000076293945,57.7400016784668,58.52000045776367
2019-03-18,58.45000076293945,59.22999954223633,58.04999923706055,59.09000015258789
2019-03-19,59.0099983215332,59.56999969482422,58.619998931884766,59.029998779296875
2019-03-20,59.02000045776367,60.119998931884766,58.38999938964844,59.83000183105469
2019-03-21,59.9900016784668,60.38999938964844,59.65999984741211,59.97999954223633
2019-03-22,59.869998931884766,60.06999969482422,58.279998779296875,59.040000915527344
2019-03-25,58.97999954223633,59.349998474121094,58.16999816894531,58.81999969482422
2019-03-26,59.119998931884766,60.380001068115234,59.040000915527344,59.939998626708984
2019-03-27,60.029998779296875,60.220001220703125,58.810001373291016,59.40999984741211
2019-03-28,59.400001525878906,59.560001373291016,58.20000076293945,59.29999923706055
2019-03-29,59.529998779296875,60.72999954223633,59.40999984741211,60.13999938964844
2019-04-01,60.2400016784668,61.79999923706055,60.130001068115234,61.59000015258789
2019-04-02,61.810001373291016,62.75,61.599998474121094,62.58000183105469
2019-04-03,62.63999938964844,62.9900016784668,62.04999923706055,62.459999084472656
2019-04-04,62.5,62.77000045776367,61.88999938964844,62.099998474121094
2019-04-05,62.18000030517578,63.34000015258789,61.81999969482422,63.08000183105469
2019-04-08,63.33000183105469,64.4800033569336,63.130001068115234,64.4000015258789
2019-04-09,64.4000015258789,64.79000091552734,63.68000030517578,63.97999954223633
2019-04-10,64.22000122070312,64.69999694824219,64.05000305175781,64.61000061035156
2019-04-11,64.4800033569336,64.48999786376953,63.310001373291016,63.58000183105469
2019-04-12,63.709999084472656,64.6500015258789,63.65999984741211,63.88999938964844
2019-04-15,63.7599983215332,63.84000015258789,63.029998779296875,63.400001525878906
2019-04-16,63.56999969482422,64.37000274658203,62.9900016784668,64.05000305175781
2019-04-17,64.31999969482422,64.61000061035156,63.65999984741211,63.7599983215332
2019-04-18,63.75,64.16000366210938,63.459999084472656,64.0
2019-04-22,64.0,65.91999816894531,64.0,65.69999694824219
2019-04-23,65.75,66.5999984741211,65.58000183105469,66.30000305175781
2019-04-24,66.16999816894531,66.43000030517578,65.66000366210938,65.88999938964844
2019-04-25,65.80999755859375,66.27999877929688,64.9000015258789,65.20999908447266
2019-04-26,65.12999725341797,65.18000030517578,62.279998779296875,63.29999923706055
2019-04-29,62.95000076293945,63.689998626708984,62.459999084472656,63.5
2019-04-30,63.58000183105469,64.75,63.29999923706055,63.90999984741211
2019-05-01,63.400001525878906,63.93000030517578,62.77000045776367,63.599998474121094
2019-05-02,63.61000061035156,63.68000030517578,60.95000076293945,61.810001373291016
2019-05-03,61.54999923706055,62.52000045776367,61.29999923706055,61.939998626708984
2019-05-06,61.43000030517578,62.95000076293945,60.040000915527344,62.25
2019-05-07,62.16999816894531,62.4900016784668,60.65999984741211,61.400001525878906
2019-05-08,61.439998626708984,62.369998931884766,61.06999969482422,62.119998931884766
2019-05-09,62.02000045776367,62.209999084472656,60.91999816894531,61.70000076293945
2019-05-10,61.63999938964844,62.4900016784668,61.41999816894531,61.65999984741211
2019-05-13,61.650001525878906,63.33000183105469,60.63999938964844,61.040000915527344
2019-05-14,60.86000061035156,62.11000061035156,60.689998626708984,61.779998779296875
2019-05-15,61.369998931884766,62.34000015258789,60.849998474121094,62.02000045776367
2019-05-16,62.119998931884766,63.47999954223633,62.08000183105469,62.869998931884766
2019-05-17,63.119998931884766,63.63999938964844,62.52000045776367,62.7599983215332
2019-05-20,63.529998779296875,63.810001373291016,62.45000076293945,63.099998474121094
2019-05-21,63.279998779296875,63.599998474121094,62.75,62.9900016784668
2019-05-22,62.63999938964844,62.779998779296875,61.029998779296875,61.41999816894531
2019-05-23,61.27000045776367,61.290000915527344,57.33000183105469,57.90999984741211
2019-05-24,58.209999084472656,59.099998474121094,57.5,58.630001068115234
2019-05-28,58.939998626708984,59.56999969482422,58.130001068115234,59.13999938964844
2019-05-29,59.06999969482422,59.13999938964844,56.880001068115234,58.810001373291016
2019-05-30,59.119998931884766,59.70000076293945,56.33000183105469,56.59000015258789
2019-05-31,56.459999084472656,56.61000061035156,53.04999923706055,53.5
2019-06-03,53.41999816894531,54.630001068115234,52.11000061035156,53.25
2019-06-04,52.88999938964844,53.779998779296875,52.43000030517578,53.47999954223633
2019-06-05,52.86000061035156,53.40999984741211,50.599998474121094,51.68000030517578
2019-06-06,51.65999984741211,53.29999923706055,51.16999816894531,52.59000015258789
2019-06-07,53.099998474121094,54.31999969482422,52.619998931884766,53.9900016784668
2019-06-10,54.2400016784668,54.84000015258789,53.04999923706055,53.2599983215332
2019-06-11,53.43000030517578,54.040000915527344,52.90999984741211,53.27000045776367
2019-06-12,53.040000915527344,53.04999923706055,50.720001220703125,51.13999938964844
2019-06-13,51.06999969482422,53.45000076293945,50.91999816894531,52.279998779296875
2019-06-14,52.18000030517578,52.97999954223633,51.70000076293945,52.5099983215332
2019-06-17,52.5,52.7400016784668,51.58000183105469,51.93000030517578
2019-06-18,51.95000076293945,54.310001373291016,51.5,53.900001525878906
2019-06-19,54.09000015258789,54.41999816894531,53.279998779296875,53.7599983215332
2019-06-20,54.119998931884766,57.02000045776367,54.11000061035156,56.650001525878906
2019-06-21,57.2599983215332,57.97999954223633,56.65999984741211,57.43000030517578
2019-06-24,57.720001220703125,58.220001220703125,56.75,57.900001525878906
2019-06-25,57.7400016784668,58.84000015258789,57.20000076293945,57.83000183105469
2019-06-26,58.84000015258789,59.93000030517578,58.650001525878906,59.380001068115234
2019-06-27,59.27000045776367,59.72999954223633,58.61000061035156,59.43000030517578
2019-06-28,59.220001220703125,59.79999923706055,57.75,58.470001220703125
2019-07-01,59.27000045776367,60.279998779296875,58.34000015258789,59.09000015258789
2019-07-02,59.13999938964844,59.43000030517578,56.09000015258789,56.25
2019-07-03,56.4900016784668,57.47999954223633,56.040000915527344,57.34000015258789
2019-07-05,57.380001068115234,57.81999969482422,56.290000915527344,57.5099983215332
2019-07-08,57.77000045776367,58.459999084472656,57.29999923706055,57.65999984741211
2019-07-09,57.560001373291016,59.099998474121094,57.290000915527344,57.83000183105469
2019-07-10,58.400001525878906,60.529998779296875,58.349998474121094,60.43000030517578
2019-07-11,60.439998626708984,60.939998626708984,60.13999938964844,60.20000076293945
2019-07-12,60.459999084472656,60.7400016784668,59.93000030517578,60.209999084472656
2019-07-15,60.25,60.91999816894531,59.20000076293945,59.58000183105469
2019-07-16,59.2599983215332,60.060001373291016,57.06999969482422,57.619998931884766
2019-07-17,57.52000045776367,58.36000061035156,56.209999084472656,56.779998779296875
2019-07-18,56.599998474121094,57.31999969482422,54.720001220703125,55.29999923706055
2019-07-19,55.720001220703125,56.36000061035156,54.9900016784668,55.630001068115234
2019-07-22,56.220001220703125,56.84000015258789,55.720001220703125,56.220001220703125
2019-07-23,56.16999816894531,57.470001220703125,55.7400016784668,56.77000045776367
2019-07-24,57.22999954223633,57.63999938964844,55.33000183105469,55.880001068115234
2019-07-25,55.900001525878906,56.9900016784668,55.810001373291016,56.02000045776367
2019-07-26,55.93000030517578,56.56999969482422,55.68000030517578,56.20000076293945
2019-07-29,56.20000076293945,57.099998474121094,55.810001373291016,56.869998931884766
2019-07-30,57.06999969482422,58.470001220703125,56.959999084472656,58.04999923706055
2019-07-31,58.34000015258789,58.81999969482422,57.810001373291016,58.58000183105469
2019-08-01,57.849998474121094,57.9900016784668,53.59000015258789,53.95000076293945
2019-08-02,54.540000915527344,56.04999923706055,54.150001525878906,55.65999984741211
2019-08-05,55.380001068115234,55.61000061035156,54.220001220703125,54.689998626708984
2019-08-06,54.95000076293945,55.41999816894531,53.290000915527344,53.630001068115234
2019-08-07,53.41999816894531,53.77000045776367,50.52000045776367,51.09000015258789
2019-08-08,52.33000183105469,53.060001373291016,51.939998626708984,52.540000915527344
2019-08-09,52.880001068115234,54.91999816894531,52.369998931884766,54.5
2019-08-12,54.31999969482422,55.18000030517578,53.540000915527344,54.93000030517578
2019-08-13,54.72999954223633,57.470001220703125,54.209999084472656,57.099998474121094
2019-08-14,56.7400016784668,56.849998474121094,53.970001220703125,55.22999954223633
2019-08-15,54.900001525878906,55.33000183105469,53.77000045776367,54.470001220703125
2019-08-16,54.7400016784668,55.66999816894531,54.2599983215332,54.869998931884766
2019-08-19,54.959999084472656,56.40999984741211,54.84000015258789,56.209999084472656
2019-08-20,56.099998474121094,56.599998474121094,55.279998779296875,56.34000015258789
2019-08-21,56.04999923706055,57.130001068115234,55.54999923706055,55.68000030517578
2019-08-22,55.939998626708984,56.459999084472656,54.849998474121094,55.349998474121094
2019-08-23,55.349998474121094,55.599998474121094,53.2400016784668,54.16999816894531
2019-08-26,53.25,55.2599983215332,52.959999084472656,53.63999938964844
2019-08-27,53.7599983215332,55.720001220703125,53.689998626708984,54.93000030517578
2019-08-28,55.709999084472656,56.75,55.34000015258789,55.779998779296875
2019-08-29,55.880001068115234,56.88999938964844,55.43000030517578,56.709999084472656
2019-08-30,56.630001068115234,56.720001220703125,54.54999923706055,55.099998474121094
2019-09-03,55.0,55.2400016784668,52.84000015258789,53.939998626708984
2019-09-04,53.91999816894531,56.58000183105469,53.84000015258789,56.2599983215332
2019-09-05,55.95000076293945,57.7599983215332,55.75,56.29999923706055
2019-09-06,56.189998626708984,56.95000076293945,54.83000183105469,56.52000045776367
2019-09-09,56.79999923706055,58.15999984741211,56.58000183105469,57.849998474121094
2019-09-10,58.029998779296875,58.7599983215332,57.20000076293945,57.400001525878906
2019-09-11,57.88999938964844,58.29999923706055,55.61000061035156,55.75
2019-09-12,55.93000030517578,56.34000015258789,54.0,55.09000015258789
2019-09-13,55.150001525878906,55.68000030517578,54.439998626708984,54.849998474121094
2019-09-16,61.47999954223633,63.380001068115234,58.77000045776367,62.900001525878906
2019-09-17,61.959999084472656,62.59000015258789,58.459999084472656,59.34000015258789
2019-09-18,58.810001373291016,59.43000030517578,57.66999816894531,58.11000061035156
2019-09-19,58.20000076293945,59.540000915527344,58.0099983215332,58.130001068115234
2019-09-20,58.650001525878906,59.099998474121094,57.790000915527344,58.09000015258789
2019-09-23,59.25,59.38999938964844,57.369998931884766,58.63999938964844
2019-09-24,58.439998626708984,58.4900016784668,56.689998626708984,57.290000915527344
2019-09-25,56.70000076293945,57.02000045776367,55.54999923706055,56.4900016784668
2019-09-26,56.689998626708984,56.84000015258789,55.40999984741211,56.40999984741211
2019-09-27,56.5099983215332,56.7599983215332,54.75,55.90999984741211
2019-09-30,56.540000915527344,56.56999969482422,53.97999954223633,54.06999969482422
2019-10-01,54.279998779296875,54.84000015258789,53.04999923706055,53.619998931884766
2019-10-02,54.0,54.41999816894531,52.16999816894531,52.63999938964844
2019-10-03,52.470001220703125,52.90999984741211,50.9900016784668,52.45000076293945
2019-10-04,52.290000915527344,53.349998474121094,52.040000915527344,52.810001373291016
2019-10-07,52.689998626708984,54.060001373291016,52.59000015258789,52.75
2019-10-08,52.810001373291016,53.27000045776367,51.810001373291016,52.630001068115234
2019-10-09,52.56999969482422,53.7400016784668,52.310001373291016,52.59000015258789
2019-10-10,52.689998626708984,53.970001220703125,51.380001068115234,53.54999923706055
2019-10-11,53.880001068115234,54.93000030517578,53.63999938964844,54.70000076293945
2019-10-14,54.900001525878906,54.900001525878906,52.77000045776367,53.59000015258789
2019-10-15,53.5099983215332,53.790000915527344,52.38999938964844,52.810001373291016
2019-10-16,52.91999816894531,53.7400016784668,52.52000045776367,53.36000061035156
2019-10-17,52.9900016784668,54.15999984741211,52.619998931884766,53.93000030517578
2019-10-18,54.09000015258789,54.619998931884766,53.349998474121094,53.779998779296875
2019-10-21,53.709999084472656,54.029998779296875,52.709999084472656,53.310001373291016
2019-10-22,53.38999938964844,54.619998931884766,53.099998474121094,54.15999984741211
2019-10-23,54.29999923706055,56.06999969482422,53.619998931884766,55.970001220703125
2019-10-24,55.900001525878906,56.5099983215332,55.40999984741211,56.22999954223633
2019-10-25,56.06999969482422,56.7400016784668,55.599998474121094,56.65999984741211
2019-10-28,56.650001525878906,56.91999816894531,55.58000183105469,55.810001373291016
2019-10-29,55.79999923706055,55.90999984741211,54.61000061035156,55.540000915527344
2019-10-30,55.529998779296875,55.72999954223633,54.41999816894531,55.060001373291016
2019-10-31,54.900001525878906,55.59000015258789,53.709999084472656,54.18000030517578
2019-11-01,54.150001525878906,56.33000183105469,54.06999969482422,56.20000076293945
2019-11-04,56.40999984741211,57.43000030517578,55.83000183105469,56.540000915527344
2019-11-05,56.560001373291016,57.5,56.29999923706055,57.22999954223633
2019-11-06,57.2599983215332,57.849998474121094,56.11000061035156,56.349998474121094
2019-11-07,56.349998474121094,57.880001068115234,56.27000045776367,57.150001525878906
2019-11-08,57.08000183105469,57.47999954223633,55.7599983215332,57.2400016784668
2019-11-11,57.400001525878906,57.400001525878906,56.25,56.86000061035156
2019-11-12,56.88999938964844,57.54999923706055,56.540000915527344,56.79999923706055
2019-11-13,56.790000915527344,57.529998779296875,56.20000076293945,57.119998931884766
2019-11-14,57.38999938964844,57.790000915527344,56.630001068115234,56.77000045776367
2019-11-15,56.90999984741211,57.970001220703125,56.43000030517578,57.720001220703125
2019-11-18,57.880001068115234,58.09000015258789,56.54999923706055,57.04999923706055
2019-11-19,56.900001525878906,57.11000061035156,55.040000915527344,55.209999084472656
2019-11-20,55.15999984741211,57.25,54.7599983215332,57.11000061035156
2019-11-21,57.0,58.66999816894531,56.599998474121094,58.58000183105469
2019-11-22,58.310001373291016,58.7400016784668,57.5,57.77000045776367
2019-11-25,57.91999816894531,58.150001525878906,57.209999084472656,58.0099983215332
2019-11-26,57.91999816894531,58.560001373291016,57.7599983215332,58.40999984741211
2019-11-27,58.27000045776367,58.68000030517578,57.5099983215332,58.11000061035156
2019-11-29,58.130001068115234,58.29999923706055,55.02000045776367,55.16999816894531
2019-12-02,55.470001220703125,56.66999816894531,55.41999816894531,55.959999084472656
2019-12-03,55.959999084472656,56.79999923706055,55.349998474121094,56.099998474121094
2019-12-04,56.43000030517578,58.65999984741211,56.279998779296875,58.43000030517578
2019-12-05,58.36000061035156,59.119998931884766,58.099998474121094,58.43000030517578
2019-12-06,58.31999969482422,59.849998474121094,57.70000076293945,59.20000076293945
2019-12-09,59.11000061035156,59.25,58.22999954223633,59.02000045776367
2019-12-10,58.91999816894531,59.52000045776367,58.52000045776367,59.2400016784668
2019-12-11,59.060001373291016,59.220001220703125,58.11000061035156,58.7599983215332
2019-12-12,58.880001068115234,59.720001220703125,58.75,59.18000030517578
2019-12-13,59.36000061035156,60.47999954223633,59.27000045776367,60.06999969482422
2019-12-16,59.869998931884766,60.34000015258789,59.709999084472656,60.209999084472656
2019-12-17,60.22999954223633,61.060001373291016,60.029998779296875,60.939998626708984
2019-12-18,60.54999923706055,61.18000030517578,60.31999969482422,60.93000030517578
2019-12-19,60.86000061035156,61.470001220703125,60.790000915527344,61.220001220703125
2019-12-20,61.11000061035156,61.20000076293945,60.02000045776367,60.439998626708984
2019-12-23,60.40999984741211,60.77000045776367,60.099998474121094,60.52000045776367
2019-12-24,60.630001068115234,61.15999984741211,60.470001220703125,61.11000061035156
2019-12-26,61.20000076293945,61.83000183105469,61.060001373291016,61.68000030517578
2019-12-27,61.72999954223633,61.970001220703125,61.2400016784668,61.720001220703125
2019-12-30,61.709999084472656,62.34000015258789,61.09000015258789,61.68000030517578
2019-12-31,61.68000030517578,61.880001068115234,60.630001068115234,61.060001373291016
2020-01-02,61.599998474121094,61.599998474121094,60.63999938964844,61.18000030517578
2020-01-03,61.18000030517578,64.08999633789062,61.130001068115234,63.04999923706055
2020-01-06,63.709999084472656,64.72000122070312,62.63999938964844,63.27000045776367
2020-01-07,62.90999984741211,63.150001525878906,62.11000061035156,62.70000076293945
2020-01-08,62.84000015258789,65.6500015258789,59.150001525878906,59.61000061035156
2020-01-09,59.9900016784668,60.310001373291016,58.65999984741211,59.560001373291016
2020-01-10,59.61000061035156,59.779998779296875,58.849998474121094,59.040000915527344
2020-01-13,59.040000915527344,59.27000045776367,57.90999984741211,58.08000183105469
2020-01-14,58.029998779296875,58.720001220703125,57.720001220703125,58.22999954223633
2020-01-15,58.20000076293945,58.36000061035156,57.36000061035156,57.810001373291016
2020-01-16,58.099998474121094,58.869998931884766,57.560001373291016,58.52000045776367
2020-01-17,58.59000015258789,58.97999954223633,58.27000045776367,58.540000915527344
2020-01-21,59.16999816894531,59.72999954223633,57.68000030517578,58.34000015258789
2020-01-22,58.2599983215332,58.380001068115234,56.029998779296875,56.7400016784668
2020-01-23,56.11000061035156,56.27000045776367,54.77000045776367,55.59000015258789
2020-01-24,55.689998626708984,55.95000076293945,53.849998474121094,54.189998626708984
2020-01-27,53.70000076293945,53.709999084472656,52.130001068115234,53.13999938964844
2020-01-28,52.77000045776367,54.060001373291016,52.68000030517578,53.47999954223633
2020-01-29,53.970001220703125,54.369998931884766,52.810001373291016,53.33000183105469
2020-01-30,53.09000015258789,53.20000076293945,51.65999984741211,52.13999938964844
2020-01-31,52.91999816894531,53.36000061035156,50.970001220703125,51.560001373291016
2020-02-03,51.0099983215332,51.970001220703125,49.79999923706055,50.11000061035156
2020-02-04,49.939998626708984,51.54999923706055,49.310001373291016,49.61000061035156
2020-02-05,49.5099983215332,51.880001068115234,49.470001220703125,50.75
2020-02-06,51.16999816894531,52.20000076293945,50.2400016784668,50.95000076293945
2020-02-07,51.11000061035156,51.47999954223633,50.09000015258789,50.31999969482422
2020-02-10,50.119998931884766,50.4900016784668,49.41999816894531,49.56999969482422
2020-02-11,49.61000061035156,50.689998626708984,49.58000183105469,49.939998626708984
2020-02-12,49.959999084472656,51.72999954223633,49.95000076293945,51.16999816894531
2020-02-13,51.720001220703125,51.959999084472656,50.599998474121094,51.41999816894531
2020-02-14,51.5099983215332,52.34000015258789,51.31999969482422,52.04999923706055
2020-02-18,52.22999954223633,52.40999984741211,50.880001068115234,52.04999923706055
2020-02-19,52.119998931884766,53.65999984741211,51.93000030517578,53.290000915527344
2020-02-20,53.5,54.5,53.220001220703125,53.779998779296875
2020-02-21,53.7400016784668,53.86000061035156,52.54999923706055,53.380001068115234
2020-02-24,52.599998474121094,52.63999938964844,50.45000076293945,51.43000030517578
2020-02-25,51.369998931884766,52.02000045776367,49.689998626708984,49.900001525878906
2020-02-26,50.08000183105469,50.439998626708984,48.29999923706055,48.72999954223633
2020-02-27,48.630001068115234,48.779998779296875,45.880001068115234,47.09000015258789
2020-02-28,46.4900016784668,47.029998779296875,43.849998474121094,44.7599983215332
2020-03-02,43.70000076293945,47.560001373291016,43.31999969482422,46.75
2020-03-03,47.720001220703125,48.65999984741211,46.470001220703125,47.18000030517578
2020-03-04,46.939998626708984,48.40999984741211,46.650001525878906,46.779998779296875
2020-03-05,47.130001068115234,47.56999969482422,45.650001525878906,45.900001525878906
2020-03-06,46.09000015258789,46.380001068115234,41.04999923706055,41.279998779296875
2020-03-09,32.869998931884766,34.880001068115234,27.34000015258789,31.1299991607666
2020-03-10,30.3700008392334,35.02000045776367,30.200000762939453,34.36000061035156
2020-03-11,34.619998931884766,36.349998474121094,32.560001373291016,32.97999954223633
2020-03-12,33.06999969482422,33.630001068115234,30.020000457763672,31.5
2020-03-13,30.770000457763672,33.869998931884766,30.329999923706055,31.729999542236328
2020-03-16,33.75,33.75,28.100000381469727,28.700000762939453
2020-03-17,28.690000534057617,30.299999237060547,26.6299991607666,26.950000762939453
2020-03-18,26.940000534057617,27.219999313354492,20.059999465942383,20.3700008392334
2020-03-19,22.299999237060547,27.709999084472656,21.360000610351562,25.219999313354492
2020-03-20,24.729999542236328,27.889999389648438,19.459999084472656,22.43000030517578
2020-03-23,22.520000457763672,24.06999969482422,20.799999237060547,23.360000610351562
2020-03-24,23.8700008392334,25.15999984741211,23.09000015258789,24.010000228881836
2020-03-25,24.3700008392334,25.239999771118164,22.90999984741211,24.489999771118164
2020-03-26,24.25,24.649999618530273,22.3799991607666,22.600000381469727
2020-03-27,23.290000915527344,23.440000534057617,20.8799991607666,21.510000228881836
2020-03-30,20.93000030517578,20.93000030517578,19.270000457763672,20.09000015258789
2020-03-31,20.229999542236328,21.889999389648438,20.010000228881836,20.479999542236328
2020-04-01,20.100000381469727,21.549999237060547,19.899999618530273,20.309999465942383
2020-04-02,21.219999313354492,27.389999389648438,20.760000228881836,25.31999969482422
2020-04-03,24.809999465942383,29.1299991607666,23.520000457763672,28.34000015258789
2020-04-06,26.09000015258789,28.239999771118164,25.280000686645508,26.079999923706055
2020-04-07,26.34000015258789,27.239999771118164,23.540000915527344,23.6299991607666
2020-04-08,24.299999237060547,26.450000762939453,23.739999771118164,25.09000015258789
2020-04-09,26.280000686645508,28.360000610351562,22.56999969482422,22.760000228881836
2020-04-13,24.600000381469727,24.739999771118164,22.030000686645508,22.40999984741211
2020-04-14,22.360000610351562,23.079999923706055,19.950000762939453,20.110000610351562
2020-04-15,20.719999313354492,20.889999389648438,19.200000762939453,19.8700008392334
2020-04-16,20.149999618530273,20.530000686645508,19.420000076293945,19.8700008392334
2020-04-17,20.0,20.219999313354492,17.309999465942383,18.270000457763672
2020-04-20,17.729999542236328,17.850000381469727,-40.31999969482422,-37.630001068115234
2020-04-21,-14.0,13.859999656677246,-16.739999771118164,10.010000228881836
2020-04-22,13.119999885559082,16.18000030517578,10.260000228881836,13.779999732971191
2020-04-23,14.199999809265137,18.260000228881836,13.350000381469727,16.5
2020-04-24,16.780000686645508,17.969999313354492,15.640000343322754,16.940000534057617
2020-04-27,16.84000015258789,16.979999542236328,11.880000114440918,12.779999732971191
2020-04-28,12.960000038146973,13.6899995803833,10.069999694824219,12.34000015258789
2020-04-29,13.350000381469727,16.780000686645508,12.670000076293945,15.0600004196167
2020-04-30,15.640000343322754,19.440000534057617,15.449999809265137,18.84000015258789
2020-05-01,19.040000915527344,20.479999542236328,18.06999969482422,19.780000686645508
2020-05-04,19.110000610351562,21.420000076293945,18.049999237060547,20.389999389648438
2020-05-05,21.239999771118164,25.489999771118164,21.1299991607666,24.559999465942383
2020-05-06,25.520000457763672,26.079999923706055,22.579999923706055,23.989999771118164
2020-05-07,24.09000015258789,26.739999771118164,22.940000534057617,23.549999237060547
2020-05-08,23.350000381469727,24.989999771118164,23.260000228881836,24.739999771118164
2020-05-11,24.489999771118164,25.579999923706055,23.670000076293945,24.139999389648438
2020-05-12,24.489999771118164,26.229999542236328,24.219999313354492,25.780000686645508
2020-05-13,25.299999237060547,26.450000762939453,24.790000915527344,25.290000915527344
2020-05-14,25.559999465942383,27.959999084472656,25.18000030517578,27.559999465942383
2020-05-15,27.639999389648438,29.920000076293945,27.239999771118164,29.43000030517578
2020-05-18,29.530000686645508,33.31999969482422,29.530000686645508,31.81999969482422
2020-05-19,32.83000183105469,33.439998626708984,31.34000015258789,32.5
2020-05-20,31.889999389648438,33.779998779296875,31.559999465942383,33.4900016784668
2020-05-21,33.529998779296875,34.65999984741211,33.2599983215332,33.91999816894531
2020-05-22,33.95000076293945,34.0,30.719999313354492,33.25
2020-05-26,33.29999923706055,34.810001373291016,32.47999954223633,34.349998474121094
2020-05-27,34.13999938964844,34.31999969482422,31.75,32.810001373291016
2020-05-28,32.099998474121094,34.209999084472656,31.139999389648438,33.709999084472656
2020-05-29,33.68000030517578,35.77000045776367,32.36000061035156,35.4900016784668
2020-06-01,35.209999084472656,35.900001525878906,34.27000045776367,35.439998626708984
2020-06-02,35.560001373291016,37.060001373291016,35.279998779296875,36.810001373291016
2020-06-03,36.86000061035156,38.18000030517578,35.880001068115234,37.290000915527344
2020-06-04,36.7599983215332,37.619998931884766,36.380001068115234,37.40999984741211
2020-06-05,37.33000183105469,39.68000030517578,37.04999923706055,39.54999923706055
2020-06-08,39.40999984741211,40.439998626708984,37.959999084472656,38.189998626708984
2020-06-09,38.220001220703125,39.099998474121094,37.06999969482422,38.939998626708984
2020-06-10,38.5,39.90999984741211,37.72999954223633,39.599998474121094
2020-06-11,39.09000015258789,39.09000015258789,35.40999984741211,36.34000015258789
2020-06-12,36.2599983215332,36.9900016784668,34.47999954223633,36.2599983215332
2020-06-15,36.029998779296875,37.2599983215332,34.36000061035156,37.119998931884766
2020-06-16,37.04999923706055,39.060001373291016,36.380001068115234,38.380001068115234
2020-06-17,37.93000030517578,38.75,37.209999084472656,37.959999084472656
2020-06-18,37.7400016784668,38.970001220703125,37.11000061035156,38.84000015258789
2020-06-19,38.849998474121094,40.4900016784668,38.400001525878906,39.75
2020-06-22,39.18000030517578,40.70000076293945,39.119998931884766,40.459999084472656
2020-06-23,40.68000030517578,41.630001068115234,39.7599983215332,40.369998931884766
2020-06-24,39.9900016784668,40.540000915527344,37.310001373291016,38.0099983215332
2020-06-25,38.04999923706055,39.22999954223633,37.08000183105469,38.720001220703125
2020-06-26,39.09000015258789,39.349998474121094,37.790000915527344,38.4900016784668
2020-06-29,37.959999084472656,39.88999938964844,37.5,39.70000076293945
2020-06-30,39.63999938964844,40.08000183105469,38.849998474121094,39.27000045776367
2020-07-01,39.84000015258789,40.58000183105469,39.04999923706055,39.81999969482422
2020-07-02,39.779998779296875,40.7400016784668,39.459999084472656,40.650001525878906
2020-07-06,40.380001068115234,41.08000183105469,39.84000015258789,40.630001068115234
2020-07-07,40.68000030517578,40.95000076293945,39.900001525878906,40.619998931884766
2020-07-08,40.47999954223633,41.08000183105469,40.29999923706055,40.900001525878906
2020-07-09,40.869998931884766,40.9900016784668,39.27000045776367,39.619998931884766
2020-07-10,39.58000183105469,40.77000045776367,38.540000915527344,40.54999923706055
2020-07-13,40.349998474121094,40.720001220703125,39.470001220703125,40.099998474121094
2020-07-14,39.599998474121094,40.56999969482422,39.06999969482422,40.290000915527344
2020-07-15,40.54999923706055,41.2599983215332,40.08000183105469,41.20000076293945
2020-07-16,40.970001220703125,41.18000030517578,40.52000045776367,40.75
2020-07-17,40.720001220703125,40.900001525878906,40.02000045776367,40.59000015258789
2020-07-20,40.63999938964844,40.90999984741211,39.83000183105469,40.810001373291016
2020-07-21,40.650001525878906,42.400001525878906,40.63999938964844,41.959999084472656
2020-07-22,41.540000915527344,42.029998779296875,41.13999938964844,41.900001525878906
2020-07-23,41.95000076293945,42.36000061035156,40.83000183105469,41.06999969482422
2020-07-24,41.060001373291016,41.66999816894531,40.65999984741211,41.290000915527344
2020-07-27,41.2599983215332,41.81999969482422,40.47999954223633,41.599998474121094
2020-07-28,41.650001525878906,41.93000030517578,40.849998474121094,41.040000915527344
2020-07-29,41.130001068115234,41.56999969482422,40.93000030517578,41.27000045776367
2020-07-30,41.31999969482422,41.38999938964844,38.720001220703125,39.91999816894531
2020-07-31,40.34000015258789,40.54999923706055,39.65999984741211,40.27000045776367
2020-08-03,40.38999938964844,41.2400016784668,39.58000183105469,41.0099983215332
2020-08-04,40.779998779296875,42.08000183105469,40.13999938964844,41.70000076293945
2020-08-05,41.560001373291016,43.52000045776367,41.470001220703125,42.189998626708984
2020-08-06,42.189998626708984,42.650001525878906,41.61000061035156,41.95000076293945
2020-08-07,41.970001220703125,42.220001220703125,41.060001373291016,41.220001220703125
2020-08-10,41.5,42.33000183105469,41.16999816894531,41.939998626708984
2020-08-11,41.97999954223633,42.939998626708984,41.47999954223633,41.61000061035156
2020-08-12,41.619998931884766,42.900001525878906,41.529998779296875,42.66999816894531
2020-08-13,42.56999969482422,42.84000015258789,42.09000015258789,42.2400016784668
2020-08-14,42.33000183105469,42.56999969482422,41.619998931884766,42.0099983215332
2020-08-17,42.2400016784668,42.970001220703125,41.79999923706055,42.88999938964844
2020-08-18,42.790000915527344,42.9900016784668,42.11000061035156,42.88999938964844
2020-08-19,42.599998474121094,43.029998779296875,42.36000061035156,42.93000030517578
2020-08-20,42.7400016784668,42.790000915527344,41.5,42.58000183105469
2020-08-21,42.75,42.959999084472656,41.459999084472656,42.34000015258789
2020-08-24,42.47999954223633,42.88999938964844,42.22999954223633,42.619998931884766
2020-08-25,42.36000061035156,43.56999969482422,42.310001373291016,43.349998474121094
2020-08-26,43.38999938964844,43.779998779296875,43.0,43.38999938964844
2020-08-27,43.45000076293945,43.5,42.36000061035156,43.040000915527344
2020-08-28,42.97999954223633,43.41999816894531,42.689998626708984,42.970001220703125
2020-08-31,42.90999984741211,43.56999969482422,42.560001373291016,42.61000061035156
2020-09-01,42.83000183105469,43.43000030517578,42.720001220703125,42.7599983215332
2020-09-02,43.02000045776367,43.209999084472656,41.22999954223633,41.5099983215332
2020-09-03,41.630001068115234,41.790000915527344,40.220001220703125,41.369998931884766
2020-09-04,41.25,41.869998931884766,39.349998474121094,39.77000045776367
2020-09-08,39.47999954223633,39.59000015258789,36.130001068115234,36.7599983215332
2020-09-09,36.790000915527344,38.45000076293945,36.15999984741211,38.04999923706055
2020-09-10,37.79999923706055,38.18000030517578,36.93000030517578,37.29999923706055
2020-09-11,37.0099983215332,37.81999969482422,36.66999816894531,37.33000183105469
2020-09-14,37.31999969482422,37.68000030517578,36.81999969482422,37.2599983215332
2020-09-15,37.279998779296875,38.56999969482422,37.060001373291016,38.279998779296875
2020-09-16,38.349998474121094,40.34000015258789,38.349998474121094,40.15999984741211
2020-09-17,40.189998626708984,41.220001220703125,39.41999816894531,40.970001220703125
2020-09-18,40.970001220703125,41.4900016784668,40.29999923706055,41.11000061035156
2020-09-21,40.97999954223633,41.27000045776367,38.65999984741211,39.310001373291016
2020-09-22,39.630001068115234,40.02000045776367,39.0,39.599998474121094
2020-09-23,39.7599983215332,40.75,39.2599983215332,39.93000030517578
2020-09-24,39.599998474121094,40.369998931884766,39.119998931884766,40.310001373291016
2020-09-25,40.150001525878906,40.63999938964844,39.709999084472656,40.25
2020-09-28,40.06999969482422,40.79999923706055,39.779998779296875,40.599998474121094
2020-09-29,40.58000183105469,40.70000076293945,38.40999984741211,39.290000915527344
2020-09-30,39.15999984741211,40.369998931884766,38.68000030517578,40.220001220703125
2020-10-01,39.900001525878906,40.470001220703125,37.61000061035156,38.720001220703125
2020-10-02,38.599998474121094,38.650001525878906,36.630001068115234,37.04999923706055
2020-10-05,37.0,39.720001220703125,37.0,39.220001220703125
2020-10-06,39.349998474121094,40.86000061035156,39.099998474121094,40.66999816894531
2020-10-07,39.83000183105469,40.349998474121094,39.279998779296875,39.95000076293945
2020-10-08,39.9900016784668,41.33000183105469,39.7599983215332,41.189998626708984
2020-10-09,41.310001373291016,41.470001220703125,40.380001068115234,40.599998474121094
2020-10-12,40.400001525878906,40.45000076293945,39.040000915527344,39.43000030517578
2020-10-13,39.529998779296875,40.529998779296875,39.349998474121094,40.20000076293945
2020-10-14,40.189998626708984,41.15999984741211,39.81999969482422,41.040000915527344
2020-10-15,41.130001068115234,41.290000915527344,39.220001220703125,40.959999084472656
2020-10-16,40.880001068115234,41.04999923706055,40.08000183105469,40.880001068115234
2020-10-19,40.689998626708984,41.220001220703125,40.540000915527344,40.83000183105469
2020-10-20,40.650001525878906,41.70000076293945,40.25,41.459999084472656
2020-10-21,41.220001220703125,41.59000015258789,39.779998779296875,40.029998779296875
2020-10-22,40.040000915527344,41.02000045776367,39.709999084472656,40.63999938964844
2020-10-23,40.61000061035156,40.91999816894531,39.56999969482422,39.849998474121094
2020-10-26,39.689998626708984,39.7400016784668,38.279998779296875,38.560001373291016
2020-10-27,38.59000015258789,39.83000183105469,38.5099983215332,39.56999969482422
2020-10-28,38.970001220703125,39.0099983215332,36.970001220703125,37.38999938964844
2020-10-29,37.38999938964844,37.7599983215332,34.91999816894531,36.16999816894531
2020-10-30,36.06999969482422,36.599998474121094,35.209999084472656,35.790000915527344
2020-11-02,35.2400016784668,37.150001525878906,33.63999938964844,36.810001373291016
2020-11-03,37.029998779296875,38.31999969482422,36.56999969482422,37.65999984741211
2020-11-04,38.150001525878906,39.25,37.2599983215332,39.150001525878906
2020-11-05,39.16999816894531,39.349998474121094,38.27000045776367,38.790000915527344
2020-11-06,38.540000915527344,38.61000061035156,37.060001373291016,37.13999938964844
2020-11-09,37.34000015258789,41.33000183105469,37.15999984741211,40.290000915527344
2020-11-10,39.90999984741211,41.84000015258789,39.40999984741211,41.36000061035156
2020-11-11,41.790000915527344,43.060001373291016,41.31999969482422,41.45000076293945
2020-11-12,41.470001220703125,42.189998626708984,40.869998931884766,41.119998931884766
2020-11-13,40.939998626708984,40.939998626708984,40.060001373291016,40.130001068115234
2020-11-16,40.16999816894531,42.09000015258789,40.150001525878906,41.34000015258789
2020-11-17,41.439998626708984,41.689998626708984,40.56999969482422,41.43000030517578
2020-11-18,41.349998474121094,42.459999084472656,41.08000183105469,41.81999969482422
2020-11-19,41.61000061035156,41.97999954223633,41.08000183105469,41.7400016784668
2020-11-20,41.70000076293945,42.31999969482422,41.5099983215332,42.150001525878906
2020-11-23,42.459999084472656,43.36000061035156,42.290000915527344,43.060001373291016
2020-11-24,42.84000015258789,45.20000076293945,42.81999969482422,44.90999984741211
2020-11-25,44.81999969482422,46.2599983215332,44.72999954223633,45.709999084472656
2020-11-27,45.900001525878906,46.09000015258789,44.54999923706055,45.529998779296875
2020-11-30,45.34000015258789,45.79999923706055,44.41999816894531,45.34000015258789
2020-12-01,45.08000183105469,45.70000076293945,44.119998931884766,44.54999923706055
2020-12-02,44.380001068115234,45.91999816894531,43.91999816894531,45.279998779296875
2020-12-03,44.9900016784668,45.84000015258789,44.65999984741211,45.63999938964844
2020-12-04,45.63999938964844,46.68000030517578,45.61000061035156,46.2599983215332
2020-12-07,46.150001525878906,46.540000915527344,45.36000061035156,45.7599983215332
2020-12-08,45.65999984741211,45.93000030517578,45.13999938964844,45.599998474121094
2020-12-09,45.599998474121094,46.2400016784668,44.95000076293945,45.52000045776367
2020-12-10,45.689998626708984,47.7400016784668,45.52000045776367,46.779998779296875
2020-12-11,46.970001220703125,47.290000915527344,46.34000015258789,46.56999969482422
2020-12-14,46.72999954223633,47.439998626708984,45.689998626708984,46.9900016784668
2020-12-15,46.9900016784668,47.72999954223633,46.540000915527344,47.619998931884766
2020-12-16,47.599998474121094,47.939998626708984,47.16999816894531,47.81999969482422
2020-12-17,47.849998474121094,48.59000015258789,47.810001373291016,48.36000061035156
2020-12-18,48.43000030517578,49.279998779296875,48.099998474121094,49.099998474121094
2020-12-21,48.540000915527344,48.61000061035156,46.18000030517578,47.7400016784668
2020-12-22,47.93000030517578,47.959999084472656,46.599998474121094,47.02000045776367
2020-12-23,46.790000915527344,48.5,46.15999984741211,48.119998931884766
2020-12-24,48.09000015258789,48.619998931884766,47.560001373291016,48.22999954223633
2020-12-28,48.22999954223633,48.959999084472656,47.5,47.619998931884766
2020-12-29,47.720001220703125,48.349998474121094,47.68000030517578,48.0
2020-12-30,48.130001068115234,48.65999984741211,47.61000061035156,48.400001525878906
2020-12-31,48.349998474121094,48.58000183105469,47.77000045776367,48.52000045776367
2021-01-04,48.400001525878906,49.83000183105469,47.18000030517578,47.619998931884766
2021-01-05,47.380001068115234,50.20000076293945,47.2400016784668,49.93000030517578
2021-01-06,49.81999969482422,50.939998626708984,49.47999954223633,50.630001068115234
2021-01-07,50.529998779296875,51.279998779296875,50.38999938964844,50.83000183105469
2021-01-08,50.93000030517578,52.75,50.810001373291016,52.2400016784668
2021-01-11,52.58000183105469,52.70000076293945,51.5,52.25
2021-01-12,52.18000030517578,53.45000076293945,52.06999969482422,53.209999084472656
2021-01-13,53.310001373291016,53.93000030517578,52.58000183105469,52.90999984741211
2021-01-14,52.84000015258789,53.75,52.2400016784668,53.56999969482422
2021-01-15,53.79999923706055,53.83000183105469,51.83000183105469,52.36000061035156
2021-01-19,52.0,53.130001068115234,51.7599983215332,52.97999954223633
2021-01-20,53.130001068115234,53.790000915527344,53.04999923706055,53.2400016784668
2021-01-21,52.93000030517578,53.40999984741211,52.75,53.130001068115234
2021-01-22,53.099998474121094,53.15999984741211,51.439998626708984,52.27000045776367
2021-01-25,52.16999816894531,52.95000076293945,51.81999969482422,52.77000045776367
2021-01-26,52.90999984741211,53.25,52.290000915527344,52.61000061035156
2021-01-27,52.7599983215332,53.29999923706055,51.849998474121094,52.849998474121094
2021-01-28,52.650001525878906,53.58000183105469,52.040000915527344,52.34000015258789
2021-01-29,52.150001525878906,53.25,51.93000030517578,52.20000076293945
2021-02-01,51.9900016784668,53.7400016784668,51.63999938964844,53.54999923706055
2021-02-02,53.47999954223633,55.2599983215332,53.45000076293945,54.7599983215332
2021-02-03,55.04999923706055,56.33000183105469,54.810001373291016,55.689998626708984
2021-02-04,55.959999084472656,56.58000183105469,55.29999923706055,56.22999954223633
2021-02-05,56.459999084472656,57.290000915527344,56.43000030517578,56.849998474121094
2021-02-08,57.060001373291016,58.13999938964844,57.0,57.970001220703125
2021-02-09,58.11000061035156,58.619998931884766,57.27000045776367,58.36000061035156
2021-02-10,58.45000076293945,58.90999984741211,58.08000183105469,58.68000030517578
2021-02-11,58.400001525878906,58.709999084472656,57.84000015258789,58.2400016784668
2021-02-12,57.939998626708984,59.81999969482422,57.40999984741211,59.470001220703125
2021-02-16,59.97999954223633,60.95000076293945,59.33000183105469,60.04999923706055
2021-02-17,60.2400016784668,61.72999954223633,59.43000030517578,61.13999938964844
2021-02-18,61.68000030517578,62.2599983215332,59.790000915527344,60.52000045776367
2021-02-19,60.20000076293945,60.290000915527344,58.59000015258789,59.2400016784668
2021-02-22,58.880001068115234,61.84000015258789,58.81999969482422,61.4900016784668
2021-02-23,62.15999984741211,63.0,60.66999816894531,61.66999816894531
2021-02-24,61.290000915527344,63.5099983215332,60.970001220703125,63.220001220703125
2021-02-25,63.38999938964844,63.810001373291016,62.650001525878906,63.529998779296875
2021-02-26,63.459999084472656,63.56999969482422,61.34000015258789,61.5
2021-03-01,61.95000076293945,62.91999816894531,59.959999084472656,60.63999938964844
2021-03-02,60.22999954223633,61.209999084472656,59.380001068115234,59.75
2021-03-03,59.54999923706055,61.9900016784668,59.2400016784668,61.279998779296875
2021-03-04,61.08000183105469,64.86000061035156,60.52000045776367,63.83000183105469
2021-03-05,64.16000366210938,66.41999816894531,63.81999969482422,66.08999633789062
2021-03-08,66.68000030517578,67.9800033569336,64.56999969482422,65.05000305175781
2021-03-09,64.7300033569336,65.9800033569336,63.630001068115234,64.01000213623047
2021-03-10,63.84000015258789,64.95999908447266,63.130001068115234,64.44000244140625
2021-03-11,64.69999694824219,66.20999908447266,64.54000091552734,66.0199966430664
2021-03-12,65.95999908447266,66.23999786376953,65.41000366210938,65.61000061035156
2021-03-15,65.55999755859375,66.4000015258789,64.12999725341797,65.38999938964844
2021-03-16,65.33000183105469,65.43000030517578,63.79999923706055,64.80000305175781
2021-03-17,64.75,65.33999633789062,63.599998474121094,64.5999984741211
2021-03-18,64.41999816894531,64.81999969482422,58.20000076293945,60.0
2021-03-19,59.560001373291016,61.720001220703125,58.939998626708984,61.41999816894531
2021-03-22,61.54999923706055,61.900001525878906,60.38999938964844,61.54999923706055
2021-03-23,61.279998779296875,61.349998474121094,57.25,57.7599983215332
2021-03-24,57.400001525878906,61.34000015258789,57.290000915527344,61.18000030517578
2021-03-25,60.79999923706055,60.86000061035156,57.439998626708984,58.560001373291016
2021-03-26,58.47999954223633,61.36000061035156,58.31999969482422,60.970001220703125
2021-03-29,60.93000030517578,61.77000045776367,59.40999984741211,61.560001373291016
2021-03-30,61.959999084472656,62.27000045776367,59.939998626708984,60.54999923706055
2021-03-31,60.45000076293945,61.16999816894531,58.849998474121094,59.15999984741211
2021-04-01,59.4900016784668,61.75,58.86000061035156,61.45000076293945
2021-04-05,61.5,61.5,57.630001068115234,58.650001525878906
2021-04-06,58.79999923706055,60.900001525878906,58.619998931884766,59.33000183105469
2021-04-07,59.2599983215332,60.040000915527344,58.119998931884766,59.77000045776367
2021-04-08,59.52000045776367,59.93000030517578,58.81999969482422,59.599998474121094
2021-04-09,59.7599983215332,59.95000076293945,59.099998474121094,59.31999969482422
2021-04-12,59.349998474121094,60.77000045776367,58.72999954223633,59.70000076293945
2021-04-13,59.63999938964844,60.59000015258789,59.63999938964844,60.18000030517578
2021-04-14,60.439998626708984,63.439998626708984,60.380001068115234,63.150001525878906
2021-04-15,62.83000183105469,63.56999969482422,62.529998779296875,63.459999084472656
2021-04-16,63.31999969482422,63.880001068115234,62.83000183105469,63.130001068115234
2021-04-19,62.97999954223633,63.630001068115234,62.630001068115234,63.380001068115234
2021-04-20,63.470001220703125,64.25,61.5,62.439998626708984
2021-04-21,62.38999938964844,62.560001373291016,60.86000061035156,61.349998474121094
2021-04-22,61.11000061035156,61.869998931884766,60.61000061035156,61.43000030517578
2021-04-23,61.650001525878906,62.43000030517578,61.25,62.13999938964844
2021-04-26,62.060001373291016,62.310001373291016,60.65999984741211,61.90999984741211
2021-04-27,61.970001220703125,63.29999923706055,61.90999984741211,62.939998626708984
2021-04-28,63.040000915527344,64.52999877929688,62.66999816894531,63.86000061035156
2021-04-29,63.70000076293945,65.47000122070312,63.650001525878906,65.01000213623047
2021-04-30,64.87999725341797,64.94999694824219,63.08000183105469,63.58000183105469
2021-05-03,63.63999938964844,64.68000030517578,62.90999984741211,64.48999786376953
2021-05-04,64.52999877929688,66.19000244140625,64.29000091552734,65.69000244140625
2021-05-05,66.44999694824219,66.76000213623047,64.91999816894531,65.62999725341797
2021-05-06,65.2699966430664,65.9800033569336,64.5,64.70999908447266
2021-05-07,64.9000015258789,65.23999786376953,63.900001525878906,64.9000015258789
2021-05-10,65.56999969482422,65.75,63.95000076293945,64.91999816894531
2021-05-11,64.9000015258789,65.5,63.68000030517578,65.27999877929688
2021-05-12,65.45999908447266,66.62999725341797,64.97000122070312,66.08000183105469
2021-05-13,65.75,65.80999755859375,63.09000015258789,63.81999969482422
2021-05-14,63.83000183105469,65.62000274658203,63.33000183105469,65.37000274658203
2021-05-17,65.5,66.43000030517578,64.83000183105469,66.2699966430664
2021-05-18,66.33000183105469,67.01000213623047,64.11000061035156,65.48999786376953
2021-05-19,65.27999877929688,65.3499984741211,61.95000076293945,63.36000061035156
2021-05-20,63.38999938964844,63.959999084472656,61.88999938964844,62.04999923706055
2021-05-21,61.88999938964844,64.06999969482422,61.560001373291016,63.58000183105469
2021-05-24,63.869998931884766,66.13999938964844,63.630001068115234,66.05000305175781
2021-05-25,66.0199966430664,66.51000213623047,65.41000366210938,66.06999969482422
2021-05-26,66.04000091552734,66.43000030517578,65.25,66.20999908447266
2021-05-27,66.16000366210938,66.91999816894531,65.47000122070312,66.8499984741211
2021-05-28,66.94999694824219,67.5199966430664,66.16999816894531,66.31999969482422
2021-06-01,66.68000030517578,68.87000274658203,66.41000366210938,67.72000122070312
2021-06-02,67.98999786376953,69.0,67.77999877929688,68.83000183105469
2021-06-03,68.76000213623047,69.4000015258789,68.19000244140625,68.80999755859375
2021-06-04,68.91000366210938,69.76000213623047,68.33000183105469,69.62000274658203
2021-06-07,69.5199966430664,70.0,68.93000030517578,69.2300033569336
2021-06-08,69.29000091552734,70.2699966430664,68.47000122070312,70.05000305175781
2021-06-09,70.01000213623047,70.62000274658203,69.45999908447266,69.95999908447266
2021-06-10,69.76000213623047,70.6500015258789,68.68000030517578,70.29000091552734
2021-06-11,70.0999984741211,71.23999786376953,69.68000030517578,70.91000366210938
2021-06-14,70.6500015258789,71.77999877929688,70.6500015258789,70.87999725341797
2021-06-15,71.16000366210938,72.48999786376953,70.80999755859375,72.12000274658203
2021-06-16,72.44999694824219,72.98999786376953,71.61000061035156,72.1500015258789
2021-06-17,71.6500015258789,72.30000305175781,69.7699966430664,71.04000091552734
2021-06-18,71.0999984741211,72.16999816894531,70.16000366210938,71.63999938964844
2021-06-21,71.5199966430664,73.95999908447266,71.1500015258789,73.66000366210938
2021-06-22,73.41000366210938,73.94999694824219,72.94000244140625,73.05999755859375
2021-06-23,72.91000366210938,74.25,72.81999969482422,73.08000183105469
2021-06-24,73.27999877929688,73.61000061035156,72.31999969482422,73.30000305175781
2021-06-25,73.31999969482422,74.18000030517578,72.8499984741211,74.05000305175781
2021-06-28,73.98999786376953,74.44999694824219,72.62000274658203,72.91000366210938
2021-06-29,72.77999877929688,73.80999755859375,71.97000122070312,72.9800033569336
2021-06-30,73.47000122070312,74.13999938964844,72.81999969482422,73.47000122070312
2021-07-01,73.5,76.22000122070312,73.38999938964844,75.2300033569336
2021-07-02,75.0199966430664,75.62000274658203,74.41000366210938,75.16000366210938
2021-07-06,75.3499984741211,76.9800033569336,72.94000244140625,73.37000274658203
2021-07-07,73.8499984741211,74.86000061035156,71.06999969482422,72.19999694824219
2021-07-08,72.16999816894531,73.26000213623047,70.76000213623047,72.94000244140625
2021-07-09,73.26000213623047,74.76000213623047,72.72000122070312,74.55999755859375
2021-07-12,74.73999786376953,74.93000030517578,73.16000366210938,74.0999984741211
2021-07-13,74.18000030517578,75.5199966430664,73.68000030517578,75.25
2021-07-14,75.16999816894531,75.44000244140625,72.20999908447266,73.12999725341797
2021-07-15,72.95999908447266,72.95999908447266,71.4000015258789,71.6500015258789
2021-07-16,71.4800033569336,72.30000305175781,70.41000366210938,71.80999755859375
2021-07-19,71.48999786376953,71.66999816894531,65.62999725341797,66.41999816894531
2021-07-20,66.5999984741211,67.6500015258789,65.20999908447266,67.41999816894531
2021-07-21,66.44999694824219,70.51000213623047,66.44000244140625,70.30000305175781
2021-07-22,70.22000122070312,72.02999877929688,69.86000061035156,71.91000366210938
2021-07-23,71.70999908447266,72.20999908447266,71.38999938964844,72.06999969482422
2021-07-26,72.18000030517578,72.43000030517578,70.55999755859375,71.91000366210938
2021-07-27,72.22000122070312,72.33000183105469,71.08000183105469,71.6500015258789
2021-07-28,71.9000015258789,72.5999984741211,71.69999694824219,72.38999938964844
2021-07-29,72.4000015258789,73.68000030517578,72.26000213623047,73.62000274658203
2021-07-30,73.41000366210938,74.2300033569336,72.93000030517578,73.94999694824219
2021-08-02,73.91000366210938,73.94999694824219,70.55000305175781,71.26000213623047
2021-08-03,71.5199966430664,71.95999908447266,69.19000244140625,70.55999755859375
2021-08-04,70.31999969482422,70.80999755859375,67.8499984741211,68.1500015258789
2021-08-05,68.05999755859375,69.3499984741211,67.61000061035156,69.08999633789062
2021-08-06,69.13999938964844,70.18000030517578,67.80000305175781,68.27999877929688
2021-08-09,67.87999725341797,67.9000015258789,65.1500015258789,66.4800033569336
2021-08-10,66.8499984741211,68.9000015258789,66.55999755859375,68.29000091552734
2021-08-11,68.51000213623047,69.44999694824219,66.66999816894531,69.25
2021-08-12,69.36000061035156,69.62000274658203,68.45999908447266,69.08999633789062
2021-08-13,68.91000366210938,69.22000122070312,67.7699966430664,68.44000244140625
2021-08-16,68.12999725341797,68.13999938964844,65.7300033569336,67.29000091552734
2021-08-17,67.43000030517578,67.72000122070312,66.33000183105469,66.58999633789062
2021-08-18,66.58000183105469,67.4800033569336,64.33999633789062,65.45999908447266
2021-08-19,64.58000183105469,64.76000213623047,62.630001068115234,63.689998626708984
2021-08-20,64.05000305175781,64.0999984741211,62.11000061035156,62.31999969482422
2021-08-23,61.959999084472656,66.0,61.7400016784668,65.63999938964844
2021-08-24,65.54000091552734,67.80000305175781,65.41000366210938,67.54000091552734
2021-08-25,67.62999725341797,68.54000091552734,66.91999816894531,68.36000061035156
2021-08-26,68.0,68.30999755859375,67.0199966430664,67.41999816894531
2021-08-27,67.75,69.05000305175781,67.5199966430664,68.73999786376953
2021-08-30,69.30000305175781,69.63999938964844,67.66999816894531,69.20999908447266
2021-08-31,69.18000030517578,69.33999633789062,68.16000366210938,68.5
2021-09-01,68.55000305175781,69.23999786376953,67.12000274658203,68.58999633789062
2021-09-02,68.29000091552734,70.61000061035156,67.83999633789062,69.98999786376953
2021-09-03,69.76000213623047,70.52999877929688,69.05000305175781,69.29000091552734
2021-09-07,69.11000061035156,69.4800033569336,67.63999938964844,68.3499984741211
2021-09-08,68.37000274658203,69.75,68.30999755859375,69.30000305175781
2021-09-09,69.36000061035156,69.88999938964844,67.55999755859375,68.13999938964844
2021-09-10,67.97000122070312,69.95999908447266,67.68000030517578,69.72000122070312
2021-09-13,69.73999786376953,70.97000122070312,69.51000213623047,70.44999694824219
2021-09-14,70.63999938964844,71.22000122070312,69.9800033569336,70.45999908447266
2021-09-15,70.76000213623047,73.13999938964844,70.6500015258789,72.61000061035156
2021-09-16,72.6500015258789,72.98999786376953,71.52999877929688,72.61000061035156
2021-09-17,72.62000274658203,72.72000122070312,71.20999908447266,71.97000122070312
2021-09-20,71.91999816894531,72.08000183105469,69.86000061035156,70.29000091552734
2021-09-21,70.58999633789062,71.62999725341797,69.66999816894531,70.55999755859375
2021-09-22,70.8499984741211,72.30000305175781,70.63999938964844,72.2300033569336
2021-09-23,71.97000122070312,73.5,71.61000061035156,73.30000305175781
2021-09-24,73.23999786376953,74.2699966430664,72.80999755859375,73.9800033569336
2021-09-27,74.19000244140625,75.75,74.16000366210938,75.44999694824219
2021-09-28,75.43000030517578,76.66999816894531,74.23999786376953,75.29000091552734
2021-09-29,74.37999725341797,75.79000091552734,73.73999786376953,74.83000183105469
2021-09-30,74.77999877929688,76.06999969482422,73.13999938964844,75.02999877929688
2021-10-01,75.12000274658203,75.98999786376953,74.2300033569336,75.87999725341797
2021-10-04,75.9000015258789,78.37999725341797,75.31999969482422,77.62000274658203
2021-10-05,77.58000183105469,79.4800033569336,77.47000122070312,78.93000030517578
2021-10-06,79.04000091552734,79.77999877929688,76.83000183105469,77.43000030517578
2021-10-07,77.0,78.88999938964844,74.95999908447266,78.30000305175781
2021-10-08,78.86000061035156,80.11000061035156,78.62999725341797,79.3499984741211
2021-10-11,79.58999633789062,82.18000030517578,79.55000305175781,80.5199966430664
2021-10-12,80.5,81.62000274658203,79.47000122070312,80.63999938964844
2021-10-13,80.58000183105469,81.04000091552734,79.41999816894531,80.44000244140625
2021-10-14,80.58999633789062,81.68000030517578,80.37999725341797,81.30999755859375
2021-10-15,81.4800033569336,82.66000366210938,81.38999938964844,82.27999877929688
2021-10-18,82.5999984741211,83.87000274658203,81.83999633789062,82.44000244140625
2021-10-19,82.37000274658203,83.73999786376953,81.80000305175781,82.95999908447266
2021-10-20,83.33999633789062,84.25,81.30000305175781,83.87000274658203
2021-10-21,83.58000183105469,83.95999908447266,80.79000091552734,82.5
2021-10-22,82.61000061035156,84.22000122070312,81.76000213623047,83.76000213623047
2021-10-25,83.9800033569336,85.41000366210938,83.38999938964844,83.76000213623047
2021-10-26,83.72000122070312,84.87999725341797,82.97000122070312,84.6500015258789
2021-10-27,84.38999938964844,84.51000213623047,82.01000213623047,82.66000366210938
2021-10-28,82.25,83.20999908447266,80.58000183105469,82.80999755859375
2021-10-29,83.08999633789062,83.73999786376953,81.41000366210938,83.56999969482422
2021-11-01,83.36000061035156,84.87999725341797,82.73999786376953,84.05000305175781
2021-11-02,83.87000274658203,84.41000366210938,82.91999816894531,83.91000366210938
2021-11-03,83.06999969482422,83.08000183105469,79.69000244140625,80.86000061035156
2021-11-04,80.18000030517578,83.41999816894531,78.25,78.80999755859375
2021-11-05,79.37000274658203,81.80000305175781,78.95999908447266,81.2699966430664
2021-11-08,81.12999725341797,82.66999816894531,81.05000305175781,81.93000030517578
2021-11-09,82.16000366210938,84.62999725341797,81.77999877929688,84.1500015258789
2021-11-10,84.52999877929688,84.97000122070312,80.80999755859375,81.33999633789062
2021-11-11,81.41000366210938,82.33000183105469,80.19999694824219,81.58999633789062
2021-11-12,81.20999908447266,81.62000274658203,79.77999877929688,80.79000091552734
2021-11-15,80.66000366210938,81.19999694824219,79.30000305175781,80.87999725341797
2021-11-16,80.93000030517578,81.80999755859375,80.02999877929688,80.76000213623047
2021-11-17,80.54000091552734,80.69000244140625,77.69000244140625,78.36000061035156
2021-11-18,78.33999633789062,79.36000061035156,77.08000183105469,79.01000213623047
2021-11-19,78.76000213623047,79.91999816894531,75.37000274658203,76.0999984741211
2021-11-22,75.75,77.16000366210938,74.76000213623047,76.75
2021-11-23,76.45999908447266,78.86000061035156,75.30000305175781,78.5
2021-11-24,78.4800033569336,79.2300033569336,77.9800033569336,78.38999938964844
2021-11-26,78.33999633789062,78.6500015258789,67.4000015258789,68.1500015258789
2021-11-29,69.2300033569336,72.93000030517578,68.86000061035156,69.94999694824219
2021-11-30,70.04000091552734,71.22000122070312,64.43000030517578,66.18000030517578
2021-12-01,67.01000213623047,69.48999786376953,64.83999633789062,65.56999969482422
2021-12-02,65.62999725341797,67.48999786376953,62.43000030517578,66.5
2021-12-03,67.5,69.22000122070312,65.5999984741211,66.26000213623047
2021-12-06,67.0199966430664,70.1500015258789,66.72000122070312,69.48999786376953
2021-12-07,69.72000122070312,73.02999877929688,69.5199966430664,72.05000305175781
2021-12-08,71.86000061035156,73.0,70.91000366210938,72.36000061035156
2021-12-09,72.5199966430664,73.33999633789062,70.38999938964844,70.94000244140625
2021-12-10,70.68000030517578,72.33000183105469,70.31999969482422,71.66999816894531
2021-12-13,72.04000091552734,73.0,70.70999908447266,71.29000091552734
2021-12-14,71.12000274658203,72.02999877929688,69.51000213623047,70.7300033569336
2021-12-15,70.3499984741211,71.66000366210938,69.38999938964844,70.87000274658203
2021-12-16,71.4800033569336,72.98999786376953,71.02999877929688,72.37999725341797
2021-12-17,71.91999816894531,72.26000213623047,69.88999938964844,70.86000061035156
2021-12-20,70.06999969482422,70.06999969482422,66.04000091552734,68.2300033569336
2021-12-21,69.20999908447266,71.55000305175781,68.55999755859375,71.12000274658203
2021-12-22,71.2699966430664,73.16000366210938,70.80000305175781,72.76000213623047
2021-12-23,73.02999877929688,73.94999694824219,72.2699966430664,73.79000091552734
2021-12-27,73.37999725341797,76.08999633789062,72.56999969482422,75.56999969482422
2021-12-28,75.97000122070312,76.91999816894531,75.52999877929688,75.9800033569336
2021-12-29,76.04000091552734,77.37000274658203,75.36000061035156,76.55999755859375
2021-12-30,76.58000183105469,77.44000244140625,75.77999877929688,76.98999786376953
2021-12-31,76.66000366210938,77.08000183105469,74.94999694824219,75.20999908447266
2022-01-03,75.69000244140625,76.45999908447266,74.2699966430664,76.08000183105469
2022-01-04,76.0199966430664,77.63999938964844,75.69999694824219,76.98999786376953
2022-01-05,77.18000030517578,78.58000183105469,76.51000213623047,77.8499984741211
2022-01-06,77.23999786376953,80.23999786376953,76.7300033569336,79.45999908447266
2022-01-07,79.62000274658203,80.47000122070312,78.5199966430664,78.9000015258789
2022-01-10,78.87999725341797,79.44999694824219,77.83000183105469,78.2300033569336
2022-01-11,78.41999816894531,81.58999633789062,78.36000061035156,81.22000122070312
2022-01-12,81.37999725341797,83.0999984741211,81.16999816894531,82.63999938964844
2022-01-13,82.81999969482422,82.94000244140625,81.38999938964844,82.12000274658203
2022-01-14,81.7300033569336,84.44999694824219,81.58000183105469,83.81999969482422
2022-01-18,84.31999969482422,86.62999725341797,83.5,85.43000030517578
2022-01-19,86.61000061035156,87.91000366210938,85.7699966430664,86.95999908447266
2022-01-20,86.2300033569336,87.81999969482422,86.0,86.9000015258789
2022-01-21,84.56999969482422,85.55999755859375,82.77999877929688,85.13999938964844
2022-01-24,84.91000366210938,86.08999633789062,81.9000015258789,83.30999755859375
2022-01-25,84.1500015258789,85.70999908447266,82.98999786376953,85.5999984741211
2022-01-26,85.26000213623047,87.94999694824219,85.01000213623047,87.3499984741211
2022-01-27,87.1500015258789,88.54000091552734,86.19999694824219,86.61000061035156
2022-01-28,87.5,88.83999633789062,86.44000244140625,86.81999969482422
2022-01-31,87.44999694824219,88.38999938964844,86.33999633789062,88.1500015258789
2022-02-01,88.1500015258789,88.87000274658203,86.55000305175781,88.19999694824219
2022-02-02,88.3499984741211,89.72000122070312,87.0999984741211,88.26000213623047
2022-02-03,87.9800033569336,90.44999694824219,86.75,90.2699966430664
2022-02-04,90.19000244140625,93.16999816894531,90.06999969482422,92.30999755859375
2022-02-07,91.81999969482422,92.7300033569336,90.7300033569336,91.31999969482422
2022-02-08,91.63999938964844,91.68000030517578,88.51000213623047,89.36000061035156
2022-02-09,89.86000061035156,90.58000183105469,88.41000366210938,89.66000366210938
2022-02-10,90.01000213623047,91.73999786376953,89.02999877929688,89.87999725341797
2022-02-11,90.0,94.66000366210938,89.19000244140625,93.0999984741211
2022-02-14,93.91000366210938,95.81999969482422,92.08999633789062,95.45999908447266
2022-02-15,94.83000183105469,95.16999816894531,90.66000366210938,92.06999969482422
2022-02-16,92.20999908447266,95.01000213623047,90.0,93.66000366210938
2022-02-17,90.9000015258789,93.36000061035156,90.62000274658203,91.76000213623047
2022-02-18,91.62999725341797,92.66000366210938,89.02999877929688,91.06999969482422
2022-02-22,91.75,96.0,90.3499984741211,92.3499984741211
2022-02-23,91.73999786376953,93.9000015258789,90.63999938964844,92.0999984741211
2022-02-24,92.5199966430664,100.54000091552734,91.44999694824219,92.80999755859375
2022-02-25,93.31999969482422,95.63999938964844,90.05999755859375,91.58999633789062
2022-02-28,94.98999786376953,99.0999984741211,94.43000030517578,95.72000122070312
2022-03-01,96.08999633789062,106.77999877929688,95.31999969482422,103.41000366210938
2022-03-02,107.12000274658203,112.51000213623047,105.18000030517578,110.5999984741211
2022-03-03,111.33000183105469,116.56999969482422,106.43000030517578,107.66999816894531
2022-03-04,107.95999908447266,116.0199966430664,107.25,115.68000030517578
2022-03-07,121.33000183105469,130.5,115.54000091552734,119.4000015258789
2022-03-08,120.66999816894531,129.44000244140625,117.06999969482422,123.69999694824219
2022-03-09,124.66000366210938,126.83999633789062,103.62999725341797,108.69999694824219
2022-03-10,110.41000366210938,114.87999725341797,105.52999877929688,106.0199966430664
2022-03-11,105.98999786376953,110.29000091552734,104.4800033569336,109.33000183105469
2022-03-14,109.41999816894531,109.72000122070312,99.76000213623047,103.01000213623047
2022-03-15,102.27999877929688,102.58000183105469,93.52999877929688,96.44000244140625
2022-03-16,95.2300033569336,99.22000122070312,94.06999969482422,95.04000091552734
2022-03-17,95.33999633789062,104.23999786376953,94.8499984741211,102.9800033569336
2022-03-18,103.62000274658203,106.27999877929688,102.30000305175781,104.69999694824219
2022-03-21,105.12999725341797,112.69000244140625,104.08000183105469,112.12000274658203
2022-03-22,112.9000015258789,115.01000213623047,109.30000305175781,111.76000213623047
2022-03-23,108.8499984741211,115.4000015258789,108.37999725341797,114.93000030517578
2022-03-24,114.47000122070312,116.63999938964844,110.61000061035156,112.33999633789062
2022-03-25,111.75,114.12000274658203,108.68000030517578,113.9000015258789
2022-03-28,112.91999816894531,112.93000030517578,102.83000183105469,105.95999908447266
2022-03-29,103.47000122070312,107.83999633789062,98.44000244140625,104.23999786376953
2022-03-30,105.23999786376953,108.75,104.55000305175781,107.81999969482422
2022-03-31,107.44999694824219,107.80000305175781,99.66000366210938,100.27999877929688
2022-04-01,101.2300033569336,101.75,97.77999877929688,99.2699966430664
2022-04-04,98.94999694824219,103.94000244140625,98.05000305175781,103.27999877929688
2022-04-05,103.66000366210938,105.58999633789062,99.87999725341797,101.95999908447266
2022-04-06,101.23999786376953,104.0199966430664,95.7300033569336,96.2300033569336
2022-04-07,97.16000366210938,98.81999969482422,93.80999755859375,96.02999877929688
2022-04-08,97.16999816894531,98.76000213623047,95.29000091552734,98.26000213623047
2022-04-11,98.4000015258789,98.5199966430664,92.93000030517578,94.29000091552734
2022-04-12,95.16999816894531,101.3499984741211,94.83999633789062,100.5999984741211
2022-04-13,100.91000366210938,104.47000122070312,99.87000274658203,104.25
2022-04-14,104.19999694824219,107.63999938964844,102.12000274658203,106.94999694824219
2022-04-18,107.02999877929688,109.80999755859375,106.0,108.20999908447266
2022-04-19,107.75,108.91999816894531,102.0999984741211,102.55999755859375
2022-04-20,103.05000305175781,104.16000366210938,100.69999694824219,102.75
2022-04-21,102.5,105.41999816894531,102.01000213623047,103.79000091552734
2022-04-22,104.06999969482422,104.22000122070312,101.05999755859375,102.06999969482422
2022-04-25,101.37999725341797,101.55000305175781,95.27999877929688,98.54000091552734
2022-04-26,98.63999938964844,102.77999877929688,97.05999755859375,101.69999694824219
2022-04-27,101.76000213623047,102.98999786376953,99.80000305175781,102.0199966430664
2022-04-28,102.11000061035156,105.68000030517578,100.12999725341797,105.36000061035156
2022-04-29,105.16999816894531,107.98999786376953,103.77999877929688,104.69000244140625
2022-05-02,104.0,105.94000244140625,100.27999877929688,105.16999816894531
2022-05-03,105.08000183105469,105.80000305175781,102.0999984741211,102.41000366210938
2022-05-04,103.5,108.61000061035156,102.94999694824219,107.80999755859375
2022-05-05,107.58000183105469,111.37000274658203,106.44999694824219,108.26000213623047
2022-05-06,108.69999694824219,111.18000030517578,107.23999786376953,109.7699966430664
2022-05-09,110.43000030517578,110.48999786376953,102.12999725341797,103.08999633789062
2022-05-10,102.6500015258789,104.16000366210938,98.86000061035156,99.76000213623047
2022-05-11,99.0,106.44000244140625,98.19999694824219,105.70999908447266
2022-05-12,105.62999725341797,107.37000274658203,102.66000366210938,106.12999725341797
2022-05-13,106.6500015258789,110.63999938964844,106.29000091552734,110.48999786376953
2022-05-16,110.9800033569336,114.9000015258789,108.11000061035156,114.19999694824219
2022-05-17,113.87000274658203,115.55999755859375,111.75,112.4000015258789
2022-05-18,113.66000366210938,115.41999816894531,108.45999908447266,109.58999633789062
2022-05-19,109.08999633789062,112.62000274658203,105.12999725341797,112.20999908447266
2022-05-20,111.44999694824219,114.04000091552734,110.8499984741211,113.2300033569336
2022-05-23,110.55999755859375,111.95999908447266,109.1500015258789,110.29000091552734
2022-05-24,110.41000366210938,111.43000030517578,108.61000061035156,109.7699966430664
2022-05-25,110.38999938964844,111.68000030517578,109.2300033569336,110.33000183105469
2022-05-26,110.69000244140625,114.83000183105469,110.2699966430664,114.08999633789062
2022-05-27,114.19999694824219,115.30000305175781,112.8499984741211,115.06999969482422
2022-05-31,114.95999908447266,119.9800033569336,114.1500015258789,114.66999816894531
2022-06-01,115.4000015258789,117.87000274658203,114.58000183105469,115.26000213623047
2022-06-02,114.80000305175781,117.7699966430664,111.19999694824219,116.87000274658203
2022-06-03,117.55000305175781,120.45999908447266,115.2300033569336,118.87000274658203
2022-06-06,120.81999969482422,120.98999786376953,117.62999725341797,118.5
2022-06-07,119.0999984741211,120.36000061035156,117.13999938964844,119.41000366210938
2022-06-08,119.79000091552734,123.18000030517578,119.30000305175781,122.11000061035156
2022-06-09,122.43000030517578,122.72000122070312,120.79000091552734,121.51000213623047
2022-06-10,121.45999908447266,122.75,118.33000183105469,120.66999816894531
2022-06-13,120.19000244140625,122.25,117.47000122070312,120.93000030517578
2022-06-14,121.08999633789062,123.68000030517578,116.62000274658203,118.93000030517578
2022-06-15,119.06999969482422,119.61000061035156,114.5999984741211,115.30999755859375
2022-06-16,115.9800033569336,118.08000183105469,112.30999755859375,117.58999633789062
2022-06-17,117.08000183105469,118.97000122070312,108.25,109.55999755859375
2022-06-21,110.58000183105469,112.47000122070312,108.72000122070312,110.6500015258789
2022-06-22,109.54000091552734,109.76000213623047,101.52999877929688,106.19000244140625
2022-06-23,104.41999816894531,107.05000305175781,102.31999969482422,104.2699966430664
2022-06-24,103.98999786376953,108.58000183105469,103.63999938964844,107.62000274658203
2022-06-27,107.22000122070312,110.54000091552734,105.5999984741211,109.56999969482422
2022-06-28,110.18000030517578,112.22000122070312,109.62000274658203,111.76000213623047
2022-06-29,111.86000061035156,114.05000305175781,109.22000122070312,109.77999877929688
2022-06-30,109.69999694824219,110.44999694824219,105.0999984741211,105.76000213623047
2022-07-01,106.01000213623047,109.33999633789062,104.55999755859375,108.43000030517578
2022-07-05,108.80000305175781,111.44999694824219,97.43000030517578,99.5
2022-07-06,100.36000061035156,102.13999938964844,95.0999984741211,98.52999877929688
2022-07-07,98.22000122070312,104.4800033569336,96.56999969482422,102.7300033569336
2022-07-08,102.22000122070312,105.23999786376953,101.51000213623047,104.79000091552734
2022-07-11,104.79000091552734,105.05000305175781,100.88999938964844,104.08999633789062
2022-07-12,103.45999908447266,103.48999786376953,95.3499984741211,95.83999633789062
2022-07-13,95.88999938964844,97.95999908447266,93.66999816894531,96.30000305175781
2022-07-14,96.56999969482422,97.0,90.55999755859375,95.77999877929688
2022-07-15,96.38999938964844,99.02999877929688,94.56999969482422,97.58999633789062
2022-07-18,97.2699966430664,102.80000305175781,95.8499984741211,102.5999984741211
2022-07-19,102.0,104.45999908447266,99.8499984741211,104.22000122070312
2022-07-20,103.5999984741211,104.38999938964844,101.51000213623047,102.26000213623047
2022-07-21,99.91000366210938,99.98999786376953,94.58999633789062,96.3499984741211
2022-07-22,96.51000213623047,97.94999694824219,94.2300033569336,94.69999694824219
2022-07-25,95.0999984741211,96.94000244140625,93.01000213623047,96.69999694824219
2022-07-26,96.33000183105469,99.0,94.76000213623047,94.9800033569336
2022-07-27,95.5999984741211,98.58999633789062,94.30000305175781,97.26000213623047
2022-07-28,98.16999816894531,99.83999633789062,96.04000091552734,96.41999816894531
2022-07-29,97.30000305175781,101.87999725341797,96.41000366210938,98.62000274658203
2022-08-01,98.45999908447266,98.6500015258789,92.41999816894531,93.88999938964844
2022-08-02,93.75,96.47000122070312,92.58999633789062,94.41999816894531
2022-08-03,93.83000183105469,96.56999969482422,90.37999725341797,90.66000366210938
2022-08-04,90.94999694824219,91.9000015258789,87.55000305175781,88.54000091552734
2022-08-05,88.05999755859375,90.76000213623047,87.01000213623047,89.01000213623047
2022-08-08,88.45999908447266,90.88999938964844,87.22000122070312,90.76000213623047
2022-08-09,90.69000244140625,92.6500015258789,89.05000305175781,90.5
2022-08-10,90.51000213623047,92.43000030517578,87.66000366210938,91.93000030517578
2022-08-11,91.55000305175781,95.05000305175781,91.23999786376953,94.33999633789062
2022-08-12,94.08999633789062,94.80999755859375,91.16000366210938,92.08999633789062
2022-08-15,91.94000244140625,92.0999984741211,86.81999969482422,89.41000366210938
2022-08-16,87.93000030517578,90.6500015258789,85.7300033569336,86.52999877929688
2022-08-17,87.0999984741211,89.16000366210938,85.87999725341797,88.11000061035156
2022-08-18,87.38999938964844,91.45999908447266,87.31999969482422,90.5
2022-08-19,90.38999938964844,92.08999633789062,88.37999725341797,90.7699966430664
2022-08-22,89.6500015258789,91.26000213623047,86.5999984741211,90.2300033569336
2022-08-23,90.55000305175781,94.22000122070312,90.41999816894531,93.73999786376953
2022-08-24,93.77999877929688,95.4000015258789,92.79000091552734,94.88999938964844
2022-08-25,95.3499984741211,95.76000213623047,92.29000091552734,92.5199966430664
2022-08-26,93.05999755859375,94.0199966430664,91.08000183105469,93.05999755859375
2022-08-29,92.95999908447266,97.37000274658203,92.29000091552734,97.01000213623047
2022-08-30,96.9000015258789,97.66000366210938,90.54000091552734,91.63999938964844
2022-08-31,92.30999755859375,92.7300033569336,88.2699966430664,89.55000305175781
2022-09-01,88.83000183105469,89.62999725341797,85.9800033569336,86.61000061035156
2022-09-02,86.55999755859375,89.66000366210938,86.3499984741211,86.87000274658203
2022-09-06,86.83999633789062,90.38999938964844,86.18000030517578,86.87999725341797
2022-09-07,86.93000030517578,87.76000213623047,81.5,81.94000244140625
2022-09-08,81.91000366210938,84.25,81.19999694824219,83.54000091552734
2022-09-09,82.80000305175781,87.19999694824219,82.70999908447266,86.79000091552734
2022-09-12,86.25,89.0999984741211,85.16000366210938,87.77999877929688
2022-09-13,88.08999633789062,89.30999755859375,85.05999755859375,87.30999755859375
2022-09-14,87.94000244140625,90.19000244140625,86.18000030517578,88.4800033569336
2022-09-15,88.91000366210938,89.1500015258789,84.52999877929688,85.0999984741211
2022-09-16,85.16000366210938,86.58999633789062,84.2699966430664,85.11000061035156
2022-09-19,85.20999908447266,86.22000122070312,82.0999984741211,85.7300033569336
2022-09-20,85.61000061035156,86.44999694824219,83.5199966430664,84.44999694824219
2022-09-21,84.25,86.68000030517578,82.48999786376953,82.94000244140625
2022-09-22,83.06999969482422,86.0,82.4000015258789,83.48999786376953
2022-09-23,83.54000091552734,83.91999816894531,78.04000091552734,78.73999786376953
2022-09-26,79.2300033569336,80.30999755859375,76.25,76.70999908447266
2022-09-27,76.47000122070312,79.51000213623047,76.41999816894531,78.5
2022-09-28,78.08000183105469,82.33999633789062,76.55000305175781,82.1500015258789
2022-09-29,81.9000015258789,82.94000244140625,80.33999633789062,81.2300033569336
2022-09-30,81.73999786376953,82.55999755859375,79.13999938964844,79.48999786376953
2022-10-03,81.0199966430664,84.55999755859375,80.87000274658203,83.62999725341797
2022-10-04,83.22000122070312,86.9800033569336,83.22000122070312,86.5199966430664
2022-10-05,86.37000274658203,88.41999816894531,85.41999816894531,87.76000213623047
2022-10-06,88.08000183105469,89.06999969482422,87.04000091552734,88.44999694824219
2022-10-07,88.93000030517578,93.30999755859375,88.0,92.63999938964844
2022-10-10,93.4800033569336,93.63999938964844,90.54000091552734,91.12999725341797
2022-10-11,91.13999938964844,91.3499984741211,87.91000366210938,89.3499984741211
2022-10-12,88.66999816894531,90.06999969482422,86.27999877929688,87.2699966430664
2022-10-13,87.08000183105469,89.66000366210938,85.55999755859375,89.11000061035156
2022-10-14,89.2699966430664,89.7300033569336,85.19999694824219,85.61000061035156
2022-10-17,85.58999633789062,87.12000274658203,84.61000061035156,85.45999908447266
2022-10-18,85.69999694824219,86.51000213623047,82.08999633789062,82.81999969482422
2022-10-19,83.69000244140625,86.19999694824219,82.58999633789062,85.55000305175781
2022-10-20,85.94000244140625,88.16999816894531,85.22000122070312,85.9800033569336
2022-10-21,85.06999969482422,85.9000015258789,83.1500015258789,85.05000305175781
2022-10-24,85.23999786376953,85.91999816894531,82.62999725341797,84.58000183105469
2022-10-25,84.87999725341797,86.02999877929688,83.05999755859375,85.31999969482422
2022-10-26,85.06999969482422,88.41000366210938,84.13999938964844,87.91000366210938
2022-10-27,88.26000213623047,89.79000091552734,87.33000183105469,89.08000183105469
2022-10-28,88.66999816894531,88.76000213623047,87.08000183105469,87.9000015258789
2022-10-31,88.38999938964844,88.6500015258789,85.30000305175781,86.52999877929688
2022-11-01,86.43000030517578,89.44999694824219,85.91999816894531,88.37000274658203
2022-11-02,88.62000274658203,90.36000061035156,87.72000122070312,90.0
2022-11-03,89.3499984741211,89.66999816894531,87.5999984741211,88.16999816894531
2022-11-04,87.9000015258789,92.87000274658203,87.81999969482422,92.61000061035156
2022-11-07,91.0,93.73999786376953,90.4000015258789,91.79000091552734
2022-11-08,91.87000274658203,92.16999816894531,88.5199966430664,88.91000366210938
2022-11-09,88.56999969482422,89.23999786376953,85.5,85.83000183105469
2022-11-10,85.8499984741211,87.3499984741211,84.69999694824219,86.47000122070312
2022-11-11,86.2699966430664,90.0999984741211,86.18000030517578,88.95999908447266
2022-11-14,89.0199966430664,89.83999633789062,85.1500015258789,85.87000274658203
2022-11-15,85.25,88.68000030517578,84.05999755859375,86.91999816894531
2022-11-16,86.88999938964844,87.51000213623047,84.19999694824219,85.58999633789062
2022-11-17,85.22000122070312,85.44999694824219,81.4000015258789,81.63999938964844
2022-11-18,82.08999633789062,82.63999938964844,77.23999786376953,80.08000183105469
2022-11-21,80.30000305175781,80.30000305175781,75.08000183105469,79.7300033569336
2022-11-22,80.22000122070312,82.36000061035156,79.8499984741211,80.94999694824219
2022-11-23,81.08000183105469,81.94999694824219,76.83000183105469,77.94000244140625
2022-11-25,77.51000213623047,79.9000015258789,76.22000122070312,76.27999877929688
2022-11-28,75.93000030517578,77.83999633789062,73.5999984741211,77.23999786376953
2022-11-29,76.54000091552734,79.6500015258789,76.29000091552734,78.19999694824219
2022-11-30,79.0,81.37999725341797,78.4000015258789,80.55000305175781
2022-12-01,80.4000015258789,83.33999633789062,79.93000030517578,81.22000122070312
2022-12-02,81.47000122070312,82.22000122070312,79.6500015258789,79.9800033569336
2022-12-05,79.98999786376953,82.72000122070312,76.7699966430664,76.93000030517578
2022-12-06,77.3499984741211,77.87999725341797,73.41000366210938,74.25
2022-12-07,74.55000305175781,75.37999725341797,71.75,72.01000213623047
2022-12-08,72.37999725341797,75.44000244140625,71.12000274658203,71.45999908447266
2022-12-09,71.8499984741211,72.91999816894531,70.08000183105469,71.0199966430664
2022-12-12,71.79000091552734,73.98999786376953,70.25,73.16999816894531
2022-12-13,73.29000091552734,76.37000274658203,73.20999908447266,75.38999938964844
2022-12-14,75.2699966430664,77.75,74.9000015258789,77.27999877929688
2022-12-15,77.37000274658203,77.7699966430664,75.33000183105469,76.11000061035156
2022-12-16,76.37000274658203,76.56999969482422,73.33000183105469,74.29000091552734
2022-12-19,74.5,76.41000366210938,73.80999755859375,75.19000244140625
2022-12-20,75.69999694824219,76.75,74.30999755859375,76.08999633789062
2022-12-21,75.98999786376953,78.61000061035156,75.80000305175781,78.29000091552734
2022-12-22,78.43000030517578,79.9000015258789,77.02999877929688,77.48999786376953
2022-12-23,78.18000030517578,80.33000183105469,77.9800033569336,79.55999755859375
2022-12-27,79.9000015258789,81.18000030517578,79.16000366210938,79.52999877929688
2022-12-28,79.88999938964844,79.91999816894531,77.30000305175781,78.95999908447266
2022-12-29,78.81999969482422,78.81999969482422,76.79000091552734,78.4000015258789
2022-12-30,78.7300033569336,80.66999816894531,77.70999908447266,80.26000213623047
2023-01-03,80.56999969482422,81.5,76.5999984741211,76.93000030517578
2023-01-04,77.25,77.41999816894531,72.7300033569336,72.83999633789062
2023-01-05,73.25,74.91999816894531,72.45999908447266,73.66999816894531
2023-01-06,73.97000122070312,75.47000122070312,73.23999786376953,73.7699966430664
2023-01-09,73.47000122070312,76.73999786376953,73.47000122070312,74.62999725341797
2023-01-10,74.86000061035156,75.91999816894531,73.83999633789062,75.12000274658203
2023-01-11,74.77999877929688,77.83999633789062,74.30999755859375,77.41000366210938
2023-01-12,77.69999694824219,79.16000366210938,77.0999984741211,78.38999938964844
2023-01-13,78.31999969482422,80.11000061035156,77.97000122070312,79.86000061035156
2023-01-17,80.0999984741211,81.2300033569336,78.52999877929688,80.18000030517578
2023-01-18,80.97000122070312,82.37999725341797,78.94000244140625,79.4800033569336
2023-01-19,79.13999938964844,81.18000030517578,78.12999725341797,80.33000183105469
2023-01-20,80.5999984741211,81.63999938964844,79.69000244140625,81.30999755859375
2023-01-23,81.79000091552734,82.63999938964844,81.05000305175781,81.62000274658203
2023-01-24,81.62000274658203,82.22000122070312,79.66000366210938,80.12999725341797
2023-01-25,80.26000213623047,81.2300033569336,79.44999694824219,80.1500015258789
2023-01-26,80.4800033569336,82.13999938964844,79.91999816894531,81.01000213623047
2023-01-27,81.22000122070312,82.4800033569336,79.04000091552734,79.68000030517578
2023-01-30,80.04000091552734,80.48999786376953,77.66000366210938,77.9000015258789
2023-01-31,77.91000366210938,79.25,76.55000305175781,78.87000274658203
2023-02-01,79.05999755859375,79.7300033569336,76.05000305175781,76.41000366210938
2023-02-02,76.79000091552734,77.23999786376953,74.97000122070312,75.87999725341797
2023-02-03,75.91999816894531,78.0,73.0999984741211,73.38999938964844
2023-02-06,73.2300033569336,74.51000213623047,72.25,74.11000061035156
2023-02-07,74.56999969482422,77.5999984741211,74.3499984741211,77.13999938964844
2023-02-08,77.48999786376953,78.56999969482422,77.08000183105469,78.47000122070312
2023-02-09,78.44999694824219,78.83999633789062,76.5199966430664,78.05999755859375
2023-02-10,77.68000030517578,80.33000183105469,77.47000122070312,79.72000122070312
2023-02-13,79.94000244140625,80.62000274658203,78.44999694824219,80.13999938964844
2023-02-14,79.05999755859375,79.61000061035156,77.45999908447266,79.05999755859375
2023-02-15,78.83000183105469,79.1500015258789,77.25,78.58999633789062
2023-02-16,78.54000091552734,79.54000091552734,77.91999816894531,78.48999786376953
2023-02-17,78.06999969482422,78.25,75.05999755859375,76.33999633789062
2023-02-21,76.52999877929688,77.51000213623047,75.69000244140625,76.16000366210938
2023-02-22,76.11000061035156,76.55000305175781,73.80000305175781,73.94999694824219
2023-02-23,73.91999816894531,75.98999786376953,73.83000183105469,75.38999938964844
2023-02-24,75.5999984741211,76.62999725341797,74.08999633789062,76.31999969482422
2023-02-27,76.41999816894531,76.81999969482422,74.98999786376953,75.68000030517578
2023-02-28,75.76000213623047,77.83000183105469,75.55000305175781,77.05000305175781
2023-03-01,76.8499984741211,77.8499984741211,76.12000274658203,77.69000244140625
2023-03-02,77.73999786376953,78.58999633789062,77.2300033569336,78.16000366210938
2023-03-03,77.88999938964844,79.9000015258789,75.83000183105469,79.68000030517578
2023-03-06,79.91999816894531,80.62999725341797,78.31999969482422,80.45999908447266
2023-03-07,80.5,80.94000244140625,77.05999755859375,77.58000183105469
2023-03-08,77.31999969482422,77.7300033569336,76.11000061035156,76.66000366210938
2023-03-09,76.5,78.05999755859375,75.43000030517578,75.72000122070312
2023-03-10,75.6500015258789,77.11000061035156,74.7699966430664,76.68000030517578
2023-03-13,76.5999984741211,77.47000122070312,72.30000305175781,74.80000305175781
2023-03-14,74.69999694824219,74.9000015258789,70.77999877929688,71.33000183105469
2023-03-15,71.55999755859375,72.55999755859375,65.6500015258789,67.61000061035156
2023-03-16,68.22000122070312,69.37999725341797,65.70999908447266,68.3499984741211
2023-03-17,68.26000213623047,69.63999938964844,65.16999816894531,66.73999786376953
2023-03-20,66.62000274658203,67.69999694824219,64.12000274658203,67.63999938964844
2023-03-21,67.62000274658203,69.5999984741211,66.7699966430664,69.33000183105469
2023-03-22,69.4800033569336,71.30999755859375,68.88999938964844,70.9000015258789
2023-03-23,69.94999694824219,71.66999816894531,69.13999938964844,69.95999908447266
2023-03-24,69.51000213623047,70.37999725341797,66.81999969482422,69.26000213623047
2023-03-27,69.41999816894531,73.0999984741211,69.12999725341797,72.80999755859375
2023-03-28,72.86000061035156,73.93000030517578,72.19000244140625,73.19999694824219
2023-03-29,73.61000061035156,74.37000274658203,72.76000213623047,72.97000122070312
2023-03-30,72.9800033569336,74.62999725341797,72.61000061035156,74.37000274658203
2023-03-31,74.37000274658203,75.72000122070312,73.7699966430664,75.66999816894531
2023-04-03,80.0999984741211,81.69000244140625,79.0,80.41999816894531
2023-04-04,80.44000244140625,81.80999755859375,79.61000061035156,80.70999908447266
2023-04-05,81.01000213623047,81.23999786376953,79.72000122070312,80.61000061035156
2023-04-06,80.37000274658203,80.95999908447266,79.6500015258789,80.69999694824219
2023-04-10,80.5,81.22000122070312,79.61000061035156,79.73999786376953
2023-04-11,79.87999725341797,81.58999633789062,79.37000274658203,81.52999877929688
2023-04-12,81.44000244140625,83.52999877929688,81.27999877929688,83.26000213623047
2023-04-13,83.22000122070312,83.44000244140625,82.11000061035156,82.16000366210938
2023-04-14,82.4000015258789,83.12000274658203,81.76000213623047,82.5199966430664
2023-04-17,82.4800033569336,82.70999908447266,80.47000122070312,80.83000183105469
2023-04-18,81.0,81.4800033569336,79.87000274658203,80.86000061035156
2023-04-19,80.91999816894531,81.18000030517578,78.45999908447266,79.16000366210938
2023-04-20,78.87000274658203,78.88999938964844,76.97000122070312,77.29000091552734
2023-04-21,77.12999725341797,78.38999938964844,76.72000122070312,77.87000274658203
2023-04-24,77.97000122070312,79.18000030517578,76.72000122070312,78.76000213623047
2023-04-25,78.73999786376953,79.06999969482422,76.5,77.06999969482422
2023-04-26,77.08000183105469,77.93000030517578,74.05000305175781,74.30000305175781
2023-04-27,74.37999725341797,75.27999877929688,74.02999877929688,74.76000213623047
2023-04-28,74.91000366210938,76.91999816894531,73.93000030517578,76.77999877929688
2023-05-01,76.66000366210938,76.69000244140625,74.52999877929688,75.66000366210938
2023-05-02,75.76000213623047,76.11000061035156,71.41999816894531,71.66000366210938
2023-05-03,71.55999755859375,71.79000091552734,67.94999694824219,68.5999984741211
2023-05-04,68.16000366210938,69.83999633789062,63.63999938964844,68.55999755859375
2023-05-05,68.69999694824219,71.80999755859375,68.4800033569336,71.33999633789062
2023-05-08,71.3499984741211,73.69000244140625,71.04000091552734,73.16000366210938
2023-05-09,72.83999633789062,73.77999877929688,71.33999633789062,73.70999908447266
2023-05-10,73.58000183105469,73.88999938964844,71.80000305175781,72.55999755859375
2023-05-11,72.7699966430664,73.5,70.62999725341797,70.87000274658203
2023-05-12,71.41999816894531,71.77999877929688,69.93000030517578,70.04000091552734
2023-05-15,70.04000091552734,71.69000244140625,69.41000366210938,71.11000061035156
2023-05-16,71.31999969482422,71.79000091552734,70.44999694824219,70.86000061035156
2023-05-17,70.5999984741211,73.26000213623047,70.04000091552734,72.83000183105469
2023-05-18,72.75,72.87000274658203,71.41999816894531,71.86000061035156
2023-05-19,71.94000244140625,73.4000015258789,71.02999877929688,71.55000305175781
2023-05-22,71.69999694824219,72.36000061035156,70.55000305175781,71.98999786376953
2023-05-23,72.0999984741211,73.79000091552734,71.70999908447266,72.91000366210938
2023-05-24,73.7699966430664,74.7300033569336,73.12999725341797,74.33999633789062
2023-05-25,74.20999908447266,74.37000274658203,70.9800033569336,71.83000183105469
2023-05-26,71.88999938964844,73.05000305175781,71.48999786376953,72.66999816894531
2023-05-30,73.2300033569336,73.55000305175781,69.0199966430664,69.45999908447266
2023-05-31,69.62000274658203,69.69000244140625,67.02999877929688,68.08999633789062
2023-06-01,67.5999984741211,71.06999969482422,67.51000213623047,70.0999984741211
2023-06-02,70.20999908447266,72.16999816894531,70.0,71.73999786376953
2023-06-05,75.02999877929688,75.05999755859375,71.7300033569336,72.1500015258789
2023-06-06,71.98999786376953,72.33000183105469,70.12999725341797,71.73999786376953
2023-06-07,71.55999755859375,73.19000244140625,71.01000213623047,72.52999877929688
2023-06-08,72.47000122070312,73.27999877929688,69.02999877929688,71.29000091552734
2023-06-09,70.94000244140625,71.7699966430664,70.0999984741211,70.16999816894531
2023-06-12,70.2699966430664,70.33000183105469,66.80000305175781,67.12000274658203
2023-06-13,67.30999755859375,69.83000183105469,67.1500015258789,69.41999816894531
2023-06-14,69.3499984741211,70.48999786376953,68.06999969482422,68.2699966430664
2023-06-15,68.69999694824219,70.95999908447266,67.97000122070312,70.62000274658203
2023-06-16,70.55000305175781,71.88999938964844,69.94999694824219,71.77999877929688
2023-06-20,71.44999694824219,72.08999633789062,69.6500015258789,70.5
2023-06-21,70.9000015258789,72.72000122070312,70.80000305175781,72.52999877929688
2023-06-22,72.43000030517578,72.6500015258789,68.93000030517578,69.51000213623047
2023-06-23,69.52999877929688,69.6500015258789,67.3499984741211,69.16000366210938
2023-06-26,69.83999633789062,70.11000061035156,68.70999908447266,69.37000274658203
2023-06-27,69.48999786376953,70.1500015258789,67.5,67.69999694824219
2023-06-28,68.01000213623047,69.7300033569336,67.05000305175781,69.55999755859375
2023-06-29,69.25,70.5999984741211,68.93000030517578,69.86000061035156
2023-06-30,69.81999969482422,71.04000091552734,69.52999877929688,70.63999938964844
2023-07-03,70.44999694824219,71.7699966430664,69.69000244140625,69.79000091552734
2023-07-05,70.1500015258789,72.16999816894531,69.9000015258789,71.79000091552734
2023-07-06,71.80000305175781,72.33999633789062,70.22000122070312,71.80000305175781
2023-07-07,71.88999938964844,73.91999816894531,71.19000244140625,73.86000061035156
2023-07-10,73.86000061035156,74.1500015258789,72.66999816894531,72.98999786376953
2023-07-11,73.19000244140625,74.95999908447266,72.9800033569336,74.83000183105469
2023-07-12,74.83000183105469,76.1500015258789,74.66999816894531,75.75
2023-07-13,75.8499984741211,77.33000183105469,75.31999969482422,76.88999938964844
2023-07-14,77.16000366210938,77.30000305175781,75.11000061035156,75.41999816894531
2023-07-17,75.0199966430664,76.08999633789062,73.83999633789062,74.1500015258789
2023-07-18,74.18000030517578,75.95999908447266,73.87999725341797,75.75
2023-07-19,75.83999633789062,76.97000122070312,75.06999969482422,75.3499984741211
2023-07-20,75.3499984741211,76.1500015258789,74.72000122070312,75.62999725341797
2023-07-21,75.69999694824219,77.29000091552734,75.69000244140625,77.06999969482422
2023-07-24,77.01000213623047,79.27999877929688,76.44000244140625,78.73999786376953
2023-07-25,78.8499984741211,79.9000015258789,78.29000091552734,79.62999725341797
2023-07-26,79.33999633789062,79.7699966430664,78.55000305175781,78.77999877929688
2023-07-27,78.9000015258789,80.5999984741211,78.87000274658203,80.08999633789062
2023-07-28,79.83999633789062,80.70999908447266,79.06999969482422,80.58000183105469
2023-07-31,80.6500015258789,82.0,80.12999725341797,81.80000305175781
2023-08-01,81.7300033569336,82.22000122070312,80.58999633789062,81.37000274658203
2023-08-02,82.05000305175781,82.43000030517578,79.05000305175781,79.48999786376953
2023-08-03,79.7699966430664,81.86000061035156,78.69000244140625,81.55000305175781
2023-08-04,81.7300033569336,83.23999786376953,81.51000213623047,82.81999969482422
2023-08-07,82.81999969482422,83.30000305175781,81.5199966430664,81.94000244140625
2023-08-08,82.52999877929688,83.08000183105469,79.9000015258789,82.91999816894531
2023-08-09,82.87999725341797,84.6500015258789,82.66999816894531,84.4000015258789
2023-08-10,84.25,84.88999938964844,82.58000183105469,82.81999969482422
2023-08-11,82.83000183105469,83.80999755859375,82.2300033569336,83.19000244140625
2023-08-14,83.08999633789062,83.19999694824219,81.76000213623047,82.51000213623047
2023-08-15,82.5199966430664,82.91000366210938,80.4000015258789,80.98999786376953
2023-08-16,81.2300033569336,81.43000030517578,79.05000305175781,79.37999725341797
2023-08-17,79.25,81.08000183105469,78.94999694824219,80.38999938964844
2023-08-18,80.04000091552734,81.61000061035156,79.58999633789062,81.25
2023-08-21,81.43000030517578,82.47000122070312,80.61000061035156,80.72000122070312
2023-08-22,80.80000305175781,80.98999786376953,80.0999984741211,80.3499984741211
2023-08-23,79.63999938964844,79.91000366210938,77.62000274658203,78.88999938964844
2023-08-24,78.56999969482422,79.27999877929688,77.58999633789062,79.05000305175781
2023-08-25,78.87999725341797,80.44999694824219,78.13999938964844,79.83000183105469
2023-08-28,80.1500015258789,80.87000274658203,79.61000061035156,80.0999984741211
2023-08-29,79.9800033569336,81.41000366210938,79.33999633789062,81.16000366210938
2023-08-30,81.29000091552734,82.05000305175781,80.87999725341797,81.62999725341797
2023-08-31,81.69999694824219,83.69000244140625,81.4800033569336,83.62999725341797
2023-09-01,83.62999725341797,86.05999755859375,83.45999908447266,85.55000305175781
2023-09-05,86.05999755859375,88.06999969482422,85.0199966430664,86.69000244140625
2023-09-06,86.72000122070312,88.08000183105469,85.93000030517578,87.54000091552734
2023-09-07,87.54000091552734,87.73999786376953,86.38999938964844,86.87000274658203
2023-09-08,86.77999877929688,87.94999694824219,86.1500015258789,87.51000213623047
2023-09-11,87.4000015258789,88.1500015258789,86.70999908447266,87.29000091552734
2023-09-12,87.2699966430664,89.37000274658203,87.22000122070312,88.83999633789062
2023-09-13,88.75,89.63999938964844,88.29000091552734,88.5199966430664
2023-09-14,88.80999755859375,90.79000091552734,88.68000030517578,90.16000366210938
2023-09-15,90.66999816894531,91.2300033569336,89.22000122070312,90.7699966430664
2023-09-18,91.19999694824219,92.43000030517578,90.75,91.4800033569336
2023-09-19,92.22000122070312,93.73999786376953,91.06999969482422,91.19999694824219
2023-09-20,91.55000305175781,91.9800033569336,89.87000274658203,90.27999877929688
2023-09-21,89.30000305175781,90.9800033569336,88.37000274658203,89.62999725341797
2023-09-22,89.62000274658203,91.33000183105469,89.30999755859375,90.02999877929688
2023-09-25,90.55000305175781,90.83000183105469,89.02999877929688,89.68000030517578
2023-09-26,89.87999725341797,90.73999786376953,88.19000244140625,90.38999938964844
2023-09-27,90.52999877929688,94.16999816894531,90.4000015258789,93.68000030517578
2023-09-28,93.77999877929688,95.02999877929688,91.38999938964844,91.70999908447266
2023-09-29,91.76000213623047,93.0999984741211,90.3499984741211,90.79000091552734
2023-10-02,90.81999969482422,91.87999725341797,88.45999908447266,88.81999969482422
2023-10-03,88.66999816894531,90.2699966430664,87.76000213623047,89.2300033569336
2023-10-04,89.41999816894531,89.58999633789062,84.16000366210938,84.22000122070312
2023-10-05,84.44999694824219,84.91999816894531,82.1500015258789,82.30999755859375
2023-10-06,82.27999877929688,83.27999877929688,81.5,82.79000091552734
2023-10-09,85.25,87.23999786376953,84.66999816894531,86.37999725341797
2023-10-10,86.43000030517578,86.73999786376953,85.12000274658203,85.97000122070312
2023-10-11,85.95999908447266,86.51000213623047,83.11000061035156,83.48999786376953
2023-10-12,83.19999694824219,85.19999694824219,82.30999755859375,82.91000366210938
2023-10-13,83.51000213623047,87.83000183105469,83.3499984741211,87.69000244140625
2023-10-16,87.72000122070312,88.33000183105469,86.31999969482422,86.66000366210938
2023-10-17,87.05999755859375,87.75,85.5999984741211,86.66000366210938
2023-10-18,87.80999755859375,89.87999725341797,87.19999694824219,88.31999969482422
2023-10-19,88.23999786376953,90.68000030517578,86.5999984741211,89.37000274658203
2023-10-20,90.27999877929688,90.77999877929688,88.33000183105469,88.75
2023-10-23,88.0,88.29000091552734,85.3499984741211,85.48999786376953
2023-10-24,86.1500015258789,86.30000305175781,82.94000244140625,83.73999786376953
2023-10-25,83.69000244140625,85.55999755859375,82.08000183105469,85.38999938964844
2023-10-26,85.37000274658203,85.58999633789062,82.55999755859375,83.20999908447266
2023-10-27,83.52999877929688,85.9000015258789,83.0999984741211,85.54000091552734
2023-10-30,85.0,85.30000305175781,81.81999969482422,82.30999755859375
2023-10-31,82.58999633789062,83.37000274658203,80.73999786376953,81.0199966430664
2023-11-01,81.4800033569336,83.41999816894531,80.30000305175781,80.44000244140625
2023-11-02,80.81999969482422,82.83000183105469,80.22000122070312,82.45999908447266
2023-11-03,82.58000183105469,83.5999984741211,80.0999984741211,80.51000213623047
2023-11-06,81.12999725341797,82.23999786376953,80.66000366210938,80.81999969482422
2023-11-07,80.93000030517578,81.05000305175781,77.08999633789062,77.37000274658203
2023-11-08,77.12000274658203,77.52999877929688,74.91000366210938,75.33000183105469
2023-11-09,75.6500015258789,77.16000366210938,75.20999908447266,75.73999786376953
2023-11-10,75.58999633789062,77.7300033569336,75.30999755859375,77.16999816894531
2023-11-13,77.1500015258789,78.63999938964844,76.20999908447266,78.26000213623047
2023-11-14,78.52999877929688,79.7699966430664,77.79000091552734,78.26000213623047
2023-11-15,78.16999816894531,78.7699966430664,76.30999755859375,76.66000366210938
2023-11-16,76.5999984741211,76.62999725341797,72.16000366210938,72.9000015258789
2023-11-17,72.97000122070312,75.98999786376953,72.75,75.88999938964844
2023-11-20,75.6500015258789,78.22000122070312,75.6500015258789,77.5999984741211
2023-11-21,77.6500015258789,77.91999816894531,76.91999816894531,77.7699966430664
2023-11-22,77.7699966430664,77.97000122070312,73.79000091552734,77.0999984741211
2023-11-24,76.79000091552734,77.08999633789062,75.06999969482422,75.54000091552734
2023-11-27,75.30999755859375,76.2300033569336,74.05999755859375,74.86000061035156
2023-11-28,75.06999969482422,77.0199966430664,74.63999938964844,76.41000366210938
2023-11-29,76.55999755859375,78.08999633789062,75.66999816894531,77.86000061035156
2023-11-30,77.75,79.5999984741211,75.05000305175781,75.95999908447266
2023-12-01,75.58999633789062,76.76000213623047,73.93000030517578,74.06999969482422
2023-12-04,74.58000183105469,75.02999877929688,72.62999725341797,73.04000091552734
2023-12-05,73.30000305175781,74.12000274658203,72.0199966430664,72.31999969482422
2023-12-06,72.0999984741211,72.5999984741211,69.11000061035156,69.37999725341797
2023-12-07,69.27999877929688,70.4800033569336,68.80000305175781,69.33999633789062
2023-12-08,69.76000213623047,71.62999725341797,69.5,71.2300033569336
2023-12-11,71.1500015258789,71.80999755859375,70.3499984741211,71.31999969482422
2023-12-12,71.43000030517578,71.95999908447266,68.22000122070312,68.61000061035156
2023-12-13,68.7300033569336,69.88999938964844,67.70999908447266,69.47000122070312
2023-12-14,69.8499984741211,72.45999908447266,69.54000091552734,71.58000183105469
2023-12-15,71.61000061035156,72.22000122070312,70.30000305175781,71.43000030517578
2023-12-18,71.68000030517578,74.26000213623047,70.63999938964844,72.47000122070312
2023-12-19,72.4800033569336,74.01000213623047,71.8499984741211,73.44000244140625
2023-12-20,74.05999755859375,75.37000274658203,73.5999984741211,74.22000122070312
2023-12-21,73.80999755859375,74.58000183105469,72.44000244140625,73.88999938964844
2023-12-22,73.91000366210938,74.9800033569336,73.38999938964844,73.55999755859375
2023-12-26,73.55999755859375,76.18000030517578,73.12999725341797,75.56999969482422
2023-12-27,75.31999969482422,75.66000366210938,73.7699966430664,74.11000061035156
2023-12-28,73.80000305175781,74.4000015258789,71.72000122070312,71.7699966430664
2023-12-29,71.98999786376953,72.62000274658203,71.25,71.6500015258789
2024-01-02,71.70999908447266,73.63999938964844,70.05999755859375,70.37999725341797
2024-01-03,70.5,73.2300033569336,69.27999877929688,72.69999694824219
2024-01-04,73.04000091552734,74.0,71.05999755859375,72.19000244140625
2024-01-05,72.4000015258789,74.23999786376953,72.20999908447266,73.80999755859375
2024-01-08,73.51000213623047,73.94999694824219,70.12999725341797,70.7699966430664
2024-01-09,70.91000366210938,72.93000030517578,70.47000122070312,72.23999786376953
2024-01-10,72.16999816894531,73.58999633789062,71.01000213623047,71.37000274658203
2024-01-11,71.33000183105469,73.80999755859375,71.16999816894531,72.0199966430664
2024-01-12,73.01000213623047,75.25,72.36000061035156,72.68000030517578
2024-01-16,72.62999725341797,73.55999755859375,71.2300033569336,72.4000015258789
2024-01-17,72.0,72.94999694824219,70.5,72.55999755859375
2024-01-18,72.77999877929688,74.37999725341797,72.18000030517578,74.08000183105469
2024-01-19,74.08000183105469,74.91000366210938,73.19999694824219,73.41000366210938
2024-01-22,73.41000366210938,75.75,72.88999938964844,75.19000244140625
2024-01-23,74.68000030517578,75.25,73.41000366210938,74.37000274658203
2024-01-24,74.56999969482422,75.83000183105469,73.94000244140625,75.08999633789062
2024-01-25,75.30000305175781,77.51000213623047,75.16000366210938,77.36000061035156
2024-01-26,77.1500015258789,78.26000213623047,76.05999755859375,78.01000213623047
2024-01-29,78.9000015258789,79.29000091552734,76.41000366210938,76.77999877929688
2024-01-30,77.0199966430664,78.13999938964844,75.8499984741211,77.81999969482422
2024-01-31,77.83999633789062,78.11000061035156,75.5199966430664,75.8499984741211
2024-02-01,75.95999908447266,76.94999694824219,73.69999694824219,73.81999969482422
2024-02-02,73.91000366210938,74.5199966430664,71.79000091552734,72.27999877929688
2024-02-05,72.75,73.27999877929688,71.41000366210938,72.77999877929688
2024-02-06,72.76000213623047,73.81999969482422,72.37999725341797,73.30999755859375
2024-02-07,73.5,74.22000122070312,73.2300033569336,73.86000061035156
2024-02-08,74.08000183105469,76.58999633789062,73.55999755859375,76.22000122070312
2024-02-09,76.41999816894531,77.29000091552734,75.93000030517578,76.83999633789062
2024-02-12,76.5999984741211,77.08999633789062,75.54000091552734,76.91999816894531
2024-02-13,77.02999877929688,78.47000122070312,76.87000274658203,77.87000274658203
2024-02-14,77.80999755859375,78.7699966430664,76.37999725341797,76.63999938964844
2024-02-15,76.5999984741211,78.44000244140625,75.77999877929688,78.02999877929688
2024-02-16,78.11000061035156,79.3499984741211,77.22000122070312,79.19000244140625
2024-02-20,78.9800033569336,79.80000305175781,77.66999816894531,78.18000030517578
2024-02-21,77.1500015258789,78.08000183105469,76.31999969482422,77.91000366210938
2024-02-22,78.08999633789062,78.91999816894531,77.2300033569336,78.61000061035156
2024-02-23,78.37000274658203,78.38999938964844,76.3499984741211,76.48999786376953
2024-02-26,76.4000015258789,78.02999877929688,75.83999633789062,77.58000183105469
2024-02-27,77.62000274658203,79.0,77.16999816894531,78.87000274658203
2024-02-28,78.4800033569336,79.62000274658203,77.77999877929688,78.54000091552734
2024-02-29,78.19999694824219,79.27999877929688,77.94000244140625,78.26000213623047
2024-03-01,78.27999877929688,80.8499984741211,78.05000305175781,79.97000122070312
2024-03-04,80.13999938964844,80.41000366210938,78.55999755859375,78.73999786376953
2024-03-05,78.73999786376953,79.48999786376953,77.5199966430664,78.1500015258789
2024-03-06,78.1500015258789,80.66999816894531,77.98999786376953,79.12999725341797
2024-03-07,79.12999725341797,79.52999877929688,78.0199966430664,78.93000030517578
2024-03-08,79.51000213623047,79.98999786376953,77.55999755859375,78.01000213623047
2024-03-11,77.80000305175781,78.47000122070312,76.79000091552734,77.93000030517578
2024-03-12,78.08999633789062,78.7300033569336,77.33999633789062,77.55999755859375
2024-03-13,78.05999755859375,79.9000015258789,77.56999969482422,79.72000122070312
2024-03-14,79.62999725341797,81.62000274658203,79.56999969482422,81.26000213623047
2024-03-15,81.13999938964844,81.44999694824219,80.48999786376953,81.04000091552734
2024-03-18,81.02999877929688,83.08999633789062,81.01000213623047,82.72000122070312
2024-03-19,82.8499984741211,83.8499984741211,82.38999938964844,83.47000122070312
2024-03-20,83.19999694824219,83.20999908447266,81.44000244140625,81.68000030517578
2024-03-21,81.48999786376953,81.91999816894531,80.30000305175781,81.06999969482422
2024-03-22,80.83999633789062,81.44999694824219,80.41999816894531,80.62999725341797
2024-03-25,80.8499984741211,82.4800033569336,80.58999633789062,81.94999694824219
2024-03-26,81.94000244140625,82.36000061035156,81.22000122070312,81.62000274658203
2024-03-27,81.29000091552734,81.73999786376953,80.55000305175781,81.3499984741211
2024-03-28,81.70999908447266,83.20999908447266,81.5199966430664,83.16999816894531
2024-04-01,83.13999938964844,84.48999786376953,82.5999984741211,83.70999908447266
2024-04-02,84.04000091552734,85.5,83.8499984741211,85.1500015258789
2024-04-03,85.45999908447266,86.19999694824219,84.8499984741211,85.43000030517578
2024-04-04,85.66000366210938,87.22000122070312,84.63999938964844,86.58999633789062
2024-04-05,86.86000061035156,87.62999725341797,86.31999969482422,86.91000366210938
2024-04-08,86.0999984741211,87.0999984741211,84.69000244140625,86.43000030517578
2024-04-09,86.58999633789062,86.9800033569336,85.08999633789062,85.2300033569336
2024-04-10,85.33999633789062,86.37999725341797,84.55000305175781,86.20999908447266
2024-04-11,86.31999969482422,86.62999725341797,84.83999633789062,85.0199966430664
2024-04-12,85.5999984741211,87.66999816894531,85.23999786376953,85.66000366210938
2024-04-15,85.93000030517578,86.11000061035156,84.05000305175781,85.41000366210938
2024-04-16,85.69999694824219,86.18000030517578,84.75,85.36000061035156
2024-04-17,85.36000061035156,85.51000213623047,82.55000305175781,82.69000244140625
2024-04-18,82.79000091552734,83.47000122070312,81.55999755859375,82.7300033569336
2024-04-19,82.62000274658203,86.27999877929688,81.80000305175781,83.13999938964844
2024-04-22,83.05000305175781,83.3499984741211,81.8499984741211,82.8499984741211
2024-04-23,82.12999725341797,83.43000030517578,80.87999725341797,83.36000061035156
2024-04-24,83.4000015258789,83.70999908447266,82.44000244140625,82.80999755859375
2024-04-25,82.83000183105469,83.83000183105469,81.98999786376953,83.56999969482422
2024-04-26,83.80999755859375,84.45999908447266,83.3499984741211,83.8499984741211
2024-04-29,83.69000244140625,83.91000366210938,82.4000015258789,82.62999725341797
2024-04-30,82.76000213623047,83.30000305175781,80.94999694824219,81.93000030517578
2024-05-01,81.4800033569336,81.56999969482422,78.83000183105469,79.0
2024-05-02,79.1500015258789,79.9000015258789,78.41000366210938,78.94999694824219
2024-05-03,79.06999969482422,79.62999725341797,77.95999908447266,78.11000061035156
2024-05-06,78.16000366210938,79.08999633789062,77.91000366210938,78.4800033569336
2024-05-07,78.72000122070312,79.16999816894531,77.55000305175781,78.37999725341797
2024-05-08,78.33999633789062,79.2699966430664,76.88999938964844,78.98999786376953
2024-05-09,79.2300033569336,79.80000305175781,78.91000366210938,79.26000213623047
2024-05-10,79.58999633789062,79.95999908447266,78.13999938964844,78.26000213623047
2024-05-13,78.18000030517578,79.48999786376953,77.77999877929688,79.12000274658203
2024-05-14,79.2300033569336,79.37999725341797,77.68000030517578,78.0199966430664
2024-05-15,78.44000244140625,78.91999816894531,76.69999694824219,78.62999725341797
2024-05-16,78.83999633789062,79.8499984741211,78.19999694824219,79.2300033569336
2024-05-17,79.37999725341797,80.13999938964844,79.0,80.05999755859375
2024-05-20,80.01000213623047,80.5999984741211,79.16999816894531,79.80000305175781
2024-05-21,79.69999694824219,79.72000122070312,78.08000183105469,79.26000213623047
2024-05-22,78.20999908447266,78.41000366210938,77.25,77.56999969482422
2024-05-23,77.29000091552734,78.66000366210938,76.43000030517578,76.87000274658203
2024-05-24,77.04000091552734,78.05000305175781,76.1500015258789,77.72000122070312
2024-05-28,77.80999755859375,80.29000091552734,77.69000244140625,79.83000183105469
2024-05-29,80.26000213623047,80.62000274658203,78.98999786376953,79.2300033569336
2024-05-30,79.27999877929688,79.41999816894531,77.62999725341797,77.91000366210938
2024-05-31,77.91000366210938,78.62000274658203,76.66999816894531,76.98999786376953
2024-06-03,76.97000122070312,77.5199966430664,73.9800033569336,74.22000122070312
2024-06-04,74.0199966430664,74.12999725341797,72.4800033569336,73.25
2024-06-05,72.9000015258789,74.33000183105469,72.81999969482422,74.06999969482422
2024-06-06,74.30000305175781,75.79000091552734,74.05999755859375,75.55000305175781
2024-06-07,75.66999816894531,76.25,75.20999908447266,75.52999877929688
2024-06-10,75.3499984741211,78.29000091552734,75.2300033569336,77.73999786376953
2024-06-11,78.12000274658203,78.36000061035156,77.22000122070312,77.9000015258789
2024-06-12,78.22000122070312,79.31999969482422,77.87999725341797,78.5
2024-06-13,78.37000274658203,78.88999938964844,77.66999816894531,78.62000274658203
2024-06-14,77.95999908447266,79.1500015258789,77.7300033569336,78.44999694824219
2024-06-17,78.4800033569336,80.66000366210938,77.9800033569336,80.33000183105469
2024-06-18,80.43000030517578,81.66999816894531,79.7699966430664,81.56999969482422
2024-06-20,81.5199966430664,82.41000366210938,81.12999725341797,82.16999816894531
2024-06-21,81.2699966430664,81.79000091552734,80.3499984741211,80.7300033569336
2024-06-24,80.44999694824219,81.77999877929688,80.2300033569336,81.62999725341797
2024-06-25,81.69999694824219,81.9000015258789,80.55000305175781,80.83000183105469
2024-06-26,80.72000122070312,81.62999725341797,80.18000030517578,80.9000015258789
2024-06-27,80.86000061035156,82.04000091552734,80.51000213623047,81.73999786376953
2024-06-28,81.86000061035156,82.72000122070312,80.97000122070312,81.54000091552734
2024-07-01,81.44999694824219,83.63999938964844,81.37999725341797,83.37999725341797
2024-07-02,83.43000030517578,84.37999725341797,82.72000122070312,82.80999755859375
2024-07-03,83.19999694824219,83.93000030517578,82.45999908447266,83.87999725341797
2024-07-05,83.5999984741211,84.5199966430664,83.0199966430664,83.16000366210938
2024-07-08,83.1500015258789,83.31999969482422,82.08000183105469,82.33000183105469
2024-07-09,82.22000122070312,82.4800033569336,81.25,81.41000366210938
2024-07-10,81.80999755859375,82.66000366210938,80.80999755859375,82.0999984741211
2024-07-11,82.4000015258789,83.12999725341797,81.62999725341797,82.62000274658203
2024-07-12,82.86000061035156,83.73999786376953,82.0999984741211,82.20999908447266
2024-07-15,82.16000366210938,82.58000183105469,81.47000122070312,81.91000366210938
2024-07-16,81.91999816894531,81.93000030517578,80.22000122070312,80.76000213623047
2024-07-17,80.8499984741211,83.0999984741211,80.44999694824219,82.8499984741211
2024-07-18,83.11000061035156,83.81999969482422,82.04000091552734,82.81999969482422
2024-07-19,82.47000122070312,82.87999725341797,80.06999969482422,80.12999725341797
2024-07-22,80.38999938964844,80.69000244140625,79.16999816894531,79.77999877929688
2024-07-23,78.2699966430664,78.7300033569336,76.4000015258789,76.95999908447266
2024-07-24,77.44999694824219,78.19000244140625,76.9800033569336,77.58999633789062
2024-07-25,77.5,78.47000122070312,76.04000091552734,78.27999877929688
2024-07-26,78.3499984741211,78.5999984741211,76.19000244140625,77.16000366210938
2024-07-29,77.30000305175781,77.69000244140625,75.3499984741211,75.80999755859375
2024-07-30,75.91000366210938,75.97000122070312,74.58999633789062,74.7300033569336
2024-07-31,75.23999786376953,78.66000366210938,75.18000030517578,77.91000366210938
2024-08-01,78.58999633789062,78.87999725341797,76.23999786376953,76.30999755859375
2024-08-02,76.87000274658203,77.29000091552734,72.97000122070312,73.5199966430664
2024-08-05,74.20999908447266,74.45999908447266,71.66999816894531,72.94000244140625
2024-08-06,73.86000061035156,74.55999755859375,72.19999694824219,73.19999694824219
2024-08-07,72.83999633789062,75.83999633789062,72.58000183105469,75.2300033569336
2024-08-08,75.47000122070312,76.5199966430664,74.5999984741211,76.19000244140625
2024-08-09,76.0199966430664,77.08999633789062,75.8499984741211,76.83999633789062
2024-08-12,76.98999786376953,80.16000366210938,76.69999694824219,80.05999755859375
2024-08-13,79.73999786376953,80.1500015258789,78.16000366210938,78.3499984741211
2024-08-14,78.7300033569336,79.0999984741211,76.83000183105469,76.9800033569336
2024-08-15,77.5199966430664,78.5999984741211,76.93000030517578,78.16000366210938
2024-08-16,78.16000366210938,78.16000366210938,75.54000091552734,76.6500015258789
2024-08-19,76.58000183105469,76.87000274658203,74.16999816894531,74.37000274658203
2024-08-20,74.33999633789062,75.02999877929688,73.5,74.04000091552734
2024-08-21,73.12000274658203,74.16000366210938,71.45999908447266,71.93000030517578
2024-08-22,71.93000030517578,73.5199966430664,71.58000183105469,73.01000213623047
2024-08-23,72.95999908447266,75.06999969482422,72.83000183105469,74.83000183105469
2024-08-26,75.0999984741211,77.5999984741211,75.04000091552734,77.41999816894531
2024-08-27,77.19999694824219,77.4800033569336,75.4000015258789,75.52999877929688
2024-08-28,75.75,75.94999694824219,73.81999969482422,74.5199966430664
2024-08-29,74.41999816894531,76.91000366210938,74.05000305175781,75.91000366210938
2024-08-30,75.87000274658203,76.58999633789062,73.36000061035156,73.55000305175781
2024-09-03,73.52999877929688,74.41000366210938,70.0999984741211,70.33999633789062
2024-09-04,70.27999877929688,71.45999908447266,68.81999969482422,69.19999694824219
2024-09-05,69.2699966430664,70.81999969482422,68.75,69.1500015258789
2024-09-06,69.33000183105469,70.12999725341797,67.16999816894531,67.66999816894531
2024-09-09,68.12999725341797,68.95999908447266,67.30999755859375,68.70999908447266
2024-09-10,68.77999877929688,69.08000183105469,65.2699966430664,65.75
2024-09-11,66.27999877929688,67.97000122070312,65.62999725341797,67.30999755859375
2024-09-12,67.38999938964844,69.80999755859375,67.23999786376953,68.97000122070312
2024-09-13,69.30999755859375,70.31999969482422,68.47000122070312,68.6500015258789
2024-09-16,69.16000366210938,70.69999694824219,68.6500015258789,70.08999633789062
2024-09-17,70.5,71.91999816894531,69.61000061035156,71.19000244140625
2024-09-18,71.13999938964844,71.4800033569336,69.7300033569336,70.91000366210938
2024-09-19,70.12999725341797,72.48999786376953,70.12999725341797,71.94999694824219
2024-09-20,72.0999984741211,72.4000015258789,71.36000061035156,71.91999816894531
2024-09-23,71.30999755859375,71.80999755859375,69.48999786376953,70.37000274658203
2024-09-24,70.76000213623047,72.4000015258789,70.44000244140625,71.55999755859375
2024-09-25,71.54000091552734,71.72000122070312,69.2300033569336,69.69000244140625
2024-09-26,69.88999938964844,70.01000213623047,66.94999694824219,67.66999816894531
2024-09-27,67.44999694824219,68.6500015258789,67.05999755859375,68.18000030517578
2024-09-30,68.62999725341797,69.31999969482422,67.56999969482422,68.16999816894531
2024-10-01,68.41000366210938,71.94000244140625,66.33000183105469,69.83000183105469
2024-10-02,70.80000305175781,72.48999786376953,69.87000274658203,70.0999984741211
2024-10-03,70.9800033569336,74.08999633789062,70.5199966430664,73.70999908447266
2024-10-04,73.94999694824219,75.56999969482422,73.45999908447266,74.37999725341797
2024-10-07,74.4000015258789,77.4000015258789,73.62000274658203,77.13999938964844
2024-10-08,77.33000183105469,78.45999908447266,72.69000244140625,73.56999969482422
2024-10-09,73.83999633789062,74.44999694824219,71.52999877929688,73.23999786376953
2024-10-10,73.38999938964844,76.23999786376953,73.26000213623047,75.8499984741211
2024-10-11,75.73999786376953,76.04000091552734,74.52999877929688,75.55999755859375
2024-10-14,75.05000305175781,75.08000183105469,71.80999755859375,73.83000183105469
2024-10-15,71.51000213623047,72.12000274658203,69.70999908447266,70.58000183105469
2024-10-16,70.98999786376953,71.30999755859375,69.63999938964844,70.38999938964844
2024-10-17,70.68000030517578,71.11000061035156,69.44000244140625,70.66999816894531
2024-10-18,70.75,71.2300033569336,68.69000244140625,69.22000122070312
2024-10-21,69.45999908447266,71.02999877929688,69.0,70.55999755859375
2024-10-22,70.48999786376953,72.66000366210938,70.05000305175781,72.08999633789062
2024-10-23,71.3499984741211,71.72000122070312,70.12999725341797,70.7699966430664
2024-10-24,71.0199966430664,72.33999633789062,69.7699966430664,70.19000244140625
2024-10-25,70.33000183105469,71.91999816894531,69.95999908447266,71.77999877929688
2024-10-28,68.9800033569336,69.0,66.91999816894531,67.37999725341797
2024-10-29,68.0199966430664,68.5199966430664,66.72000122070312,67.20999908447266
2024-10-30,67.47000122070312,69.16999816894531,67.27999877929688,68.61000061035156
2024-10-31,69.0999984741211,70.80999755859375,68.30000305175781,69.26000213623047
2024-11-01,70.44000244140625,71.44999694824219,69.31999969482422,69.48999786376953
2024-11-04,70.29000091552734,71.80999755859375,70.25,71.47000122070312
2024-11-05,71.62000274658203,72.66999816894531,71.29000091552734,71.98999786376953
2024-11-06,72.0199966430664,72.62999725341797,69.73999786376953,71.69000244140625
2024-11-07,71.87000274658203,72.87999725341797,70.66000366210938,72.36000061035156
2024-11-08,72.20999908447266,72.25,69.98999786376953,70.37999725341797
2024-11-11,70.25,70.55999755859375,67.91999816894531,68.04000091552734
2024-11-12,68.1500015258789,69.12999725341797,67.75,68.12000274658203
2024-11-13,67.9800033569336,68.86000061035156,66.94000244140625,68.43000030517578
2024-11-14,68.12999725341797,69.38999938964844,67.91999816894531,68.69999694824219
2024-11-15,68.62000274658203,68.69000244140625,66.81999969482422,67.0199966430664
2024-11-18,66.86000061035156,69.38999938964844,66.61000061035156,69.16000366210938
2024-11-19,69.01000213623047,69.69000244140625,68.44999694824219,69.38999938964844
2024-11-20,69.55000305175781,70.1500015258789,68.75,68.87000274658203
2024-11-21,69.04000091552734,70.37999725341797,68.86000061035156,70.0999984741211
2024-11-22,70.18000030517578,71.51000213623047,69.29000091552734,71.23999786376953
2024-11-25,71.44000244140625,71.4800033569336,68.73999786376953,68.94000244140625
2024-11-26,69.08000183105469,70.30000305175781,68.05000305175781,68.7699966430664
2024-11-27,68.91000366210938,69.37000274658203,68.18000030517578,68.72000122070312
2024-11-29,68.7699966430664,69.69000244140625,67.87000274658203,68.0
2024-12-02,68.0,69.11000061035156,67.70999908447266,68.0999984741211
2024-12-03,68.16000366210938,70.2300033569336,67.91000366210938,69.94000244140625
2024-12-04,70.0199966430664,70.51000213623047,68.48999786376953,68.54000091552734
2024-12-05,68.73999786376953,69.16000366210938,67.9800033569336,68.30000305175781
2024-12-06,68.44000244140625,68.48999786376953,66.9800033569336,67.19999694824219
2024-12-09,67.1500015258789,68.87999725341797,67.08000183105469,68.37000274658203
2024-12-10,68.19000244140625,69.05999755859375,67.72000122070312,68.58999633789062
2024-12-11,68.5,70.52999877929688,68.44000244140625,70.29000091552734
2024-12-12,70.43000030517578,70.72000122070312,69.13999938964844,70.0199966430664
2024-12-13,70.05999755859375,71.41999816894531,69.87000274658203,71.29000091552734
2024-12-16,71.44000244140625,71.44000244140625,70.37000274658203,70.70999908447266
2024-12-17,70.61000061035156,70.91999816894531,69.18000030517578,70.08000183105469
2024-12-18,70.22000122070312,71.37999725341797,69.98999786376953,70.58000183105469
2024-12-19,70.13999938964844,71.26000213623047,69.69999694824219,69.91000366210938
2024-12-20,69.2300033569336,69.8499984741211,68.41999816894531,69.45999908447266
2024-12-23,69.4000015258789,69.94000244140625,68.58999633789062,69.23999786376953
2024-12-24,69.55999755859375,70.43000030517578,69.36000061035156,70.0999984741211
2024-12-26,70.19999694824219,70.75,69.33000183105469,69.62000274658203
2024-12-27,69.68000030517578,70.75,69.44000244140625,70.5999984741211
2024-12-30,70.41999816894531,71.55999755859375,70.12000274658203,70.98999786376953
2024-12-31,71.1500015258789,72.0199966430664,70.87000274658203,71.72000122070312
2025-01-02,71.8499984741211,73.7300033569336,71.79000091552734,73.12999725341797
2025-01-03,73.12999725341797,74.3499984741211,72.69999694824219,73.95999908447266
2025-01-06,74.05000305175781,74.98999786376953,73.19999694824219,73.55999755859375
2025-01-07,73.44000244140625,74.52999877929688,73.11000061035156,74.25
2025-01-08,74.5199966430664,75.29000091552734,73.16000366210938,73.31999969482422
2025-01-09,73.31999969482422,74.31999969482422,72.83999633789062,73.91999816894531
2025-01-10,74.29000091552734,77.86000061035156,74.0199966430664,76.56999969482422
2025-01-13,76.54000091552734,79.2699966430664,76.54000091552734,78.81999969482422
2025-01-14,78.81999969482422,79.08999633789062,77.41000366210938,77.5
2025-01-15,78.02999877929688,80.7699966430664,77.23999786376953,80.04000091552734
2025-01-16,80.4000015258789,80.58999633789062,77.87000274658203,78.68000030517578
2025-01-17,78.75,79.44000244140625,77.76000213623047,77.87999725341797
2025-01-21,78.19000244140625,78.47000122070312,75.48999786376953,75.88999938964844
2025-01-22,75.87999725341797,76.44999694824219,75.27999877929688,75.44000244140625
2025-01-23,75.38999938964844,76.0,74.13999938964844,74.62000274658203
2025-01-24,74.30000305175781,75.20999908447266,74.01000213623047,74.66000366210938
2025-01-27,74.54000091552734,75.1500015258789,72.37999725341797,73.16999816894531
2025-01-28,73.1500015258789,74.30999755859375,72.93000030517578,73.7699966430664
2025-01-29,73.94999694824219,74.08000183105469,72.33000183105469,72.62000274658203
2025-01-30,73.0,73.83999633789062,72.0199966430664,72.7300033569336
2025-01-31,73.19999694824219,73.83999633789062,71.94000244140625,72.52999877929688
2025-02-03,74.13999938964844,75.18000030517578,72.05000305175781,73.16000366210938
2025-02-04,72.3499984741211,73.3499984741211,70.66999816894531,72.69999694824219
2025-02-05,72.76000213623047,72.97000122070312,70.95999908447266,71.02999877929688
2025-02-06,71.18000030517578,71.8499984741211,70.43000030517578,70.61000061035156
2025-02-07,70.55999755859375,71.41000366210938,70.47000122070312,71.0
2025-02-10,71.0,72.54000091552734,70.83999633789062,72.31999969482422
2025-02-11,72.48999786376953,73.68000030517578,72.30999755859375,73.31999969482422
2025-02-12,73.19999694824219,73.22000122070312,71.16999816894531,71.37000274658203
2025-02-13,71.23999786376953,71.5999984741211,70.22000122070312,71.29000091552734
2025-02-14,71.5199966430664,72.0199966430664,70.5199966430664,70.73999786376953
2025-02-18,70.69999694824219,72.06999969482422,70.12000274658203,71.8499984741211
2025-02-19,71.77999877929688,73.04000091552734,71.70999908447266,72.25
2025-02-20,72.18000030517578,73.25,71.8499984741211,72.56999969482422
2025-02-21,72.58000183105469,72.7699966430664,70.16999816894531,70.4000015258789
2025-02-24,69.80000305175781,70.94000244140625,69.80000305175781,70.69999694824219
2025-02-25,70.91999816894531,71.26000213623047,68.68000030517578,68.93000030517578
2025-02-26,69.11000061035156,69.27999877929688,68.36000061035156,68.62000274658203
2025-02-27,68.81999969482422,70.54000091552734,68.61000061035156,70.3499984741211
2025-02-28,70.16999816894531,70.29000091552734,69.13999938964844,69.76000213623047
2025-03-03,69.94999694824219,70.5999984741211,67.88999938964844,68.37000274658203
2025-03-04,68.45999908447266,68.55999755859375,66.7699966430664,68.26000213623047
2025-03-05,68.08000183105469,68.0999984741211,65.22000122070312,66.30999755859375
2025-03-06,66.38999938964844,67.08999633789062,65.58999633789062,66.36000061035156
2025-03-07,66.33999633789062,68.22000122070312,66.12000274658203,67.04000091552734
2025-03-10,67.11000061035156,67.5999984741211,65.80000305175781,66.02999877929688
2025-03-11,65.94999694824219,67.16999816894531,65.29000091552734,66.25
2025-03-12,66.62000274658203,67.87999725341797,66.1500015258789,67.68000030517578
2025-03-13,67.69000244140625,67.94000244140625,66.37000274658203,66.55000305175781
2025-03-14,66.77999877929688,67.4800033569336,66.58999633789062,67.18000030517578
2025-03-17,67.3499984741211,68.37000274658203,67.25,67.58000183105469
2025-03-18,67.4000015258789,68.72000122070312,66.55999755859375,66.9000015258789
2025-03-19,66.72000122070312,67.62999725341797,66.20999908447266,67.16000366210938
2025-03-20,67.29000091552734,68.47000122070312,66.87999725341797,68.26000213623047
2025-03-21,68.3499984741211,68.6500015258789,67.6500015258789,68.27999877929688
2025-03-24,68.3499984741211,69.33000183105469,67.94999694824219,69.11000061035156
2025-03-25,69.16000366210938,69.68000030517578,68.5199966430664,69.0
2025-03-26,69.16000366210938,70.22000122070312,69.05999755859375,69.6500015258789
2025-03-27,69.95999908447266,69.97000122070312,69.12000274658203,69.91999816894531
2025-03-28,69.91000366210938,70.08999633789062,68.87000274658203,69.36000061035156
2025-03-31,69.43000030517578,71.83000183105469,68.80999755859375,71.4800033569336
2025-04-01,71.38999938964844,72.0999984741211,71.02999877929688,71.19999694824219
2025-04-02,71.19999694824219,72.27999877929688,70.58999633789062,71.70999908447266
2025-04-03,70.37999725341797,70.41000366210938,65.9800033569336,66.94999694824219
2025-04-04,66.63999938964844,66.9000015258789,60.45000076293945,61.9900016784668
2025-04-07,61.119998931884766,63.900001525878906,58.95000076293945,60.70000076293945
2025-04-08,61.029998779296875,61.75,57.880001068115234,59.58000183105469
2025-04-09,58.31999969482422,62.93000030517578,55.119998931884766,62.349998474121094
2025-04-10,62.709999084472656,63.34000015258789,58.7599983215332,60.06999969482422
2025-04-11,60.20000076293945,61.869998931884766,59.43000030517578,61.5
2025-04-14,61.70000076293945,62.68000030517578,60.59000015258789,61.529998779296875
2025-04-15,61.58000183105469,62.060001373291016,60.880001068115234,61.33000183105469
2025-04-16,61.540000915527344,62.97999954223633,60.439998626708984,62.470001220703125
2025-04-17,62.630001068115234,64.86000061035156,62.61000061035156,64.68000030517578
2025-04-21,64.30000305175781,64.41999816894531,62.45000076293945,63.08000183105469
2025-04-22,63.43000030517578,65.08999633789062,63.43000030517578,64.30999755859375
2025-04-23,64.0,64.87000274658203,61.529998779296875,62.27000045776367
2025-04-24,62.34000015258789,63.310001373291016,61.9900016784668,62.790000915527344
2025-04-25,62.86000061035156,63.40999984741211,61.79999923706055,63.02000045776367
2025-04-28,63.4900016784668,63.91999816894531,61.47999954223633,62.04999923706055
2025-04-29,61.869998931884766,62.06999969482422,60.119998931884766,60.41999816894531
2025-04-30,60.15999984741211,60.43000030517578,57.90999984741211,58.209999084472656
2025-05-01,58.15999984741211,59.5,56.38999938964844,59.2400016784668
2025-05-02,58.9900016784668,59.869998931884766,57.7400016784668,58.290000915527344
2025-05-05,56.7599983215332,57.70000076293945,55.29999923706055,57.130001068115234
2025-05-06,57.25,59.84000015258789,57.029998779296875,59.09000015258789
2025-05-07,58.97999954223633,60.2599983215332,57.810001373291016,58.06999969482422
2025-05-08,57.93000030517578,60.290000915527344,57.7400016784668,59.90999984741211
2025-05-09,60.25,61.45000076293945,59.88999938964844,61.02000045776367
2025-05-12,61.38999938964844,63.61000061035156,61.02000045776367,61.95000076293945
2025-05-13,62.0,63.900001525878906,61.650001525878906,63.66999816894531
2025-05-14,63.619998931884766,63.68000030517578,62.75,63.150001525878906
2025-05-15,62.880001068115234,62.90999984741211,60.470001220703125,61.619998931884766
2025-05-16,61.70000076293945,62.709999084472656,61.25,62.4900016784668
2025-05-19,62.75,63.400001525878906,61.56999969482422,62.689998626708984
2025-05-20,62.68000030517578,63.16999816894531,62.189998626708984,62.560001373291016
2025-05-21,62.27000045776367,64.19000244140625,61.279998779296875,61.56999969482422
2025-05-22,61.33000183105469,61.75,60.25,61.20000076293945
2025-05-23,60.810001373291016,61.880001068115234,60.02000045776367,61.529998779296875
2025-05-27,61.70000076293945,62.13999938964844,60.2599983215332,60.88999938964844
2025-05-28,61.040000915527344,62.540000915527344,60.849998474121094,61.84000015258789
2025-05-29,61.83000183105469,63.06999969482422,60.54999923706055,60.939998626708984
2025-05-30,60.939998626708984,61.720001220703125,59.7400016784668,60.790000915527344
2025-06-02,61.11000061035156,63.880001068115234,61.060001373291016,62.52000045776367
2025-06-03,63.02000045776367,63.88999938964844,62.400001525878906,63.40999984741211
2025-06-04,63.36000061035156,63.959999084472656,62.16999816894531,62.849998474121094
2025-06-05,62.7599983215332,63.97999954223633,62.5,63.369998931884766
2025-06-06,63.33000183105469,64.80000305175781,62.81999969482422,64.58000183105469
2025-06-09,64.80000305175781,65.43000030517578,64.19999694824219,65.29000091552734
2025-06-10,65.45999908447266,66.27999877929688,64.56999969482422,64.9800033569336
2025-06-11,64.76000213623047,68.37000274658203,64.5999984741211,68.1500015258789
2025-06-12,69.02999877929688,69.29000091552734,66.72000122070312,68.04000091552734
2025-06-13,68.9000015258789,77.62000274658203,68.48999786376953,72.9800033569336
2025-06-16,76.54000091552734,77.48999786376953,69.37999725341797,71.7699966430664
2025-06-17,71.11000061035156,75.54000091552734,71.0,74.83999633789062
2025-06-18,75.61000061035156,76.06999969482422,72.94000244140625,75.13999938964844
2025-06-20,74.5999984741211,77.58000183105469,74.30000305175781,74.93000030517578
2025-06-23,78.0,78.4000015258789,66.5999984741211,68.51000213623047
2025-06-24,67.73999786376953,67.83000183105469,64.0,64.37000274658203
2025-06-25,65.12000274658203,66.02999877929688,64.51000213623047,64.91999816894531
2025-06-26,64.9800033569336,66.41999816894531,64.66000366210938,65.23999786376953
2025-06-27,65.30000305175781,66.08999633789062,64.80000305175781,65.5199966430664
2025-06-30,65.1500015258789,65.81999969482422,64.5,65.11000061035156
2025-07-01,64.95999908447266,65.9800033569336,64.66999816894531,65.44999694824219
2025-07-02,65.55999755859375,67.58000183105469,65.2300033569336,67.44999694824219
2025-07-03,67.5,67.58000183105469,66.52999877929688,67.0
2025-07-04,67.12999725341797,67.18000030517578,66.04000091552734,66.5
2025-07-07,65.69999694824219,68.31999969482422,65.4000015258789,67.93000030517578
2025-07-08,67.95999908447266,68.91000366210938,67.33000183105469,68.33000183105469
2025-07-09,68.18000030517578,68.94000244140625,67.69999694824219,68.37999725341797
2025-07-10,68.29000091552734,68.6500015258789,66.44999694824219,66.56999969482422
2025-07-11,66.8499984741211,68.7699966430664,66.5,68.44999694824219
2025-07-14,68.68000030517578,69.6500015258789,66.80000305175781,66.9800033569336
2025-07-15,66.86000061035156,67.12999725341797,66.22000122070312,66.5199966430664
2025-07-16,66.7300033569336,67.01000213623047,65.41999816894531,66.37999725341797
2025-07-17,66.5999984741211,67.69000244140625,66.29000091552734,67.54000091552734
2025-07-18,67.5999984741211,68.95999908447266,67.19999694824219,67.33999633789062
2025-07-21,67.31999969482422,67.76000213623047,66.45999908447266,67.19999694824219
2025-07-22,67.12000274658203,67.12999725341797,65.98999786376953,66.20999908447266
2025-07-23,65.48999786376953,65.77999877929688,64.70999908447266,65.25
2025-07-24,65.41999816894531,66.38999938964844,65.33000183105469,66.02999877929688
2025-07-25,66.1500015258789,66.73999786376953,65.0,65.16000366210938
2025-07-28,65.1500015258789,67.13999938964844,65.05000305175781,66.70999908447266
2025-07-29,67.04000091552734,69.76000213623047,66.52999877929688,69.20999908447266
2025-07-30,69.33999633789062,70.51000213623047,68.44999694824219,70.0
2025-07-31,70.30000305175781,70.41000366210938,68.55999755859375,69.26000213623047
2025-08-01,69.3499984741211,69.58000183105469,67.05000305175781,67.33000183105469
2025-08-04,66.8499984741211,67.73999786376953,65.45999908447266,66.29000091552734
2025-08-05,66.20999908447266,66.38999938964844,65.02999877929688,65.16000366210938
2025-08-06,65.1500015258789,66.75,63.63999938964844,64.3499984741211
2025-08-07,64.36000061035156,65.11000061035156,63.70000076293945,63.880001068115234
2025-08-08,63.849998474121094,64.58000183105469,62.77000045776367,63.880001068115234
2025-08-11,63.47999954223633,64.44000244140625,63.02000045776367,63.959999084472656
2025-08-12,64.0,64.33999633789062,63.060001373291016,63.16999816894531
2025-08-13,63.06999969482422,63.380001068115234,61.939998626708984,62.650001525878906
2025-08-14,62.790000915527344,64.0999984741211,62.58000183105469,63.959999084472656
2025-08-15,63.90999984741211,64.1500015258789,62.68000030517578,62.79999923706055
2025-08-18,63.0,63.790000915527344,62.18000030517578,63.41999816894531
2025-08-19,63.27000045776367,63.38999938964844,62.25,62.349998474121094
2025-08-20,62.599998474121094,63.54999923706055,62.38999938964844,63.209999084472656
2025-08-21,62.849998474121094,63.66999816894531,62.52000045776367,63.52000045776367
2025-08-22,63.5,63.93000030517578,63.310001373291016,63.65999984741211
2025-08-25,63.880001068115234,65.0999984741211,63.529998779296875,64.80000305175781
2025-08-26,64.75,64.76000213623047,63.130001068115234,63.25
2025-08-27,63.310001373291016,64.2300033569336,62.95000076293945,64.1500015258789
2025-08-28,63.869998931884766,64.69999694824219,63.349998474121094,64.5999984741211
2025-08-29,64.26000213623047,64.55000305175781,63.880001068115234,64.01000213623047
2025-09-02,63.95000076293945,66.02999877929688,63.65999984741211,65.58999633789062
2025-09-03,65.62000274658203,65.72000122070312,63.720001220703125,63.970001220703125
2025-09-04,63.81999969482422,63.84000015258789,62.720001220703125,63.47999954223633
2025-09-05,63.33000183105469,63.4900016784668,61.45000076293945,61.869998931884766
2025-09-08,62.0,63.34000015258789,61.849998474121094,62.2599983215332
2025-09-09,62.43000030517578,63.66999816894531,62.369998931884766,62.630001068115234
2025-09-10,62.7400016784668,64.08000183105469,62.720001220703125,63.66999816894531
2025-09-11,63.79999923706055,63.79999923706055,62.209999084472656,62.369998931884766
2025-09-12,62.27000045776367,63.97999954223633,61.689998626708984,62.689998626708984
2025-09-15,62.970001220703125,63.66999816894531,62.52000045776367,63.29999923706055
2025-09-16,63.310001373291016,64.76000213623047,62.88999938964844,64.5199966430664
2025-09-17,64.58999633789062,64.66999816894531,63.689998626708984,64.05000305175781
2025-09-18,63.9900016784668,64.55000305175781,63.33000183105469,63.56999969482422
2025-09-19,63.59000015258789,63.650001525878906,62.599998474121094,62.68000030517578
2025-09-22,62.7400016784668,63.18000030517578,61.97999954223633,62.63999938964844
2025-09-23,62.33000183105469,63.88999938964844,61.849998474121094,63.40999984741211
2025-09-24,63.63999938964844,65.05000305175781,63.25,64.98999786376953
2025-09-25,64.80000305175781,65.33999633789062,64.05999755859375,64.9800033569336
2025-09-26,65.19999694824219,66.41999816894531,64.66000366210938,65.72000122070312
2025-09-29,65.06999969482422,65.4000015258789,62.97999954223633,63.45000076293945
2025-09-30,63.13999938964844,63.2599983215332,62.029998779296875,62.369998931884766
2025-10-01,62.459999084472656,62.88999938964844,61.400001525878906,61.779998779296875
2025-10-02,61.779998779296875,62.540000915527344,60.400001525878906,60.47999954223633
2025-10-03,60.70000076293945,61.380001068115234,60.54999923706055,60.880001068115234
2025-10-06,61.13999938964844,62.119998931884766,61.040000915527344,61.689998626708984
2025-10-07,61.72999954223633,62.11000061035156,60.720001220703125,61.72999954223633
2025-10-08,62.04999923706055,62.91999816894531,62.04999923706055,62.54999923706055
2025-10-09,62.310001373291016,62.869998931884766,61.25,61.5099983215332
2025-10-10,61.4900016784668,61.66999816894531,58.220001220703125,58.900001525878906
2025-10-13,59.0,60.16999816894531,59.0,59.4900016784668
2025-10-14,59.58000183105469,59.81999969482422,57.68000030517578,58.70000076293945
2025-10-15,58.599998474121094,59.41999816894531,58.20000076293945,58.27000045776367
2025-10-16,58.77000045776367,59.11000061035156,57.2599983215332,57.459999084472656
2025-10-17,57.5,57.720001220703125,56.599998474121094,57.540000915527344
2025-10-20,57.72999954223633,57.810001373291016,56.349998474121094,57.52000045776367
2025-10-21,57.369998931884766,58.279998779296875,56.9900016784668,57.81999969482422
2025-10-22,57.59000015258789,59.83000183105469,57.34000015258789,58.5
2025-10-23,59.939998626708984,62.20000076293945,59.63999938964844,61.790000915527344
2025-10-24,61.790000915527344,62.59000015258789,61.209999084472656,61.5
2025-10-27,61.81999969482422,62.16999816894531,60.66999816894531,61.310001373291016
2025-10-28,61.5,61.5,59.7599983215332,60.150001525878906
2025-10-29,60.18000030517578,61.02000045776367,59.70000076293945,60.47999954223633
2025-10-30,60.38999938964844,60.790000915527344,59.63999938964844,60.56999969482422
2025-10-31,60.29999923706055,61.380001068115234,59.9900016784668,60.97999954223633
2025-11-03,61.400001525878906,61.5,60.5099983215332,61.04999923706055
2025-11-04,61.029998779296875,61.029998779296875,59.939998626708984,60.560001373291016
2025-11-05,60.43000030517578,61.09000015258789,59.52000045776367,59.599998474121094
2025-11-06,59.68000030517578,60.5099983215332,58.83000183105469,59.43000030517578
2025-11-07,59.650001525878906,60.459999084472656,59.31999969482422,59.75
2025-11-10,59.869998931884766,60.47999954223633,59.40999984741211,60.130001068115234
2025-11-11,60.06999969482422,61.279998779296875,59.65999984741211,61.040000915527344
2025-11-12,61.04999923706055,61.060001373291016,58.29999923706055,58.4900016784668
2025-11-13,58.470001220703125,59.209999084472656,58.119998931884766,58.689998626708984
2025-11-14,58.709999084472656,60.650001525878906,58.709999084472656,60.09000015258789
2025-11-17,59.79999923706055,60.439998626708984,59.31999969482422,59.90999984741211
2025-11-18,59.7400016784668,60.93000030517578,59.310001373291016,60.7400016784668
2025-11-19,60.619998931884766,60.790000915527344,58.77000045776367,59.439998626708984
2025-11-20,59.630001068115234,60.33000183105469,58.86000061035156,59.13999938964844
2025-11-21,58.79999923706055,58.79999923706055,57.380001068115234,58.060001373291016
2025-11-24,58.04999923706055,59.060001373291016,57.41999816894531,58.84000015258789
2025-11-25,58.88999938964844,58.959999084472656,57.099998474121094,57.95000076293945
2025-11-26,58.04999923706055,58.720001220703125,57.65999984741211,58.650001525878906
2025-11-28,58.58000183105469,59.63999938964844,58.27000045776367,58.54999923706055
2025-12-01,58.959999084472656,59.970001220703125,58.83000183105469,59.31999969482422
2025-12-02,59.52000045776367,59.66999816894531,58.279998779296875,58.63999938964844
2025-12-03,58.650001525878906,59.63999938964844,58.369998931884766,58.95000076293945
2025-12-04,59.09000015258789,60.02000045776367,58.810001373291016,59.66999816894531
2025-12-05,59.70000076293945,60.5,59.41999816894531,60.08000183105469
2025-12-08,60.150001525878906,60.29999923706055,58.68000030517578,58.880001068115234
2025-12-09,58.869998931884766,59.16999816894531,58.119998931884766,58.25
2025-12-10,58.369998931884766,59.04999923706055,57.65999984741211,58.459999084472656
2025-12-11,58.90999984741211,58.939998626708984,57.0099983215332,57.599998474121094
2025-12-12,57.88999938964844,58.189998626708984,57.150001525878906,57.439998626708984
2025-12-15,57.5,57.79999923706055,56.400001525878906,56.81999969482422
2025-12-16,56.68000030517578,56.70000076293945,54.97999954223633,55.27000045776367
2025-12-17,55.22999954223633,56.97999954223633,55.20000076293945,55.939998626708984
2025-12-18,56.900001525878906,57.029998779296875,55.880001068115234,56.150001525878906
2025-12-19,56.029998779296875,56.900001525878906,55.81999969482422,56.65999984741211
2025-12-22,56.630001068115234,58.130001068115234,56.599998474121094,58.0099983215332
2025-12-23,57.95000076293945,58.560001373291016,57.7400016784668,58.380001068115234
2025-12-24,58.470001220703125,58.75,58.130001068115234,58.349998474121094
2025-12-26,58.349998474121094,58.880001068115234,56.650001525878906,56.7400016784668
2025-12-29,57.040000915527344,58.29999923706055,56.90999984741211,58.08000183105469
2025-12-30,57.810001373291016,58.470001220703125,57.599998474121094,57.95000076293945
2025-12-31,57.95000076293945,58.54999923706055,57.20000076293945,57.41999816894531
2026-01-02,57.40999984741211,57.93000030517578,56.599998474121094,57.31999969482422
2026-01-05,57.470001220703125,58.5099983215332,56.310001373291016,58.31999969482422
2026-01-06,58.34000015258789,58.869998931884766,56.84000015258789,57.130001068115234
2026-01-07,57.0,57.16999816894531,55.7599983215332,55.9900016784668
2026-01-08,56.41999816894531,58.7400016784668,55.970001220703125,57.7599983215332
2026-01-09,58.400001525878906,59.77000045776367,57.61000061035156,59.119998931884766
2026-01-12,59.0,59.90999984741211,58.45000076293945,59.5
2026-01-13,59.95000076293945,61.5,59.470001220703125,61.150001525878906
2026-01-14,61.119998931884766,62.36000061035156,59.189998626708984,62.02000045776367
2026-01-15,61.060001373291016,61.13999938964844,58.880001068115234,59.189998626708984
2026-01-16,59.2599983215332,60.18000030517578,58.939998626708984,59.439998626708984
2026-01-20,59.0099983215332,60.68000030517578,58.70000076293945,60.34000015258789
2026-01-21,59.56999969482422,60.88999938964844,59.220001220703125,60.619998931884766
2026-01-22,60.68000030517578,60.81999969482422,58.959999084472656,59.36000061035156
2026-01-23,59.65999984741211,61.36000061035156,59.52000045776367,61.06999969482422
2026-01-26,61.220001220703125,61.709999084472656,60.31999969482422,60.630001068115234
2026-01-27,60.779998779296875,62.630001068115234,60.13999938964844,62.38999938964844
2026-01-28,62.58000183105469,63.56999969482422,62.06999969482422,63.209999084472656
2026-01-29,63.5,66.4800033569336,63.279998779296875,65.41999816894531
2026-01-30,65.5199966430664,66.11000061035156,63.63999938964844,65.20999908447266
2026-02-02,64.72000122070312,64.73999786376953,61.38999938964844,62.13999938964844
2026-02-03,62.279998779296875,64.20999908447266,61.119998931884766,63.209999084472656
2026-02-04,63.79999923706055,65.52999877929688,62.86000061035156,65.13999938964844
2026-02-05,64.48999786376953,64.66999816894531,62.650001525878906,63.290000915527344
2026-02-06,63.099998474121094,64.58000183105469,62.20000076293945,63.54999923706055
2026-02-09,62.9900016784668,64.87999725341797,62.619998931884766,64.36000061035156
2026-02-10,64.44000244140625,64.70999908447266,63.650001525878906,63.959999084472656
2026-02-11,64.19999694824219,65.83000183105469,64.1500015258789,64.62999725341797
2026-02-12,64.87000274658203,65.0999984741211,62.38999938964844,62.84000015258789
2026-02-13,62.9900016784668,63.2599983215332,62.13999938964844,62.88999938964844
2026-02-17,63.29999923706055,64.13999938964844,61.869998931884766,62.33000183105469
2026-02-18,62.29999923706055,65.55999755859375,62.119998931884766,65.19000244140625
2026-02-19,65.0999984741211,66.9000015258789,64.87999725341797,66.43000030517578
2026-02-20,66.66999816894531,67.05000305175781,65.94000244140625,66.38999938964844
2026-02-23,65.88999938964844,67.27999877929688,65.37999725341797,66.30999755859375
2026-02-24,66.30999755859375,67.1500015258789,65.55000305175781,65.62999725341797
2026-02-25,66.06999969482422,66.5999984741211,65.12000274658203,65.41999816894531
2026-02-26,65.6500015258789,66.70999908447266,63.599998474121094,65.20999908447266
2026-02-27,65.3499984741211,67.83000183105469,64.8499984741211,67.0199966430664
2026-03-02,75.0,75.33000183105469,69.19999694824219,71.2300033569336
2026-03-03,71.2300033569336,77.9800033569336,70.41000366210938,74.55999755859375
2026-03-04,74.73999786376953,77.2300033569336,73.27999877929688,74.66000366210938
2026-03-05,76.1500015258789,82.16000366210938,74.97000122070312,81.01000213623047
2026-03-06,79.08000183105469,92.61000061035156,78.23999786376953,90.9000015258789
2026-03-09,98.0,119.4800033569336,81.19000244140625,94.7699966430664
2026-03-10,85.75,91.4800033569336,76.7300033569336,83.44999694824219
2026-03-11,86.88999938964844,88.98999786376953,81.79000091552734,87.25
2026-03-12,89.31999969482422,97.19000244140625,88.61000061035156,95.7300033569336
2026-03-13,96.73999786376953,99.31999969482422,92.04000091552734,98.70999908447266
2026-03-16,100.93000030517578,102.44000244140625,92.93000030517578,93.5
2026-03-17,94.41000366210938,98.41999816894531,93.83000183105469,96.20999908447266
2026-03-18,96.0,100.55000305175781,91.95999908447266,96.31999969482422
2026-03-19,99.12999725341797,101.4800033569336,92.80000305175781,96.13999938964844
2026-03-20,95.0,99.66999816894531,93.41999816894531,98.31999969482422
2026-03-23,100.51000213623047,101.66999816894531,84.37000274658203,88.12999725341797
2026-03-24,88.77999877929688,93.36000061035156,86.33999633789062,92.3499984741211
2026-03-25,88.48999786376953,91.7300033569336,86.45999908447266,90.31999969482422
2026-03-26,91.37999725341797,95.44000244140625,89.51000213623047,94.4800033569336
2026-03-27,93.30999755859375,101.23999786376953,92.08000183105469,99.63999938964844
2026-03-30,102.5999984741211,105.36000061035156,99.43000030517578,102.87999725341797
2026-03-31,105.06999969482422,106.86000061035156,99.62000274658203,101.37999725341797
2026-04-01,101.72000122070312,103.30999755859375,96.5,100.12000274658203
2026-04-02,98.91999816894531,113.97000122070312,97.5,111.54000091552734
2026-04-06,112.95999908447266,115.4800033569336,108.88999938964844,112.41000366210938
2026-04-07,112.62000274658203,117.62999725341797,109.19999694824219,112.94999694824219
2026-04-08,108.73999786376953,109.19000244140625,91.05000305175781,94.41000366210938
2026-04-09,96.77999877929688,102.69999694824219,95.25,97.87000274658203
2026-04-10,98.2300033569336,100.41999816894531,95.51000213623047,96.56999969482422
2026-04-13,102.0,105.62999725341797,97.02999877929688,99.08000183105469
2026-04-14,97.98999786376953,98.0,91.05999755859375,91.27999877929688
2026-04-15,92.0199966430664,93.30000305175781,86.95999908447266,91.29000091552734
2026-04-16,91.47000122070312,95.44000244140625,90.5199966430664,94.69000244140625
2026-04-17,93.18000030517578,94.04000091552734,80.55999755859375,83.8499984741211
2026-04-20,89.0,91.19999694824219,87.0199966430664,89.61000061035156
2026-04-21,87.88999938964844,94.44999694824219,87.76000213623047,92.12999725341797
2026-04-22,90.0,93.7300033569336,87.63999938964844,92.95999908447266
2026-04-23,92.9000015258789,98.38999938964844,92.30000305175781,95.8499984741211
2026-04-24,96.62000274658203,97.8499984741211,92.68000030517578,94.4000015258789
2026-04-27,95.5999984741211,97.66999816894531,94.58999633789062,96.37000274658203
2026-04-28,96.66999816894531,101.8499984741211,96.23999786376953,99.93000030517578
2026-04-29,99.70999908447266,108.5999984741211,98.41999816894531,106.87999725341797
2026-04-30,109.06999969482422,110.93000030517578,103.33999633789062,105.06999969482422
2026-05-01,105.13999938964844,106.6500015258789,99.30000305175781,101.94000244140625
2026-05-04,99.7300033569336,107.45999908447266,99.11000061035156,106.41999816894531
2026-05-05,104.93000030517578,105.4800033569336,101.08000183105469,102.2699966430664
2026-05-06,102.69999694824219,102.69999694824219,88.66000366210938,95.08000183105469
2026-05-07,96.30000305175781,97.98999786376953,89.8499984741211,94.80999755859375
2026-05-08,98.25,98.63999938964844,93.81999969482422,95.41999816894531
2026-05-11,98.19000244140625,100.37000274658203,96.12999725341797,98.06999969482422
2026-05-12,98.38999938964844,102.72000122070312,98.0,102.18000030517578
2026-05-13,102.16000366210938,103.66999816894531,100.55999755859375,101.0199966430664
2026-05-14,101.0199966430664,102.3499984741211,99.38999938964844,101.16999816894531
2026-05-15,102.05999755859375,106.0,101.4800033569336,105.41999816894531
2026-05-18,106.0,109.47000122070312,102.6500015258789,108.66000366210938
2026-05-19,107.11000061035156,109.23999786376953,106.76000213623047,107.7699966430664
2026-05-20,104.12000274658203,104.44999694824219,96.94000244140625,98.26000213623047
2026-05-21,98.94999694824219,102.66000366210938,95.76000213623047,96.3499984741211
2026-05-22,98.0,99.43000030517578,94.7300033569336,96.5999984741211
2026-05-26,93.87999725341797,94.69999694824219,89.41000366210938,93.88999938964844
2026-05-27,93.38999938964844,93.69000244140625,87.7699966430664,88.68000030517578
2026-05-28,89.11000061035156,92.5199966430664,87.11000061035156,88.9000015258789
2026-05-29,88.55000305175781,89.0199966430664,86.3499984741211,87.36000061035156
2026-06-01,88.5,94.77999877929688,88.44999694824219,92.16000366210938
2026-06-02,92.44999694824219,94.0,90.12000274658203,93.76000213623047
2026-06-03,93.44999694824219,97.0,93.44999694824219,96.0199966430664
2026-06-04,95.75,95.91000366210938,91.91000366210938,93.04000091552734
2026-06-05,92.81999969482422,93.62999725341797,89.68000030517578,90.54000091552734
2026-06-08,93.0,95.47000122070312,90.38999938964844,91.30000305175781
2026-06-09,91.27999877929688,91.55000305175781,85.94999694824219,88.19999694824219
2026-06-10,89.4000015258789,91.87000274658203,87.38999938964844,90.02999877929688
2026-06-11,92.25,93.63999938964844,85.73999786376953,87.70999908447266
2026-06-12,86.63999938964844,87.2300033569336,83.19999694824219,84.87999725341797
2026-06-15,81.4000015258789,82.41999816894531,79.69999694824219,80.75
2026-06-16,81.0999984741211,81.58000183105469,75.5199966430664,76.05000305175781
2026-06-17,76.58999633789062,80.02999877929688,74.58999633789062,76.79000091552734
2026-06-18,75.52999877929688,76.98999786376953,73.58000183105469,76.5999984741211
2026-06-22,78.93000030517578,78.95999908447266,74.44999694824219,74.81999969482422
2026-06-23,74.13999938964844,74.44999694824219,72.4800033569336,73.20999908447266
2026-06-24,73.12999725341797,73.18000030517578,69.62999725341797,70.33999633789062
2026-06-25,69.94999694824219,72.5,68.9000015258789,71.91999816894531
2026-06-26,71.44000244140625,71.86000061035156,68.55999755859375,69.2300033569336
2026-06-29,70.5,71.1500015258789,69.31999969482422,70.75
2026-06-30,70.43000030517578,71.5999984741211,69.22000122070312,69.5
2026-07-01,69.9800033569336,70.19000244140625,67.91999816894531,68.58000183105469
2026-07-02,68.02999877929688,68.80000305175781,67.04000091552734,68.69000244140625
2026-07-06,68.68000030517578,69.20999908447266,67.81999969482422,68.55000305175781
2026-07-07,68.58000183105469,72.51000213623047,68.58000183105469,70.44000244140625
2026-07-08,72.37999725341797,76.08000183105469,71.75,73.5199966430664
2026-07-09,74.94999694824219,75.12999725341797,71.41999816894531,72.08000183105469
2026-07-10,71.86000061035156,73.16000366210938,70.7699966430664,71.41000366210938
2026-07-13,73.69000244140625,78.58000183105469,72.61000061035156,78.13999938964844
2026-07-14,78.04000091552734,81.2699966430664,77.83999633789062,79.33999633789062
2026-07-15,79.73999786376953,80.93000030517578,78.19000244140625,79.5999984741211
2026-07-16,80.0,80.87000274658203,78.58000183105469,78.94999694824219
2026-07-17,79.56999969482422,82.76000213623047,78.61000061035156,82.48999786376953
2026-07-20,83.76000213623047,85.38999938964844,80.2699966430664,83.2300033569336
2026-07-21,83.4800033569336,85.80000305175781,82.25,84.91000366210938
2026-07-22,84.69000244140625,88.61000061035156,84.44000244140625,86.83000183105469
2026-07-23,87.72000122070312,93.5,87.31999969482422,92.19000244140625
2026-07-24,92.55000305175781,92.83000183105469,87.68000030517578,89.30999755859375
2026-07-27,86.12000274658203,86.19999694824219,81.62999725341797,82.61000061035156
2026-07-28,82.0,82.43000030517578,77.77999877929688,79.26000213623047
2026-07-29,80.04000091552734,85.56999969482422,79.91999816894531,84.45999908447266
2026-07-30,84.6500015258789,85.94000244140625,82.97000122070312,83.58999633789062
2026-07-31,83.91999816894531,86.87000274658203,81.05999755859375,84.66999816894531
2026-08-03,80.0999984741211,81.30000305175781,78.43000030517578,80.33999633789062
2026-08-04,80.0999984741211,82.33000183105469,75.11000061035156,75.7699966430664
2026-08-05,75.16999816894531,76.69999694824219,74.23999786376953,75.22000122070312
2026-08-06,75.13999938964844,78.51000213623047,74.56999969482422,77.29000091552734
2026-08-07,78.16999816894531,78.7699966430664,76.52999877929688,78.18000030517578
2026-08-10,78.41999816894531,82.37999725341797,77.79000091552734,82.12999725341797
2026-08-11,82.3499984741211,84.61000061035156,81.2699966430664,83.19999694824219
2026-08-12,83.48999786376953,84.3499984741211,82.4000015258789,83.2699966430664
2026-08-13,82.69999694824219,83.30000305175781,80.08999633789062,81.25
2026-08-14,81.2699966430664,82.98999786376953,80.70999908447266,82.4000015258789
2026-08-17,82.52999877929688,85.04000091552734,81.5,84.5
2026-08-18,84.9800033569336,85.94000244140625,84.56999969482422,84.94000244140625
2026-08-19,85.41999816894531,87.19000244140625,84.31999969482422,85.83000183105469
2026-08-20,85.80000305175781,89.0,85.5999984741211,87.83000183105469
2026-08-21,86.2699966430664,87.51000213623047,85.80000305175781,87.05999755859375
2026-08-24,86.5,86.56999969482422,84.36000061035156,85.01000213623047
2026-08-25,85.02999877929688,85.83999633789062,80.2300033569336,82.36000061035156
2026-08-26,81.11000061035156,83.30999755859375,79.62000274658203,82.2300033569336
2026-08-27,82.0,84.2699966430664,80.6500015258789,83.52999877929688
2026-08-28,83.66999816894531,83.77999877929688,82.25,83.4000015258789
2026-08-31,84.69000244140625,86.79000091552734,84.11000061035156,85.91000366210938
