date,open,high,low,close
2016-08-31,65.22000122070312,65.69999694824219,65.22000122070312,65.31999969482422
2016-09-01,66.0,68.08000183105469,65.98999786376953,68.01000213623047
2016-09-02,67.9000015258789,68.02999877929688,67.0999984741211,67.51000213623047
2016-09-06,67.52999877929688,69.12999725341797,67.52999877929688,69.05999755859375
2016-09-07,69.0199966430664,69.08000183105469,68.7300033569336,69.52999877929688
2016-09-08,69.19999694824219,69.29000091552734,68.91000366210938,69.25
2016-09-09,68.98999786376953,68.98999786376953,68.0199966430664,68.87999725341797
2016-09-12,68.9000015258789,69.12000274658203,66.87000274658203,66.97000122070312
2016-09-13,67.25,67.27999877929688,66.47000122070312,67.19999694824219
2016-09-14,67.79000091552734,67.79000091552734,67.79000091552734,68.08000183105469
2016-09-15,67.62000274658203,68.3499984741211,67.58000183105469,68.37999725341797
2016-09-16,68.48999786376953,68.5,67.61000061035156,67.73999786376953
2016-09-19,69.16000366210938,69.4800033569336,69.0999984741211,68.9800033569336
2016-09-20,68.48999786376953,69.5,68.48999786376953,70.81999969482422
2016-09-21,70.48999786376953,71.76000213623047,70.36000061035156,71.80999755859375
2016-09-22,72.0999984741211,72.18000030517578,71.05000305175781,71.16999816894531
2016-09-23,70.70999908447266,70.70999908447266,68.19000244140625,69.08000183105469
2016-09-26,69.3499984741211,69.83999633789062,69.3499984741211,69.16000366210938
2016-09-27,69.38999938964844,69.38999938964844,69.38999938964844,69.38999938964844
2016-09-28,68.12999725341797,68.12999725341797,68.12999725341797,68.12999725341797
2016-09-29,67.80000305175781,67.80000305175781,67.80000305175781,67.94999694824219
2016-09-30,68.29000091552734,68.29000091552734,68.29000091552734,68.29000091552734
2016-10-03,68.7300033569336,68.7300033569336,68.7300033569336,68.7300033569336
2016-10-04,69.87999725341797,69.87999725341797,69.87999725341797,69.87999725341797
2016-10-05,68.02999877929688,68.02999877929688,68.02999877929688,68.02999877929688
2016-10-06,68.12000274658203,68.12000274658203,68.12000274658203,67.70999908447266
2016-10-07,67.19000244140625,67.19000244140625,67.19000244140625,67.19000244140625
2016-10-11,67.69999694824219,68.04000091552734,67.0199966430664,67.13999938964844
2016-10-12,67.13999938964844,69.79000091552734,66.76000213623047,68.97000122070312
2016-10-13,68.70999908447266,70.05000305175781,68.4000015258789,69.30999755859375
2016-10-14,69.5999984741211,70.73999786376953,69.30999755859375,70.56999969482422
2016-10-17,70.48999786376953,71.26000213623047,69.8499984741211,71.19000244140625
2016-10-18,71.23999786376953,71.69999694824219,70.66999816894531,71.1500015258789
2016-10-19,71.16999816894531,71.2699966430664,70.22000122070312,71.0999984741211
2016-10-20,71.11000061035156,71.79000091552734,68.94999694824219,69.80000305175781
2016-10-21,69.80000305175781,69.91000366210938,68.61000061035156,69.06999969482422
2016-10-24,68.95999908447266,69.19000244140625,68.52999877929688,68.7699966430664
2016-10-25,69.13999938964844,69.13999938964844,68.08000183105469,68.48999786376953
2016-10-26,68.2300033569336,69.87999725341797,68.22000122070312,69.26000213623047
2016-10-27,69.05000305175781,70.0,68.77999877929688,69.76000213623047
2016-10-28,69.61000061035156,71.08999633789062,69.25,70.81999969482422
2016-10-31,70.72000122070312,70.8499984741211,68.73999786376953,68.86000061035156
2016-11-01,68.76000213623047,68.91999816894531,68.0999984741211,68.19999694824219
2016-11-02,68.25,68.77999877929688,68.06999969482422,68.5999984741211
2016-11-03,68.55999755859375,69.19000244140625,67.81999969482422,68.06999969482422
2016-11-04,68.0,69.04000091552734,67.69999694824219,68.52999877929688
2016-11-07,68.12999725341797,69.47000122070312,68.05999755859375,68.44999694824219
2016-11-08,68.54000091552734,70.11000061035156,68.19000244140625,68.75
2016-11-09,68.58000183105469,69.29000091552734,67.87000274658203,68.29000091552734
2016-11-10,68.29000091552734,69.79000091552734,68.16000366210938,69.19999694824219
2016-11-14,68.5,69.01000213623047,67.97000122070312,68.9000015258789
2016-11-15,69.0999984741211,71.33999633789062,69.08999633789062,70.69000244140625
2016-11-16,70.66000366210938,72.27999877929688,70.37000274658203,72.12999725341797
2016-11-17,72.26000213623047,73.48999786376953,70.9800033569336,73.37999725341797
2016-11-18,73.5,73.62000274658203,72.66999816894531,73.4000015258789
2016-11-21,73.25,73.70999908447266,73.11000061035156,73.5999984741211
2016-11-22,73.5999984741211,73.8499984741211,72.79000091552734,73.72000122070312
2016-11-23,73.30000305175781,73.55000305175781,72.0,73.08000183105469
2016-11-25,72.18000030517578,72.80000305175781,71.95999908447266,72.6500015258789
2016-11-28,72.01000213623047,73.31999969482422,72.01000213623047,73.2699966430664
2016-11-29,73.5,73.5,72.25,72.37999725341797
2016-11-30,72.62000274658203,72.62000274658203,72.13999938964844,72.45999908447266
2016-12-01,72.5,73.0,71.80000305175781,71.80000305175781
2016-12-02,71.5999984741211,72.5,71.29000091552734,71.9800033569336
2016-12-05,72.5,72.5,72.41000366210938,72.30999755859375
2016-12-06,72.47000122070312,72.5,71.7300033569336,72.38999938964844
2016-12-07,72.11000061035156,72.11000061035156,72.11000061035156,72.11000061035156
2016-12-08,71.05000305175781,71.94999694824219,70.9000015258789,71.41999816894531
2016-12-09,71.25,71.80999755859375,70.30000305175781,70.80000305175781
2016-12-12,70.7699966430664,71.77999877929688,70.6500015258789,71.69000244140625
2016-12-13,71.55000305175781,72.43000030517578,71.19000244140625,72.04000091552734
2016-12-14,72.04000091552734,72.30000305175781,71.30999755859375,71.47000122070312
2016-12-15,71.31999969482422,71.7699966430664,71.0999984741211,71.66999816894531
2016-12-16,71.66000366210938,71.69000244140625,70.9000015258789,71.04000091552734
2016-12-19,70.9000015258789,71.0,69.52999877929688,69.56999969482422
2016-12-20,69.54000091552734,69.83999633789062,69.31999969482422,69.33999633789062
2016-12-21,69.33999633789062,70.91999816894531,69.33999633789062,70.12999725341797
2016-12-22,70.12999725341797,70.7699966430664,69.76000213623047,70.19999694824219
2016-12-23,70.19000244140625,70.54000091552734,69.8499984741211,69.87000274658203
2016-12-27,69.7699966430664,70.23999786376953,69.5199966430664,69.73999786376953
2016-12-28,69.83000183105469,70.0,69.5999984741211,69.75
2016-12-29,69.75,71.13999938964844,69.63999938964844,70.5
2016-12-30,70.68000030517578,71.95999908447266,70.43000030517578,70.6500015258789
2017-01-03,71.19000244140625,71.8499984741211,71.13999938964844,71.77999877929688
2017-01-04,71.77999877929688,74.2300033569336,71.56999969482422,74.08000183105469
2017-01-05,74.16999816894531,75.37000274658203,73.61000061035156,73.77999877929688
2017-01-06,73.93000030517578,74.19000244140625,72.9000015258789,73.98999786376953
2017-01-09,73.98999786376953,74.18000030517578,72.80999755859375,72.98999786376953
2017-01-10,72.98999786376953,73.69999694824219,72.81999969482422,73.19000244140625
2017-01-11,73.25,73.80999755859375,72.98999786376953,73.13999938964844
2017-01-12,73.25,73.80000305175781,72.25,72.33999633789062
2017-01-13,72.33999633789062,72.75,72.0,72.2699966430664
2017-01-17,72.2699966430664,72.87000274658203,71.80999755859375,72.11000061035156
2017-01-18,72.12000274658203,72.55000305175781,72.0199966430664,72.26000213623047
2017-01-19,72.38999938964844,73.29000091552734,72.2699966430664,72.69000244140625
2017-01-20,72.86000061035156,73.43000030517578,72.72000122070312,73.04000091552734
2017-01-23,73.13999938964844,74.94000244140625,73.02999877929688,74.62999725341797
2017-01-24,74.63999938964844,75.0,72.52999877929688,73.56999969482422
2017-01-25,73.27999877929688,74.16999816894531,73.13999938964844,73.87999725341797
2017-01-26,73.94000244140625,74.93000030517578,73.66999816894531,74.19000244140625
2017-01-27,74.19000244140625,74.97000122070312,74.19000244140625,74.8499984741211
2017-01-30,74.9000015258789,75.31999969482422,74.05999755859375,74.13999938964844
2017-01-31,74.16000366210938,75.12999725341797,74.0999984741211,74.94000244140625
2017-02-01,75.0,76.55999755859375,74.91000366210938,76.44000244140625
2017-02-02,76.36000061035156,77.4000015258789,75.72000122070312,76.91000366210938
2017-02-03,76.73999786376953,77.1500015258789,76.20999908447266,76.41000366210938
2017-02-06,76.45999908447266,76.5,75.55999755859375,75.62999725341797
2017-02-07,75.75,76.08999633789062,75.05000305175781,75.08999633789062
2017-02-08,75.2300033569336,75.72000122070312,75.06999969482422,75.25
2017-02-09,75.43000030517578,76.12999725341797,75.25,75.58000183105469
2017-02-10,75.58999633789062,76.2300033569336,75.55000305175781,75.81999969482422
2017-02-13,75.9000015258789,76.94999694824219,75.88999938964844,76.61000061035156
2017-02-14,76.6500015258789,76.7300033569336,75.9000015258789,76.31999969482422
2017-02-15,76.31999969482422,76.6500015258789,75.62999725341797,75.70999908447266
2017-02-16,75.7300033569336,75.83000183105469,74.95999908447266,75.01000213623047
2017-02-17,75.05999755859375,75.1500015258789,73.0199966430664,73.4800033569336
2017-02-21,73.4800033569336,73.94999694824219,73.37000274658203,73.5199966430664
2017-02-22,74.19999694824219,74.88999938964844,73.80000305175781,74.13999938964844
2017-02-23,75.04000091552734,75.38999938964844,74.95999908447266,75.0199966430664
2017-02-24,75.97000122070312,75.98999786376953,75.9000015258789,75.41999816894531
2017-02-27,74.97000122070312,74.97000122070312,74.97000122070312,74.97000122070312
2017-02-28,75.79000091552734,75.79000091552734,75.0,75.33000183105469
2017-03-01,75.33999633789062,75.44999694824219,75.33999633789062,76.8499984741211
2017-03-02,76.83999633789062,78.0,76.83999633789062,75.69000244140625
2017-03-03,77.0,77.0,75.98999786376953,77.27999877929688
2017-03-06,78.12000274658203,78.27999877929688,78.12000274658203,78.38999938964844
2017-03-07,78.44000244140625,78.5,77.33999633789062,77.27999877929688
2017-03-08,77.33999633789062,77.33999633789062,77.0,76.9000015258789
2017-03-09,76.62999725341797,76.62999725341797,76.62999725341797,76.62999725341797
2017-03-10,78.0,78.0,77.1500015258789,77.29000091552734
2017-03-13,77.1500015258789,77.58000183105469,76.80999755859375,76.87000274658203
2017-03-14,76.91999816894531,77.33999633789062,76.80000305175781,77.1500015258789
2017-03-15,77.33000183105469,78.26000213623047,77.16999816894531,78.08000183105469
2017-03-16,78.08000183105469,78.88999938964844,78.0,78.16999816894531
2017-03-17,78.08999633789062,78.5999984741211,77.9000015258789,78.36000061035156
2017-03-20,78.33000183105469,78.73999786376953,77.30000305175781,77.33000183105469
2017-03-21,77.33000183105469,77.4800033569336,76.68000030517578,76.83999633789062
2017-03-22,76.76000213623047,78.18000030517578,76.66999816894531,77.33999633789062
2017-03-23,77.61000061035156,77.97000122070312,77.2300033569336,77.2699966430664
2017-03-24,77.2699966430664,78.1500015258789,77.16999816894531,77.47000122070312
2017-03-27,77.47000122070312,77.7300033569336,76.9000015258789,76.94000244140625
2017-03-28,77.0,77.51000213623047,76.69999694824219,76.87999725341797
2017-03-29,76.98999786376953,77.08000183105469,76.0999984741211,76.13999938964844
2017-03-30,76.1500015258789,76.54000091552734,76.0999984741211,76.2300033569336
2017-03-31,76.2300033569336,77.4000015258789,75.80000305175781,77.33000183105469
2017-04-03,77.30999755859375,78.06999969482422,75.44000244140625,75.47000122070312
2017-04-04,75.43000030517578,75.72000122070312,74.55000305175781,74.8499984741211
2017-04-05,74.6500015258789,75.19000244140625,74.6500015258789,74.87000274658203
2017-04-06,74.83999633789062,75.06999969482422,74.4800033569336,74.51000213623047
2017-04-07,74.51000213623047,74.5999984741211,73.37999725341797,73.45999908447266
2017-04-10,73.5,75.29000091552734,73.3499984741211,75.1500015258789
2017-04-11,75.11000061035156,75.80000305175781,74.41000366210938,75.01000213623047
2017-04-12,74.87999725341797,75.16000366210938,74.58000183105469,74.7300033569336
2017-04-13,74.80000305175781,75.73999786376953,74.66000366210938,75.62000274658203
2017-04-17,75.18000030517578,77.19000244140625,75.18000030517578,77.02999877929688
2017-04-18,77.26000213623047,77.48999786376953,76.27999877929688,76.81999969482422
2017-04-19,76.80999755859375,77.75,76.58000183105469,77.66999816894531
2017-04-20,77.66999816894531,80.66999816894531,77.66999816894531,80.06999969482422
2017-04-21,80.0,80.30000305175781,78.4800033569336,78.98999786376953
2017-04-24,79.5,80.0199966430664,79.18000030517578,80.08999633789062
2017-04-25,79.94000244140625,80.06999969482422,79.0,80.70999908447266
2017-04-26,80.83999633789062,81.19999694824219,80.6500015258789,80.69000244140625
2017-04-27,79.91000366210938,79.91000366210938,79.2300033569336,79.31999969482422
2017-04-28,79.31999969482422,79.31999969482422,79.31999969482422,80.2300033569336
2017-05-01,80.44999694824219,80.44999694824219,80.44999694824219,80.44999694824219
2017-05-02,80.83000183105469,80.83000183105469,80.83000183105469,80.83000183105469
2017-05-03,80.91000366210938,80.91000366210938,80.58999633789062,80.69000244140625
2017-05-04,80.20999908447266,81.55999755859375,80.20999908447266,80.83000183105469
2017-05-05,80.63999938964844,80.63999938964844,79.94999694824219,79.76000213623047
2017-05-08,77.4800033569336,77.4800033569336,77.4800033569336,76.77999877929688
2017-05-09,77.19000244140625,77.81999969482422,77.06999969482422,77.43000030517578
2017-05-10,77.52999877929688,77.56999969482422,76.36000061035156,76.48999786376953
2017-05-11,76.33999633789062,79.20999908447266,76.16999816894531,79.18000030517578
2017-05-12,79.22000122070312,82.18000030517578,79.1500015258789,82.18000030517578
2017-05-15,83.02999877929688,87.18000030517578,82.5199966430664,85.31999969482422
2017-05-16,85.13999938964844,85.18000030517578,81.31999969482422,81.31999969482422
2017-05-17,81.31999969482422,83.04000091552734,79.62999725341797,80.16999816894531
2017-05-18,80.36000061035156,80.62999725341797,78.83999633789062,79.23999786376953
2017-05-19,79.4000015258789,79.5,78.41999816894531,79.44999694824219
2017-05-22,79.5,79.5,78.30000305175781,78.38999938964844
2017-05-23,78.4000015258789,78.43000030517578,77.0999984741211,77.22000122070312
2017-05-24,77.36000061035156,78.72000122070312,77.0999984741211,77.54000091552734
2017-05-25,77.51000213623047,78.13999938964844,77.0999984741211,77.16000366210938
2017-05-26,77.2699966430664,77.5999984741211,77.01000213623047,77.08999633789062
2017-05-30,77.0999984741211,77.66999816894531,76.9000015258789,77.26000213623047
2017-05-31,77.08999633789062,77.3499984741211,76.70999908447266,76.9800033569336
2017-06-01,76.95999908447266,77.80999755859375,76.80999755859375,77.62999725341797
2017-06-02,77.72000122070312,77.7699966430664,76.56999969482422,76.69000244140625
2017-06-05,76.75,77.02999877929688,76.27999877929688,76.30999755859375
2017-06-06,76.30999755859375,76.66000366210938,75.91000366210938,76.0199966430664
2017-06-07,76.05999755859375,76.22000122070312,75.6500015258789,75.79000091552734
2017-06-08,75.9000015258789,76.75,75.61000061035156,76.55000305175781
2017-06-09,76.4800033569336,76.48999786376953,75.55000305175781,75.69000244140625
2017-06-12,75.72000122070312,75.75,75.08999633789062,75.12999725341797
2017-06-13,75.0999984741211,75.13999938964844,74.30999755859375,74.4800033569336
2017-06-14,74.47000122070312,74.83000183105469,73.4000015258789,73.5
2017-06-15,73.5,73.5,71.2699966430664,71.91000366210938
2017-06-16,71.87999725341797,72.54000091552734,70.9000015258789,71.87999725341797
2017-06-19,71.8499984741211,73.4000015258789,71.1500015258789,71.38999938964844
2017-06-20,71.54000091552734,71.6500015258789,70.80000305175781,71.3499984741211
2017-06-21,71.33000183105469,71.94000244140625,70.76000213623047,70.88999938964844
2017-06-22,71.0,71.38999938964844,70.68000030517578,71.13999938964844
2017-06-23,71.23999786376953,73.0999984741211,71.02999877929688,72.6500015258789
2017-06-26,73.54000091552734,73.9800033569336,71.45999908447266,73.68000030517578
2017-06-27,74.5199966430664,74.5999984741211,74.33999633789062,74.44000244140625
2017-06-28,73.9000015258789,74.56999969482422,73.7699966430664,74.41000366210938
2017-06-29,74.19999694824219,74.44999694824219,74.0,74.0
2017-06-30,75.30999755859375,75.30999755859375,75.30999755859375,75.30999755859375
2017-07-03,73.69000244140625,73.69000244140625,73.69000244140625,73.69000244140625
2017-07-05,73.62000274658203,73.62000274658203,73.62000274658203,73.86000061035156
2017-07-06,74.4800033569336,75.22000122070312,74.4800033569336,75.01000213623047
2017-07-07,75.29000091552734,75.29000091552734,75.29000091552734,75.29000091552734
2017-07-10,69.5,71.41999816894531,67.55999755859375,67.72000122070312
2017-07-11,67.55999755859375,68.29000091552734,66.97000122070312,68.1500015258789
2017-07-12,67.9000015258789,68.45999908447266,67.43000030517578,68.12999725341797
2017-07-13,68.3499984741211,68.3499984741211,66.48999786376953,66.54000091552734
2017-07-14,66.54000091552734,67.75,66.48999786376953,67.18000030517578
2017-07-17,67.52999877929688,68.6500015258789,67.05999755859375,68.56999969482422
2017-07-18,68.5,69.0999984741211,67.8499984741211,68.86000061035156
2017-07-19,69.2300033569336,69.45999908447266,68.69999694824219,68.76000213623047
2017-07-20,69.5199966430664,69.7699966430664,69.37000274658203,69.55000305175781
2017-07-21,69.05999755859375,69.45999908447266,68.5199966430664,69.13999938964844
2017-07-24,69.3499984741211,69.3499984741211,69.06999969482422,69.0
2017-07-25,69.47000122070312,69.47000122070312,69.47000122070312,69.55000305175781
2017-07-26,69.5,69.8499984741211,68.23999786376953,69.0199966430664
2017-07-27,69.33000183105469,72.0199966430664,69.33000183105469,70.5
2017-07-28,69.81999969482422,70.68000030517578,69.81999969482422,70.22000122070312
2017-07-31,70.33999633789062,71.12999725341797,69.83000183105469,70.5
2017-08-01,70.7300033569336,71.16999816894531,70.51000213623047,71.16999816894531
2017-08-02,71.16999816894531,71.8499984741211,71.16999816894531,71.75
2017-08-03,72.1500015258789,72.43000030517578,71.2300033569336,71.55000305175781
2017-08-04,72.0,72.22000122070312,70.4000015258789,70.98999786376953
2017-08-07,70.98999786376953,71.5199966430664,70.98999786376953,71.22000122070312
2017-08-08,71.37999725341797,71.94000244140625,70.62000274658203,71.91000366210938
2017-08-09,71.37000274658203,71.94000244140625,71.29000091552734,71.81999969482422
2017-08-10,71.61000061035156,71.61000061035156,68.8499984741211,69.26000213623047
2017-08-11,69.11000061035156,69.8499984741211,69.06999969482422,69.23999786376953
2017-08-14,69.23999786376953,69.23999786376953,68.4000015258789,68.5
2017-08-15,68.29000091552734,68.29000091552734,67.66999816894531,67.68000030517578
2017-08-16,67.5999984741211,67.72000122070312,67.5,67.55000305175781
2017-08-17,67.3499984741211,67.3499984741211,67.25,67.44999694824219
2017-08-18,67.79000091552734,67.79000091552734,67.79000091552734,67.79000091552734
2017-08-21,67.91000366210938,68.77999877929688,67.51000213623047,68.70999908447266
2017-08-22,68.76000213623047,69.06999969482422,68.76000213623047,68.87999725341797
2017-08-23,69.11000061035156,70.52999877929688,69.11000061035156,69.5999984741211
2017-08-24,69.5,70.20999908447266,69.44000244140625,70.16999816894531
2017-08-25,70.25,70.25,68.62000274658203,68.61000061035156
2017-08-28,68.61000061035156,70.19000244140625,68.61000061035156,70.33000183105469
2017-08-29,70.26000213623047,70.8499984741211,70.1500015258789,70.55999755859375
2017-08-30,70.8499984741211,71.5199966430664,70.8499984741211,71.47000122070312
2017-08-31,71.23999786376953,71.52999877929688,71.13999938964844,71.4800033569336
2017-09-01,71.9000015258789,72.70999908447266,71.88999938964844,72.55000305175781
2017-09-05,72.94999694824219,75.55000305175781,72.94999694824219,75.26000213623047
2017-09-06,75.79000091552734,75.79000091552734,75.0,75.26000213623047
2017-09-07,74.70999908447266,75.0999984741211,74.5,75.02999877929688
2017-09-08,75.19999694824219,76.1500015258789,75.19000244140625,75.58999633789062
2017-09-11,75.56999969482422,75.56999969482422,72.58999633789062,73.70999908447266
2017-09-12,73.37999725341797,73.47000122070312,70.70999908447266,70.70999908447266
2017-09-13,70.30000305175781,70.30000305175781,69.61000061035156,69.9800033569336
2017-09-14,69.86000061035156,69.86000061035156,69.0199966430664,69.77999877929688
2017-09-15,69.94999694824219,70.26000213623047,69.94999694824219,70.12999725341797
2017-09-18,69.47000122070312,70.94000244140625,69.47000122070312,70.41000366210938
2017-09-19,70.69000244140625,70.94000244140625,70.41000366210938,69.9800033569336
2017-09-20,70.5199966430664,71.11000061035156,69.63999938964844,70.04000091552734
2017-09-21,69.04000091552734,69.04000091552734,69.04000091552734,69.04000091552734
2017-09-22,69.11000061035156,69.30000305175781,68.80000305175781,69.08999633789062
2017-09-25,70.08999633789062,70.08999633789062,70.08999633789062,70.08999633789062
2017-09-26,69.37999725341797,69.37999725341797,69.37999725341797,69.37999725341797
2017-09-27,69.27999877929688,69.27999877929688,69.27999877929688,69.27999877929688
2017-09-28,69.5999984741211,69.5999984741211,69.5999984741211,69.5999984741211
2017-09-29,69.08000183105469,69.08000183105469,69.08000183105469,69.08000183105469
2017-10-02,68.19999694824219,68.19999694824219,68.19999694824219,68.19999694824219
2017-10-03,68.1500015258789,68.1500015258789,68.1500015258789,68.1500015258789
2017-10-04,69.43000030517578,69.43000030517578,69.43000030517578,69.43000030517578
2017-10-05,68.9000015258789,68.9000015258789,68.9000015258789,68.9000015258789
2017-10-06,69.47000122070312,69.47000122070312,69.47000122070312,69.47000122070312
2017-10-09,69.58000183105469,69.58000183105469,69.58000183105469,69.58000183105469
2017-10-10,69.0,69.87999725341797,68.61000061035156,68.94999694824219
2017-10-11,69.23999786376953,69.44999694824219,68.45999908447266,68.7300033569336
2017-10-12,68.83000183105469,69.11000061035156,67.66000366210938,67.83999633789062
2017-10-13,67.73999786376953,68.94000244140625,67.66999816894531,68.62000274658203
2017-10-16,68.54000091552734,68.87999725341797,67.52999877929688,67.52999877929688
2017-10-17,67.56999969482422,68.5999984741211,67.44999694824219,67.7699966430664
2017-10-18,67.80999755859375,68.16999816894531,67.54000091552734,67.62999725341797
2017-10-19,67.81999969482422,67.87999725341797,67.26000213623047,67.30999755859375
2017-10-20,67.30000305175781,67.58000183105469,66.83999633789062,66.87999725341797
2017-10-23,66.88999938964844,69.79000091552734,66.88999938964844,69.72000122070312
2017-10-24,69.44000244140625,70.22000122070312,69.0199966430664,69.54000091552734
2017-10-25,69.56999969482422,69.9000015258789,69.12000274658203,69.30999755859375
2017-10-26,69.25,69.2699966430664,68.0999984741211,68.19000244140625
2017-10-27,68.48999786376953,68.48999786376953,67.80000305175781,68.19999694824219
2017-10-30,68.0,69.19999694824219,67.94999694824219,68.63999938964844
2017-10-31,68.70999908447266,68.91000366210938,68.11000061035156,68.37999725341797
2017-11-01,68.68000030517578,69.05000305175781,68.0999984741211,68.16999816894531
2017-11-02,68.4000015258789,69.30000305175781,68.11000061035156,69.08000183105469
2017-11-03,69.05999755859375,69.37000274658203,68.3499984741211,68.72000122070312
2017-11-06,68.86000061035156,69.12000274658203,68.2300033569336,68.8499984741211
2017-11-07,68.8499984741211,68.88999938964844,68.01000213623047,68.06999969482422
2017-11-08,68.06999969482422,69.1500015258789,68.05999755859375,68.62999725341797
2017-11-09,68.77999877929688,69.4800033569336,68.18000030517578,68.29000091552734
2017-11-10,68.38999938964844,69.18000030517578,68.3499984741211,69.05000305175781
2017-11-13,69.0,69.68000030517578,68.8499984741211,68.87999725341797
2017-11-14,68.9000015258789,69.38999938964844,68.58000183105469,68.5999984741211
2017-11-15,68.62999725341797,68.91000366210938,68.58999633789062,68.80999755859375
2017-11-16,68.91999816894531,69.5,68.79000091552734,69.20999908447266
2017-11-17,69.20999908447266,70.08000183105469,69.20999908447266,69.77999877929688
2017-11-20,69.80000305175781,71.5,69.79000091552734,71.37000274658203
2017-11-21,71.06999969482422,72.5199966430664,70.4000015258789,70.9000015258789
2017-11-22,70.9000015258789,72.41000366210938,70.5,70.73999786376953
2017-11-24,70.80000305175781,72.33999633789062,70.5999984741211,72.2300033569336
2017-11-27,71.91000366210938,72.6500015258789,71.83999633789062,72.1500015258789
2017-11-28,72.19999694824219,73.94000244140625,72.0,74.05000305175781
2017-11-29,72.44999694824219,75.47000122070312,72.44999694824219,75.5199966430664
2017-11-30,75.54000091552734,75.54000091552734,74.5,75.04000091552734
2017-12-01,75.75,75.81999969482422,75.0,75.43000030517578
2017-12-04,75.0,75.33999633789062,75.0,75.02999877929688
2017-12-05,75.0,75.41999816894531,74.80000305175781,74.95999908447266
2017-12-06,75.16999816894531,75.16999816894531,75.16999816894531,75.16999816894531
2017-12-07,72.83999633789062,74.2699966430664,72.0999984741211,74.2300033569336
2017-12-08,74.0999984741211,74.27999877929688,73.62000274658203,73.72000122070312
2017-12-11,73.72000122070312,73.83000183105469,72.80000305175781,73.0
2017-12-12,72.86000061035156,74.19000244140625,72.76000213623047,72.91000366210938
2017-12-13,72.91000366210938,74.2300033569336,72.91000366210938,74.12999725341797
2017-12-14,74.08999633789062,75.55999755859375,73.9000015258789,75.33000183105469
2017-12-15,75.05999755859375,76.75,75.04000091552734,75.91999816894531
2017-12-18,75.9800033569336,76.44999694824219,75.12999725341797,75.19999694824219
2017-12-19,75.30000305175781,75.91999816894531,74.93000030517578,75.02999877929688
2017-12-20,75.0,75.94999694824219,74.94999694824219,75.70999908447266
2017-12-21,75.62999725341797,78.06999969482422,75.41000366210938,77.94000244140625
2017-12-22,77.3499984741211,78.06999969482422,77.0,77.87000274658203
2017-12-26,77.9000015258789,78.16000366210938,77.16999816894531,77.43000030517578
2017-12-27,77.5,78.98999786376953,77.25,78.94999694824219
2017-12-28,78.73999786376953,79.44999694824219,78.5999984741211,78.80000305175781
2017-12-29,78.75,78.93000030517578,78.22000122070312,78.62999725341797
2018-01-02,78.63999938964844,79.29000091552734,77.30000305175781,77.5
2018-01-03,77.51000213623047,78.29000091552734,77.37000274658203,78.11000061035156
2018-01-04,78.11000061035156,79.38999938964844,78.05999755859375,79.25
2018-01-05,79.1500015258789,80.05000305175781,77.80999755859375,78.01000213623047
2018-01-08,78.0999984741211,78.79000091552734,77.93000030517578,78.13999938964844
2018-01-09,78.08000183105469,78.69999694824219,78.02999877929688,78.3499984741211
2018-01-10,78.3499984741211,79.93000030517578,78.33000183105469,79.6500015258789
2018-01-11,79.55000305175781,82.6500015258789,79.41999816894531,82.6500015258789
2018-01-12,82.8499984741211,84.6500015258789,80.30000305175781,81.68000030517578
2018-01-16,81.81999969482422,82.05000305175781,80.62000274658203,81.43000030517578
2018-01-17,81.30000305175781,82.22000122070312,80.95999908447266,82.13999938964844
2018-01-18,82.01000213623047,83.94000244140625,81.81999969482422,82.62999725341797
2018-01-19,82.52999877929688,83.76000213623047,82.36000061035156,83.41999816894531
2018-01-22,83.3499984741211,83.94999694824219,83.0,83.41000366210938
2018-01-23,83.41999816894531,83.68000030517578,82.01000213623047,82.26000213623047
2018-01-24,82.06999969482422,82.7300033569336,81.61000061035156,82.2699966430664
2018-01-25,82.27999877929688,82.8499984741211,81.7699966430664,81.87999725341797
2018-01-26,81.86000061035156,81.9800033569336,80.31999969482422,80.4800033569336
2018-01-29,80.5199966430664,80.62000274658203,78.1500015258789,78.36000061035156
2018-01-30,78.36000061035156,78.93000030517578,76.95999908447266,77.02999877929688
2018-01-31,77.23999786376953,78.19999694824219,76.5199966430664,77.27999877929688
2018-02-01,77.30000305175781,79.93000030517578,77.16000366210938,78.3499984741211
2018-02-02,78.44999694824219,78.81999969482422,77.2300033569336,77.30000305175781
2018-02-05,77.36000061035156,77.91000366210938,76.44999694824219,76.56999969482422
2018-02-06,76.55000305175781,76.80000305175781,75.8499984741211,76.19000244140625
2018-02-07,76.11000061035156,76.93000030517578,75.81999969482422,75.95999908447266
2018-02-08,75.91000366210938,77.5199966430664,75.88999938964844,76.62000274658203
2018-02-09,77.0,77.2699966430664,75.73999786376953,76.68000030517578
2018-02-12,76.68000030517578,77.47000122070312,76.0999984741211,76.44999694824219
2018-02-13,76.41000366210938,76.5,75.66000366210938,76.37999725341797
2018-02-14,76.44999694824219,76.44999694824219,75.41000366210938,75.5999984741211
2018-02-15,75.5999984741211,76.29000091552734,75.11000061035156,75.41000366210938
2018-02-16,75.33999633789062,75.87000274658203,75.12999725341797,75.72000122070312
2018-02-20,75.69999694824219,78.30999755859375,75.5999984741211,77.51000213623047
2018-02-21,77.5,79.0999984741211,77.44999694824219,78.91000366210938
2018-02-22,78.8499984741211,81.33999633789062,78.41999816894531,80.54000091552734
2018-02-23,80.75,81.5,80.25,81.44999694824219
2018-02-26,81.75,81.75,80.55000305175781,81.69999694824219
2018-02-27,81.0,81.75,81.0,81.76000213623047
2018-02-28,81.75,81.75,81.5,81.6500015258789
2018-03-01,81.80000305175781,81.80000305175781,81.5,82.56999969482422
2018-03-02,82.69999694824219,82.69999694824219,82.5,82.72000122070312
2018-03-05,83.80999755859375,83.80999755859375,82.5999984741211,85.41000366210938
2018-03-06,87.75,87.75,85.20999908447266,83.83999633789062
2018-03-07,84.19999694824219,84.19999694824219,84.19999694824219,84.19999694824219
2018-03-08,83.26000213623047,85.25,82.95999908447266,85.12000274658203
2018-03-09,84.94000244140625,85.55000305175781,84.2300033569336,84.5199966430664
2018-03-12,84.48999786376953,85.02999877929688,82.87999725341797,83.27999877929688
2018-03-13,83.19000244140625,84.20999908447266,82.04000091552734,82.9800033569336
2018-03-14,83.38999938964844,83.87000274658203,82.41000366210938,83.44000244140625
2018-03-15,83.58999633789062,83.86000061035156,82.6500015258789,83.52999877929688
2018-03-16,83.69999694824219,83.69999694824219,82.41999816894531,82.8499984741211
2018-03-19,82.98999786376953,82.98999786376953,81.19000244140625,81.2300033569336
2018-03-20,81.1500015258789,83.3499984741211,80.94999694824219,83.08000183105469
2018-03-21,82.9800033569336,83.86000061035156,82.54000091552734,82.58999633789062
2018-03-22,82.66000366210938,83.20999908447266,81.7699966430664,82.1500015258789
2018-03-23,82.27999877929688,82.38999938964844,81.38999938964844,81.83000183105469
2018-03-26,82.08000183105469,82.56999969482422,81.5,81.77999877929688
2018-03-27,81.87999725341797,82.7699966430664,81.72000122070312,82.0199966430664
2018-03-28,82.0,82.12999725341797,80.66999816894531,80.73999786376953
2018-03-29,80.73999786376953,82.19999694824219,80.68000030517578,81.45999908447266
2018-04-02,81.80000305175781,82.70999908447266,80.91999816894531,80.97000122070312
2018-04-03,80.97000122070312,82.80999755859375,80.97000122070312,82.0199966430664
2018-04-04,82.0999984741211,82.30999755859375,78.62000274658203,79.63999938964844
2018-04-05,79.5,82.63999938964844,79.44999694824219,82.56999969482422
2018-04-06,82.0,83.45999908447266,81.80000305175781,82.54000091552734
2018-04-09,82.88999938964844,83.69000244140625,82.69999694824219,82.91000366210938
2018-04-10,82.87999725341797,83.58999633789062,82.30999755859375,83.52999877929688
2018-04-11,83.66000366210938,84.04000091552734,83.30999755859375,83.83000183105469
2018-04-12,83.83000183105469,83.97000122070312,83.16999816894531,83.69000244140625
2018-04-13,83.83000183105469,84.44999694824219,83.05999755859375,83.41000366210938
2018-04-16,83.25,84.04000091552734,83.0,83.25
2018-04-17,83.27999877929688,83.58000183105469,82.05999755859375,83.12999725341797
2018-04-18,83.27999877929688,83.38999938964844,82.5,82.73999786376953
2018-04-19,82.70999908447266,83.16000366210938,82.55999755859375,82.97000122070312
2018-04-20,83.0,85.62999725341797,83.0,85.47000122070312
2018-04-23,85.69999694824219,86.44000244140625,82.9000015258789,83.19000244140625
2018-04-24,83.25,84.47000122070312,82.93000030517578,82.26000213623047
2018-04-25,83.16999816894531,84.56999969482422,82.88999938964844,84.76000213623047
2018-04-26,85.0,85.0,84.62999725341797,84.98999786376953
2018-04-27,85.33000183105469,85.33000183105469,85.33000183105469,85.33000183105469
2018-04-30,84.62999725341797,84.62999725341797,84.43000030517578,84.68000030517578
2018-05-01,84.66000366210938,85.30000305175781,84.66000366210938,85.12000274658203
2018-05-02,85.33000183105469,85.37999725341797,84.6500015258789,85.01000213623047
2018-05-03,84.75,84.8499984741211,84.75,84.44999694824219
2018-05-04,84.9000015258789,86.0,84.9000015258789,86.3499984741211
2018-05-07,87.69000244140625,87.69000244140625,86.6500015258789,85.98999786376953
2018-05-08,85.37999725341797,85.37999725341797,85.37999725341797,85.37999725341797
2018-05-09,85.6500015258789,86.04000091552734,85.18000030517578,85.86000061035156
2018-05-10,86.01000213623047,86.16999816894531,84.05000305175781,84.55999755859375
2018-05-11,84.55999755859375,84.95999908447266,83.5,84.62000274658203
2018-05-14,84.69999694824219,84.9000015258789,83.5,83.69999694824219
2018-05-15,84.11000061035156,84.38999938964844,83.36000061035156,83.76000213623047
2018-05-16,83.87999725341797,85.38999938964844,83.62999725341797,84.3499984741211
2018-05-17,84.4800033569336,85.69000244140625,84.05000305175781,85.02999877929688
2018-05-18,85.12000274658203,87.5999984741211,85.05000305175781,86.55000305175781
2018-05-21,87.30000305175781,88.7300033569336,87.0999984741211,88.41999816894531
2018-05-22,88.5999984741211,89.87999725341797,86.62999725341797,87.3499984741211
2018-05-23,87.33999633789062,87.75,86.72000122070312,86.95999908447266
2018-05-24,87.18000030517578,87.8499984741211,86.63999938964844,87.45999908447266
2018-05-25,87.69000244140625,89.69000244140625,87.1500015258789,89.20999908447266
2018-05-29,89.69000244140625,93.20999908447266,89.56999969482422,93.20999908447266
2018-05-30,94.20999908447266,96.4000015258789,91.22000122070312,92.48999786376953
2018-05-31,92.4800033569336,93.75,91.73999786376953,93.1500015258789
2018-06-01,93.16000366210938,94.48999786376953,92.72000122070312,93.30000305175781
2018-06-04,93.30000305175781,94.5199966430664,92.06999969482422,92.0999984741211
2018-06-05,92.23999786376953,92.27999877929688,89.7300033569336,89.83999633789062
2018-06-06,89.75,91.70999908447266,89.3499984741211,90.94999694824219
2018-06-07,91.30000305175781,94.94999694824219,90.44999694824219,93.72000122070312
2018-06-08,93.97000122070312,95.83999633789062,93.58999633789062,94.94000244140625
2018-06-11,95.55000305175781,96.5,94.0,94.75
2018-06-12,95.19000244140625,95.8499984741211,94.66999816894531,95.20999908447266
2018-06-13,95.30000305175781,95.66000366210938,93.20999908447266,93.80999755859375
2018-06-14,93.6500015258789,94.5,92.61000061035156,93.41000366210938
2018-06-15,93.13999938964844,93.13999938964844,90.5,90.72000122070312
2018-06-18,90.55000305175781,90.55000305175781,86.80000305175781,87.31999969482422
2018-06-19,87.4000015258789,88.1500015258789,83.31999969482422,83.31999969482422
2018-06-20,83.25,85.69999694824219,83.0999984741211,83.20999908447266
2018-06-21,83.4000015258789,84.19999694824219,83.01000213623047,83.20999908447266
2018-06-22,83.25,85.80000305175781,83.0999984741211,85.43000030517578
2018-06-25,85.5,86.4800033569336,84.19999694824219,85.94000244140625
2018-06-26,85.79000091552734,86.31999969482422,84.08999633789062,85.04000091552734
2018-06-27,86.12000274658203,86.12000274658203,86.08000183105469,85.75
2018-06-28,85.6500015258789,85.6500015258789,85.1500015258789,84.93000030517578
2018-06-29,85.41000366210938,86.02999877929688,85.05999755859375,85.37999725341797
2018-07-02,84.44000244140625,84.44000244140625,84.44000244140625,84.5
2018-07-03,84.44000244140625,84.44000244140625,84.44000244140625,84.54000091552734
2018-07-05,84.44000244140625,84.44000244140625,83.7300033569336,83.7300033569336
2018-07-06,84.12000274658203,84.94999694824219,84.12000274658203,86.37999725341797
2018-07-09,87.16000366210938,87.16000366210938,87.16000366210938,87.16000366210938
2018-07-10,86.66000366210938,86.83000183105469,86.30999755859375,87.5
2018-07-11,86.58000183105469,86.58000183105469,85.20999908447266,85.23999786376953
2018-07-12,86.12999725341797,89.23999786376953,86.12999725341797,89.23999786376953
2018-07-13,89.75,89.88999938964844,88.0199966430664,88.9000015258789
2018-07-16,89.0,89.31999969482422,88.68000030517578,88.87999725341797
2018-07-17,88.66999816894531,89.3499984741211,87.94999694824219,89.19999694824219
2018-07-18,88.80000305175781,89.22000122070312,88.80000305175781,88.83000183105469
2018-07-19,88.80999755859375,88.80999755859375,88.30000305175781,88.30000305175781
2018-07-20,88.43000030517578,88.5199966430664,86.9000015258789,87.73999786376953
2018-07-23,87.47000122070312,87.62000274658203,87.23999786376953,87.47000122070312
2018-07-24,87.93000030517578,87.93000030517578,87.45999908447266,87.31999969482422
2018-07-25,88.91999816894531,89.37999725341797,88.61000061035156,88.80000305175781
2018-07-26,88.87999725341797,89.16999816894531,88.2300033569336,89.02999877929688
2018-07-27,89.05999755859375,89.05999755859375,89.05999755859375,89.05999755859375
2018-07-30,89.08000183105469,90.61000061035156,88.4800033569336,89.94999694824219
2018-07-31,90.44000244140625,90.56999969482422,90.30999755859375,90.27999877929688
2018-08-01,89.58999633789062,90.56999969482422,89.58999633789062,89.05999755859375
2018-08-02,88.87999725341797,89.26000213623047,88.66000366210938,89.44000244140625
2018-08-03,89.38999938964844,89.9000015258789,87.4000015258789,88.66999816894531
2018-08-06,87.87000274658203,88.54000091552734,87.62999725341797,88.69000244140625
2018-08-07,88.52999877929688,89.30999755859375,87.80999755859375,88.22000122070312
2018-08-08,88.08000183105469,88.08000183105469,87.48999786376953,87.38999938964844
2018-08-09,87.37999725341797,87.37999725341797,87.05000305175781,87.26000213623047
2018-08-10,87.66000366210938,87.81999969482422,85.5199966430664,85.86000061035156
2018-08-13,85.3499984741211,85.3499984741211,82.30999755859375,83.13999938964844
2018-08-14,82.77999877929688,83.5,82.66999816894531,83.41000366210938
2018-08-15,82.51000213623047,82.51000213623047,81.20999908447266,81.08000183105469
2018-08-16,81.5999984741211,82.3499984741211,81.55000305175781,82.12999725341797
2018-08-17,81.58000183105469,81.75,81.58000183105469,81.75
2018-08-20,83.0999984741211,83.0999984741211,83.0999984741211,83.0999984741211
2018-08-21,83.08000183105469,83.79000091552734,83.08000183105469,83.5
2018-08-22,83.73999786376953,83.73999786376953,83.2300033569336,82.5199966430664
2018-08-23,82.48999786376953,82.48999786376953,81.5,81.7300033569336
2018-08-24,81.95999908447266,82.72000122070312,81.95999908447266,81.80999755859375
2018-08-27,82.1500015258789,82.94999694824219,82.1500015258789,83.5199966430664
2018-08-28,83.13999938964844,83.9800033569336,83.12000274658203,83.80999755859375
2018-08-29,83.9800033569336,83.9800033569336,83.30000305175781,82.97000122070312
2018-08-30,82.9000015258789,82.9000015258789,82.08999633789062,82.41999816894531
2018-08-31,82.70999908447266,82.9800033569336,82.61000061035156,82.30999755859375
2018-09-04,82.69999694824219,83.0199966430664,81.5199966430664,82.77999877929688
2018-09-05,81.70999908447266,81.70999908447266,81.70999908447266,81.70999908447266
2018-09-06,81.61000061035156,81.97000122070312,81.5999984741211,81.37999725341797
2018-09-07,82.12999725341797,82.12999725341797,82.12999725341797,82.12999725341797
2018-09-10,83.1500015258789,83.81999969482422,83.1500015258789,83.93000030517578
2018-09-11,83.87999725341797,83.88999938964844,82.73999786376953,83.02999877929688
2018-09-12,83.4000015258789,83.4000015258789,83.4000015258789,82.76000213623047
2018-09-13,82.18000030517578,82.19999694824219,81.91000366210938,81.62000274658203
2018-09-14,81.9800033569336,82.08000183105469,81.73999786376953,81.9000015258789
2018-09-17,81.94000244140625,82.33999633789062,81.94000244140625,81.51000213623047
2018-09-18,82.01000213623047,82.01000213623047,79.16999816894531,79.1500015258789
2018-09-19,79.38999938964844,80.06999969482422,79.30000305175781,79.62999725341797
2018-09-20,79.55999755859375,79.91999816894531,78.23999786376953,79.06999969482422
2018-09-21,79.18000030517578,79.44000244140625,79.0999984741211,79.27999877929688
2018-09-24,78.7300033569336,78.7300033569336,78.7300033569336,78.7300033569336
2018-09-25,80.0,80.19999694824219,80.0,80.41000366210938
2018-09-26,79.0,79.0,79.0,79.0
2018-09-27,78.12000274658203,78.12000274658203,78.12000274658203,78.12000274658203
2018-09-28,76.76000213623047,76.76000213623047,76.76000213623047,76.76000213623047
2018-10-01,76.77999877929688,76.77999877929688,76.77999877929688,76.69999694824219
2018-10-02,76.58000183105469,76.58000183105469,76.58000183105469,76.58000183105469
2018-10-03,76.8499984741211,76.8499984741211,76.8499984741211,76.8499984741211
2018-10-04,76.38999938964844,76.38999938964844,76.38999938964844,76.38999938964844
2018-10-05,76.48999786376953,76.48999786376953,76.48999786376953,76.48999786376953
2018-10-08,77.94000244140625,77.94000244140625,77.94000244140625,77.94000244140625
2018-10-09,77.4000015258789,77.4000015258789,77.4000015258789,77.4000015258789
2018-10-10,77.01000213623047,77.56999969482422,76.48999786376953,76.80000305175781
2018-10-11,76.87000274658203,77.76000213623047,76.1500015258789,76.80999755859375
2018-10-12,76.87999725341797,78.87999725341797,76.87999725341797,78.37000274658203
2018-10-15,78.69999694824219,79.16000366210938,77.8499984741211,78.72000122070312
2018-10-16,78.93000030517578,79.0,78.25,78.33000183105469
2018-10-17,78.44999694824219,78.5999984741211,77.66000366210938,77.91999816894531
2018-10-18,77.91999816894531,78.4000015258789,77.33000183105469,78.05000305175781
2018-10-19,78.1500015258789,78.1500015258789,77.5199966430664,77.91999816894531
2018-10-22,77.8499984741211,80.13999938964844,77.76000213623047,80.0199966430664
2018-10-23,80.0,80.0,78.18000030517578,78.98999786376953
2018-10-24,79.02999877929688,79.5,77.0,77.06999969482422
2018-10-25,77.06999969482422,77.75,76.13999938964844,77.68000030517578
2018-10-26,77.88999938964844,78.7300033569336,77.11000061035156,78.52999877929688
2018-10-29,78.83000183105469,79.5999984741211,77.05999755859375,77.16999816894531
2018-10-30,77.11000061035156,77.5,76.55000305175781,76.9000015258789
2018-10-31,76.7699966430664,77.04000091552734,76.48999786376953,76.86000061035156
2018-11-01,77.06999969482422,79.5999984741211,76.52999877929688,79.02999877929688
2018-11-02,79.02999877929688,79.77999877929688,78.30000305175781,78.79000091552734
2018-11-05,78.88999938964844,79.4000015258789,78.29000091552734,78.87000274658203
2018-11-06,78.94999694824219,79.16999816894531,76.83000183105469,77.43000030517578
2018-11-07,77.36000061035156,79.7699966430664,77.19999694824219,78.95999908447266
2018-11-08,79.06999969482422,80.5,78.69999694824219,79.01000213623047
2018-11-09,79.01000213623047,79.19000244140625,77.19999694824219,78.08999633789062
2018-11-12,78.08999633789062,78.11000061035156,76.33999633789062,76.37999725341797
2018-11-13,76.37999725341797,76.81999969482422,75.62000274658203,75.86000061035156
2018-11-14,76.08000183105469,76.79000091552734,75.86000061035156,76.38999938964844
2018-11-15,76.44999694824219,76.87000274658203,75.8499984741211,76.25
2018-11-16,76.25,77.25,76.0,76.12000274658203
2018-11-19,76.41999816894531,76.87999725341797,75.58000183105469,75.87999725341797
2018-11-20,75.79000091552734,76.19000244140625,75.22000122070312,75.2699966430664
2018-11-21,75.30000305175781,77.19999694824219,75.11000061035156,76.51000213623047
2018-11-23,76.4000015258789,76.4000015258789,74.86000061035156,74.91999816894531
2018-11-26,75.22000122070312,77.36000061035156,75.19000244140625,77.4000015258789
2018-11-27,77.08999633789062,77.12999725341797,76.5,76.7699966430664
2018-11-28,77.36000061035156,77.8499984741211,77.33000183105469,77.76000213623047
2018-11-29,78.11000061035156,78.11000061035156,76.44999694824219,76.63999938964844
2018-11-30,77.94000244140625,77.94000244140625,77.79000091552734,77.16000366210938
2018-12-03,80.0,80.0,79.9000015258789,78.91000366210938
2018-12-04,79.22000122070312,79.25,78.44999694824219,78.7699966430664
2018-12-06,78.0199966430664,78.0199966430664,78.0199966430664,78.0199966430664
2018-12-07,78.9000015258789,80.93000030517578,78.80000305175781,80.2300033569336
2018-12-10,80.3499984741211,80.5999984741211,79.3499984741211,79.87999725341797
2018-12-11,79.87999725341797,80.66000366210938,79.11000061035156,80.0199966430664
2018-12-12,80.13999938964844,80.30000305175781,79.56999969482422,79.97000122070312
2018-12-13,79.94000244140625,79.97000122070312,78.94999694824219,79.41000366210938
2018-12-14,79.4000015258789,79.94000244140625,78.62000274658203,79.5999984741211
2018-12-17,79.20999908447266,79.80000305175781,77.9000015258789,78.54000091552734
2018-12-18,78.4000015258789,78.6500015258789,77.76000213623047,77.8499984741211
2018-12-19,77.76000213623047,78.02999877929688,76.62999725341797,76.70999908447266
2018-12-20,76.66999816894531,77.44000244140625,75.0199966430664,75.05999755859375
2018-12-21,75.05999755859375,75.5999984741211,73.06999969482422,73.18000030517578
2018-12-24,73.80000305175781,74.0,72.4000015258789,72.55000305175781
2018-12-26,72.69999694824219,73.54000091552734,72.1500015258789,73.5
2018-12-27,73.80000305175781,74.18000030517578,71.87000274658203,72.05999755859375
2018-12-28,72.05000305175781,72.87000274658203,72.05000305175781,72.19000244140625
2018-12-31,72.25,72.86000061035156,72.0999984741211,72.19999694824219
2019-01-02,72.30000305175781,72.58999633789062,70.76000213623047,70.83999633789062
2019-01-03,70.83000183105469,72.0,70.6500015258789,70.83000183105469
2019-01-04,71.0,73.37000274658203,70.93000030517578,72.5199966430664
2019-01-07,72.5199966430664,73.91999816894531,72.4800033569336,72.75
2019-01-08,72.80999755859375,73.8499984741211,71.54000091552734,71.66999816894531
2019-01-09,71.63999938964844,73.63999938964844,71.63999938964844,73.12999725341797
2019-01-10,73.19999694824219,73.81999969482422,72.44000244140625,72.8499984741211
2019-01-11,72.80000305175781,73.25,72.33999633789062,72.48999786376953
2019-01-14,72.5999984741211,73.58000183105469,72.43000030517578,72.98999786376953
2019-01-15,73.0199966430664,73.45999908447266,72.25,72.36000061035156
2019-01-16,72.30000305175781,73.55999755859375,72.20999908447266,73.2699966430664
2019-01-17,73.20999908447266,74.5999984741211,73.20999908447266,74.37000274658203
2019-01-18,74.37000274658203,74.66000366210938,73.76000213623047,73.88999938964844
2019-01-22,74.0,74.29000091552734,72.75,73.12999725341797
2019-01-23,73.12999725341797,74.27999877929688,72.9800033569336,73.5199966430664
2019-01-24,73.51000213623047,73.91000366210938,73.02999877929688,73.13999938964844
2019-01-25,73.25,74.23999786376953,73.25,74.12999725341797
2019-01-28,74.0,74.12999725341797,73.1500015258789,73.8499984741211
2019-01-29,73.66000366210938,74.44999694824219,73.5,74.1500015258789
2019-01-30,74.13999938964844,74.55000305175781,73.76000213623047,74.36000061035156
2019-01-31,74.16000366210938,74.8499984741211,74.0,74.4000015258789
2019-02-01,74.44999694824219,74.7300033569336,73.55999755859375,73.63999938964844
2019-02-04,73.75,73.87000274658203,72.66000366210938,72.76000213623047
2019-02-05,72.77999877929688,73.73999786376953,72.6500015258789,73.4000015258789
2019-02-06,73.4000015258789,74.11000061035156,73.0999984741211,73.66000366210938
2019-02-07,73.5999984741211,73.86000061035156,72.4800033569336,72.80999755859375
2019-02-08,72.66000366210938,73.01000213623047,72.44999694824219,72.55000305175781
2019-02-11,72.48999786376953,72.70999908447266,70.30000305175781,70.55000305175781
2019-02-12,70.62000274658203,70.93000030517578,69.72000122070312,69.77999877929688
2019-02-13,69.8499984741211,70.62000274658203,69.6500015258789,69.86000061035156
2019-02-14,69.95999908447266,70.38999938964844,69.52999877929688,70.12999725341797
2019-02-15,70.27999877929688,70.5,69.70999908447266,70.22000122070312
2019-02-19,70.22000122070312,71.08999633789062,70.19999694824219,70.41000366210938
2019-02-20,70.30000305175781,70.8499984741211,70.19999694824219,70.27999877929688
2019-02-21,70.37000274658203,72.30000305175781,70.05000305175781,72.19000244140625
2019-02-22,72.41999816894531,72.98999786376953,71.0,71.83999633789062
2019-02-25,72.19999694824219,72.54000091552734,72.05999755859375,71.93000030517578
2019-02-26,72.2699966430664,72.2699966430664,71.16000366210938,70.8499984741211
2019-02-27,71.25,71.2699966430664,71.25,71.19000244140625
2019-02-28,71.80000305175781,71.80000305175781,71.80000305175781,71.73999786376953
2019-03-01,72.33999633789062,72.33999633789062,71.4000015258789,72.7300033569336
2019-03-04,72.97000122070312,72.9800033569336,72.4800033569336,71.97000122070312
2019-03-05,72.7300033569336,72.7300033569336,72.62000274658203,73.44999694824219
2019-03-06,73.05000305175781,73.05000305175781,73.05000305175781,73.05000305175781
2019-03-07,72.12999725341797,72.12999725341797,72.12999725341797,71.9000015258789
2019-03-08,73.13999938964844,73.7699966430664,72.51000213623047,73.48999786376953
2019-03-11,73.37000274658203,73.8499984741211,73.05000305175781,73.19999694824219
2019-03-12,73.0999984741211,75.0,73.0999984741211,74.8499984741211
2019-03-13,74.94000244140625,75.9800033569336,74.72000122070312,75.72000122070312
2019-03-14,75.69999694824219,75.87999725341797,74.0199966430664,74.30000305175781
2019-03-15,74.30000305175781,75.83000183105469,74.27999877929688,75.5
2019-03-18,75.4000015258789,75.91000366210938,74.88999938964844,75.2699966430664
2019-03-19,75.22000122070312,76.3499984741211,75.20999908447266,75.6500015258789
2019-03-20,75.52999877929688,75.87999725341797,75.1500015258789,75.5
2019-03-21,75.69000244140625,77.81999969482422,75.37000274658203,77.18000030517578
2019-03-22,77.0,77.58999633789062,76.05000305175781,76.58000183105469
2019-03-25,76.69999694824219,77.7699966430664,76.16999816894531,77.7300033569336
2019-03-26,77.62999725341797,77.9800033569336,77.41999816894531,77.88999938964844
2019-03-27,77.75,77.7699966430664,76.58999633789062,76.94999694824219
2019-03-28,76.94999694824219,77.1500015258789,75.5199966430664,75.87000274658203
2019-03-29,75.9000015258789,77.80000305175781,75.72000122070312,77.61000061035156
2019-04-01,77.7300033569336,77.87999725341797,77.18000030517578,77.36000061035156
2019-04-02,77.2699966430664,77.37000274658203,76.47000122070312,77.2699966430664
2019-04-03,77.2699966430664,77.93000030517578,76.91000366210938,77.05000305175781
2019-04-04,76.8499984741211,77.80000305175781,76.8499984741211,77.31999969482422
2019-04-05,77.31999969482422,78.4800033569336,77.05000305175781,78.25
2019-04-08,78.38999938964844,79.08000183105469,77.8499984741211,78.91999816894531
2019-04-09,78.87999725341797,79.30999755859375,77.56999969482422,78.08999633789062
2019-04-10,78.18000030517578,78.3499984741211,77.31999969482422,77.62000274658203
2019-04-11,77.7699966430664,77.94000244140625,76.86000061035156,76.9800033569336
2019-04-12,76.9800033569336,78.6500015258789,76.87999725341797,78.11000061035156
2019-04-15,78.13999938964844,78.43000030517578,75.69999694824219,76.48999786376953
2019-04-16,76.48999786376953,78.22000122070312,76.48999786376953,77.94000244140625
2019-04-17,77.94000244140625,78.44000244140625,77.5,78.11000061035156
2019-04-18,78.31999969482422,78.31999969482422,77.02999877929688,77.30999755859375
2019-04-22,77.6500015258789,77.86000061035156,77.0,77.19000244140625
2019-04-23,77.0999984741211,77.0999984741211,76.11000061035156,76.56999969482422
2019-04-24,76.4000015258789,76.4000015258789,75.8499984741211,75.7699966430664
2019-04-25,76.30000305175781,76.5,76.30000305175781,76.97000122070312
2019-04-26,76.58000183105469,76.58000183105469,76.54000091552734,76.75
2019-04-29,76.06999969482422,76.1500015258789,76.06999969482422,76.12999725341797
2019-04-30,75.9800033569336,75.9800033569336,75.9800033569336,75.9800033569336
2019-05-01,75.45999908447266,75.45999908447266,75.45999908447266,75.91000366210938
2019-05-02,75.6500015258789,75.6500015258789,74.9800033569336,74.6500015258789
2019-05-03,74.77999877929688,74.77999877929688,74.77999877929688,74.77999877929688
2019-05-06,73.19999694824219,73.19999694824219,72.4000015258789,72.6500015258789
2019-05-07,72.9000015258789,72.9000015258789,72.2699966430664,72.27999877929688
2019-05-08,72.0,72.0,72.0,71.44999694824219
2019-05-09,72.19999694824219,72.33999633789062,69.63999938964844,70.2300033569336
2019-05-10,70.30999755859375,71.5199966430664,68.3499984741211,68.44999694824219
2019-05-13,68.5,68.58999633789062,65.44999694824219,65.44999694824219
2019-05-14,65.8499984741211,67.1500015258789,64.5,66.76000213623047
2019-05-15,66.80000305175781,67.2699966430664,65.79000091552734,66.3499984741211
2019-05-16,66.33000183105469,67.16999816894531,66.33000183105469,66.80000305175781
2019-05-17,66.66000366210938,66.80000305175781,65.83000183105469,65.98999786376953
2019-05-20,66.1500015258789,67.98999786376953,65.8499984741211,67.91000366210938
2019-05-21,68.0,68.23999786376953,67.01000213623047,67.31999969482422
2019-05-22,67.33000183105469,67.44999694824219,66.12000274658203,66.75
2019-05-23,66.75,68.22000122070312,66.51000213623047,67.4800033569336
2019-05-24,67.3499984741211,68.58999633789062,67.3499984741211,68.38999938964844
2019-05-28,68.45999908447266,69.5,68.45999908447266,69.47000122070312
2019-05-29,69.66000366210938,69.80999755859375,68.61000061035156,69.05999755859375
2019-05-30,68.80999755859375,69.5,68.18000030517578,69.33999633789062
2019-05-31,69.4800033569336,69.69000244140625,68.0,68.08000183105469
2019-06-03,68.19999694824219,69.54000091552734,66.9000015258789,69.41999816894531
2019-06-04,69.91000366210938,69.91000366210938,68.4800033569336,68.97000122070312
2019-06-05,69.30000305175781,69.62000274658203,68.41999816894531,68.73999786376953
2019-06-06,68.63999938964844,68.72000122070312,67.4800033569336,68.58999633789062
2019-06-07,68.58999633789062,68.72000122070312,65.58999633789062,65.58999633789062
2019-06-10,65.6500015258789,66.5,64.8499984741211,65.98999786376953
2019-06-11,66.13999938964844,66.36000061035156,65.29000091552734,65.6500015258789
2019-06-12,65.66000366210938,66.94999694824219,65.43000030517578,66.56999969482422
2019-06-13,66.56999969482422,67.5199966430664,66.04000091552734,66.83000183105469
2019-06-14,66.83999633789062,66.95999908447266,65.9000015258789,65.94000244140625
2019-06-17,66.02999877929688,66.5,65.31999969482422,65.62999725341797
2019-06-18,65.62999725341797,66.98999786376953,64.97000122070312,65.31999969482422
2019-06-19,65.48999786376953,66.30000305175781,65.31999969482422,65.37999725341797
2019-06-20,65.31999969482422,65.80000305175781,62.380001068115234,63.209999084472656
2019-06-21,63.349998474121094,64.0,60.27000045776367,61.189998626708984
2019-06-24,61.75,62.790000915527344,61.75,62.29999923706055
2019-06-25,62.43000030517578,62.54999923706055,61.79999923706055,62.20000076293945
2019-06-26,64.45999908447266,64.45999908447266,64.45999908447266,63.4900016784668
2019-06-27,62.380001068115234,64.29000091552734,62.0,62.9900016784668
2019-06-28,63.599998474121094,63.599998474121094,63.599998474121094,63.150001525878906
2019-07-01,66.2300033569336,66.2300033569336,66.2300033569336,63.16999816894531
2019-07-02,63.77000045776367,63.77000045776367,63.77000045776367,63.77000045776367
2019-07-03,63.75,63.75,63.75,63.75
2019-07-05,65.56999969482422,65.56999969482422,62.93000030517578,63.439998626708984
2019-07-08,62.33000183105469,62.33000183105469,62.33000183105469,62.33000183105469
2019-07-09,60.22999954223633,60.22999954223633,60.22999954223633,60.22999954223633
2019-07-10,62.869998931884766,63.79999923706055,62.869998931884766,63.540000915527344
2019-07-11,63.630001068115234,63.75,62.56999969482422,62.88999938964844
2019-07-12,63.220001220703125,63.220001220703125,62.36000061035156,62.36000061035156
2019-07-15,62.650001525878906,63.68000030517578,62.119998931884766,63.70000076293945
2019-07-16,63.2400016784668,63.380001068115234,62.25,62.33000183105469
2019-07-17,62.25,62.439998626708984,61.540000915527344,61.88999938964844
2019-07-18,61.599998474121094,61.599998474121094,60.779998779296875,60.779998779296875
2019-07-19,60.959999084472656,62.31999969482422,60.959999084472656,62.25
2019-07-22,62.70000076293945,63.709999084472656,62.63999938964844,62.790000915527344
2019-07-23,62.790000915527344,63.25,62.52000045776367,63.290000915527344
2019-07-24,63.529998779296875,64.16999816894531,63.529998779296875,63.88999938964844
2019-07-25,63.97999954223633,64.30000305175781,63.599998474121094,63.810001373291016
2019-07-26,63.81999969482422,63.81999969482422,63.45000076293945,64.23999786376953
2019-07-29,63.529998779296875,63.65999984741211,62.810001373291016,63.77000045776367
2019-07-30,63.84000015258789,63.84000015258789,63.0,62.869998931884766
2019-07-31,62.56999969482422,63.34000015258789,62.56999969482422,63.220001220703125
2019-08-01,64.0199966430664,64.0199966430664,61.61000061035156,61.84000015258789
2019-08-02,61.5,61.5,58.84000015258789,58.939998626708984
2019-08-05,59.0099983215332,59.0099983215332,56.4900016784668,57.90999984741211
2019-08-06,57.95000076293945,58.22999954223633,57.91999816894531,58.27000045776367
2019-08-07,57.9900016784668,58.40999984741211,57.2400016784668,58.58000183105469
2019-08-08,58.779998779296875,59.529998779296875,58.61000061035156,59.540000915527344
2019-08-09,59.0,59.349998474121094,58.7599983215332,59.04999923706055
2019-08-12,58.91999816894531,58.91999816894531,57.7599983215332,58.029998779296875
2019-08-13,58.13999938964844,59.90999984741211,57.70000076293945,59.34000015258789
2019-08-14,59.380001068115234,59.68000030517578,59.150001525878906,59.61000061035156
2019-08-15,59.900001525878906,60.119998931884766,59.52000045776367,59.65999984741211
2019-08-16,60.0,60.0,59.95000076293945,60.08000183105469
2019-08-19,59.68000030517578,60.029998779296875,59.20000076293945,59.18000030517578
2019-08-20,59.59000015258789,59.7599983215332,59.59000015258789,59.16999816894531
2019-08-21,59.0,59.65999984741211,58.650001525878906,59.869998931884766
2019-08-22,60.029998779296875,60.06999969482422,59.189998626708984,58.869998931884766
2019-08-23,58.43000030517578,58.7400016784668,58.06999969482422,57.970001220703125
2019-08-26,57.58000183105469,57.599998474121094,56.189998626708984,57.65999984741211
2019-08-27,57.25,58.61000061035156,57.2400016784668,57.540000915527344
2019-08-28,58.029998779296875,58.029998779296875,58.029998779296875,58.349998474121094
2019-08-29,58.36000061035156,58.68000030517578,57.720001220703125,58.880001068115234
2019-08-30,58.7400016784668,59.08000183105469,58.72999954223633,59.04999923706055
2019-09-03,59.209999084472656,59.209999084472656,58.0,58.310001373291016
2019-09-04,58.81999969482422,59.41999816894531,58.59000015258789,58.77000045776367
2019-09-05,58.790000915527344,59.439998626708984,58.790000915527344,59.15999984741211
2019-09-06,59.4900016784668,59.4900016784668,58.54999923706055,58.72999954223633
2019-09-09,58.75,59.20000076293945,58.709999084472656,59.119998931884766
2019-09-10,59.20000076293945,59.7599983215332,59.20000076293945,59.5
2019-09-11,59.47999954223633,59.47999954223633,59.349998474121094,59.369998931884766
2019-09-12,59.400001525878906,62.25,59.400001525878906,62.25
2019-09-13,62.27000045776367,62.810001373291016,61.58000183105469,61.630001068115234
2019-09-16,61.29999923706055,61.619998931884766,61.29999923706055,61.59000015258789
2019-09-17,61.59000015258789,61.59000015258789,59.970001220703125,60.119998931884766
2019-09-18,59.7599983215332,59.7599983215332,59.25,59.36000061035156
2019-09-19,59.099998474121094,59.380001068115234,59.099998474121094,58.9900016784668
2019-09-20,59.349998474121094,59.43000030517578,59.02000045776367,59.130001068115234
2019-09-23,58.81999969482422,60.25,58.68000030517578,59.83000183105469
2019-09-24,60.34000015258789,60.34000015258789,58.79999923706055,59.31999969482422
2019-09-25,59.369998931884766,59.369998931884766,59.369998931884766,59.369998931884766
2019-09-26,59.20000076293945,59.20000076293945,59.20000076293945,59.20000076293945
2019-09-27,59.81999969482422,59.81999969482422,59.81999969482422,59.81999969482422
2019-09-30,59.75,59.75,59.75,59.75
2019-10-01,59.900001525878906,59.900001525878906,59.900001525878906,59.900001525878906
2019-10-02,60.709999084472656,60.709999084472656,60.709999084472656,60.25
2019-10-03,60.52000045776367,60.52000045776367,60.52000045776367,60.52000045776367
2019-10-04,60.59000015258789,60.59000015258789,60.59000015258789,60.59000015258789
2019-10-07,60.75,60.75,60.75,60.75
2019-10-08,60.2400016784668,60.2400016784668,60.2400016784668,60.2400016784668
2019-10-09,61.0099983215332,61.0099983215332,61.0099983215332,61.0099983215332
2019-10-10,62.0,62.470001220703125,61.36000061035156,61.41999816894531
2019-10-11,61.81999969482422,64.0,61.47999954223633,63.880001068115234
2019-10-14,64.19999694824219,65.8499984741211,62.189998626708984,62.220001220703125
2019-10-15,62.150001525878906,63.68000030517578,61.720001220703125,63.529998779296875
2019-10-16,63.5,64.58000183105469,63.040000915527344,64.54000091552734
2019-10-17,64.5,65.13999938964844,64.19000244140625,64.98999786376953
2019-10-18,65.19999694824219,65.38999938964844,65.0,65.16000366210938
2019-10-21,65.19000244140625,65.4800033569336,64.44000244140625,64.55999755859375
2019-10-22,64.44000244140625,65.19999694824219,63.959999084472656,64.66999816894531
2019-10-23,64.44999694824219,65.18000030517578,64.4000015258789,64.94999694824219
2019-10-24,65.0,65.55000305175781,64.5999984741211,64.6500015258789
2019-10-25,64.69999694824219,65.69999694824219,64.58000183105469,64.9000015258789
2019-10-28,65.11000061035156,65.30000305175781,64.4800033569336,64.79000091552734
2019-10-29,64.91000366210938,65.4800033569336,64.69999694824219,64.72000122070312
2019-10-30,64.6500015258789,65.98999786376953,64.63999938964844,65.69999694824219
2019-10-31,65.5999984741211,65.95999908447266,64.0199966430664,64.44000244140625
2019-11-01,64.45999908447266,64.91000366210938,63.810001373291016,64.2300033569336
2019-11-04,64.7300033569336,64.9800033569336,63.540000915527344,63.65999984741211
2019-11-05,63.66999816894531,64.20999908447266,63.54999923706055,63.810001373291016
2019-11-06,63.810001373291016,64.11000061035156,63.45000076293945,63.689998626708984
2019-11-07,63.630001068115234,64.8499984741211,63.459999084472656,64.3499984741211
2019-11-08,64.3499984741211,65.05999755859375,63.61000061035156,64.72000122070312
2019-11-11,64.56999969482422,64.8499984741211,63.72999954223633,64.29000091552734
2019-11-12,64.0999984741211,64.83000183105469,64.01000213623047,64.73999786376953
2019-11-13,64.80000305175781,64.8499984741211,64.12999725341797,64.22000122070312
2019-11-14,64.18000030517578,64.91999816894531,63.849998474121094,64.2699966430664
2019-11-15,64.26000213623047,65.0,64.23999786376953,64.86000061035156
2019-11-18,64.9000015258789,64.9000015258789,63.5099983215332,64.20999908447266
2019-11-19,63.849998474121094,64.23999786376953,63.29999923706055,63.439998626708984
2019-11-20,63.349998474121094,63.79999923706055,62.150001525878906,62.2400016784668
2019-11-21,62.099998474121094,62.75,61.72999954223633,61.84000015258789
2019-11-22,63.349998474121094,63.619998931884766,62.27000045776367,63.41999816894531
2019-11-25,64.0,64.75,63.5,64.69000244140625
2019-11-26,64.70999908447266,64.70999908447266,64.66000366210938,64.9000015258789
2019-11-27,64.8499984741211,64.86000061035156,64.66999816894531,64.91000366210938
2019-11-29,64.69000244140625,64.69000244140625,63.380001068115234,64.4000015258789
2019-12-02,64.75,64.75,64.5199966430664,63.849998474121094
2019-12-03,63.099998474121094,63.099998474121094,63.099998474121094,63.099998474121094
2019-12-04,63.540000915527344,64.5,63.20000076293945,63.16999816894531
2019-12-05,64.69999694824219,64.70999908447266,64.69999694824219,63.5099983215332
2019-12-06,64.05999755859375,64.05999755859375,64.05999755859375,65.0
2019-12-09,66.01000213623047,66.25,64.80999755859375,65.37999725341797
2019-12-10,65.73999786376953,66.2300033569336,64.87999725341797,65.93000030517578
2019-12-11,65.93000030517578,66.19000244140625,65.33999633789062,65.87999725341797
2019-12-12,65.76000213623047,67.37999725341797,65.56999969482422,67.16999816894531
2019-12-13,67.48999786376953,67.80000305175781,66.43000030517578,66.80000305175781
2019-12-16,66.80000305175781,67.43000030517578,66.43000030517578,66.97000122070312
2019-12-17,66.75,67.06999969482422,66.30000305175781,66.44000244140625
2019-12-18,66.44999694824219,67.18000030517578,66.25,66.73999786376953
2019-12-19,66.73999786376953,67.87999725341797,66.69000244140625,67.58000183105469
2019-12-20,67.58000183105469,68.30999755859375,67.12000274658203,67.95999908447266
2019-12-23,67.97000122070312,68.75,67.56999969482422,68.61000061035156
2019-12-24,68.5,68.7300033569336,68.22000122070312,68.69999694824219
2019-12-26,68.69999694824219,69.33999633789062,68.45999908447266,68.69999694824219
2019-12-27,68.75,69.33000183105469,68.5,68.91999816894531
2019-12-30,68.94000244140625,69.69000244140625,68.94000244140625,69.55999755859375
2019-12-31,69.55999755859375,69.72000122070312,68.80000305175781,69.05000305175781
2020-01-02,69.12000274658203,69.73999786376953,69.04000091552734,69.2699966430664
2020-01-03,69.01000213623047,69.61000061035156,68.5,69.19999694824219
2020-01-06,69.29000091552734,70.0999984741211,69.29000091552734,70.04000091552734
2020-01-07,70.06999969482422,70.25,69.45999908447266,69.83000183105469
2020-01-08,69.69000244140625,70.04000091552734,69.05000305175781,69.95999908447266
2020-01-09,69.95999908447266,70.8499984741211,69.55999755859375,70.69000244140625
2020-01-10,70.5,71.38999938964844,70.3499984741211,71.30999755859375
2020-01-13,71.30999755859375,71.95999908447266,71.18000030517578,71.52999877929688
2020-01-14,71.5,71.75,70.9000015258789,71.37999725341797
2020-01-15,71.37999725341797,71.37999725341797,70.0999984741211,70.31999969482422
2020-01-16,70.25,70.37999725341797,69.7300033569336,70.22000122070312
2020-01-17,70.0,71.37000274658203,69.94999694824219,71.25
2020-01-21,71.25,71.25,69.12000274658203,69.23999786376953
2020-01-22,69.0199966430664,71.30000305175781,68.70999908447266,71.12999725341797
2020-01-23,71.0,71.0,69.80000305175781,70.02999877929688
2020-01-24,69.9800033569336,70.25,69.3499984741211,69.4000015258789
2020-01-27,69.25,69.80999755859375,68.0,69.51000213623047
2020-01-28,69.02999877929688,70.5999984741211,69.0199966430664,70.36000061035156
2020-01-29,70.4000015258789,70.91999816894531,69.87000274658203,70.05999755859375
2020-01-30,70.05999755859375,70.05999755859375,68.54000091552734,69.05000305175781
2020-01-31,68.95999908447266,69.3499984741211,67.4000015258789,67.5
2020-02-03,67.29000091552734,68.05999755859375,66.75,66.83999633789062
2020-02-04,66.8499984741211,68.2300033569336,66.8499984741211,67.3499984741211
2020-02-05,67.5999984741211,68.41999816894531,67.31999969482422,67.51000213623047
2020-02-06,67.52999877929688,68.19999694824219,67.51000213623047,67.91000366210938
2020-02-07,67.8499984741211,68.0,67.0999984741211,67.75
2020-02-10,67.62000274658203,68.36000061035156,67.62000274658203,68.19000244140625
2020-02-11,68.0,68.55000305175781,67.88999938964844,68.2300033569336
2020-02-12,68.25,68.79000091552734,67.7699966430664,68.58000183105469
2020-02-13,68.56999969482422,68.56999969482422,67.72000122070312,67.75
2020-02-14,67.76000213623047,67.93000030517578,67.20999908447266,67.41000366210938
2020-02-18,67.94000244140625,68.91000366210938,67.83000183105469,67.87000274658203
2020-02-19,67.94000244140625,69.02999877929688,67.94000244140625,68.4800033569336
2020-02-20,68.4000015258789,68.80000305175781,67.7300033569336,68.75
2020-02-21,68.75,68.98999786376953,68.0,68.93000030517578
2020-02-24,67.93000030517578,67.93000030517578,65.9000015258789,67.52999877929688
2020-02-25,67.05000305175781,67.05000305175781,67.05000305175781,66.33000183105469
2020-02-26,65.68000030517578,65.7300033569336,65.66000366210938,65.55000305175781
2020-02-27,65.25,64.37999725341797,64.37999725341797,62.599998474121094
2020-02-28,61.95000076293945,61.95000076293945,60.70000076293945,61.59000015258789
2020-03-02,62.97999954223633,62.97999954223633,62.97999954223633,63.47999954223633
2020-03-03,62.75,62.75,62.75,62.75
2020-03-04,62.959999084472656,62.959999084472656,62.959999084472656,62.959999084472656
2020-03-05,63.689998626708984,63.689998626708984,63.689998626708984,63.529998779296875
2020-03-06,62.970001220703125,62.970001220703125,62.970001220703125,62.970001220703125
2020-03-09,61.38999938964844,61.38999938964844,61.38999938964844,61.38999938964844
2020-03-10,62.25,62.90999984741211,61.0099983215332,61.40999984741211
2020-03-11,61.40999984741211,61.939998626708984,61.310001373291016,61.54999923706055
2020-03-12,61.599998474121094,61.599998474121094,59.349998474121094,59.70000076293945
2020-03-13,59.349998474121094,61.90999984741211,58.56999969482422,60.4900016784668
2020-03-16,59.400001525878906,59.720001220703125,58.099998474121094,58.79999923706055
2020-03-17,58.7599983215332,59.66999816894531,57.86000061035156,57.91999816894531
2020-03-18,57.959999084472656,58.59000015258789,55.650001525878906,56.63999938964844
2020-03-19,56.29999923706055,56.95000076293945,53.63999938964844,54.93000030517578
2020-03-20,55.31999969482422,56.349998474121094,53.20000076293945,53.68000030517578
2020-03-23,52.77000045776367,52.900001525878906,50.68000030517578,52.150001525878906
2020-03-24,52.040000915527344,54.869998931884766,51.15999984741211,52.88999938964844
2020-03-25,53.189998626708984,54.279998779296875,52.220001220703125,53.439998626708984
2020-03-26,53.439998626708984,54.0099983215332,52.5,52.779998779296875
2020-03-27,52.779998779296875,53.31999969482422,51.150001525878906,51.33000183105469
2020-03-30,51.04999923706055,51.130001068115234,48.79999923706055,50.70000076293945
2020-03-31,50.5,51.72999954223633,49.459999084472656,51.130001068115234
2020-04-01,50.97999954223633,51.25,48.349998474121094,48.40999984741211
2020-04-02,48.95000076293945,51.47999954223633,48.58000183105469,49.9900016784668
2020-04-03,49.970001220703125,51.13999938964844,49.66999816894531,50.97999954223633
2020-04-06,50.880001068115234,53.86000061035156,49.310001373291016,53.04999923706055
2020-04-07,53.41999816894531,53.58000183105469,52.36000061035156,52.900001525878906
2020-04-08,52.709999084472656,54.130001068115234,52.189998626708984,53.84000015258789
2020-04-09,53.630001068115234,54.5,53.06999969482422,54.369998931884766
2020-04-13,54.33000183105469,54.54999923706055,52.349998474121094,52.7599983215332
2020-04-14,52.7599983215332,53.06999969482422,52.349998474121094,52.5099983215332
2020-04-15,52.63999938964844,53.189998626708984,51.90999984741211,52.75
2020-04-16,52.709999084472656,53.380001068115234,52.099998474121094,52.790000915527344
2020-04-17,53.5,53.7599983215332,52.650001525878906,52.77000045776367
2020-04-20,52.77000045776367,54.27000045776367,52.5099983215332,54.029998779296875
2020-04-21,54.099998474121094,54.099998474121094,52.0,53.310001373291016
2020-04-22,52.72999954223633,56.310001373291016,52.29999923706055,56.279998779296875
2020-04-23,56.540000915527344,57.95000076293945,56.0099983215332,56.880001068115234
2020-04-24,56.25,56.599998474121094,54.630001068115234,54.93000030517578
2020-04-27,53.93000030517578,53.93000030517578,53.93000030517578,53.93000030517578
2020-04-28,57.77000045776367,57.77000045776367,57.77000045776367,56.18000030517578
2020-04-29,57.83000183105469,57.83000183105469,57.83000183105469,58.02000045776367
2020-04-30,58.060001373291016,58.060001373291016,58.060001373291016,58.060001373291016
2020-05-01,56.560001373291016,56.560001373291016,56.560001373291016,56.560001373291016
2020-05-04,55.0,55.0,55.0,55.0
2020-05-05,54.060001373291016,54.060001373291016,52.150001525878906,53.90999984741211
2020-05-06,54.83000183105469,54.83000183105469,54.83000183105469,54.83000183105469
2020-05-07,54.599998474121094,56.45000076293945,54.41999816894531,55.38999938964844
2020-05-08,55.38999938964844,57.04999923706055,55.38999938964844,56.27000045776367
2020-05-11,55.75,57.150001525878906,55.75,56.630001068115234
2020-05-12,56.560001373291016,58.59000015258789,56.0,58.34000015258789
2020-05-13,58.29999923706055,58.43000030517578,56.959999084472656,57.459999084472656
2020-05-14,57.66999816894531,58.22999954223633,56.79999923706055,57.849998474121094
2020-05-15,57.849998474121094,58.86000061035156,57.349998474121094,58.25
2020-05-18,58.400001525878906,58.959999084472656,57.400001525878906,57.79999923706055
2020-05-19,57.9900016784668,59.4900016784668,57.91999816894531,59.20000076293945
2020-05-20,59.38999938964844,59.849998474121094,58.099998474121094,58.209999084472656
2020-05-21,58.150001525878906,58.70000076293945,57.31999969482422,58.060001373291016
2020-05-22,58.06999969482422,58.209999084472656,57.060001373291016,57.61000061035156
2020-05-26,57.79999923706055,59.45000076293945,57.65999984741211,58.22999954223633
2020-05-27,58.459999084472656,58.599998474121094,57.619998931884766,58.34000015258789
2020-05-28,58.4900016784668,58.540000915527344,57.529998779296875,57.56999969482422
2020-05-29,57.5,57.72999954223633,56.560001373291016,57.59000015258789
2020-06-01,57.59000015258789,60.38999938964844,57.2599983215332,60.060001373291016
2020-06-02,60.29999923706055,61.150001525878906,60.0,60.369998931884766
2020-06-03,60.369998931884766,60.72999954223633,59.84000015258789,60.47999954223633
2020-06-04,60.16999816894531,60.43000030517578,59.65999984741211,60.0
2020-06-05,59.88999938964844,62.31999969482422,59.75,61.790000915527344
2020-06-08,62.15999984741211,62.15999984741211,60.58000183105469,60.810001373291016
2020-06-09,60.86000061035156,61.33000183105469,60.209999084472656,60.52000045776367
2020-06-10,60.599998474121094,60.70000076293945,59.810001373291016,60.5099983215332
2020-06-11,60.20000076293945,60.5099983215332,59.349998474121094,60.02000045776367
2020-06-12,60.02000045776367,60.380001068115234,59.47999954223633,59.84000015258789
2020-06-15,59.79999923706055,59.79999923706055,58.689998626708984,59.0099983215332
2020-06-16,59.400001525878906,60.380001068115234,59.150001525878906,60.06999969482422
2020-06-17,60.060001373291016,61.36000061035156,59.90999984741211,61.34000015258789
2020-06-18,61.380001068115234,61.72999954223633,60.849998474121094,61.16999816894531
2020-06-19,61.029998779296875,62.0,61.029998779296875,61.560001373291016
2020-06-22,61.5,62.849998474121094,61.150001525878906,62.52000045776367
2020-06-23,62.52000045776367,63.13999938964844,61.75,63.040000915527344
2020-06-24,63.040000915527344,63.040000915527344,61.79999923706055,61.65999984741211
2020-06-25,61.5,61.79999923706055,61.5,61.810001373291016
2020-06-26,61.5,61.5,60.099998474121094,60.54999923706055
2020-06-29,60.099998474121094,60.099998474121094,59.130001068115234,59.619998931884766
2020-06-30,60.97999954223633,60.97999954223633,60.97999954223633,60.97999954223633
2020-07-01,62.58000183105469,62.58000183105469,62.58000183105469,62.58000183105469
2020-07-02,63.04999923706055,63.04999923706055,63.04999923706055,63.04999923706055
2020-07-06,63.06999969482422,63.06999969482422,63.06999969482422,63.06999969482422
2020-07-07,63.2400016784668,63.2400016784668,63.2400016784668,63.2400016784668
2020-07-08,64.87000274658203,64.87999725341797,64.87000274658203,64.66000366210938
2020-07-09,64.01000213623047,64.01000213623047,62.099998474121094,63.34000015258789
2020-07-10,64.94000244140625,64.94000244140625,64.41999816894531,64.70999908447266
2020-07-13,63.75,63.75,63.75,63.75
2020-07-14,63.060001373291016,63.060001373291016,62.810001373291016,62.689998626708984
2020-07-15,63.220001220703125,63.310001373291016,62.599998474121094,62.59000015258789
2020-07-16,62.29999923706055,62.86000061035156,62.29999923706055,62.880001068115234
2020-07-17,62.959999084472656,62.959999084472656,62.08000183105469,62.0099983215332
2020-07-20,62.59000015258789,63.060001373291016,62.59000015258789,62.9900016784668
2020-07-21,63.11000061035156,63.27000045776367,62.88999938964844,62.90999984741211
2020-07-22,62.619998931884766,62.959999084472656,62.619998931884766,62.7400016784668
2020-07-23,62.93000030517578,62.939998626708984,61.68000030517578,61.68000030517578
2020-07-24,62.06999969482422,62.130001068115234,59.54999923706055,59.959999084472656
2020-07-27,59.5099983215332,61.459999084472656,59.04999923706055,60.689998626708984
2020-07-28,60.540000915527344,60.95000076293945,60.119998931884766,60.59000015258789
2020-07-29,61.20000076293945,61.20000076293945,61.0,61.029998779296875
2020-07-30,61.060001373291016,62.66999816894531,60.529998779296875,62.81999969482422
2020-07-31,62.619998931884766,62.630001068115234,61.959999084472656,62.29999923706055
2020-08-03,62.70000076293945,63.70000076293945,62.29999923706055,63.529998779296875
2020-08-04,63.79999923706055,63.939998626708984,63.25,63.93000030517578
2020-08-05,63.900001525878906,64.13999938964844,63.4900016784668,64.36000061035156
2020-08-06,64.58000183105469,64.58000183105469,64.16999816894531,64.41000366210938
2020-08-07,64.73999786376953,64.73999786376953,61.779998779296875,61.880001068115234
2020-08-10,62.400001525878906,62.779998779296875,62.400001525878906,62.34000015258789
2020-08-11,62.77000045776367,62.77000045776367,62.45000076293945,63.029998779296875
2020-08-12,61.97999954223633,61.97999954223633,61.97999954223633,61.84000015258789
2020-08-13,62.369998931884766,62.65999984741211,62.22999954223633,62.43000030517578
2020-08-14,62.790000915527344,62.790000915527344,62.560001373291016,62.290000915527344
2020-08-17,62.880001068115234,62.880001068115234,62.86000061035156,62.619998931884766
2020-08-18,62.38999938964844,62.38999938964844,62.38999938964844,62.38999938964844
2020-08-19,62.290000915527344,62.650001525878906,62.290000915527344,63.209999084472656
2020-08-20,62.689998626708984,64.25,62.689998626708984,63.91999816894531
2020-08-21,63.77000045776367,63.77000045776367,63.56999969482422,63.72999954223633
2020-08-24,64.12999725341797,65.29000091552734,64.08999633789062,65.16000366210938
2020-08-25,65.19999694824219,65.79000091552734,65.16000366210938,64.9800033569336
2020-08-26,64.9800033569336,64.9800033569336,64.9800033569336,64.9800033569336
2020-08-27,64.48999786376953,64.94999694824219,64.48999786376953,64.76000213623047
2020-08-28,64.31999969482422,64.31999969482422,64.25,64.37000274658203
2020-08-31,64.5999984741211,64.5999984741211,64.5999984741211,64.41000366210938
2020-09-01,64.94000244140625,65.61000061035156,64.87999725341797,64.66000366210938
2020-09-02,64.75,64.75,64.1500015258789,64.18000030517578
2020-09-03,63.790000915527344,63.790000915527344,63.529998779296875,63.560001373291016
2020-09-04,63.43000030517578,63.47999954223633,63.43000030517578,64.12000274658203
2020-09-08,64.33000183105469,64.43000030517578,63.0099983215332,63.189998626708984
2020-09-09,63.04999923706055,63.33000183105469,63.04999923706055,63.349998474121094
2020-09-10,64.37000274658203,64.44999694824219,64.37000274658203,63.959999084472656
2020-09-11,64.70999908447266,64.72000122070312,64.70999908447266,64.05999755859375
2020-09-14,64.68000030517578,65.83999633789062,64.68000030517578,65.45999908447266
2020-09-15,65.5,65.5,64.37000274658203,65.38999938964844
2020-09-16,65.43000030517578,65.43000030517578,65.20999908447266,64.97000122070312
2020-09-17,64.97000122070312,64.97000122070312,64.43000030517578,64.3499984741211
2020-09-18,64.18000030517578,64.18000030517578,64.18000030517578,64.16000366210938
2020-09-21,65.05000305175781,65.79000091552734,63.959999084472656,63.7400016784668
2020-09-22,63.91999816894531,64.30999755859375,63.560001373291016,63.84000015258789
2020-09-23,63.380001068115234,63.59000015258789,63.380001068115234,63.7599983215332
2020-09-24,63.970001220703125,63.970001220703125,63.970001220703125,63.970001220703125
2020-09-25,64.66000366210938,64.66000366210938,64.66000366210938,64.66000366210938
2020-09-28,64.4000015258789,64.4000015258789,64.4000015258789,64.4000015258789
2020-09-29,64.0,64.0,64.0,64.0
2020-09-30,64.48999786376953,64.48999786376953,64.48999786376953,64.48999786376953
2020-10-01,64.61000061035156,64.61000061035156,64.61000061035156,64.61000061035156
2020-10-02,64.5199966430664,64.5199966430664,64.5199966430664,64.5199966430664
2020-10-05,64.7300033569336,64.7300033569336,64.7300033569336,64.7300033569336
2020-10-06,65.55999755859375,65.55999755859375,65.55999755859375,65.55999755859375
2020-10-07,66.29000091552734,66.29000091552734,66.29000091552734,66.29000091552734
2020-10-08,66.19000244140625,66.19000244140625,66.19000244140625,66.19000244140625
2020-10-09,67.75,68.68000030517578,67.54000091552734,67.63999938964844
2020-10-12,68.0199966430664,69.47000122070312,68.0199966430664,68.37000274658203
2020-10-13,68.66999816894531,69.25,68.26000213623047,68.83000183105469
2020-10-14,68.81999969482422,69.38999938964844,68.55000305175781,68.93000030517578
2020-10-15,69.0999984741211,69.2699966430664,68.41000366210938,69.22000122070312
2020-10-16,69.01000213623047,70.04000091552734,69.0,69.91999816894531
2020-10-19,70.0,71.22000122070312,70.0,71.16000366210938
2020-10-20,70.97000122070312,71.6500015258789,70.30000305175781,71.0199966430664
2020-10-21,70.80999755859375,72.12999725341797,70.56999969482422,71.04000091552734
2020-10-22,71.0,72.0999984741211,70.81999969482422,71.94000244140625
2020-10-23,71.69999694824219,71.91000366210938,71.0999984741211,71.29000091552734
2020-10-26,71.3499984741211,72.37999725341797,71.22000122070312,72.11000061035156
2020-10-27,72.0,72.52999877929688,71.76000213623047,72.02999877929688
2020-10-28,72.0,72.5999984741211,70.05000305175781,70.16999816894531
2020-10-29,70.1500015258789,70.45999908447266,69.58000183105469,69.81999969482422
2020-10-30,69.86000061035156,70.05000305175781,68.37000274658203,68.91999816894531
2020-11-02,68.75,69.08999633789062,68.05999755859375,68.7300033569336
2020-11-03,68.73999786376953,70.33000183105469,68.7300033569336,70.23999786376953
2020-11-04,69.94999694824219,70.72000122070312,69.62999725341797,70.2300033569336
2020-11-05,70.29000091552734,70.94000244140625,69.86000061035156,70.06999969482422
2020-11-06,70.0,70.2699966430664,68.55000305175781,68.62000274658203
2020-11-09,68.66000366210938,70.44000244140625,68.62000274658203,70.0
2020-11-10,70.0,70.16000366210938,69.11000061035156,69.8499984741211
2020-11-11,69.94000244140625,70.37999725341797,69.25,69.27999877929688
2020-11-12,69.36000061035156,69.41999816894531,68.37000274658203,68.4800033569336
2020-11-13,68.44999694824219,68.7699966430664,68.22000122070312,68.45999908447266
2020-11-16,68.4000015258789,70.0,68.4000015258789,69.56999969482422
2020-11-17,69.56999969482422,69.87999725341797,68.8499984741211,69.11000061035156
2020-11-18,68.95999908447266,69.76000213623047,68.91999816894531,69.68000030517578
2020-11-19,69.5,69.9000015258789,69.1500015258789,69.31999969482422
2020-11-20,69.31999969482422,71.25,69.31999969482422,70.87999725341797
2020-11-23,71.73999786376953,72.69999694824219,71.51000213623047,72.1500015258789
2020-11-24,72.0,72.0,70.87000274658203,71.52999877929688
2020-11-25,71.0199966430664,71.0199966430664,70.9000015258789,70.80000305175781
2020-11-27,71.52999877929688,71.52999877929688,71.52999877929688,71.68000030517578
2020-11-30,70.75,70.75,69.55999755859375,70.58999633789062
2020-12-01,71.19000244140625,71.20999908447266,69.9800033569336,70.58999633789062
2020-12-02,70.16000366210938,70.16000366210938,69.6500015258789,69.98999786376953
2020-12-03,69.8499984741211,69.8499984741211,69.25,69.41999816894531
2020-12-04,69.44999694824219,69.55000305175781,69.44999694824219,69.86000061035156
2020-12-07,70.62999725341797,70.62999725341797,70.62999725341797,70.62999725341797
2020-12-08,70.18000030517578,70.18000030517578,70.18000030517578,70.18000030517578
2020-12-09,72.0,73.22000122070312,71.86000061035156,73.05000305175781
2020-12-10,73.05000305175781,74.5999984741211,72.7300033569336,74.26000213623047
2020-12-11,74.25,74.75,74.0,74.08000183105469
2020-12-14,74.19999694824219,75.19999694824219,74.19999694824219,74.66999816894531
2020-12-15,74.66999816894531,75.68000030517578,74.55000305175781,75.58999633789062
2020-12-16,75.52999877929688,76.06999969482422,75.33999633789062,75.6500015258789
2020-12-17,75.6500015258789,77.41000366210938,75.51000213623047,77.19000244140625
2020-12-18,77.19000244140625,77.41000366210938,76.8499984741211,77.16000366210938
2020-12-21,77.19999694824219,77.30000305175781,74.5999984741211,74.76000213623047
2020-12-22,74.76000213623047,75.22000122070312,74.27999877929688,74.81999969482422
2020-12-23,74.80000305175781,76.4000015258789,74.4000015258789,76.13999938964844
2020-12-24,76.05000305175781,76.58999633789062,75.91000366210938,76.19999694824219
2020-12-28,76.4000015258789,76.66999816894531,76.1500015258789,76.3499984741211
2020-12-29,76.69999694824219,77.25,76.36000061035156,77.01000213623047
2020-12-30,77.0,78.05999755859375,76.9000015258789,77.97000122070312
2020-12-31,77.97000122070312,78.38999938964844,77.4800033569336,78.12000274658203
2021-01-04,78.25,79.9000015258789,78.25,78.97000122070312
2021-01-05,78.97000122070312,80.72000122070312,78.97000122070312,80.3499984741211
2021-01-06,80.41000366210938,80.93000030517578,79.91999816894531,80.05999755859375
2021-01-07,79.98999786376953,80.69999694824219,79.6500015258789,79.76000213623047
2021-01-08,79.76000213623047,80.38999938964844,79.55000305175781,79.7699966430664
2021-01-11,80.0,80.5,78.6500015258789,80.43000030517578
2021-01-12,80.44999694824219,81.7699966430664,79.86000061035156,81.69999694824219
2021-01-13,81.69999694824219,82.08000183105469,80.76000213623047,80.91999816894531
2021-01-14,80.91999816894531,81.5199966430664,80.25,81.1500015258789
2021-01-15,81.12000274658203,81.43000030517578,80.5999984741211,80.69999694824219
2021-01-19,80.87999725341797,81.8499984741211,80.75,81.1500015258789
2021-01-20,81.0,81.75,80.5999984741211,81.58999633789062
2021-01-21,81.58999633789062,83.05999755859375,81.4000015258789,82.56999969482422
2021-01-22,82.5199966430664,82.55999755859375,81.5,81.55999755859375
2021-01-25,81.55999755859375,82.47000122070312,81.5,82.33000183105469
2021-01-26,82.30000305175781,82.31999969482422,81.11000061035156,81.70999908447266
2021-01-27,81.72000122070312,82.43000030517578,80.68000030517578,80.83999633789062
2021-01-28,80.8499984741211,81.4000015258789,79.8499984741211,79.93000030517578
2021-01-29,79.9800033569336,80.8499984741211,79.75,80.63999938964844
2021-02-01,80.68000030517578,81.5999984741211,79.80999755859375,80.02999877929688
2021-02-02,80.23999786376953,81.01000213623047,79.80000305175781,80.69000244140625
2021-02-03,80.69000244140625,81.13999938964844,80.44999694824219,80.98999786376953
2021-02-04,81.0,84.81999969482422,80.83999633789062,84.27999877929688
2021-02-05,84.25,84.88999938964844,82.58999633789062,82.73999786376953
2021-02-08,83.0,84.76000213623047,82.7300033569336,84.27999877929688
2021-02-09,84.4000015258789,87.12999725341797,84.4000015258789,86.93000030517578
2021-02-10,86.5,86.75,84.41000366210938,84.66999816894531
2021-02-11,84.5,86.7699966430664,84.5,86.41000366210938
2021-02-12,86.16000366210938,87.33000183105469,85.3499984741211,87.2699966430664
2021-02-16,87.30000305175781,88.9000015258789,87.30000305175781,88.12000274658203
2021-02-17,88.01000213623047,88.48999786376953,87.58000183105469,88.36000061035156
2021-02-18,88.36000061035156,89.2300033569336,88.0,88.7300033569336
2021-02-19,88.75,89.36000061035156,88.06999969482422,88.94999694824219
2021-02-22,89.0,90.7699966430664,89.0,90.91000366210938
2021-02-23,91.37999725341797,91.4800033569336,90.5,91.37000274658203
2021-02-24,92.33000183105469,92.33000183105469,92.33000183105469,92.33000183105469
2021-02-25,91.88999938964844,92.94999694824219,89.44000244140625,88.23999786376953
2021-02-26,87.87999725341797,87.87999725341797,87.80999755859375,87.81999969482422
2021-03-01,88.4800033569336,88.4800033569336,88.4800033569336,90.26000213623047
2021-03-02,89.69999694824219,89.69999694824219,89.69999694824219,89.44000244140625
2021-03-03,86.9000015258789,86.9000015258789,86.9000015258789,86.9000015258789
2021-03-04,85.58999633789062,85.58999633789062,85.58999633789062,85.58999633789062
2021-03-05,86.20999908447266,86.20999908447266,86.20999908447266,86.20999908447266
2021-03-08,86.7699966430664,86.7699966430664,86.7699966430664,86.7699966430664
2021-03-09,82.7699966430664,82.7699966430664,82.7699966430664,82.7699966430664
2021-03-10,84.31999969482422,86.58999633789062,82.87000274658203,85.22000122070312
2021-03-11,85.22000122070312,88.55999755859375,85.01000213623047,88.3499984741211
2021-03-12,88.3499984741211,88.48999786376953,85.94999694824219,87.55999755859375
2021-03-15,87.87000274658203,87.87000274658203,85.58000183105469,86.72000122070312
2021-03-16,86.6500015258789,87.52999877929688,86.12000274658203,86.91999816894531
2021-03-17,86.91999816894531,87.54000091552734,86.22000122070312,86.51000213623047
2021-03-18,86.62000274658203,87.37999725341797,85.3499984741211,85.44999694824219
2021-03-19,85.73999786376953,85.77999877929688,83.6500015258789,84.68000030517578
2021-03-22,84.94999694824219,85.16000366210938,84.16999816894531,84.62000274658203
2021-03-23,84.58999633789062,84.87000274658203,83.3499984741211,83.52999877929688
2021-03-24,83.52999877929688,83.70999908447266,81.91000366210938,82.44000244140625
2021-03-25,82.4000015258789,82.80999755859375,78.44000244140625,78.44000244140625
2021-03-26,78.23999786376953,81.12999725341797,77.12000274658203,80.37999725341797
2021-03-29,80.73999786376953,80.8499984741211,79.93000030517578,80.48999786376953
2021-03-30,80.4800033569336,81.19999694824219,79.81999969482422,80.63999938964844
2021-03-31,80.69999694824219,81.4000015258789,78.5999984741211,80.87999725341797
2021-04-01,80.75,81.5199966430664,77.75,77.94999694824219
2021-04-05,78.75,79.5999984741211,77.6500015258789,77.87999725341797
2021-04-06,77.69999694824219,80.87999725341797,77.69999694824219,79.22000122070312
2021-04-07,79.22000122070312,80.63999938964844,78.83999633789062,79.5
2021-04-08,79.80000305175781,81.94000244140625,79.5999984741211,81.41000366210938
2021-04-09,81.33000183105469,83.43000030517578,81.2699966430664,82.4000015258789
2021-04-12,82.4000015258789,82.58999633789062,80.0199966430664,80.13999938964844
2021-04-13,80.13999938964844,81.97000122070312,79.83999633789062,81.81999969482422
2021-04-14,81.69999694824219,84.33000183105469,81.38999938964844,84.19999694824219
2021-04-15,84.16999816894531,85.2300033569336,83.48999786376953,85.0199966430664
2021-04-16,84.77999877929688,85.0999984741211,83.58999633789062,83.70999908447266
2021-04-19,83.80999755859375,85.04000091552734,83.12000274658203,83.26000213623047
2021-04-20,83.48999786376953,84.5999984741211,83.48999786376953,83.7699966430664
2021-04-21,83.94999694824219,84.86000061035156,83.5,84.83000183105469
2021-04-22,85.0,85.79000091552734,84.27999877929688,84.63999938964844
2021-04-23,84.5999984741211,87.7300033569336,84.5999984741211,87.51000213623047
2021-04-26,88.4000015258789,88.4000015258789,87.38999938964844,87.86000061035156
2021-04-27,87.63999938964844,88.9000015258789,87.63999938964844,90.06999969482422
2021-04-28,88.73999786376953,88.73999786376953,88.73999786376953,88.73999786376953
2021-04-29,88.25,88.25,87.55999755859375,85.88999938964844
2021-04-30,87.58999633789062,87.58999633789062,87.51000213623047,87.43000030517578
2021-05-03,87.20999908447266,87.20999908447266,87.20999908447266,87.20999908447266
2021-05-04,86.4000015258789,86.4000015258789,86.4000015258789,86.16999816894531
2021-05-05,85.29000091552734,86.48999786376953,85.29000091552734,86.2300033569336
2021-05-06,89.4800033569336,89.4800033569336,89.4800033569336,89.4800033569336
2021-05-07,90.80000305175781,91.0,88.5199966430664,89.66000366210938
2021-05-10,89.4000015258789,89.66999816894531,87.06999969482422,88.47000122070312
2021-05-11,88.18000030517578,88.8499984741211,87.3499984741211,87.75
2021-05-12,87.69000244140625,89.73999786376953,87.44000244140625,88.2300033569336
2021-05-13,88.2699966430664,88.2699966430664,84.75,84.9800033569336
2021-05-14,84.9800033569336,86.25,82.0999984741211,82.43000030517578
2021-05-17,82.69999694824219,83.56999969482422,82.0,82.31999969482422
2021-05-18,82.31999969482422,84.30000305175781,82.31999969482422,84.01000213623047
2021-05-19,84.19000244140625,84.26000213623047,82.16000366210938,82.91999816894531
2021-05-20,83.2300033569336,83.79000091552734,81.5,81.52999877929688
2021-05-21,81.52999877929688,83.97000122070312,81.52999877929688,82.81999969482422
2021-05-24,82.69999694824219,82.93000030517578,82.12000274658203,82.81999969482422
2021-05-25,82.5999984741211,83.52999877929688,82.4000015258789,82.70999908447266
2021-05-26,82.69999694824219,83.12999725341797,81.8499984741211,82.44000244140625
2021-05-27,82.45999908447266,82.77999877929688,81.6500015258789,82.61000061035156
2021-05-28,82.61000061035156,82.91000366210938,81.93000030517578,82.12000274658203
2021-06-01,82.38999938964844,84.8499984741211,82.30000305175781,84.25
2021-06-02,84.06999969482422,84.55999755859375,83.30000305175781,83.7699966430664
2021-06-03,83.94000244140625,84.62000274658203,83.55000305175781,84.20999908447266
2021-06-04,84.20999908447266,86.33999633789062,83.58000183105469,85.80000305175781
2021-06-07,85.83000183105469,86.5,84.0999984741211,84.36000061035156
2021-06-08,84.5,85.9000015258789,84.26000213623047,85.13999938964844
2021-06-09,85.86000061035156,86.7699966430664,85.22000122070312,86.62000274658203
2021-06-10,86.55000305175781,87.44999694824219,85.79000091552734,87.36000061035156
2021-06-11,87.19999694824219,87.73999786376953,86.61000061035156,87.0
2021-06-14,87.0,87.0,83.0999984741211,84.94999694824219
2021-06-15,84.9000015258789,85.5999984741211,84.13999938964844,85.27999877929688
2021-06-16,85.44999694824219,85.94999694824219,84.55999755859375,85.33000183105469
2021-06-17,85.1500015258789,85.4800033569336,83.6500015258789,84.16999816894531
2021-06-18,84.13999938964844,85.19999694824219,84.11000061035156,84.41999816894531
2021-06-21,84.3499984741211,84.5,83.5999984741211,84.08999633789062
2021-06-22,83.88999938964844,84.8499984741211,83.5999984741211,84.22000122070312
2021-06-23,84.5,86.66000366210938,84.19999694824219,86.45999908447266
2021-06-24,85.27999877929688,86.2699966430664,85.27999877929688,86.02999877929688
2021-06-25,86.43000030517578,86.43000030517578,86.43000030517578,86.43000030517578
2021-06-28,85.16999816894531,85.16999816894531,85.16999816894531,86.66000366210938
2021-06-29,86.48999786376953,86.48999786376953,86.48999786376953,86.48999786376953
2021-06-30,85.19999694824219,85.19999694824219,85.19999694824219,84.02999877929688
2021-07-01,85.01000213623047,85.01000213623047,85.01000213623047,85.01000213623047
2021-07-02,86.02999877929688,86.02999877929688,86.02999877929688,86.02999877929688
2021-07-06,86.37999725341797,86.37999725341797,86.37999725341797,86.37999725341797
2021-07-07,86.62999725341797,86.62999725341797,86.62999725341797,86.62999725341797
2021-07-08,85.87999725341797,85.87999725341797,85.87999725341797,85.87999725341797
2021-07-09,86.98999786376953,88.0,86.98999786376953,87.98999786376953
2021-07-12,88.0999984741211,88.41000366210938,88.0,88.47000122070312
2021-07-13,88.66999816894531,88.66999816894531,88.66999816894531,88.7699966430664
2021-07-14,89.5,90.33000183105469,89.5,90.56999969482422
2021-07-15,90.43000030517578,90.7300033569336,90.05000305175781,89.83999633789062
2021-07-16,89.6500015258789,90.68000030517578,89.6500015258789,90.69999694824219
2021-07-19,90.55000305175781,90.55000305175781,86.94000244140625,87.11000061035156
2021-07-20,87.87999725341797,89.3499984741211,87.56999969482422,88.87000274658203
2021-07-21,88.47000122070312,88.91999816894531,88.47000122070312,89.08999633789062
2021-07-22,89.30999755859375,90.62999725341797,89.30999755859375,90.2699966430664
2021-07-23,90.62000274658203,90.62999725341797,89.7300033569336,90.31999969482422
2021-07-26,89.56999969482422,90.37999725341797,88.6500015258789,90.29000091552734
2021-07-27,90.69999694824219,91.0,90.44999694824219,90.73999786376953
2021-07-28,91.0,91.51000213623047,90.79000091552734,90.91000366210938
2021-07-29,91.30000305175781,91.43000030517578,90.41000366210938,90.76000213623047
2021-07-30,90.43000030517578,90.43000030517578,89.26000213623047,89.83000183105469
2021-08-02,90.08999633789062,90.69000244140625,89.75,90.06999969482422
2021-08-03,89.83999633789062,90.19999694824219,89.63999938964844,90.30000305175781
2021-08-04,90.69000244140625,91.0199966430664,90.44000244140625,90.72000122070312
2021-08-05,90.37999725341797,91.41000366210938,90.37999725341797,91.16999816894531
2021-08-06,91.13999938964844,92.44000244140625,91.13999938964844,92.41999816894531
2021-08-09,92.13999938964844,92.13999938964844,90.69999694824219,91.30000305175781
2021-08-10,91.8499984741211,92.86000061035156,91.81999969482422,92.73999786376953
2021-08-11,92.62999725341797,92.69000244140625,92.4800033569336,91.63999938964844
2021-08-12,91.79000091552734,94.0999984741211,91.55999755859375,93.7699966430664
2021-08-13,93.19999694824219,95.5,93.19999694824219,95.20999908447266
2021-08-16,94.9800033569336,95.0,94.58000183105469,94.8499984741211
2021-08-17,95.80999755859375,97.33000183105469,95.18000030517578,95.69999694824219
2021-08-18,95.44000244140625,96.31999969482422,94.38999938964844,95.5199966430664
2021-08-19,95.23999786376953,95.48999786376953,93.2699966430664,93.47000122070312
2021-08-20,92.77999877929688,94.54000091552734,92.77999877929688,93.9000015258789
2021-08-23,94.87000274658203,95.0199966430664,94.37000274658203,94.54000091552734
2021-08-24,94.38999938964844,95.87999725341797,93.08999633789062,95.76000213623047
2021-08-25,95.87000274658203,96.20999908447266,95.6500015258789,95.94999694824219
2021-08-26,95.66000366210938,95.66000366210938,95.31999969482422,95.36000061035156
2021-08-27,95.19000244140625,96.30999755859375,95.1500015258789,96.2699966430664
2021-08-30,96.01000213623047,96.08000183105469,95.52999877929688,95.61000061035156
2021-08-31,95.26000213623047,95.26000213623047,94.45999908447266,93.91000366210938
2021-09-01,94.0999984741211,95.25,93.88999938964844,94.1500015258789
2021-09-02,95.13999938964844,95.13999938964844,95.13999938964844,95.13999938964844
2021-09-03,95.5,95.5,95.37999725341797,95.62000274658203
2021-09-07,95.9000015258789,95.9000015258789,95.87999725341797,95.41000366210938
2021-09-08,95.83999633789062,96.12000274658203,95.83999633789062,95.19999694824219
2021-09-09,95.58999633789062,95.58999633789062,94.55000305175781,94.55999755859375
2021-09-10,94.76000213623047,95.30999755859375,93.5,95.2300033569336
2021-09-13,94.18000030517578,94.18000030517578,94.18000030517578,94.41000366210938
2021-09-14,94.51000213623047,95.0999984741211,93.72000122070312,94.95999908447266
2021-09-15,94.7699966430664,94.7699966430664,94.63999938964844,94.66999816894531
2021-09-16,95.54000091552734,95.54000091552734,93.4000015258789,93.41000366210938
2021-09-17,93.12000274658203,93.27999877929688,93.11000061035156,93.31999969482422
2021-09-20,92.37000274658203,92.8499984741211,90.52999877929688,89.88999938964844
2021-09-21,89.79000091552734,91.87999725341797,89.79000091552734,91.18000030517578
2021-09-22,92.04000091552734,92.11000061035156,91.77999877929688,91.83000183105469
2021-09-23,92.13999938964844,92.13999938964844,92.13999938964844,93.30999755859375
2021-09-24,96.8499984741211,96.8499984741211,96.8499984741211,96.8499984741211
2021-09-27,98.91000366210938,98.91000366210938,98.91000366210938,98.91000366210938
2021-09-28,100.91000366210938,100.91000366210938,100.91000366210938,100.91000366210938
2021-09-29,101.91000366210938,101.91000366210938,101.91000366210938,103.94000244140625
2021-09-30,107.80000305175781,107.80000305175781,107.80000305175781,107.80000305175781
2021-10-01,106.52999877929688,106.52999877929688,106.52999877929688,106.52999877929688
2021-10-04,106.93000030517578,106.93000030517578,106.93000030517578,106.93000030517578
2021-10-05,110.93000030517578,110.93000030517578,110.93000030517578,110.93000030517578
2021-10-06,113.0999984741211,113.0999984741211,113.0999984741211,113.0999984741211
2021-10-07,113.6500015258789,113.6500015258789,113.6500015258789,113.6500015258789
2021-10-08,111.61000061035156,116.4800033569336,110.33000183105469,110.5999984741211
2021-10-11,110.0,110.93000030517578,107.3499984741211,109.79000091552734
2021-10-12,109.41999816894531,112.88999938964844,106.06999969482422,106.37999725341797
2021-10-13,106.37999725341797,106.4000015258789,103.5,103.86000061035156
2021-10-14,104.0,107.86000061035156,103.91000366210938,107.0999984741211
2021-10-15,107.44999694824219,111.0999984741211,106.44999694824219,107.33000183105469
2021-10-18,107.23999786376953,109.69000244140625,105.41000366210938,107.04000091552734
2021-10-19,107.12999725341797,108.37000274658203,105.25,107.83000183105469
2021-10-20,107.3499984741211,111.0,106.5,110.7300033569336
2021-10-21,110.41999816894531,111.3499984741211,105.87999725341797,106.13999938964844
2021-10-22,106.29000091552734,109.05000305175781,106.23999786376953,108.26000213623047
2021-10-25,107.83999633789062,110.13999938964844,107.69999694824219,108.54000091552734
2021-10-26,108.52999877929688,109.55000305175781,108.33999633789062,108.70999908447266
2021-10-27,108.80999755859375,110.94999694824219,107.66000366210938,110.5199966430664
2021-10-28,110.55999755859375,114.19999694824219,109.5,113.7300033569336
2021-10-29,113.75,115.1500015258789,112.1500015258789,114.8499984741211
2021-11-01,115.13999938964844,119.8499984741211,115.06999969482422,119.83999633789062
2021-11-02,120.36000061035156,121.66999816894531,116.68000030517578,117.25
2021-11-03,117.5,119.47000122070312,115.75,118.81999969482422
2021-11-04,118.58999633789062,118.58999633789062,116.19000244140625,116.45999908447266
2021-11-05,116.69999694824219,117.56999969482422,115.7699966430664,116.87000274658203
2021-11-08,117.19999694824219,118.37999725341797,116.31999969482422,116.55000305175781
2021-11-09,116.55000305175781,120.5,116.19999694824219,119.37999725341797
2021-11-10,118.83999633789062,120.75,118.44999694824219,118.68000030517578
2021-11-11,118.81999969482422,119.20999908447266,117.54000091552734,118.54000091552734
2021-11-12,118.6500015258789,118.91000366210938,116.52999877929688,117.69000244140625
2021-11-15,117.6500015258789,118.19000244140625,116.5,117.62000274658203
2021-11-16,117.8499984741211,118.41000366210938,117.06999969482422,117.9800033569336
2021-11-17,117.91000366210938,121.62999725341797,117.61000061035156,119.69999694824219
2021-11-18,119.69999694824219,120.48999786376953,117.0999984741211,117.58999633789062
2021-11-19,117.62000274658203,120.29000091552734,117.20999908447266,119.22000122070312
2021-11-22,118.93000030517578,119.45999908447266,117.5,117.70999908447266
2021-11-23,117.6500015258789,120.62999725341797,116.80000305175781,120.36000061035156
2021-11-24,119.83000183105469,120.77999877929688,119.48999786376953,120.37999725341797
2021-11-26,117.5,118.5,114.97000122070312,116.5999984741211
2021-11-29,118.02999877929688,118.19999694824219,116.01000213623047,116.6500015258789
2021-11-30,116.4000015258789,116.4000015258789,111.5,111.6500015258789
2021-12-01,110.97000122070312,113.25,110.41000366210938,109.38999938964844
2021-12-02,110.05000305175781,110.05000305175781,109.44999694824219,108.9000015258789
2021-12-03,108.9000015258789,110.58999633789062,108.9000015258789,109.30000305175781
2021-12-06,110.55000305175781,110.55000305175781,110.55000305175781,112.01000213623047
2021-12-07,111.93000030517578,112.1500015258789,111.38999938964844,111.2699966430664
2021-12-08,111.55000305175781,111.55000305175781,111.55000305175781,111.55000305175781
2021-12-09,106.29000091552734,107.0,105.01000213623047,106.58999633789062
2021-12-10,106.29000091552734,107.11000061035156,105.72000122070312,106.2300033569336
2021-12-13,106.2300033569336,107.81999969482422,106.01000213623047,106.80999755859375
2021-12-14,106.72000122070312,107.04000091552734,105.63999938964844,105.9000015258789
2021-12-15,105.9000015258789,106.62999725341797,105.44999694824219,105.79000091552734
2021-12-16,105.87999725341797,109.79000091552734,105.87999725341797,109.68000030517578
2021-12-17,109.22000122070312,109.4000015258789,106.94000244140625,107.30000305175781
2021-12-20,107.69000244140625,107.69000244140625,104.2699966430664,105.54000091552734
2021-12-21,105.77999877929688,108.3499984741211,105.72000122070312,107.2699966430664
2021-12-22,107.02999877929688,109.3499984741211,106.56999969482422,108.83000183105469
2021-12-23,108.6500015258789,109.44999694824219,108.20999908447266,109.12000274658203
2021-12-27,108.91000366210938,112.69000244140625,108.51000213623047,112.27999877929688
2021-12-28,112.12000274658203,112.66999816894531,109.75,110.05000305175781
2021-12-29,110.05000305175781,113.95999908447266,110.0,112.98999786376953
2021-12-30,112.98999786376953,115.33000183105469,112.0,114.33999633789062
2021-12-31,114.0,114.48999786376953,112.36000061035156,112.5999984741211
2022-01-03,112.76000213623047,114.61000061035156,112.76000213623047,113.2300033569336
2022-01-04,113.43000030517578,117.68000030517578,113.37000274658203,116.38999938964844
2022-01-05,116.26000213623047,117.66000366210938,115.51000213623047,116.27999877929688
2022-01-06,115.75,116.12999725341797,114.5999984741211,114.72000122070312
2022-01-07,114.95999908447266,116.86000061035156,114.80000305175781,115.12000274658203
2022-01-10,115.12999725341797,116.37999725341797,114.81999969482422,115.22000122070312
2022-01-11,115.08000183105469,116.58000183105469,115.0,116.0199966430664
2022-01-12,115.9000015258789,118.98999786376953,115.69999694824219,117.63999938964844
2022-01-13,117.6500015258789,118.44999694824219,116.44000244140625,116.83999633789062
2022-01-14,116.94999694824219,119.9000015258789,116.26000213623047,119.69999694824219
2022-01-18,119.7699966430664,121.37000274658203,119.05000305175781,121.08000183105469
2022-01-19,121.08999633789062,124.77999877929688,120.91000366210938,123.94999694824219
2022-01-20,123.9800033569336,124.77999877929688,122.11000061035156,122.87000274658203
2022-01-21,121.86000061035156,122.87999725341797,120.66999816894531,120.75
2022-01-24,121.19999694824219,122.5,119.19999694824219,120.37999725341797
2022-01-25,120.4000015258789,121.44000244140625,120.05000305175781,120.91999816894531
2022-01-26,120.93000030517578,122.69000244140625,120.7699966430664,122.33000183105469
2022-01-27,121.91999816894531,122.13999938964844,120.8499984741211,121.62999725341797
2022-01-28,121.80000305175781,125.5999984741211,120.01000213623047,123.76000213623047
2022-01-31,123.76000213623047,127.70999908447266,123.25,127.56999969482422
2022-02-01,127.44999694824219,129.3699951171875,124.5999984741211,127.33000183105469
2022-02-02,127.45999908447266,128.4499969482422,125.87000274658203,126.33000183105469
2022-02-03,126.19999694824219,127.69999694824219,125.2699966430664,127.62000274658203
2022-02-04,127.69999694824219,128.8300018310547,125.69999694824219,126.73999786376953
2022-02-07,126.76000213623047,126.94000244140625,125.3499984741211,125.56999969482422
2022-02-08,125.56999969482422,127.31999969482422,125.05000305175781,127.1500015258789
2022-02-09,127.06999969482422,127.37000274658203,125.83000183105469,126.43000030517578
2022-02-10,126.44999694824219,127.26000213623047,125.5,125.66000366210938
2022-02-11,125.5999984741211,126.41000366210938,124.91999816894531,125.27999877929688
2022-02-14,125.27999877929688,125.47000122070312,121.62000274658203,122.93000030517578
2022-02-15,123.19000244140625,123.44999694824219,122.5,123.04000091552734
2022-02-16,123.04000091552734,123.27999877929688,121.55999755859375,121.91000366210938
2022-02-17,122.26000213623047,122.72000122070312,121.43000030517578,121.93000030517578
2022-02-18,121.93000030517578,124.19000244140625,121.93000030517578,122.98999786376953
2022-02-22,121.62999725341797,121.69999694824219,119.69999694824219,121.11000061035156
2022-02-23,121.8499984741211,122.5,120.58000183105469,122.4000015258789
2022-02-24,123.44999694824219,125.33000183105469,122.69999694824219,122.58999633789062
2022-02-25,120.0,122.20999908447266,120.0,122.12000274658203
2022-02-28,123.11000061035156,123.12000274658203,123.11000061035156,122.56999969482422
2022-03-01,121.62000274658203,128.0,121.62000274658203,126.3499984741211
2022-03-02,124.56999969482422,125.27999877929688,121.63999938964844,122.04000091552734
2022-03-03,123.44999694824219,123.83000183105469,123.44999694824219,123.55000305175781
2022-03-04,123.75,123.75,120.4000015258789,120.19999694824219
2022-03-07,119.30000305175781,120.79000091552734,119.30000305175781,120.66000366210938
2022-03-08,121.23999786376953,122.0,121.23999786376953,122.16999816894531
2022-03-09,121.66999816894531,121.66999816894531,121.66999816894531,121.66999816894531
2022-03-10,117.47000122070312,118.47000122070312,116.66999816894531,116.86000061035156
2022-03-11,117.0999984741211,121.7300033569336,116.91999816894531,121.02999877929688
2022-03-14,121.02999877929688,121.26000213623047,117.6500015258789,118.7699966430664
2022-03-15,118.7699966430664,119.76000213623047,117.05000305175781,118.5999984741211
2022-03-16,118.5,121.48999786376953,118.16000366210938,119.80000305175781
2022-03-17,119.80000305175781,122.66999816894531,119.62999725341797,121.86000061035156
2022-03-18,121.86000061035156,126.86000061035156,121.83999633789062,126.86000061035156
2022-03-21,127.33999633789062,131.7100067138672,127.0999984741211,130.00999450683594
2022-03-22,130.25999450683594,130.4499969482422,128.1199951171875,130.0399932861328
2022-03-23,130.1999969482422,132.9600067138672,129.86000061035156,130.02999877929688
2022-03-24,130.0399932861328,131.61000061035156,129.36000061035156,130.89999389648438
2022-03-25,130.89999389648438,135.89999389648438,130.89999389648438,135.89999389648438
2022-03-28,135.6999969482422,141.8000030517578,134.0500030517578,139.07000732421875
2022-03-29,139.5800018310547,141.58999633789062,136.67999267578125,136.80999755859375
2022-03-30,137.0399932861328,140.1999969482422,136.36000061035156,139.83999633789062
2022-03-31,139.83999633789062,140.6699981689453,135.36000061035156,135.69000244140625
2022-04-01,136.0,137.49000549316406,134.1199951171875,134.5500030517578
2022-04-04,134.60000610351562,138.60000610351562,134.60000610351562,137.94000244140625
2022-04-05,137.92999267578125,140.4499969482422,136.86000061035156,137.52999877929688
2022-04-06,137.67999267578125,138.44000244140625,135.13999938964844,135.69000244140625
2022-04-07,135.85000610351562,136.4600067138672,132.8699951171875,133.1999969482422
2022-04-08,133.39999389648438,134.58999633789062,132.3000030517578,132.41000366210938
2022-04-11,132.4600067138672,136.27000427246094,131.5800018310547,135.2899932861328
2022-04-12,135.24000549316406,139.25,135.17999267578125,138.50999450683594
2022-04-13,138.8300018310547,143.3800048828125,137.49000549316406,142.77000427246094
2022-04-14,142.9199981689453,146.13999938964844,140.72999572753906,141.97999572753906
2022-04-18,142.0,145.33999633789062,142.0,144.74000549316406
2022-04-19,144.8000030517578,145.61000061035156,139.02000427246094,139.67999267578125
2022-04-20,139.8000030517578,142.4499969482422,139.3800048828125,140.38999938964844
2022-04-21,140.3800048828125,140.85000610351562,138.5500030517578,138.58999633789062
2022-04-22,138.60000610351562,141.42999267578125,136.39999389648438,139.4600067138672
2022-04-25,138.32000732421875,139.0,138.32000732421875,141.41000366210938
2022-04-26,141.92999267578125,142.3300018310547,141.17999267578125,142.52999877929688
2022-04-27,143.2899932861328,143.30999755859375,142.97000122070312,146.0800018310547
2022-04-28,153.0800018310547,153.0800018310547,153.0800018310547,153.0800018310547
2022-04-29,155.0,155.14999389648438,154.75999450683594,152.3300018310547
2022-05-02,155.0,156.63999938964844,155.0,157.16000366210938
2022-05-03,153.3300018310547,153.3300018310547,153.3300018310547,153.3300018310547
2022-05-04,158.02000427246094,158.02000427246094,158.02000427246094,158.02000427246094
2022-05-05,152.02000427246094,152.02000427246094,152.02000427246094,152.02000427246094
2022-05-06,146.8699951171875,146.8699951171875,146.8699951171875,146.8699951171875
2022-05-09,143.47999572753906,148.1699981689453,142.61000061035156,142.92999267578125
2022-05-10,142.57000732421875,145.22000122070312,142.10000610351562,142.94000244140625
2022-05-11,143.17999267578125,144.9600067138672,142.36000061035156,143.60000610351562
2022-05-12,143.5800018310547,147.9499969482422,143.05999755859375,145.52999877929688
2022-05-13,145.52999877929688,146.6199951171875,143.5500030517578,145.1999969482422
2022-05-16,145.66000366210938,150.97000122070312,145.66000366210938,150.64999389648438
2022-05-17,150.52000427246094,151.9499969482422,148.25,148.4600067138672
2022-05-18,148.94000244140625,149.1699981689453,143.16000366210938,144.47000122070312
2022-05-19,144.4499969482422,148.86000061035156,141.1199951171875,147.6999969482422
2022-05-20,147.35000610351562,148.0,141.86000061035156,142.27000427246094
2022-05-23,142.61000061035156,144.9499969482422,140.8300018310547,142.75
2022-05-24,142.75,142.82000732421875,140.67999267578125,141.5399932861328
2022-05-25,141.39999389648438,147.13999938964844,140.75,145.16000366210938
2022-05-26,144.57000732421875,145.3699951171875,140.36000061035156,140.61000061035156
2022-05-27,140.6999969482422,141.99000549316406,139.0500030517578,139.4199981689453
2022-05-31,139.4199981689453,142.0,138.64999389648438,138.97999572753906
2022-06-01,139.1999969482422,139.75,135.58999633789062,136.05999755859375
2022-06-02,136.10000610351562,140.63999938964844,134.1199951171875,139.11000061035156
2022-06-03,139.13999938964844,140.6999969482422,136.05999755859375,138.17999267578125
2022-06-06,139.47999572753906,141.58999633789062,136.9600067138672,137.74000549316406
2022-06-07,137.74000549316406,138.47000122070312,136.10000610351562,136.9499969482422
2022-06-08,137.47000122070312,141.89999389648438,137.07000732421875,140.6199951171875
2022-06-09,140.3000030517578,146.6199951171875,139.57000732421875,146.50999450683594
2022-06-10,146.9199981689453,147.6999969482422,144.5,145.05999755859375
2022-06-13,145.3000030517578,146.5500030517578,143.8000030517578,145.66000366210938
2022-06-14,145.64999389648438,145.9199981689453,143.36000061035156,143.47999572753906
2022-06-15,143.63999938964844,145.4499969482422,142.5,143.17999267578125
2022-06-16,143.50999450683594,147.5,143.4499969482422,143.52999877929688
2022-06-17,143.57000732421875,145.8800048828125,143.17999267578125,143.4499969482422
2022-06-21,143.5,146.0,143.39999389648438,143.50999450683594
2022-06-22,143.5800018310547,145.0,143.0,143.32000732421875
2022-06-23,143.5,143.72999572753906,136.32000732421875,136.32000732421875
2022-06-24,132.25,132.25,100.0,103.76000213623047
2022-06-27,102.0,102.0,102.0,100.3499984741211
2022-06-28,103.0,103.0,103.0,100.12000274658203
2022-06-29,103.0,105.0,103.0,104.27999877929688
2022-06-30,104.0,105.0,104.0,103.94000244140625
2022-07-01,109.0,109.0,109.0,103.68000030517578
2022-07-05,99.68000030517578,99.68000030517578,99.68000030517578,99.68000030517578
2022-07-06,94.69000244140625,94.69000244140625,94.69000244140625,94.69000244140625
2022-07-07,98.12000274658203,98.12000274658203,98.12000274658203,98.12000274658203
2022-07-08,100.3499984741211,102.77999877929688,98.76000213623047,102.61000061035156
2022-07-11,104.0,104.08999633789062,101.19999694824219,102.44000244140625
2022-07-12,101.20999908447266,101.20999908447266,98.62999725341797,98.44000244140625
2022-07-13,98.0,98.0,94.26000213623047,95.41000366210938
2022-07-14,95.19000244140625,95.19999694824219,91.41000366210938,91.41000366210938
2022-07-15,90.8499984741211,96.41000366210938,90.8499984741211,96.41000366210938
2022-07-18,97.06999969482422,100.81999969482422,97.06999969482422,100.41999816894531
2022-07-19,100.56999969482422,100.77999877929688,97.44000244140625,100.19999694824219
2022-07-20,99.9000015258789,101.13999938964844,99.88999938964844,100.37999725341797
2022-07-21,100.54000091552734,102.94999694824219,98.4800033569336,99.5999984741211
2022-07-22,100.19000244140625,100.33000183105469,99.25,99.43000030517578
2022-07-25,98.94000244140625,98.98999786376953,97.31999969482422,97.5199966430664
2022-07-26,97.51000213623047,99.83999633789062,95.0199966430664,99.69000244140625
2022-07-27,99.83999633789062,101.5,98.94999694824219,99.83000183105469
2022-07-28,100.63999938964844,102.8499984741211,100.63999938964844,102.37000274658203
2022-07-29,103.05000305175781,104.05999755859375,103.05000305175781,103.12999725341797
2022-08-01,102.37999725341797,102.37999725341797,99.12999725341797,100.29000091552734
2022-08-02,99.80999755859375,102.37000274658203,98.0,100.87000274658203
2022-08-03,100.86000061035156,100.86000061035156,100.4800033569336,100.36000061035156
2022-08-04,100.29000091552734,100.29000091552734,99.77999877929688,100.12000274658203
2022-08-05,101.69000244140625,101.7300033569336,100.30000305175781,101.68000030517578
2022-08-08,101.4800033569336,102.37999725341797,101.38999938964844,101.58000183105469
2022-08-09,101.33000183105469,104.7300033569336,101.23999786376953,104.54000091552734
2022-08-10,104.13999938964844,108.41000366210938,103.7699966430664,106.75
2022-08-11,106.94000244140625,110.4000015258789,106.91000366210938,110.44000244140625
2022-08-12,110.4000015258789,114.44000244140625,108.80000305175781,114.44000244140625
2022-08-15,116.05999755859375,119.44000244140625,116.05999755859375,119.44000244140625
2022-08-16,120.20999908447266,125.0,120.20999908447266,122.25
2022-08-17,122.1500015258789,122.1500015258789,117.26000213623047,118.31999969482422
2022-08-18,118.73999786376953,118.75,118.73999786376953,117.12000274658203
2022-08-19,115.80999755859375,118.5999984741211,115.38999938964844,119.75
2022-08-22,121.04000091552734,121.43000030517578,121.04000091552734,117.88999938964844
2022-08-23,116.0,116.69000244140625,116.0,116.26000213623047
2022-08-24,117.05999755859375,117.93000030517578,116.7300033569336,117.56999969482422
2022-08-25,117.18000030517578,117.18000030517578,117.18000030517578,117.18000030517578
2022-08-26,119.33000183105469,122.18000030517578,119.31999969482422,122.12000274658203
2022-08-29,121.43000030517578,121.61000061035156,120.83999633789062,122.0199966430664
2022-08-30,119.47000122070312,119.47000122070312,117.12999725341797,117.47000122070312
2022-08-31,119.11000061035156,119.11000061035156,117.11000061035156,118.29000091552734
2022-09-01,117.66999816894531,117.94999694824219,113.30000305175781,113.29000091552734
2022-09-02,113.2699966430664,113.79000091552734,109.30000305175781,108.38999938964844
2022-09-06,110.8499984741211,110.8499984741211,108.41000366210938,108.29000091552734
2022-09-07,108.55999755859375,109.02999877929688,106.29000091552734,106.0999984741211
2022-09-08,106.61000061035156,108.5,106.61000061035156,108.31999969482422
2022-09-09,109.5199966430664,109.5199966430664,109.5199966430664,109.5199966430664
2022-09-12,110.20999908447266,110.20999908447266,110.20999908447266,110.20999908447266
2022-09-13,108.33999633789062,108.33999633789062,106.48999786376953,106.31999969482422
2022-09-14,105.9800033569336,105.9800033569336,105.9800033569336,107.08999633789062
2022-09-15,105.23999786376953,105.23999786376953,105.23999786376953,105.23999786376953
2022-09-16,102.44999694824219,102.44999694824219,102.44999694824219,101.23999786376953
2022-09-19,97.54000091552734,97.54000091552734,97.54000091552734,97.54000091552734
2022-09-20,95.38999938964844,95.38999938964844,94.01000213623047,93.54000091552734
2022-09-21,94.30999755859375,97.54000091552734,94.30999755859375,97.25
2022-09-22,97.44999694824219,98.69999694824219,96.55999755859375,96.83000183105469
2022-09-23,98.26000213623047,98.26000213623047,94.19000244140625,94.48999786376953
2022-09-26,90.31999969482422,90.31999969482422,90.31999969482422,90.31999969482422
2022-09-27,90.04000091552734,90.04000091552734,90.04000091552734,90.04000091552734
2022-09-28,90.44000244140625,90.44000244140625,90.44000244140625,90.44000244140625
2022-09-29,87.11000061035156,87.11000061035156,87.11000061035156,87.11000061035156
2022-09-30,93.0,93.0,93.0,93.22000122070312
2022-10-03,92.13999938964844,92.13999938964844,92.13999938964844,92.13999938964844
2022-10-04,96.13999938964844,96.13999938964844,96.13999938964844,96.13999938964844
2022-10-05,91.2300033569336,91.2300033569336,91.2300033569336,91.2300033569336
2022-10-06,90.9000015258789,90.9000015258789,90.9000015258789,90.9000015258789
2022-10-07,92.2300033569336,92.2300033569336,92.2300033569336,92.2300033569336
2022-10-10,84.75,88.2300033569336,83.55000305175781,88.2300033569336
2022-10-11,88.63999938964844,89.77999877929688,87.05000305175781,88.86000061035156
2022-10-12,88.48999786376953,88.76000213623047,84.86000061035156,84.91999816894531
2022-10-13,84.91999816894531,85.58000183105469,82.0,84.79000091552734
2022-10-14,84.79000091552734,85.86000061035156,83.0,83.1500015258789
2022-10-17,83.04000091552734,84.68000030517578,83.0,83.08999633789062
2022-10-18,83.08999633789062,83.75,81.77999877929688,82.29000091552734
2022-10-19,82.58000183105469,83.69000244140625,78.29000091552734,78.29000091552734
2022-10-20,78.19999694824219,79.66000366210938,77.13999938964844,77.4000015258789
2022-10-21,77.5,79.93000030517578,75.80000305175781,79.12999725341797
2022-10-24,79.4000015258789,80.80000305175781,76.12999725341797,76.12999725341797
2022-10-25,76.12999725341797,79.08999633789062,76.05000305175781,78.47000122070312
2022-10-26,78.47000122070312,79.63999938964844,77.66999816894531,77.81999969482422
2022-10-27,77.80999755859375,78.0999984741211,74.81999969482422,75.11000061035156
2022-10-28,74.73999786376953,75.37000274658203,72.11000061035156,72.11000061035156
2022-10-31,72.11000061035156,73.22000122070312,70.20999908447266,72.0
2022-11-01,72.1500015258789,75.0,72.0,75.0
2022-11-02,78.4000015258789,79.0,76.5199966430664,79.0
2022-11-03,79.9000015258789,83.0,77.69000244140625,83.0
2022-11-04,83.44999694824219,87.87000274658203,81.25,86.93000030517578
2022-11-07,86.2300033569336,88.25,84.8499984741211,87.48999786376953
2022-11-08,87.45999908447266,89.30999755859375,86.25,87.68000030517578
2022-11-09,87.68000030517578,88.75,84.19000244140625,86.5
2022-11-10,86.48999786376953,87.44000244140625,84.93000030517578,86.37999725341797
2022-11-11,86.5199966430664,88.75,86.37999725341797,88.19999694824219
2022-11-14,88.19999694824219,88.4000015258789,85.12000274658203,85.27999877929688
2022-11-15,85.3499984741211,89.27999877929688,85.2300033569336,88.73999786376953
2022-11-16,88.80000305175781,91.8499984741211,87.80999755859375,88.44000244140625
2022-11-17,88.06999969482422,88.81999969482422,85.63999938964844,87.04000091552734
2022-11-18,87.04000091552734,87.12999725341797,84.18000030517578,85.16000366210938
2022-11-21,84.98999786376953,84.98999786376953,81.16000366210938,81.16000366210938
2022-11-22,81.0,83.94000244140625,80.04000091552734,83.22000122070312
2022-11-23,83.56999969482422,84.0199966430664,82.0,83.94000244140625
2022-11-25,83.5999984741211,83.5999984741211,83.47000122070312,81.33999633789062
2022-11-28,81.86000061035156,81.86000061035156,79.98999786376953,80.19999694824219
2022-11-29,80.80000305175781,80.80000305175781,80.80000305175781,81.5999984741211
2022-11-30,83.19999694824219,85.5,83.19999694824219,86.05000305175781
2022-12-01,87.75,87.76000213623047,85.9800033569336,85.93000030517578
2022-12-02,84.27999877929688,84.27999877929688,84.27999877929688,84.27999877929688
2022-12-05,84.80000305175781,85.3499984741211,84.72000122070312,84.94000244140625
2022-12-06,85.27999877929688,86.05999755859375,85.27999877929688,85.38999938964844
2022-12-07,82.61000061035156,82.61000061035156,82.61000061035156,82.61000061035156
2022-12-08,82.1500015258789,84.0999984741211,80.76000213623047,80.8499984741211
2022-12-09,80.9000015258789,83.75,80.0999984741211,80.94999694824219
2022-12-12,80.94999694824219,81.87999725341797,79.02999877929688,79.38999938964844
2022-12-13,79.29000091552734,82.38999938964844,78.80000305175781,81.62999725341797
2022-12-14,81.47000122070312,82.55000305175781,80.62999725341797,81.37000274658203
2022-12-15,81.37000274658203,81.97000122070312,80.41000366210938,81.02999877929688
2022-12-16,81.02999877929688,82.30000305175781,79.80000305175781,81.91999816894531
2022-12-19,81.91999816894531,85.75,81.33000183105469,84.08000183105469
2022-12-20,84.08000183105469,88.08000183105469,83.62999725341797,87.83999633789062
2022-12-21,87.80000305175781,89.6500015258789,87.36000061035156,88.30000305175781
2022-12-22,88.30000305175781,88.5999984741211,84.30000305175781,84.30000305175781
2022-12-23,84.30000305175781,85.79000091552734,84.01000213623047,85.20999908447266
2022-12-27,85.2300033569336,85.63999938964844,84.0199966430664,84.23999786376953
2022-12-28,84.08999633789062,85.08000183105469,82.36000061035156,83.26000213623047
2022-12-29,83.25,83.88999938964844,82.5199966430664,82.63999938964844
2022-12-30,82.63999938964844,84.63999938964844,82.55000305175781,83.37000274658203
2023-01-03,83.37000274658203,85.8499984741211,82.80000305175781,83.13999938964844
2023-01-04,83.16999816894531,84.25,80.37000274658203,80.44000244140625
2023-01-05,80.51000213623047,83.7300033569336,80.5,82.58000183105469
2023-01-06,82.58000183105469,86.0999984741211,82.11000061035156,85.68000030517578
2023-01-09,85.66999816894531,87.97000122070312,84.58000183105469,86.22000122070312
2023-01-10,86.0,86.1500015258789,84.30000305175781,84.76000213623047
2023-01-11,84.61000061035156,85.83999633789062,83.4000015258789,84.26000213623047
2023-01-12,84.4000015258789,84.87000274658203,81.8499984741211,82.04000091552734
2023-01-13,82.0,83.4000015258789,81.6500015258789,82.29000091552734
2023-01-17,82.4000015258789,83.22000122070312,81.97000122070312,82.81999969482422
2023-01-18,82.86000061035156,86.30000305175781,82.86000061035156,84.80999755859375
2023-01-19,84.80000305175781,85.63999938964844,83.2300033569336,83.38999938964844
2023-01-20,83.58000183105469,86.79000091552734,83.56999969482422,86.69999694824219
2023-01-23,86.69999694824219,88.68000030517578,85.80000305175781,87.38999938964844
2023-01-24,87.31999969482422,87.31999969482422,85.62999725341797,86.23999786376953
2023-01-25,86.16000366210938,87.5,85.12000274658203,86.66000366210938
2023-01-26,86.80000305175781,88.87999725341797,86.62999725341797,87.5
2023-01-27,87.3499984741211,87.55999755859375,86.11000061035156,86.88999938964844
2023-01-30,87.25,87.4000015258789,84.5,85.0999984741211
2023-01-31,85.30000305175781,86.8499984741211,85.01000213623047,86.22000122070312
2023-02-01,86.01000213623047,87.0,85.30000305175781,85.61000061035156
2023-02-02,85.80000305175781,87.29000091552734,85.43000030517578,86.38999938964844
2023-02-03,86.1500015258789,86.44999694824219,85.05000305175781,85.43000030517578
2023-02-06,85.12999725341797,85.5999984741211,83.06999969482422,83.2699966430664
2023-02-07,83.2699966430664,86.98999786376953,83.2699966430664,85.62999725341797
2023-02-08,85.61000061035156,85.88999938964844,84.13999938964844,85.37000274658203
2023-02-09,85.31999969482422,86.30000305175781,85.0999984741211,85.5
2023-02-10,85.30000305175781,85.6500015258789,84.26000213623047,85.2699966430664
2023-02-13,85.1500015258789,86.7300033569336,84.52999877929688,85.63999938964844
2023-02-14,85.5,85.9000015258789,84.4000015258789,85.4000015258789
2023-02-15,85.25,85.5,82.02999877929688,82.55000305175781
2023-02-16,82.5,83.79000091552734,81.0,81.25
2023-02-17,81.25,81.75,80.0,80.25
2023-02-21,80.36000061035156,83.5,79.80000305175781,80.91999816894531
2023-02-22,81.87000274658203,82.77999877929688,81.87000274658203,82.25
2023-02-23,83.05999755859375,83.05999755859375,82.0,82.41000366210938
2023-02-24,82.0,82.5999984741211,82.0,85.12999725341797
2023-02-27,85.0,85.0,85.0,85.0
2023-02-28,84.75,84.75,83.75,84.19000244140625
2023-03-01,84.56999969482422,84.56999969482422,84.56999969482422,84.56999969482422
2023-03-02,82.8499984741211,82.8499984741211,82.8499984741211,82.8499984741211
2023-03-03,84.30000305175781,84.30000305175781,84.30000305175781,84.37000274658203
2023-03-06,84.86000061035156,84.86000061035156,84.86000061035156,84.86000061035156
2023-03-07,83.12000274658203,83.12000274658203,83.12000274658203,82.88999938964844
2023-03-08,82.73999786376953,82.73999786376953,82.73999786376953,82.73999786376953
2023-03-09,82.30000305175781,82.30000305175781,82.30000305175781,82.30000305175781
2023-03-10,82.19999694824219,82.25,78.18000030517578,78.18000030517578
2023-03-13,78.69000244140625,81.18000030517578,77.94999694824219,81.18000030517578
2023-03-14,80.5999984741211,82.48999786376953,80.30000305175781,81.37000274658203
2023-03-15,81.30000305175781,81.7300033569336,78.22000122070312,79.11000061035156
2023-03-16,79.25,79.87000274658203,77.55000305175781,79.16000366210938
2023-03-17,79.0999984741211,79.31999969482422,76.86000061035156,77.83000183105469
2023-03-20,77.5999984741211,79.48999786376953,76.68000030517578,77.22000122070312
2023-03-21,77.30000305175781,79.16000366210938,77.22000122070312,77.8499984741211
2023-03-22,78.01000213623047,79.80000305175781,77.77999877929688,78.27999877929688
2023-03-23,78.19999694824219,79.47000122070312,77.1500015258789,77.58000183105469
2023-03-24,77.54000091552734,77.86000061035156,75.69999694824219,76.54000091552734
2023-03-27,76.83999633789062,79.54000091552734,76.55000305175781,79.5199966430664
2023-03-28,79.66000366210938,82.5199966430664,79.66000366210938,82.5199966430664
2023-03-29,82.5199966430664,83.41999816894531,81.30999755859375,82.76000213623047
2023-03-30,82.68000030517578,83.94999694824219,82.05000305175781,83.5
2023-03-31,83.63999938964844,83.69000244140625,82.26000213623047,82.77999877929688
2023-04-03,83.37999725341797,83.63999938964844,81.87999725341797,82.37999725341797
2023-04-04,82.37999725341797,83.0,80.22000122070312,81.05000305175781
2023-04-05,81.0,81.97000122070312,80.51000213623047,81.06999969482422
2023-04-06,81.44999694824219,83.43000030517578,81.19999694824219,83.19999694824219
2023-04-10,83.0,83.62999725341797,82.33000183105469,82.44999694824219
2023-04-11,82.33000183105469,83.06999969482422,81.9000015258789,82.75
2023-04-12,82.69000244140625,83.16999816894531,82.04000091552734,82.44999694824219
2023-04-13,82.5,83.80999755859375,82.25,83.3499984741211
2023-04-14,83.31999969482422,83.7699966430664,82.76000213623047,82.86000061035156
2023-04-17,82.88999938964844,83.95999908447266,82.6500015258789,83.30000305175781
2023-04-18,83.30000305175781,84.93000030517578,83.19999694824219,84.55000305175781
2023-04-19,84.5,84.93000030517578,83.0999984741211,83.23999786376953
2023-04-20,83.12000274658203,83.25,79.23999786376953,79.23999786376953
2023-04-21,79.19000244140625,79.97000122070312,78.41999816894531,78.41000366210938
2023-04-24,80.95999908447266,81.44999694824219,79.6500015258789,78.9800033569336
2023-04-25,76.22000122070312,76.22000122070312,76.22000122070312,77.0
2023-04-26,76.51000213623047,76.51000213623047,76.51000213623047,76.51000213623047
2023-04-27,78.62999725341797,78.62999725341797,78.62999725341797,78.62999725341797
2023-04-28,80.81999969482422,80.81999969482422,80.81999969482422,79.02999877929688
2023-05-01,79.54000091552734,79.54000091552734,79.54000091552734,79.54000091552734
2023-05-02,78.5999984741211,78.5999984741211,78.5999984741211,78.5999984741211
2023-05-03,76.98999786376953,76.98999786376953,76.98999786376953,76.98999786376953
2023-05-04,79.98999786376953,79.98999786376953,79.98999786376953,79.98999786376953
2023-05-05,83.5,83.5,83.5,82.12999725341797
2023-05-08,81.52999877929688,81.52999877929688,81.52999877929688,81.52999877929688
2023-05-09,83.18000030517578,83.18000030517578,80.4000015258789,80.98999786376953
2023-05-10,80.95999908447266,81.5999984741211,80.19999694824219,80.76000213623047
2023-05-11,80.7300033569336,81.23999786376953,79.5199966430664,79.62000274658203
2023-05-12,79.5999984741211,81.76000213623047,79.5999984741211,80.52999877929688
2023-05-15,80.54000091552734,83.23999786376953,80.52999877929688,82.37000274658203
2023-05-16,82.3499984741211,83.97000122070312,81.5,83.37999725341797
2023-05-17,83.19999694824219,87.0,82.83999633789062,86.94000244140625
2023-05-18,86.5,87.16000366210938,85.62000274658203,86.66000366210938
2023-05-19,86.30000305175781,87.9800033569336,86.12999725341797,86.72000122070312
2023-05-22,86.72000122070312,87.25,84.61000061035156,85.31999969482422
2023-05-23,85.31999969482422,85.66000366210938,83.86000061035156,84.3499984741211
2023-05-24,84.3499984741211,84.4000015258789,81.4000015258789,81.72000122070312
2023-05-25,81.70999908447266,82.77999877929688,79.86000061035156,80.12000274658203
2023-05-26,80.11000061035156,83.73999786376953,80.11000061035156,83.3499984741211
2023-05-30,83.63999938964844,86.54000091552734,82.76000213623047,83.98999786376953
2023-05-31,84.48999786376953,84.48999786376953,82.55999755859375,83.4800033569336
2023-06-01,83.7699966430664,86.88999938964844,83.55000305175781,86.41999816894531
2023-06-02,86.41999816894531,87.16000366210938,85.5,86.05000305175781
2023-06-05,85.98999786376953,86.44999694824219,84.37999725341797,84.79000091552734
2023-06-06,84.69000244140625,85.70999908447266,84.4800033569336,85.33999633789062
2023-06-07,85.33000183105469,85.5,84.05999755859375,85.01000213623047
2023-06-08,85.0,86.95999908447266,84.11000061035156,84.30999755859375
2023-06-09,84.30999755859375,84.62999725341797,83.7699966430664,84.04000091552734
2023-06-12,84.0999984741211,84.0999984741211,83.08000183105469,83.48999786376953
2023-06-13,83.52999877929688,84.2699966430664,82.5999984741211,82.72000122070312
2023-06-14,82.72000122070312,82.9000015258789,81.69999694824219,81.79000091552734
2023-06-15,82.05000305175781,82.05999755859375,80.5,80.63999938964844
2023-06-16,80.52999877929688,81.9800033569336,80.52999877929688,81.45999908447266
2023-06-20,81.6500015258789,81.77999877929688,80.51000213623047,80.66000366210938
2023-06-21,80.66000366210938,80.91999816894531,79.19999694824219,79.30999755859375
2023-06-22,79.0999984741211,79.94000244140625,78.0,79.29000091552734
2023-06-23,79.5999984741211,79.70999908447266,76.91000366210938,78.05999755859375
2023-06-26,80.8499984741211,80.8499984741211,80.55000305175781,77.06999969482422
2023-06-27,79.55999755859375,79.62999725341797,79.55999755859375,77.63999938964844
2023-06-28,80.12000274658203,80.12000274658203,80.12000274658203,80.12000274658203
2023-06-29,81.25,81.25,81.25,81.25
2023-06-30,82.83999633789062,82.83999633789062,82.83999633789062,82.83999633789062
2023-07-03,83.29000091552734,83.30000305175781,83.29000091552734,83.43000030517578
2023-07-05,84.0,84.0,84.0,82.44999694824219
2023-07-06,82.87999725341797,82.87999725341797,82.87999725341797,82.87999725341797
2023-07-07,81.19999694824219,81.19999694824219,81.19999694824219,81.19999694824219
2023-07-10,80.76000213623047,80.76000213623047,80.41999816894531,79.94999694824219
2023-07-11,82.87999725341797,82.94999694824219,81.83000183105469,82.94999694824219
2023-07-12,83.52999877929688,83.97000122070312,82.26000213623047,82.51000213623047
2023-07-13,82.33000183105469,82.66000366210938,82.11000061035156,82.79000091552734
2023-07-14,82.4800033569336,85.23999786376953,82.16000366210938,82.66000366210938
2023-07-17,82.2699966430664,83.29000091552734,82.2699966430664,83.48999786376953
2023-07-18,83.9000015258789,84.5,83.44999694824219,83.77999877929688
2023-07-19,84.19999694824219,86.06999969482422,84.19999694824219,85.62000274658203
2023-07-20,86.31999969482422,86.31999969482422,85.93000030517578,85.93000030517578
2023-07-21,86.87999725341797,86.9000015258789,84.25,85.08000183105469
2023-07-24,84.76000213623047,85.80000305175781,84.76000213623047,85.58000183105469
2023-07-25,86.18000030517578,88.68000030517578,86.05000305175781,88.55000305175781
2023-07-26,88.23999786376953,90.33000183105469,87.9000015258789,89.9800033569336
2023-07-27,89.76000213623047,89.76000213623047,86.2300033569336,86.62000274658203
2023-07-28,87.81999969482422,87.8499984741211,85.0199966430664,85.05999755859375
2023-07-31,85.04000091552734,87.19999694824219,84.5,85.44000244140625
2023-08-01,86.5999984741211,86.68000030517578,85.94999694824219,86.87000274658203
2023-08-02,85.83000183105469,85.87000274658203,84.80000305175781,85.08000183105469
2023-08-03,84.94000244140625,85.25,83.8499984741211,85.27999877929688
2023-08-04,85.0,86.05000305175781,85.0,85.2699966430664
2023-08-07,85.0,86.05000305175781,85.0,86.37999725341797
2023-08-08,85.5,86.18000030517578,85.26000213623047,86.19999694824219
2023-08-09,85.43000030517578,85.43000030517578,85.43000030517578,86.11000061035156
2023-08-10,86.66999816894531,87.68000030517578,86.66999816894531,87.29000091552734
2023-08-11,87.30999755859375,90.16000366210938,87.04000091552734,89.29000091552734
2023-08-14,88.5999984741211,88.5999984741211,86.69000244140625,87.6500015258789
2023-08-15,86.58000183105469,86.58000183105469,85.83999633789062,86.19999694824219
2023-08-16,86.06999969482422,86.06999969482422,85.2699966430664,85.31999969482422
2023-08-17,85.0999984741211,85.0999984741211,84.77999877929688,84.36000061035156
2023-08-18,85.1500015258789,85.16000366210938,84.52999877929688,84.31999969482422
2023-08-21,85.54000091552734,85.56999969482422,85.54000091552734,84.45999908447266
2023-08-22,84.9000015258789,84.9000015258789,84.61000061035156,84.98999786376953
2023-08-23,86.08000183105469,86.23999786376953,84.93000030517578,86.20999908447266
2023-08-24,86.7699966430664,86.94000244140625,85.98999786376953,86.08999633789062
2023-08-25,86.05000305175781,87.68000030517578,86.05000305175781,87.51000213623047
2023-08-28,87.05999755859375,87.0999984741211,87.05999755859375,87.06999969482422
2023-08-29,86.4000015258789,86.81999969482422,86.4000015258789,87.08999633789062
2023-08-30,87.83999633789062,88.30000305175781,87.18000030517578,88.27999877929688
2023-08-31,87.94999694824219,88.55000305175781,87.80999755859375,88.0999984741211
2023-09-01,88.79000091552734,90.13999938964844,88.4000015258789,89.61000061035156
2023-09-05,88.63999938964844,88.63999938964844,86.79000091552734,88.0
2023-09-06,87.0,87.0,86.0,86.0
2023-09-07,85.56999969482422,85.56999969482422,83.41000366210938,83.62000274658203
2023-09-08,83.61000061035156,84.80000305175781,83.61000061035156,84.41000366210938
2023-09-11,86.25,87.44999694824219,86.12999725341797,86.97000122070312
2023-09-12,87.41000366210938,87.6500015258789,86.20999908447266,87.48999786376953
2023-09-13,86.70999908447266,86.70999908447266,85.05999755859375,85.66999816894531
2023-09-14,86.4000015258789,86.4000015258789,86.05999755859375,86.47000122070312
2023-09-15,86.75,86.75,85.19999694824219,85.38999938964844
2023-09-18,85.77999877929688,85.97000122070312,85.77999877929688,85.54000091552734
2023-09-19,86.52999877929688,86.52999877929688,86.52999877929688,86.05999755859375
2023-09-20,85.7300033569336,85.7300033569336,85.3499984741211,85.37000274658203
2023-09-21,85.0,85.0199966430664,84.69999694824219,84.87000274658203
2023-09-22,84.87000274658203,84.87000274658203,84.87000274658203,84.04000091552734
2023-09-25,86.41999816894531,86.41999816894531,86.41999816894531,86.41999816894531
2023-09-26,88.18000030517578,88.18000030517578,88.18000030517578,88.18000030517578
2023-09-27,88.4000015258789,88.4000015258789,88.4000015258789,88.4000015258789
2023-09-28,89.19999694824219,89.19999694824219,89.19999694824219,88.7300033569336
2023-09-29,90.75,90.75,85.20999908447266,86.86000061035156
2023-10-02,87.45999908447266,87.45999908447266,87.45999908447266,87.45999908447266
2023-10-03,87.13999938964844,87.13999938964844,87.13999938964844,87.13999938964844
2023-10-04,86.72000122070312,86.72000122070312,86.72000122070312,86.72000122070312
2023-10-05,86.25,86.25,86.25,86.25
2023-10-06,86.8499984741211,86.8499984741211,86.8499984741211,86.8499984741211
2023-10-09,86.66999816894531,86.66999816894531,86.66999816894531,86.66999816894531
2023-10-10,87.0999984741211,87.37000274658203,85.36000061035156,85.44999694824219
2023-10-11,85.5,86.1500015258789,84.37999725341797,85.05000305175781
2023-10-12,85.01000213623047,85.69999694824219,84.13999938964844,84.91999816894531
2023-10-13,85.0999984741211,86.48999786376953,84.7300033569336,86.05999755859375
2023-10-16,86.19999694824219,86.2300033569336,84.58000183105469,85.1500015258789
2023-10-17,85.1500015258789,85.1500015258789,82.97000122070312,83.2300033569336
2023-10-18,83.30999755859375,84.5,82.01000213623047,84.23999786376953
2023-10-19,84.18000030517578,84.38999938964844,82.41000366210938,84.2699966430664
2023-10-20,84.11000061035156,84.12999725341797,81.51000213623047,82.4000015258789
2023-10-23,82.29000091552734,84.9000015258789,81.68000030517578,83.7300033569336
2023-10-24,83.7300033569336,84.44000244140625,82.56999969482422,82.93000030517578
2023-10-25,82.77999877929688,84.16000366210938,82.7300033569336,83.80999755859375
2023-10-26,83.76000213623047,85.19999694824219,83.51000213623047,84.58999633789062
2023-10-27,84.77999877929688,85.44000244140625,83.83000183105469,84.37999725341797
2023-10-30,84.37999725341797,85.25,82.79000091552734,82.91000366210938
2023-10-31,82.94999694824219,83.0999984741211,81.1500015258789,81.22000122070312
2023-11-01,81.37999725341797,81.37999725341797,79.30000305175781,79.44000244140625
2023-11-02,79.55000305175781,80.81999969482422,79.4800033569336,79.80000305175781
2023-11-03,79.80000305175781,80.5,79.19999694824219,79.62000274658203
2023-11-06,79.41999816894531,79.97000122070312,77.86000061035156,78.0
2023-11-07,77.94999694824219,78.16000366210938,76.25,76.4800033569336
2023-11-08,76.5,76.91999816894531,74.7699966430664,74.88999938964844
2023-11-09,75.0,77.29000091552734,74.9000015258789,76.5199966430664
2023-11-10,76.27999877929688,77.75,75.52999877929688,77.31999969482422
2023-11-13,77.30000305175781,78.0,76.81999969482422,77.4800033569336
2023-11-14,77.4800033569336,79.87999725341797,77.30999755859375,78.68000030517578
2023-11-15,78.54000091552734,79.19000244140625,78.04000091552734,78.41000366210938
2023-11-16,78.2300033569336,79.48999786376953,77.91000366210938,78.68000030517578
2023-11-17,78.62000274658203,79.41000366210938,78.2300033569336,78.91999816894531
2023-11-20,78.5999984741211,79.12000274658203,77.0199966430664,77.97000122070312
2023-11-21,77.75,77.75,76.68000030517578,77.33999633789062
2023-11-22,77.5999984741211,79.75,77.55000305175781,79.58000183105469
2023-11-23,77.5999984741211,79.75,77.55000305175781,79.58000183105469
2023-11-24,79.58000183105469,80.68000030517578,78.2699966430664,80.38999938964844
2023-11-27,80.41999816894531,80.41999816894531,80.41999816894531,78.58999633789062
2023-11-28,78.79000091552734,78.79000091552734,78.79000091552734,78.5999984741211
2023-11-29,78.81999969482422,78.81999969482422,78.81999969482422,78.58999633789062
2023-11-30,79.7699966430664,79.7699966430664,79.06999969482422,79.4000015258789
2023-12-01,76.0,79.4800033569336,76.0,78.41999816894531
2023-12-04,78.41999816894531,78.41999816894531,78.25,77.68000030517578
2023-12-05,78.68000030517578,78.68000030517578,78.68000030517578,78.68000030517578
2023-12-06,78.75,78.75,78.75,78.75
2023-12-07,79.61000061035156,82.75,79.5199966430664,82.58999633789062
2023-12-08,82.7300033569336,83.12999725341797,81.12000274658203,81.44000244140625
2023-12-11,81.45999908447266,82.5,81.38999938964844,82.0
2023-12-12,81.9800033569336,82.36000061035156,80.5999984741211,81.05000305175781
2023-12-13,81.05000305175781,81.70999908447266,80.77999877929688,81.18000030517578
2023-12-14,81.18000030517578,82.27999877929688,80.69999694824219,80.80999755859375
2023-12-15,80.80999755859375,81.5,79.83000183105469,79.93000030517578
2023-12-18,80.0,80.12000274658203,79.05000305175781,79.0999984741211
2023-12-19,79.18000030517578,79.87000274658203,78.86000061035156,79.45999908447266
2023-12-20,79.45999908447266,80.58999633789062,79.01000213623047,79.20999908447266
2023-12-21,79.5,79.8499984741211,78.30999755859375,79.12999725341797
2023-12-22,79.26000213623047,80.88999938964844,79.25,79.76000213623047
2023-12-26,79.76000213623047,80.5,79.62000274658203,80.05000305175781
2023-12-27,80.0,80.76000213623047,79.51000213623047,80.52999877929688
2023-12-28,80.4800033569336,81.30000305175781,80.19000244140625,80.94999694824219
2023-12-29,80.80999755859375,81.75,80.44000244140625,81.0
2024-01-02,80.87000274658203,81.75,79.69000244140625,79.94000244140625
2024-01-03,80.25,81.44999694824219,80.11000061035156,80.93000030517578
2024-01-04,80.80999755859375,81.25,80.08000183105469,80.12000274658203
2024-01-05,80.12000274658203,80.56999969482422,79.58999633789062,80.19000244140625
2024-01-08,80.01000213623047,80.80999755859375,79.5999984741211,80.41999816894531
2024-01-09,80.45999908447266,81.2300033569336,80.30000305175781,80.7300033569336
2024-01-10,80.72000122070312,81.0999984741211,79.91999816894531,80.18000030517578
2024-01-11,80.02999877929688,81.94999694824219,80.0199966430664,81.36000061035156
2024-01-12,81.36000061035156,82.22000122070312,81.05999755859375,81.30999755859375
2024-01-16,81.30999755859375,81.5199966430664,80.68000030517578,81.33000183105469
2024-01-17,81.30999755859375,82.44999694824219,81.01000213623047,81.69999694824219
2024-01-18,81.87000274658203,82.5999984741211,81.6500015258789,82.51000213623047
2024-01-19,82.5,84.72000122070312,82.30999755859375,83.94999694824219
2024-01-22,83.88999938964844,84.98999786376953,83.54000091552734,84.83000183105469
2024-01-23,84.81999969482422,84.83000183105469,84.02999877929688,84.5999984741211
2024-01-24,84.5,85.48999786376953,84.29000091552734,85.4000015258789
2024-01-25,85.30000305175781,85.83000183105469,85.08000183105469,85.76000213623047
2024-01-26,85.68000030517578,85.86000061035156,84.16000366210938,84.37000274658203
2024-01-29,84.45999908447266,85.20999908447266,83.86000061035156,84.26000213623047
2024-01-30,84.5,84.93000030517578,83.6500015258789,84.77999877929688
2024-01-31,84.68000030517578,85.37000274658203,84.5,85.16999816894531
2024-02-01,85.0999984741211,86.9000015258789,84.80000305175781,86.48999786376953
2024-02-02,86.41999816894531,87.31999969482422,85.80000305175781,87.11000061035156
2024-02-05,86.93000030517578,87.44999694824219,86.51000213623047,87.04000091552734
2024-02-06,87.0,87.83000183105469,86.94999694824219,87.54000091552734
2024-02-07,87.58999633789062,88.68000030517578,87.20999908447266,88.47000122070312
2024-02-08,88.47000122070312,89.27999877929688,88.13999938964844,89.0999984741211
2024-02-09,89.43000030517578,92.0,88.55999755859375,91.77999877929688
2024-02-12,91.5199966430664,91.6500015258789,89.4000015258789,90.52999877929688
2024-02-13,90.25,92.5,90.0999984741211,91.5199966430664
2024-02-14,91.5199966430664,94.48999786376953,90.91000366210938,93.4800033569336
2024-02-15,93.4800033569336,95.19999694824219,93.0999984741211,94.62999725341797
2024-02-16,94.62999725341797,95.93000030517578,92.95999908447266,93.87000274658203
2024-02-20,93.55000305175781,93.72000122070312,90.5,91.19000244140625
2024-02-21,91.0999984741211,93.93000030517578,90.88999938964844,92.5999984741211
2024-02-22,92.5999984741211,94.55000305175781,92.12999725341797,94.19999694824219
2024-02-23,93.87999725341797,95.41999816894531,93.51000213623047,94.93000030517578
2024-02-26,94.77999877929688,96.12999725341797,94.77999877929688,96.58000183105469
2024-02-27,96.75,99.0,96.70999908447266,100.75
2024-02-28,103.79000091552734,107.25,103.79000091552734,103.06999969482422
2024-02-29,101.55999755859375,101.55999755859375,101.55999755859375,101.55999755859375
2024-03-01,97.55999755859375,97.55999755859375,97.55999755859375,97.55999755859375
2024-03-04,99.0,99.0,99.0,98.44000244140625
2024-03-05,98.0999984741211,98.0999984741211,98.0999984741211,98.0999984741211
2024-03-06,99.13999938964844,99.13999938964844,99.13999938964844,99.13999938964844
2024-03-07,94.86000061035156,99.27999877929688,94.86000061035156,99.27999877929688
2024-03-08,99.19999694824219,101.5,95.27999877929688,95.27999877929688
2024-03-11,94.86000061035156,97.52999877929688,94.55000305175781,95.05999755859375
2024-03-12,95.05999755859375,95.7699966430664,94.05000305175781,95.2300033569336
2024-03-13,95.2300033569336,96.2300033569336,94.5199966430664,94.9000015258789
2024-03-14,95.05000305175781,95.54000091552734,93.19999694824219,93.4800033569336
2024-03-15,93.62999725341797,94.55000305175781,93.26000213623047,93.94000244140625
2024-03-18,93.87999725341797,96.19999694824219,93.80000305175781,94.56999969482422
2024-03-19,94.56999969482422,94.6500015258789,92.19000244140625,93.33999633789062
2024-03-20,93.41999816894531,93.47000122070312,91.80999755859375,92.18000030517578
2024-03-21,92.5,93.5,91.83999633789062,92.20999908447266
2024-03-22,92.22000122070312,92.8499984741211,91.41999816894531,91.52999877929688
2024-03-25,91.69000244140625,92.30999755859375,90.9800033569336,92.0199966430664
2024-03-26,92.02999877929688,94.2699966430664,92.02999877929688,93.41000366210938
2024-03-27,93.41000366210938,93.41000366210938,90.55999755859375,90.7699966430664
2024-03-28,90.9800033569336,91.97000122070312,90.51000213623047,91.37999725341797
2024-04-01,91.56999969482422,92.87999725341797,91.54000091552734,92.76000213623047
2024-04-02,92.76000213623047,92.9000015258789,90.69999694824219,90.80999755859375
2024-04-03,90.80999755859375,91.1500015258789,88.86000061035156,88.9800033569336
2024-04-04,88.9000015258789,89.25,87.0999984741211,87.13999938964844
2024-04-05,87.19999694824219,87.5999984741211,86.16999816894531,86.25
2024-04-08,86.33000183105469,88.23999786376953,86.12000274658203,86.6500015258789
2024-04-09,86.79000091552734,87.2300033569336,85.95999908447266,86.04000091552734
2024-04-10,86.11000061035156,86.69000244140625,85.25,85.30999755859375
2024-04-11,85.33999633789062,85.4800033569336,83.1500015258789,83.37000274658203
2024-04-12,83.36000061035156,83.97000122070312,81.69999694824219,82.62000274658203
2024-04-15,82.5999984741211,84.2699966430664,82.5999984741211,82.93000030517578
2024-04-16,83.06999969482422,83.4000015258789,79.5,81.29000091552734
2024-04-17,81.2699966430664,81.94000244140625,79.02999877929688,79.55999755859375
2024-04-18,79.6500015258789,79.93000030517578,77.41000366210938,78.0999984741211
2024-04-19,78.2699966430664,79.7699966430664,77.86000061035156,78.69000244140625
2024-04-22,78.80000305175781,80.36000061035156,78.77999877929688,80.04000091552734
2024-04-23,80.0,80.80999755859375,78.12999725341797,80.22000122070312
2024-04-24,79.51000213623047,79.51000213623047,79.51000213623047,79.51000213623047
2024-04-25,79.58000183105469,79.58000183105469,79.58000183105469,79.58000183105469
2024-04-26,80.06999969482422,80.06999969482422,80.06999969482422,79.4000015258789
2024-04-29,80.18000030517578,80.18000030517578,80.18000030517578,80.0199966430664
2024-04-30,79.30000305175781,79.30000305175781,79.30000305175781,77.91999816894531
2024-05-01,75.80999755859375,75.80999755859375,75.80999755859375,75.80999755859375
2024-05-02,74.91999816894531,74.91999816894531,74.91999816894531,74.91999816894531
2024-05-03,77.36000061035156,77.36000061035156,77.36000061035156,77.36000061035156
2024-05-06,76.55999755859375,76.55999755859375,76.55999755859375,76.55999755859375
2024-05-07,77.0,77.0,77.0,77.0
2024-05-08,80.05999755859375,80.05999755859375,80.05999755859375,80.05999755859375
2024-05-09,80.2300033569336,80.2300033569336,77.77999877929688,78.5999984741211
2024-05-10,78.37999725341797,78.58000183105469,76.6500015258789,77.30999755859375
2024-05-13,77.44999694824219,78.43000030517578,77.11000061035156,77.62999725341797
2024-05-14,77.73999786376953,77.91000366210938,74.62999725341797,74.62999725341797
2024-05-15,74.5999984741211,75.91000366210938,73.68000030517578,75.41000366210938
2024-05-16,75.63999938964844,77.23999786376953,75.22000122070312,76.23999786376953
2024-05-17,75.91999816894531,76.83000183105469,75.55000305175781,75.88999938964844
2024-05-20,75.91000366210938,76.9800033569336,75.5,76.02999877929688
2024-05-21,76.02999877929688,76.70999908447266,74.9800033569336,76.37999725341797
2024-05-22,76.2300033569336,79.37999725341797,76.2300033569336,79.37999725341797
2024-05-23,79.37999725341797,82.5999984741211,78.36000061035156,81.72000122070312
2024-05-24,81.4000015258789,82.16999816894531,79.52999877929688,80.5199966430664
2024-05-28,80.66000366210938,83.19000244140625,80.30000305175781,82.43000030517578
2024-05-29,82.33000183105469,82.5,80.25,81.0999984741211
2024-05-30,81.08999633789062,82.16999816894531,77.20999908447266,77.76000213623047
2024-05-31,78.4800033569336,78.83000183105469,76.06999969482422,76.1500015258789
2024-06-03,76.1500015258789,76.52999877929688,73.1500015258789,73.1500015258789
2024-06-04,73.1500015258789,74.04000091552734,72.26000213623047,73.4800033569336
2024-06-05,73.5999984741211,75.36000061035156,73.4800033569336,74.44000244140625
2024-06-06,74.33000183105469,75.91000366210938,73.69999694824219,75.44000244140625
2024-06-07,75.61000061035156,76.0,73.54000091552734,73.83999633789062
2024-06-10,73.83999633789062,74.27999877929688,71.27999877929688,71.80999755859375
2024-06-11,72.11000061035156,73.54000091552734,71.51000213623047,72.7300033569336
2024-06-12,73.0,73.23999786376953,71.5,71.73999786376953
2024-06-13,71.7300033569336,72.19999694824219,71.30000305175781,71.3499984741211
2024-06-14,71.58999633789062,71.81999969482422,70.83999633789062,70.97000122070312
2024-06-17,70.8499984741211,71.22000122070312,68.29000091552734,69.94000244140625
2024-06-18,70.01000213623047,71.94999694824219,68.9000015258789,71.02999877929688
2024-06-20,71.01000213623047,71.9800033569336,70.69000244140625,70.8499984741211
2024-06-21,71.05999755859375,71.19999694824219,67.8499984741211,68.19000244140625
2024-06-24,67.91999816894531,71.52999877929688,67.9000015258789,71.29000091552734
2024-06-25,72.0,73.69000244140625,72.0,72.5999984741211
2024-06-26,73.25,73.29000091552734,70.08999633789062,72.69999694824219
2024-06-27,72.0199966430664,72.0199966430664,72.0199966430664,72.0199966430664
2024-06-28,69.80999755859375,69.80999755859375,69.80999755859375,69.80999755859375
2024-07-01,71.9000015258789,71.9000015258789,71.9000015258789,70.06999969482422
2024-07-02,69.33000183105469,69.33000183105469,69.33000183105469,69.33000183105469
2024-07-03,68.68000030517578,68.68000030517578,68.68000030517578,68.68000030517578
2024-07-05,67.30999755859375,67.30999755859375,67.30999755859375,67.30999755859375
2024-07-08,67.31999969482422,67.31999969482422,67.31999969482422,67.31999969482422
2024-07-09,66.95999908447266,66.95999908447266,66.95999908447266,66.95999908447266
2024-07-10,69.2699966430664,70.25,69.0999984741211,69.33000183105469
2024-07-11,69.83999633789062,69.93000030517578,68.93000030517578,69.05999755859375
2024-07-12,69.0999984741211,69.0999984741211,68.30000305175781,68.91999816894531
2024-07-15,69.33000183105469,71.55999755859375,68.9000015258789,70.86000061035156
2024-07-16,70.6500015258789,70.94999694824219,69.80999755859375,70.37000274658203
2024-07-17,71.0,72.04000091552734,71.0,71.12000274658203
2024-07-18,71.01000213623047,71.5999984741211,71.01000213623047,71.37000274658203
2024-07-19,70.30999755859375,71.04000091552734,69.93000030517578,69.9800033569336
2024-07-22,70.12999725341797,70.87000274658203,69.8499984741211,70.12999725341797
2024-07-23,70.63999938964844,70.63999938964844,67.58999633789062,68.02999877929688
2024-07-24,68.01000213623047,68.01000213623047,65.9000015258789,67.01000213623047
2024-07-25,66.4000015258789,67.25,66.23999786376953,67.20999908447266
2024-07-26,66.4000015258789,66.4000015258789,65.68000030517578,66.06999969482422
2024-07-29,66.7699966430664,67.73999786376953,66.7699966430664,67.51000213623047
2024-07-30,67.5199966430664,68.5,67.5199966430664,68.1500015258789
2024-07-31,68.3499984741211,68.36000061035156,67.16000366210938,67.9800033569336
2024-08-01,67.5999984741211,68.69999694824219,66.69999694824219,66.87999725341797
2024-08-02,66.5199966430664,67.93000030517578,66.5199966430664,67.18000030517578
2024-08-05,67.08999633789062,67.73999786376953,65.68000030517578,66.55000305175781
2024-08-06,66.69000244140625,66.69000244140625,66.22000122070312,66.19999694824219
2024-08-07,66.0,67.0,65.91999816894531,66.47000122070312
2024-08-08,66.06999969482422,66.0999984741211,65.30000305175781,65.79000091552734
2024-08-09,66.20999908447266,67.4000015258789,66.20999908447266,67.08999633789062
2024-08-12,67.55000305175781,69.94999694824219,67.55000305175781,68.29000091552734
2024-08-13,67.80000305175781,67.94999694824219,67.33999633789062,67.0999984741211
2024-08-14,66.97000122070312,67.55000305175781,66.12000274658203,66.18000030517578
2024-08-15,66.5999984741211,66.75,66.44999694824219,66.33999633789062
2024-08-16,66.3499984741211,66.36000061035156,65.77999877929688,66.45999908447266
2024-08-19,66.77999877929688,68.5,66.77999877929688,67.9800033569336
2024-08-20,68.55000305175781,69.19000244140625,68.41999816894531,68.80000305175781
2024-08-21,68.81999969482422,69.75,68.81999969482422,69.70999908447266
2024-08-22,69.79000091552734,70.87000274658203,68.51000213623047,69.58999633789062
2024-08-23,70.41999816894531,71.0999984741211,70.41999816894531,71.29000091552734
2024-08-26,71.97000122070312,71.98999786376953,71.26000213623047,70.58000183105469
2024-08-27,70.2699966430664,70.91000366210938,69.31999969482422,70.0199966430664
2024-08-28,69.55000305175781,69.55000305175781,68.5999984741211,68.73999786376953
2024-08-29,69.5,70.19999694824219,69.08999633789062,70.12999725341797
2024-08-30,69.93000030517578,69.93000030517578,69.55000305175781,69.79000091552734
2024-09-03,69.1500015258789,71.70999908447266,69.1500015258789,70.76000213623047
2024-09-04,69.55000305175781,70.18000030517578,69.37000274658203,69.88999938964844
2024-09-05,69.9000015258789,70.05000305175781,69.33000183105469,69.48999786376953
2024-09-06,69.0,69.0,66.93000030517578,67.12000274658203
2024-09-09,67.62000274658203,68.41000366210938,67.25,67.54000091552734
2024-09-10,68.47000122070312,68.52999877929688,67.77999877929688,68.08000183105469
2024-09-11,68.4000015258789,70.6500015258789,68.4000015258789,69.30999755859375
2024-09-12,70.05000305175781,70.05000305175781,70.05000305175781,70.05000305175781
2024-09-13,69.4800033569336,69.4800033569336,69.4800033569336,69.4800033569336
2024-09-16,70.0999984741211,72.47000122070312,70.0999984741211,71.75
2024-09-17,71.16000366210938,71.16000366210938,70.41999816894531,70.80999755859375
2024-09-18,71.0,71.0,69.68000030517578,69.68000030517578
2024-09-19,69.61000061035156,70.0199966430664,69.61000061035156,71.58000183105469
2024-09-20,71.91999816894531,74.58000183105469,71.86000061035156,72.20999908447266
2024-09-23,74.04000091552734,74.05000305175781,71.62999725341797,71.69999694824219
2024-09-24,73.0999984741211,73.0999984741211,73.0999984741211,73.0999984741211
2024-09-25,74.23999786376953,74.4000015258789,74.19999694824219,74.0199966430664
2024-09-26,73.86000061035156,73.86000061035156,73.86000061035156,73.86000061035156
2024-09-27,73.54000091552734,73.54000091552734,73.54000091552734,73.54000091552734
2024-09-30,73.55999755859375,73.55999755859375,73.55999755859375,73.55999755859375
2024-10-01,73.0,73.0,73.0,73.0
2024-10-02,73.16000366210938,73.16000366210938,73.16000366210938,73.16000366210938
2024-10-03,72.48999786376953,72.48999786376953,72.48999786376953,72.48999786376953
2024-10-04,73.02999877929688,73.02999877929688,73.02999877929688,73.02999877929688
2024-10-07,73.29000091552734,73.29000091552734,73.29000091552734,73.29000091552734
2024-10-08,72.02999877929688,72.02999877929688,72.02999877929688,72.02999877929688
2024-10-09,72.01000213623047,72.01000213623047,72.01000213623047,72.01000213623047
2024-10-10,72.19999694824219,72.72000122070312,71.75,72.66000366210938
2024-10-11,72.62000274658203,73.5,71.76000213623047,72.20999908447266
2024-10-14,72.19999694824219,72.19999694824219,70.5999984741211,71.02999877929688
2024-10-15,71.05999755859375,71.37999725341797,70.55000305175781,70.62000274658203
2024-10-16,70.62000274658203,71.98999786376953,70.62000274658203,71.26000213623047
2024-10-17,71.27999877929688,71.5,70.16000366210938,70.76000213623047
2024-10-18,70.81999969482422,71.7300033569336,70.80000305175781,70.98999786376953
2024-10-21,71.05000305175781,72.5999984741211,71.0,72.19999694824219
2024-10-22,72.3499984741211,72.41999816894531,71.72000122070312,72.08000183105469
2024-10-23,72.08000183105469,72.75,71.86000061035156,72.51000213623047
2024-10-24,72.45999908447266,72.69000244140625,71.25,71.52999877929688
2024-10-25,71.45999908447266,71.6500015258789,70.61000061035156,70.66000366210938
2024-10-28,70.69000244140625,71.04000091552734,69.93000030517578,70.36000061035156
2024-10-29,70.36000061035156,71.11000061035156,70.0,70.55999755859375
2024-10-30,70.51000213623047,70.73999786376953,69.77999877929688,69.91999816894531
2024-10-31,70.12000274658203,70.12000274658203,69.26000213623047,69.56999969482422
2024-11-01,69.61000061035156,71.4000015258789,69.4000015258789,70.16999816894531
2024-11-04,70.18000030517578,70.98999786376953,69.70999908447266,69.93000030517578
2024-11-05,69.93000030517578,70.18000030517578,69.41999816894531,69.94999694824219
2024-11-06,69.94999694824219,70.0,68.94999694824219,69.69000244140625
2024-11-07,69.75,71.18000030517578,69.75,71.05000305175781
2024-11-08,71.02999877929688,71.36000061035156,70.01000213623047,70.9800033569336
2024-11-11,70.97000122070312,71.23999786376953,69.61000061035156,69.69000244140625
2024-11-12,69.87999725341797,70.0199966430664,68.72000122070312,68.7699966430664
2024-11-13,68.75,69.04000091552734,67.95999908447266,68.9000015258789
2024-11-14,68.80000305175781,69.73999786376953,68.2699966430664,68.31999969482422
2024-11-15,68.3499984741211,68.37000274658203,66.6500015258789,66.80000305175781
2024-11-18,66.83000183105469,67.0999984741211,66.41999816894531,66.62000274658203
2024-11-19,66.61000061035156,67.08000183105469,66.0,66.88999938964844
2024-11-20,66.79000091552734,68.97000122070312,66.75,68.45999908447266
2024-11-21,68.45999908447266,71.45999908447266,68.05000305175781,69.19000244140625
2024-11-22,71.0199966430664,71.44999694824219,71.0199966430664,71.6500015258789
2024-11-25,71.98999786376953,73.33999633789062,71.98999786376953,73.19999694824219
2024-11-26,72.8499984741211,73.25,72.8499984741211,73.37000274658203
2024-11-27,73.47000122070312,73.69999694824219,73.47000122070312,73.56999969482422
2024-11-29,73.62999725341797,73.6500015258789,73.38999938964844,73.3499984741211
2024-12-02,72.43000030517578,72.43000030517578,72.43000030517578,72.43000030517578
2024-12-03,72.3499984741211,72.3499984741211,72.3499984741211,72.69000244140625
2024-12-04,72.80999755859375,72.81999969482422,72.80999755859375,72.5999984741211
2024-12-05,72.83999633789062,72.94000244140625,72.83999633789062,72.38999938964844
2024-12-06,71.4000015258789,71.4000015258789,71.4000015258789,71.4000015258789
2024-12-09,70.01000213623047,70.75,69.75,69.94999694824219
2024-12-10,69.94999694824219,70.16999816894531,69.25,69.4800033569336
2024-12-11,69.4800033569336,70.38999938964844,69.05000305175781,70.1500015258789
2024-12-12,69.87000274658203,70.47000122070312,69.83999633789062,70.08999633789062
2024-12-13,70.0,70.06999969482422,69.19999694824219,69.2699966430664
2024-12-16,69.2699966430664,69.91000366210938,69.0199966430664,69.05999755859375
2024-12-17,69.05999755859375,69.19000244140625,68.55000305175781,68.69000244140625
2024-12-18,68.6500015258789,68.9000015258789,68.05000305175781,68.08000183105469
2024-12-19,68.11000061035156,68.33999633789062,67.55999755859375,67.91000366210938
2024-12-20,67.91000366210938,68.20999908447266,67.4800033569336,68.05999755859375
2024-12-23,68.1500015258789,69.86000061035156,68.1500015258789,69.41999816894531
2024-12-24,69.37000274658203,69.6500015258789,68.68000030517578,68.77999877929688
2024-12-26,68.77999877929688,69.16999816894531,68.5,68.75
2024-12-27,68.66999816894531,69.0,68.30000305175781,68.88999938964844
2024-12-30,68.77999877929688,69.25,68.26000213623047,68.4800033569336
2024-12-31,68.5,68.88999938964844,68.2699966430664,68.4000015258789
2025-01-02,68.4000015258789,69.44000244140625,68.26000213623047,68.56999969482422
2025-01-03,68.5,68.72000122070312,67.62999725341797,67.66000366210938
2025-01-06,67.76000213623047,68.75,67.76000213623047,68.68000030517578
2025-01-07,68.5999984741211,69.1500015258789,68.41000366210938,68.51000213623047
2025-01-08,68.5199966430664,68.63999938964844,68.04000091552734,68.2300033569336
2025-01-09,68.22000122070312,68.75,67.86000061035156,68.5
2025-01-10,68.51000213623047,68.69999694824219,66.9000015258789,67.01000213623047
2025-01-13,67.08000183105469,67.80999755859375,66.76000213623047,67.63999938964844
2025-01-14,67.63999938964844,67.9800033569336,67.36000061035156,67.5
2025-01-15,67.48999786376953,67.83999633789062,67.27999877929688,67.7699966430664
2025-01-16,67.7699966430664,67.7699966430664,66.5999984741211,66.7300033569336
2025-01-17,66.80000305175781,67.62999725341797,66.63999938964844,67.5999984741211
2025-01-21,67.66000366210938,68.30000305175781,67.36000061035156,67.66000366210938
2025-01-22,67.62000274658203,67.95999908447266,67.11000061035156,67.13999938964844
2025-01-23,67.13999938964844,67.69999694824219,66.76000213623047,67.47000122070312
2025-01-24,67.47000122070312,68.44000244140625,67.45999908447266,67.61000061035156
2025-01-27,67.69000244140625,68.16999816894531,67.20999908447266,67.2699966430664
2025-01-28,67.30000305175781,67.5999984741211,66.91000366210938,66.9800033569336
2025-01-29,67.0,67.16000366210938,66.62999725341797,66.66000366210938
2025-01-30,66.66999816894531,66.68000030517578,66.01000213623047,66.2699966430664
2025-01-31,66.25,66.4800033569336,65.69999694824219,65.87999725341797
2025-02-03,65.56999969482422,66.20999908447266,65.01000213623047,66.04000091552734
2025-02-04,66.04000091552734,67.1500015258789,66.04000091552734,66.94000244140625
2025-02-05,66.9000015258789,67.30999755859375,65.94000244140625,66.04000091552734
2025-02-06,66.02999877929688,66.51000213623047,65.75,66.02999877929688
2025-02-07,66.02999877929688,66.5999984741211,65.55999755859375,65.62999725341797
2025-02-10,65.7300033569336,67.08000183105469,65.7300033569336,66.54000091552734
2025-02-11,66.56999969482422,67.62999725341797,66.56999969482422,67.4000015258789
2025-02-12,67.4000015258789,67.97000122070312,67.31999969482422,67.47000122070312
2025-02-13,67.44999694824219,67.52999877929688,66.75,66.83000183105469
2025-02-14,67.0,67.7300033569336,66.94000244140625,67.11000061035156
2025-02-18,67.4000015258789,67.94999694824219,67.22000122070312,67.51000213623047
2025-02-19,67.5,67.58000183105469,66.20999908447266,66.23999786376953
2025-02-20,66.20999908447266,66.41000366210938,65.80000305175781,65.97000122070312
2025-02-21,65.97000122070312,66.25,65.4800033569336,66.08000183105469
2025-02-24,65.87999725341797,66.80999755859375,65.87999725341797,66.51000213623047
2025-02-25,66.05000305175781,66.08000183105469,66.05000305175781,65.95999908447266
2025-02-26,65.94999694824219,65.94999694824219,65.94999694824219,65.37000274658203
2025-02-27,65.19999694824219,65.19999694824219,65.19999694824219,65.19999694824219
2025-02-28,64.37000274658203,64.58000183105469,64.37000274658203,63.880001068115234
2025-03-03,64.69000244140625,64.69000244140625,64.69000244140625,64.13999938964844
2025-03-04,63.45000076293945,63.72999954223633,63.45000076293945,62.040000915527344
2025-03-05,61.619998931884766,61.619998931884766,61.619998931884766,62.36000061035156
2025-03-06,63.900001525878906,63.900001525878906,63.900001525878906,63.900001525878906
2025-03-07,64.76000213623047,64.76000213623047,64.76000213623047,64.76000213623047
2025-03-10,66.0,67.06999969482422,65.62000274658203,66.0
2025-03-11,65.9000015258789,66.7300033569336,65.41999816894531,66.0
2025-03-12,65.94999694824219,67.02999877929688,65.94999694824219,66.9800033569336
2025-03-13,67.0,67.33000183105469,66.41000366210938,66.52999877929688
2025-03-14,66.51000213623047,67.62999725341797,66.51000213623047,67.37000274658203
2025-03-17,67.48999786376953,67.80000305175781,66.80000305175781,66.9800033569336
2025-03-18,66.9000015258789,67.08000183105469,66.3499984741211,66.47000122070312
2025-03-19,66.44999694824219,66.61000061035156,65.95999908447266,66.3499984741211
2025-03-20,66.37999725341797,66.83999633789062,65.76000213623047,66.08000183105469
2025-03-21,66.08000183105469,66.41999816894531,65.23999786376953,65.2699966430664
2025-03-24,65.38999938964844,65.68000030517578,64.83000183105469,65.41999816894531
2025-03-25,65.44000244140625,65.87000274658203,64.87000274658203,65.13999938964844
2025-03-26,65.19000244140625,65.98999786376953,65.0199966430664,65.68000030517578
2025-03-27,65.68000030517578,67.08999633789062,65.45999908447266,67.06999969482422
2025-03-28,67.0,67.0999984741211,66.5,66.9000015258789
2025-03-31,66.80000305175781,66.97000122070312,65.98999786376953,66.83000183105469
2025-04-01,66.83000183105469,68.31999969482422,66.4000015258789,68.25
2025-04-02,68.01000213623047,68.58000183105469,67.66000366210938,67.80000305175781
2025-04-03,66.05999755859375,66.19000244140625,64.80000305175781,64.80000305175781
2025-04-04,64.5999984741211,64.66000366210938,60.79999923706055,63.36000061035156
2025-04-07,62.220001220703125,66.1500015258789,61.810001373291016,65.98999786376953
2025-04-08,65.94999694824219,66.26000213623047,64.73999786376953,65.55000305175781
2025-04-09,64.70999908447266,67.0,64.25,66.62999725341797
2025-04-10,66.5999984741211,67.62000274658203,66.18000030517578,66.47000122070312
2025-04-11,66.4000015258789,67.13999938964844,65.55999755859375,65.88999938964844
2025-04-14,66.0,66.0999984741211,63.75,64.08999633789062
2025-04-15,64.25,65.13999938964844,63.83000183105469,65.08000183105469
2025-04-16,65.08999633789062,65.98999786376953,64.6500015258789,65.79000091552734
2025-04-17,65.72000122070312,66.44000244140625,65.63999938964844,66.31999969482422
2025-04-21,66.25,66.80000305175781,65.3499984741211,65.7699966430664
2025-04-22,65.81999969482422,67.16999816894531,65.43000030517578,67.04000091552734
2025-04-23,67.4000015258789,69.87999725341797,66.94999694824219,68.75
2025-04-24,68.86000061035156,68.86000061035156,66.44000244140625,67.30000305175781
2025-04-25,67.1500015258789,67.1500015258789,67.1500015258789,66.8499984741211
2025-04-28,66.37999725341797,66.37999725341797,66.37999725341797,66.37999725341797
2025-04-29,67.12999725341797,67.12999725341797,66.25,66.3499984741211
2025-04-30,65.80000305175781,65.80000305175781,65.5,65.7699966430664
2025-05-01,65.61000061035156,65.61000061035156,65.61000061035156,65.61000061035156
2025-05-02,70.18000030517578,70.18000030517578,70.18000030517578,70.18000030517578
2025-05-05,70.3499984741211,70.3499984741211,70.3499984741211,70.3499984741211
2025-05-06,70.8499984741211,73.5,70.8499984741211,71.94000244140625
2025-05-07,70.47000122070312,70.47000122070312,70.47000122070312,70.47000122070312
2025-05-08,67.37999725341797,67.70999908447266,66.22000122070312,66.69000244140625
2025-05-09,66.69000244140625,67.22000122070312,66.4000015258789,66.61000061035156
2025-05-12,67.61000061035156,68.88999938964844,66.56999969482422,66.62999725341797
2025-05-13,66.69999694824219,67.2300033569336,66.25,66.27999877929688
2025-05-14,66.41999816894531,66.70999908447266,65.43000030517578,65.4800033569336
2025-05-15,65.52999877929688,65.73999786376953,64.86000061035156,65.43000030517578
2025-05-16,65.44999694824219,65.88999938964844,64.75,64.88999938964844
2025-05-19,65.0999984741211,66.05000305175781,64.87999725341797,65.63999938964844
2025-05-20,65.63999938964844,66.33999633789062,65.22000122070312,66.12000274658203
2025-05-21,66.0999984741211,66.38999938964844,65.61000061035156,66.06999969482422
2025-05-22,65.95999908447266,66.13999938964844,65.2699966430664,65.62999725341797
2025-05-23,65.73999786376953,66.52999877929688,65.30999755859375,66.11000061035156
2025-05-27,66.0999984741211,66.79000091552734,65.51000213623047,65.56999969482422
2025-05-28,65.62000274658203,65.76000213623047,64.91000366210938,65.33000183105469
2025-05-29,65.44999694824219,65.80999755859375,64.5999984741211,64.83999633789062
2025-05-30,65.02999877929688,65.33000183105469,64.51000213623047,65.05999755859375
2025-06-02,65.16000366210938,66.69999694824219,65.12999725341797,66.12999725341797
2025-06-03,66.12999725341797,66.36000061035156,65.33000183105469,66.05000305175781
2025-06-04,65.98999786376953,66.12999725341797,64.93000030517578,64.98999786376953
2025-06-05,65.05000305175781,65.73999786376953,64.70999908447266,65.36000061035156
2025-06-06,65.33999633789062,65.97000122070312,65.18000030517578,65.62000274658203
2025-06-09,65.55999755859375,66.05000305175781,65.43000030517578,65.98999786376953
2025-06-10,66.0,66.29000091552734,65.33000183105469,65.41999816894531
2025-06-11,65.30999755859375,65.79000091552734,65.05000305175781,65.47000122070312
2025-06-12,65.41000366210938,65.47000122070312,64.69000244140625,65.13999938964844
2025-06-13,65.0999984741211,65.5999984741211,64.79000091552734,65.36000061035156
2025-06-16,65.36000061035156,65.69999694824219,65.13999938964844,65.44000244140625
2025-06-17,65.41999816894531,65.48999786376953,64.94000244140625,65.05000305175781
2025-06-18,65.0,65.27999877929688,64.44999694824219,64.83999633789062
2025-06-20,64.75,65.0,64.0,64.04000091552734
2025-06-23,64.05000305175781,64.83000183105469,63.63999938964844,63.959999084472656
2025-06-24,64.69999694824219,67.02999877929688,64.66999816894531,66.01000213623047
2025-06-25,66.55999755859375,67.0199966430664,66.55999755859375,66.44000244140625
2025-06-26,63.59000015258789,63.59000015258789,63.59000015258789,67.06999969482422
2025-06-27,67.62999725341797,67.62999725341797,67.62999725341797,67.5199966430664
2025-06-30,66.27999877929688,66.27999877929688,66.27999877929688,66.27999877929688
2025-07-01,68.0199966430664,68.0199966430664,68.0199966430664,66.27999877929688
2025-07-02,66.7699966430664,66.7699966430664,66.7699966430664,66.7699966430664
2025-07-03,65.66000366210938,65.66000366210938,65.66000366210938,65.66000366210938
2025-07-04,65.66000366210938,65.66000366210938,65.66000366210938,65.66000366210938
2025-07-07,65.38999938964844,65.38999938964844,65.38999938964844,65.38999938964844
2025-07-08,64.68000030517578,64.68000030517578,64.68000030517578,64.68000030517578
2025-07-09,64.95999908447266,64.95999908447266,64.95999908447266,64.95999908447266
2025-07-10,66.5,66.5999984741211,66.11000061035156,66.25
2025-07-11,66.56999969482422,66.56999969482422,66.05000305175781,66.19999694824219
2025-07-14,66.0,66.58999633789062,66.0,66.41000366210938
2025-07-15,66.4800033569336,67.55000305175781,66.45999908447266,67.20999908447266
2025-07-16,67.69999694824219,67.69999694824219,66.75,66.94999694824219
2025-07-17,67.33000183105469,67.37000274658203,67.12999725341797,67.25
2025-07-18,67.37999725341797,67.44999694824219,66.83000183105469,67.12000274658203
2025-07-21,67.0199966430664,67.0199966430664,66.48999786376953,66.54000091552734
2025-07-22,66.54000091552734,66.69999694824219,66.25,66.58999633789062
2025-07-23,66.5999984741211,67.0,66.5999984741211,66.62000274658203
2025-07-24,66.80000305175781,67.5,66.80000305175781,67.33999633789062
2025-07-25,67.69999694824219,67.69999694824219,67.11000061035156,67.01000213623047
2025-07-28,67.25,67.4000015258789,67.18000030517578,67.4000015258789
2025-07-29,67.2300033569336,67.41999816894531,66.12999725341797,66.30000305175781
2025-07-30,66.11000061035156,66.2699966430664,65.70999908447266,65.9000015258789
2025-07-31,65.5,66.30000305175781,65.5,65.61000061035156
2025-08-01,65.33999633789062,65.4800033569336,64.38999938964844,64.41999816894531
2025-08-04,64.43000030517578,65.18000030517578,64.4000015258789,64.55999755859375
2025-08-05,64.30000305175781,65.76000213623047,64.30000305175781,65.58999633789062
2025-08-06,66.0,66.25,65.04000091552734,65.69999694824219
2025-08-07,66.11000061035156,66.25,64.87999725341797,64.95999908447266
2025-08-08,65.19000244140625,65.41000366210938,64.69999694824219,65.31999969482422
2025-08-11,65.4000015258789,65.88999938964844,65.25,65.29000091552734
2025-08-12,65.5,67.33000183105469,65.5,67.06999969482422
2025-08-13,66.87999725341797,66.9000015258789,66.05999755859375,66.41000366210938
2025-08-14,66.23999786376953,66.45999908447266,66.19000244140625,66.16999816894531
2025-08-15,65.95999908447266,66.05999755859375,65.6500015258789,66.0999984741211
2025-08-18,65.93000030517578,66.66999816894531,65.8499984741211,66.41999816894531
2025-08-19,66.44000244140625,66.44000244140625,66.08999633789062,66.25
2025-08-20,66.3499984741211,66.91999816894531,66.12999725341797,66.63999938964844
2025-08-21,66.29000091552734,66.29000091552734,65.58000183105469,65.88999938964844
2025-08-22,65.83999633789062,66.33000183105469,65.80000305175781,66.43000030517578
2025-08-25,66.73999786376953,66.73999786376953,65.98999786376953,65.98999786376953
2025-08-26,65.5,65.5,65.30999755859375,65.47000122070312
2025-08-27,65.29000091552734,65.41000366210938,64.7699966430664,65.41000366210938
2025-08-28,65.4000015258789,66.08999633789062,65.38999938964844,66.04000091552734
2025-08-29,65.68000030517578,65.94999694824219,64.94999694824219,65.20999908447266
2025-09-02,65.0199966430664,65.22000122070312,64.45999908447266,64.56999969482422
2025-09-03,64.83000183105469,65.33000183105469,64.66999816894531,64.7300033569336
2025-09-04,64.7300033569336,64.88999938964844,64.7300033569336,64.69000244140625
2025-09-05,64.69000244140625,64.69000244140625,64.69000244140625,64.38999938964844
2025-09-08,64.75,64.75,64.75,64.56999969482422
2025-09-09,64.79000091552734,64.81999969482422,64.66000366210938,64.6500015258789
2025-09-10,64.7300033569336,65.55999755859375,64.63999938964844,65.55999755859375
2025-09-11,65.36000061035156,65.36000061035156,65.20999908447266,65.37000274658203
2025-09-12,65.29000091552734,65.44000244140625,64.91000366210938,65.19000244140625
2025-09-15,65.05000305175781,65.5,65.0199966430664,65.41999816894531
2025-09-16,65.55999755859375,66.41999816894531,65.5,66.38999938964844
2025-09-17,66.05000305175781,66.5,65.83000183105469,65.86000061035156
2025-09-18,65.58000183105469,65.58000183105469,64.5199966430664,65.19000244140625
2025-09-19,65.19000244140625,65.51000213623047,64.41000366210938,64.94000244140625
2025-09-22,64.44000244140625,64.95999908447266,64.16000366210938,64.31999969482422
2025-09-23,63.86000061035156,64.23999786376953,63.86000061035156,64.52999877929688
2025-09-24,64.2300033569336,64.2300033569336,64.2300033569336,64.04000091552734
2025-09-25,63.619998931884766,63.619998931884766,63.619998931884766,63.83000183105469
2025-09-26,63.95000076293945,63.95000076293945,63.95000076293945,63.95000076293945
2025-09-29,63.04999923706055,63.04999923706055,63.04999923706055,63.04999923706055
2025-09-30,63.04999923706055,63.04999923706055,63.04999923706055,63.31999969482422
2025-10-01,63.31999969482422,63.31999969482422,63.31999969482422,63.150001525878906
2025-10-02,63.150001525878906,63.150001525878906,63.150001525878906,62.650001525878906
2025-10-03,62.86000061035156,62.86000061035156,62.86000061035156,62.86000061035156
2025-10-06,62.70000076293945,62.70000076293945,62.70000076293945,62.70000076293945
2025-10-07,62.02000045776367,62.02000045776367,62.02000045776367,62.02000045776367
2025-10-08,62.470001220703125,62.470001220703125,62.470001220703125,62.470001220703125
2025-10-09,62.029998779296875,62.029998779296875,62.029998779296875,62.029998779296875
2025-10-10,64.45999908447266,64.79000091552734,63.2599983215332,63.84000015258789
2025-10-13,64.0,64.41999816894531,63.5,63.59000015258789
2025-10-14,63.58000183105469,63.70000076293945,62.709999084472656,63.5099983215332
2025-10-15,63.45000076293945,64.18000030517578,63.25,63.7599983215332
2025-10-16,63.83000183105469,63.95000076293945,63.29999923706055,63.72999954223633
2025-10-17,63.720001220703125,64.5,63.459999084472656,64.27999877929688
2025-10-20,64.16999816894531,64.77999877929688,64.05000305175781,64.16000366210938
2025-10-21,64.16999816894531,64.73999786376953,63.81999969482422,64.41999816894531
2025-10-22,64.30999755859375,64.5,63.650001525878906,63.7400016784668
2025-10-23,63.66999816894531,64.19999694824219,63.66999816894531,64.06999969482422
2025-10-24,64.11000061035156,64.37000274658203,63.810001373291016,64.19999694824219
2025-10-27,64.5,65.3499984741211,64.33999633789062,64.55999755859375
2025-10-28,64.55999755859375,65.12000274658203,64.37999725341797,65.05000305175781
2025-10-29,65.0,66.0999984741211,64.9000015258789,66.01000213623047
2025-10-30,65.94999694824219,66.04000091552734,64.54000091552734,65.12000274658203
2025-10-31,65.08000183105469,65.5999984741211,64.69999694824219,65.54000091552734
2025-11-03,65.8499984741211,66.04000091552734,65.0199966430664,65.68000030517578
2025-11-04,65.68000030517578,65.75,65.0999984741211,65.19999694824219
2025-11-05,65.37999725341797,65.44000244140625,64.80999755859375,65.2300033569336
2025-11-06,65.1500015258789,65.30000305175781,64.45999908447266,64.54000091552734
2025-11-07,64.48999786376953,64.73999786376953,63.52000045776367,63.619998931884766
2025-11-10,63.7599983215332,64.41000366210938,63.720001220703125,64.30999755859375
2025-11-11,64.30999755859375,64.58999633789062,63.83000183105469,63.880001068115234
2025-11-12,63.880001068115234,63.9900016784668,62.86000061035156,63.29999923706055
2025-11-13,63.29999923706055,63.4900016784668,62.880001068115234,62.900001525878906
2025-11-14,62.90999984741211,63.5,62.130001068115234,62.4900016784668
2025-11-17,62.5,62.81999969482422,62.130001068115234,62.36000061035156
2025-11-18,62.36000061035156,63.0,61.97999954223633,62.56999969482422
2025-11-19,62.5,63.119998931884766,62.27000045776367,62.29999923706055
2025-11-20,62.43000030517578,63.0,61.2400016784668,61.68000030517578
2025-11-21,62.66999816894531,62.66999816894531,60.790000915527344,61.349998474121094
2025-11-24,61.369998931884766,62.97999954223633,61.27000045776367,61.439998626708984
2025-11-25,62.970001220703125,62.970001220703125,62.970001220703125,62.43000030517578
2025-11-26,62.77000045776367,62.77000045776367,62.77000045776367,62.77000045776367
2025-11-28,62.90999984741211,62.90999984741211,62.90999984741211,62.90999984741211
2025-12-01,62.83000183105469,62.83000183105469,62.83000183105469,62.83000183105469
2025-12-02,62.77000045776367,62.77000045776367,62.77000045776367,62.77000045776367
2025-12-03,62.65999984741211,62.65999984741211,62.65999984741211,62.65999984741211
2025-12-04,62.279998779296875,62.279998779296875,62.279998779296875,62.279998779296875
2025-12-05,62.130001068115234,62.130001068115234,62.130001068115234,62.130001068115234
2025-12-08,61.880001068115234,61.880001068115234,61.880001068115234,61.880001068115234
2025-12-09,63.75,64.05999755859375,63.54999923706055,63.86000061035156
2025-12-10,63.810001373291016,64.2300033569336,63.810001373291016,64.12000274658203
2025-12-11,64.0999984741211,64.3499984741211,63.88999938964844,63.970001220703125
2025-12-12,63.86000061035156,64.20999908447266,63.709999084472656,63.83000183105469
2025-12-15,63.83000183105469,64.38999938964844,63.83000183105469,63.939998626708984
2025-12-16,63.88999938964844,64.08000183105469,62.970001220703125,63.099998474121094
2025-12-17,63.150001525878906,63.70000076293945,63.150001525878906,63.43000030517578
2025-12-18,63.43000030517578,63.779998779296875,63.2599983215332,63.5099983215332
2025-12-19,63.5099983215332,63.88999938964844,63.45000076293945,63.75
2025-12-22,63.75,64.0,63.47999954223633,63.61000061035156
2025-12-23,63.61000061035156,64.30000305175781,63.61000061035156,64.01000213623047
2025-12-24,64.01000213623047,64.30000305175781,63.959999084472656,64.23999786376953
2025-12-26,64.4000015258789,64.80999755859375,64.36000061035156,64.48999786376953
2025-12-29,64.45999908447266,64.79000091552734,64.29000091552734,64.3499984741211
2025-12-30,64.3499984741211,64.80000305175781,64.19999694824219,64.31999969482422
2025-12-31,64.31999969482422,64.52999877929688,63.97999954223633,64.2699966430664
2026-01-02,64.27999877929688,64.44000244140625,63.68000030517578,64.01000213623047
2026-01-05,64.30000305175781,64.87000274658203,64.23999786376953,64.6500015258789
2026-01-06,64.6500015258789,65.76000213623047,64.6500015258789,65.05999755859375
2026-01-07,65.12000274658203,65.62000274658203,64.80000305175781,64.8499984741211
2026-01-08,64.81999969482422,64.91000366210938,64.37999725341797,64.45999908447266
2026-01-09,64.41000366210938,64.66000366210938,64.26000213623047,64.41000366210938
2026-01-12,64.47000122070312,65.25,64.47000122070312,64.91000366210938
2026-01-13,64.93000030517578,65.25,64.8499984741211,64.87999725341797
2026-01-14,64.9000015258789,65.19999694824219,64.7699966430664,64.98999786376953
2026-01-15,64.9800033569336,65.08999633789062,64.5999984741211,64.70999908447266
2026-01-16,64.6500015258789,64.83999633789062,64.51000213623047,64.66000366210938
2026-01-20,64.72000122070312,64.97000122070312,64.33000183105469,64.33999633789062
2026-01-21,64.3499984741211,64.55999755859375,64.2699966430664,64.30000305175781
2026-01-22,64.30000305175781,64.66999816894531,63.810001373291016,63.880001068115234
2026-01-23,63.900001525878906,64.1500015258789,63.56999969482422,63.810001373291016
2026-01-26,63.84000015258789,64.05999755859375,62.54999923706055,62.970001220703125
2026-01-27,62.83000183105469,63.86000061035156,62.7400016784668,63.83000183105469
2026-01-28,63.77000045776367,64.4000015258789,63.630001068115234,63.72999954223633
2026-01-29,63.72999954223633,64.08999633789062,63.040000915527344,63.47999954223633
2026-01-30,63.45000076293945,63.54999923706055,62.91999816894531,63.16999816894531
2026-02-02,62.970001220703125,63.209999084472656,62.20000076293945,62.66999816894531
2026-02-03,62.849998474121094,62.9900016784668,62.15999984741211,62.310001373291016
2026-02-04,62.310001373291016,62.720001220703125,62.150001525878906,62.2400016784668
2026-02-05,62.220001220703125,62.5,61.560001373291016,61.7599983215332
2026-02-06,61.70000076293945,62.060001373291016,60.900001525878906,61.060001373291016
2026-02-09,61.099998474121094,61.779998779296875,60.9900016784668,61.61000061035156
2026-02-10,61.56999969482422,62.279998779296875,61.5,61.59000015258789
2026-02-11,61.599998474121094,62.22999954223633,61.599998474121094,61.9900016784668
2026-02-12,61.9900016784668,62.45000076293945,61.849998474121094,62.290000915527344
2026-02-13,62.189998626708984,62.40999984741211,61.70000076293945,62.11000061035156
2026-02-17,62.119998931884766,62.20000076293945,61.34000015258789,61.52000045776367
2026-02-18,61.310001373291016,61.880001068115234,61.310001373291016,61.54999923706055
2026-02-19,61.5099983215332,62.04999923706055,61.45000076293945,61.93000030517578
2026-02-20,62.0,63.380001068115234,61.939998626708984,63.029998779296875
2026-02-23,63.43000030517578,63.599998474121094,62.66999816894531,63.560001373291016
2026-02-24,64.11000061035156,64.30999755859375,63.150001525878906,63.560001373291016
2026-02-25,64.80000305175781,64.80000305175781,64.80000305175781,64.16999816894531
2026-02-26,63.36000061035156,63.36000061035156,63.36000061035156,63.36000061035156
2026-02-27,63.61000061035156,63.61000061035156,63.61000061035156,63.61000061035156
2026-03-02,62.59000015258789,62.59000015258789,62.59000015258789,62.59000015258789
2026-03-03,62.040000915527344,62.040000915527344,62.040000915527344,62.040000915527344
2026-03-04,62.15999984741211,62.15999984741211,62.15999984741211,62.15999984741211
2026-03-05,60.720001220703125,62.81999969482422,60.709999084472656,63.029998779296875
2026-03-06,63.189998626708984,63.189998626708984,63.189998626708984,63.189998626708984
2026-03-09,63.59000015258789,63.59000015258789,63.59000015258789,63.59000015258789
2026-03-10,64.5999984741211,65.58000183105469,64.5999984741211,65.30000305175781
2026-03-11,65.37000274658203,65.77999877929688,65.0999984741211,65.16999816894531
2026-03-12,65.19000244140625,65.72000122070312,65.05000305175781,65.13999938964844
2026-03-13,65.13999938964844,66.25,65.13999938964844,65.8499984741211
2026-03-16,65.9000015258789,68.75,65.9000015258789,68.19000244140625
2026-03-17,68.26000213623047,69.22000122070312,67.93000030517578,68.7699966430664
2026-03-18,68.69999694824219,69.05999755859375,68.26000213623047,68.69999694824219
2026-03-19,68.69999694824219,68.76000213623047,67.51000213623047,67.66999816894531
2026-03-20,67.69000244140625,68.20999908447266,67.0999984741211,67.30999755859375
2026-03-23,67.5999984741211,67.97000122070312,66.93000030517578,67.18000030517578
2026-03-24,67.30000305175781,67.63999938964844,66.6500015258789,67.62000274658203
2026-03-25,67.3499984741211,68.37000274658203,67.3499984741211,68.18000030517578
2026-03-26,68.18000030517578,69.69999694824219,67.8499984741211,69.41000366210938
2026-03-27,69.5,70.30999755859375,68.87999725341797,69.45999908447266
2026-03-30,69.4800033569336,70.75,69.4000015258789,70.19000244140625
2026-03-31,70.08999633789062,71.37999725341797,69.86000061035156,70.0
2026-04-01,70.0,70.87999725341797,68.5999984741211,70.76000213623047
2026-04-02,70.76000213623047,71.29000091552734,69.97000122070312,70.91999816894531
2026-04-06,70.91999816894531,71.93000030517578,70.77999877929688,71.66999816894531
2026-04-07,71.5999984741211,72.1500015258789,70.9800033569336,71.30999755859375
2026-04-08,70.51000213623047,71.97000122070312,70.30000305175781,71.66999816894531
2026-04-09,71.47000122070312,73.33999633789062,70.8499984741211,73.26000213623047
2026-04-10,73.26000213623047,73.63999938964844,72.70999908447266,73.22000122070312
2026-04-13,73.33000183105469,74.73999786376953,72.6500015258789,74.52999877929688
2026-04-14,74.52999877929688,75.05999755859375,74.0199966430664,74.33999633789062
2026-04-15,74.30000305175781,75.45999908447266,74.29000091552734,75.11000061035156
2026-04-16,75.1500015258789,76.1500015258789,75.08000183105469,75.69999694824219
2026-04-17,75.73999786376953,77.5,74.33000183105469,77.4000015258789
2026-04-20,77.4000015258789,77.9800033569336,76.43000030517578,77.5999984741211
2026-04-21,77.29000091552734,78.51000213623047,77.08999633789062,78.26000213623047
2026-04-22,78.1500015258789,79.08999633789062,75.9800033569336,76.33000183105469
2026-04-23,76.33000183105469,77.25,75.4000015258789,76.80000305175781
2026-04-24,76.80000305175781,76.95999908447266,76.62999725341797,77.0
2026-04-27,77.55999755859375,77.55999755859375,77.55999755859375,77.33000183105469
2026-04-28,77.33999633789062,77.33999633789062,77.33999633789062,77.33999633789062
2026-04-29,78.6500015258789,78.66000366210938,78.6500015258789,76.86000061035156
2026-04-30,79.5,82.37999725341797,79.5,79.86000061035156
2026-05-01,81.8499984741211,81.8499984741211,81.8499984741211,81.8499984741211
2026-05-04,80.58000183105469,80.58000183105469,80.58000183105469,80.58000183105469
2026-05-05,83.2300033569336,83.2300033569336,83.2300033569336,82.45999908447266
2026-05-06,81.70999908447266,81.70999908447266,81.70999908447266,81.70999908447266
2026-05-07,83.98999786376953,84.18000030517578,81.9000015258789,83.0
2026-05-08,82.75,84.81999969482422,82.36000061035156,84.7300033569336
2026-05-11,84.75,88.25,84.25,87.7699966430664
2026-05-12,87.9000015258789,88.55000305175781,86.02999877929688,86.31999969482422
2026-05-13,86.1500015258789,88.87999725341797,86.1500015258789,86.80999755859375
2026-05-14,87.0199966430664,87.36000061035156,82.86000061035156,83.94000244140625
2026-05-15,83.9000015258789,84.23999786376953,79.94000244140625,80.61000061035156
2026-05-18,81.22000122070312,84.0999984741211,81.04000091552734,83.69999694824219
2026-05-19,83.8499984741211,83.9000015258789,81.70999908447266,82.33000183105469
2026-05-20,82.26000213623047,82.36000061035156,80.75,81.5999984741211
2026-05-21,81.5,81.54000091552734,77.69999694824219,77.9800033569336
2026-05-22,78.11000061035156,78.87999725341797,76.83999633789062,77.41999816894531
2026-05-26,77.0,79.08999633789062,76.80000305175781,77.37000274658203
2026-05-27,77.5,77.77999877929688,75.72000122070312,76.16000366210938
2026-05-28,76.0999984741211,77.1500015258789,75.41999816894531,76.7699966430664
2026-05-29,76.7699966430664,77.16999816894531,75.87000274658203,76.1500015258789
2026-06-01,77.45999908447266,78.1500015258789,76.36000061035156,76.63999938964844
2026-06-02,76.66000366210938,78.36000061035156,76.18000030517578,77.04000091552734
2026-06-03,77.19000244140625,77.45999908447266,75.9800033569336,76.7300033569336
2026-06-04,76.5999984741211,77.1500015258789,74.27999877929688,74.88999938964844
2026-06-05,74.73999786376953,75.31999969482422,73.27999877929688,73.75
2026-06-08,73.75,74.47000122070312,72.91999816894531,73.38999938964844
2026-06-09,73.25,73.86000061035156,71.08000183105469,71.26000213623047
2026-06-10,71.30000305175781,72.08999633789062,71.01000213623047,71.0999984741211
2026-06-11,71.0999984741211,72.75,70.91999816894531,72.48999786376953
2026-06-12,72.51000213623047,73.1500015258789,72.30000305175781,72.94000244140625
2026-06-15,73.0199966430664,73.5999984741211,72.66999816894531,73.43000030517578
2026-06-16,73.3499984741211,75.4000015258789,73.0,75.01000213623047
2026-06-17,75.12999725341797,77.95999908447266,75.05000305175781,76.9000015258789
2026-06-18,76.5999984741211,76.9000015258789,75.12999725341797,76.05000305175781
2026-06-22,76.05000305175781,76.3499984741211,74.5,75.20999908447266
2026-06-23,75.20999908447266,75.5,72.30000305175781,73.95999908447266
2026-06-24,74.61000061035156,74.61000061035156,72.5,72.08999633789062
2026-06-25,73.4000015258789,73.4000015258789,73.4000015258789,73.4000015258789
2026-06-26,72.91000366210938,72.91999816894531,70.66000366210938,71.66000366210938
2026-06-29,72.0,72.0,72.0,72.0
2026-06-30,72.22000122070312,72.22000122070312,72.22000122070312,72.22000122070312
2026-07-01,73.27999877929688,73.27999877929688,73.27999877929688,73.27999877929688
2026-07-02,72.56999969482422,72.56999969482422,72.56999969482422,72.56999969482422
2026-07-06,73.94999694824219,73.94999694824219,73.94999694824219,73.94999694824219
2026-07-07,76.94000244140625,76.94000244140625,76.94000244140625,76.94000244140625
2026-07-08,76.20999908447266,76.20999908447266,76.20999908447266,76.20999908447266
2026-07-09,76.16000366210938,76.16000366210938,76.16000366210938,76.16000366210938
2026-07-10,79.23999786376953,79.66999816894531,78.68000030517578,79.91999816894531
2026-07-13,79.98999786376953,81.08000183105469,79.62000274658203,79.83000183105469
2026-07-14,80.27999877929688,80.97000122070312,78.9800033569336,79.5999984741211
2026-07-15,79.23999786376953,81.25,79.23999786376953,80.55999755859375
2026-07-16,79.0,79.0,76.5999984741211,77.69000244140625
2026-07-17,76.81999969482422,77.58000183105469,76.63999938964844,77.06999969482422
2026-07-20,77.44999694824219,78.37999725341797,77.36000061035156,77.37000274658203
2026-07-21,78.41000366210938,78.83999633789062,78.16000366210938,78.95999908447266
2026-07-22,78.77999877929688,79.95999908447266,78.76000213623047,79.87000274658203
2026-07-23,79.5999984741211,80.54000091552734,79.5999984741211,79.83999633789062
2026-07-24,80.12999725341797,80.12999725341797,78.43000030517578,78.55000305175781
2026-07-27,78.62999725341797,79.5199966430664,78.20999908447266,79.33999633789062
2026-07-28,78.9800033569336,79.47000122070312,78.6500015258789,79.20999908447266
2026-07-29,79.44000244140625,79.44000244140625,77.86000061035156,78.0199966430664
2026-07-30,79.33999633789062,80.01000213623047,79.25,79.41000366210938
2026-07-31,79.75,80.48999786376953,79.5999984741211,80.5
2026-08-03,79.9000015258789,81.37999725341797,79.68000030517578,81.3499984741211
2026-08-04,80.77999877929688,81.25,80.05999755859375,81.12999725341797
2026-08-05,81.48999786376953,82.2300033569336,81.2699966430664,81.83999633789062
2026-08-06,81.79000091552734,81.9800033569336,81.79000091552734,81.95999908447266
2026-08-07,82.22000122070312,83.7300033569336,81.37999725341797,83.22000122070312
2026-08-10,83.23999786376953,83.36000061035156,82.55999755859375,82.72000122070312
2026-08-11,82.87999725341797,82.94999694824219,82.52999877929688,83.08999633789062
2026-08-12,83.33999633789062,83.83000183105469,82.41000366210938,83.20999908447266
2026-08-13,82.9000015258789,82.9000015258789,81.48999786376953,82.36000061035156
2026-08-14,82.30000305175781,83.66000366210938,82.30000305175781,83.5999984741211
2026-08-17,83.7300033569336,84.31999969482422,83.22000122070312,84.06999969482422
2026-08-18,84.51000213623047,84.94999694824219,83.91999816894531,84.12000274658203
2026-08-19,84.91999816894531,86.62000274658203,84.91999816894531,87.0
2026-08-20,86.37999725341797,87.3499984741211,86.37999725341797,87.0199966430664
2026-08-21,87.30000305175781,87.62000274658203,87.12000274658203,87.06999969482422
2026-08-24,87.05999755859375,87.9000015258789,86.29000091552734,87.4800033569336
2026-08-25,86.45999908447266,87.16000366210938,86.05000305175781,87.08000183105469
2026-08-26,87.22000122070312,87.91000366210938,87.11000061035156,87.7699966430664
2026-08-27,88.0999984741211,91.0,87.55000305175781,91.05999755859375
2026-08-28,91.30999755859375,91.37999725341797,89.80999755859375,89.91999816894531
2026-08-31,0.0,89.7300033569336,88.87999725341797,93.38999938964844
