date,open,high,low,close
2016-08-30,6838.10009765625,6851.7998046875,6808.10009765625,6820.7998046875
2016-08-31,6820.7998046875,6832.89990234375,6779.5,6781.5
2016-09-01,6781.5,6826.2001953125,6723.2001953125,6746.0
2016-09-02,6746.0,6928.2998046875,6746.0,6894.60009765625
2016-09-05,6894.60009765625,6910.7001953125,6867.10009765625,6879.39990234375
2016-09-06,6879.39990234375,6887.89990234375,6819.0,6826.10009765625
2016-09-07,6826.10009765625,6856.10009765625,6814.89990234375,6846.60009765625
2016-09-08,6846.60009765625,6889.60009765625,6819.7998046875,6858.7001953125
2016-09-09,6858.7001953125,6862.39990234375,6762.2998046875,6777.0
2016-09-12,6777.0,6777.0,6654.5,6700.89990234375
2016-09-13,6700.89990234375,6724.7001953125,6665.60009765625,6665.60009765625
2016-09-14,6665.60009765625,6720.2998046875,6665.60009765625,6673.2998046875
2016-09-15,6673.2998046875,6736.7998046875,6654.7998046875,6730.2998046875
2016-09-16,6730.2998046875,6746.2998046875,6692.7001953125,6710.2998046875
2016-09-19,6710.2998046875,6814.0,6710.2998046875,6813.60009765625
2016-09-20,6813.60009765625,6869.10009765625,6798.0,6830.7998046875
2016-09-21,6830.7998046875,6879.7998046875,6830.5,6834.7998046875
2016-09-22,6834.7998046875,6937.2998046875,6834.7998046875,6911.39990234375
2016-09-23,6911.39990234375,6920.2001953125,6882.60009765625,6909.39990234375
2016-09-26,6909.39990234375,6909.60009765625,6806.5,6818.0
2016-09-27,6818.0,6865.5,6768.89990234375,6807.7001953125
2016-09-28,6807.7001953125,6878.2001953125,6807.7001953125,6849.39990234375
2016-09-29,6849.39990234375,6941.10009765625,6849.39990234375,6919.39990234375
2016-09-30,6919.39990234375,6919.39990234375,6809.5,6899.2998046875
2016-10-03,6899.2998046875,6996.39990234375,6898.10009765625,6983.5
2016-10-04,6983.5,7121.89990234375,6983.5,7074.2998046875
2016-10-05,7074.2998046875,7076.7001953125,7024.10009765625,7033.2998046875
2016-10-06,7033.2998046875,7049.2998046875,7000.0,7000.0
2016-10-07,7000.0,7079.2998046875,7000.0,7044.39990234375
2016-10-10,7044.39990234375,7104.5,7024.10009765625,7097.5
2016-10-11,7097.5,7129.7998046875,7061.39990234375,7070.89990234375
2016-10-12,7070.89990234375,7079.39990234375,7015.7998046875,7024.0
2016-10-13,7024.0,7024.0,6930.0,6977.7001953125
2016-10-14,6977.7001953125,7055.2001953125,6977.7001953125,7013.60009765625
2016-10-17,7013.60009765625,7013.60009765625,6937.39990234375,6947.60009765625
2016-10-18,6947.60009765625,7033.0,6946.39990234375,7000.10009765625
2016-10-19,7000.10009765625,7031.2001953125,6975.89990234375,7021.89990234375
2016-10-20,7021.89990234375,7047.60009765625,6998.7998046875,7026.89990234375
2016-10-21,7026.89990234375,7058.39990234375,7011.10009765625,7020.5
2016-10-24,7020.5,7067.2998046875,6983.39990234375,6986.39990234375
2016-10-25,6986.39990234375,7067.2001953125,6985.89990234375,7017.60009765625
2016-10-26,7017.60009765625,7017.60009765625,6917.7998046875,6958.10009765625
2016-10-27,6958.10009765625,7003.89990234375,6924.10009765625,6986.60009765625
2016-10-28,6986.60009765625,7006.39990234375,6927.2001953125,6996.2998046875
2016-10-31,6996.2998046875,6996.2998046875,6945.2998046875,6954.2001953125
2016-11-01,6954.2001953125,6993.7998046875,6903.60009765625,6917.10009765625
2016-11-02,6917.10009765625,6917.10009765625,6845.39990234375,6845.39990234375
2016-11-03,6845.39990234375,6873.2001953125,6790.5,6790.5
2016-11-04,6790.5,6790.5,6676.60009765625,6693.2998046875
2016-11-07,6693.2998046875,6806.89990234375,6693.2998046875,6806.89990234375
2016-11-08,6806.89990234375,6849.2998046875,6795.10009765625,6843.10009765625
2016-11-09,6843.10009765625,6911.7998046875,6696.2998046875,6911.7998046875
2016-11-10,6911.7998046875,6997.2998046875,6799.10009765625,6828.0
2016-11-11,6828.0,6849.0,6709.7001953125,6730.39990234375
2016-11-14,6730.39990234375,6814.2001953125,6730.39990234375,6753.2001953125
2016-11-15,6753.2001953125,6820.5,6753.2001953125,6792.7001953125
2016-11-16,6792.7001953125,6810.5,6735.7001953125,6749.7001953125
2016-11-17,6749.7001953125,6798.7998046875,6745.10009765625,6794.7001953125
2016-11-18,6794.7001953125,6811.60009765625,6740.2998046875,6775.7998046875
2016-11-21,6775.7998046875,6820.89990234375,6754.2001953125,6778.0
2016-11-22,6778.0,6851.39990234375,6778.0,6819.7001953125
2016-11-23,6819.7001953125,6880.7001953125,6779.5,6817.7001953125
2016-11-24,6817.7001953125,6831.2001953125,6790.7001953125,6829.2001953125
2016-11-25,6829.2001953125,6852.10009765625,6818.10009765625,6840.7998046875
2016-11-28,6840.7998046875,6841.0,6769.7998046875,6799.5
2016-11-29,6799.5,6800.89990234375,6729.39990234375,6772.0
2016-11-30,6772.0,6845.7001953125,6765.2001953125,6783.7998046875
2016-12-01,6783.7998046875,6789.2998046875,6688.39990234375,6752.89990234375
2016-12-02,6752.89990234375,6752.89990234375,6678.7001953125,6730.7001953125
2016-12-05,6730.7001953125,6799.5,6697.7001953125,6746.7998046875
2016-12-06,6746.7998046875,6785.2998046875,6723.10009765625,6779.7998046875
2016-12-07,6779.7998046875,6902.2001953125,6779.7998046875,6902.2001953125
2016-12-08,6902.2001953125,6937.5,6892.2001953125,6931.60009765625
2016-12-09,6931.60009765625,6962.2998046875,6929.5,6954.2001953125
2016-12-12,6954.2001953125,6976.7998046875,6875.39990234375,6890.39990234375
2016-12-13,6890.39990234375,6978.0,6877.5,6968.60009765625
2016-12-14,6968.60009765625,6970.5,6942.0,6949.2001953125
2016-12-15,6949.2001953125,7010.5,6925.89990234375,6999.0
2016-12-16,6999.0,7038.39990234375,6990.39990234375,7011.60009765625
2016-12-19,7011.60009765625,7025.7001953125,6986.39990234375,7017.2001953125
2016-12-20,7017.2001953125,7045.2001953125,6992.60009765625,7044.0
2016-12-21,7044.0,7057.0,7025.7001953125,7041.39990234375
2016-12-22,7041.39990234375,7063.7001953125,7020.10009765625,7063.7001953125
2016-12-23,7063.7001953125,7071.10009765625,7054.60009765625,7068.2001953125
2016-12-28,7068.2001953125,7109.39990234375,7060.89990234375,7106.10009765625
2016-12-29,7106.10009765625,7120.2998046875,7074.5,7120.2998046875
2016-12-30,7120.2998046875,7142.7998046875,7087.5,7142.7998046875
2017-01-03,7142.7998046875,7205.5,7142.7998046875,7177.89990234375
2017-01-04,7177.89990234375,7189.7001953125,7168.7998046875,7189.7001953125
2017-01-05,7189.7001953125,7212.0,7172.7998046875,7195.2998046875
2017-01-06,7195.2998046875,7210.10009765625,7180.60009765625,7210.10009765625
2017-01-09,7210.10009765625,7243.7998046875,7207.39990234375,7237.7998046875
2017-01-10,7237.7998046875,7284.7998046875,7237.2998046875,7275.5
2017-01-11,7275.5,7328.5,7257.2001953125,7290.5
2017-01-12,7290.5,7302.2998046875,7263.39990234375,7292.39990234375
2017-01-13,7292.39990234375,7338.5,7292.39990234375,7337.7998046875
2017-01-16,7337.7998046875,7354.10009765625,7320.5,7327.10009765625
2017-01-17,7327.10009765625,7329.2998046875,7220.39990234375,7220.39990234375
2017-01-18,7220.39990234375,7260.5,7218.39990234375,7247.60009765625
2017-01-19,7247.60009765625,7249.60009765625,7191.7001953125,7208.39990234375
2017-01-20,7208.39990234375,7221.0,7193.7001953125,7198.39990234375
2017-01-23,7198.39990234375,7198.39990234375,7131.5,7151.2001953125
2017-01-24,7151.2001953125,7190.2001953125,7144.39990234375,7150.2998046875
2017-01-25,7150.2998046875,7205.7001953125,7150.2998046875,7164.39990234375
2017-01-26,7164.39990234375,7184.7998046875,7151.2998046875,7161.5
2017-01-27,7161.5,7184.7001953125,7150.7998046875,7184.5
2017-01-30,7184.5,7184.7001953125,7105.7001953125,7118.5
2017-01-31,7118.5,7162.5,7099.2001953125,7099.2001953125
2017-02-01,7099.2001953125,7170.2001953125,7099.2001953125,7107.7001953125
2017-02-02,7107.7001953125,7163.89990234375,7093.60009765625,7140.7998046875
2017-02-03,7140.7998046875,7202.39990234375,7133.60009765625,7188.2998046875
2017-02-06,7188.2998046875,7208.7001953125,7165.2001953125,7172.2001953125
2017-02-07,7172.2001953125,7227.2001953125,7159.60009765625,7186.2001953125
2017-02-08,7186.2001953125,7195.89990234375,7147.2001953125,7188.7998046875
2017-02-09,7188.7998046875,7238.7001953125,7183.10009765625,7229.5
2017-02-10,7229.5,7274.7998046875,7229.5,7258.7998046875
2017-02-13,7258.7998046875,7298.5,7257.7001953125,7278.89990234375
2017-02-14,7278.89990234375,7292.7001953125,7251.7998046875,7268.60009765625
2017-02-15,7268.60009765625,7313.39990234375,7268.60009765625,7302.39990234375
2017-02-16,7302.39990234375,7302.39990234375,7260.7001953125,7277.89990234375
2017-02-17,7277.89990234375,7307.10009765625,7253.2001953125,7300.0
2017-02-20,7300.0,7329.60009765625,7283.2998046875,7299.89990234375
2017-02-21,7299.89990234375,7319.0,7267.5,7274.7998046875
2017-02-22,7274.7998046875,7314.2998046875,7274.7001953125,7302.2998046875
2017-02-23,7302.2998046875,7310.10009765625,7262.89990234375,7271.39990234375
2017-02-24,7271.39990234375,7271.89990234375,7192.5,7243.7001953125
2017-02-27,7243.7001953125,7285.2001953125,7239.7001953125,7253.0
2017-02-28,7253.0,7284.2001953125,7246.60009765625,7263.39990234375
2017-03-01,7263.39990234375,7383.10009765625,7263.39990234375,7382.89990234375
2017-03-02,7382.89990234375,7394.60009765625,7372.7001953125,7382.39990234375
2017-03-03,7382.39990234375,7382.39990234375,7353.60009765625,7374.2998046875
2017-03-06,7374.2998046875,7374.2998046875,7338.89990234375,7350.10009765625
2017-03-07,7350.10009765625,7363.7001953125,7335.2998046875,7339.0
2017-03-08,7339.0,7354.5,7315.89990234375,7334.60009765625
2017-03-09,7334.60009765625,7336.2998046875,7263.60009765625,7315.0
2017-03-10,7315.0,7373.0,7315.0,7343.10009765625
2017-03-13,7343.10009765625,7377.39990234375,7342.0,7367.10009765625
2017-03-14,7367.10009765625,7386.2001953125,7339.2998046875,7357.89990234375
2017-03-15,7357.89990234375,7383.2998046875,7357.60009765625,7368.60009765625
2017-03-16,7368.60009765625,7444.60009765625,7368.60009765625,7416.0
2017-03-17,7416.0,7447.0,7402.60009765625,7425.0
2017-03-20,7425.0,7433.7001953125,7400.0,7429.7998046875
2017-03-21,7429.7998046875,7440.89990234375,7360.7001953125,7378.2998046875
2017-03-22,7378.2998046875,7378.39990234375,7301.7998046875,7324.7001953125
2017-03-23,7324.7001953125,7346.39990234375,7307.7001953125,7340.7001953125
2017-03-24,7340.7001953125,7351.60009765625,7322.89990234375,7336.7998046875
2017-03-27,7336.7998046875,7336.7998046875,7255.7998046875,7293.5
2017-03-28,7293.5,7349.60009765625,7285.7998046875,7343.39990234375
2017-03-29,7343.39990234375,7373.7001953125,7313.89990234375,7373.7001953125
2017-03-30,7373.7001953125,7384.7998046875,7340.2998046875,7369.5
2017-03-31,7369.5,7369.60009765625,7322.89990234375,7322.89990234375
2017-04-03,7322.89990234375,7350.2998046875,7280.7998046875,7282.7001953125
2017-04-04,7282.7001953125,7324.60009765625,7282.7001953125,7321.7998046875
2017-04-05,7321.7998046875,7362.60009765625,7321.7998046875,7331.7001953125
2017-04-06,7331.7001953125,7331.7001953125,7258.10009765625,7303.2001953125
2017-04-07,7303.2001953125,7349.39990234375,7284.7001953125,7349.39990234375
2017-04-10,7349.39990234375,7359.2998046875,7337.0,7348.89990234375
2017-04-11,7348.89990234375,7406.39990234375,7332.60009765625,7365.5
2017-04-12,7365.5,7402.39990234375,7348.7998046875,7349.0
2017-04-13,7349.0,7349.0,7298.89990234375,7327.60009765625
2017-04-18,7327.60009765625,7327.60009765625,7147.5,7147.5
2017-04-19,7147.5,7151.2001953125,7114.39990234375,7114.39990234375
2017-04-20,7114.39990234375,7127.60009765625,7096.7998046875,7118.5
2017-04-21,7118.5,7134.5,7104.2001953125,7114.60009765625
2017-04-24,7114.60009765625,7273.89990234375,7114.60009765625,7264.7001953125
2017-04-25,7264.7001953125,7290.7998046875,7258.7001953125,7275.60009765625
2017-04-26,7275.60009765625,7302.60009765625,7262.2998046875,7288.7001953125
2017-04-27,7288.7001953125,7289.39990234375,7224.39990234375,7237.2001953125
2017-04-28,7237.2001953125,7243.2998046875,7197.2998046875,7203.89990234375
2017-05-02,7203.89990234375,7254.2998046875,7203.89990234375,7250.10009765625
2017-05-03,7250.10009765625,7250.10009765625,7218.60009765625,7234.5
2017-05-04,7234.5,7280.7001953125,7226.10009765625,7248.10009765625
2017-05-05,7248.10009765625,7297.39990234375,7222.7998046875,7297.39990234375
2017-05-08,7297.39990234375,7322.2998046875,7285.7998046875,7300.89990234375
2017-05-09,7300.89990234375,7359.60009765625,7300.89990234375,7342.2001953125
2017-05-10,7342.2001953125,7398.60009765625,7331.2998046875,7385.2001953125
2017-05-11,7385.2001953125,7396.2001953125,7369.2001953125,7386.60009765625
2017-05-12,7386.60009765625,7435.39990234375,7381.7001953125,7435.39990234375
2017-05-15,7435.39990234375,7460.2001953125,7434.2001953125,7454.39990234375
2017-05-16,7454.39990234375,7533.7001953125,7452.39990234375,7522.0
2017-05-17,7522.0,7533.0,7478.89990234375,7503.5
2017-05-18,7503.5,7503.7001953125,7389.2998046875,7436.39990234375
2017-05-19,7436.39990234375,7480.2998046875,7436.39990234375,7470.7001953125
2017-05-22,7470.7001953125,7518.10009765625,7470.7001953125,7496.2998046875
2017-05-23,7496.2998046875,7521.89990234375,7485.2998046875,7485.2998046875
2017-05-24,7485.2998046875,7519.60009765625,7475.10009765625,7514.89990234375
2017-05-25,7514.89990234375,7529.7001953125,7497.10009765625,7517.7001953125
2017-05-26,7517.7001953125,7554.2001953125,7514.39990234375,7547.60009765625
2017-05-30,7547.60009765625,7547.7001953125,7497.10009765625,7526.5
2017-05-31,7526.5,7586.5,7519.7001953125,7520.0
2017-06-01,7520.0,7558.60009765625,7518.2998046875,7543.7998046875
2017-06-02,7543.7998046875,7599.0,7540.0,7547.60009765625
2017-06-05,7547.60009765625,7562.0,7519.10009765625,7525.7998046875
2017-06-06,7525.7998046875,7527.60009765625,7502.7998046875,7525.0
2017-06-07,7525.0,7555.60009765625,7476.2998046875,7478.60009765625
2017-06-08,7478.60009765625,7489.7001953125,7450.0,7450.0
2017-06-09,7450.0,7545.10009765625,7449.7001953125,7527.2998046875
2017-06-12,7527.2998046875,7540.5,7483.60009765625,7511.89990234375
2017-06-13,7511.89990234375,7540.10009765625,7491.89990234375,7500.39990234375
2017-06-14,7500.39990234375,7545.10009765625,7474.39990234375,7474.39990234375
2017-06-15,7474.39990234375,7474.5,7377.89990234375,7419.39990234375
2017-06-16,7419.39990234375,7479.0,7419.39990234375,7463.5
2017-06-19,7463.5,7537.7998046875,7463.5,7523.7998046875
2017-06-20,7523.7998046875,7561.10009765625,7472.7001953125,7472.7001953125
2017-06-21,7472.7001953125,7477.2001953125,7417.5,7447.7998046875
2017-06-22,7447.7998046875,7448.5,7398.7998046875,7439.2998046875
2017-06-23,7439.2998046875,7441.7998046875,7396.7998046875,7424.10009765625
2017-06-26,7424.10009765625,7481.0,7424.10009765625,7446.7998046875
2017-06-27,7446.7998046875,7451.7001953125,7411.39990234375,7434.39990234375
2017-06-28,7434.39990234375,7445.2998046875,7381.39990234375,7387.7998046875
2017-06-29,7387.7998046875,7452.0,7341.7998046875,7350.2998046875
2017-06-30,7350.2998046875,7377.39990234375,7302.7001953125,7312.7001953125
2017-07-03,7312.7001953125,7386.10009765625,7312.2998046875,7377.10009765625
2017-07-04,7377.10009765625,7383.5,7336.7998046875,7357.2001953125
2017-07-05,7357.2001953125,7386.89990234375,7347.5,7367.60009765625
2017-07-06,7367.60009765625,7373.89990234375,7303.5,7337.2998046875
2017-07-07,7337.2998046875,7359.5,7314.7001953125,7350.89990234375
2017-07-10,7350.89990234375,7388.0,7344.2998046875,7370.0
2017-07-11,7370.0,7386.89990234375,7304.7998046875,7329.7998046875
2017-07-12,7329.7998046875,7439.10009765625,7329.7998046875,7416.89990234375
2017-07-13,7416.89990234375,7428.2001953125,7403.7998046875,7413.39990234375
2017-07-14,7413.39990234375,7419.7998046875,7363.7998046875,7378.39990234375
2017-07-17,7378.39990234375,7426.39990234375,7378.2998046875,7404.10009765625
2017-07-18,7404.10009765625,7418.5,7357.7998046875,7390.2001953125
2017-07-19,7390.2001953125,7442.7998046875,7379.2998046875,7430.89990234375
2017-07-20,7430.89990234375,7502.7001953125,7430.89990234375,7487.89990234375
2017-07-21,7487.89990234375,7515.10009765625,7433.89990234375,7452.89990234375
2017-07-24,7452.89990234375,7453.2001953125,7357.5,7377.7001953125
2017-07-25,7377.7001953125,7453.7001953125,7377.7001953125,7434.7998046875
2017-07-26,7434.7998046875,7487.10009765625,7434.7001953125,7452.2998046875
2017-07-27,7452.2998046875,7461.89990234375,7410.89990234375,7443.0
2017-07-28,7443.0,7443.0,7339.39990234375,7368.39990234375
2017-07-31,7368.39990234375,7425.5,7367.89990234375,7372.0
2017-08-01,7372.0,7440.10009765625,7372.0,7423.7001953125
2017-08-02,7423.7001953125,7434.7001953125,7388.89990234375,7411.39990234375
2017-08-03,7411.39990234375,7484.5,7384.2001953125,7474.7998046875
2017-08-04,7474.7998046875,7519.10009765625,7465.10009765625,7511.7001953125
2017-08-07,7511.7001953125,7533.7001953125,7511.7001953125,7531.89990234375
2017-08-08,7531.89990234375,7551.89990234375,7518.5,7542.7001953125
2017-08-09,7542.7001953125,7542.7001953125,7475.7998046875,7498.10009765625
2017-08-10,7498.10009765625,7498.10009765625,7376.7001953125,7389.89990234375
2017-08-11,7389.89990234375,7390.0,7296.5,7310.0
2017-08-14,7310.0,7377.7001953125,7310.0,7353.89990234375
2017-08-15,7353.89990234375,7399.39990234375,7353.89990234375,7383.89990234375
2017-08-16,7383.89990234375,7445.0,7383.89990234375,7433.0
2017-08-17,7433.0,7433.7001953125,7382.2001953125,7387.89990234375
2017-08-18,7387.89990234375,7387.89990234375,7302.5,7324.0
2017-08-21,7324.0,7332.0,7296.7998046875,7318.89990234375
2017-08-22,7318.89990234375,7387.60009765625,7318.89990234375,7381.7001953125
2017-08-23,7381.7001953125,7394.5,7360.2998046875,7382.7001953125
2017-08-24,7382.7001953125,7437.89990234375,7382.2001953125,7407.10009765625
2017-08-25,7407.10009765625,7439.5,7401.5,7401.5
2017-08-29,7401.5,7401.60009765625,7289.2001953125,7337.39990234375
2017-08-30,7337.39990234375,7381.2998046875,7337.39990234375,7365.2998046875
2017-08-31,7365.2998046875,7443.7001953125,7365.0,7430.60009765625
2017-09-01,7430.60009765625,7460.5,7430.10009765625,7438.5
2017-09-04,7438.5,7438.5,7404.10009765625,7411.5
2017-09-05,7411.5,7437.5,7369.60009765625,7372.89990234375
2017-09-06,7372.89990234375,7372.89990234375,7322.39990234375,7354.10009765625
2017-09-07,7354.10009765625,7412.7001953125,7348.39990234375,7397.0
2017-09-08,7397.0,7397.0,7358.39990234375,7377.60009765625
2017-09-11,7377.60009765625,7434.10009765625,7377.60009765625,7413.60009765625
2017-09-12,7413.60009765625,7435.7998046875,7387.0,7400.7001953125
2017-09-13,7400.7001953125,7401.2998046875,7336.2001953125,7379.7001953125
2017-09-14,7379.7001953125,7390.7001953125,7287.7001953125,7295.39990234375
2017-09-15,7295.39990234375,7295.39990234375,7196.60009765625,7215.5
2017-09-18,7215.5,7257.5,7215.5,7253.2998046875
2017-09-19,7253.2998046875,7285.7001953125,7243.60009765625,7275.2998046875
2017-09-20,7275.2998046875,7289.89990234375,7249.60009765625,7272.0
2017-09-21,7272.0,7289.2001953125,7260.10009765625,7263.89990234375
2017-09-22,7263.89990234375,7320.2998046875,7242.2001953125,7310.60009765625
2017-09-25,7310.60009765625,7312.5,7272.5,7301.2998046875
2017-09-26,7301.2998046875,7311.7998046875,7273.2998046875,7285.7001953125
2017-09-27,7285.7001953125,7327.5,7285.7001953125,7313.5
2017-09-28,7313.5,7323.2998046875,7289.7998046875,7322.7998046875
2017-09-29,7322.7998046875,7382.7001953125,7321.60009765625,7372.7998046875
2017-10-02,7372.7998046875,7438.7998046875,7372.7001953125,7438.7998046875
2017-10-03,7438.7998046875,7469.7998046875,7426.7001953125,7468.10009765625
2017-10-04,7468.10009765625,7476.2998046875,7456.60009765625,7467.60009765625
2017-10-05,7467.60009765625,7508.0,7464.39990234375,7508.0
2017-10-06,7508.0,7527.7001953125,7508.0,7522.89990234375
2017-10-09,7522.89990234375,7523.7001953125,7493.7001953125,7507.89990234375
2017-10-10,7507.89990234375,7543.89990234375,7504.60009765625,7538.2998046875
2017-10-11,7538.2998046875,7550.2001953125,7519.60009765625,7533.7998046875
2017-10-12,7533.7998046875,7565.10009765625,7526.2998046875,7556.2001953125
2017-10-13,7556.2001953125,7556.2001953125,7521.10009765625,7535.39990234375
2017-10-16,7535.39990234375,7557.0,7526.7001953125,7527.0
2017-10-17,7527.0,7550.39990234375,7506.2998046875,7516.2001953125
2017-10-18,7516.2001953125,7555.2001953125,7516.2001953125,7542.89990234375
2017-10-19,7542.89990234375,7542.89990234375,7485.39990234375,7523.0
2017-10-20,7523.0,7560.0,7517.10009765625,7523.2001953125
2017-10-23,7523.2001953125,7542.0,7511.7998046875,7524.5
2017-10-24,7524.5,7535.2001953125,7508.5,7526.5
2017-10-25,7526.5,7528.5,7437.39990234375,7447.2001953125
2017-10-26,7447.2001953125,7488.2998046875,7440.10009765625,7486.5
2017-10-27,7486.5,7520.7998046875,7485.2001953125,7505.0
2017-10-30,7505.0,7507.0,7478.39990234375,7487.7998046875
2017-10-31,7487.7998046875,7516.89990234375,7484.0,7493.10009765625
2017-11-01,7493.10009765625,7532.39990234375,7488.0,7488.0
2017-11-02,7488.0,7562.2998046875,7478.89990234375,7555.2998046875
2017-11-03,7555.2998046875,7581.0,7541.89990234375,7560.39990234375
2017-11-06,7560.39990234375,7572.89990234375,7544.2001953125,7562.2998046875
2017-11-07,7562.2998046875,7582.89990234375,7507.7998046875,7513.10009765625
2017-11-08,7513.10009765625,7534.5,7504.7998046875,7529.7001953125
2017-11-09,7529.7001953125,7532.2001953125,7476.89990234375,7484.10009765625
2017-11-10,7484.10009765625,7500.2998046875,7421.7001953125,7433.0
2017-11-13,7433.0,7469.2998046875,7403.0,7415.2001953125
2017-11-14,7415.2001953125,7436.60009765625,7396.89990234375,7414.39990234375
2017-11-15,7414.39990234375,7415.10009765625,7357.10009765625,7372.60009765625
2017-11-16,7372.60009765625,7393.2998046875,7368.10009765625,7386.89990234375
2017-11-17,7386.89990234375,7406.5,7356.2001953125,7380.7001953125
2017-11-20,7380.7001953125,7397.39990234375,7350.39990234375,7389.5
2017-11-21,7389.5,7422.2001953125,7367.89990234375,7411.2998046875
2017-11-22,7411.2998046875,7460.89990234375,7410.39990234375,7419.0
2017-11-23,7419.0,7422.7001953125,7373.2998046875,7417.2001953125
2017-11-24,7417.2001953125,7425.2001953125,7389.5,7409.60009765625
2017-11-27,7409.60009765625,7438.39990234375,7383.89990234375,7383.89990234375
2017-11-28,7383.89990234375,7469.60009765625,7374.0,7460.7001953125
2017-11-29,7460.7001953125,7460.7001953125,7386.7001953125,7393.60009765625
2017-11-30,7393.60009765625,7416.2998046875,7326.7001953125,7326.7001953125
2017-12-01,7326.7001953125,7355.39990234375,7288.7001953125,7300.5
2017-12-04,7300.5,7369.7001953125,7300.5,7339.0
2017-12-05,7339.0,7373.89990234375,7326.60009765625,7327.5
2017-12-06,7327.5,7369.7001953125,7289.39990234375,7348.0
2017-12-07,7348.0,7371.7001953125,7314.60009765625,7320.7998046875
2017-12-08,7320.7998046875,7412.2001953125,7314.2001953125,7394.0
2017-12-11,7394.0,7458.39990234375,7393.60009765625,7453.5
2017-12-12,7453.5,7501.5,7448.2998046875,7500.39990234375
2017-12-13,7500.39990234375,7510.7998046875,7492.60009765625,7496.5
2017-12-14,7496.5,7496.7001953125,7448.10009765625,7448.10009765625
2017-12-15,7448.10009765625,7490.60009765625,7433.7998046875,7490.60009765625
2017-12-18,7490.60009765625,7544.2998046875,7490.60009765625,7537.0
2017-12-19,7537.0,7563.5,7534.10009765625,7544.10009765625
2017-12-20,7544.10009765625,7550.60009765625,7511.5,7525.2001953125
2017-12-21,7525.2001953125,7609.7001953125,7517.89990234375,7604.0
2017-12-22,7604.0,7614.39990234375,7585.5,7592.7001953125
2017-12-27,7592.7001953125,7632.7001953125,7586.39990234375,7620.7001953125
2017-12-28,7620.7001953125,7633.60009765625,7609.7998046875,7622.89990234375
2017-12-29,7622.89990234375,7697.60009765625,7620.0,7687.7998046875
2018-01-02,7687.7998046875,7691.2998046875,7624.10009765625,7648.10009765625
2018-01-03,7648.10009765625,7689.89990234375,7640.5,7671.10009765625
2018-01-04,7671.10009765625,7702.5,7671.10009765625,7695.89990234375
2018-01-05,7695.89990234375,7727.7001953125,7689.7998046875,7724.2001953125
2018-01-08,7724.2001953125,7733.39990234375,7691.7998046875,7696.5
2018-01-09,7696.5,7733.10009765625,7696.5,7731.0
2018-01-10,7731.0,7756.10009765625,7716.2001953125,7748.5
2018-01-11,7748.5,7769.0,7734.60009765625,7762.89990234375
2018-01-12,7762.89990234375,7792.60009765625,7752.60009765625,7778.60009765625
2018-01-15,7778.60009765625,7783.60009765625,7763.39990234375,7769.10009765625
2018-01-16,7769.10009765625,7791.7998046875,7740.60009765625,7755.89990234375
2018-01-17,7755.89990234375,7755.89990234375,7711.10009765625,7725.39990234375
2018-01-18,7725.39990234375,7739.5,7683.7001953125,7701.0
2018-01-19,7701.0,7731.7998046875,7694.7001953125,7730.7998046875
2018-01-22,7730.7998046875,7739.39990234375,7703.7001953125,7715.39990234375
2018-01-23,7715.39990234375,7745.2001953125,7710.0,7731.7998046875
2018-01-24,7731.7998046875,7732.0,7643.39990234375,7643.39990234375
2018-01-25,7643.39990234375,7662.39990234375,7608.5,7615.7998046875
2018-01-26,7615.7998046875,7667.39990234375,7615.7998046875,7665.5
2018-01-29,7665.5,7689.2001953125,7663.89990234375,7671.5
2018-01-30,7671.5,7671.7001953125,7587.10009765625,7588.0
2018-01-31,7588.0,7599.0,7521.7998046875,7533.60009765625
2018-02-01,7533.60009765625,7554.7001953125,7476.5,7490.39990234375
2018-02-02,7490.39990234375,7494.7998046875,7432.2998046875,7443.39990234375
2018-02-05,7443.39990234375,7443.39990234375,7334.7998046875,7335.0
2018-02-06,7335.0,7335.0,7079.39990234375,7141.39990234375
2018-02-07,7141.39990234375,7311.5,7141.39990234375,7279.39990234375
2018-02-08,7279.39990234375,7279.39990234375,7161.2998046875,7170.7001953125
2018-02-09,7170.7001953125,7170.7001953125,7073.0,7092.39990234375
2018-02-12,7092.39990234375,7199.89990234375,7092.39990234375,7177.10009765625
2018-02-13,7177.10009765625,7203.0,7165.7998046875,7168.0
2018-02-14,7168.0,7243.2001953125,7145.7001953125,7214.0
2018-02-15,7214.0,7268.0,7206.7001953125,7234.7998046875
2018-02-16,7234.7998046875,7308.0,7234.7998046875,7294.7001953125
2018-02-19,7294.7001953125,7306.2001953125,7240.0,7247.7001953125
2018-02-20,7247.7001953125,7264.7998046875,7202.10009765625,7246.7998046875
2018-02-21,7246.7998046875,7291.7998046875,7220.60009765625,7281.60009765625
2018-02-22,7281.60009765625,7281.60009765625,7187.7998046875,7252.39990234375
2018-02-23,7252.39990234375,7262.10009765625,7220.7998046875,7244.39990234375
2018-02-26,7244.39990234375,7313.0,7244.2998046875,7289.60009765625
2018-02-27,7289.60009765625,7326.0,7272.89990234375,7282.5
2018-02-28,7282.5,7293.39990234375,7231.89990234375,7231.89990234375
2018-03-01,7231.89990234375,7231.89990234375,7153.39990234375,7175.60009765625
2018-03-02,7175.60009765625,7175.60009765625,7063.39990234375,7069.89990234375
2018-03-05,7069.89990234375,7119.2001953125,7062.10009765625,7116.0
2018-03-06,7116.0,7197.7998046875,7115.60009765625,7146.7998046875
2018-03-07,7146.7998046875,7180.7001953125,7109.60009765625,7157.7998046875
2018-03-08,7157.7998046875,7212.10009765625,7145.7001953125,7203.2001953125
2018-03-09,7203.2001953125,7225.2998046875,7189.7001953125,7224.5
2018-03-12,7224.5,7254.89990234375,7198.2001953125,7214.7998046875
2018-03-13,7214.7998046875,7224.10009765625,7125.60009765625,7138.7998046875
2018-03-14,7138.7998046875,7176.5,7122.7998046875,7132.7001953125
2018-03-15,7132.7001953125,7162.60009765625,7127.10009765625,7139.7998046875
2018-03-16,7139.7998046875,7187.2998046875,7131.2998046875,7164.10009765625
2018-03-19,7164.10009765625,7164.2001953125,7034.89990234375,7042.89990234375
2018-03-20,7042.89990234375,7081.5,7042.60009765625,7061.2998046875
2018-03-21,7061.2998046875,7065.7001953125,7016.7998046875,7039.0
2018-03-22,7039.0,7039.0,6914.5,6952.60009765625
2018-03-23,6952.60009765625,6952.7998046875,6877.0,6921.89990234375
2018-03-26,6921.89990234375,6958.5,6866.89990234375,6888.7001953125
2018-03-27,6888.7001953125,7042.39990234375,6888.7001953125,7000.10009765625
2018-03-28,7000.10009765625,7044.7001953125,6923.2998046875,7044.7001953125
2018-03-29,7044.7001953125,7109.89990234375,7042.7001953125,7056.60009765625
2018-04-03,7056.60009765625,7065.0,6996.7998046875,7030.5
2018-04-04,7030.5,7046.2998046875,6971.7998046875,7034.0
2018-04-05,7034.0,7199.5,7034.0,7199.5
2018-04-06,7199.5,7214.0,7163.10009765625,7183.60009765625
2018-04-09,7183.60009765625,7209.7001953125,7145.60009765625,7194.7998046875
2018-04-10,7194.7998046875,7266.7998046875,7194.7998046875,7266.7998046875
2018-04-11,7266.7998046875,7270.2998046875,7243.2998046875,7257.10009765625
2018-04-12,7257.10009765625,7266.60009765625,7240.7998046875,7258.2998046875
2018-04-13,7258.2998046875,7275.0,7249.10009765625,7264.60009765625
2018-04-16,7264.60009765625,7265.7998046875,7195.5,7198.2001953125
2018-04-17,7198.2001953125,7240.39990234375,7189.89990234375,7226.10009765625
2018-04-18,7226.10009765625,7325.60009765625,7226.10009765625,7317.2998046875
2018-04-19,7317.2998046875,7340.7001953125,7309.39990234375,7328.89990234375
2018-04-20,7328.89990234375,7368.2001953125,7323.2998046875,7368.2001953125
2018-04-23,7368.2001953125,7404.10009765625,7359.7001953125,7398.89990234375
2018-04-24,7398.89990234375,7439.60009765625,7397.2998046875,7425.39990234375
2018-04-25,7425.39990234375,7427.10009765625,7334.60009765625,7379.2998046875
2018-04-26,7379.2998046875,7421.39990234375,7355.0,7421.39990234375
2018-04-27,7421.39990234375,7507.10009765625,7421.2998046875,7502.2001953125
2018-04-30,7502.2001953125,7546.2001953125,7497.10009765625,7509.2998046875
2018-05-01,7509.2998046875,7549.10009765625,7506.60009765625,7520.39990234375
2018-05-02,7520.39990234375,7573.0,7519.60009765625,7543.2001953125
2018-05-03,7543.2001953125,7555.2001953125,7492.39990234375,7502.7001953125
2018-05-04,7502.7001953125,7570.2001953125,7502.7001953125,7567.10009765625
2018-05-08,7567.10009765625,7598.5,7550.39990234375,7565.7998046875
2018-05-09,7565.7998046875,7662.5,7565.7998046875,7662.5
2018-05-10,7662.5,7706.89990234375,7631.60009765625,7701.0
2018-05-11,7701.0,7728.89990234375,7691.7001953125,7724.60009765625
2018-05-14,7724.60009765625,7728.0,7688.60009765625,7711.0
2018-05-15,7711.0,7752.0,7687.5,7723.0
2018-05-16,7723.0,7745.5,7717.7998046875,7734.2001953125
2018-05-17,7734.2001953125,7788.2001953125,7713.89990234375,7788.0
2018-05-18,7788.0,7791.39990234375,7753.2998046875,7778.7998046875
2018-05-21,7778.7998046875,7868.10009765625,7778.10009765625,7859.2001953125
2018-05-22,7859.2001953125,7903.5,7854.60009765625,7877.5
2018-05-23,7877.5,7877.5,7765.2998046875,7788.39990234375
2018-05-24,7788.39990234375,7803.5,7716.7001953125,7716.7001953125
2018-05-25,7716.7001953125,7753.2998046875,7703.2998046875,7730.2998046875
2018-05-29,7730.2998046875,7730.2998046875,7610.7001953125,7632.60009765625
2018-05-30,7632.60009765625,7689.60009765625,7618.10009765625,7689.60009765625
2018-05-31,7689.60009765625,7727.5,7651.10009765625,7678.2001953125
2018-06-01,7678.2001953125,7746.7001953125,7678.2001953125,7701.7998046875
2018-06-04,7701.7998046875,7772.10009765625,7701.7001953125,7741.2998046875
2018-06-05,7741.2998046875,7744.5,7686.60009765625,7686.7998046875
2018-06-06,7686.7998046875,7730.5,7671.60009765625,7712.39990234375
2018-06-07,7712.39990234375,7756.7001953125,7698.2001953125,7704.39990234375
2018-06-08,7704.39990234375,7714.2998046875,7637.5,7681.10009765625
2018-06-11,7681.10009765625,7756.0,7681.10009765625,7737.39990234375
2018-06-12,7737.39990234375,7762.7998046875,7701.2998046875,7703.7998046875
2018-06-13,7703.7998046875,7746.7001953125,7677.2001953125,7703.7001953125
2018-06-14,7703.7001953125,7793.5,7650.2001953125,7765.7998046875
2018-06-15,7765.7998046875,7781.0,7633.89990234375,7633.89990234375
2018-06-18,7633.89990234375,7645.5,7601.60009765625,7631.2998046875
2018-06-19,7631.2998046875,7631.2998046875,7548.7998046875,7603.89990234375
2018-06-20,7603.89990234375,7705.2001953125,7603.89990234375,7627.39990234375
2018-06-21,7627.39990234375,7670.7998046875,7548.10009765625,7556.39990234375
2018-06-22,7556.39990234375,7689.39990234375,7556.2001953125,7682.2998046875
2018-06-25,7682.2998046875,7682.2998046875,7508.2998046875,7509.7998046875
2018-06-26,7509.7998046875,7564.10009765625,7509.7998046875,7537.89990234375
2018-06-27,7537.89990234375,7633.89990234375,7512.0,7621.7001953125
2018-06-28,7621.7001953125,7632.2001953125,7576.0,7615.60009765625
2018-06-29,7615.60009765625,7706.60009765625,7615.60009765625,7636.89990234375
2018-07-02,7636.89990234375,7636.89990234375,7540.7001953125,7547.89990234375
2018-07-03,7547.89990234375,7632.10009765625,7545.0,7593.2998046875
2018-07-04,7593.2998046875,7593.2998046875,7560.7998046875,7573.10009765625
2018-07-05,7573.10009765625,7624.7998046875,7572.7001953125,7603.2001953125
2018-07-06,7603.2001953125,7631.2001953125,7569.7001953125,7617.7001953125
2018-07-09,7617.7001953125,7697.5,7617.7001953125,7688.0
2018-07-10,7688.0,7715.10009765625,7677.10009765625,7692.0
2018-07-11,7692.0,7692.0,7578.2001953125,7592.0
2018-07-12,7592.0,7663.0,7592.0,7651.2998046875
2018-07-13,7651.2998046875,7716.2001953125,7651.2998046875,7661.89990234375
2018-07-16,7661.89990234375,7667.7001953125,7565.0,7600.5
2018-07-17,7600.5,7641.10009765625,7581.7998046875,7626.2998046875
2018-07-18,7626.2998046875,7685.7001953125,7625.7998046875,7676.2998046875
2018-07-19,7676.2998046875,7702.89990234375,7660.0,7684.0
2018-07-20,7684.0,7705.7998046875,7631.7001953125,7678.7998046875
2018-07-23,7678.7998046875,7678.7998046875,7621.7998046875,7655.7998046875
2018-07-24,7655.7998046875,7740.60009765625,7648.60009765625,7709.10009765625
2018-07-25,7709.10009765625,7710.2998046875,7640.60009765625,7658.2998046875
2018-07-26,7658.2998046875,7684.7001953125,7640.89990234375,7663.2001953125
2018-07-27,7663.2001953125,7717.2001953125,7663.2001953125,7701.2998046875
2018-07-30,7701.2998046875,7718.10009765625,7659.89990234375,7700.89990234375
2018-07-31,7700.89990234375,7782.89990234375,7695.7998046875,7748.7998046875
2018-08-01,7748.7998046875,7751.10009765625,7634.7001953125,7652.89990234375
2018-08-02,7652.89990234375,7652.89990234375,7549.2998046875,7575.89990234375
2018-08-03,7575.89990234375,7665.2001953125,7575.89990234375,7659.10009765625
2018-08-06,7659.10009765625,7681.89990234375,7636.60009765625,7663.7998046875
2018-08-07,7663.7998046875,7752.10009765625,7663.2001953125,7718.5
2018-08-08,7718.5,7790.2001953125,7707.2998046875,7776.7001953125
2018-08-09,7776.7001953125,7776.7998046875,7714.5,7741.7998046875
2018-08-10,7741.7998046875,7741.7998046875,7657.7001953125,7667.0
2018-08-13,7667.0,7667.2998046875,7614.5,7642.5
2018-08-14,7642.5,7665.2001953125,7599.7001953125,7611.60009765625
2018-08-15,7611.60009765625,7632.10009765625,7477.10009765625,7497.89990234375
2018-08-16,7497.89990234375,7565.2001953125,7497.89990234375,7556.39990234375
2018-08-17,7556.39990234375,7577.7001953125,7514.2998046875,7558.60009765625
2018-08-20,7558.60009765625,7616.2001953125,7558.60009765625,7591.2998046875
2018-08-21,7591.2998046875,7601.7001953125,7557.2998046875,7565.7001953125
2018-08-22,7565.7001953125,7607.2001953125,7531.2001953125,7574.2001953125
2018-08-23,7574.2001953125,7602.10009765625,7560.89990234375,7563.2001953125
2018-08-24,7563.2001953125,7587.2001953125,7557.7001953125,7577.5
2018-08-28,7577.5,7636.7001953125,7577.5,7617.2001953125
2018-08-29,7617.2001953125,7635.7001953125,7545.10009765625,7563.2001953125
2018-08-30,7563.2001953125,7563.2001953125,7497.5,7516.0
2018-08-31,7516.0,7516.5,7428.7001953125,7432.39990234375
2018-09-03,7432.39990234375,7516.10009765625,7432.2001953125,7504.60009765625
2018-09-04,7504.60009765625,7535.10009765625,7437.7001953125,7457.89990234375
2018-09-05,7457.89990234375,7457.89990234375,7358.0,7383.2998046875
2018-09-06,7383.2998046875,7397.7001953125,7313.10009765625,7319.0
2018-09-07,7319.0,7328.2998046875,7227.10009765625,7277.7001953125
2018-09-10,7277.7001953125,7307.89990234375,7256.5,7279.2998046875
2018-09-11,7279.2998046875,7280.5,7220.5,7273.5
2018-09-12,7273.5,7325.2998046875,7250.7998046875,7313.39990234375
2018-09-13,7313.39990234375,7319.60009765625,7275.10009765625,7281.60009765625
2018-09-14,7281.60009765625,7323.7998046875,7281.60009765625,7304.0
2018-09-17,7304.0,7318.7998046875,7267.7998046875,7302.10009765625
2018-09-18,7302.10009765625,7320.10009765625,7282.0,7300.2001953125
2018-09-19,7300.2001953125,7346.10009765625,7279.89990234375,7331.10009765625
2018-09-20,7331.10009765625,7368.39990234375,7324.0,7367.2998046875
2018-09-21,7367.2998046875,7495.2998046875,7367.2998046875,7490.2001953125
2018-09-24,7490.2001953125,7491.2998046875,7450.5,7458.39990234375
2018-09-25,7458.39990234375,7515.89990234375,7455.2001953125,7507.60009765625
2018-09-26,7507.60009765625,7522.10009765625,7490.2001953125,7511.5
2018-09-27,7511.5,7552.0,7490.89990234375,7545.39990234375
2018-09-28,7545.39990234375,7548.39990234375,7474.7001953125,7510.2001953125
2018-10-01,7510.2001953125,7526.2001953125,7466.7001953125,7495.7001953125
2018-10-02,7495.7001953125,7495.7001953125,7444.7998046875,7474.60009765625
2018-10-03,7474.60009765625,7524.10009765625,7474.60009765625,7510.2998046875
2018-10-04,7510.2998046875,7510.2998046875,7411.2998046875,7418.2998046875
2018-10-05,7418.2998046875,7421.10009765625,7318.5,7318.5
2018-10-08,7318.5,7319.7998046875,7233.2998046875,7233.2998046875
2018-10-09,7233.2998046875,7247.60009765625,7184.2998046875,7237.60009765625
2018-10-10,7237.60009765625,7242.2998046875,7145.7001953125,7145.7001953125
2018-10-11,7145.7001953125,7145.7001953125,6998.0,7006.89990234375
2018-10-12,7006.89990234375,7074.0,6994.7998046875,6995.89990234375
2018-10-15,6995.89990234375,7038.2001953125,6961.2998046875,7029.2001953125
2018-10-16,7029.2001953125,7062.10009765625,6998.89990234375,7059.39990234375
2018-10-17,7059.39990234375,7089.0,7019.39990234375,7054.60009765625
2018-10-18,7054.60009765625,7078.7998046875,7026.7001953125,7027.0
2018-10-19,7027.0,7070.39990234375,7012.60009765625,7049.7998046875
2018-10-22,7049.7998046875,7114.10009765625,7042.10009765625,7042.7998046875
2018-10-23,7042.7998046875,7042.7998046875,6928.7001953125,6955.2001953125
2018-10-24,6955.2001953125,7049.7998046875,6955.2001953125,6963.0
2018-10-25,6963.0,7004.10009765625,6886.0,7004.10009765625
2018-10-26,7004.10009765625,7004.2001953125,6851.60009765625,6939.60009765625
2018-10-29,6939.60009765625,7085.89990234375,6939.60009765625,7026.2998046875
2018-10-30,7026.2998046875,7060.10009765625,6983.7001953125,7035.89990234375
2018-10-31,7035.89990234375,7161.5,7035.89990234375,7128.10009765625
2018-11-01,7128.10009765625,7165.60009765625,7085.7001953125,7114.7001953125
2018-11-02,7114.7001953125,7196.39990234375,7094.10009765625,7094.10009765625
2018-11-05,7094.10009765625,7140.39990234375,7077.39990234375,7103.7998046875
2018-11-06,7103.7998046875,7117.5,7027.5,7040.7001953125
2018-11-07,7040.7001953125,7136.7998046875,7040.7001953125,7117.2998046875
2018-11-08,7117.2998046875,7171.7001953125,7115.0,7140.7001953125
2018-11-09,7140.7001953125,7140.7001953125,7070.7998046875,7105.2998046875
2018-11-12,7105.2998046875,7186.2998046875,7053.10009765625,7053.10009765625
2018-11-13,7053.10009765625,7104.0,7016.60009765625,7053.7998046875
2018-11-14,7053.7998046875,7113.60009765625,6979.7001953125,7033.7998046875
2018-11-15,7033.7998046875,7081.89990234375,6979.60009765625,7038.0
2018-11-16,7038.0,7092.39990234375,6969.0,7013.89990234375
2018-11-19,7013.89990234375,7070.5,6997.7998046875,7000.89990234375
2018-11-20,7000.89990234375,7010.10009765625,6904.2001953125,6947.89990234375
2018-11-21,6947.89990234375,7058.60009765625,6947.89990234375,7050.2001953125
2018-11-22,7050.2001953125,7050.39990234375,6945.0,6960.2998046875
2018-11-23,6960.2998046875,6987.5,6912.2998046875,6952.89990234375
2018-11-26,6952.89990234375,7051.0,6952.89990234375,7036.0
2018-11-27,7036.0,7043.7001953125,6984.0,7016.89990234375
2018-11-28,7016.89990234375,7057.0,6987.2998046875,7004.5
2018-11-29,7004.5,7078.39990234375,7004.5,7039.0
2018-11-30,7039.0,7042.10009765625,6965.60009765625,6980.2001953125
2018-12-03,6980.2001953125,7145.5,6980.2001953125,7062.39990234375
2018-12-04,7062.39990234375,7095.0,7002.7001953125,7022.7998046875
2018-12-05,7022.7998046875,7028.7001953125,6921.7998046875,6921.7998046875
2018-12-06,6921.7998046875,6921.7998046875,6673.60009765625,6704.10009765625
2018-12-07,6704.10009765625,6868.2998046875,6704.10009765625,6778.10009765625
2018-12-10,6778.10009765625,6815.7998046875,6719.2001953125,6721.5
2018-12-11,6721.5,6857.60009765625,6721.5,6806.89990234375
2018-12-12,6806.89990234375,6902.2001953125,6806.89990234375,6880.2001953125
2018-12-13,6880.2001953125,6908.5,6849.0,6877.5
2018-12-14,6877.5,6877.5,6788.7001953125,6845.2001953125
2018-12-17,6845.2001953125,6845.2001953125,6761.39990234375,6773.2001953125
2018-12-18,6773.2001953125,6773.2001953125,6701.60009765625,6701.60009765625
2018-12-19,6701.60009765625,6785.2001953125,6698.2001953125,6765.89990234375
2018-12-20,6765.89990234375,6765.89990234375,6646.5,6711.89990234375
2018-12-21,6711.89990234375,6733.0,6653.7001953125,6721.2001953125
2018-12-24,6721.2001953125,6721.2001953125,6661.0,6686.0
2018-12-27,6686.0,6728.5,6536.5,6584.7001953125
2018-12-28,6584.7001953125,6742.5,6584.7001953125,6734.0
2018-12-31,6734.0,6752.5,6718.2998046875,6728.10009765625
2019-01-02,6728.10009765625,6753.2998046875,6599.5,6734.2001953125
2019-01-03,6734.2001953125,6753.10009765625,6685.10009765625,6692.7001953125
2019-01-04,6692.7001953125,6850.39990234375,6692.5,6837.39990234375
2019-01-07,6837.39990234375,6874.10009765625,6778.0,6810.89990234375
2019-01-08,6810.89990234375,6901.5,6804.89990234375,6861.60009765625
2019-01-09,6861.60009765625,6938.2998046875,6861.60009765625,6906.60009765625
2019-01-10,6906.60009765625,6948.2001953125,6860.7998046875,6942.89990234375
2019-01-11,6942.89990234375,7001.89990234375,6902.7001953125,6918.2001953125
2019-01-14,6918.2001953125,6918.2001953125,6841.7001953125,6855.0
2019-01-15,6855.0,6910.5,6849.60009765625,6895.0
2019-01-16,6895.0,6912.39990234375,6848.60009765625,6862.7001953125
2019-01-17,6862.7001953125,6862.7001953125,6799.0,6834.89990234375
2019-01-18,6834.89990234375,6984.39990234375,6834.89990234375,6968.2998046875
2019-01-21,6968.2998046875,6987.89990234375,6954.5,6970.60009765625
2019-01-22,6970.60009765625,6970.60009765625,6880.7001953125,6901.39990234375
2019-01-23,6901.39990234375,6901.60009765625,6834.2998046875,6842.89990234375
2019-01-24,6842.89990234375,6854.60009765625,6802.0,6819.0
2019-01-25,6819.0,6858.2001953125,6806.7998046875,6809.2001953125
2019-01-28,6809.2001953125,6812.5,6734.0,6747.10009765625
2019-01-29,6747.10009765625,6860.2998046875,6747.10009765625,6833.89990234375
2019-01-30,6833.89990234375,6967.7001953125,6833.89990234375,6941.60009765625
2019-01-31,6941.60009765625,6994.89990234375,6941.10009765625,6968.89990234375
2019-02-01,6968.89990234375,7024.5,6968.89990234375,7020.2001953125
2019-02-04,7020.2001953125,7046.60009765625,7002.39990234375,7034.10009765625
2019-02-05,7034.10009765625,7180.7001953125,7033.60009765625,7177.39990234375
2019-02-06,7177.39990234375,7184.2001953125,7146.7001953125,7173.10009765625
2019-02-07,7173.10009765625,7187.5,7093.60009765625,7093.60009765625
2019-02-08,7093.60009765625,7115.7998046875,7064.89990234375,7071.2001953125
2019-02-11,7071.2001953125,7149.2001953125,7071.2001953125,7129.10009765625
2019-02-12,7129.10009765625,7168.60009765625,7121.7001953125,7133.10009765625
2019-02-13,7133.10009765625,7205.10009765625,7133.10009765625,7190.7998046875
2019-02-14,7190.7998046875,7232.7998046875,7183.0,7197.0
2019-02-15,7197.0,7261.60009765625,7185.2001953125,7236.7001953125
2019-02-18,7236.7001953125,7242.10009765625,7209.7001953125,7219.5
2019-02-19,7219.5,7219.5,7162.7998046875,7179.2001953125
2019-02-20,7179.2001953125,7234.2001953125,7178.0,7228.60009765625
2019-02-21,7228.60009765625,7228.7998046875,7141.89990234375,7167.39990234375
2019-02-22,7167.39990234375,7220.5,7162.39990234375,7178.60009765625
2019-02-25,7178.60009765625,7210.7001953125,7158.2001953125,7183.7001953125
2019-02-26,7183.7001953125,7183.7998046875,7091.60009765625,7151.10009765625
2019-02-27,7151.10009765625,7151.10009765625,7082.60009765625,7107.2001953125
2019-02-28,7107.2001953125,7107.2001953125,7041.0,7074.7001953125
2019-03-01,7074.7001953125,7129.7001953125,7074.7001953125,7106.7001953125
2019-03-04,7106.7001953125,7166.2001953125,7106.7001953125,7134.39990234375
2019-03-05,7134.39990234375,7191.7001953125,7127.2001953125,7183.39990234375
2019-03-06,7183.39990234375,7211.7998046875,7170.2998046875,7196.0
2019-03-07,7196.0,7196.0,7126.60009765625,7157.60009765625
2019-03-08,7157.60009765625,7157.60009765625,7077.89990234375,7104.2998046875
2019-03-11,7104.2998046875,7181.60009765625,7104.2998046875,7130.60009765625
2019-03-12,7130.60009765625,7166.60009765625,7083.2001953125,7151.2001953125
2019-03-13,7151.2001953125,7181.89990234375,7128.7001953125,7159.2001953125
2019-03-14,7159.2001953125,7215.5,7148.10009765625,7185.39990234375
2019-03-15,7185.39990234375,7243.7998046875,7185.39990234375,7228.2998046875
2019-03-18,7228.2998046875,7299.2001953125,7228.2001953125,7299.2001953125
2019-03-19,7299.2001953125,7350.10009765625,7294.5,7324.0
2019-03-20,7324.0,7341.60009765625,7291.0,7291.0
2019-03-21,7291.0,7370.60009765625,7290.60009765625,7355.2998046875
2019-03-22,7355.2998046875,7356.39990234375,7192.7998046875,7207.60009765625
2019-03-25,7207.60009765625,7208.10009765625,7146.7998046875,7177.60009765625
2019-03-26,7177.60009765625,7221.0,7169.39990234375,7196.2998046875
2019-03-27,7196.2998046875,7222.60009765625,7160.10009765625,7194.2001953125
2019-03-28,7194.2001953125,7265.5,7190.89990234375,7234.2998046875
2019-03-29,7234.2998046875,7287.7001953125,7223.2998046875,7279.2001953125
2019-04-01,7279.2001953125,7352.2001953125,7279.2001953125,7317.39990234375
2019-04-02,7317.39990234375,7403.60009765625,7316.7998046875,7391.10009765625
2019-04-03,7391.10009765625,7418.2998046875,7380.89990234375,7418.2998046875
2019-04-04,7418.2998046875,7418.39990234375,7367.39990234375,7401.89990234375
2019-04-05,7401.89990234375,7461.39990234375,7400.7998046875,7446.89990234375
2019-04-08,7446.89990234375,7459.89990234375,7420.39990234375,7451.89990234375
2019-04-09,7451.89990234375,7477.60009765625,7413.2998046875,7425.60009765625
2019-04-10,7425.60009765625,7441.39990234375,7409.39990234375,7421.89990234375
2019-04-11,7421.89990234375,7441.89990234375,7383.5,7418.0
2019-04-12,7418.0,7454.7998046875,7415.0,7437.10009765625
2019-04-15,7437.10009765625,7447.10009765625,7420.2998046875,7436.89990234375
2019-04-16,7436.89990234375,7485.89990234375,7436.89990234375,7469.89990234375
2019-04-17,7469.89990234375,7479.0,7445.10009765625,7471.2998046875
2019-04-18,7471.2998046875,7475.89990234375,7437.89990234375,7459.89990234375
2019-04-23,7459.89990234375,7528.89990234375,7459.89990234375,7523.10009765625
2019-04-24,7523.10009765625,7523.7998046875,7456.7001953125,7471.7998046875
2019-04-25,7471.7998046875,7473.2998046875,7406.0,7434.10009765625
2019-04-26,7434.10009765625,7442.2001953125,7398.60009765625,7428.2001953125
2019-04-29,7428.2001953125,7456.5,7406.5,7440.7001953125
2019-04-30,7440.7001953125,7451.2998046875,7394.10009765625,7418.2001953125
2019-05-01,7418.2001953125,7446.5,7379.7001953125,7385.2998046875
2019-05-02,7385.2998046875,7393.89990234375,7339.5,7351.2998046875
2019-05-03,7351.2998046875,7418.2001953125,7350.0,7380.60009765625
2019-05-07,7380.60009765625,7380.60009765625,7251.0,7260.5
2019-05-08,7260.5,7278.2998046875,7222.89990234375,7271.0
2019-05-09,7271.0,7271.0,7192.2001953125,7207.39990234375
2019-05-10,7207.39990234375,7268.2001953125,7189.89990234375,7203.2998046875
2019-05-13,7203.2998046875,7217.10009765625,7150.89990234375,7163.7001953125
2019-05-14,7163.7001953125,7241.60009765625,7163.7001953125,7241.60009765625
2019-05-15,7241.60009765625,7303.7001953125,7223.10009765625,7297.0
2019-05-16,7297.0,7353.5,7265.7998046875,7353.5
2019-05-17,7353.5,7354.2001953125,7307.2998046875,7348.60009765625
2019-05-20,7348.60009765625,7360.2998046875,7268.60009765625,7310.89990234375
2019-05-21,7310.89990234375,7370.0,7310.89990234375,7328.89990234375
2019-05-22,7328.89990234375,7373.2998046875,7313.60009765625,7334.2001953125
2019-05-23,7334.2001953125,7334.2001953125,7211.2998046875,7231.0
2019-05-24,7231.0,7303.0,7231.0,7277.7001953125
2019-05-28,7277.7001953125,7314.89990234375,7262.7998046875,7269.0
2019-05-29,7269.0,7269.0,7151.39990234375,7185.2998046875
2019-05-30,7185.2998046875,7236.7001953125,7180.60009765625,7218.2001953125
2019-05-31,7218.2001953125,7218.2001953125,7130.89990234375,7161.7001953125
2019-06-03,7161.7001953125,7186.7001953125,7079.7001953125,7184.7998046875
2019-06-04,7184.7998046875,7224.0,7138.10009765625,7214.2998046875
2019-06-05,7216.7001953125,7259.2001953125,7201.39990234375,7220.2001953125
2019-06-06,7220.2001953125,7275.7001953125,7218.7001953125,7259.89990234375
2019-06-07,7259.89990234375,7347.39990234375,7258.2001953125,7331.89990234375
2019-06-10,7331.89990234375,7380.10009765625,7331.89990234375,7375.5
2019-06-11,7375.5,7420.7001953125,7375.5,7398.5
2019-06-12,7398.5,7398.5,7329.2998046875,7367.60009765625
2019-06-13,7367.60009765625,7398.60009765625,7351.0,7368.60009765625
2019-06-14,7368.60009765625,7368.7998046875,7316.39990234375,7345.7998046875
2019-06-17,7345.7998046875,7370.7001953125,7324.5,7357.2998046875
2019-06-18,7357.2998046875,7469.2001953125,7345.60009765625,7443.0
2019-06-19,7443.0,7454.89990234375,7399.2001953125,7403.5
2019-06-20,7403.5,7460.7998046875,7403.5,7424.39990234375
2019-06-21,7424.39990234375,7456.7998046875,7382.89990234375,7407.5
2019-06-24,7407.5,7435.5,7399.60009765625,7416.7001953125
2019-06-25,7416.7001953125,7429.7001953125,7373.2001953125,7422.39990234375
2019-06-26,7422.39990234375,7435.89990234375,7405.5,7416.39990234375
2019-06-27,7416.39990234375,7439.39990234375,7375.5,7402.2998046875
2019-06-28,7402.2998046875,7436.2001953125,7398.89990234375,7425.60009765625
2019-07-01,7425.60009765625,7530.2001953125,7425.60009765625,7497.5
2019-07-02,7497.5,7565.2998046875,7497.5,7559.2001953125
2019-07-03,7559.2001953125,7621.0,7558.5,7609.2998046875
2019-07-04,7609.2998046875,7622.60009765625,7601.2998046875,7603.60009765625
2019-07-05,7603.60009765625,7603.60009765625,7541.89990234375,7553.10009765625
2019-07-08,7553.10009765625,7571.2998046875,7538.7001953125,7549.2998046875
2019-07-09,7549.2998046875,7553.2998046875,7517.89990234375,7536.5
2019-07-10,7536.5,7559.10009765625,7515.60009765625,7530.7001953125
2019-07-11,7530.7001953125,7558.2998046875,7501.7001953125,7509.7998046875
2019-07-12,7509.7998046875,7537.10009765625,7493.7998046875,7506.0
2019-07-15,7506.0,7548.2998046875,7487.39990234375,7531.7001953125
2019-07-16,7531.7001953125,7590.10009765625,7524.5,7577.2001953125
2019-07-17,7577.2001953125,7577.2001953125,7519.2001953125,7535.5
2019-07-18,7535.5,7535.5,7482.60009765625,7493.10009765625
2019-07-19,7493.10009765625,7546.7001953125,7475.5,7508.7001953125
2019-07-22,7508.7001953125,7549.7001953125,7491.7998046875,7514.89990234375
2019-07-23,7514.89990234375,7598.60009765625,7514.89990234375,7556.89990234375
2019-07-24,7556.89990234375,7558.0,7479.10009765625,7501.5
2019-07-25,7501.5,7542.60009765625,7462.7001953125,7489.10009765625
2019-07-26,7489.10009765625,7553.60009765625,7486.7001953125,7549.10009765625
2019-07-29,7549.10009765625,7711.2998046875,7548.89990234375,7686.60009765625
2019-07-30,7686.60009765625,7727.5,7643.7001953125,7646.7998046875
2019-07-31,7646.7998046875,7648.2001953125,7576.10009765625,7586.7998046875
2019-08-01,7586.7998046875,7610.0,7535.89990234375,7584.89990234375
2019-08-02,7584.89990234375,7585.2001953125,7397.89990234375,7407.10009765625
2019-08-05,7407.10009765625,7407.10009765625,7200.5,7223.89990234375
2019-08-06,7223.89990234375,7241.60009765625,7167.0,7171.7001953125
2019-08-07,7171.7001953125,7237.89990234375,7153.89990234375,7198.7001953125
2019-08-08,7198.7001953125,7285.89990234375,7191.2998046875,7285.89990234375
2019-08-09,7285.89990234375,7297.2998046875,7237.10009765625,7253.89990234375
2019-08-12,7253.89990234375,7305.60009765625,7207.5,7226.7001953125
2019-08-13,7226.7001953125,7281.10009765625,7166.89990234375,7250.89990234375
2019-08-14,7250.89990234375,7268.7001953125,7112.10009765625,7147.89990234375
2019-08-15,7147.89990234375,7148.7998046875,7020.2001953125,7067.0
2019-08-16,7067.0,7125.89990234375,7067.0,7117.2001953125
2019-08-19,7117.2001953125,7214.2001953125,7117.2001953125,7189.7001953125
2019-08-20,7189.7001953125,7231.7001953125,7121.2001953125,7125.0
2019-08-21,7125.0,7215.5,7122.10009765625,7204.0
2019-08-22,7204.0,7204.0,7103.7001953125,7128.2001953125
2019-08-23,7128.2001953125,7188.60009765625,7095.0,7095.0
2019-08-27,7095.0,7110.7998046875,7044.7001953125,7089.60009765625
2019-08-28,7089.60009765625,7131.2001953125,7050.0,7114.7001953125
2019-08-29,7114.7001953125,7199.2001953125,7103.10009765625,7184.2998046875
2019-08-30,7184.2998046875,7240.39990234375,7179.7001953125,7207.2001953125
2019-09-02,7207.2001953125,7315.2998046875,7206.89990234375,7281.89990234375
2019-09-03,7281.89990234375,7301.5,7239.10009765625,7268.2001953125
2019-09-04,7268.2001953125,7334.60009765625,7268.2001953125,7311.2998046875
2019-09-05,7311.2998046875,7330.7001953125,7250.60009765625,7271.2001953125
2019-09-06,7271.2001953125,7284.10009765625,7244.10009765625,7282.2998046875
2019-09-09,7282.2998046875,7325.2001953125,7206.0,7235.7998046875
2019-09-10,7235.7998046875,7270.5,7199.39990234375,7268.0
2019-09-11,7268.0,7346.7001953125,7268.0,7338.0
2019-09-12,7338.0,7369.2998046875,7303.2001953125,7344.7001953125
2019-09-13,7344.7001953125,7380.2998046875,7318.2001953125,7367.5
2019-09-16,7367.5,7378.2998046875,7321.39990234375,7321.39990234375
2019-09-17,7321.39990234375,7350.2001953125,7292.2001953125,7320.39990234375
2019-09-18,7320.39990234375,7350.5,7300.39990234375,7314.10009765625
2019-09-19,7314.10009765625,7373.10009765625,7290.7001953125,7356.39990234375
2019-09-20,7356.39990234375,7376.2998046875,7322.0,7344.89990234375
2019-09-23,7344.89990234375,7362.2998046875,7284.7998046875,7326.10009765625
2019-09-24,7326.10009765625,7349.0,7281.89990234375,7291.39990234375
2019-09-25,7291.39990234375,7292.0,7213.0,7290.0
2019-09-26,7290.0,7387.10009765625,7277.2001953125,7351.10009765625
2019-09-27,7351.10009765625,7440.7998046875,7351.0,7426.2001953125
2019-09-30,7426.2001953125,7439.60009765625,7402.2001953125,7408.2001953125
2019-10-01,7408.2001953125,7433.2001953125,7352.7998046875,7360.2998046875
2019-10-02,7360.2998046875,7360.2998046875,7119.7001953125,7122.5
2019-10-03,7122.5,7129.0,7004.39990234375,7077.60009765625
2019-10-04,7077.60009765625,7157.7998046875,7077.39990234375,7155.39990234375
2019-10-07,7155.39990234375,7206.89990234375,7133.0,7197.89990234375
2019-10-08,7197.89990234375,7223.89990234375,7143.2001953125,7143.2001953125
2019-10-09,7143.2001953125,7196.39990234375,7139.89990234375,7166.5
2019-10-10,7166.5,7212.89990234375,7130.5,7186.39990234375
2019-10-11,7186.39990234375,7250.10009765625,7144.7001953125,7247.10009765625
2019-10-14,7247.10009765625,7251.7998046875,7194.2001953125,7213.5
2019-10-15,7213.5,7242.39990234375,7176.7001953125,7211.60009765625
2019-10-16,7211.60009765625,7217.60009765625,7149.7998046875,7168.0
2019-10-17,7168.0,7237.7998046875,7162.0,7182.2998046875
2019-10-18,7182.2998046875,7197.10009765625,7146.10009765625,7150.60009765625
2019-10-21,7150.60009765625,7197.5,7139.39990234375,7163.60009765625
2019-10-22,7163.60009765625,7230.2001953125,7146.7001953125,7212.5
2019-10-23,7212.5,7265.89990234375,7194.10009765625,7260.7001953125
2019-10-24,7260.7001953125,7338.89990234375,7255.5,7328.2998046875
2019-10-25,7328.2998046875,7331.2001953125,7279.7998046875,7324.5
2019-10-28,7324.5,7346.89990234375,7291.60009765625,7331.2998046875
2019-10-29,7331.2998046875,7335.7001953125,7264.7001953125,7306.2998046875
2019-10-30,7306.2998046875,7334.0,7278.2001953125,7330.7998046875
2019-10-31,7330.7998046875,7335.2001953125,7245.2001953125,7248.39990234375
2019-11-01,7248.39990234375,7307.2001953125,7248.39990234375,7302.39990234375
2019-11-04,7302.39990234375,7392.7001953125,7302.39990234375,7369.7001953125
2019-11-05,7369.7001953125,7402.7998046875,7369.60009765625,7388.10009765625
2019-11-06,7388.10009765625,7398.7998046875,7363.60009765625,7396.7001953125
2019-11-07,7396.7001953125,7431.89990234375,7396.0,7406.39990234375
2019-11-08,7406.39990234375,7406.7998046875,7349.10009765625,7359.39990234375
2019-11-11,7359.39990234375,7359.39990234375,7258.5,7328.5
2019-11-12,7328.5,7390.0,7328.2001953125,7365.39990234375
2019-11-13,7365.39990234375,7365.39990234375,7301.7001953125,7351.2001953125
2019-11-14,7351.2001953125,7351.2998046875,7292.7998046875,7292.7998046875
2019-11-15,7292.7998046875,7335.60009765625,7243.2001953125,7302.89990234375
2019-11-18,7302.89990234375,7335.39990234375,7293.39990234375,7307.7001953125
2019-11-19,7307.7001953125,7404.5,7307.7001953125,7323.7998046875
2019-11-20,7323.7998046875,7323.7998046875,7219.10009765625,7262.5
2019-11-21,7262.5,7262.5,7197.2998046875,7238.60009765625
2019-11-22,7238.60009765625,7343.2998046875,7238.5,7326.7998046875
2019-11-25,7326.7998046875,7401.7998046875,7326.7998046875,7396.2998046875
2019-11-26,7396.2998046875,7421.2998046875,7385.0,7403.10009765625
2019-11-27,7403.10009765625,7446.0,7400.39990234375,7429.7998046875
2019-11-28,7429.7998046875,7429.7998046875,7385.2998046875,7416.39990234375
2019-11-29,7416.39990234375,7421.39990234375,7346.5,7346.5
2019-12-02,7346.5,7400.2998046875,7277.0,7285.89990234375
2019-12-03,7285.89990234375,7285.89990234375,7134.89990234375,7158.7998046875
2019-12-04,7158.7998046875,7190.0,7139.89990234375,7188.5
2019-12-05,7188.5,7194.7998046875,7131.2001953125,7137.89990234375
2019-12-06,7137.89990234375,7241.5,7137.89990234375,7239.7001953125
2019-12-09,7239.7001953125,7255.7001953125,7217.7998046875,7233.89990234375
2019-12-10,7233.89990234375,7234.39990234375,7137.7998046875,7213.7998046875
2019-12-11,7213.7998046875,7250.7001953125,7195.5,7216.2998046875
2019-12-12,7216.2998046875,7307.39990234375,7216.10009765625,7273.5
2019-12-13,7273.5,7429.0,7223.39990234375,7353.39990234375
2019-12-16,7353.39990234375,7552.7001953125,7353.2001953125,7519.10009765625
2019-12-17,7519.10009765625,7537.7001953125,7497.2001953125,7525.2998046875
2019-12-18,7525.2998046875,7557.10009765625,7515.2001953125,7540.7998046875
2019-12-19,7540.7998046875,7575.89990234375,7526.10009765625,7573.7998046875
2019-12-20,7573.7998046875,7599.5,7564.60009765625,7582.5
2019-12-23,7582.5,7628.2001953125,7559.60009765625,7623.60009765625
2019-12-24,7623.60009765625,7636.2001953125,7608.2001953125,7632.2001953125
2019-12-27,7632.2001953125,7665.39990234375,7622.5,7644.89990234375
2019-12-30,7644.89990234375,7644.89990234375,7587.10009765625,7587.10009765625
2019-12-31,7587.10009765625,7587.39990234375,7532.39990234375,7542.39990234375
2020-01-02,7542.39990234375,7624.7998046875,7542.39990234375,7604.2998046875
2020-01-03,7604.2998046875,7626.39990234375,7551.0,7622.39990234375
2020-01-06,7622.39990234375,7622.39990234375,7528.10009765625,7575.2998046875
2020-01-07,7575.2998046875,7604.60009765625,7562.10009765625,7573.89990234375
2020-01-08,7573.89990234375,7579.5,7525.0,7574.89990234375
2020-01-09,7574.89990234375,7627.7998046875,7574.89990234375,7598.10009765625
2020-01-10,7598.10009765625,7632.0,7585.10009765625,7587.89990234375
2020-01-13,7587.89990234375,7635.7998046875,7582.5,7617.60009765625
2020-01-14,7617.60009765625,7650.7001953125,7588.7998046875,7622.39990234375
2020-01-15,7622.39990234375,7642.7998046875,7609.39990234375,7642.7998046875
2020-01-16,7642.7998046875,7653.60009765625,7595.2998046875,7609.7998046875
2020-01-17,7609.7998046875,7689.7001953125,7609.7998046875,7674.60009765625
2020-01-20,7674.60009765625,7682.7998046875,7639.60009765625,7651.39990234375
2020-01-21,7651.39990234375,7651.39990234375,7550.5,7610.7001953125
2020-01-22,7610.7001953125,7637.39990234375,7563.5,7571.89990234375
2020-01-23,7571.89990234375,7572.10009765625,7503.2001953125,7507.7001953125
2020-01-24,7507.7001953125,7642.2001953125,7507.60009765625,7586.0
2020-01-27,7586.0,7586.0,7392.7998046875,7412.10009765625
2020-01-28,7412.10009765625,7491.39990234375,7410.39990234375,7480.7001953125
2020-01-29,7480.7001953125,7514.7001953125,7462.2001953125,7483.60009765625
2020-01-30,7483.60009765625,7483.60009765625,7357.60009765625,7382.0
2020-01-31,7382.0,7398.2998046875,7275.0,7286.0
2020-02-03,7286.0,7360.0,7285.2001953125,7326.2998046875
2020-02-04,7326.2998046875,7442.10009765625,7326.2998046875,7439.7998046875
2020-02-05,7439.7998046875,7512.39990234375,7408.5,7482.5
2020-02-06,7482.5,7533.60009765625,7482.5,7504.7998046875
2020-02-07,7504.7998046875,7506.2998046875,7441.10009765625,7466.7001953125
2020-02-10,7466.7001953125,7466.7001953125,7427.89990234375,7446.89990234375
2020-02-11,7446.89990234375,7529.5,7446.89990234375,7499.39990234375
2020-02-12,7499.39990234375,7547.7001953125,7499.0,7534.39990234375
2020-02-13,7534.39990234375,7534.39990234375,7406.89990234375,7452.0
2020-02-14,7452.0,7472.89990234375,7403.7001953125,7409.10009765625
2020-02-17,7409.10009765625,7450.0,7409.10009765625,7433.2998046875
2020-02-18,7433.2998046875,7433.2998046875,7353.39990234375,7382.0
2020-02-19,7382.0,7462.0,7382.0,7457.0
2020-02-20,7457.0,7480.5,7436.60009765625,7436.60009765625
2020-02-21,7436.60009765625,7436.7001953125,7370.60009765625,7403.89990234375
2020-02-24,7403.89990234375,7403.89990234375,7114.5,7156.7998046875
2020-02-25,7156.7998046875,7198.2001953125,7004.89990234375,7017.89990234375
2020-02-26,7017.89990234375,7044.7001953125,6871.89990234375,7042.5
2020-02-27,7042.5,7042.5,6730.0,6796.39990234375
2020-02-28,6796.39990234375,6796.39990234375,6460.10009765625,6580.60009765625
2020-03-02,6580.60009765625,6775.2001953125,6496.0,6654.89990234375
2020-03-03,6654.89990234375,6846.2998046875,6654.89990234375,6718.2001953125
2020-03-04,6718.2001953125,6856.2998046875,6700.2001953125,6815.60009765625
2020-03-05,6815.60009765625,6834.10009765625,6662.60009765625,6705.39990234375
2020-03-06,6705.39990234375,6705.39990234375,6431.39990234375,6462.60009765625
2020-03-09,6462.60009765625,6462.60009765625,5891.60009765625,5965.7998046875
2020-03-10,5965.7998046875,6231.10009765625,5927.89990234375,5960.2001953125
2020-03-11,5960.2001953125,6088.5,5860.7998046875,5876.5
2020-03-12,5876.5,5876.5,5237.5,5237.5
2020-03-13,5237.5,5696.5,5237.5,5366.10009765625
2020-03-16,5366.10009765625,5366.10009765625,4898.7998046875,5151.10009765625
2020-03-17,5151.10009765625,5309.0,4978.7998046875,5294.89990234375
2020-03-18,5294.89990234375,5294.89990234375,5006.2001953125,5080.60009765625
2020-03-19,5080.60009765625,5181.0,4942.39990234375,5151.60009765625
2020-03-20,5151.60009765625,5419.2998046875,5151.60009765625,5190.7998046875
2020-03-23,5190.7998046875,5194.7998046875,4922.7998046875,4993.89990234375
2020-03-24,4993.89990234375,5446.0,4993.89990234375,5446.0
2020-03-25,5446.0,5741.39990234375,5400.5,5688.2001953125
2020-03-26,5688.2001953125,5815.7001953125,5503.39990234375,5815.7001953125
2020-03-27,5815.7001953125,5815.7001953125,5407.10009765625,5510.2998046875
2020-03-30,5510.2998046875,5567.2001953125,5351.7998046875,5563.7001953125
2020-03-31,5563.7001953125,5702.7001953125,5545.89990234375,5672.0
2020-04-01,5672.0,5672.0,5414.7001953125,5454.60009765625
2020-04-02,5454.60009765625,5552.39990234375,5395.10009765625,5480.2001953125
2020-04-03,5480.2001953125,5486.2998046875,5396.7001953125,5415.5
2020-04-06,5415.5,5590.60009765625,5415.5,5582.39990234375
2020-04-07,5582.39990234375,5780.2001953125,5582.39990234375,5704.5
2020-04-08,5704.5,5704.5,5589.7001953125,5677.7001953125
2020-04-09,5677.7001953125,5842.7001953125,5677.7001953125,5842.7001953125
2020-04-14,5842.7001953125,5894.7001953125,5779.0,5791.2998046875
2020-04-15,5791.2998046875,5791.7001953125,5576.39990234375,5597.7001953125
2020-04-16,5597.7001953125,5657.60009765625,5577.7998046875,5628.39990234375
2020-04-17,5628.39990234375,5839.2998046875,5628.39990234375,5787.0
2020-04-20,5787.0,5823.89990234375,5707.7001953125,5812.7998046875
2020-04-21,5812.7998046875,5812.7998046875,5641.0,5641.0
2020-04-22,5641.0,5777.10009765625,5641.0,5770.60009765625
2020-04-23,5770.60009765625,5843.60009765625,5735.89990234375,5826.60009765625
2020-04-24,5826.60009765625,5827.2001953125,5728.7998046875,5752.2001953125
2020-04-27,5752.2001953125,5855.60009765625,5752.2001953125,5846.7998046875
2020-04-28,5846.7998046875,5977.7998046875,5835.89990234375,5958.5
2020-04-29,5958.5,6129.60009765625,5950.7998046875,6115.2998046875
2020-04-30,6115.2998046875,6151.60009765625,5897.89990234375,5901.2001953125
2020-05-01,5901.2001953125,5901.2001953125,5746.10009765625,5763.10009765625
2020-05-04,5763.10009765625,5792.89990234375,5702.0,5753.7998046875
2020-05-05,5753.7998046875,5869.5,5753.7998046875,5849.39990234375
2020-05-06,5849.39990234375,5897.39990234375,5839.60009765625,5853.7998046875
2020-05-07,5853.7998046875,5941.89990234375,5853.60009765625,5936.0
2020-05-11,5936.0,5999.10009765625,5898.2998046875,5939.7001953125
2020-05-12,5939.7001953125,6013.0,5911.39990234375,5994.7998046875
2020-05-13,5994.7998046875,5994.7998046875,5893.39990234375,5904.10009765625
2020-05-14,5904.10009765625,5904.10009765625,5661.10009765625,5741.5
2020-05-15,5741.5,5837.89990234375,5741.5,5799.7998046875
2020-05-18,5799.7998046875,6058.2001953125,5799.60009765625,6048.60009765625
2020-05-19,6048.60009765625,6112.0,5965.10009765625,6002.2001953125
2020-05-20,6002.2001953125,6074.5,5961.60009765625,6067.2001953125
2020-05-21,6067.2001953125,6093.7001953125,6004.10009765625,6015.2998046875
2020-05-22,6015.2998046875,6015.2998046875,5888.60009765625,5993.2998046875
2020-05-26,5993.2998046875,6130.10009765625,5993.2998046875,6067.7998046875
2020-05-27,6067.7998046875,6168.0,6067.7998046875,6144.2998046875
2020-05-28,6144.2998046875,6234.0,6144.2998046875,6218.7998046875
2020-05-29,6218.7998046875,6218.7998046875,6060.2001953125,6076.60009765625
2020-06-01,6076.60009765625,6179.2998046875,6076.60009765625,6166.39990234375
2020-06-02,6166.39990234375,6238.2998046875,6165.10009765625,6220.10009765625
2020-06-03,6220.10009765625,6394.7001953125,6220.10009765625,6382.39990234375
2020-06-04,6382.39990234375,6402.60009765625,6314.60009765625,6341.39990234375
2020-06-05,6341.39990234375,6490.0,6341.39990234375,6484.2998046875
2020-06-08,6484.2998046875,6511.7998046875,6423.10009765625,6472.60009765625
2020-06-09,6472.60009765625,6475.0,6325.10009765625,6335.7001953125
2020-06-10,6335.7001953125,6387.39990234375,6293.7998046875,6329.10009765625
2020-06-11,6329.10009765625,6329.10009765625,6076.7001953125,6076.7001953125
2020-06-12,6076.7001953125,6184.2998046875,5993.2001953125,6105.2001953125
2020-06-15,6105.2001953125,6105.2001953125,5952.39990234375,6064.7001953125
2020-06-16,6064.7001953125,6299.0,6064.7001953125,6242.7998046875
2020-06-17,6242.7998046875,6309.7001953125,6233.2001953125,6253.2998046875
2020-06-18,6253.2998046875,6285.0,6184.89990234375,6224.10009765625
2020-06-19,6224.10009765625,6319.7998046875,6224.10009765625,6292.60009765625
2020-06-22,6292.60009765625,6309.0,6225.5,6244.60009765625
2020-06-23,6244.60009765625,6342.2001953125,6244.60009765625,6320.10009765625
2020-06-24,6320.10009765625,6320.10009765625,6123.7001953125,6123.7001953125
2020-06-25,6123.7001953125,6162.39990234375,6029.2998046875,6147.10009765625
2020-06-26,6147.10009765625,6262.10009765625,6147.10009765625,6159.2998046875
2020-06-29,6159.2998046875,6252.0,6123.0,6225.7998046875
2020-06-30,6225.7998046875,6237.5,6147.0,6169.7001953125
2020-07-01,6169.7001953125,6202.0,6084.5,6158.0
2020-07-02,6158.0,6258.60009765625,6158.0,6240.39990234375
2020-07-03,6240.39990234375,6262.7001953125,6137.10009765625,6157.2998046875
2020-07-06,6157.2998046875,6304.2001953125,6157.2998046875,6285.89990234375
2020-07-07,6285.89990234375,6285.89990234375,6180.0,6189.89990234375
2020-07-08,6189.89990234375,6208.39990234375,6144.5,6156.2001953125
2020-07-09,6156.2001953125,6176.7998046875,6040.2998046875,6049.60009765625
2020-07-10,6049.60009765625,6108.2001953125,6003.2001953125,6095.39990234375
2020-07-13,6095.39990234375,6187.2998046875,6095.39990234375,6176.2001953125
2020-07-14,6176.2001953125,6179.7998046875,6093.2001953125,6179.7998046875
2020-07-15,6179.7998046875,6323.60009765625,6179.7998046875,6292.7001953125
2020-07-16,6292.7001953125,6296.7998046875,6227.2998046875,6250.7001953125
2020-07-17,6250.7001953125,6293.7001953125,6230.0,6290.2998046875
2020-07-20,6290.2998046875,6297.60009765625,6222.2001953125,6261.5
2020-07-21,6261.5,6315.7001953125,6253.89990234375,6269.7001953125
2020-07-22,6269.7001953125,6271.0,6197.5,6207.10009765625
2020-07-23,6207.10009765625,6273.60009765625,6202.89990234375,6211.39990234375
2020-07-24,6211.39990234375,6211.39990234375,6099.10009765625,6123.7998046875
2020-07-27,6123.7998046875,6127.60009765625,6086.60009765625,6104.89990234375
2020-07-28,6104.89990234375,6149.89990234375,6083.7001953125,6129.2998046875
2020-07-29,6129.2998046875,6155.10009765625,6116.7001953125,6131.5
2020-07-30,6131.5,6145.7998046875,5924.7001953125,5990.0
2020-07-31,5990.0,6046.2998046875,5897.7998046875,5897.7998046875
2020-08-03,5897.7998046875,6038.7998046875,5857.10009765625,6032.89990234375
2020-08-04,6032.89990234375,6056.5,5986.7998046875,6036.0
2020-08-05,6036.0,6111.5,6036.0,6104.7001953125
2020-08-06,6104.7001953125,6104.7001953125,5980.39990234375,6026.89990234375
2020-08-07,6026.89990234375,6046.0,5996.7001953125,6032.2001953125
2020-08-10,6032.2001953125,6099.5,6028.5,6050.60009765625
2020-08-11,6050.60009765625,6206.0,6050.60009765625,6154.2998046875
2020-08-12,6154.2998046875,6297.2001953125,6151.60009765625,6280.10009765625
2020-08-13,6280.10009765625,6280.10009765625,6185.60009765625,6185.60009765625
2020-08-14,6185.60009765625,6185.60009765625,6036.10009765625,6090.0
2020-08-17,6090.0,6140.2001953125,6061.5,6127.39990234375
2020-08-18,6127.39990234375,6162.7001953125,6062.60009765625,6076.60009765625
2020-08-19,6076.60009765625,6114.7998046875,6045.0,6112.0
2020-08-20,6112.0,6112.0,6009.60009765625,6013.2998046875
2020-08-21,6013.2998046875,6036.5,5948.7998046875,6001.89990234375
2020-08-24,6001.89990234375,6119.7998046875,6001.89990234375,6104.7001953125
2020-08-25,6104.7001953125,6173.5,6032.10009765625,6037.0
2020-08-26,6037.0,6050.7998046875,5992.2001953125,6045.60009765625
2020-08-27,6045.60009765625,6062.5,6000.0,6000.0
2020-08-28,6000.0,6033.0,5962.5,5963.60009765625
2020-09-01,5963.60009765625,5972.5,5824.0,5862.10009765625
2020-09-02,5862.10009765625,5974.7001953125,5862.10009765625,5941.0
2020-09-03,5941.0,5996.2001953125,5838.0,5850.89990234375
2020-09-04,5850.89990234375,5904.2001953125,5778.39990234375,5799.10009765625
2020-09-07,5799.10009765625,5946.89990234375,5798.5,5937.39990234375
2020-09-08,5937.39990234375,5985.2998046875,5868.89990234375,5930.2998046875
2020-09-09,5930.2998046875,6031.2998046875,5923.39990234375,6012.7998046875
2020-09-10,6012.7998046875,6028.7998046875,5950.60009765625,6003.2998046875
2020-09-11,6003.2998046875,6057.7001953125,5992.89990234375,6032.10009765625
2020-09-14,6032.10009765625,6080.0,6011.7998046875,6026.2998046875
2020-09-15,6026.2998046875,6123.7001953125,6026.2001953125,6105.5
2020-09-16,6105.5,6119.2001953125,6057.60009765625,6078.5
2020-09-17,6078.5,6078.5,5998.7001953125,6049.89990234375
2020-09-18,6049.89990234375,6055.2001953125,6006.2998046875,6007.10009765625
2020-09-21,6007.10009765625,6007.10009765625,5779.2001953125,5804.2998046875
2020-09-22,5804.2998046875,5871.2998046875,5794.5,5829.5
2020-09-23,5829.5,5974.89990234375,5829.5,5899.2998046875
2020-09-24,5899.2998046875,5899.2998046875,5805.2998046875,5822.7998046875
2020-09-25,5822.7998046875,5843.7001953125,5771.5,5842.7001953125
2020-09-28,5842.7001953125,5954.39990234375,5842.7001953125,5927.89990234375
2020-09-29,5927.89990234375,5927.89990234375,5862.89990234375,5897.5
2020-09-30,5897.5,5931.39990234375,5854.5,5866.10009765625
2020-10-01,5866.10009765625,5925.7998046875,5849.7998046875,5879.5
2020-10-02,5879.5,5902.10009765625,5809.60009765625,5902.10009765625
2020-10-05,5902.10009765625,5974.2001953125,5902.10009765625,5942.89990234375
2020-10-06,5942.89990234375,5971.5,5903.39990234375,5949.89990234375
2020-10-07,5949.89990234375,5977.2001953125,5929.2001953125,5946.2998046875
2020-10-08,5946.2998046875,6004.2001953125,5929.39990234375,5978.0
2020-10-09,5978.0,6040.5,5978.0,6016.7001953125
2020-10-12,6016.7001953125,6037.10009765625,5995.10009765625,6001.39990234375
2020-10-13,6001.39990234375,6008.0,5950.0,5969.7001953125
2020-10-14,5969.7001953125,6009.7998046875,5926.5,5935.10009765625
2020-10-15,5935.10009765625,5935.10009765625,5786.2001953125,5832.5
2020-10-16,5832.5,5933.7998046875,5832.5,5919.60009765625
2020-10-19,5919.60009765625,5959.7001953125,5872.0,5884.7001953125
2020-10-20,5884.7001953125,5915.5,5861.7998046875,5889.2001953125
2020-10-21,5889.2001953125,5903.39990234375,5769.60009765625,5776.5
2020-10-22,5776.5,5796.39990234375,5716.39990234375,5785.7001953125
2020-10-23,5785.7001953125,5885.39990234375,5781.7998046875,5860.2998046875
2020-10-26,5860.2998046875,5868.39990234375,5782.39990234375,5792.0
2020-10-27,5792.0,5806.2001953125,5728.2001953125,5729.0
2020-10-28,5729.0,5729.0,5525.5,5582.7998046875
2020-10-29,5582.7998046875,5616.60009765625,5534.7001953125,5581.7998046875
2020-10-30,5581.7998046875,5593.39990234375,5534.10009765625,5577.2998046875
2020-11-02,5577.2998046875,5665.2998046875,5554.7001953125,5655.0
2020-11-03,5655.0,5787.60009765625,5655.0,5786.7998046875
2020-11-04,5786.7998046875,5885.7001953125,5711.2001953125,5883.2998046875
2020-11-05,5883.2998046875,5933.10009765625,5881.89990234375,5906.2001953125
2020-11-06,5906.2001953125,5950.2001953125,5858.5,5910.0
2020-11-09,5910.0,6258.2998046875,5910.0,6186.2998046875
2020-11-10,6186.2998046875,6307.0,6180.5,6296.89990234375
2020-11-11,6296.89990234375,6397.2998046875,6293.2001953125,6382.10009765625
2020-11-12,6382.10009765625,6382.10009765625,6295.7998046875,6338.89990234375
2020-11-13,6338.89990234375,6339.0,6280.39990234375,6316.39990234375
2020-11-16,6316.39990234375,6463.5,6316.39990234375,6421.2998046875
2020-11-17,6421.2998046875,6424.5,6309.0,6365.2998046875
2020-11-18,6365.2998046875,6395.89990234375,6326.7001953125,6385.2001953125
2020-11-19,6385.2001953125,6385.2001953125,6314.2998046875,6334.39990234375
2020-11-20,6334.39990234375,6386.7001953125,6324.60009765625,6351.5
2020-11-23,6351.5,6392.10009765625,6325.2001953125,6333.7998046875
2020-11-24,6333.7998046875,6432.39990234375,6333.7001953125,6432.2001953125
2020-11-25,6432.2001953125,6468.7001953125,6375.2998046875,6391.10009765625
2020-11-26,6391.10009765625,6412.7001953125,6349.5,6362.89990234375
2020-11-27,6362.89990234375,6375.89990234375,6302.2001953125,6367.60009765625
2020-11-30,6367.60009765625,6404.0,6266.2001953125,6266.2001953125
2020-12-01,6266.2001953125,6400.2001953125,6263.60009765625,6384.7001953125
2020-12-02,6384.7001953125,6468.60009765625,6367.5,6463.39990234375
2020-12-03,6463.39990234375,6491.5,6430.2998046875,6490.2998046875
2020-12-04,6490.2998046875,6559.2001953125,6489.7998046875,6550.2001953125
2020-12-07,6550.2001953125,6601.10009765625,6519.7998046875,6555.39990234375
2020-12-08,6555.39990234375,6567.60009765625,6518.39990234375,6558.7998046875
2020-12-09,6558.7998046875,6623.0,6558.7998046875,6564.2998046875
2020-12-10,6564.2998046875,6640.7001953125,6561.10009765625,6599.7998046875
2020-12-11,6599.7998046875,6607.39990234375,6520.5,6546.7998046875
2020-12-14,6546.7998046875,6583.7001953125,6524.7001953125,6531.7998046875
2020-12-15,6531.7998046875,6558.2001953125,6484.0,6513.2998046875
2020-12-16,6513.2998046875,6598.39990234375,6513.2998046875,6570.89990234375
2020-12-17,6570.89990234375,6601.60009765625,6551.10009765625,6551.10009765625
2020-12-18,6551.10009765625,6604.5,6518.2998046875,6529.2001953125
2020-12-21,6529.2001953125,6529.2001953125,6315.2998046875,6416.2998046875
2020-12-23,6453.2001953125,6497.2998046875,6431.2001953125,6495.7998046875
2020-12-24,6495.7998046875,6530.2998046875,6479.60009765625,6502.10009765625
2020-12-29,6502.10009765625,6676.60009765625,6502.10009765625,6602.7001953125
2020-12-30,6602.7001953125,6623.0,6552.5,6555.7998046875
2020-12-31,6555.7998046875,6555.7998046875,6439.39990234375,6460.5
2021-01-04,6460.5,6662.7001953125,6460.5,6571.89990234375
2021-01-05,6571.89990234375,6622.7998046875,6544.2998046875,6612.2998046875
2021-01-06,6612.2998046875,6859.10009765625,6611.89990234375,6841.89990234375
2021-01-07,6841.89990234375,6903.60009765625,6795.10009765625,6857.0
2021-01-08,6857.0,6886.2998046875,6836.10009765625,6873.2998046875
2021-01-11,6873.2998046875,6873.2998046875,6768.7001953125,6798.5
2021-01-12,6798.5,6816.7001953125,6738.2001953125,6754.10009765625
2021-01-13,6754.10009765625,6772.60009765625,6736.0,6745.5
2021-01-14,6745.5,6802.0,6736.7998046875,6802.0
2021-01-15,6802.0,6802.10009765625,6676.60009765625,6735.7001953125
2021-01-18,6735.7001953125,6741.5,6709.2998046875,6720.7001953125
2021-01-19,6720.7001953125,6770.7001953125,6697.7001953125,6713.0
2021-01-20,6713.0,6751.7998046875,6697.5,6740.39990234375
2021-01-21,6740.39990234375,6776.89990234375,6715.39990234375,6715.39990234375
2021-01-22,6715.39990234375,6715.7001953125,6651.7001953125,6695.10009765625
2021-01-25,6695.10009765625,6714.60009765625,6610.2998046875,6638.89990234375
2021-01-26,6638.89990234375,6702.39990234375,6636.2998046875,6654.0
2021-01-27,6654.0,6661.2998046875,6505.7998046875,6567.39990234375
2021-01-28,6567.39990234375,6567.39990234375,6439.60009765625,6526.2001953125
2021-01-29,6526.2001953125,6526.2001953125,6397.2001953125,6407.5
2021-02-01,6407.5,6495.60009765625,6407.5,6466.39990234375
2021-02-02,6466.39990234375,6523.5,6466.39990234375,6516.7001953125
2021-02-03,6516.7001953125,6573.10009765625,6489.5,6507.7998046875
2021-02-04,6507.7998046875,6553.39990234375,6478.2001953125,6503.7001953125
2021-02-05,6503.7001953125,6518.7001953125,6457.60009765625,6489.2998046875
2021-02-08,6489.2998046875,6567.7001953125,6489.2998046875,6523.5
2021-02-09,6523.5,6541.0,6501.0,6531.60009765625
2021-02-10,6531.60009765625,6577.0,6481.0,6524.39990234375
2021-02-11,6524.39990234375,6554.2001953125,6514.89990234375,6528.7001953125
2021-02-12,6528.7001953125,6589.7998046875,6485.10009765625,6589.7998046875
2021-02-15,6589.7998046875,6775.39990234375,6589.7998046875,6756.10009765625
2021-02-16,6756.10009765625,6799.89990234375,6736.89990234375,6748.89990234375
2021-02-17,6748.89990234375,6760.2998046875,6701.60009765625,6710.89990234375
2021-02-18,6710.89990234375,6721.7998046875,6591.39990234375,6617.2001953125
2021-02-19,6617.2001953125,6646.2001953125,6600.60009765625,6624.0
2021-02-22,6624.0,6624.7001953125,6545.89990234375,6612.2001953125
2021-02-23,6612.2001953125,6675.39990234375,6555.89990234375,6625.89990234375
2021-02-24,6625.89990234375,6669.89990234375,6572.2998046875,6659.0
2021-02-25,6659.0,6702.89990234375,6644.7001953125,6652.0
2021-02-26,6652.0,6652.0,6465.60009765625,6483.39990234375
2021-03-01,6483.39990234375,6612.7001953125,6483.39990234375,6588.5
2021-03-02,6588.5,6660.7998046875,6560.89990234375,6613.7998046875
2021-03-03,6613.7998046875,6705.2998046875,6613.7998046875,6675.5
2021-03-04,6675.5,6675.5,6581.2001953125,6650.89990234375
2021-03-05,6650.89990234375,6710.7998046875,6560.7998046875,6630.5
2021-03-08,6630.5,6726.39990234375,6612.7001953125,6719.10009765625
2021-03-09,6719.10009765625,6786.7998046875,6689.89990234375,6730.2998046875
2021-03-10,6730.2998046875,6740.7998046875,6677.0,6725.60009765625
2021-03-11,6725.60009765625,6755.2998046875,6699.2998046875,6737.0
2021-03-12,6737.0,6766.39990234375,6709.0,6761.5
2021-03-15,6761.5,6804.89990234375,6723.7001953125,6749.7001953125
2021-03-16,6749.7001953125,6812.7998046875,6749.60009765625,6803.60009765625
2021-03-17,6803.60009765625,6805.7001953125,6753.7998046875,6762.7001953125
2021-03-18,6762.7001953125,6791.7998046875,6740.5,6779.7001953125
2021-03-19,6779.7001953125,6779.7001953125,6664.60009765625,6708.7001953125
2021-03-22,6708.7001953125,6732.7001953125,6651.0,6726.10009765625
2021-03-23,6726.10009765625,6726.10009765625,6664.7998046875,6699.2001953125
2021-03-24,6699.2001953125,6722.60009765625,6649.39990234375,6712.89990234375
2021-03-25,6712.89990234375,6729.89990234375,6618.60009765625,6674.7998046875
2021-03-26,6674.7998046875,6742.10009765625,6674.7998046875,6740.60009765625
2021-03-29,6740.60009765625,6758.7998046875,6705.39990234375,6736.2001953125
2021-03-30,6736.2001953125,6792.2001953125,6729.5,6772.10009765625
2021-03-31,6772.10009765625,6775.7001953125,6713.60009765625,6713.60009765625
2021-04-01,6713.60009765625,6766.5,6713.60009765625,6737.2998046875
2021-04-06,6737.2998046875,6843.7001953125,6737.2998046875,6823.60009765625
2021-04-07,6823.60009765625,6898.39990234375,6823.60009765625,6885.2998046875
2021-04-08,6885.2998046875,6942.2001953125,6884.7998046875,6942.2001953125
2021-04-09,6942.2001953125,6949.60009765625,6906.39990234375,6915.7998046875
2021-04-12,6915.7998046875,6916.10009765625,6853.7998046875,6889.10009765625
2021-04-13,6889.10009765625,6895.10009765625,6859.7001953125,6890.5
2021-04-14,6890.5,6942.2998046875,6880.7001953125,6939.60009765625
2021-04-15,6939.60009765625,6994.89990234375,6939.2998046875,6983.5
2021-04-16,6983.5,7037.7001953125,6983.5,7019.5
2021-04-19,7019.5,7040.2998046875,6979.2001953125,7000.10009765625
2021-04-20,7000.10009765625,7001.2998046875,6857.10009765625,6859.89990234375
2021-04-21,6859.89990234375,6914.89990234375,6859.60009765625,6895.2998046875
2021-04-22,6895.2998046875,6941.10009765625,6889.2998046875,6938.2001953125
2021-04-23,6938.2001953125,6938.60009765625,6891.7998046875,6938.60009765625
2021-04-26,6938.60009765625,6971.5,6913.39990234375,6963.10009765625
2021-04-27,6963.10009765625,6975.10009765625,6929.7998046875,6945.0
2021-04-28,6945.0,6986.7001953125,6944.10009765625,6963.7001953125
2021-04-29,6963.7001953125,7019.7998046875,6953.89990234375,6961.5
2021-04-30,6961.5,7009.5,6946.0,6969.7998046875
2021-05-04,6969.7998046875,7034.2998046875,6912.2998046875,6923.2001953125
2021-05-05,6923.2001953125,7047.7998046875,6923.2001953125,7039.2998046875
2021-05-06,7039.2998046875,7076.2001953125,7026.7998046875,7076.2001953125
2021-05-07,7076.2001953125,7143.5,7076.2001953125,7129.7001953125
2021-05-10,7129.7001953125,7164.2001953125,7104.39990234375,7123.7001953125
2021-05-11,7123.7001953125,7123.7001953125,6912.39990234375,6948.0
2021-05-12,6948.0,7028.10009765625,6945.2998046875,7004.60009765625
2021-05-13,7004.60009765625,7004.60009765625,6823.60009765625,6963.2998046875
2021-05-14,6963.2998046875,7048.7001953125,6963.2998046875,7043.60009765625
2021-05-17,7043.60009765625,7066.7998046875,6989.10009765625,7032.89990234375
2021-05-18,7032.89990234375,7102.60009765625,7030.39990234375,7034.2001953125
2021-05-19,7034.2001953125,7034.2001953125,6897.10009765625,6950.2001953125
2021-05-20,6950.2001953125,7019.7998046875,6926.89990234375,7019.7998046875
2021-05-21,7019.7998046875,7028.2001953125,6973.2998046875,7018.10009765625
2021-05-24,7018.10009765625,7054.60009765625,7013.5,7051.60009765625
2021-05-25,7051.60009765625,7067.60009765625,7029.7998046875,7029.7998046875
2021-05-26,7029.7998046875,7050.89990234375,6998.2001953125,7026.89990234375
2021-05-27,7026.89990234375,7044.0,7008.5,7019.7001953125
2021-05-28,7019.7001953125,7054.89990234375,7019.60009765625,7022.60009765625
2021-06-01,7022.60009765625,7118.0,7022.60009765625,7080.5
2021-06-02,7080.5,7122.5,7074.10009765625,7108.0
2021-06-03,7108.0,7108.0,7013.89990234375,7064.39990234375
2021-06-04,7064.39990234375,7071.7998046875,7039.7001953125,7069.0
2021-06-07,7069.0,7098.2998046875,7042.2001953125,7077.2001953125
2021-06-08,7077.2001953125,7120.7001953125,7074.89990234375,7095.10009765625
2021-06-09,7095.10009765625,7095.7001953125,7046.0,7081.0
2021-06-10,7081.0,7117.7001953125,7080.0,7088.2001953125
2021-06-11,7088.2001953125,7140.7001953125,7088.2001953125,7134.10009765625
2021-06-14,7134.10009765625,7188.2998046875,7131.7998046875,7146.7001953125
2021-06-15,7146.7001953125,7189.60009765625,7142.7001953125,7172.5
2021-06-16,7172.5,7217.5,7169.2001953125,7185.0
2021-06-17,7185.0,7185.0,7133.0,7153.39990234375
2021-06-18,7153.39990234375,7154.60009765625,7008.7001953125,7017.5
2021-06-21,7017.5,7065.10009765625,6948.60009765625,7062.2998046875
2021-06-22,7062.2998046875,7098.7001953125,7061.10009765625,7090.0
2021-06-23,7090.0,7129.39990234375,7074.10009765625,7074.10009765625
2021-06-24,7074.10009765625,7119.39990234375,7070.89990234375,7110.0
2021-06-25,7110.0,7139.10009765625,7109.7998046875,7136.10009765625
2021-06-28,7136.10009765625,7136.2001953125,7072.0,7073.0
2021-06-29,7073.0,7120.7998046875,7071.89990234375,7087.60009765625
2021-06-30,7087.60009765625,7100.7001953125,7010.60009765625,7037.5
2021-07-01,7037.5,7134.2001953125,7037.5,7125.2001953125
2021-07-02,7125.2001953125,7162.2001953125,7110.2998046875,7123.2998046875
2021-07-05,7123.2998046875,7168.0,7111.5,7164.89990234375
2021-07-06,7164.89990234375,7170.60009765625,7075.7001953125,7100.89990234375
2021-07-07,7100.89990234375,7153.7001953125,7100.89990234375,7151.0
2021-07-08,7151.0,7151.0,6981.60009765625,7030.7001953125
2021-07-09,7030.7001953125,7121.89990234375,7030.2001953125,7121.89990234375
2021-07-12,7121.89990234375,7134.89990234375,7066.2001953125,7125.39990234375
2021-07-13,7125.39990234375,7152.39990234375,7116.2998046875,7124.7001953125
2021-07-14,7124.7001953125,7124.7001953125,7073.60009765625,7091.2001953125
2021-07-15,7091.2001953125,7111.7998046875,7005.0,7012.0
2021-07-16,7012.0,7056.7001953125,6978.10009765625,7008.10009765625
2021-07-19,7008.10009765625,7008.10009765625,6813.0,6844.39990234375
2021-07-20,6844.39990234375,6929.89990234375,6827.2998046875,6881.10009765625
2021-07-21,6881.10009765625,7007.7998046875,6881.10009765625,6998.2998046875
2021-07-22,6998.2998046875,7019.0,6956.2001953125,6968.2998046875
2021-07-23,6968.2998046875,7033.2998046875,6968.2998046875,7027.60009765625
2021-07-26,7027.60009765625,7038.7001953125,6980.7001953125,7025.39990234375
2021-07-27,7025.39990234375,7028.39990234375,6929.60009765625,6996.10009765625
2021-07-28,6996.10009765625,7023.39990234375,6974.7998046875,7016.60009765625
2021-07-29,7016.60009765625,7093.89990234375,7008.7001953125,7078.39990234375
2021-07-30,7078.39990234375,7078.39990234375,6996.89990234375,7032.2998046875
2021-08-02,7032.2998046875,7111.7001953125,7032.2998046875,7081.7001953125
2021-08-03,7081.7001953125,7119.2001953125,7074.2998046875,7105.7001953125
2021-08-04,7105.7001953125,7142.5,7105.7001953125,7123.89990234375
2021-08-05,7123.89990234375,7130.39990234375,7099.0,7120.39990234375
2021-08-06,7120.39990234375,7135.39990234375,7103.7001953125,7123.0
2021-08-09,7123.0,7138.7998046875,7089.7001953125,7132.2998046875
2021-08-10,7132.2998046875,7166.7001953125,7115.89990234375,7161.0
2021-08-11,7161.0,7220.10009765625,7157.7001953125,7220.10009765625
2021-08-12,7220.10009765625,7220.7001953125,7182.89990234375,7193.2001953125
2021-08-13,7193.2001953125,7224.5,7193.10009765625,7218.7001953125
2021-08-16,7218.7001953125,7218.7001953125,7117.7998046875,7154.0
2021-08-17,7154.0,7188.60009765625,7118.7001953125,7181.10009765625
2021-08-18,7181.10009765625,7198.7998046875,7143.60009765625,7169.2998046875
2021-08-19,7169.2998046875,7169.2998046875,6993.10009765625,7058.89990234375
2021-08-20,7058.89990234375,7095.60009765625,7032.5,7087.89990234375
2021-08-23,7087.89990234375,7147.7998046875,7087.89990234375,7109.0
2021-08-24,7109.0,7129.7001953125,7076.10009765625,7125.7998046875
2021-08-25,7125.7998046875,7151.7998046875,7121.2998046875,7150.10009765625
2021-08-26,7150.10009765625,7150.10009765625,7095.39990234375,7125.0
2021-08-27,7125.0,7157.60009765625,7108.5,7148.0
2021-08-31,7148.0,7160.5,7092.0,7119.7001953125
2021-09-01,7119.7001953125,7187.2998046875,7119.7001953125,7149.7998046875
2021-09-02,7149.7998046875,7168.7998046875,7129.7001953125,7163.89990234375
2021-09-03,7163.89990234375,7182.2001953125,7123.89990234375,7138.39990234375
2021-09-06,7138.39990234375,7195.60009765625,7138.39990234375,7187.2001953125
2021-09-07,7187.2001953125,7187.2001953125,7147.89990234375,7149.39990234375
2021-09-08,7149.39990234375,7149.39990234375,7061.10009765625,7095.5
2021-09-09,7095.5,7095.5,6998.60009765625,7024.2001953125
2021-09-10,7024.2001953125,7055.2001953125,7014.39990234375,7029.2001953125
2021-09-13,7029.2001953125,7090.7998046875,7029.2001953125,7068.39990234375
2021-09-14,7068.39990234375,7068.5,7020.10009765625,7034.10009765625
2021-09-15,7034.10009765625,7047.2998046875,7016.5,7016.5
2021-09-16,7016.5,7059.0,7016.2998046875,7027.5
2021-09-17,7027.5,7092.7001953125,6941.7001953125,6963.60009765625
2021-09-20,6963.60009765625,6963.60009765625,6828.2998046875,6903.89990234375
2021-09-21,6903.89990234375,7004.89990234375,6903.89990234375,6981.0
2021-09-22,6981.0,7090.5,6981.0,7083.39990234375
2021-09-23,7083.39990234375,7131.39990234375,7070.7001953125,7078.39990234375
2021-09-24,7078.39990234375,7080.2001953125,7041.2998046875,7051.5
2021-09-27,7051.5,7122.10009765625,7043.2001953125,7063.39990234375
2021-09-28,7063.39990234375,7071.39990234375,7015.60009765625,7028.10009765625
2021-09-29,7028.10009765625,7117.5,7026.89990234375,7108.2001953125
2021-09-30,7108.2001953125,7159.60009765625,7072.60009765625,7086.39990234375
2021-10-01,7086.39990234375,7086.39990234375,6989.60009765625,7027.10009765625
2021-10-04,7027.10009765625,7072.5,7002.7001953125,7011.0
2021-10-05,7011.0,7084.5,7011.0,7077.10009765625
2021-10-06,7077.10009765625,7077.10009765625,6945.5,6995.89990234375
2021-10-07,6995.89990234375,7094.89990234375,6995.89990234375,7078.0
2021-10-08,7078.0,7109.2998046875,7070.5,7095.60009765625
2021-10-11,7095.60009765625,7146.89990234375,7085.89990234375,7146.89990234375
2021-10-12,7146.89990234375,7146.89990234375,7063.39990234375,7130.2001953125
2021-10-13,7130.2001953125,7152.89990234375,7087.89990234375,7141.7998046875
2021-10-14,7141.7998046875,7216.2001953125,7141.7998046875,7207.7001953125
2021-10-15,7207.7001953125,7243.89990234375,7206.2998046875,7234.0
2021-10-18,7234.0,7234.0,7180.2001953125,7203.7998046875
2021-10-19,7203.7998046875,7223.2998046875,7189.5,7217.5
2021-10-20,7217.5,7229.2998046875,7199.2998046875,7223.10009765625
2021-10-21,7223.10009765625,7227.10009765625,7181.7001953125,7190.2998046875
2021-10-22,7190.2998046875,7235.2001953125,7190.2998046875,7204.60009765625
2021-10-25,7204.60009765625,7247.5,7204.60009765625,7222.7998046875
2021-10-26,7222.7998046875,7281.2001953125,7222.7998046875,7277.60009765625
2021-10-27,7277.60009765625,7280.5,7247.2998046875,7253.2998046875
2021-10-28,7253.2998046875,7257.89990234375,7219.7001953125,7249.5
2021-10-29,7249.5,7249.5,7192.10009765625,7237.60009765625
2021-11-01,7237.60009765625,7303.39990234375,7237.60009765625,7288.60009765625
2021-11-02,7288.60009765625,7288.60009765625,7240.0,7274.7998046875
2021-11-03,7274.7998046875,7277.60009765625,7235.2998046875,7248.89990234375
2021-11-04,7248.89990234375,7293.0,7247.60009765625,7279.89990234375
2021-11-05,7279.89990234375,7331.2998046875,7270.0,7304.0
2021-11-08,7304.0,7316.5,7293.5,7300.39990234375
2021-11-09,7300.39990234375,7314.10009765625,7268.7998046875,7274.0
2021-11-10,7274.0,7340.2001953125,7270.10009765625,7340.2001953125
2021-11-11,7340.2001953125,7394.39990234375,7329.7001953125,7384.2001953125
2021-11-12,7384.2001953125,7402.7001953125,7340.5,7347.89990234375
2021-11-15,7347.89990234375,7363.5,7324.10009765625,7351.89990234375
2021-11-16,7351.89990234375,7368.2998046875,7324.10009765625,7327.0
2021-11-17,7327.0,7327.0,7290.0,7291.2001953125
2021-11-18,7291.2001953125,7291.2998046875,7242.0,7256.0
2021-11-19,7256.0,7289.5,7198.7998046875,7223.60009765625
2021-11-22,7223.60009765625,7272.60009765625,7207.7998046875,7255.5
2021-11-23,7255.5,7293.10009765625,7204.39990234375,7266.7001953125
2021-11-24,7266.7001953125,7307.89990234375,7246.0,7286.2998046875
2021-11-25,7286.2998046875,7311.89990234375,7286.2998046875,7310.39990234375
2021-11-26,7310.39990234375,7310.39990234375,7042.10009765625,7044.0
2021-11-29,7044.0,7161.89990234375,7044.0,7110.0
2021-11-30,7110.0,7110.0,6989.7001953125,7059.5
2021-12-01,7059.5,7182.0,7059.39990234375,7168.7001953125
2021-12-02,7168.7001953125,7168.7001953125,7083.2001953125,7129.2001953125
2021-12-03,7129.2001953125,7196.10009765625,7105.2998046875,7122.2998046875
2021-12-06,7122.2998046875,7246.2998046875,7122.2998046875,7232.2998046875
2021-12-07,7232.2998046875,7344.7001953125,7232.2998046875,7339.89990234375
2021-12-08,7339.89990234375,7378.89990234375,7333.60009765625,7337.39990234375
2021-12-09,7337.10009765625,7366.10009765625,7303.0,7321.2998046875
2021-12-10,7321.2998046875,7331.60009765625,7284.7998046875,7291.7998046875
2021-12-13,7291.7998046875,7309.2001953125,7226.60009765625,7231.39990234375
2021-12-14,7231.39990234375,7284.5,7218.60009765625,7218.60009765625
2021-12-15,7218.60009765625,7224.89990234375,7166.7998046875,7170.7998046875
2021-12-16,7170.7998046875,7273.2998046875,7170.7998046875,7260.60009765625
2021-12-17,7260.60009765625,7286.5,7236.2001953125,7269.89990234375
2021-12-20,7269.89990234375,7269.89990234375,7101.0,7198.0
2021-12-21,7198.0,7297.39990234375,7198.0,7297.39990234375
2021-12-22,7297.39990234375,7341.7001953125,7273.5,7341.7001953125
2021-12-23,7341.7001953125,7385.39990234375,7331.10009765625,7373.2998046875
2021-12-24,7373.2998046875,7403.7001953125,7368.7998046875,7372.10009765625
2021-12-29,7372.10009765625,7457.10009765625,7372.10009765625,7420.7001953125
2021-12-30,7420.7001953125,7433.39990234375,7403.0,7403.0
2021-12-31,7403.0,7403.0,7357.10009765625,7384.5
2022-01-04,7384.5,7520.7998046875,7384.5,7505.2001953125
2022-01-05,7505.2001953125,7530.0,7484.2998046875,7516.89990234375
2022-01-06,7516.89990234375,7516.89990234375,7420.0,7450.39990234375
2022-01-07,7450.39990234375,7485.2998046875,7431.89990234375,7485.2998046875
2022-01-10,7485.2998046875,7496.10009765625,7422.89990234375,7445.2998046875
2022-01-11,7445.2998046875,7497.10009765625,7445.2998046875,7491.39990234375
2022-01-12,7491.39990234375,7564.2001953125,7491.39990234375,7551.7001953125
2022-01-13,7551.7001953125,7566.5,7530.10009765625,7563.89990234375
2022-01-14,7563.89990234375,7568.2001953125,7523.0,7543.0
2022-01-17,7543.0,7616.10009765625,7543.0,7611.2001953125
2022-01-18,7611.2001953125,7613.10009765625,7532.0,7563.60009765625
2022-01-19,7563.60009765625,7614.89990234375,7525.2001953125,7589.7001953125
2022-01-20,7589.7001953125,7619.0,7549.89990234375,7585.0
2022-01-21,7585.0,7585.0,7450.5,7494.10009765625
2022-01-24,7494.10009765625,7494.10009765625,7283.39990234375,7297.2001953125
2022-01-25,7297.2001953125,7382.60009765625,7297.2001953125,7371.5
2022-01-26,7371.5,7525.60009765625,7371.5,7469.7998046875
2022-01-27,7469.7998046875,7596.7001953125,7388.7998046875,7554.2998046875
2022-01-28,7554.2998046875,7554.2998046875,7420.2001953125,7466.10009765625
2022-01-31,7466.10009765625,7524.0,7450.89990234375,7464.39990234375
2022-02-01,7464.39990234375,7549.2998046875,7463.0,7535.7998046875
2022-02-02,7535.7998046875,7605.60009765625,7535.7998046875,7583.0
2022-02-03,7583.0,7605.7998046875,7528.7001953125,7528.7998046875
2022-02-04,7528.7998046875,7599.7001953125,7497.2001953125,7516.39990234375
2022-02-07,7516.39990234375,7591.7001953125,7508.5,7573.5
2022-02-08,7573.5,7631.2998046875,7548.2001953125,7567.10009765625
2022-02-09,7567.10009765625,7657.89990234375,7567.10009765625,7643.39990234375
2022-02-10,7643.39990234375,7687.2998046875,7622.7001953125,7672.39990234375
2022-02-11,7672.39990234375,7672.39990234375,7596.10009765625,7661.0
2022-02-14,7661.0,7661.0,7483.39990234375,7531.60009765625
2022-02-15,7531.60009765625,7608.89990234375,7513.2001953125,7608.89990234375
2022-02-16,7608.89990234375,7630.7001953125,7560.89990234375,7603.7998046875
2022-02-17,7603.7998046875,7607.2001953125,7499.89990234375,7537.39990234375
2022-02-18,7537.39990234375,7570.60009765625,7508.7001953125,7513.60009765625
2022-02-21,7513.60009765625,7571.10009765625,7446.39990234375,7484.2998046875
2022-02-22,7484.2998046875,7531.2998046875,7365.0,7494.2001953125
2022-02-23,7494.2001953125,7550.0,7490.5,7498.2001953125
2022-02-24,7498.2001953125,7498.2001953125,7204.7001953125,7207.0
2022-02-25,7207.39990234375,7497.89990234375,7207.39990234375,7489.5
2022-02-28,7489.5,7489.5,7361.60009765625,7458.2998046875
2022-03-01,7458.2998046875,7499.2998046875,7327.7998046875,7330.2001953125
2022-03-02,7330.2001953125,7462.2001953125,7320.7998046875,7429.60009765625
2022-03-03,7429.60009765625,7468.7998046875,7231.5,7238.89990234375
2022-03-04,7238.89990234375,7238.89990234375,6980.89990234375,6987.10009765625
2022-03-07,6987.10009765625,7030.7001953125,6788.0,6959.5
2022-03-08,6959.5,7013.5,6893.60009765625,6964.10009765625
2022-03-09,6964.10009765625,7190.7001953125,6964.10009765625,7190.7001953125
2022-03-10,7190.7001953125,7192.7998046875,7066.0,7099.10009765625
2022-03-11,7099.10009765625,7260.39990234375,7099.0,7155.60009765625
2022-03-14,7155.60009765625,7222.89990234375,7144.0,7193.5
2022-03-15,7193.5,7193.5,7075.7998046875,7175.7001953125
2022-03-16,7175.7001953125,7312.2001953125,7175.7001953125,7291.7001953125
2022-03-17,7291.7001953125,7385.2998046875,7260.5,7385.2998046875
2022-03-18,7385.2998046875,7406.10009765625,7318.89990234375,7404.7001953125
2022-03-21,7404.7001953125,7465.0,7402.60009765625,7442.39990234375
2022-03-22,7442.39990234375,7490.5,7442.39990234375,7476.7001953125
2022-03-23,7476.7001953125,7521.10009765625,7459.39990234375,7460.60009765625
2022-03-24,7460.60009765625,7492.0,7453.2998046875,7467.39990234375
2022-03-25,7467.39990234375,7502.7001953125,7441.2998046875,7483.39990234375
2022-03-28,7483.39990234375,7539.2998046875,7471.5,7473.10009765625
2022-03-29,7473.10009765625,7584.10009765625,7473.10009765625,7537.2998046875
2022-03-30,7537.2998046875,7578.7998046875,7523.7998046875,7578.7998046875
2022-03-31,7578.7998046875,7595.39990234375,7515.7001953125,7515.7001953125
2022-04-01,7515.7001953125,7552.5,7508.89990234375,7537.89990234375
2022-04-04,7537.89990234375,7574.2998046875,7532.2001953125,7558.89990234375
2022-04-05,7558.89990234375,7613.7001953125,7536.2001953125,7613.7001953125
2022-04-06,7613.7001953125,7614.10009765625,7536.2001953125,7587.7001953125
2022-04-07,7587.7001953125,7601.5,7537.2998046875,7551.7998046875
2022-04-08,7551.7998046875,7669.60009765625,7551.7998046875,7669.60009765625
2022-04-11,7669.60009765625,7669.60009765625,7611.7001953125,7618.2998046875
2022-04-12,7618.2998046875,7618.2998046875,7543.0,7576.7001953125
2022-04-13,7576.7001953125,7597.89990234375,7550.89990234375,7580.7998046875
2022-04-14,7580.7998046875,7622.39990234375,7551.39990234375,7616.39990234375
2022-04-19,7616.39990234375,7624.89990234375,7565.7998046875,7601.2998046875
2022-04-20,7601.2998046875,7637.89990234375,7590.60009765625,7629.2001953125
2022-04-21,7629.2001953125,7656.5,7596.2998046875,7628.0
2022-04-22,7628.0,7628.0,7521.7001953125,7521.7001953125
2022-04-25,7521.7001953125,7521.7001953125,7339.5,7380.5
2022-04-26,7380.5,7463.2001953125,7380.5,7386.2001953125
2022-04-27,7386.2001953125,7458.2001953125,7344.89990234375,7425.60009765625
2022-04-28,7425.60009765625,7519.7001953125,7425.60009765625,7509.2001953125
2022-04-29,7509.2001953125,7569.7998046875,7509.2001953125,7544.60009765625
2022-05-03,7544.60009765625,7561.2998046875,7475.7001953125,7561.2998046875
2022-05-04,7561.2998046875,7572.7001953125,7493.5,7493.5
2022-05-05,7493.5,7619.39990234375,7493.5,7503.2998046875
2022-05-06,7503.2998046875,7503.2998046875,7354.10009765625,7387.89990234375
2022-05-09,7387.89990234375,7391.60009765625,7216.60009765625,7216.60009765625
2022-05-10,7216.60009765625,7311.7001953125,7216.60009765625,7243.2001953125
2022-05-11,7243.2001953125,7349.7001953125,7239.0,7347.7001953125
2022-05-12,7347.7001953125,7347.7001953125,7158.5,7233.2998046875
2022-05-13,7233.2998046875,7422.0,7233.2998046875,7418.2001953125
2022-05-16,7418.2001953125,7464.7998046875,7361.7001953125,7464.7998046875
2022-05-17,7464.7998046875,7538.7001953125,7464.7998046875,7518.39990234375
2022-05-18,7518.39990234375,7526.10009765625,7438.10009765625,7438.10009765625
2022-05-19,7438.10009765625,7438.10009765625,7228.7001953125,7302.7001953125
2022-05-20,7302.7001953125,7453.5,7302.7001953125,7390.0
2022-05-23,7390.0,7513.39990234375,7390.0,7513.39990234375
2022-05-24,7513.39990234375,7529.7001953125,7434.5,7484.39990234375
2022-05-25,7484.39990234375,7546.39990234375,7484.39990234375,7522.7998046875
2022-05-26,7522.7998046875,7575.5,7512.5,7564.89990234375
2022-05-27,7564.89990234375,7597.60009765625,7542.7998046875,7585.5
2022-05-30,7585.5,7625.60009765625,7576.39990234375,7600.10009765625
2022-05-31,7600.10009765625,7648.2998046875,7591.7998046875,7607.7001953125
2022-06-01,7607.7001953125,7639.2001953125,7529.2001953125,7533.0
2022-06-06,7533.0,7646.7001953125,7532.7998046875,7608.2001953125
2022-06-07,7608.2001953125,7617.5,7570.7001953125,7598.89990234375
2022-06-08,7598.89990234375,7616.2001953125,7550.7001953125,7593.0
2022-06-09,7593.0,7593.0,7472.2998046875,7476.2001953125
2022-06-10,7476.2001953125,7476.2001953125,7294.2001953125,7317.5
2022-06-13,7317.5,7317.5,7174.0,7205.7998046875
2022-06-14,7205.7998046875,7271.89990234375,7135.2001953125,7187.5
2022-06-15,7187.5,7313.7001953125,7186.5,7273.39990234375
2022-06-16,7273.39990234375,7273.39990234375,7039.5,7045.0
2022-06-17,7045.0,7130.60009765625,6998.2001953125,7016.2998046875
2022-06-20,7016.2998046875,7129.60009765625,7016.2001953125,7121.7998046875
2022-06-21,7121.7998046875,7193.89990234375,7119.2998046875,7152.10009765625
2022-06-22,7152.10009765625,7152.10009765625,7030.0,7089.2001953125
2022-06-23,7089.2001953125,7115.7998046875,7014.2001953125,7020.5
2022-06-24,7020.5,7211.10009765625,7016.0,7208.7998046875
2022-06-27,7208.7998046875,7284.5,7208.5,7258.2998046875
2022-06-28,7258.2998046875,7362.39990234375,7258.2998046875,7323.39990234375
2022-06-29,7323.39990234375,7345.5,7263.5,7312.2998046875
2022-06-30,7312.2998046875,7312.2998046875,7110.7001953125,7169.2998046875
2022-07-01,7169.2998046875,7214.7998046875,7101.39990234375,7168.7001953125
2022-07-04,7168.7001953125,7258.5,7168.7001953125,7232.7001953125
2022-07-05,7232.7001953125,7260.2998046875,7016.7998046875,7025.5
2022-07-06,7025.5,7198.7001953125,7025.39990234375,7107.7998046875
2022-07-07,7107.7998046875,7213.10009765625,7107.7998046875,7189.10009765625
2022-07-08,7189.10009765625,7210.60009765625,7129.2001953125,7196.2001953125
2022-07-11,7196.2001953125,7204.10009765625,7097.39990234375,7196.60009765625
2022-07-12,7196.60009765625,7216.89990234375,7143.2998046875,7209.89990234375
2022-07-13,7209.89990234375,7209.89990234375,7104.10009765625,7156.39990234375
2022-07-14,7156.39990234375,7157.60009765625,7007.10009765625,7039.7998046875
2022-07-15,7039.7998046875,7167.89990234375,7038.2001953125,7159.0
2022-07-18,7159.0,7268.89990234375,7159.0,7223.2001953125
2022-07-19,7223.2001953125,7309.0,7174.39990234375,7296.2998046875
2022-07-20,7296.2998046875,7347.60009765625,7253.60009765625,7264.2998046875
2022-07-21,7264.2998046875,7274.7001953125,7200.10009765625,7270.5
2022-07-22,7270.5,7315.2998046875,7254.0,7276.39990234375
2022-07-25,7276.39990234375,7309.7001953125,7242.89990234375,7306.2998046875
2022-07-26,7306.2998046875,7365.39990234375,7301.2001953125,7306.2998046875
2022-07-27,7306.2998046875,7365.2001953125,7306.2998046875,7348.2001953125
2022-07-28,7348.2001953125,7396.2001953125,7309.0,7345.2998046875
2022-07-29,7345.2998046875,7441.2001953125,7345.2998046875,7423.39990234375
2022-08-01,7446.0,7471.89990234375,7408.89990234375,7413.39990234375
2022-08-02,7413.39990234375,7433.2998046875,7386.7998046875,7409.10009765625
2022-08-03,7409.10009765625,7445.89990234375,7372.7001953125,7445.7001953125
2022-08-04,7445.7001953125,7491.7001953125,7417.5,7448.10009765625
2022-08-05,7448.10009765625,7470.60009765625,7420.2001953125,7439.7001953125
2022-08-08,7439.7001953125,7513.7998046875,7439.7001953125,7482.39990234375
2022-08-09,7482.39990234375,7504.60009765625,7475.0,7488.2001953125
2022-08-10,7488.2001953125,7520.7001953125,7468.60009765625,7507.10009765625
2022-08-11,7507.10009765625,7515.0,7460.10009765625,7465.89990234375
2022-08-12,7465.89990234375,7516.7998046875,7464.10009765625,7500.89990234375
2022-08-15,7500.89990234375,7539.2001953125,7463.5,7509.2001953125
2022-08-16,7509.2001953125,7563.7001953125,7509.2001953125,7536.10009765625
2022-08-17,7536.10009765625,7554.0,7501.5,7515.7998046875
2022-08-18,7515.7998046875,7541.89990234375,7493.7001953125,7541.89990234375
2022-08-19,7541.89990234375,7578.89990234375,7513.2998046875,7550.39990234375
2022-08-22,7550.39990234375,7550.39990234375,7491.2998046875,7533.7998046875
2022-08-23,7533.7998046875,7533.7998046875,7467.60009765625,7488.10009765625
2022-08-24,7488.10009765625,7488.10009765625,7410.39990234375,7471.5
2022-08-25,7471.5,7535.7001953125,7469.2001953125,7479.7001953125
2022-08-26,7479.7001953125,7530.7001953125,7422.0,7427.2998046875
2022-08-30,7427.2998046875,7486.39990234375,7351.10009765625,7361.60009765625
2022-08-31,7361.60009765625,7378.39990234375,7263.60009765625,7284.2001953125
2022-09-01,7284.2001953125,7284.2001953125,7131.7001953125,7148.5
2022-09-02,7148.5,7288.7001953125,7148.5,7281.2001953125
2022-09-05,7281.2001953125,7288.5,7191.2001953125,7287.39990234375
2022-09-06,7287.39990234375,7324.2001953125,7256.5,7300.39990234375
2022-09-07,7300.39990234375,7300.39990234375,7186.60009765625,7237.7998046875
2022-09-08,7237.7998046875,7273.0,7175.7998046875,7262.10009765625
2022-09-09,7262.10009765625,7386.60009765625,7262.10009765625,7351.10009765625
2022-09-12,7351.10009765625,7483.0,7351.10009765625,7473.0
2022-09-13,7473.0,7514.0,7385.89990234375,7385.89990234375
2022-09-14,7385.89990234375,7385.89990234375,7259.2001953125,7277.2998046875
2022-09-15,7277.2998046875,7329.0,7258.7001953125,7282.10009765625
2022-09-16,7282.10009765625,7297.10009765625,7236.2001953125,7236.7001953125
2022-09-20,7236.7001953125,7326.5,7171.2001953125,7192.7001953125
2022-09-21,7192.7001953125,7258.89990234375,7170.7001953125,7237.60009765625
2022-09-22,7237.60009765625,7243.89990234375,7149.60009765625,7159.5
2022-09-23,7159.5,7169.10009765625,6981.5,7018.60009765625
2022-09-26,7018.60009765625,7071.10009765625,6937.39990234375,7021.0
2022-09-27,7021.0,7074.0,6984.60009765625,6984.60009765625
2022-09-28,6984.60009765625,7011.5,6836.2998046875,7005.39990234375
2022-09-29,7005.39990234375,7005.39990234375,6829.2998046875,6881.60009765625
2022-09-30,6881.60009765625,6954.89990234375,6840.10009765625,6893.7998046875
2022-10-03,6893.7998046875,6923.7998046875,6797.39990234375,6908.7998046875
2022-10-04,6908.7998046875,7088.2001953125,6908.7001953125,7086.5
2022-10-05,7086.5,7086.5,6978.0,7052.60009765625
2022-10-06,7052.60009765625,7079.7001953125,6961.10009765625,6997.2998046875
2022-10-07,6997.2998046875,7022.39990234375,6960.39990234375,6991.10009765625
2022-10-10,6991.10009765625,6999.2001953125,6922.89990234375,6959.2998046875
2022-10-11,6959.2998046875,6959.39990234375,6860.2998046875,6885.2001953125
2022-10-12,6885.2001953125,6916.89990234375,6793.7998046875,6826.2001953125
2022-10-13,6826.2001953125,6872.89990234375,6707.60009765625,6850.2998046875
2022-10-14,6850.2998046875,6976.2998046875,6850.2998046875,6858.7998046875
2022-10-17,6858.7998046875,6959.7001953125,6850.39990234375,6920.2001953125
2022-10-18,6920.2001953125,7017.39990234375,6920.2001953125,6936.7001953125
2022-10-19,6936.7001953125,6968.2998046875,6890.7001953125,6925.0
2022-10-20,6925.0,6954.2001953125,6894.89990234375,6943.89990234375
2022-10-21,6943.89990234375,6976.2001953125,6864.10009765625,6969.7001953125
2022-10-24,6969.7001953125,7047.39990234375,6914.7001953125,7014.0
2022-10-25,7014.0,7025.2001953125,6949.2001953125,7013.5
2022-10-26,7013.5,7057.39990234375,6960.10009765625,7056.10009765625
2022-10-27,7056.10009765625,7093.10009765625,7034.2001953125,7073.7001953125
2022-10-28,7073.7001953125,7073.7001953125,6997.5,7047.7001953125
2022-10-31,7047.7001953125,7132.89990234375,7030.10009765625,7094.5
2022-11-01,7094.5,7221.2998046875,7094.5,7186.2001953125
2022-11-02,7186.2001953125,7205.10009765625,7130.5,7144.10009765625
2022-11-03,7144.10009765625,7188.60009765625,7076.5,7188.60009765625
2022-11-04,7188.60009765625,7376.2001953125,7188.60009765625,7334.7998046875
2022-11-07,7334.7998046875,7346.7001953125,7288.0,7300.0
2022-11-08,7300.0,7313.5,7244.7998046875,7306.10009765625
2022-11-09,7306.10009765625,7307.7998046875,7263.5,7296.2998046875
2022-11-10,7296.2998046875,7405.10009765625,7253.39990234375,7375.2998046875
2022-11-11,7375.2998046875,7408.60009765625,7316.7998046875,7318.0
2022-11-14,7318.0,7413.7998046875,7317.60009765625,7385.2001953125
2022-11-15,7385.2001953125,7413.0,7344.89990234375,7369.39990234375
2022-11-16,7369.39990234375,7394.39990234375,7341.60009765625,7351.2001953125
2022-11-17,7351.2001953125,7354.10009765625,7294.7998046875,7346.5
2022-11-18,7346.5,7423.5,7343.5,7385.5
2022-11-21,7385.5,7402.7998046875,7343.39990234375,7376.89990234375
2022-11-22,7376.89990234375,7458.89990234375,7373.60009765625,7452.7998046875
2022-11-23,7452.7998046875,7498.2998046875,7452.7998046875,7465.2001953125
2022-11-24,7465.2001953125,7488.10009765625,7443.5,7466.60009765625
2022-11-25,7466.60009765625,7497.2001953125,7461.7998046875,7486.7001953125
2022-11-28,7486.7001953125,7496.7998046875,7420.0,7474.0
2022-11-29,7474.0,7543.10009765625,7474.0,7512.0
2022-11-30,7512.0,7599.2998046875,7512.0,7573.10009765625
2022-12-01,7573.10009765625,7599.7001953125,7552.2998046875,7558.5
2022-12-02,7558.5,7570.5,7508.0,7556.2001953125
2022-12-05,7556.2001953125,7598.2001953125,7547.7998046875,7567.5
2022-12-06,7567.5,7567.60009765625,7521.39990234375,7521.39990234375
2022-12-07,7521.39990234375,7567.2001953125,7489.2001953125,7489.2001953125
2022-12-08,7489.2001953125,7508.0,7469.10009765625,7472.2001953125
2022-12-09,7472.2001953125,7498.0,7431.39990234375,7476.60009765625
2022-12-12,7476.60009765625,7476.60009765625,7438.89990234375,7446.0
2022-12-13,7446.0,7553.39990234375,7429.0,7502.89990234375
2022-12-14,7502.89990234375,7504.5,7461.7001953125,7495.89990234375
2022-12-15,7495.89990234375,7495.89990234375,7411.10009765625,7426.2001953125
2022-12-16,7426.2001953125,7429.2998046875,7305.7001953125,7332.10009765625
2022-12-19,7332.10009765625,7385.39990234375,7332.10009765625,7361.2998046875
2022-12-20,7361.2998046875,7389.89990234375,7302.7998046875,7370.60009765625
2022-12-21,7370.60009765625,7498.5,7368.7001953125,7497.2998046875
2022-12-22,7497.2998046875,7540.2998046875,7463.5,7469.2998046875
2022-12-23,7469.2998046875,7496.39990234375,7462.7998046875,7473.0
2022-12-28,7473.0,7547.0,7473.0,7497.2001953125
2022-12-29,7497.2001953125,7516.39990234375,7434.60009765625,7512.7001953125
2022-12-30,7512.7001953125,7512.89990234375,7451.7001953125,7451.7001953125
2023-01-03,7451.7001953125,7626.39990234375,7448.7001953125,7554.10009765625
2023-01-04,7554.10009765625,7609.2998046875,7545.2001953125,7585.2001953125
2023-01-05,7585.2001953125,7658.7998046875,7564.7001953125,7633.5
2023-01-06,7633.5,7700.7998046875,7633.5,7699.5
2023-01-09,7699.5,7725.7001953125,7688.7001953125,7724.89990234375
2023-01-10,7724.89990234375,7724.89990234375,7684.39990234375,7694.5
2023-01-11,7694.5,7772.39990234375,7694.39990234375,7725.0
2023-01-12,7725.0,7809.10009765625,7724.60009765625,7794.0
2023-01-13,7794.0,7865.0,7793.60009765625,7844.10009765625
2023-01-16,7844.10009765625,7867.2001953125,7841.89990234375,7860.10009765625
2023-01-17,7860.10009765625,7875.60009765625,7830.39990234375,7851.0
2023-01-18,7851.0,7867.39990234375,7824.7001953125,7830.7001953125
2023-01-19,7830.7001953125,7830.7998046875,7726.2001953125,7747.2998046875
2023-01-20,7747.2998046875,7790.89990234375,7747.2998046875,7770.60009765625
2023-01-23,7770.60009765625,7811.2001953125,7768.5,7784.7001953125
2023-01-24,7784.7001953125,7800.89990234375,7741.7998046875,7757.39990234375
2023-01-25,7757.39990234375,7773.60009765625,7710.7998046875,7744.89990234375
2023-01-26,7744.89990234375,7787.60009765625,7744.89990234375,7761.10009765625
2023-01-27,7761.10009765625,7777.39990234375,7742.10009765625,7765.2001953125
2023-01-30,7765.2001953125,7790.7001953125,7718.2998046875,7784.89990234375
2023-01-31,7784.89990234375,7784.89990234375,7708.2998046875,7771.7001953125
2023-02-01,7771.7001953125,7798.5,7745.39990234375,7761.10009765625
2023-02-02,7761.10009765625,7837.7998046875,7758.5,7820.2001953125
2023-02-03,7820.2001953125,7906.60009765625,7806.89990234375,7901.7998046875
2023-02-06,7901.7998046875,7901.7998046875,7808.39990234375,7836.7001953125
2023-02-07,7836.7001953125,7890.7998046875,7835.39990234375,7864.7001953125
2023-02-08,7864.7001953125,7934.2998046875,7864.7001953125,7885.2001953125
2023-02-09,7885.2001953125,7949.60009765625,7874.2001953125,7911.2001953125
2023-02-10,7911.2001953125,7913.2998046875,7850.89990234375,7882.5
2023-02-13,7882.5,7947.60009765625,7881.89990234375,7947.60009765625
2023-02-14,7947.60009765625,7996.39990234375,7947.60009765625,7953.89990234375
2023-02-15,7953.89990234375,8003.7001953125,7921.2998046875,7997.7998046875
2023-02-16,7997.7998046875,8047.10009765625,7978.60009765625,8012.5
2023-02-17,8012.5,8012.5,7957.7001953125,8004.39990234375
2023-02-20,8004.39990234375,8020.10009765625,7995.5,8014.2998046875
2023-02-21,8014.2998046875,8014.39990234375,7952.5,7977.7998046875
2023-02-22,7977.7998046875,7977.7998046875,7879.0,7930.60009765625
2023-02-23,7930.60009765625,7935.60009765625,7888.89990234375,7907.7001953125
2023-02-24,7907.7001953125,7939.2001953125,7870.39990234375,7878.7001953125
2023-02-27,7878.7001953125,7950.0,7878.7001953125,7935.10009765625
2023-02-28,7935.10009765625,7935.10009765625,7854.7998046875,7876.2998046875
2023-03-01,7876.2998046875,7950.7001953125,7874.2998046875,7914.89990234375
2023-03-02,7914.89990234375,7945.7998046875,7875.0,7944.0
2023-03-03,7944.0,7974.39990234375,7920.10009765625,7947.10009765625
2023-03-06,7947.10009765625,7948.7001953125,7897.5,7929.7998046875
2023-03-07,7929.7998046875,7959.7998046875,7909.7998046875,7919.5
2023-03-08,7919.5,7946.60009765625,7891.39990234375,7929.89990234375
2023-03-09,7929.89990234375,7930.2998046875,7862.0,7880.0
2023-03-10,7880.0,7880.0,7708.2998046875,7748.39990234375
2023-03-13,7748.39990234375,7752.39990234375,7546.0,7548.60009765625
2023-03-14,7548.60009765625,7641.60009765625,7503.2998046875,7637.10009765625
2023-03-15,7637.10009765625,7637.39990234375,7333.39990234375,7344.5
2023-03-16,7344.5,7458.60009765625,7331.5,7410.0
2023-03-17,7410.0,7510.5,7309.2998046875,7335.39990234375
2023-03-20,7335.39990234375,7426.2001953125,7206.7998046875,7403.89990234375
2023-03-21,7403.89990234375,7557.60009765625,7403.89990234375,7536.2001953125
2023-03-22,7536.2001953125,7585.60009765625,7505.5,7566.7998046875
2023-03-23,7566.7998046875,7566.7998046875,7476.10009765625,7499.60009765625
2023-03-24,7499.60009765625,7499.60009765625,7335.7001953125,7405.5
2023-03-27,7405.5,7491.7001953125,7405.5,7471.7998046875
2023-03-28,7471.7998046875,7524.60009765625,7464.60009765625,7484.2998046875
2023-03-29,7484.2998046875,7566.7998046875,7484.2001953125,7564.2998046875
2023-03-30,7564.2998046875,7638.5,7564.2998046875,7620.39990234375
2023-03-31,7620.39990234375,7654.39990234375,7616.10009765625,7631.7001953125
2023-04-03,7631.7001953125,7698.2001953125,7631.7001953125,7673.0
2023-04-04,7673.0,7726.89990234375,7634.5,7634.5
2023-04-05,7634.5,7678.5,7634.2998046875,7662.89990234375
2023-04-06,7662.89990234375,7742.10009765625,7654.5,7741.60009765625
2023-04-11,7741.60009765625,7806.39990234375,7741.60009765625,7785.7001953125
2023-04-12,7785.7001953125,7859.7001953125,7783.39990234375,7824.7998046875
2023-04-13,7824.7998046875,7851.60009765625,7814.10009765625,7843.39990234375
2023-04-14,7843.39990234375,7904.0,7843.39990234375,7871.89990234375
2023-04-17,7871.89990234375,7916.7001953125,7871.89990234375,7879.5
2023-04-18,7879.5,7912.7001953125,7879.5,7909.39990234375
2023-04-19,7909.39990234375,7909.39990234375,7871.39990234375,7898.7998046875
2023-04-20,7898.7998046875,7903.0,7876.39990234375,7902.60009765625
2023-04-21,7902.60009765625,7936.10009765625,7886.5,7914.10009765625
2023-04-24,7914.10009765625,7927.10009765625,7877.60009765625,7912.2001953125
2023-04-25,7912.2001953125,7912.5,7863.89990234375,7891.10009765625
2023-04-26,7891.10009765625,7894.0,7825.89990234375,7852.60009765625
2023-04-27,7852.60009765625,7865.7001953125,7816.7998046875,7831.60009765625
2023-04-28,7831.60009765625,7870.60009765625,7791.60009765625,7870.60009765625
2023-05-02,7870.60009765625,7898.7001953125,7773.0,7773.0
2023-05-03,7773.0,7819.7001953125,7773.0,7788.39990234375
2023-05-04,7788.39990234375,7788.39990234375,7691.2998046875,7702.60009765625
2023-05-05,7702.60009765625,7781.5,7702.60009765625,7778.39990234375
2023-05-09,7778.39990234375,7792.39990234375,7735.10009765625,7764.10009765625
2023-05-10,7764.10009765625,7779.0,7727.10009765625,7741.2998046875
2023-05-11,7741.2998046875,7784.2998046875,7679.60009765625,7730.60009765625
2023-05-12,7730.60009765625,7772.7998046875,7729.0,7754.60009765625
2023-05-15,7754.60009765625,7794.89990234375,7754.60009765625,7777.7001953125
2023-05-16,7777.7001953125,7804.89990234375,7741.2998046875,7751.10009765625
2023-05-17,7751.10009765625,7758.2001953125,7713.0,7723.2001953125
2023-05-18,7723.2001953125,7776.60009765625,7723.2001953125,7742.2998046875
2023-05-19,7742.2998046875,7790.89990234375,7742.10009765625,7756.89990234375
2023-05-22,7756.89990234375,7783.39990234375,7750.5,7771.0
2023-05-23,7771.0,7800.89990234375,7747.10009765625,7763.0
2023-05-24,7763.0,7763.0,7590.2001953125,7627.10009765625
2023-05-25,7627.10009765625,7629.10009765625,7569.2001953125,7570.89990234375
2023-05-26,7570.89990234375,7643.60009765625,7556.89990234375,7627.2001953125
2023-05-30,7627.2001953125,7628.10009765625,7516.5,7522.10009765625
2023-05-31,7522.10009765625,7522.10009765625,7446.10009765625,7446.10009765625
2023-06-01,7446.10009765625,7498.60009765625,7445.2998046875,7490.2998046875
2023-06-02,7490.2998046875,7614.89990234375,7490.0,7607.2998046875
2023-06-05,7607.2998046875,7654.7998046875,7594.10009765625,7600.0
2023-06-06,7600.0,7636.10009765625,7556.2001953125,7628.10009765625
2023-06-07,7628.10009765625,7642.39990234375,7604.39990234375,7624.2998046875
2023-06-08,7624.2998046875,7638.60009765625,7588.0,7599.7001953125
2023-06-09,7599.7001953125,7621.7001953125,7546.5,7562.39990234375
2023-06-12,7562.39990234375,7599.89990234375,7556.7998046875,7570.7001953125
2023-06-13,7570.7001953125,7610.7998046875,7556.2998046875,7594.7998046875
2023-06-14,7594.7998046875,7639.7998046875,7579.2998046875,7602.7001953125
2023-06-15,7602.7001953125,7632.7001953125,7584.7998046875,7628.2998046875
2023-06-16,7628.2998046875,7687.60009765625,7627.7998046875,7642.7001953125
2023-06-19,7642.7001953125,7642.7001953125,7581.7998046875,7588.5
2023-06-20,7588.5,7607.5,7566.2998046875,7569.2998046875
2023-06-21,7569.2998046875,7577.60009765625,7520.89990234375,7559.2001953125
2023-06-22,7559.2001953125,7559.2001953125,7458.39990234375,7502.0
2023-06-23,7502.0,7502.0,7439.7001953125,7461.89990234375
2023-06-26,7461.89990234375,7476.5,7401.2001953125,7453.60009765625
2023-06-27,7453.60009765625,7495.89990234375,7428.10009765625,7461.5
2023-06-28,7461.5,7518.2998046875,7461.5,7500.5
2023-06-29,7500.5,7505.60009765625,7460.5,7471.7001953125
2023-06-30,7471.7001953125,7551.60009765625,7471.7001953125,7531.5
2023-07-03,7531.5,7561.2998046875,7513.89990234375,7527.2998046875
2023-07-04,7527.2998046875,7547.39990234375,7518.39990234375,7519.7001953125
2023-07-05,7519.7001953125,7519.7001953125,7434.7001953125,7442.10009765625
2023-07-06,7442.10009765625,7442.10009765625,7267.60009765625,7280.5
2023-07-07,7280.5,7280.5,7229.60009765625,7256.89990234375
2023-07-10,7256.89990234375,7306.10009765625,7238.7001953125,7273.7998046875
2023-07-11,7273.7998046875,7285.2998046875,7239.2001953125,7282.5
2023-07-12,7282.5,7425.10009765625,7282.5,7416.10009765625
2023-07-13,7416.10009765625,7457.2001953125,7409.2998046875,7440.2001953125
2023-07-14,7440.2001953125,7480.39990234375,7421.2998046875,7434.60009765625
2023-07-17,7434.60009765625,7437.60009765625,7395.7001953125,7406.39990234375
2023-07-18,7406.39990234375,7459.2001953125,7398.5,7453.7001953125
2023-07-19,7453.7001953125,7625.10009765625,7453.7001953125,7588.2001953125
2023-07-20,7588.2001953125,7661.89990234375,7585.89990234375,7646.10009765625
2023-07-21,7646.10009765625,7674.2001953125,7639.5,7663.7001953125
2023-07-24,7663.7001953125,7685.0,7633.2998046875,7678.60009765625
2023-07-25,7678.60009765625,7702.39990234375,7676.5,7691.7998046875
2023-07-26,7691.7998046875,7702.7001953125,7630.0,7676.89990234375
2023-07-27,7676.89990234375,7709.7001953125,7662.39990234375,7692.7998046875
2023-07-28,7692.7998046875,7716.7998046875,7680.2001953125,7694.2998046875
2023-07-31,7694.2998046875,7722.89990234375,7667.7998046875,7699.39990234375
2023-08-01,7699.39990234375,7715.2001953125,7650.2001953125,7666.2998046875
2023-08-02,7666.2998046875,7666.2998046875,7522.2001953125,7561.60009765625
2023-08-03,7561.60009765625,7562.10009765625,7437.89990234375,7529.2001953125
2023-08-04,7529.2001953125,7569.60009765625,7487.39990234375,7564.39990234375
2023-08-07,7564.39990234375,7565.0,7505.2001953125,7554.5
2023-08-08,7554.5,7554.5,7487.5,7527.39990234375
2023-08-09,7527.39990234375,7600.7998046875,7527.39990234375,7587.2998046875
2023-08-10,7587.2998046875,7622.89990234375,7572.60009765625,7618.60009765625
2023-08-11,7618.60009765625,7618.60009765625,7507.7998046875,7524.2001953125
2023-08-14,7524.2001953125,7530.2998046875,7476.5,7507.2001953125
2023-08-15,7507.2001953125,7508.60009765625,7369.7001953125,7389.60009765625
2023-08-16,7389.60009765625,7398.2001953125,7338.5,7356.89990234375
2023-08-17,7356.89990234375,7357.0,7305.0,7310.2001953125
2023-08-18,7310.2001953125,7310.2001953125,7215.7998046875,7262.39990234375
2023-08-21,7262.39990234375,7316.0,7250.89990234375,7257.7998046875
2023-08-22,7257.7998046875,7310.5,7257.60009765625,7270.7998046875
2023-08-23,7270.7998046875,7348.7998046875,7270.7998046875,7320.5
2023-08-24,7320.5,7386.10009765625,7320.5,7333.60009765625
2023-08-25,7333.60009765625,7389.39990234375,7327.0,7338.60009765625
2023-08-29,7338.60009765625,7471.10009765625,7338.60009765625,7465.0
2023-08-30,7465.0,7509.39990234375,7464.7001953125,7473.7001953125
2023-08-31,7473.7001953125,7500.39990234375,7439.10009765625,7439.10009765625
2023-09-01,7439.10009765625,7492.60009765625,7439.10009765625,7464.5
2023-09-04,7464.5,7523.39990234375,7448.2998046875,7452.7998046875
2023-09-05,7452.7998046875,7481.39990234375,7389.7998046875,7437.89990234375
2023-09-06,7437.89990234375,7447.89990234375,7369.60009765625,7426.10009765625
2023-09-07,7426.10009765625,7462.2001953125,7385.89990234375,7441.7001953125
2023-09-08,7441.7001953125,7480.60009765625,7402.10009765625,7478.2001953125
2023-09-11,7478.2001953125,7549.2998046875,7467.39990234375,7496.89990234375
2023-09-12,7496.89990234375,7550.2001953125,7496.2998046875,7527.5
2023-09-13,7527.5,7545.2001953125,7490.39990234375,7526.0
2023-09-14,7526.0,7687.0,7526.0,7673.10009765625
2023-09-15,7673.10009765625,7745.7998046875,7673.10009765625,7711.39990234375
2023-09-18,7711.39990234375,7720.10009765625,7641.7998046875,7652.89990234375
2023-09-19,7652.89990234375,7682.39990234375,7642.39990234375,7660.2001953125
2023-09-20,7660.2001953125,7741.89990234375,7659.60009765625,7731.7001953125
2023-09-21,7731.7001953125,7746.5,7674.7001953125,7678.60009765625
2023-09-22,7678.60009765625,7735.2001953125,7640.7998046875,7683.89990234375
2023-09-25,7683.89990234375,7684.7998046875,7580.7998046875,7624.0
2023-09-26,7624.0,7656.89990234375,7593.5,7625.7001953125
2023-09-27,7625.7001953125,7645.60009765625,7577.2001953125,7593.2001953125
2023-09-28,7593.2001953125,7605.60009765625,7524.10009765625,7601.89990234375
2023-09-29,7601.89990234375,7674.2001953125,7601.89990234375,7608.10009765625
2023-10-02,7608.10009765625,7630.39990234375,7491.2998046875,7510.7001953125
2023-10-03,7510.7001953125,7545.7001953125,7466.60009765625,7470.2001953125
2023-10-04,7470.2001953125,7490.2001953125,7384.2001953125,7412.5
2023-10-05,7412.5,7488.60009765625,7409.7001953125,7451.5
2023-10-06,7451.5,7496.39990234375,7423.39990234375,7494.60009765625
2023-10-09,7494.60009765625,7540.60009765625,7473.2001953125,7492.2001953125
2023-10-10,7492.2001953125,7637.39990234375,7492.2001953125,7628.2001953125
2023-10-11,7628.2001953125,7652.0,7608.7001953125,7620.0
2023-10-12,7620.0,7687.89990234375,7620.0,7644.7998046875
2023-10-13,7644.7998046875,7660.10009765625,7590.7001953125,7599.60009765625
2023-10-16,7599.60009765625,7651.2998046875,7584.60009765625,7630.60009765625
2023-10-17,7630.60009765625,7682.60009765625,7616.7998046875,7675.2001953125
2023-10-18,7675.2001953125,7681.5,7579.2998046875,7588.0
2023-10-19,7588.0,7588.0,7490.5,7499.5
2023-10-20,7499.5,7499.60009765625,7395.60009765625,7402.10009765625
2023-10-23,7402.10009765625,7402.2001953125,7338.60009765625,7374.7998046875
2023-10-24,7374.7998046875,7405.2998046875,7325.0,7389.7001953125
2023-10-25,7389.7001953125,7428.10009765625,7368.39990234375,7414.2998046875
2023-10-26,7414.2998046875,7414.2998046875,7342.5,7354.60009765625
2023-10-27,7354.60009765625,7380.2998046875,7279.89990234375,7291.2998046875
2023-10-30,7291.2998046875,7361.5,7291.2998046875,7327.39990234375
2023-10-31,7327.39990234375,7373.5,7309.0,7321.7001953125
2023-11-01,7321.7001953125,7385.39990234375,7304.89990234375,7342.39990234375
2023-11-02,7342.39990234375,7469.7998046875,7342.39990234375,7446.5
2023-11-03,7446.5,7482.7001953125,7396.60009765625,7417.7001953125
2023-11-06,7417.7001953125,7448.39990234375,7403.5,7417.7998046875
2023-11-07,7417.7998046875,7431.10009765625,7397.39990234375,7410.0
2023-11-08,7410.0,7442.10009765625,7384.5,7401.7001953125
2023-11-09,7401.7001953125,7465.2998046875,7367.2001953125,7455.7001953125
2023-11-10,7455.7001953125,7455.7001953125,7320.0,7360.60009765625
2023-11-13,7360.60009765625,7426.10009765625,7360.60009765625,7425.7998046875
2023-11-14,7425.7998046875,7456.60009765625,7386.7001953125,7440.5
2023-11-15,7440.5,7533.7998046875,7440.5,7486.89990234375
2023-11-16,7486.89990234375,7492.7998046875,7409.39990234375,7411.0
2023-11-17,7411.0,7509.0,7410.0,7504.2998046875
2023-11-20,7504.2998046875,7506.0,7472.7001953125,7496.39990234375
2023-11-21,7496.39990234375,7496.89990234375,7446.7001953125,7482.0
2023-11-22,7482.0,7504.5,7452.0,7469.5
2023-11-23,7469.5,7494.7998046875,7450.60009765625,7483.60009765625
2023-11-24,7483.60009765625,7494.7001953125,7450.10009765625,7488.2001953125
2023-11-27,7488.2001953125,7488.2998046875,7452.2001953125,7460.7001953125
2023-11-28,7460.7001953125,7461.10009765625,7403.2998046875,7455.2001953125
2023-11-29,7455.2001953125,7457.5,7408.7998046875,7423.5
2023-11-30,7423.5,7497.7001953125,7387.10009765625,7453.7998046875
2023-12-01,7453.7998046875,7538.7001953125,7453.7998046875,7529.39990234375
2023-12-04,7529.39990234375,7533.7998046875,7476.89990234375,7513.0
2023-12-05,7513.0,7513.0,7460.2001953125,7489.7998046875
2023-12-06,7489.7998046875,7542.60009765625,7486.7998046875,7515.39990234375
2023-12-07,7515.39990234375,7523.60009765625,7480.5,7513.7001953125
2023-12-08,7513.7001953125,7581.2998046875,7509.7998046875,7554.5
2023-12-11,7554.5,7557.39990234375,7493.60009765625,7544.89990234375
2023-12-12,7544.89990234375,7607.5,7542.39990234375,7542.7998046875
2023-12-13,7542.7998046875,7584.89990234375,7542.7001953125,7548.39990234375
2023-12-14,7548.39990234375,7724.7998046875,7548.39990234375,7649.0
2023-12-15,7649.0,7668.2001953125,7569.0,7576.39990234375
2023-12-18,7576.39990234375,7630.60009765625,7557.2001953125,7614.5
2023-12-19,7614.5,7642.2001953125,7605.39990234375,7638.0
2023-12-20,7638.0,7762.89990234375,7637.89990234375,7715.7001953125
2023-12-21,7715.7001953125,7715.7001953125,7668.39990234375,7694.7001953125
2023-12-22,7694.7001953125,7715.2001953125,7676.39990234375,7697.5
2023-12-27,7697.5,7759.7001953125,7697.5,7725.0
2023-12-28,7725.0,7746.0,7708.7001953125,7722.7001953125
2023-12-29,7722.7001953125,7746.89990234375,7719.0,7733.2001953125
2024-01-02,7733.2001953125,7764.39990234375,7689.0,7721.5
2024-01-03,7721.5,7744.60009765625,7650.2998046875,7682.2998046875
2024-01-04,7682.2998046875,7728.2001953125,7678.7998046875,7723.10009765625
2024-01-05,7723.10009765625,7723.10009765625,7642.89990234375,7689.60009765625
2024-01-08,7689.60009765625,7694.2001953125,7636.10009765625,7694.2001953125
2024-01-09,7694.2001953125,7717.5,7675.10009765625,7684.0
2024-01-10,7684.0,7684.0,7647.39990234375,7651.7998046875
2024-01-11,7651.7998046875,7693.89990234375,7576.60009765625,7576.60009765625
2024-01-12,7576.60009765625,7655.2001953125,7576.60009765625,7624.89990234375
2024-01-15,7624.89990234375,7637.7998046875,7578.2998046875,7594.89990234375
2024-01-16,7594.89990234375,7594.89990234375,7538.89990234375,7558.2998046875
2024-01-17,7558.2998046875,7558.2998046875,7404.10009765625,7446.2998046875
2024-01-18,7446.2998046875,7471.7001953125,7426.60009765625,7459.10009765625
2024-01-19,7459.10009765625,7521.10009765625,7450.89990234375,7461.89990234375
2024-01-22,7461.89990234375,7503.60009765625,7456.0,7487.7001953125
2024-01-23,7487.7001953125,7525.10009765625,7465.10009765625,7485.7001953125
2024-01-24,7485.7001953125,7538.89990234375,7485.7001953125,7527.7001953125
2024-01-25,7527.7001953125,7544.5,7507.0,7529.7001953125
2024-01-26,7529.7001953125,7651.7998046875,7529.7001953125,7635.10009765625
2024-01-29,7635.10009765625,7664.89990234375,7630.7998046875,7632.7001953125
2024-01-30,7632.7001953125,7684.2001953125,7632.7001953125,7666.2998046875
2024-01-31,7666.2998046875,7689.7001953125,7630.60009765625,7630.60009765625
2024-02-01,7630.60009765625,7673.7001953125,7607.89990234375,7622.2001953125
2024-02-02,7622.2001953125,7670.89990234375,7609.2998046875,7615.5
2024-02-05,7615.5,7667.7998046875,7598.7001953125,7612.89990234375
2024-02-06,7612.89990234375,7693.60009765625,7612.89990234375,7681.0
2024-02-07,7681.0,7694.89990234375,7626.2001953125,7628.7998046875
2024-02-08,7628.7998046875,7653.39990234375,7593.60009765625,7595.5
2024-02-09,7595.5,7608.7001953125,7557.39990234375,7572.60009765625
2024-02-12,7572.60009765625,7590.5,7555.5,7573.7001953125
2024-02-13,7573.7001953125,7585.2998046875,7493.0,7512.2998046875
2024-02-14,7512.2998046875,7590.10009765625,7512.2998046875,7568.39990234375
2024-02-15,7568.39990234375,7612.2998046875,7562.10009765625,7597.5
2024-02-16,7597.5,7720.7001953125,7597.5,7711.7001953125
2024-02-19,7711.7001953125,7733.5,7692.5,7728.5
2024-02-20,7728.5,7748.7001953125,7706.0,7719.2001953125
2024-02-21,7719.2001953125,7719.2001953125,7642.7998046875,7662.5
2024-02-22,7662.5,7702.89990234375,7651.7001953125,7684.5
2024-02-23,7684.5,7713.39990234375,7675.2001953125,7706.2998046875
2024-02-26,7706.2998046875,7710.7998046875,7676.7998046875,7684.2998046875
2024-02-27,7684.2998046875,7698.2998046875,7669.7001953125,7683.0
2024-02-28,7683.0,7693.2001953125,7620.39990234375,7625.0
2024-02-29,7625.0,7677.7001953125,7622.89990234375,7630.0
2024-03-01,7630.0,7695.60009765625,7630.0,7682.5
2024-03-04,7682.5,7682.60009765625,7623.2001953125,7640.2998046875
2024-03-05,7640.2998046875,7654.7998046875,7598.5,7646.2001953125
2024-03-06,7646.2001953125,7701.2998046875,7639.0,7679.2998046875
2024-03-07,7679.2998046875,7711.7998046875,7645.10009765625,7692.5
2024-03-08,7692.5,7693.89990234375,7646.2001953125,7659.7001953125
2024-03-11,7659.7001953125,7669.2001953125,7612.60009765625,7669.2001953125
2024-03-12,7669.2001953125,7764.60009765625,7669.2001953125,7747.7998046875
2024-03-13,7747.7998046875,7785.7001953125,7738.7001953125,7772.2001953125
2024-03-14,7772.2001953125,7778.39990234375,7719.10009765625,7743.2001953125
2024-03-15,7743.2001953125,7761.10009765625,7727.39990234375,7727.39990234375
2024-03-18,7727.39990234375,7750.2001953125,7714.89990234375,7722.60009765625
2024-03-19,7722.60009765625,7739.7001953125,7699.60009765625,7738.2998046875
2024-03-20,7738.2998046875,7749.39990234375,7711.5,7737.39990234375
2024-03-21,7737.39990234375,7901.7998046875,7737.39990234375,7882.60009765625
2024-03-22,7882.60009765625,7961.39990234375,7882.2001953125,7930.89990234375
2024-03-25,7930.89990234375,7939.39990234375,7891.7001953125,7917.60009765625
2024-03-26,7917.60009765625,7934.39990234375,7892.10009765625,7931.0
2024-03-27,7931.0,7938.10009765625,7893.0,7932.0
2024-03-28,7932.0,7975.39990234375,7931.39990234375,7952.60009765625
2024-04-02,7952.60009765625,8015.60009765625,7928.60009765625,7935.10009765625
2024-04-03,7935.10009765625,7937.39990234375,7882.7001953125,7937.39990234375
2024-04-04,7937.39990234375,7990.39990234375,7937.39990234375,7975.89990234375
2024-04-05,7975.89990234375,7975.89990234375,7884.5,7911.2001953125
2024-04-08,7911.2001953125,7953.2001953125,7887.89990234375,7943.5
2024-04-09,7943.5,7962.7998046875,7917.5,7934.7998046875
2024-04-10,7934.7998046875,7999.7998046875,7916.5,7961.2001953125
2024-04-11,7961.2001953125,7970.10009765625,7886.89990234375,7923.7998046875
2024-04-12,7923.7998046875,8045.0,7923.7998046875,7995.60009765625
2024-04-15,7995.60009765625,8009.5,7952.10009765625,7965.5
2024-04-16,7965.5,7965.5,7793.89990234375,7820.39990234375
2024-04-17,7820.39990234375,7893.60009765625,7798.60009765625,7848.0
2024-04-18,7848.0,7898.7998046875,7845.89990234375,7877.10009765625
2024-04-19,7877.10009765625,7900.5,7809.7001953125,7895.89990234375
2024-04-22,7895.89990234375,8042.7998046875,7895.89990234375,8023.89990234375
2024-04-23,8023.89990234375,8076.5,8021.7001953125,8044.7998046875
2024-04-24,8044.7998046875,8092.2001953125,8031.7998046875,8040.39990234375
2024-04-25,8040.39990234375,8105.60009765625,8030.10009765625,8078.89990234375
2024-04-26,8078.89990234375,8146.7998046875,8078.89990234375,8139.7998046875
2024-04-29,8139.7998046875,8189.10009765625,8136.7001953125,8147.0
2024-04-30,8147.0,8200.0,8138.10009765625,8144.10009765625
2024-05-01,8144.10009765625,8179.0,8111.39990234375,8121.2001953125
2024-05-02,8121.2001953125,8178.7998046875,8119.89990234375,8172.2001953125
2024-05-03,8172.2001953125,8248.7001953125,8172.2001953125,8213.5
2024-05-07,8213.5,8335.7001953125,8213.5,8313.7001953125
2024-05-08,8313.7001953125,8365.2998046875,8313.7001953125,8354.099609375
2024-05-09,8354.099609375,8396.2998046875,8349.7998046875,8381.400390625
2024-05-10,8381.400390625,8455.7998046875,8381.400390625,8433.7998046875
2024-05-13,8433.7998046875,8446.5,8409.2001953125,8415.0
2024-05-14,8415.0,8448.7001953125,8407.0,8428.099609375
2024-05-15,8428.099609375,8474.400390625,8427.900390625,8445.7998046875
2024-05-16,8445.7998046875,8455.7001953125,8406.7001953125,8438.7001953125
2024-05-17,8438.7001953125,8441.7001953125,8401.400390625,8420.2998046875
2024-05-20,8420.2998046875,8451.599609375,8418.0,8424.2001953125
2024-05-21,8424.2001953125,8424.2001953125,8379.099609375,8416.5
2024-05-22,8416.5,8416.5,8343.400390625,8370.2998046875
2024-05-23,8370.2998046875,8385.2001953125,8332.2998046875,8339.2001953125
2024-05-24,8339.2001953125,8339.2001953125,8263.7998046875,8317.599609375
2024-05-28,8317.599609375,8335.5,8241.2998046875,8254.2001953125
2024-05-29,8254.2001953125,8255.400390625,8180.0,8183.10009765625
2024-05-30,8183.10009765625,8236.2998046875,8148.5,8231.099609375
2024-05-31,8231.099609375,8289.2001953125,8231.099609375,8275.400390625
2024-06-03,8275.400390625,8371.7001953125,8258.900390625,8262.7998046875
2024-06-04,8262.7998046875,8263.400390625,8200.2998046875,8232.0
2024-06-05,8232.0,8276.599609375,8232.0,8247.0
2024-06-06,8247.0,8287.099609375,8247.0,8285.2998046875
2024-06-07,8285.2998046875,8297.0,8210.2001953125,8245.400390625
2024-06-10,8245.400390625,8245.400390625,8183.5,8228.5
2024-06-11,8228.5,8261.7001953125,8114.7998046875,8147.7998046875
2024-06-12,8147.7998046875,8243.2001953125,8147.7998046875,8215.5
2024-06-13,8215.5,8215.5,8147.39990234375,8163.7001953125
2024-06-14,8163.7001953125,8178.2001953125,8112.89990234375,8146.89990234375
2024-06-17,8146.89990234375,8187.2998046875,8120.89990234375,8142.2001953125
2024-06-18,8142.2001953125,8200.0,8142.2001953125,8191.2998046875
2024-06-19,8191.2998046875,8212.7001953125,8164.5,8205.099609375
2024-06-20,8205.099609375,8272.5,8203.599609375,8272.5
2024-06-21,8272.5,8282.7001953125,8188.10009765625,8237.7001953125
2024-06-24,8237.7001953125,8307.900390625,8217.400390625,8281.599609375
2024-06-25,8281.599609375,8294.2001953125,8245.7001953125,8247.7998046875
2024-06-26,8247.7998046875,8302.0,8205.0,8225.2998046875
2024-06-27,8225.2998046875,8232.900390625,8179.7001953125,8179.7001953125
2024-06-28,8179.7001953125,8237.400390625,8162.7001953125,8164.10009765625
2024-07-01,8164.10009765625,8225.099609375,8164.10009765625,8166.7998046875
2024-07-02,8166.7998046875,8166.7998046875,8106.7998046875,8121.2001953125
2024-07-03,8121.2001953125,8178.0,8121.2001953125,8171.10009765625
2024-07-04,8171.10009765625,8258.0,8171.0,8241.2998046875
2024-07-05,8241.2998046875,8279.7998046875,8182.7001953125,8203.900390625
2024-07-08,8203.900390625,8232.7998046875,8175.2998046875,8193.5
2024-07-09,8193.5,8217.099609375,8132.5,8139.7998046875
2024-07-10,8139.7998046875,8194.900390625,8138.2001953125,8193.5
2024-07-11,8193.5,8231.7998046875,8190.7998046875,8223.2998046875
2024-07-12,8223.2998046875,8276.2998046875,8223.2998046875,8252.900390625
2024-07-15,8252.900390625,8252.900390625,8174.60009765625,8183.0
2024-07-16,8183.0,8183.0,8126.10009765625,8164.89990234375
2024-07-17,8164.89990234375,8204.2998046875,8132.0,8187.5
2024-07-18,8187.5,8267.7998046875,8187.5,8204.900390625
2024-07-19,8150.10009765625,8184.2998046875,8135.10009765625,8155.7001953125
2024-07-22,8155.7001953125,8240.400390625,8155.7001953125,8198.7998046875
2024-07-23,8198.7998046875,8228.099609375,8151.5,8167.39990234375
2024-07-24,8167.39990234375,8170.7001953125,8112.0,8153.7001953125
2024-07-25,8153.7001953125,8187.5,8056.0,8186.39990234375
2024-07-26,8186.39990234375,8290.2998046875,8181.2001953125,8285.7001953125
2024-07-29,8285.7001953125,8368.400390625,8285.7001953125,8292.400390625
2024-07-30,8292.400390625,8297.900390625,8235.599609375,8274.400390625
2024-07-31,8274.400390625,8399.900390625,8274.400390625,8368.0
2024-08-01,8368.0,8405.2001953125,8268.099609375,8283.400390625
2024-08-02,8283.400390625,8283.400390625,8158.0,8174.7001953125
2024-08-05,8174.7001953125,8174.7001953125,7915.89990234375,8008.2001953125
2024-08-06,8008.2001953125,8058.2998046875,7949.89990234375,8026.7001953125
2024-08-07,8026.7001953125,8177.0,8026.7001953125,8166.89990234375
2024-08-08,8166.89990234375,8166.89990234375,8064.2998046875,8145.0
2024-08-09,8145.0,8203.5,8144.39990234375,8168.10009765625
2024-08-12,8168.10009765625,8223.5,8168.10009765625,8210.2998046875
2024-08-13,8210.2998046875,8244.400390625,8188.0,8235.2001953125
2024-08-14,8235.2001953125,8288.7001953125,8230.7001953125,8281.099609375
2024-08-15,8281.099609375,8367.0,8277.099609375,8347.400390625
2024-08-16,8347.400390625,8350.400390625,8292.0,8311.400390625
2024-08-19,8311.400390625,8374.0,8286.5,8356.900390625
2024-08-20,8356.900390625,8356.900390625,8270.7001953125,8273.2998046875
2024-08-21,8273.2998046875,8295.900390625,8263.0,8283.400390625
2024-08-22,8283.400390625,8318.599609375,8277.0,8288.0
2024-08-23,8288.0,8331.900390625,8288.0,8327.7998046875
2024-08-27,8327.7998046875,8400.400390625,8327.7998046875,8345.5
2024-08-28,8345.5,8362.7001953125,8322.2998046875,8343.900390625
2024-08-29,8343.900390625,8392.400390625,8336.599609375,8379.599609375
2024-08-30,8379.599609375,8414.400390625,8363.7001953125,8376.599609375
2024-09-02,8376.599609375,8380.099609375,8353.2001953125,8363.7998046875
2024-09-03,8363.7998046875,8381.0,8286.599609375,8298.5
2024-09-04,8298.5,8298.5,8219.2998046875,8269.599609375
2024-09-05,8269.599609375,8285.599609375,8241.7001953125,8241.7001953125
2024-09-06,8241.7001953125,8260.7001953125,8168.39990234375,8181.5
2024-09-09,8181.5,8274.7001953125,8181.5,8270.7998046875
2024-09-10,8270.7998046875,8271.099609375,8195.099609375,8206.0
2024-09-11,8206.0,8232.7998046875,8170.0,8193.900390625
2024-09-12,8193.900390625,8301.400390625,8193.900390625,8241.0
2024-09-13,8241.0,8287.900390625,8230.7998046875,8273.099609375
2024-09-16,8273.099609375,8290.0,8247.900390625,8278.400390625
2024-09-17,8278.400390625,8351.7001953125,8278.400390625,8309.900390625
2024-09-18,8309.900390625,8310.0,8245.7001953125,8253.7001953125
2024-09-19,8253.7001953125,8370.5,8253.7001953125,8328.7001953125
2024-09-20,8328.7001953125,8328.7001953125,8223.7998046875,8230.0
2024-09-23,8230.0,8262.5,8210.099609375,8259.7001953125
2024-09-24,8259.7001953125,8309.7998046875,8259.5,8282.7998046875
2024-09-25,8282.7998046875,8319.400390625,8243.0,8268.7001953125
2024-09-26,8268.7001953125,8332.900390625,8262.0,8284.900390625
2024-09-27,8284.900390625,8334.599609375,8283.5,8320.7998046875
2024-09-30,8320.7998046875,8324.599609375,8234.0,8237.0
2024-10-01,8237.0,8291.099609375,8226.2001953125,8276.7001953125
2024-10-02,8276.7001953125,8322.599609375,8267.599609375,8290.900390625
2024-10-03,8290.900390625,8332.7001953125,8262.0,8282.5
2024-10-04,8282.5,8300.7001953125,8234.2001953125,8280.599609375
2024-10-07,8280.599609375,8323.400390625,8260.099609375,8303.599609375
2024-10-08,8303.599609375,8303.599609375,8184.0,8190.60009765625
2024-10-09,8190.60009765625,8244.400390625,8188.7001953125,8243.7001953125
2024-10-10,8243.7001953125,8272.5,8218.400390625,8237.7001953125
2024-10-11,8237.7001953125,8265.7001953125,8211.900390625,8253.7001953125
2024-10-14,8253.7001953125,8292.7001953125,8237.7001953125,8292.7001953125
2024-10-15,8292.7001953125,8306.2001953125,8242.0,8249.2998046875
2024-10-16,8249.2998046875,8346.599609375,8249.2998046875,8329.099609375
2024-10-17,8329.099609375,8395.599609375,8322.099609375,8385.099609375
2024-10-18,8385.099609375,8385.099609375,8315.900390625,8358.2998046875
2024-10-21,8358.2998046875,8391.7998046875,8318.2001953125,8318.2001953125
2024-10-22,8318.2001953125,8318.2001953125,8252.400390625,8306.5
2024-10-23,8306.5,8323.2001953125,8252.400390625,8258.599609375
2024-10-24,8258.599609375,8337.7001953125,8256.7998046875,8269.400390625
2024-10-25,8269.400390625,8278.099609375,8246.2001953125,8248.7998046875
2024-10-28,8248.7998046875,8293.599609375,8208.900390625,8285.599609375
2024-10-29,8285.599609375,8325.5,8215.2998046875,8219.599609375
2024-10-30,8219.599609375,8219.599609375,8153.7998046875,8159.60009765625
2024-10-31,8159.60009765625,8159.60009765625,8071.7001953125,8110.10009765625
2024-11-01,8110.10009765625,8202.599609375,8105.2998046875,8177.2001953125
2024-11-04,8177.2001953125,8239.900390625,8175.7998046875,8184.2001953125
2024-11-05,8184.2001953125,8215.7998046875,8148.2998046875,8172.39990234375
2024-11-06,8172.39990234375,8301.7998046875,8144.2998046875,8166.7001953125
2024-11-07,8166.7001953125,8195.2998046875,8140.7001953125,8140.7001953125
2024-11-08,8140.7001953125,8156.5,8060.89990234375,8072.39990234375
2024-11-11,8072.39990234375,8148.2001953125,8072.39990234375,8125.2001953125
2024-11-12,8125.2001953125,8125.2001953125,8018.60009765625,8025.7998046875
2024-11-13,8025.7998046875,8062.7001953125,7995.89990234375,8030.2998046875
2024-11-14,8030.2998046875,8083.10009765625,8012.7998046875,8071.2001953125
2024-11-15,8071.2001953125,8091.89990234375,8030.0,8063.60009765625
2024-11-18,8063.60009765625,8109.2998046875,8054.10009765625,8109.2998046875
2024-11-19,8109.2998046875,8145.89990234375,8052.0,8099.0
2024-11-20,8099.0,8128.39990234375,8074.2001953125,8085.10009765625
2024-11-21,8085.10009765625,8152.89990234375,8065.2001953125,8149.2998046875
2024-11-22,8149.2998046875,8274.7998046875,8149.2998046875,8262.099609375
2024-11-25,8262.099609375,8307.2998046875,8261.7998046875,8291.7001953125
2024-11-26,8291.7001953125,8291.7001953125,8245.7998046875,8258.599609375
2024-11-27,8258.599609375,8280.0,8237.7001953125,8274.7998046875
2024-11-28,8274.7998046875,8303.7998046875,8271.900390625,8281.2001953125
2024-11-29,8281.2001953125,8292.5,8252.900390625,8287.2998046875
2024-12-02,8287.2998046875,8332.0,8274.7001953125,8312.900390625
2024-12-03,8312.900390625,8388.400390625,8311.900390625,8359.400390625
2024-12-04,8359.400390625,8362.7998046875,8322.7998046875,8335.7998046875
2024-12-05,8335.7998046875,8350.7001953125,8321.599609375,8349.400390625
2024-12-06,8349.400390625,8357.599609375,8303.5,8308.599609375
2024-12-09,8308.599609375,8372.099609375,8308.599609375,8352.099609375
2024-12-10,8352.099609375,8352.099609375,8274.5,8280.400390625
2024-12-11,8280.400390625,8318.900390625,8248.400390625,8301.599609375
2024-12-12,8301.599609375,8331.099609375,8300.2001953125,8311.7998046875
2024-12-13,8311.7998046875,8331.900390625,8282.400390625,8300.2998046875
2024-12-16,8300.2998046875,8305.2001953125,8254.099609375,8262.099609375
2024-12-17,8262.099609375,8262.099609375,8190.2001953125,8195.2001953125
2024-12-18,8195.2001953125,8231.7998046875,8191.60009765625,8199.099609375
2024-12-19,8199.099609375,8199.099609375,8079.0,8105.2998046875
2024-12-20,8105.2998046875,8105.7998046875,8002.2998046875,8084.60009765625
2024-12-23,8084.60009765625,8111.39990234375,8051.89990234375,8102.7001953125
2024-12-24,8102.7001953125,8152.0,8102.7001953125,8137.0
2024-12-27,8137.0,8151.2998046875,8112.2998046875,8149.7998046875
2024-12-30,8149.7998046875,8149.7998046875,8094.89990234375,8121.0
2024-12-31,8121.0,8180.39990234375,8096.7001953125,8173.0
2025-01-02,8173.0,8270.599609375,8160.60009765625,8260.099609375
2025-01-03,8260.099609375,8269.0,8219.7001953125,8224.0
2025-01-06,8224.0,8249.7001953125,8197.5,8249.7001953125
2025-01-07,8249.7001953125,8251.7998046875,8190.5,8245.2998046875
2025-01-08,8245.2998046875,8267.400390625,8189.5,8251.0
2025-01-09,8251.0,8322.599609375,8243.2001953125,8319.7001953125
2025-01-10,8319.7001953125,8326.2998046875,8247.599609375,8248.5
2025-01-13,8248.5,8254.0,8192.2998046875,8224.2001953125
2025-01-14,8224.2001953125,8244.2998046875,8193.5,8201.5
2025-01-15,8201.5,8307.599609375,8199.599609375,8301.099609375
2025-01-16,8301.099609375,8391.900390625,8301.099609375,8391.900390625
2025-01-17,8391.900390625,8533.400390625,8391.7998046875,8505.2001953125
2025-01-20,8505.2001953125,8548.599609375,8501.7998046875,8520.5
2025-01-21,8520.5,8550.400390625,8513.400390625,8548.2998046875
2025-01-22,8548.2998046875,8584.7001953125,8527.7998046875,8545.099609375
2025-01-23,8545.099609375,8572.5,8532.099609375,8565.2001953125
2025-01-24,8565.2001953125,8586.7001953125,8492.7001953125,8502.400390625
2025-01-27,8502.400390625,8514.2001953125,8462.2001953125,8503.7001953125
2025-01-28,8503.7001953125,8573.0,8503.599609375,8533.900390625
2025-01-29,8533.900390625,8584.099609375,8518.2998046875,8557.7998046875
2025-01-30,8557.7998046875,8655.2001953125,8547.900390625,8646.900390625
2025-01-31,8646.900390625,8692.7998046875,8646.900390625,8674.0
2025-02-03,8674.0,8674.0,8520.2001953125,8583.599609375
2025-02-04,8583.599609375,8583.599609375,8524.7001953125,8570.7998046875
2025-02-05,8570.7998046875,8623.2998046875,8550.2001953125,8623.2998046875
2025-02-06,8623.2998046875,8767.5,8623.2998046875,8727.2998046875
2025-02-07,8727.2998046875,8728.900390625,8685.7998046875,8700.5
2025-02-10,8700.5,8785.900390625,8694.599609375,8767.7998046875
2025-02-11,8767.7998046875,8789.599609375,8750.5,8777.400390625
2025-02-12,8777.400390625,8810.599609375,8759.400390625,8807.400390625
2025-02-13,8807.400390625,8820.900390625,8729.599609375,8764.7001953125
2025-02-14,8764.7001953125,8767.7001953125,8717.5,8732.5
2025-02-17,8732.5,8769.099609375,8725.2998046875,8768.0
2025-02-18,8768.0,8787.7001953125,8757.7998046875,8766.7001953125
2025-02-19,8766.7001953125,8771.2001953125,8696.900390625,8712.5
2025-02-20,8712.5,8712.7001953125,8650.7998046875,8663.0
2025-02-21,8663.0,8684.7998046875,8638.599609375,8659.400390625
2025-02-24,8659.400390625,8688.2998046875,8614.099609375,8659.0
2025-02-25,8659.0,8712.2001953125,8628.099609375,8668.7001953125
2025-02-26,8668.7001953125,8738.2998046875,8668.7001953125,8731.5
2025-02-27,8731.5,8768.099609375,8680.599609375,8756.2001953125
2025-02-28,8756.2001953125,8810.5,8715.400390625,8809.7001953125
2025-03-03,8809.7001953125,8908.7998046875,8809.7001953125,8871.2998046875
2025-03-04,8871.2998046875,8873.7001953125,8746.0,8759.0
2025-03-05,8759.0,8835.7001953125,8752.5,8755.7998046875
2025-03-06,8755.7998046875,8778.2001953125,8645.7998046875,8682.7998046875
2025-03-07,8682.7998046875,8701.2998046875,8627.2998046875,8679.900390625
2025-03-10,8679.900390625,8700.7998046875,8591.599609375,8600.2001953125
2025-03-11,8600.2001953125,8603.900390625,8481.099609375,8496.0
2025-03-12,8496.0,8565.5,8496.0,8541.0
2025-03-13,8541.0,8581.599609375,8513.7001953125,8542.599609375
2025-03-14,8542.599609375,8642.7998046875,8538.099609375,8632.2998046875
2025-03-17,8632.2998046875,8688.400390625,8625.0,8680.2998046875
2025-03-18,8680.2998046875,8727.0,8680.2998046875,8705.2001953125
2025-03-19,8705.2001953125,8718.7001953125,8662.599609375,8706.7001953125
2025-03-20,8706.7001953125,8742.7998046875,8665.2998046875,8702.0
2025-03-21,8702.0,8702.0,8616.0,8646.7998046875
2025-03-24,8646.7998046875,8695.599609375,8616.400390625,8638.0
2025-03-25,8638.0,8717.0,8638.0,8663.7998046875
2025-03-26,8663.7998046875,8714.7998046875,8656.400390625,8689.599609375
2025-03-27,8689.599609375,8689.7001953125,8611.400390625,8666.099609375
2025-03-28,8666.099609375,8694.2001953125,8636.900390625,8658.900390625
2025-03-31,8658.900390625,8658.900390625,8531.0,8582.7998046875
2025-04-01,8582.7998046875,8671.900390625,8581.900390625,8634.7998046875
2025-04-02,8634.7998046875,8634.7998046875,8548.2998046875,8608.5
2025-04-03,8608.5,8608.5,8453.2001953125,8474.7001953125
2025-04-04,8474.7001953125,8474.7001953125,8023.5,8055.0
2025-04-07,8055.0,8055.0,7544.7998046875,7702.10009765625
2025-04-08,7702.10009765625,7984.2001953125,7702.10009765625,7910.5
2025-04-09,7910.5,7910.5,7599.60009765625,7679.5
2025-04-10,7679.5,8166.5,7679.5,7913.2998046875
2025-04-11,7913.2998046875,8000.7998046875,7862.7001953125,7964.2001953125
2025-04-14,7964.2001953125,8160.2001953125,7964.2001953125,8134.2998046875
2025-04-15,8134.2998046875,8257.7998046875,8134.0,8249.099609375
2025-04-16,8249.099609375,8281.099609375,8177.0,8275.599609375
2025-04-17,8275.599609375,8295.099609375,8195.7001953125,8275.7001953125
2025-04-22,8275.7001953125,8337.7001953125,8262.5,8328.599609375
2025-04-23,8328.599609375,8467.7998046875,8328.2998046875,8403.2001953125
2025-04-24,8403.2001953125,8415.099609375,8361.7998046875,8407.400390625
2025-04-25,8407.400390625,8442.7001953125,8397.099609375,8415.2998046875
2025-04-28,8415.2998046875,8452.599609375,8415.2001953125,8417.2998046875
2025-04-29,8417.2998046875,8470.400390625,8404.099609375,8463.5
2025-04-30,8463.5,8494.900390625,8430.5,8494.900390625
2025-05-01,8494.900390625,8505.2998046875,8468.2998046875,8496.7998046875
2025-05-02,8496.7998046875,8622.099609375,8496.7998046875,8596.400390625
2025-05-06,8596.400390625,8641.7001953125,8569.099609375,8597.400390625
2025-05-07,8597.400390625,8600.0,8533.599609375,8559.2998046875
2025-05-08,8559.2998046875,8607.7001953125,8514.0,8531.599609375
2025-05-09,8531.599609375,8581.5,8531.599609375,8554.7998046875
2025-05-12,8554.7998046875,8646.2998046875,8546.2998046875,8605.0
2025-05-13,8605.0,8623.7998046875,8583.900390625,8602.900390625
2025-05-14,8602.900390625,8616.099609375,8558.2001953125,8585.0
2025-05-15,8585.0,8634.599609375,8531.099609375,8633.7998046875
2025-05-16,8633.7998046875,8697.0,8633.599609375,8684.599609375
2025-05-19,8684.599609375,8699.2998046875,8613.5,8699.2998046875
2025-05-20,8699.2998046875,8789.400390625,8698.099609375,8781.099609375
2025-05-21,8781.099609375,8798.5,8762.0,8786.5
2025-05-22,8786.5,8786.5,8689.400390625,8739.2998046875
2025-05-23,8739.2998046875,8779.400390625,8604.7998046875,8718.0
2025-05-27,8718.0,8824.0,8718.0,8778.099609375
2025-05-28,8778.099609375,8799.7998046875,8726.0,8726.0
2025-05-29,8726.0,8776.2998046875,8709.099609375,8716.5
2025-05-30,8716.5,8790.5,8715.599609375,8772.400390625
2025-06-02,8772.400390625,8792.099609375,8730.599609375,8774.2998046875
2025-06-03,8774.2998046875,8801.5,8738.5,8787.0
2025-06-04,8787.0,8821.400390625,8780.400390625,8801.2998046875
2025-06-05,8801.2998046875,8838.7998046875,8782.099609375,8811.0
2025-06-06,8811.0,8851.400390625,8805.599609375,8837.900390625
2025-06-09,8837.900390625,8850.900390625,8812.099609375,8832.2998046875
2025-06-10,8832.2998046875,8886.099609375,8832.2998046875,8853.099609375
2025-06-11,8853.099609375,8885.400390625,8847.2998046875,8864.400390625
2025-06-12,8864.400390625,8896.900390625,8843.599609375,8884.900390625
2025-06-13,8884.900390625,8898.599609375,8822.2001953125,8850.599609375
2025-06-16,8850.599609375,8902.400390625,8850.599609375,8875.2001953125
2025-06-17,8875.2001953125,8875.2001953125,8809.900390625,8834.0
2025-06-18,8834.0,8858.599609375,8820.400390625,8843.5
2025-06-19,8843.5,8844.099609375,8788.7998046875,8791.7998046875
2025-06-20,8791.7998046875,8847.2998046875,8772.2998046875,8774.7001953125
2025-06-23,8774.7001953125,8787.099609375,8741.400390625,8758.0
2025-06-24,8758.0,8831.900390625,8758.0,8759.0
2025-06-25,8759.0,8792.400390625,8716.2001953125,8718.7998046875
2025-06-26,8718.7998046875,8757.099609375,8707.7001953125,8735.599609375
2025-06-27,8735.599609375,8798.900390625,8735.599609375,8798.900390625
2025-06-30,8798.900390625,8818.400390625,8761.0,8761.0
2025-07-01,8761.0,8790.7998046875,8726.900390625,8785.2998046875
2025-07-02,8785.2998046875,8828.2001953125,8739.0,8774.7001953125
2025-07-03,8774.7001953125,8837.7998046875,8774.7001953125,8823.2001953125
2025-07-04,8823.2001953125,8830.900390625,8782.099609375,8822.900390625
2025-07-07,8822.900390625,8836.900390625,8798.7001953125,8806.5
2025-07-08,8806.5,8854.2001953125,8803.2998046875,8854.2001953125
2025-07-09,8854.2001953125,8887.7001953125,8854.2001953125,8867.0
2025-07-10,8867.0,8979.400390625,8867.0,8975.7001953125
2025-07-11,8975.7001953125,8984.099609375,8918.5,8941.099609375
2025-07-14,8941.099609375,8999.2001953125,8931.099609375,8998.099609375
2025-07-15,8998.099609375,9017.0,8938.2998046875,8938.2998046875
2025-07-16,8938.2998046875,8972.2998046875,8926.599609375,8926.599609375
2025-07-17,8926.599609375,8982.7998046875,8926.599609375,8972.599609375
2025-07-18,8972.599609375,9016.400390625,8969.099609375,8992.099609375
2025-07-21,8992.099609375,9013.0,8975.2001953125,9013.0
2025-07-22,9013.0,9035.400390625,8995.099609375,9023.7998046875
2025-07-23,9023.7998046875,9080.099609375,9023.2998046875,9061.5
2025-07-24,9061.5,9158.2001953125,9060.7001953125,9138.400390625
2025-07-25,9138.400390625,9145.0,9094.7001953125,9120.2998046875
2025-07-28,9120.2998046875,9169.0,9058.400390625,9081.400390625
2025-07-29,9081.400390625,9163.2001953125,9076.400390625,9136.2998046875
2025-07-30,9136.2998046875,9146.7998046875,9091.5,9136.900390625
2025-07-31,9136.900390625,9190.7001953125,9115.7998046875,9132.7998046875
2025-08-01,9132.7998046875,9132.7998046875,9027.900390625,9068.599609375
2025-08-04,9068.599609375,9129.099609375,9068.099609375,9128.2998046875
2025-08-05,9128.2998046875,9178.0,9126.599609375,9142.7001953125
2025-08-06,9142.7001953125,9184.2001953125,9142.7001953125,9164.2998046875
2025-08-07,9164.2998046875,9164.2998046875,9084.5,9100.7998046875
2025-08-08,9100.7998046875,9127.099609375,9079.900390625,9095.7001953125
2025-08-11,9095.7001953125,9137.7001953125,9093.2001953125,9129.7001953125
2025-08-12,9129.7001953125,9165.0,9119.400390625,9147.7998046875
2025-08-13,9147.7998046875,9182.7001953125,9142.400390625,9165.2001953125
2025-08-14,9165.2001953125,9177.2001953125,9133.7001953125,9177.2001953125
2025-08-15,9177.2001953125,9222.099609375,9129.5,9138.900390625
2025-08-18,9138.900390625,9165.7001953125,9126.900390625,9157.7001953125
2025-08-19,9157.7001953125,9197.099609375,9154.7998046875,9189.2001953125
2025-08-20,9189.2001953125,9301.2001953125,9166.7998046875,9288.099609375
2025-08-21,9288.099609375,9309.2001953125,9257.5,9309.2001953125
2025-08-22,9309.2001953125,9357.5,9285.599609375,9321.400390625
2025-08-26,9321.400390625,9325.900390625,9249.599609375,9265.7998046875
2025-08-27,9265.7998046875,9301.900390625,9230.599609375,9255.5
2025-08-28,9255.5,9270.0,9207.400390625,9216.7998046875
2025-08-29,9216.7998046875,9223.099609375,9179.2001953125,9187.2998046875
2025-09-01,9187.2998046875,9226.599609375,9179.7998046875,9196.2998046875
2025-09-02,9196.2998046875,9196.5,9108.2001953125,9116.7001953125
2025-09-03,9116.7001953125,9179.599609375,9107.400390625,9178.0
2025-09-04,9178.0,9231.400390625,9155.5,9216.900390625
2025-09-05,9216.900390625,9253.5,9197.599609375,9208.2001953125
2025-09-08,9208.2001953125,9234.900390625,9190.599609375,9221.400390625
2025-09-09,9221.400390625,9254.2998046875,9221.400390625,9242.5
2025-09-10,9242.5,9290.599609375,9222.400390625,9225.400390625
2025-09-11,9225.400390625,9297.599609375,9225.400390625,9297.599609375
2025-09-12,9297.599609375,9340.7001953125,9283.2998046875,9283.2998046875
2025-09-15,9283.2998046875,9314.400390625,9262.7001953125,9277.0
2025-09-16,9277.0,9282.099609375,9195.7001953125,9195.7001953125
2025-09-17,9195.7001953125,9245.7001953125,9195.7001953125,9208.400390625
2025-09-18,9208.400390625,9245.2001953125,9208.2998046875,9228.099609375
2025-09-19,9228.099609375,9251.0,9207.7001953125,9216.7001953125
2025-09-22,9216.7001953125,9234.599609375,9194.2998046875,9226.7001953125
2025-09-23,9226.7001953125,9266.900390625,9223.2998046875,9223.2998046875
2025-09-24,9223.2998046875,9266.400390625,9177.099609375,9250.400390625
2025-09-25,9250.400390625,9251.2001953125,9203.2001953125,9214.0
2025-09-26,9214.0,9292.099609375,9208.5,9284.7998046875
2025-09-29,9284.7998046875,9354.599609375,9284.7998046875,9299.7998046875
2025-09-30,9299.7998046875,9363.599609375,9266.2998046875,9350.400390625
2025-10-01,9350.5,9457.900390625,9347.599609375,9446.400390625
2025-10-02,9446.400390625,9475.099609375,9417.599609375,9427.7001953125
2025-10-03,9427.7001953125,9494.599609375,9425.0,9491.2998046875
2025-10-06,9491.2001953125,9516.7998046875,9465.400390625,9479.099609375
2025-10-07,9479.099609375,9507.099609375,9473.099609375,9483.599609375
2025-10-08,9483.599609375,9577.099609375,9483.599609375,9548.900390625
2025-10-09,9548.900390625,9565.5,9501.099609375,9509.400390625
2025-10-10,9509.400390625,9520.0,9414.599609375,9427.5
2025-10-13,9427.5,9459.900390625,9409.7001953125,9442.900390625
2025-10-14,9442.900390625,9454.2998046875,9384.2001953125,9452.7998046875
2025-10-15,9452.7998046875,9474.2998046875,9395.099609375,9424.7998046875
2025-10-16,9424.7998046875,9436.099609375,9389.7001953125,9436.099609375
2025-10-17,9436.099609375,9436.099609375,9276.900390625,9354.599609375
2025-10-20,9354.5,9416.400390625,9354.5,9403.599609375
2025-10-21,9403.599609375,9441.2001953125,9403.5,9427.0
2025-10-22,9427.099609375,9545.2001953125,9427.099609375,9515.0
2025-10-23,9515.0,9594.7998046875,9505.7001953125,9578.599609375
2025-10-24,9578.599609375,9645.599609375,9560.5,9645.599609375
2025-10-27,9645.599609375,9672.7001953125,9632.7998046875,9653.7998046875
2025-10-28,9653.7998046875,9727.099609375,9645.400390625,9696.7001953125
2025-10-29,9696.7998046875,9787.599609375,9696.7998046875,9756.099609375
2025-10-30,9756.099609375,9763.400390625,9690.0,9760.099609375
2025-10-31,9760.099609375,9761.7998046875,9697.0,9717.2998046875
2025-11-03,9717.2998046875,9745.599609375,9695.900390625,9701.400390625
2025-11-04,9701.400390625,9715.0,9574.2001953125,9715.0
2025-11-05,9715.0,9786.7998046875,9680.5,9777.099609375
2025-11-06,9777.099609375,9786.099609375,9723.900390625,9735.7998046875
2025-11-07,9735.7998046875,9735.7998046875,9639.0,9682.599609375
2025-11-10,9682.599609375,9800.400390625,9682.599609375,9787.2001953125
2025-11-11,9787.2001953125,9912.900390625,9787.2001953125,9899.599609375
2025-11-12,9899.599609375,9930.099609375,9878.2998046875,9911.400390625
2025-11-13,9911.400390625,9913.2001953125,9804.7998046875,9807.7001953125
2025-11-14,9807.7001953125,9807.7001953125,9610.5,9698.400390625
2025-11-17,9698.400390625,9707.7001953125,9667.900390625,9675.400390625
2025-11-18,9675.400390625,9675.599609375,9511.7001953125,9552.2998046875
2025-11-19,9552.2998046875,9568.5,9507.400390625,9507.400390625
2025-11-20,9507.400390625,9593.7998046875,9507.400390625,9527.7001953125
2025-11-21,9527.7001953125,9541.2001953125,9423.900390625,9539.7001953125
2025-11-24,9539.7001953125,9592.599609375,9524.7001953125,9534.900390625
2025-11-25,9534.900390625,9615.599609375,9521.5,9609.5
2025-11-26,9609.599609375,9704.2998046875,9593.2998046875,9691.599609375
2025-11-27,9691.599609375,9699.7998046875,9658.900390625,9693.900390625
2025-11-28,9694.0,9740.2001953125,9694.0,9720.5
2025-12-01,9720.599609375,9735.400390625,9686.900390625,9702.5
2025-12-02,9702.5,9744.7998046875,9682.2998046875,9701.7998046875
2025-12-03,9701.7998046875,9711.2998046875,9677.7001953125,9692.099609375
2025-12-04,9692.099609375,9727.599609375,9674.7998046875,9710.900390625
2025-12-05,9710.900390625,9738.2998046875,9667.0,9667.0
2025-12-08,9667.099609375,9692.400390625,9629.2001953125,9645.099609375
2025-12-09,9645.099609375,9673.2001953125,9630.900390625,9642.0
2025-12-10,9642.0,9689.5,9622.7001953125,9655.5
2025-12-11,9655.599609375,9715.2998046875,9635.2998046875,9703.2001953125
2025-12-12,9703.2001953125,9761.5,9639.2998046875,9649.0
2025-12-15,9649.0,9769.0,9649.0,9751.2998046875
2025-12-16,9751.2998046875,9764.7998046875,9655.7001953125,9684.7998046875
2025-12-17,9684.7998046875,9853.099609375,9684.7998046875,9774.2998046875
2025-12-18,9774.2998046875,9845.099609375,9748.2998046875,9837.7998046875
2025-12-19,9837.7998046875,9903.099609375,9819.400390625,9897.400390625
2025-12-22,9897.400390625,9898.0,9829.400390625,9866.0
2025-12-23,9865.900390625,9901.5,9846.2998046875,9889.2001953125
2025-12-24,9889.2001953125,9893.2001953125,9862.0,9870.7001953125
2025-12-29,9870.7001953125,9892.7998046875,9858.5,9866.5
2025-12-30,9866.5,9954.2998046875,9859.7998046875,9940.7001953125
2025-12-31,9940.7001953125,9950.099609375,9916.7001953125,9931.400390625
2026-01-02,9931.2998046875,10046.2998046875,9930.7998046875,9951.099609375
2026-01-05,9951.5,10022.099609375,9951.5,10004.599609375
2026-01-06,10004.400390625,10158.400390625,10003.7998046875,10122.7001953125
2026-01-07,10122.7998046875,10124.7998046875,10032.7001953125,10048.2001953125
2026-01-08,10048.400390625,10059.400390625,9995.900390625,10044.7001953125
2026-01-09,10044.7001953125,10135.7001953125,10032.900390625,10124.599609375
2026-01-12,10124.5,10149.7001953125,10089.900390625,10140.7001953125
2026-01-13,10140.7001953125,10152.5,10097.099609375,10137.400390625
2026-01-14,10137.2998046875,10184.400390625,10135.400390625,10184.400390625
2026-01-15,10184.400390625,10250.5,10173.5,10238.900390625
2026-01-16,10238.900390625,10257.7998046875,10212.7998046875,10235.2998046875
2026-01-19,10235.2998046875,10235.2998046875,10166.2998046875,10195.400390625
2026-01-20,10195.2001953125,10195.2001953125,10050.2001953125,10126.7998046875
2026-01-21,10126.900390625,10161.5,10093.7001953125,10138.099609375
2026-01-22,10138.099609375,10226.5,10138.099609375,10150.099609375
2026-01-23,10150.099609375,10184.099609375,10131.7998046875,10143.400390625
2026-01-26,10143.099609375,10184.900390625,10125.2998046875,10148.900390625
2026-01-27,10149.0,10228.2001953125,10147.5,10207.7998046875
2026-01-28,10207.599609375,10225.5,10144.7001953125,10154.400390625
2026-01-29,10154.2001953125,10277.7001953125,10154.2001953125,10171.7998046875
2026-01-30,10171.7998046875,10234.0,10141.599609375,10223.5
2026-02-02,10223.7001953125,10345.5,10145.400390625,10341.599609375
2026-02-03,10341.2998046875,10373.2998046875,10232.2001953125,10314.599609375
2026-02-04,10314.5,10481.5,10308.0,10402.2998046875
2026-02-05,10402.599609375,10404.0,10289.2998046875,10309.2001953125
2026-02-06,10309.099609375,10380.5,10253.2001953125,10369.7998046875
2026-02-09,10369.7998046875,10420.2998046875,10316.0,10386.2001953125
2026-02-10,10386.2001953125,10402.2001953125,10330.7998046875,10353.7998046875
2026-02-11,10353.7998046875,10493.7998046875,10353.7998046875,10472.099609375
2026-02-12,10472.2001953125,10535.7998046875,10392.0,10402.400390625
2026-02-13,10402.5,10454.5,10380.900390625,10446.400390625
2026-02-16,10446.2998046875,10490.099609375,10446.2998046875,10473.7001953125
2026-02-17,10474.0,10556.2001953125,10472.7001953125,10556.2001953125
2026-02-18,10556.0,10715.7998046875,10554.0,10686.2001953125
2026-02-19,10686.400390625,10687.400390625,10597.599609375,10627.0
2026-02-20,10627.0,10745.7998046875,10626.7001953125,10686.900390625
2026-02-23,10686.7998046875,10738.7001953125,10660.0,10684.7001953125
2026-02-24,10684.900390625,10717.7001953125,10645.7998046875,10680.599609375
2026-02-25,10680.7001953125,10806.400390625,10680.7001953125,10806.400390625
2026-02-26,10806.400390625,10856.7998046875,10770.7998046875,10846.7001953125
2026-02-27,10846.900390625,10934.900390625,10845.5,10910.599609375
2026-03-02,10911.0,10911.0,10731.900390625,10780.099609375
2026-03-03,10780.2998046875,10780.2998046875,10406.099609375,10484.099609375
2026-03-04,10483.900390625,10588.7998046875,10443.5,10567.7001953125
2026-03-05,10567.7001953125,10636.099609375,10402.0,10413.900390625
2026-03-06,10413.599609375,10481.099609375,10234.5,10284.7998046875
2026-03-09,10285.0,10285.0,10082.0,10249.5
2026-03-10,10249.2001953125,10447.5,10235.400390625,10412.2001953125
2026-03-11,10412.2998046875,10412.2998046875,10293.7998046875,10353.7998046875
2026-03-12,10353.7998046875,10355.2998046875,10258.400390625,10305.2001953125
2026-03-13,10305.5,10367.400390625,10200.2001953125,10261.2001953125
2026-03-16,10261.099609375,10376.5,10255.2998046875,10317.7001953125
2026-03-17,10317.599609375,10436.099609375,10317.599609375,10403.599609375
2026-03-18,10403.5,10447.7001953125,10279.099609375,10305.2998046875
2026-03-19,10305.599609375,10305.599609375,9997.400390625,10063.5
2026-03-20,10063.2998046875,10127.599609375,9915.7001953125,9918.2998046875
2026-03-23,9918.5,10036.7001953125,9670.5,9894.2001953125
2026-03-24,9894.0,9972.7001953125,9839.2001953125,9965.2001953125
2026-03-25,9965.2001953125,10118.2001953125,9965.2001953125,10106.7998046875
2026-03-26,10107.0,10107.0,9956.2998046875,9972.2001953125
2026-03-27,9972.2998046875,10024.099609375,9883.2001953125,9967.400390625
2026-03-30,9967.5,10135.099609375,9958.099609375,10128.0
2026-03-31,10127.900390625,10245.7998046875,10118.7001953125,10176.5
2026-04-01,10174.900390625,10396.599609375,10169.2998046875,10364.7998046875
2026-04-02,10366.2998046875,10465.2001953125,10287.900390625,10436.2998046875
2026-04-07,10436.2001953125,10487.7001953125,10330.900390625,10348.7998046875
2026-04-08,10345.900390625,10687.900390625,10345.900390625,10608.900390625
2026-04-09,10609.599609375,10643.599609375,10552.900390625,10603.5
2026-04-10,10603.599609375,10657.599609375,10576.0,10600.5
2026-04-13,10601.5,10607.7001953125,10528.599609375,10583.0
2026-04-14,10581.900390625,10630.400390625,10569.7998046875,10609.099609375
2026-04-15,10609.2001953125,10640.0,10559.599609375,10559.599609375
2026-04-16,10559.599609375,10645.900390625,10555.5,10590.0
2026-04-17,10590.400390625,10667.599609375,10548.900390625,10667.599609375
2026-04-20,10668.400390625,10683.7001953125,10583.2001953125,10609.099609375
2026-04-21,10609.400390625,10635.0,10487.900390625,10498.099609375
2026-04-22,10497.900390625,10523.2001953125,10468.0,10476.5
2026-04-23,10476.7998046875,10477.2001953125,10361.5,10457.0
2026-04-24,10457.7001953125,10462.5,10365.900390625,10379.099609375
2026-04-27,10378.5,10410.7998046875,10318.2998046875,10321.099609375
2026-04-28,10321.7998046875,10381.900390625,10288.7001953125,10332.7998046875
2026-04-29,10332.900390625,10338.2998046875,10188.7001953125,10213.099609375
2026-04-30,10213.2998046875,10387.599609375,10205.2001953125,10378.7998046875
2026-05-01,10378.400390625,10378.5,10294.2001953125,10363.900390625
2026-05-05,10365.400390625,10365.400390625,10164.2998046875,10219.099609375
2026-05-06,10218.7998046875,10488.2001953125,10218.7998046875,10438.7001953125
2026-05-07,10438.599609375,10440.599609375,10277.0,10277.0
2026-05-08,10277.400390625,10278.7001953125,10185.0,10233.099609375
2026-05-11,10233.599609375,10286.599609375,10226.5,10269.400390625
2026-05-12,10271.2001953125,10271.2001953125,10152.099609375,10265.2998046875
2026-05-13,10264.900390625,10360.5,10240.400390625,10325.400390625
2026-05-14,10325.2001953125,10375.400390625,10310.2001953125,10372.900390625
2026-05-15,10375.400390625,10375.7001953125,10163.599609375,10195.400390625
2026-05-18,10194.7998046875,10337.400390625,10151.5,10323.7998046875
2026-05-19,10323.7001953125,10408.400390625,10315.400390625,10330.599609375
2026-05-20,10330.7001953125,10458.2998046875,10279.099609375,10432.2998046875
2026-05-21,10432.5,10471.599609375,10353.5,10443.5
2026-05-22,10443.099609375,10497.2001953125,10435.5,10466.2998046875
2026-05-26,10465.599609375,10557.2001953125,10461.099609375,10491.400390625
2026-05-27,10491.2001953125,10522.2998046875,10462.099609375,10505.0
2026-05-28,10505.400390625,10505.400390625,10381.2001953125,10426.0
2026-05-29,10425.900390625,10462.2001953125,10409.2998046875,10409.2998046875
2026-06-01,10409.2998046875,10409.7998046875,10288.900390625,10339.0
2026-06-02,10338.400390625,10395.7001953125,10333.2998046875,10373.5
2026-06-03,10373.900390625,10383.099609375,10322.400390625,10332.2998046875
2026-06-04,10332.5,10360.2998046875,10238.599609375,10360.2998046875
2026-06-05,10360.2998046875,10415.7001953125,10331.5,10368.099609375
2026-06-08,10369.099609375,10409.2998046875,10319.2001953125,10373.2001953125
2026-06-09,10372.7998046875,10372.7998046875,10227.2998046875,10227.2998046875
2026-06-10,10227.400390625,10263.7998046875,10127.599609375,10254.7998046875
2026-06-11,10255.2001953125,10370.2001953125,10252.2998046875,10303.900390625
2026-06-12,10302.7001953125,10471.7001953125,10302.7001953125,10471.7001953125
2026-06-15,10471.400390625,10570.099609375,10419.2001953125,10430.599609375
2026-06-16,10431.2998046875,10523.5,10428.599609375,10494.2001953125
2026-06-17,10494.400390625,10508.599609375,10468.400390625,10508.599609375
2026-06-18,10510.2001953125,10510.2001953125,10376.599609375,10399.7001953125
2026-06-19,10400.5,10418.599609375,10352.900390625,10363.2998046875
2026-06-22,10363.599609375,10443.2001953125,10346.599609375,10437.900390625
2026-06-23,10438.2001953125,10462.2001953125,10332.400390625,10428.900390625
2026-06-24,10429.0,10469.2998046875,10407.0,10461.599609375
2026-06-25,10461.5,10575.2998046875,10415.5,10529.900390625
2026-06-26,10530.2001953125,10530.2001953125,10404.7001953125,10508.0
2026-06-29,10507.7998046875,10521.0,10472.0,10484.2001953125
2026-06-30,10484.2998046875,10613.2001953125,10483.900390625,10497.099609375
2026-07-01,10497.599609375,10508.2998046875,10429.2001953125,10478.2998046875
2026-07-02,10477.7998046875,10694.900390625,10436.7998046875,10652.900390625
2026-07-03,10652.7998046875,10701.2998046875,10604.2998046875,10679.0
2026-07-06,10679.400390625,10733.400390625,10618.400390625,10651.7998046875
2026-07-07,10651.2998046875,10747.0,10651.2001953125,10665.900390625
2026-07-08,10666.099609375,10666.099609375,10467.0,10489.0
2026-07-09,10487.900390625,10539.5,10397.5,10472.5
2026-07-10,10471.900390625,10513.900390625,10462.7998046875,10497.2998046875
2026-07-13,10498.099609375,10532.099609375,10465.0,10498.2998046875
2026-07-14,10498.7001953125,10552.599609375,10423.0,10529.400390625
2026-07-15,10529.099609375,10546.2001953125,10443.599609375,10515.900390625
2026-07-16,10515.0,10572.2001953125,10447.599609375,10572.2001953125
2026-07-17,10572.400390625,10623.7001953125,10527.7001953125,10600.400390625
2026-07-20,10600.2998046875,10600.2998046875,10512.7998046875,10524.7998046875
2026-07-21,10524.2998046875,10585.900390625,10483.099609375,10585.900390625
2026-07-22,10585.900390625,10763.400390625,10568.7001953125,10717.0
2026-07-23,10717.0,10720.2998046875,10610.400390625,10639.2001953125
2026-07-24,10638.900390625,10738.7998046875,10599.099609375,10736.2001953125
2026-07-27,10736.099609375,10820.900390625,10736.099609375,10781.7998046875
2026-07-28,10781.900390625,10884.2998046875,10770.2998046875,10871.0
2026-07-29,10871.2001953125,10951.099609375,10864.099609375,10908.400390625
2026-07-30,10907.400390625,10979.599609375,10865.400390625,10897.2998046875
2026-07-31,10897.099609375,10989.5,10829.2998046875,10868.099609375
2026-08-03,10868.099609375,10917.400390625,10832.5,10857.7001953125
2026-08-04,10857.599609375,10932.5,10855.2001953125,10879.400390625
2026-08-05,10879.0,10952.2998046875,10836.900390625,10888.2998046875
2026-08-06,10888.5,10944.7998046875,10865.2998046875,10867.900390625
2026-08-07,10867.900390625,10959.900390625,10855.2001953125,10901.099609375
2026-08-10,10901.099609375,10910.900390625,10829.0,10862.5
2026-08-11,10862.900390625,10893.2001953125,10825.400390625,10844.2001953125
2026-08-12,10844.2001953125,10863.7998046875,10809.599609375,10833.2001953125
2026-08-13,10833.599609375,10837.0,10756.400390625,10772.7001953125
2026-08-14,10772.5,10789.7001953125,10723.7001953125,10750.099609375
2026-08-17,10750.0,10793.599609375,10717.599609375,10720.2998046875
2026-08-18,10720.900390625,10779.900390625,10701.7001953125,10728.0
2026-08-19,10727.7998046875,10766.0,10701.099609375,10743.400390625
2026-08-20,10743.2001953125,10766.900390625,10684.400390625,10748.2001953125
2026-08-21,10748.099609375,10831.599609375,10734.900390625,10816.599609375
2026-08-24,10816.2998046875,10864.7998046875,10799.0,10854.2998046875
2026-08-25,10854.599609375,10887.0,10825.7998046875,10886.2001953125
2026-08-26,10886.2001953125,10920.5,10855.599609375,10878.099609375
2026-08-27,10878.2001953125,10878.5,10772.599609375,10792.5
