date,open,high,low,close
2016-08-31,62.099998474121094,62.900001525878906,61.625,62.849998474121094
2016-09-01,62.75,63.849998474121094,62.17499923706055,63.32500076293945
2016-09-02,63.32500076293945,63.67499923706055,60.525001525878906,60.75
2016-09-06,60.125,60.17499923706055,58.5,58.92499923706055
2016-09-07,59.20000076293945,61.025001525878906,59.20000076293945,60.875
2016-09-08,61.5,62.04999923706055,60.875,61.0
2016-09-09,61.20000076293945,61.599998474121094,59.099998474121094,59.224998474121094
2016-09-12,59.92499923706055,61.974998474121094,59.099998474121094,59.42499923706055
2016-09-13,59.54999923706055,59.54999923706055,56.57500076293945,56.75
2016-09-14,57.224998474121094,57.599998474121094,54.70000076293945,54.92499923706055
2016-09-15,55.25,55.974998474121094,54.54999923706055,55.150001525878906
2016-09-16,55.29999923706055,55.70000076293945,54.650001525878906,55.474998474121094
2016-09-19,55.724998474121094,56.45000076293945,54.724998474121094,54.92499923706055
2016-09-20,55.04999923706055,55.70000076293945,54.67499923706055,55.54999923706055
2016-09-21,55.54999923706055,55.599998474121094,54.025001525878906,54.42499923706055
2016-09-22,54.375,55.0,53.70000076293945,54.20000076293945
2016-09-23,54.224998474121094,54.974998474121094,53.775001525878906,54.0
2016-09-26,53.82500076293945,54.25,52.95000076293945,53.04999923706055
2016-09-27,53.29999923706055,53.849998474121094,51.5,51.70000076293945
2016-09-28,52.29999923706055,52.45000076293945,51.5,51.70000076293945
2016-09-29,51.599998474121094,52.275001525878906,50.82500076293945,52.025001525878906
2016-09-30,52.125,52.125,49.025001525878906,49.025001525878906
2016-10-03,49.275001525878906,49.79999923706055,48.70000076293945,48.92499923706055
2016-10-04,49.400001525878906,49.599998474121094,48.5,48.625
2016-10-05,49.025001525878906,49.150001525878906,47.625,48.224998474121094
2016-10-06,48.79999923706055,50.525001525878906,48.650001525878906,50.375
2016-10-07,50.974998474121094,51.724998474121094,50.5,50.67499923706055
2016-10-11,51.099998474121094,51.775001525878906,51.099998474121094,51.45000076293945
2016-10-12,51.79999923706055,52.45000076293945,51.775001525878906,52.375
2016-10-13,52.525001525878906,52.775001525878906,52.45000076293945,52.625
2016-10-14,52.525001525878906,52.724998474121094,52.42499923706055,52.599998474121094
2016-10-17,42.474998474121094,42.724998474121094,41.25,41.599998474121094
2016-10-18,41.70000076293945,42.25,41.025001525878906,41.125
2016-10-19,41.25,42.0,40.70000076293945,41.17499923706055
2016-10-20,41.29999923706055,41.849998474121094,41.04999923706055,41.099998474121094
2016-10-21,41.625,42.650001525878906,41.45000076293945,41.849998474121094
2016-10-24,43.0,43.75,42.775001525878906,43.20000076293945
2016-10-25,43.75,44.70000076293945,43.599998474121094,44.625
2016-10-26,44.70000076293945,44.875,43.75,44.20000076293945
2016-10-27,44.20000076293945,45.974998474121094,43.849998474121094,45.375
2016-10-28,45.5,47.07500076293945,45.45000076293945,46.79999923706055
2016-10-31,46.82500076293945,48.150001525878906,46.57500076293945,47.95000076293945
2016-11-01,47.70000076293945,48.125,46.099998474121094,46.45000076293945
2016-11-02,46.92499923706055,47.95000076293945,46.54999923706055,47.82500076293945
2016-11-03,47.45000076293945,47.54999923706055,46.349998474121094,47.0
2016-11-04,46.900001525878906,46.95000076293945,45.099998474121094,46.150001525878906
2016-11-07,46.375,47.25,45.974998474121094,47.099998474121094
2016-11-08,47.20000076293945,47.67499923706055,46.625,46.974998474121094
2016-11-09,46.849998474121094,47.42499923706055,45.974998474121094,46.54999923706055
2016-11-10,46.525001525878906,47.79999923706055,45.54999923706055,47.375
2016-11-14,47.07500076293945,47.07500076293945,45.42499923706055,46.900001525878906
2016-11-15,46.900001525878906,47.32500076293945,45.724998474121094,46.125
2016-11-16,46.275001525878906,48.275001525878906,46.25,48.025001525878906
2016-11-17,48.17499923706055,48.25,46.79999923706055,47.45000076293945
2016-11-18,47.525001525878906,48.099998474121094,47.025001525878906,47.79999923706055
2016-11-21,47.900001525878906,50.025001525878906,47.775001525878906,49.775001525878906
2016-11-22,49.82500076293945,50.32500076293945,49.150001525878906,49.29999923706055
2016-11-23,49.599998474121094,50.375,49.375,49.75
2016-11-25,50.5,51.375,50.5,51.04999923706055
2016-11-28,51.099998474121094,51.474998474121094,50.29999923706055,50.42499923706055
2016-11-29,50.57500076293945,50.95000076293945,50.275001525878906,50.349998474121094
2016-11-30,50.849998474121094,51.70000076293945,50.75,51.025001525878906
2016-12-01,51.25,51.525001525878906,49.95000076293945,50.224998474121094
2016-12-02,50.900001525878906,51.275001525878906,50.525001525878906,50.75
2016-12-05,51.20000076293945,51.900001525878906,51.150001525878906,51.5
2016-12-06,52.25,54.07500076293945,52.0,53.375
2016-12-07,54.04999923706055,55.32500076293945,54.0,54.70000076293945
2016-12-08,55.29999923706055,56.875,55.125,55.67499923706055
2016-12-09,56.650001525878906,57.099998474121094,56.125,56.724998474121094
2016-12-12,57.0,57.400001525878906,56.79999923706055,57.375
2016-12-13,57.474998474121094,57.5,57.025001525878906,57.17499923706055
2016-12-14,57.224998474121094,57.875,57.224998474121094,57.849998474121094
2016-12-15,61.70000076293945,62.95000076293945,60.875,62.400001525878906
2016-12-16,62.75,64.94999694824219,62.57500076293945,64.69999694824219
2016-12-19,64.7249984741211,66.57499694824219,63.92499923706055,66.0999984741211
2016-12-20,65.8499984741211,66.42500305175781,63.650001525878906,64.0
2016-12-21,63.82500076293945,65.4749984741211,62.900001525878906,64.9000015258789
2016-12-22,65.30000305175781,65.75,64.42500305175781,64.7249984741211
2016-12-23,65.07499694824219,65.0999984741211,62.275001525878906,63.20000076293945
2016-12-27,62.5,64.875,62.150001525878906,64.75
2016-12-28,65.05000305175781,66.125,64.44999694824219,65.0999984741211
2016-12-29,65.57499694824219,65.94999694824219,64.1500015258789,64.6500015258789
2016-12-30,64.5999984741211,66.3499984741211,64.2750015258789,66.1500015258789
2017-01-03,66.4000015258789,66.9000015258789,63.224998474121094,63.5
2017-01-04,63.875,64.7750015258789,63.29999923706055,64.5999984741211
2017-01-05,64.92500305175781,65.5999984741211,64.2249984741211,64.875
2017-01-06,65.1500015258789,65.1500015258789,63.57500076293945,63.974998474121094
2017-01-09,64.125,64.125,62.54999923706055,63.75
2017-01-10,64.19999694824219,65.9000015258789,63.849998474121094,65.05000305175781
2017-01-11,65.25,66.07499694824219,64.82499694824219,65.5999984741211
2017-01-12,65.9000015258789,66.2249984741211,64.9000015258789,65.94999694824219
2017-01-13,66.0999984741211,66.19999694824219,64.7249984741211,65.5999984741211
2017-01-17,65.94999694824219,65.9749984741211,65.05000305175781,65.80000305175781
2017-01-18,65.9000015258789,66.67500305175781,64.5250015258789,65.19999694824219
2017-01-19,65.4749984741211,65.7750015258789,64.9000015258789,65.42500305175781
2017-01-20,65.69999694824219,65.875,65.0250015258789,65.30000305175781
2017-01-23,65.3499984741211,65.44999694824219,64.32499694824219,65.0
2017-01-24,65.05000305175781,65.7249984741211,64.9749984741211,65.2249984741211
2017-01-25,66.0,67.82499694824219,65.8499984741211,67.5250015258789
2017-01-26,67.69999694824219,68.0,65.25,65.8499984741211
2017-01-27,66.42500305175781,67.07499694824219,66.05000305175781,66.9000015258789
2017-01-30,67.25,67.69999694824219,66.92500305175781,67.0999984741211
2017-01-31,67.19999694824219,69.30000305175781,67.1500015258789,69.07499694824219
2017-02-01,69.5,70.0,68.92500305175781,69.42500305175781
2017-02-02,69.8499984741211,70.5,69.6500015258789,70.3499984741211
2017-02-03,70.5999984741211,70.6500015258789,69.92500305175781,70.32499694824219
2017-02-06,70.2750015258789,71.42500305175781,70.2750015258789,71.3499984741211
2017-02-07,71.69999694824219,72.80000305175781,71.69999694824219,72.375
2017-02-08,72.5999984741211,73.44999694824219,72.44999694824219,73.3499984741211
2017-02-09,73.9000015258789,74.3499984741211,73.55000305175781,74.2249984741211
2017-02-10,74.7750015258789,74.9749984741211,74.0,74.55000305175781
2017-02-13,74.67500305175781,75.0999984741211,74.625,74.75
2017-02-14,74.94999694824219,75.19999694824219,74.94999694824219,75.17500305175781
2017-02-15,71.7750015258789,72.32499694824219,70.6500015258789,70.7750015258789
2017-02-16,71.07499694824219,71.7750015258789,69.75,69.82499694824219
2017-02-17,69.82499694824219,71.125,69.82499694824219,70.7750015258789
2017-02-21,71.25,71.57499694824219,70.25,70.3499984741211
2017-02-22,70.0,70.0,67.5250015258789,67.75
2017-02-23,67.5,67.5,66.0250015258789,66.57499694824219
2017-02-24,66.69999694824219,68.2249984741211,66.32499694824219,68.0250015258789
2017-02-27,68.25,69.0,67.875,68.125
2017-02-28,68.30000305175781,68.375,67.17500305175781,67.5999984741211
2017-03-01,68.25,68.9000015258789,67.5250015258789,68.42500305175781
2017-03-02,68.55000305175781,69.625,68.0999984741211,68.2750015258789
2017-03-03,68.0,68.0,66.57499694824219,66.75
2017-03-06,67.2750015258789,68.17500305175781,66.80000305175781,67.17500305175781
2017-03-07,67.4000015258789,68.4000015258789,66.94999694824219,68.05000305175781
2017-03-08,68.1500015258789,68.67500305175781,67.9000015258789,68.42500305175781
2017-03-09,68.7249984741211,68.9749984741211,67.55000305175781,68.07499694824219
2017-03-10,68.0999984741211,68.5,67.07499694824219,68.17500305175781
2017-03-13,68.4000015258789,70.30000305175781,68.07499694824219,70.2249984741211
2017-03-14,70.42500305175781,71.2750015258789,70.0,70.82499694824219
2017-03-15,70.5,70.7750015258789,69.80000305175781,70.07499694824219
2017-03-16,70.375,70.42500305175781,69.375,69.9000015258789
2017-03-17,69.5,69.7750015258789,68.7750015258789,69.05000305175781
2017-03-20,69.125,69.2750015258789,68.30000305175781,68.6500015258789
2017-03-21,68.7750015258789,68.875,67.7249984741211,68.0
2017-03-22,68.2249984741211,68.7249984741211,67.92500305175781,68.1500015258789
2017-03-23,68.375,69.625,67.5999984741211,69.3499984741211
2017-03-24,69.3499984741211,69.42500305175781,67.125,67.2750015258789
2017-03-27,67.05000305175781,67.07499694824219,65.57499694824219,65.6500015258789
2017-03-28,66.0250015258789,66.125,65.0250015258789,65.0999984741211
2017-03-29,65.5,65.82499694824219,64.69999694824219,65.30000305175781
2017-03-30,65.17500305175781,65.94999694824219,64.67500305175781,65.625
2017-03-31,65.875,65.875,64.8499984741211,65.67500305175781
2017-04-03,65.55000305175781,65.9749984741211,64.7249984741211,64.80000305175781
2017-04-04,64.80000305175781,64.94999694824219,63.57500076293945,63.67499923706055
2017-04-05,63.775001525878906,63.900001525878906,63.42499923706055,63.625
2017-04-06,63.900001525878906,64.0,63.375,63.92499923706055
2017-04-07,63.70000076293945,63.849998474121094,63.224998474121094,63.32500076293945
2017-04-10,63.5,63.525001525878906,63.125,63.32500076293945
2017-04-11,63.29999923706055,63.400001525878906,62.57500076293945,62.650001525878906
2017-04-12,62.70000076293945,62.900001525878906,62.17499923706055,62.224998474121094
2017-04-13,62.25,62.525001525878906,62.150001525878906,62.45000076293945
2017-04-17,62.150001525878906,62.150001525878906,61.875,61.974998474121094
2017-04-18,67.9000015258789,67.9000015258789,66.07499694824219,67.1500015258789
2017-04-19,66.67500305175781,66.67500305175781,65.82499694824219,65.875
2017-04-20,65.5250015258789,65.75,63.599998474121094,63.79999923706055
2017-04-21,63.5,63.900001525878906,62.5,63.025001525878906
2017-04-24,62.79999923706055,64.4749984741211,62.79999923706055,64.4000015258789
2017-04-25,64.30000305175781,65.8499984741211,64.30000305175781,65.2249984741211
2017-04-26,65.2750015258789,66.42500305175781,64.5999984741211,64.67500305175781
2017-04-27,65.25,67.625,65.25,66.9000015258789
2017-04-28,66.69999694824219,67.25,66.5999984741211,66.9749984741211
2017-05-01,67.0,67.375,66.0250015258789,66.125
2017-05-02,66.5,67.125,66.5,66.94999694824219
2017-05-03,67.5,68.19999694824219,67.5,67.94999694824219
2017-05-04,68.4749984741211,69.5,68.3499984741211,69.0
2017-05-05,69.5,69.5,69.1500015258789,69.4000015258789
2017-05-08,69.25,70.0999984741211,69.25,69.9000015258789
2017-05-09,70.30000305175781,70.6500015258789,70.0999984741211,70.30000305175781
2017-05-10,70.7249984741211,71.3499984741211,70.7249984741211,71.05000305175781
2017-05-11,71.44999694824219,71.75,71.44999694824219,71.5250015258789
2017-05-12,71.6500015258789,72.0999984741211,71.6500015258789,71.9000015258789
2017-05-15,78.05000305175781,78.25,77.05000305175781,77.25
2017-05-16,77.0999984741211,79.0999984741211,76.42500305175781,78.7249984741211
2017-05-17,79.2249984741211,79.94999694824219,78.80000305175781,78.9000015258789
2017-05-18,78.625,79.25,77.94999694824219,79.1500015258789
2017-05-19,78.67500305175781,79.55000305175781,78.32499694824219,79.5
2017-05-22,79.07499694824219,79.75,78.6500015258789,79.3499984741211
2017-05-23,78.92500305175781,80.2750015258789,78.9000015258789,80.1500015258789
2017-05-24,80.5,80.94999694824219,80.0250015258789,80.19999694824219
2017-05-25,80.2750015258789,81.07499694824219,79.5999984741211,80.94999694824219
2017-05-26,81.19999694824219,81.875,80.8499984741211,81.82499694824219
2017-05-30,81.6500015258789,81.69999694824219,80.4000015258789,80.5
2017-05-31,80.9000015258789,82.67500305175781,80.7750015258789,81.92500305175781
2017-06-01,82.375,82.375,80.67500305175781,80.92500305175781
2017-06-02,81.25,81.6500015258789,80.875,81.2249984741211
2017-06-05,81.0999984741211,81.7249984741211,80.44999694824219,80.7249984741211
2017-06-06,81.2249984741211,82.3499984741211,80.92500305175781,81.6500015258789
2017-06-07,81.9000015258789,82.2249984741211,81.5,81.625
2017-06-08,81.94999694824219,82.3499984741211,81.7750015258789,82.0250015258789
2017-06-09,82.4000015258789,82.5999984741211,82.25,82.4749984741211
2017-06-12,82.30000305175781,82.5,81.9000015258789,81.9749984741211
2017-06-13,82.25,82.8499984741211,82.19999694824219,82.7750015258789
2017-06-14,82.7750015258789,83.05000305175781,82.69999694824219,83.0
2017-06-15,82.8499984741211,83.44999694824219,80.7249984741211,82.05000305175781
2017-06-16,82.19999694824219,82.80000305175781,81.6500015258789,82.32499694824219
2017-06-19,82.9749984741211,84.375,82.875,83.9000015258789
2017-06-20,84.5,85.2750015258789,84.19999694824219,85.0
2017-06-21,85.5999984741211,86.4000015258789,85.4000015258789,86.07499694824219
2017-06-22,85.94999694824219,85.94999694824219,84.5,85.0250015258789
2017-06-23,85.1500015258789,85.3499984741211,84.0999984741211,85.30000305175781
2017-06-26,85.67500305175781,87.7249984741211,85.55000305175781,87.0250015258789
2017-06-27,87.30000305175781,87.4000015258789,86.25,86.4749984741211
2017-06-28,86.9000015258789,88.0,86.57499694824219,87.92500305175781
2017-06-29,88.25,89.6500015258789,88.1500015258789,89.4749984741211
2017-06-30,89.9749984741211,90.8499984741211,89.80000305175781,90.625
2017-07-03,91.05000305175781,91.07499694824219,90.05000305175781,90.69999694824219
2017-07-05,91.30000305175781,92.57499694824219,91.1500015258789,92.05000305175781
2017-07-06,92.4749984741211,92.4749984741211,91.19999694824219,91.4749984741211
2017-07-07,91.7750015258789,92.0999984741211,91.55000305175781,91.7249984741211
2017-07-10,91.92500305175781,92.07499694824219,91.32499694824219,91.4749984741211
2017-07-11,91.92500305175781,92.2750015258789,91.82499694824219,92.1500015258789
2017-07-12,92.5,92.6500015258789,92.375,92.57499694824219
2017-07-13,92.5999984741211,92.82499694824219,92.44999694824219,92.75
2017-07-14,92.75,92.75,92.3499984741211,92.5999984741211
2017-07-17,92.55000305175781,92.57499694824219,92.30000305175781,92.4000015258789
2017-07-18,80.94999694824219,81.25,79.9000015258789,80.5
2017-07-19,80.625,83.0250015258789,80.125,82.57499694824219
2017-07-20,82.6500015258789,82.80000305175781,81.05000305175781,81.0999984741211
2017-07-21,81.2249984741211,82.0,81.0,81.0999984741211
2017-07-24,80.7249984741211,81.0250015258789,80.07499694824219,80.375
2017-07-25,81.19999694824219,81.7249984741211,80.7750015258789,81.44999694824219
2017-07-26,81.8499984741211,82.69999694824219,81.5,82.0
2017-07-27,81.8499984741211,82.42500305175781,81.32499694824219,82.25
2017-07-28,82.57499694824219,82.57499694824219,81.125,81.4000015258789
2017-07-31,81.0250015258789,81.5,80.25,80.30000305175781
2017-08-01,80.32499694824219,80.4000015258789,79.5999984741211,79.80000305175781
2017-08-02,80.25,82.17500305175781,79.94999694824219,81.94999694824219
2017-08-03,82.25,82.3499984741211,80.80000305175781,81.9749984741211
2017-08-04,82.25,83.32499694824219,82.25,83.2249984741211
2017-08-07,83.625,83.7249984741211,83.07499694824219,83.4000015258789
2017-08-08,83.67500305175781,83.92500305175781,83.3499984741211,83.5250015258789
2017-08-09,83.80000305175781,84.17500305175781,83.7249984741211,84.125
2017-08-10,84.17500305175781,84.5,84.05000305175781,84.44999694824219
2017-08-11,84.5999984741211,84.75,84.5,84.6500015258789
2017-08-14,84.55000305175781,84.6500015258789,84.3499984741211,84.44999694824219
2017-08-15,69.4749984741211,70.9000015258789,69.375,70.5250015258789
2017-08-16,70.5999984741211,71.32499694824219,67.94999694824219,68.7750015258789
2017-08-17,68.4749984741211,68.4749984741211,66.42500305175781,66.92500305175781
2017-08-18,66.5,66.80000305175781,65.42500305175781,66.125
2017-08-21,65.5,65.69999694824219,64.25,64.67500305175781
2017-08-22,64.8499984741211,65.1500015258789,63.349998474121094,63.875
2017-08-23,63.599998474121094,63.775001525878906,62.775001525878906,63.54999923706055
2017-08-24,63.54999923706055,64.0250015258789,62.625,63.775001525878906
2017-08-25,63.92499923706055,64.30000305175781,62.775001525878906,63.07500076293945
2017-08-28,62.775001525878906,63.0,61.57500076293945,61.625
2017-08-29,61.625,61.75,59.82500076293945,60.224998474121094
2017-08-30,60.400001525878906,61.70000076293945,60.150001525878906,61.349998474121094
2017-08-31,61.67499923706055,62.599998474121094,61.275001525878906,61.400001525878906
2017-09-01,61.29999923706055,62.57500076293945,61.17499923706055,61.45000076293945
2017-09-05,62.07500076293945,64.44999694824219,61.875,63.75
2017-09-06,64.0,64.3499984741211,63.25,63.54999923706055
2017-09-07,62.82500076293945,63.04999923706055,61.32500076293945,61.45000076293945
2017-09-08,61.20000076293945,62.95000076293945,61.07500076293945,62.150001525878906
2017-09-11,61.82500076293945,62.275001525878906,61.25,61.57500076293945
2017-09-12,60.724998474121094,60.92499923706055,59.224998474121094,59.45000076293945
2017-09-13,58.82500076293945,59.974998474121094,58.25,59.57500076293945
2017-09-14,59.474998474121094,60.099998474121094,58.599998474121094,59.025001525878906
2017-09-15,58.599998474121094,61.20000076293945,58.5,60.974998474121094
2017-09-18,60.375,60.875,59.79999923706055,60.0
2017-09-19,60.025001525878906,60.79999923706055,59.650001525878906,60.125
2017-09-20,59.349998474121094,59.599998474121094,58.474998474121094,58.650001525878906
2017-09-21,58.54999923706055,58.54999923706055,57.07500076293945,57.32500076293945
2017-09-22,56.375,56.650001525878906,55.67499923706055,55.70000076293945
2017-09-25,55.599998474121094,56.900001525878906,55.375,56.32500076293945
2017-09-26,56.525001525878906,56.57500076293945,55.025001525878906,55.25
2017-09-27,55.400001525878906,56.20000076293945,54.92499923706055,55.400001525878906
2017-09-28,55.57500076293945,56.17499923706055,55.45000076293945,55.54999923706055
2017-09-29,55.400001525878906,56.375,55.275001525878906,55.400001525878906
2017-10-02,55.849998474121094,57.92499923706055,55.650001525878906,57.25
2017-10-03,58.07500076293945,60.25,58.07500076293945,59.875
2017-10-04,60.5,61.04999923706055,59.82500076293945,60.32500076293945
2017-10-05,60.67499923706055,61.75,60.625,60.92499923706055
2017-10-06,61.375,61.375,59.099998474121094,59.17499923706055
2017-10-09,59.32500076293945,59.70000076293945,58.849998474121094,59.025001525878906
2017-10-10,59.67499923706055,60.400001525878906,59.57500076293945,60.17499923706055
2017-10-11,60.75,61.275001525878906,60.400001525878906,61.25
2017-10-12,61.474998474121094,61.5,60.599998474121094,60.70000076293945
2017-10-13,60.900001525878906,60.974998474121094,60.25,60.400001525878906
2017-10-16,62.5,63.875,62.29999923706055,63.70000076293945
2017-10-17,64.0,64.5,61.974998474121094,62.17499923706055
2017-10-18,62.29999923706055,63.79999923706055,62.29999923706055,63.75
2017-10-19,64.0,64.6500015258789,63.599998474121094,64.25
2017-10-20,64.2750015258789,64.92500305175781,63.900001525878906,64.8499984741211
2017-10-23,64.9000015258789,65.32499694824219,63.45000076293945,63.525001525878906
2017-10-24,63.5,64.375,62.95000076293945,64.0250015258789
2017-10-25,63.875,64.67500305175781,63.67499923706055,64.4749984741211
2017-10-26,64.625,65.55000305175781,64.0999984741211,65.05000305175781
2017-10-27,65.0,65.1500015258789,63.67499923706055,64.44999694824219
2017-10-30,64.44999694824219,65.30000305175781,64.32499694824219,65.17500305175781
2017-10-31,65.625,68.17500305175781,65.42500305175781,68.0
2017-11-01,67.94999694824219,68.0,66.30000305175781,66.5999984741211
2017-11-02,66.4749984741211,66.4749984741211,65.30000305175781,65.80000305175781
2017-11-03,66.05000305175781,66.30000305175781,64.7750015258789,65.0999984741211
2017-11-06,65.07499694824219,65.1500015258789,64.42500305175781,64.625
2017-11-07,64.5999984741211,64.5999984741211,63.599998474121094,63.92499923706055
2017-11-08,64.125,64.25,63.349998474121094,63.54999923706055
2017-11-09,63.57500076293945,63.900001525878906,62.625,63.17499923706055
2017-11-10,63.099998474121094,63.099998474121094,62.150001525878906,62.474998474121094
2017-11-13,62.57500076293945,62.92499923706055,61.92499923706055,62.29999923706055
2017-11-14,62.400001525878906,62.400001525878906,59.900001525878906,59.974998474121094
2017-11-15,60.275001525878906,61.224998474121094,59.25,61.125
2017-11-16,61.42499923706055,61.54999923706055,59.875,60.099998474121094
2017-11-17,60.20000076293945,62.099998474121094,60.0,60.650001525878906
2017-11-20,60.82500076293945,62.42499923706055,60.775001525878906,62.025001525878906
2017-11-21,62.45000076293945,62.724998474121094,60.57500076293945,60.70000076293945
2017-11-22,61.25,62.900001525878906,60.95000076293945,62.82500076293945
2017-11-24,63.20000076293945,63.67499923706055,63.125,63.25
2017-11-27,63.67499923706055,64.6500015258789,63.599998474121094,64.5250015258789
2017-11-28,64.5,65.94999694824219,64.17500305175781,65.75
2017-11-29,66.0999984741211,66.30000305175781,64.8499984741211,65.07499694824219
2017-11-30,65.4000015258789,65.80000305175781,64.1500015258789,64.2750015258789
2017-12-01,64.5999984741211,65.69999694824219,64.4000015258789,65.2750015258789
2017-12-04,65.42500305175781,65.6500015258789,64.42500305175781,64.94999694824219
2017-12-05,65.07499694824219,65.07499694824219,63.95000076293945,64.2750015258789
2017-12-06,64.55000305175781,64.57499694824219,63.75,63.82500076293945
2017-12-07,63.974998474121094,64.30000305175781,63.5,63.57500076293945
2017-12-08,63.79999923706055,64.0999984741211,63.54999923706055,63.67499923706055
2017-12-11,63.900001525878906,64.05000305175781,63.525001525878906,63.599998474121094
2017-12-12,63.724998474121094,63.92499923706055,63.599998474121094,63.75
2017-12-13,63.82500076293945,64.07499694824219,63.650001525878906,63.95000076293945
2017-12-14,63.95000076293945,64.05000305175781,63.875,64.0250015258789
2017-12-15,67.5250015258789,68.625,67.17500305175781,68.5250015258789
2017-12-18,68.8499984741211,69.92500305175781,67.30000305175781,67.4000015258789
2017-12-19,67.57499694824219,67.9000015258789,66.7750015258789,66.9000015258789
2017-12-20,67.4000015258789,68.67500305175781,66.82499694824219,68.375
2017-12-21,68.5999984741211,69.30000305175781,68.1500015258789,68.57499694824219
2017-12-22,68.9000015258789,70.125,68.42500305175781,69.9749984741211
2017-12-26,70.25,71.67500305175781,69.9000015258789,71.5250015258789
2017-12-27,71.5250015258789,71.94999694824219,70.30000305175781,71.0250015258789
2017-12-28,71.0999984741211,71.8499984741211,70.69999694824219,71.55000305175781
2017-12-29,71.75,72.44999694824219,71.57499694824219,71.7750015258789
2018-01-02,72.0,72.0,70.67500305175781,70.7249984741211
2018-01-03,71.0999984741211,71.19999694824219,70.19999694824219,71.05000305175781
2018-01-04,71.44999694824219,71.80000305175781,70.82499694824219,71.375
2018-01-05,71.5,71.6500015258789,70.9000015258789,71.42500305175781
2018-01-08,71.67500305175781,73.4000015258789,71.67500305175781,72.9749984741211
2018-01-09,73.32499694824219,73.44999694824219,72.44999694824219,73.17500305175781
2018-01-10,73.5,73.67500305175781,71.57499694824219,72.5250015258789
2018-01-11,72.5,72.5,70.7249984741211,70.9749984741211
2018-01-12,71.0,71.82499694824219,70.94999694824219,71.57499694824219
2018-01-16,72.07499694824219,74.25,72.05000305175781,73.9000015258789
2018-01-17,73.6500015258789,73.69999694824219,72.5250015258789,72.7249984741211
2018-01-18,72.875,73.3499984741211,72.375,73.05000305175781
2018-01-19,73.05000305175781,73.1500015258789,72.0,72.07499694824219
2018-01-22,72.2750015258789,72.2750015258789,71.6500015258789,71.80000305175781
2018-01-23,72.17500305175781,72.7750015258789,71.5250015258789,72.25
2018-01-24,72.30000305175781,73.30000305175781,71.8499984741211,72.92500305175781
2018-01-25,73.32499694824219,73.7249984741211,72.1500015258789,72.4749984741211
2018-01-26,72.69999694824219,73.125,72.17500305175781,72.2750015258789
2018-01-29,72.6500015258789,73.125,72.3499984741211,72.4000015258789
2018-01-30,72.5999984741211,72.7249984741211,72.05000305175781,72.44999694824219
2018-01-31,72.75,73.5,72.67500305175781,73.2249984741211
2018-02-01,73.75,74.94999694824219,73.69999694824219,74.82499694824219
2018-02-02,75.1500015258789,75.4000015258789,74.55000305175781,75.19999694824219
2018-02-05,75.44999694824219,75.9000015258789,75.0,75.82499694824219
2018-02-06,75.5,75.5,74.07499694824219,74.75
2018-02-07,74.75,74.75,73.80000305175781,73.8499984741211
2018-02-08,73.8499984741211,73.8499984741211,73.32499694824219,73.4000015258789
2018-02-09,73.67500305175781,73.9749984741211,73.0999984741211,73.17500305175781
2018-02-12,73.30000305175781,73.4000015258789,73.05000305175781,73.07499694824219
2018-02-13,73.30000305175781,73.44999694824219,73.0999984741211,73.3499984741211
2018-02-14,73.3499984741211,73.5250015258789,73.3499984741211,73.5
2018-02-15,70.7249984741211,71.25,69.625,69.7249984741211
2018-02-16,69.42500305175781,69.44999694824219,68.0250015258789,68.1500015258789
2018-02-20,68.4749984741211,70.0250015258789,68.30000305175781,69.19999694824219
2018-02-21,69.875,70.55000305175781,69.125,69.9000015258789
2018-02-22,69.82499694824219,71.55000305175781,69.4749984741211,71.2750015258789
2018-02-23,71.30000305175781,71.7750015258789,70.875,71.375
2018-02-26,71.1500015258789,71.94999694824219,69.9000015258789,69.94999694824219
2018-02-27,70.07499694824219,70.67500305175781,69.80000305175781,69.94999694824219
2018-02-28,69.4000015258789,69.5,67.125,67.2249984741211
2018-03-01,67.5,67.82499694824219,66.875,66.9749984741211
2018-03-02,67.44999694824219,68.0,66.9000015258789,67.57499694824219
2018-03-05,67.92500305175781,69.0999984741211,67.6500015258789,68.80000305175781
2018-03-06,69.2750015258789,69.32499694824219,68.125,68.19999694824219
2018-03-07,68.07499694824219,68.32499694824219,66.42500305175781,67.80000305175781
2018-03-08,67.17500305175781,68.17500305175781,66.625,68.07499694824219
2018-03-09,67.75,68.30000305175781,67.0,67.8499984741211
2018-03-12,67.5,67.82499694824219,66.5250015258789,67.67500305175781
2018-03-13,67.67500305175781,68.8499984741211,67.42500305175781,67.7249984741211
2018-03-14,67.44999694824219,67.7249984741211,66.625,66.875
2018-03-15,66.4000015258789,66.82499694824219,65.67500305175781,65.7249984741211
2018-03-16,65.69999694824219,66.5250015258789,65.375,65.44999694824219
2018-03-19,65.25,65.25,62.974998474121094,63.150001525878906
2018-03-20,63.275001525878906,63.849998474121094,62.82500076293945,63.25
2018-03-21,63.599998474121094,63.599998474121094,62.525001525878906,62.57500076293945
2018-03-22,62.625,62.724998474121094,60.849998474121094,61.32500076293945
2018-03-23,60.32500076293945,60.75,58.400001525878906,58.42499923706055
2018-03-26,58.82500076293945,59.099998474121094,57.95000076293945,58.025001525878906
2018-03-27,58.0,58.224998474121094,57.525001525878906,57.75
2018-03-28,56.849998474121094,57.400001525878906,56.75,56.92499923706055
2018-03-29,57.04999923706055,57.5,56.900001525878906,57.25
2018-04-02,56.5,56.70000076293945,54.25,54.275001525878906
2018-04-03,54.349998474121094,54.400001525878906,51.349998474121094,51.67499923706055
2018-04-04,51.75,53.625,50.474998474121094,53.07500076293945
2018-04-05,53.17499923706055,53.32500076293945,52.32500076293945,52.45000076293945
2018-04-06,52.650001525878906,52.70000076293945,52.04999923706055,52.125
2018-04-09,52.25,53.224998474121094,52.0,52.900001525878906
2018-04-10,53.25,54.099998474121094,53.25,53.5
2018-04-11,53.79999923706055,53.900001525878906,53.275001525878906,53.29999923706055
2018-04-12,53.75,54.375,53.599998474121094,54.29999923706055
2018-04-13,54.20000076293945,54.25,53.75,53.82500076293945
2018-04-16,69.19999694824219,69.5,68.0,68.17500305175781
2018-04-17,68.4000015258789,68.69999694824219,67.5999984741211,67.9000015258789
2018-04-18,68.0,69.9749984741211,67.8499984741211,69.8499984741211
2018-04-19,69.9749984741211,70.3499984741211,69.375,70.1500015258789
2018-04-20,70.1500015258789,70.75,69.9000015258789,69.94999694824219
2018-04-23,69.42500305175781,69.42500305175781,67.75,68.0
2018-04-24,67.69999694824219,68.19999694824219,66.82499694824219,67.44999694824219
2018-04-25,67.05000305175781,68.69999694824219,66.69999694824219,68.55000305175781
2018-04-26,68.0,68.25,67.07499694824219,67.32499694824219
2018-04-27,67.30000305175781,67.67500305175781,66.0,66.0999984741211
2018-04-30,65.94999694824219,66.80000305175781,65.57499694824219,66.30000305175781
2018-05-01,66.4749984741211,67.7750015258789,66.30000305175781,67.44999694824219
2018-05-02,67.7750015258789,68.0,66.80000305175781,66.9000015258789
2018-05-03,67.0,68.125,67.0,67.07499694824219
2018-05-04,66.55000305175781,67.19999694824219,66.1500015258789,67.07499694824219
2018-05-07,66.7750015258789,66.9000015258789,66.0250015258789,66.07499694824219
2018-05-08,66.375,66.7750015258789,65.94999694824219,66.19999694824219
2018-05-09,66.5,66.5,65.75,65.92500305175781
2018-05-10,66.0,66.05000305175781,65.44999694824219,65.4749984741211
2018-05-11,65.67500305175781,65.75,65.07499694824219,65.30000305175781
2018-05-14,65.44999694824219,65.55000305175781,65.19999694824219,65.25
2018-05-15,76.2249984741211,76.30000305175781,74.07499694824219,74.7249984741211
2018-05-16,75.07499694824219,76.0250015258789,74.75,75.9000015258789
2018-05-17,75.625,76.7249984741211,75.4000015258789,76.4749984741211
2018-05-18,76.4749984741211,76.55000305175781,74.32499694824219,74.69999694824219
2018-05-21,75.19999694824219,75.3499984741211,72.9749984741211,74.0
2018-05-22,73.375,73.57499694824219,72.55000305175781,73.125
2018-05-23,73.25,75.2249984741211,73.25,74.5999984741211
2018-05-24,74.2750015258789,75.0,73.7750015258789,74.82499694824219
2018-05-25,74.67500305175781,74.8499984741211,74.07499694824219,74.19999694824219
2018-05-29,74.5999984741211,76.0,74.5999984741211,75.67500305175781
2018-05-30,75.9749984741211,77.375,75.875,77.32499694824219
2018-05-31,77.0,77.69999694824219,75.30000305175781,76.625
2018-06-01,77.30000305175781,77.9000015258789,76.32499694824219,77.5999984741211
2018-06-04,77.55000305175781,77.69999694824219,76.42500305175781,77.57499694824219
2018-06-05,76.7249984741211,77.19999694824219,76.05000305175781,76.5250015258789
2018-06-06,77.17500305175781,78.5,77.05000305175781,78.17500305175781
2018-06-07,78.75,78.9000015258789,78.125,78.4000015258789
2018-06-08,79.0,80.125,79.0,79.875
2018-06-11,80.30000305175781,80.625,79.625,80.1500015258789
2018-06-12,80.5,80.6500015258789,80.07499694824219,80.5250015258789
2018-06-13,80.69999694824219,81.0999984741211,80.5999984741211,81.0
2018-06-14,81.1500015258789,81.25,81.0999984741211,81.17500305175781
2018-06-15,81.4749984741211,83.0,80.875,81.7249984741211
2018-06-18,82.05000305175781,83.82499694824219,81.94999694824219,83.7249984741211
2018-06-19,82.5999984741211,82.92500305175781,81.5,81.875
2018-06-20,81.94999694824219,82.375,79.55000305175781,80.0250015258789
2018-06-21,79.9749984741211,80.6500015258789,79.57499694824219,80.4749984741211
2018-06-22,80.25,80.3499984741211,79.1500015258789,79.82499694824219
2018-06-25,79.19999694824219,79.30000305175781,77.9749984741211,78.07499694824219
2018-06-26,78.42500305175781,80.0,78.4000015258789,79.125
2018-06-27,79.55000305175781,80.4749984741211,79.125,80.2249984741211
2018-06-28,80.4000015258789,81.2750015258789,80.05000305175781,81.125
2018-06-29,80.42500305175781,83.30000305175781,80.4000015258789,82.875
2018-07-02,83.07499694824219,83.42500305175781,81.8499984741211,83.19999694824219
2018-07-03,83.5,84.07499694824219,83.30000305175781,83.7249984741211
2018-07-05,83.9000015258789,83.92500305175781,83.0,83.30000305175781
2018-07-06,82.75,82.8499984741211,81.25,81.375
2018-07-09,81.875,81.875,80.0999984741211,80.2249984741211
2018-07-10,80.7249984741211,80.7249984741211,79.44999694824219,79.5
2018-07-11,79.80000305175781,79.94999694824219,79.3499984741211,79.7750015258789
2018-07-12,80.25,80.25,79.875,79.94999694824219
2018-07-13,79.92500305175781,80.0250015258789,79.8499984741211,79.94999694824219
2018-07-16,79.92500305175781,80.0250015258789,79.7249984741211,79.75
2018-07-17,69.7249984741211,69.9749984741211,67.7249984741211,67.9000015258789
2018-07-18,68.1500015258789,68.2249984741211,67.0999984741211,67.19999694824219
2018-07-19,67.5250015258789,68.4749984741211,66.8499984741211,67.25
2018-07-20,66.5999984741211,67.05000305175781,65.6500015258789,66.44999694824219
2018-07-23,66.5,67.125,66.32499694824219,66.42500305175781
2018-07-24,66.5250015258789,66.82499694824219,65.30000305175781,65.55000305175781
2018-07-25,66.0999984741211,66.75,65.57499694824219,66.4000015258789
2018-07-26,65.94999694824219,66.875,64.5999984741211,64.9000015258789
2018-07-27,64.2249984741211,64.44999694824219,63.525001525878906,63.650001525878906
2018-07-30,63.974998474121094,64.0250015258789,63.20000076293945,63.29999923706055
2018-07-31,62.70000076293945,62.70000076293945,60.875,61.125
2018-08-01,61.0,61.0,59.67499923706055,60.25
2018-08-02,59.875,59.900001525878906,58.67499923706055,58.974998474121094
2018-08-03,58.875,59.04999923706055,58.025001525878906,58.5
2018-08-06,58.45000076293945,58.70000076293945,56.400001525878906,56.599998474121094
2018-08-07,56.775001525878906,56.95000076293945,55.75,55.79999923706055
2018-08-08,55.349998474121094,55.42499923706055,54.400001525878906,54.79999923706055
2018-08-09,54.45000076293945,55.79999923706055,54.275001525878906,54.974998474121094
2018-08-10,55.150001525878906,55.625,54.70000076293945,54.79999923706055
2018-08-13,55.125,55.849998474121094,55.125,55.525001525878906
2018-08-14,55.32500076293945,55.45000076293945,54.95000076293945,55.0
2018-08-15,51.82500076293945,52.75,51.25,52.474998474121094
2018-08-16,53.54999923706055,55.474998474121094,53.54999923706055,55.474998474121094
2018-08-17,56.375,58.849998474121094,55.70000076293945,58.599998474121094
2018-08-20,59.150001525878906,59.5,55.974998474121094,56.474998474121094
2018-08-21,56.54999923706055,57.32500076293945,55.67499923706055,56.224998474121094
2018-08-22,55.099998474121094,55.29999923706055,53.400001525878906,53.599998474121094
2018-08-23,53.099998474121094,53.474998474121094,51.0,51.17499923706055
2018-08-24,50.650001525878906,52.25,50.17499923706055,51.775001525878906
2018-08-27,51.775001525878906,54.775001525878906,51.67499923706055,54.775001525878906
2018-08-28,55.599998474121094,55.650001525878906,51.650001525878906,52.0
2018-08-29,51.75,53.29999923706055,51.25,51.54999923706055
2018-08-30,51.349998474121094,52.125,48.92499923706055,49.125
2018-08-31,49.79999923706055,51.82500076293945,49.70000076293945,50.42499923706055
2018-09-04,51.650001525878906,51.95000076293945,50.150001525878906,51.07500076293945
2018-09-05,51.54999923706055,52.57500076293945,50.275001525878906,51.974998474121094
2018-09-06,53.275001525878906,54.974998474121094,52.82500076293945,54.974998474121094
2018-09-07,55.125,55.79999923706055,53.82500076293945,55.650001525878906
2018-09-10,56.400001525878906,57.25,55.849998474121094,55.95000076293945
2018-09-11,56.57500076293945,56.57500076293945,54.025001525878906,54.474998474121094
2018-09-12,54.650001525878906,56.474998474121094,54.07500076293945,55.79999923706055
2018-09-13,55.849998474121094,55.95000076293945,54.650001525878906,55.67499923706055
2018-09-14,56.32500076293945,56.875,55.474998474121094,56.224998474121094
2018-09-17,56.32500076293945,56.775001525878906,54.20000076293945,56.45000076293945
2018-09-18,57.400001525878906,59.45000076293945,57.400001525878906,59.17499923706055
2018-09-19,59.775001525878906,60.400001525878906,59.125,60.0
2018-09-20,60.70000076293945,61.625,60.599998474121094,61.25
2018-09-21,61.5,61.724998474121094,59.900001525878906,60.29999923706055
2018-09-24,60.775001525878906,61.25,60.0,61.0
2018-09-25,61.650001525878906,62.724998474121094,61.400001525878906,62.42499923706055
2018-09-26,62.79999923706055,63.025001525878906,61.900001525878906,62.20000076293945
2018-09-27,62.20000076293945,62.20000076293945,60.29999923706055,61.29999923706055
2018-09-28,61.875,62.92499923706055,61.54999923706055,62.17499923706055
2018-10-01,62.79999923706055,64.8499984741211,62.79999923706055,64.75
2018-10-02,64.5,66.75,64.25,66.42500305175781
2018-10-03,67.0,67.55000305175781,65.7249984741211,67.4749984741211
2018-10-04,66.80000305175781,67.94999694824219,66.75,67.5
2018-10-05,67.80000305175781,68.82499694824219,67.69999694824219,68.19999694824219
2018-10-08,68.9000015258789,69.125,68.375,68.44999694824219
2018-10-09,68.4000015258789,69.0250015258789,68.19999694824219,68.75
2018-10-10,68.92500305175781,69.25,68.4000015258789,68.4749984741211
2018-10-11,68.80000305175781,68.80000305175781,68.30000305175781,68.67500305175781
2018-10-12,68.69999694824219,68.9000015258789,68.5,68.75
2018-10-15,55.25,57.599998474121094,55.25,56.75
2018-10-16,56.79999923706055,58.32500076293945,56.650001525878906,56.875
2018-10-17,56.150001525878906,56.75,54.54999923706055,54.70000076293945
2018-10-18,54.375,54.375,52.0,52.29999923706055
2018-10-19,52.900001525878906,53.95000076293945,51.5,51.599998474121094
2018-10-22,52.20000076293945,53.92499923706055,51.275001525878906,53.17499923706055
2018-10-23,53.75,55.400001525878906,53.375,54.525001525878906
2018-10-24,55.099998474121094,57.525001525878906,55.099998474121094,57.525001525878906
2018-10-25,57.92499923706055,58.45000076293945,56.349998474121094,56.775001525878906
2018-10-26,56.92499923706055,58.07500076293945,56.775001525878906,57.92499923706055
2018-10-29,58.5,59.45000076293945,58.20000076293945,58.849998474121094
2018-10-30,59.525001525878906,59.875,58.70000076293945,59.0
2018-10-31,59.70000076293945,60.20000076293945,58.20000076293945,58.45000076293945
2018-11-01,57.82500076293945,59.07500076293945,56.75,58.20000076293945
2018-11-02,57.775001525878906,58.599998474121094,57.25,58.125
2018-11-05,57.95000076293945,59.125,56.70000076293945,57.099998474121094
2018-11-06,56.525001525878906,56.82500076293945,54.099998474121094,54.099998474121094
2018-11-07,54.400001525878906,55.75,54.0,55.525001525878906
2018-11-08,55.150001525878906,55.75,54.375,55.625
2018-11-09,54.79999923706055,56.099998474121094,54.224998474121094,55.79999923706055
2018-11-12,55.70000076293945,57.900001525878906,55.224998474121094,56.54999923706055
2018-11-13,56.349998474121094,57.400001525878906,55.599998474121094,57.29999923706055
2018-11-14,56.75,58.20000076293945,56.75,57.0
2018-11-15,57.17499923706055,57.875,56.775001525878906,57.07500076293945
2018-11-16,57.474998474121094,60.07500076293945,57.42499923706055,60.07500076293945
2018-11-19,60.25,61.42499923706055,59.625,61.025001525878906
2018-11-20,60.82500076293945,61.025001525878906,58.79999923706055,58.974998474121094
2018-11-21,58.525001525878906,58.900001525878906,58.099998474121094,58.275001525878906
2018-11-23,58.79999923706055,59.75,58.400001525878906,59.07500076293945
2018-11-26,59.474998474121094,59.474998474121094,57.150001525878906,57.400001525878906
2018-11-27,57.724998474121094,58.349998474121094,56.70000076293945,57.875
2018-11-28,57.79999923706055,58.400001525878906,57.29999923706055,57.95000076293945
2018-11-29,58.25,59.25,58.150001525878906,58.724998474121094
2018-11-30,58.70000076293945,58.79999923706055,57.775001525878906,57.875
2018-12-03,58.650001525878906,58.875,57.125,58.025001525878906
2018-12-04,57.849998474121094,57.900001525878906,56.70000076293945,56.875
2018-12-06,55.625,55.625,54.5,54.525001525878906
2018-12-07,54.92499923706055,55.20000076293945,54.125,54.25
2018-12-10,54.349998474121094,55.099998474121094,54.349998474121094,54.724998474121094
2018-12-11,55.0,55.0,54.275001525878906,54.45000076293945
2018-12-12,54.70000076293945,54.79999923706055,54.375,54.724998474121094
2018-12-13,54.82500076293945,54.875,54.5,54.79999923706055
2018-12-14,54.95000076293945,55.025001525878906,54.875,54.95000076293945
2018-12-17,64.32499694824219,64.4000015258789,63.025001525878906,63.82500076293945
2018-12-18,63.650001525878906,63.70000076293945,62.125,62.650001525878906
2018-12-19,62.724998474121094,63.525001525878906,62.20000076293945,62.70000076293945
2018-12-20,62.5,63.42499923706055,61.79999923706055,62.375
2018-12-21,63.25,63.25,61.025001525878906,61.125
2018-12-24,61.900001525878906,61.900001525878906,60.224998474121094,60.29999923706055
2018-12-26,60.900001525878906,61.32500076293945,60.25,60.375
2018-12-27,61.17499923706055,61.20000076293945,60.20000076293945,60.57500076293945
2018-12-28,60.95000076293945,61.20000076293945,60.54999923706055,60.650001525878906
2018-12-31,60.849998474121094,61.474998474121094,60.79999923706055,60.974998474121094
2019-01-02,61.375,63.42499923706055,61.25,61.70000076293945
2019-01-03,62.099998474121094,62.724998474121094,61.95000076293945,62.150001525878906
2019-01-04,62.775001525878906,62.95000076293945,61.400001525878906,61.95000076293945
2019-01-07,61.95000076293945,62.150001525878906,61.25,61.900001525878906
2019-01-08,62.599998474121094,63.150001525878906,62.07500076293945,62.599998474121094
2019-01-09,62.400001525878906,64.0999984741211,62.375,63.775001525878906
2019-01-10,63.57500076293945,64.2249984741211,63.099998474121094,64.07499694824219
2019-01-11,63.375,63.70000076293945,62.42499923706055,62.650001525878906
2019-01-14,62.650001525878906,62.724998474121094,61.400001525878906,61.849998474121094
2019-01-15,62.25,63.599998474121094,61.474998474121094,62.150001525878906
2019-01-16,61.45000076293945,61.67499923706055,59.5,60.04999923706055
2019-01-17,60.07500076293945,61.20000076293945,59.125,60.849998474121094
2019-01-18,61.17499923706055,62.17499923706055,61.099998474121094,61.224998474121094
2019-01-22,61.724998474121094,62.025001525878906,60.849998474121094,61.474998474121094
2019-01-23,61.150001525878906,61.45000076293945,60.29999923706055,60.775001525878906
2019-01-24,60.75,60.849998474121094,59.79999923706055,59.82500076293945
2019-01-25,59.375,59.400001525878906,58.04999923706055,58.375
2019-01-28,58.525001525878906,58.525001525878906,57.79999923706055,57.974998474121094
2019-01-29,57.650001525878906,57.775001525878906,57.099998474121094,57.32500076293945
2019-01-30,57.45000076293945,57.79999923706055,57.32500076293945,57.45000076293945
2019-01-31,57.32500076293945,57.75,56.150001525878906,56.25
2019-02-01,56.400001525878906,56.67499923706055,56.04999923706055,56.349998474121094
2019-02-04,56.400001525878906,57.70000076293945,56.150001525878906,57.375
2019-02-05,57.45000076293945,57.45000076293945,56.375,56.42499923706055
2019-02-06,56.29999923706055,56.474998474121094,55.875,55.92499923706055
2019-02-07,56.025001525878906,56.025001525878906,55.20000076293945,55.275001525878906
2019-02-08,55.29999923706055,55.54999923706055,55.0,55.04999923706055
2019-02-11,55.0,55.375,54.900001525878906,55.17499923706055
2019-02-12,55.275001525878906,55.375,55.099998474121094,55.17499923706055
2019-02-13,55.07500076293945,55.20000076293945,55.0,55.150001525878906
2019-02-14,55.0,55.20000076293945,54.95000076293945,55.099998474121094
2019-02-15,58.70000076293945,60.275001525878906,58.125,59.525001525878906
2019-02-19,58.875,58.92499923706055,56.525001525878906,56.525001525878906
2019-02-20,56.275001525878906,56.400001525878906,52.25,52.974998474121094
2019-02-21,54.400001525878906,55.974998474121094,53.724998474121094,55.95000076293945
2019-02-22,55.599998474121094,56.599998474121094,55.224998474121094,55.45000076293945
2019-02-25,54.849998474121094,54.900001525878906,52.75,53.900001525878906
2019-02-26,54.92499923706055,56.474998474121094,54.29999923706055,55.724998474121094
2019-02-27,54.650001525878906,56.875,54.224998474121094,55.599998474121094
2019-02-28,55.45000076293945,56.625,55.20000076293945,55.875
2019-03-01,55.70000076293945,57.57500076293945,55.67499923706055,56.400001525878906
2019-03-04,57.375,57.79999923706055,56.82500076293945,57.32500076293945
2019-03-05,57.724998474121094,58.599998474121094,57.400001525878906,57.900001525878906
2019-03-06,57.67499923706055,57.724998474121094,56.599998474121094,57.07500076293945
2019-03-07,57.92499923706055,58.150001525878906,57.150001525878906,57.724998474121094
2019-03-08,57.974998474121094,60.724998474121094,57.849998474121094,60.54999923706055
2019-03-11,60.75,63.5,60.150001525878906,62.849998474121094
2019-03-12,63.0,63.849998474121094,62.025001525878906,63.650001525878906
2019-03-13,64.0999984741211,66.07499694824219,63.150001525878906,63.474998474121094
2019-03-14,63.5,65.875,63.375,65.80000305175781
2019-03-15,65.80000305175781,68.80000305175781,65.42500305175781,68.80000305175781
2019-03-18,69.625,71.17500305175781,67.5250015258789,71.0250015258789
2019-03-19,71.25,71.82499694824219,69.9000015258789,70.82499694824219
2019-03-20,71.25,73.82499694824219,70.55000305175781,73.82499694824219
2019-03-21,74.0,78.32499694824219,74.0,78.32499694824219
2019-03-22,79.0999984741211,80.30000305175781,75.875,78.32499694824219
2019-03-25,79.8499984741211,80.0,78.0,78.6500015258789
2019-03-26,79.25,79.94999694824219,78.75,79.7249984741211
2019-03-27,79.80000305175781,81.75,78.7750015258789,81.32499694824219
2019-03-28,81.07499694824219,81.1500015258789,78.67500305175781,78.875
2019-03-29,78.7249984741211,80.57499694824219,76.7750015258789,77.375
2019-04-01,76.42500305175781,78.07499694824219,76.30000305175781,77.4000015258789
2019-04-02,78.19999694824219,79.7249984741211,78.0999984741211,78.94999694824219
2019-04-03,79.2249984741211,79.7249984741211,78.7750015258789,79.07499694824219
2019-04-04,78.44999694824219,79.8499984741211,77.82499694824219,79.57499694824219
2019-04-05,79.9000015258789,80.17500305175781,78.7750015258789,79.0250015258789
2019-04-08,79.0250015258789,79.0250015258789,78.42500305175781,78.5999984741211
2019-04-09,78.5250015258789,78.8499984741211,78.5,78.5250015258789
2019-04-10,78.75,79.125,78.67500305175781,78.9000015258789
2019-04-11,79.32499694824219,79.3499984741211,79.125,79.2249984741211
2019-04-12,79.1500015258789,79.3499984741211,79.07499694824219,79.30000305175781
2019-04-15,90.125,90.5999984741211,88.75,90.07499694824219
2019-04-16,90.5,91.2249984741211,88.44999694824219,88.9749984741211
2019-04-17,89.4000015258789,89.69999694824219,87.5999984741211,88.92500305175781
2019-04-18,88.75,90.3499984741211,87.69999694824219,90.19999694824219
2019-04-22,90.9000015258789,91.0,88.7249984741211,89.0250015258789
2019-04-23,89.0,89.80000305175781,87.67500305175781,87.82499694824219
2019-04-24,87.9000015258789,89.19999694824219,87.375,89.17500305175781
2019-04-25,88.25,88.57499694824219,87.4000015258789,87.8499984741211
2019-04-26,87.69999694824219,88.8499984741211,86.82499694824219,87.0
2019-04-29,86.5,86.80000305175781,84.5,84.7750015258789
2019-04-30,84.69999694824219,85.125,83.92500305175781,84.30000305175781
2019-05-01,84.4749984741211,87.30000305175781,84.25,87.0999984741211
2019-05-02,87.0,87.19999694824219,85.75,86.0999984741211
2019-05-03,85.5250015258789,86.0,85.30000305175781,85.3499984741211
2019-05-06,84.42500305175781,84.42500305175781,82.3499984741211,82.375
2019-05-07,82.25,83.5,81.69999694824219,83.05000305175781
2019-05-08,82.92500305175781,83.7249984741211,82.69999694824219,83.57499694824219
2019-05-09,83.125,83.7750015258789,82.8499984741211,83.75
2019-05-10,83.8499984741211,83.8499984741211,83.625,83.75
2019-05-13,83.5250015258789,83.7750015258789,83.44999694824219,83.55000305175781
2019-05-14,83.69999694824219,83.7750015258789,83.55000305175781,83.55000305175781
2019-05-15,89.5250015258789,92.0,89.44999694824219,91.82499694824219
2019-05-16,90.69999694824219,92.82499694824219,90.0250015258789,92.2249984741211
2019-05-17,91.75,92.80000305175781,89.6500015258789,92.375
2019-05-20,92.0999984741211,93.0250015258789,90.82499694824219,91.75
2019-05-21,91.55000305175781,91.67500305175781,89.92500305175781,90.0999984741211
2019-05-22,89.69999694824219,90.67500305175781,89.25,89.6500015258789
2019-05-23,89.5999984741211,89.7750015258789,88.07499694824219,89.42500305175781
2019-05-24,88.5250015258789,89.2750015258789,86.42500305175781,86.42500305175781
2019-05-28,85.80000305175781,86.375,82.69999694824219,83.9749984741211
2019-05-29,83.6500015258789,85.375,82.94999694824219,85.19999694824219
2019-05-30,84.375,84.4749984741211,83.05000305175781,83.67500305175781
2019-05-31,83.625,84.0,81.4000015258789,81.7249984741211
2019-06-03,81.9749984741211,82.625,81.30000305175781,81.57499694824219
2019-06-04,81.7750015258789,82.0250015258789,80.8499984741211,81.125
2019-06-05,80.625,81.05000305175781,79.5250015258789,79.8499984741211
2019-06-06,79.92500305175781,80.4000015258789,79.1500015258789,79.375
2019-06-07,79.19999694824219,79.80000305175781,78.2750015258789,78.6500015258789
2019-06-10,78.67500305175781,79.5,78.6500015258789,79.2750015258789
2019-06-11,78.9000015258789,79.2750015258789,78.8499984741211,79.07499694824219
2019-06-12,79.0999984741211,79.25,78.8499984741211,79.0250015258789
2019-06-13,79.1500015258789,79.3499984741211,79.0250015258789,79.2249984741211
2019-06-14,79.375,79.5,79.25,79.375
2019-06-17,81.05000305175781,83.2750015258789,80.5250015258789,83.05000305175781
2019-06-18,83.05000305175781,83.30000305175781,81.32499694824219,81.4749984741211
2019-06-19,81.05000305175781,82.07499694824219,80.92500305175781,81.625
2019-06-20,81.0999984741211,81.5,79.125,79.25
2019-06-21,79.0,79.1500015258789,76.25,76.25
2019-06-24,75.6500015258789,76.25,72.5999984741211,72.8499984741211
2019-06-25,73.5,74.9000015258789,73.0999984741211,74.4000015258789
2019-06-26,73.25,74.30000305175781,72.5,73.55000305175781
2019-06-27,73.44999694824219,74.30000305175781,73.07499694824219,73.82499694824219
2019-06-28,73.17500305175781,73.5,72.0,72.0999984741211
2019-07-01,72.82499694824219,72.94999694824219,72.0,72.57499694824219
2019-07-02,72.7750015258789,74.3499984741211,72.69999694824219,73.7249984741211
2019-07-03,73.5,74.25,73.19999694824219,73.55000305175781
2019-07-05,73.4000015258789,73.42500305175781,71.7750015258789,72.125
2019-07-08,72.125,72.25,69.92500305175781,70.07499694824219
2019-07-09,70.2249984741211,72.8499984741211,69.875,71.375
2019-07-10,71.5,72.0250015258789,71.17500305175781,71.75
2019-07-11,71.4749984741211,71.75,71.1500015258789,71.5999984741211
2019-07-12,71.5999984741211,71.92500305175781,71.0,71.05000305175781
2019-07-15,71.0,71.05000305175781,70.69999694824219,70.7750015258789
2019-07-16,80.5999984741211,80.92500305175781,78.75,79.05000305175781
2019-07-17,79.94999694824219,82.05000305175781,79.625,82.0
2019-07-18,82.5250015258789,82.94999694824219,80.5999984741211,82.7750015258789
2019-07-19,82.75,84.55000305175781,82.0,83.875
2019-07-22,84.30000305175781,84.4000015258789,82.30000305175781,83.2249984741211
2019-07-23,84.19999694824219,86.2249984741211,84.07499694824219,86.17500305175781
2019-07-24,86.2249984741211,86.8499984741211,85.69999694824219,86.55000305175781
2019-07-25,87.2249984741211,87.5,85.55000305175781,85.94999694824219
2019-07-26,86.32499694824219,86.9000015258789,85.92500305175781,86.42500305175781
2019-07-29,85.7249984741211,86.05000305175781,84.3499984741211,84.42500305175781
2019-07-30,84.80000305175781,84.80000305175781,82.0999984741211,82.30000305175781
2019-07-31,82.82499694824219,82.94999694824219,79.30000305175781,79.32499694824219
2019-08-01,79.32499694824219,80.30000305175781,76.5,76.80000305175781
2019-08-02,77.4749984741211,78.2249984741211,76.17500305175781,76.2750015258789
2019-08-05,75.0,78.30000305175781,74.30000305175781,77.8499984741211
2019-08-06,78.30000305175781,78.94999694824219,77.0250015258789,77.125
2019-08-07,77.55000305175781,77.94999694824219,77.125,77.7249984741211
2019-08-08,77.30000305175781,77.9749984741211,77.1500015258789,77.3499984741211
2019-08-09,77.875,79.30000305175781,77.69999694824219,79.0250015258789
2019-08-12,79.19999694824219,79.44999694824219,79.0,79.17500305175781
2019-08-13,79.0999984741211,79.32499694824219,78.69999694824219,79.0
2019-08-14,79.0250015258789,79.42500305175781,79.0250015258789,79.4000015258789
2019-08-15,67.5,68.55000305175781,64.5250015258789,65.0
2019-08-16,65.30000305175781,66.5250015258789,62.0,62.0
2019-08-19,62.32500076293945,64.4749984741211,62.150001525878906,64.0250015258789
2019-08-20,64.19999694824219,65.82499694824219,63.375,64.9749984741211
2019-08-21,64.92500305175781,65.69999694824219,63.07500076293945,63.29999923706055
2019-08-22,63.0,63.32500076293945,62.07500076293945,62.29999923706055
2019-08-23,61.57500076293945,61.599998474121094,59.29999923706055,59.29999923706055
2019-08-26,60.875,63.79999923706055,60.875,63.79999923706055
2019-08-27,64.25,64.4000015258789,62.400001525878906,63.224998474121094
2019-08-28,61.29999923706055,63.599998474121094,60.875,63.5
2019-08-29,63.70000076293945,65.1500015258789,63.474998474121094,64.9000015258789
2019-08-30,64.55000305175781,64.75,63.32500076293945,63.525001525878906
2019-09-03,64.0,66.5250015258789,64.0,66.5250015258789
2019-09-04,67.125,67.4000015258789,65.7750015258789,67.125
2019-09-05,66.875,68.0,65.92500305175781,66.30000305175781
2019-09-06,65.5,65.75,63.29999923706055,63.5
2019-09-09,63.0,65.125,62.275001525878906,62.599998474121094
2019-09-10,61.599998474121094,64.4000015258789,59.900001525878906,62.724998474121094
2019-09-11,61.29999923706055,61.92499923706055,59.775001525878906,60.17499923706055
2019-09-12,63.17499923706055,63.17499923706055,62.20000076293945,63.17499923706055
2019-09-13,64.7249984741211,66.8499984741211,63.875,66.4749984741211
2019-09-16,66.0250015258789,66.0250015258789,63.17499923706055,63.625
2019-09-17,64.0999984741211,64.6500015258789,61.5,62.099998474121094
2019-09-18,62.099998474121094,63.625,62.0,62.92499923706055
2019-09-19,61.70000076293945,63.0,61.224998474121094,61.400001525878906
2019-09-20,61.349998474121094,62.474998474121094,60.099998474121094,60.349998474121094
2019-09-23,60.92499923706055,62.25,60.5,60.95000076293945
2019-09-24,61.5,62.224998474121094,61.125,62.0
2019-09-25,62.92499923706055,65.0,62.45000076293945,64.57499694824219
2019-09-26,64.5,65.07499694824219,63.82500076293945,64.2249984741211
2019-09-27,64.32499694824219,65.44999694824219,63.92499923706055,65.2750015258789
2019-09-30,64.5,65.82499694824219,63.57500076293945,65.44999694824219
2019-10-01,64.69999694824219,65.0,62.474998474121094,62.54999923706055
2019-10-02,62.974998474121094,63.29999923706055,61.849998474121094,62.20000076293945
2019-10-03,62.25,63.0,62.07500076293945,62.42499923706055
2019-10-04,62.275001525878906,62.599998474121094,61.775001525878906,62.400001525878906
2019-10-07,61.92499923706055,61.95000076293945,60.45000076293945,60.5
2019-10-08,60.599998474121094,62.125,60.57500076293945,61.70000076293945
2019-10-09,62.5,62.95000076293945,62.025001525878906,62.79999923706055
2019-10-10,62.75,62.95000076293945,62.32500076293945,62.400001525878906
2019-10-11,62.79999923706055,63.04999923706055,62.5,62.92499923706055
2019-10-14,62.82500076293945,63.099998474121094,62.79999923706055,63.07500076293945
2019-10-15,69.125,72.125,69.125,72.125
2019-10-16,71.5250015258789,72.07499694824219,69.6500015258789,70.625
2019-10-17,70.07499694824219,70.4000015258789,67.7249984741211,68.1500015258789
2019-10-18,70.0,70.0,66.125,67.94999694824219
2019-10-21,67.5,69.0999984741211,67.19999694824219,67.82499694824219
2019-10-22,68.4000015258789,69.25,65.19999694824219,65.5
2019-10-23,64.75,66.9749984741211,64.1500015258789,65.82499694824219
2019-10-24,65.25,66.19999694824219,63.849998474121094,64.55000305175781
2019-10-25,64.4749984741211,66.17500305175781,63.724998474121094,64.92500305175781
2019-10-28,64.67500305175781,66.0,64.125,65.6500015258789
2019-10-29,65.25,65.25,63.45000076293945,64.32499694824219
2019-10-30,63.70000076293945,66.4749984741211,63.5,65.7750015258789
2019-10-31,64.7750015258789,66.125,63.875,66.0
2019-11-01,65.67500305175781,65.69999694824219,63.67499923706055,64.44999694824219
2019-11-04,63.775001525878906,65.30000305175781,63.375,64.5250015258789
2019-11-05,64.6500015258789,67.5250015258789,64.5999984741211,67.2750015258789
2019-11-06,67.375,67.6500015258789,64.44999694824219,64.7750015258789
2019-11-07,65.5999984741211,65.9000015258789,64.07499694824219,64.30000305175781
2019-11-08,64.19999694824219,64.9000015258789,63.75,64.125
2019-11-11,64.0,64.69999694824219,62.92499923706055,63.29999923706055
2019-11-12,63.75,65.67500305175781,63.75,64.7249984741211
2019-11-13,65.0,65.9749984741211,62.95000076293945,63.125
2019-11-14,63.125,64.07499694824219,62.67499923706055,62.75
2019-11-15,63.025001525878906,63.29999923706055,62.474998474121094,63.20000076293945
2019-11-18,63.0,63.625,62.42499923706055,62.75
2019-11-19,62.849998474121094,62.92499923706055,61.92499923706055,62.150001525878906
2019-11-20,62.0,62.150001525878906,60.04999923706055,60.45000076293945
2019-11-21,61.150001525878906,61.70000076293945,60.17499923706055,60.650001525878906
2019-11-22,60.79999923706055,61.57500076293945,60.5,61.224998474121094
2019-11-25,61.29999923706055,61.650001525878906,60.724998474121094,61.025001525878906
2019-11-26,61.20000076293945,61.224998474121094,60.599998474121094,60.82500076293945
2019-11-27,60.75,61.525001525878906,60.5,60.67499923706055
2019-11-29,60.75,62.400001525878906,60.150001525878906,62.025001525878906
2019-12-02,61.724998474121094,62.349998474121094,60.17499923706055,60.349998474121094
2019-12-03,60.57500076293945,62.57500076293945,60.29999923706055,62.5
2019-12-04,62.25,62.75,61.75,61.875
2019-12-05,61.875,61.95000076293945,61.17499923706055,61.57500076293945
2019-12-06,62.20000076293945,62.525001525878906,61.04999923706055,61.125
2019-12-09,60.79999923706055,60.900001525878906,59.900001525878906,60.0
2019-12-10,60.17499923706055,60.75,59.92499923706055,60.474998474121094
2019-12-11,60.599998474121094,60.900001525878906,60.42499923706055,60.70000076293945
2019-12-12,60.70000076293945,61.04999923706055,60.5,61.0
2019-12-13,60.75,60.82500076293945,60.275001525878906,60.474998474121094
2019-12-16,69.5250015258789,70.9000015258789,69.07499694824219,70.5
2019-12-17,70.19999694824219,71.0,69.4000015258789,69.8499984741211
2019-12-18,69.67500305175781,70.4000015258789,69.32499694824219,69.9000015258789
2019-12-19,69.9000015258789,71.0,69.5250015258789,70.9749984741211
2019-12-20,70.8499984741211,71.2249984741211,70.30000305175781,70.67500305175781
2019-12-23,70.67500305175781,71.30000305175781,69.4749984741211,70.25
2019-12-24,70.125,70.92500305175781,69.625,70.69999694824219
2019-12-26,71.05000305175781,71.5,70.05000305175781,70.9000015258789
2019-12-27,70.75,71.0250015258789,69.82499694824219,70.57499694824219
2019-12-30,71.25,71.9000015258789,70.5999984741211,71.80000305175781
2019-12-31,71.69999694824219,71.875,70.82499694824219,71.42500305175781
2020-01-02,71.5999984741211,72.5999984741211,70.7750015258789,71.55000305175781
2020-01-03,70.5999984741211,70.9000015258789,68.55000305175781,68.55000305175781
2020-01-06,68.94999694824219,69.2249984741211,67.55000305175781,68.625
2020-01-07,68.625,69.3499984741211,68.0250015258789,69.2249984741211
2020-01-08,68.7750015258789,70.19999694824219,68.5999984741211,69.0250015258789
2020-01-09,68.9000015258789,69.0,66.4749984741211,67.0250015258789
2020-01-10,67.32499694824219,68.2249984741211,66.875,67.25
2020-01-13,66.9749984741211,67.05000305175781,65.57499694824219,65.9000015258789
2020-01-14,65.67500305175781,68.2249984741211,65.67500305175781,67.67500305175781
2020-01-15,67.5999984741211,68.05000305175781,66.7750015258789,67.875
2020-01-16,67.67500305175781,68.17500305175781,66.32499694824219,66.875
2020-01-17,67.1500015258789,67.80000305175781,66.5,67.67500305175781
2020-01-21,67.57499694824219,68.0,66.42500305175781,67.3499984741211
2020-01-22,67.625,67.94999694824219,66.9000015258789,67.55000305175781
2020-01-23,67.44999694824219,69.0,67.2750015258789,68.5
2020-01-24,68.4000015258789,68.4000015258789,66.75,67.2249984741211
2020-01-27,66.2750015258789,66.32499694824219,65.2249984741211,65.94999694824219
2020-01-28,66.5,67.05000305175781,66.1500015258789,66.2249984741211
2020-01-29,66.5,66.5999984741211,64.125,64.30000305175781
2020-01-30,63.25,63.25,61.29999923706055,61.29999923706055
2020-01-31,60.5,60.5,56.849998474121094,57.125
2020-02-03,57.875,58.0,54.67499923706055,56.29999923706055
2020-02-04,56.82500076293945,57.849998474121094,56.54999923706055,56.75
2020-02-05,57.599998474121094,57.974998474121094,56.974998474121094,57.099998474121094
2020-02-06,56.849998474121094,58.275001525878906,56.775001525878906,57.70000076293945
2020-02-07,57.70000076293945,57.79999923706055,57.025001525878906,57.099998474121094
2020-02-10,57.0,57.0,55.775001525878906,56.20000076293945
2020-02-11,56.17499923706055,56.32500076293945,55.599998474121094,56.125
2020-02-12,56.0,56.29999923706055,55.5,55.67499923706055
2020-02-13,55.724998474121094,56.125,55.650001525878906,56.0
2020-02-14,55.875,56.0,55.650001525878906,55.900001525878906
2020-02-18,64.4749984741211,65.8499984741211,63.099998474121094,65.5
2020-02-19,66.0999984741211,68.25,65.7750015258789,67.57499694824219
2020-02-20,66.9000015258789,67.25,66.0999984741211,66.875
2020-02-21,66.5,67.1500015258789,66.05000305175781,67.0250015258789
2020-02-24,65.0,65.3499984741211,64.07499694824219,64.625
2020-02-25,65.19999694824219,65.875,64.5,64.67500305175781
2020-02-26,64.67500305175781,65.94999694824219,64.2249984741211,65.1500015258789
2020-02-27,64.5250015258789,64.92500305175781,62.150001525878906,62.54999923706055
2020-02-28,62.125,63.0,61.525001525878906,62.275001525878906
2020-03-02,62.54999923706055,63.17499923706055,62.125,62.79999923706055
2020-03-03,63.70000076293945,64.82499694824219,63.224998474121094,63.54999923706055
2020-03-04,64.0,64.7750015258789,63.29999923706055,64.30000305175781
2020-03-05,64.125,65.4749984741211,63.650001525878906,65.375
2020-03-06,65.0,66.375,65.0,65.92500305175781
2020-03-09,62.92499923706055,65.2249984741211,62.92499923706055,63.0
2020-03-10,64.625,66.0,64.5,65.0
2020-03-11,65.55000305175781,66.0,63.79999923706055,63.875
2020-03-12,62.474998474121094,62.5,60.875,60.875
2020-03-13,62.82500076293945,62.849998474121094,56.375,56.375
2020-03-16,52.29999923706055,56.57500076293945,52.125,53.974998474121094
2020-03-17,55.5,58.474998474121094,55.5,58.474998474121094
2020-03-18,59.625,62.79999923706055,56.275001525878906,58.150001525878906
2020-03-19,60.775001525878906,61.150001525878906,59.375,61.150001525878906
2020-03-20,62.75,63.849998474121094,61.45000076293945,61.57500076293945
2020-03-23,64.0,64.57499694824219,63.17499923706055,64.57499694824219
2020-03-24,66.30000305175781,67.69999694824219,65.80000305175781,66.42500305175781
2020-03-25,66.9749984741211,67.44999694824219,65.1500015258789,65.8499984741211
2020-03-26,65.19999694824219,65.25,62.849998474121094,62.900001525878906
2020-03-27,62.224998474121094,62.224998474121094,58.400001525878906,58.45000076293945
2020-03-30,58.099998474121094,58.25,53.95000076293945,53.95000076293945
2020-03-31,53.95000076293945,54.79999923706055,52.099998474121094,52.20000076293945
2020-04-01,51.400001525878906,51.599998474121094,49.20000076293945,49.20000076293945
2020-04-02,48.0,48.20000076293945,44.70000076293945,44.70000076293945
2020-04-03,41.82500076293945,42.5,40.20000076293945,40.224998474121094
2020-04-06,40.224998474121094,42.75,37.5,41.125
2020-04-07,43.32500076293945,44.125,42.849998474121094,44.125
2020-04-08,44.099998474121094,44.29999923706055,40.849998474121094,43.125
2020-04-09,42.0,43.0,42.0,42.79999923706055
2020-04-13,41.900001525878906,45.0,41.900001525878906,44.900001525878906
2020-04-14,44.775001525878906,45.79999923706055,44.5,45.650001525878906
2020-04-15,45.75,46.04999923706055,45.5,45.599998474121094
2020-04-16,39.29999923706055,39.775001525878906,37.0,37.32500076293945
2020-04-17,38.20000076293945,39.5,37.224998474121094,37.92499923706055
2020-04-20,38.5,41.375,38.42499923706055,40.599998474121094
2020-04-21,40.599998474121094,44.349998474121094,40.57500076293945,44.275001525878906
2020-04-22,44.974998474121094,47.625,44.974998474121094,47.224998474121094
2020-04-23,47.974998474121094,50.974998474121094,47.974998474121094,50.974998474121094
2020-04-24,52.125,53.724998474121094,51.70000076293945,52.525001525878906
2020-04-27,54.29999923706055,56.275001525878906,53.79999923706055,56.275001525878906
2020-04-28,57.07500076293945,59.0,54.0,55.04999923706055
2020-04-29,57.07500076293945,57.775001525878906,55.849998474121094,56.275001525878906
2020-04-30,57.42499923706055,59.474998474121094,57.400001525878906,59.125
2020-05-01,60.92499923706055,62.875,60.92499923706055,62.875
2020-05-04,65.875,68.25,65.42500305175781,67.7249984741211
2020-05-05,66.5,67.4000015258789,65.0,66.1500015258789
2020-05-06,66.9749984741211,68.19999694824219,66.5,68.0999984741211
2020-05-07,67.92500305175781,68.94999694824219,65.55000305175781,68.80000305175781
2020-05-08,68.25,68.69999694824219,67.19999694824219,67.30000305175781
2020-05-11,67.0999984741211,67.75,66.2249984741211,66.32499694824219
2020-05-12,67.57499694824219,68.07499694824219,67.32499694824219,68.0250015258789
2020-05-13,67.5,68.2750015258789,67.25,68.0
2020-05-14,68.25,68.75,67.9000015258789,68.67500305175781
2020-05-15,58.224998474121094,59.400001525878906,57.75,57.875
2020-05-18,58.5,58.79999923706055,57.099998474121094,57.650001525878906
2020-05-19,57.599998474121094,58.650001525878906,56.54999923706055,56.650001525878906
2020-05-20,56.04999923706055,57.04999923706055,55.75,56.875
2020-05-21,57.025001525878906,59.42499923706055,56.95000076293945,59.349998474121094
2020-05-22,59.025001525878906,59.724998474121094,58.54999923706055,58.775001525878906
2020-05-26,59.29999923706055,61.29999923706055,58.79999923706055,60.5
2020-05-27,60.099998474121094,62.0,60.04999923706055,60.17499923706055
2020-05-28,58.67499923706055,58.79999923706055,56.650001525878906,56.92499923706055
2020-05-29,56.45000076293945,56.92499923706055,55.92499923706055,56.849998474121094
2020-06-01,55.275001525878906,55.849998474121094,54.45000076293945,54.599998474121094
2020-06-02,54.025001525878906,54.400001525878906,52.07500076293945,52.400001525878906
2020-06-03,51.32500076293945,51.45000076293945,48.650001525878906,48.650001525878906
2020-06-04,48.525001525878906,48.900001525878906,46.45000076293945,48.42499923706055
2020-06-05,48.45000076293945,48.775001525878906,47.275001525878906,47.45000076293945
2020-06-08,47.0,48.70000076293945,46.849998474121094,48.57500076293945
2020-06-09,48.07500076293945,48.57500076293945,47.775001525878906,48.07500076293945
2020-06-10,47.875,48.150001525878906,47.724998474121094,47.849998474121094
2020-06-11,48.025001525878906,48.07500076293945,47.849998474121094,47.974998474121094
2020-06-12,47.92499923706055,48.224998474121094,47.82500076293945,48.04999923706055
2020-06-15,51.25,53.07500076293945,51.25,52.275001525878906
2020-06-16,51.775001525878906,51.79999923706055,48.92499923706055,49.650001525878906
2020-06-17,48.5,49.849998474121094,48.17499923706055,49.650001525878906
2020-06-18,49.375,50.275001525878906,48.974998474121094,49.900001525878906
2020-06-19,49.95000076293945,50.349998474121094,48.32500076293945,48.45000076293945
2020-06-22,47.875,48.07500076293945,45.75,46.82500076293945
2020-06-23,46.82500076293945,47.474998474121094,46.275001525878906,46.900001525878906
2020-06-24,46.32500076293945,46.724998474121094,45.849998474121094,45.92499923706055
2020-06-25,46.025001525878906,47.150001525878906,46.025001525878906,46.92499923706055
2020-06-26,45.275001525878906,45.75,44.974998474121094,45.275001525878906
2020-06-29,45.275001525878906,45.599998474121094,45.07500076293945,45.375
2020-06-30,45.275001525878906,45.625,45.07500076293945,45.17499923706055
2020-07-01,44.75,45.349998474121094,44.5,44.79999923706055
2020-07-02,45.07500076293945,45.349998474121094,44.625,44.724998474121094
2020-07-06,45.0,45.45000076293945,44.650001525878906,44.95000076293945
2020-07-07,44.67499923706055,44.95000076293945,44.525001525878906,44.525001525878906
2020-07-08,44.349998474121094,44.54999923706055,43.57500076293945,44.04999923706055
2020-07-09,44.599998474121094,46.20000076293945,44.599998474121094,45.849998474121094
2020-07-10,46.0,46.5,45.82500076293945,45.974998474121094
2020-07-13,46.07500076293945,46.974998474121094,45.95000076293945,46.67499923706055
2020-07-14,46.57500076293945,46.95000076293945,46.54999923706055,46.79999923706055
2020-07-15,46.92499923706055,47.525001525878906,46.849998474121094,47.32500076293945
2020-07-16,50.54999923706055,53.79999923706055,50.5,53.650001525878906
2020-07-17,53.20000076293945,53.625,52.32500076293945,52.79999923706055
2020-07-20,52.82500076293945,53.275001525878906,50.20000076293945,50.400001525878906
2020-07-21,50.525001525878906,51.650001525878906,50.5,51.474998474121094
2020-07-22,52.75,53.04999923706055,52.0,52.650001525878906
2020-07-23,53.099998474121094,54.95000076293945,52.92499923706055,54.474998474121094
2020-07-24,54.025001525878906,54.20000076293945,52.775001525878906,54.0
2020-07-27,54.25,54.92499923706055,53.67499923706055,54.54999923706055
2020-07-28,54.75,55.275001525878906,54.025001525878906,54.20000076293945
2020-07-29,53.79999923706055,53.79999923706055,52.5,53.07500076293945
2020-07-30,53.04999923706055,53.125,51.025001525878906,51.42499923706055
2020-07-31,51.25,52.099998474121094,51.099998474121094,52.0
2020-08-03,51.275001525878906,51.5,49.650001525878906,49.875
2020-08-04,49.900001525878906,50.474998474121094,49.54999923706055,49.70000076293945
2020-08-05,49.32500076293945,49.70000076293945,49.20000076293945,49.45000076293945
2020-08-06,49.45000076293945,50.0,49.45000076293945,49.75
2020-08-07,50.5,51.20000076293945,50.5,51.0
2020-08-10,51.849998474121094,53.42499923706055,51.650001525878906,53.125
2020-08-11,53.375,53.67499923706055,52.95000076293945,53.07500076293945
2020-08-12,52.82500076293945,53.07500076293945,52.599998474121094,52.900001525878906
2020-08-13,53.04999923706055,53.82500076293945,53.025001525878906,53.70000076293945
2020-08-14,53.79999923706055,53.974998474121094,53.70000076293945,53.82500076293945
2020-08-17,52.82500076293945,53.900001525878906,52.79999923706055,53.525001525878906
2020-08-18,53.45000076293945,53.54999923706055,51.275001525878906,51.42499923706055
2020-08-19,51.650001525878906,52.82500076293945,51.474998474121094,52.54999923706055
2020-08-20,53.70000076293945,56.125,53.54999923706055,55.17499923706055
2020-08-21,55.525001525878906,55.974998474121094,54.07500076293945,54.25
2020-08-24,54.5,55.95000076293945,54.25,54.599998474121094
2020-08-25,55.474998474121094,56.17499923706055,55.17499923706055,55.95000076293945
2020-08-26,55.95000076293945,56.70000076293945,54.650001525878906,55.54999923706055
2020-08-27,55.400001525878906,56.125,55.275001525878906,55.724998474121094
2020-08-28,55.025001525878906,55.07500076293945,53.224998474121094,53.650001525878906
2020-08-31,53.375,54.375,53.17499923706055,53.599998474121094
2020-09-01,54.0,55.20000076293945,53.79999923706055,55.025001525878906
2020-09-02,55.25,56.92499923706055,54.900001525878906,56.400001525878906
2020-09-03,57.29999923706055,59.400001525878906,57.17499923706055,59.25
2020-09-04,59.900001525878906,60.95000076293945,58.875,59.82500076293945
2020-09-08,59.375,60.275001525878906,58.775001525878906,59.900001525878906
2020-09-09,60.04999923706055,61.724998474121094,59.775001525878906,61.375
2020-09-10,63.099998474121094,64.375,62.875,64.375
2020-09-11,67.4749984741211,68.7249984741211,66.125,66.57499694824219
2020-09-14,68.32499694824219,68.5250015258789,64.4000015258789,64.625
2020-09-15,65.25,67.0,65.1500015258789,65.69999694824219
2020-09-16,66.375,66.875,64.1500015258789,65.2249984741211
2020-09-17,66.07499694824219,67.19999694824219,65.5999984741211,66.5250015258789
2020-09-18,67.2750015258789,67.7750015258789,65.9000015258789,66.5
2020-09-21,66.0999984741211,66.4749984741211,65.2750015258789,65.5999984741211
2020-09-22,67.5999984741211,68.5999984741211,67.07499694824219,68.32499694824219
2020-09-23,68.30000305175781,69.55000305175781,68.25,69.5
2020-09-24,69.17500305175781,69.8499984741211,69.0250015258789,69.4749984741211
2020-09-25,69.4749984741211,72.0,68.9000015258789,71.75
2020-09-28,72.2750015258789,72.7750015258789,72.1500015258789,72.69999694824219
2020-09-29,73.2750015258789,73.44999694824219,72.125,72.375
2020-09-30,72.57499694824219,73.05000305175781,72.19999694824219,72.80000305175781
2020-10-01,73.19999694824219,74.4000015258789,73.0250015258789,74.1500015258789
2020-10-02,74.69999694824219,75.42500305175781,74.25,74.5
2020-10-05,74.32499694824219,74.9000015258789,74.0,74.75
2020-10-06,75.5,76.375,75.4749984741211,76.32499694824219
2020-10-07,76.44999694824219,77.0250015258789,76.19999694824219,76.875
2020-10-08,77.2249984741211,77.57499694824219,77.0,77.3499984741211
2020-10-09,77.75,78.19999694824219,77.55000305175781,78.125
2020-10-12,78.2249984741211,78.2750015258789,78.05000305175781,78.17500305175781
2020-10-13,77.9749984741211,78.05000305175781,77.6500015258789,77.80000305175781
2020-10-14,78.05000305175781,78.42500305175781,78.0,78.42500305175781
2020-10-15,68.19999694824219,69.92500305175781,68.0250015258789,69.875
2020-10-16,70.30000305175781,70.69999694824219,68.82499694824219,69.80000305175781
2020-10-19,69.7249984741211,72.80000305175781,69.32499694824219,71.42500305175781
2020-10-20,70.9749984741211,71.05000305175781,68.5,69.25
2020-10-21,69.9000015258789,70.82499694824219,68.8499984741211,69.19999694824219
2020-10-22,69.57499694824219,69.80000305175781,66.19999694824219,66.19999694824219
2020-10-23,66.3499984741211,67.2249984741211,65.69999694824219,67.0250015258789
2020-10-26,66.67500305175781,67.94999694824219,65.30000305175781,67.75
2020-10-27,68.17500305175781,69.6500015258789,67.42500305175781,67.6500015258789
2020-10-28,67.0,67.32499694824219,65.82499694824219,66.375
2020-10-29,65.80000305175781,66.1500015258789,64.19999694824219,65.625
2020-10-30,66.44999694824219,66.9749984741211,65.19999694824219,65.57499694824219
2020-11-02,65.7249984741211,66.05000305175781,64.0999984741211,65.94999694824219
2020-11-03,66.5,66.80000305175781,65.1500015258789,65.4000015258789
2020-11-04,65.57499694824219,66.44999694824219,64.69999694824219,66.3499984741211
2020-11-05,66.875,67.5999984741211,66.42500305175781,67.42500305175781
2020-11-06,67.0,67.57499694824219,64.625,64.9000015258789
2020-11-09,65.80000305175781,66.57499694824219,65.25,65.5999984741211
2020-11-10,66.30000305175781,66.30000305175781,64.9000015258789,65.125
2020-11-11,65.1500015258789,65.7750015258789,63.599998474121094,64.80000305175781
2020-11-12,65.625,66.57499694824219,65.2249984741211,65.80000305175781
2020-11-13,66.0250015258789,66.0250015258789,64.17500305175781,64.9000015258789
2020-11-16,64.9749984741211,65.80000305175781,64.5999984741211,65.1500015258789
2020-11-17,65.1500015258789,66.17500305175781,64.9000015258789,65.5250015258789
2020-11-18,64.5999984741211,66.0,64.5,65.80000305175781
2020-11-19,65.375,65.5,63.5,63.70000076293945
2020-11-20,63.70000076293945,64.75,63.5,64.125
2020-11-23,64.75,66.42500305175781,64.4749984741211,64.94999694824219
2020-11-24,65.80000305175781,65.94999694824219,64.125,65.30000305175781
2020-11-25,65.4000015258789,66.32499694824219,64.92500305175781,66.17500305175781
2020-11-27,66.17500305175781,66.19999694824219,65.55000305175781,65.875
2020-11-30,66.25,67.8499984741211,66.0,67.57499694824219
2020-12-01,67.92500305175781,67.94999694824219,66.69999694824219,66.9749984741211
2020-12-02,66.4749984741211,66.5999984741211,66.05000305175781,66.3499984741211
2020-12-03,66.42500305175781,66.44999694824219,65.8499984741211,66.0250015258789
2020-12-04,65.44999694824219,65.94999694824219,64.5999984741211,65.875
2020-12-07,65.3499984741211,65.5999984741211,64.3499984741211,64.5
2020-12-08,64.8499984741211,64.875,64.2750015258789,64.55000305175781
2020-12-09,64.8499984741211,65.2249984741211,64.625,65.125
2020-12-10,65.0,65.07499694824219,64.67500305175781,64.80000305175781
2020-12-11,64.80000305175781,64.94999694824219,64.5250015258789,64.67500305175781
2020-12-14,64.69999694824219,64.92500305175781,64.69999694824219,64.9000015258789
2020-12-15,65.30000305175781,66.9000015258789,65.2249984741211,66.44999694824219
2020-12-16,65.5999984741211,66.0999984741211,64.6500015258789,65.9749984741211
2020-12-17,65.9749984741211,66.44999694824219,65.30000305175781,65.5
2020-12-18,65.0250015258789,66.0,64.75,65.80000305175781
2020-12-21,65.19999694824219,66.4000015258789,65.0999984741211,65.92500305175781
2020-12-22,66.375,66.5999984741211,65.7249984741211,66.0250015258789
2020-12-23,66.125,68.125,65.7750015258789,67.8499984741211
2020-12-24,67.5999984741211,67.9000015258789,66.67500305175781,66.94999694824219
2020-12-28,67.19999694824219,67.2249984741211,65.7750015258789,66.5
2020-12-29,66.7750015258789,67.75,66.05000305175781,67.19999694824219
2020-12-30,67.0999984741211,69.1500015258789,67.07499694824219,67.5999984741211
2020-12-31,68.0250015258789,70.5,67.94999694824219,70.2750015258789
2021-01-04,71.42500305175781,72.0,70.67500305175781,71.2249984741211
2021-01-05,71.4000015258789,71.4000015258789,70.0999984741211,70.92500305175781
2021-01-06,71.07499694824219,71.75,69.5250015258789,69.7750015258789
2021-01-07,69.44999694824219,69.875,69.0250015258789,69.125
2021-01-08,69.2750015258789,69.5999984741211,68.32499694824219,68.69999694824219
2021-01-11,68.5,69.0999984741211,67.8499984741211,68.4749984741211
2021-01-12,68.9000015258789,69.5250015258789,68.19999694824219,68.5
2021-01-13,67.9749984741211,68.0,66.69999694824219,66.8499984741211
2021-01-14,66.5,67.0250015258789,66.125,66.30000305175781
2021-01-15,66.1500015258789,68.19999694824219,66.1500015258789,67.92500305175781
2021-01-19,67.7750015258789,68.0,66.42500305175781,66.4749984741211
2021-01-20,66.5,68.5,66.1500015258789,68.42500305175781
2021-01-21,68.42500305175781,69.1500015258789,67.875,68.0999984741211
2021-01-22,68.19999694824219,70.125,68.125,69.92500305175781
2021-01-25,70.30000305175781,70.7750015258789,69.80000305175781,70.625
2021-01-26,70.75,70.7750015258789,69.7750015258789,70.44999694824219
2021-01-27,70.44999694824219,71.4000015258789,70.32499694824219,70.57499694824219
2021-01-28,71.0,71.0250015258789,69.82499694824219,69.94999694824219
2021-01-29,70.0,70.5,69.55000305175781,69.80000305175781
2021-02-01,70.19999694824219,70.57499694824219,69.32499694824219,69.55000305175781
2021-02-02,69.80000305175781,71.80000305175781,69.42500305175781,71.55000305175781
2021-02-03,72.0,72.625,71.32499694824219,72.375
2021-02-04,73.0250015258789,73.25,70.8499984741211,71.0250015258789
2021-02-05,71.42500305175781,71.5250015258789,70.80000305175781,70.9749984741211
2021-02-08,71.4749984741211,72.32499694824219,71.1500015258789,72.17500305175781
2021-02-09,72.125,72.67500305175781,71.6500015258789,72.5999984741211
2021-02-10,73.19999694824219,73.94999694824219,72.9749984741211,73.55000305175781
2021-02-11,74.0,74.17500305175781,73.80000305175781,74.0250015258789
2021-02-12,74.19999694824219,74.25,73.9749984741211,74.0
2021-02-16,85.9000015258789,86.82499694824219,85.07499694824219,86.17500305175781
2021-02-17,85.875,86.44999694824219,84.625,84.9000015258789
2021-02-18,84.875,85.4749984741211,83.625,84.92500305175781
2021-02-19,85.4749984741211,85.9000015258789,83.9749984741211,84.5
2021-02-22,84.57499694824219,85.6500015258789,84.32499694824219,85.125
2021-02-23,85.57499694824219,86.875,85.4000015258789,86.42500305175781
2021-02-24,87.0,89.42500305175781,86.94999694824219,89.42500305175781
2021-02-25,90.19999694824219,90.67500305175781,89.0999984741211,89.75
2021-02-26,89.80000305175781,90.2750015258789,86.80000305175781,87.1500015258789
2021-03-01,87.44999694824219,88.9000015258789,87.07499694824219,87.7249984741211
2021-03-02,87.05000305175781,87.07499694824219,85.125,85.3499984741211
2021-03-03,86.75,88.3499984741211,86.44999694824219,87.92500305175781
2021-03-04,87.8499984741211,88.30000305175781,86.80000305175781,87.30000305175781
2021-03-05,87.80000305175781,87.80000305175781,86.69999694824219,87.17500305175781
2021-03-08,86.5,87.69999694824219,86.19999694824219,87.30000305175781
2021-03-09,87.57499694824219,88.8499984741211,87.375,88.3499984741211
2021-03-10,88.3499984741211,88.92500305175781,87.8499984741211,88.7750015258789
2021-03-11,89.3499984741211,91.69999694824219,89.0999984741211,91.5
2021-03-12,91.32499694824219,91.5,90.75,91.4000015258789
2021-03-15,90.875,90.9000015258789,89.625,90.55000305175781
2021-03-16,92.05000305175781,93.125,92.0,92.9000015258789
2021-03-17,92.9000015258789,93.94999694824219,92.1500015258789,93.67500305175781
2021-03-18,94.0,94.57499694824219,93.0999984741211,94.30000305175781
2021-03-19,95.4000015258789,95.7249984741211,94.125,94.25
2021-03-22,94.57499694824219,95.125,94.0,95.05000305175781
2021-03-23,95.5,96.625,95.0250015258789,96.4749984741211
2021-03-24,97.30000305175781,97.92500305175781,97.0999984741211,97.7750015258789
2021-03-25,99.0250015258789,99.75,98.25,99.67500305175781
2021-03-26,101.8499984741211,101.9749984741211,100.0250015258789,100.80000305175781
2021-03-29,100.80000305175781,100.82499694824219,99.9000015258789,100.375
2021-03-30,100.55000305175781,101.0999984741211,100.125,100.92500305175781
2021-03-31,100.6500015258789,101.25,100.30000305175781,101.05000305175781
2021-04-01,101.42500305175781,101.9749984741211,100.92500305175781,101.7750015258789
2021-04-05,102.0999984741211,103.0,101.94999694824219,102.4000015258789
2021-04-06,102.75,102.75,101.5999984741211,102.0999984741211
2021-04-07,102.5,102.9000015258789,102.2750015258789,102.875
2021-04-08,103.05000305175781,103.5999984741211,103.05000305175781,103.4749984741211
2021-04-09,103.5,103.625,103.2249984741211,103.4749984741211
2021-04-12,103.8499984741211,104.25,103.3499984741211,103.5250015258789
2021-04-13,103.2750015258789,103.5999984741211,102.5,103.4000015258789
2021-04-14,103.69999694824219,103.82499694824219,103.4000015258789,103.5999984741211
2021-04-15,103.5,103.5,103.375,103.4000015258789
2021-04-16,104.0,106.19999694824219,101.57499694824219,102.4749984741211
2021-04-19,102.67500305175781,105.9749984741211,102.67500305175781,105.6500015258789
2021-04-20,106.375,108.30000305175781,106.32499694824219,108.07499694824219
2021-04-21,108.5250015258789,108.69999694824219,106.875,107.5999984741211
2021-04-22,107.5999984741211,108.3499984741211,106.6500015258789,107.44999694824219
2021-04-23,107.94999694824219,109.44999694824219,107.75,109.3499984741211
2021-04-26,109.0,109.375,108.30000305175781,109.25
2021-04-27,108.57499694824219,109.80000305175781,107.32499694824219,109.80000305175781
2021-04-28,110.80000305175781,111.7750015258789,110.5,111.2750015258789
2021-04-29,110.2750015258789,110.3499984741211,108.5,108.7249984741211
2021-04-30,108.42500305175781,110.42500305175781,108.42500305175781,110.125
2021-05-03,110.5999984741211,111.0999984741211,109.80000305175781,110.69999694824219
2021-05-04,110.9749984741211,111.3499984741211,110.4000015258789,111.1500015258789
2021-05-05,111.05000305175781,111.5250015258789,110.6500015258789,111.375
2021-05-06,111.6500015258789,111.67500305175781,111.0,111.4000015258789
2021-05-07,111.875,112.17500305175781,111.5,111.9749984741211
2021-05-10,111.75,111.9749984741211,111.375,111.9000015258789
2021-05-11,111.6500015258789,111.67500305175781,111.4000015258789,111.4749984741211
2021-05-12,111.80000305175781,111.9749984741211,111.5999984741211,111.80000305175781
2021-05-13,111.7750015258789,111.92500305175781,111.19999694824219,111.4749984741211
2021-05-14,111.44999694824219,111.57499694824219,111.1500015258789,111.1500015258789
2021-05-17,108.67500305175781,109.57499694824219,107.92500305175781,108.6500015258789
2021-05-18,108.7249984741211,111.17500305175781,108.5250015258789,110.6500015258789
2021-05-19,110.80000305175781,111.2249984741211,110.1500015258789,110.94999694824219
2021-05-20,111.57499694824219,112.5,110.80000305175781,112.25
2021-05-21,111.7249984741211,114.6500015258789,111.6500015258789,114.2249984741211
2021-05-24,113.4749984741211,113.80000305175781,112.80000305175781,113.3499984741211
2021-05-25,114.2249984741211,115.55000305175781,113.6500015258789,115.25
2021-05-26,115.19999694824219,115.7249984741211,114.625,115.2750015258789
2021-05-27,115.2750015258789,115.80000305175781,114.69999694824219,115.7249984741211
2021-05-28,116.2249984741211,117.5999984741211,116.05000305175781,117.25
2021-06-01,116.1500015258789,118.9000015258789,116.1500015258789,118.625
2021-06-02,119.1500015258789,119.2249984741211,117.2249984741211,118.25
2021-06-03,118.67500305175781,119.5250015258789,117.4749984741211,119.375
2021-06-04,119.5250015258789,120.1500015258789,118.8499984741211,119.5
2021-06-07,119.80000305175781,119.94999694824219,119.30000305175781,119.9000015258789
2021-06-08,120.4000015258789,120.75,119.75,120.69999694824219
2021-06-09,121.0250015258789,121.9749984741211,120.6500015258789,121.94999694824219
2021-06-10,122.0,122.6500015258789,121.8499984741211,122.44999694824219
2021-06-11,122.5,122.7249984741211,122.2750015258789,122.67500305175781
2021-06-14,122.69999694824219,123.07499694824219,122.55000305175781,122.875
2021-06-15,117.0999984741211,118.55000305175781,117.0999984741211,118.5
2021-06-16,117.5,117.6500015258789,115.5,115.5
2021-06-17,114.0250015258789,114.30000305175781,111.0,111.0
2021-06-18,112.17500305175781,112.2249984741211,108.5,108.67500305175781
2021-06-21,109.19999694824219,109.67500305175781,105.69999694824219,107.05000305175781
2021-06-22,108.0250015258789,109.625,106.94999694824219,107.5250015258789
2021-06-23,106.44999694824219,106.44999694824219,104.5250015258789,104.5250015258789
2021-06-24,104.0,104.0,100.0250015258789,100.0250015258789
2021-06-25,100.0,102.3499984741211,99.7750015258789,101.94999694824219
2021-06-28,102.5250015258789,104.94999694824219,102.125,104.94999694824219
2021-06-29,106.4749984741211,107.25,105.875,106.9749984741211
2021-06-30,106.5250015258789,108.0250015258789,106.0,107.4749984741211
2021-07-01,108.5999984741211,109.42500305175781,104.4749984741211,107.30000305175781
2021-07-02,107.9749984741211,108.75,105.94999694824219,108.6500015258789
2021-07-06,108.6500015258789,110.25,108.44999694824219,109.92500305175781
2021-07-07,109.8499984741211,109.8499984741211,108.7249984741211,109.1500015258789
2021-07-08,109.5,110.5250015258789,109.4000015258789,110.0999984741211
2021-07-09,110.5,111.1500015258789,110.0999984741211,111.0
2021-07-12,111.4749984741211,112.625,111.4749984741211,112.4749984741211
2021-07-13,112.7249984741211,112.875,112.07499694824219,112.25
2021-07-14,112.30000305175781,112.44999694824219,112.17500305175781,112.375
2021-07-15,112.30000305175781,112.32499694824219,112.05000305175781,112.125
2021-07-16,104.92500305175781,106.2750015258789,104.67500305175781,105.6500015258789
2021-07-19,105.25,105.8499984741211,103.80000305175781,104.4749984741211
2021-07-20,104.94999694824219,105.80000305175781,104.42500305175781,105.0
2021-07-21,105.30000305175781,106.6500015258789,105.30000305175781,106.57499694824219
2021-07-22,107.0999984741211,107.125,105.0,106.6500015258789
2021-07-23,106.7249984741211,107.55000305175781,106.3499984741211,107.3499984741211
2021-07-26,107.44999694824219,107.7249984741211,106.9000015258789,107.4000015258789
2021-07-27,107.69999694824219,108.125,107.05000305175781,107.4749984741211
2021-07-28,107.5999984741211,107.69999694824219,105.4000015258789,105.69999694824219
2021-07-29,105.6500015258789,107.30000305175781,105.42500305175781,106.30000305175781
2021-07-30,106.5999984741211,106.75,105.82499694824219,106.19999694824219
2021-08-02,106.5,107.75,106.4000015258789,107.5
2021-08-03,108.25,109.375,107.8499984741211,109.07499694824219
2021-08-04,109.3499984741211,109.9749984741211,108.55000305175781,109.4749984741211
2021-08-05,109.5,109.6500015258789,108.5,109.4749984741211
2021-08-06,109.25,109.3499984741211,108.69999694824219,108.75
2021-08-09,109.0,109.07499694824219,108.0,108.9000015258789
2021-08-10,109.2750015258789,109.9000015258789,109.0,109.67500305175781
2021-08-11,109.625,109.8499984741211,109.2249984741211,109.625
2021-08-12,109.875,110.17500305175781,109.75,110.125
2021-08-13,110.05000305175781,110.07499694824219,109.5,109.80000305175781
2021-08-16,87.25,89.30000305175781,87.25,89.0
2021-08-17,88.2750015258789,88.57499694824219,87.55000305175781,87.9000015258789
2021-08-18,88.4000015258789,89.25,87.7750015258789,89.0999984741211
2021-08-19,88.6500015258789,89.19999694824219,86.5999984741211,86.92500305175781
2021-08-20,87.5999984741211,89.7750015258789,87.4000015258789,88.625
2021-08-23,88.6500015258789,89.44999694824219,86.9749984741211,87.4749984741211
2021-08-24,86.67500305175781,87.9749984741211,86.05000305175781,86.9749984741211
2021-08-25,87.0,89.2249984741211,86.75,88.75
2021-08-26,88.9000015258789,89.5,87.5999984741211,87.9000015258789
2021-08-27,88.32499694824219,90.9000015258789,88.32499694824219,90.7249984741211
2021-08-30,91.42500305175781,91.42500305175781,89.4000015258789,90.1500015258789
2021-08-31,89.57499694824219,89.57499694824219,88.375,88.80000305175781
2021-09-01,89.3499984741211,90.9000015258789,89.32499694824219,90.1500015258789
2021-09-02,89.6500015258789,90.375,89.25,89.8499984741211
2021-09-03,89.8499984741211,90.17500305175781,89.375,89.57499694824219
2021-09-07,89.9749984741211,89.9749984741211,88.0,88.0999984741211
2021-09-08,88.0999984741211,89.3499984741211,87.25,87.375
2021-09-09,87.94999694824219,88.25,85.25,85.4749984741211
2021-09-10,85.80000305175781,86.0250015258789,81.94999694824219,82.44999694824219
2021-09-13,82.67500305175781,82.8499984741211,80.69999694824219,80.7750015258789
2021-09-14,81.05000305175781,81.69999694824219,79.7750015258789,80.375
2021-09-15,80.92500305175781,82.80000305175781,80.5999984741211,82.2750015258789
2021-09-16,83.30000305175781,85.9749984741211,82.2750015258789,85.4749984741211
2021-09-17,85.5999984741211,86.125,84.0250015258789,85.7249984741211
2021-09-20,85.2750015258789,85.82499694824219,84.55000305175781,84.9749984741211
2021-09-21,85.375,85.375,84.0,84.375
2021-09-22,84.57499694824219,85.0250015258789,83.7750015258789,83.8499984741211
2021-09-23,84.69999694824219,84.8499984741211,84.17500305175781,84.75
2021-09-24,84.75,87.5,84.05000305175781,87.2750015258789
2021-09-27,88.80000305175781,90.5,88.57499694824219,90.25
2021-09-28,90.55000305175781,92.0,89.82499694824219,91.67500305175781
2021-09-29,91.0,91.32499694824219,90.55000305175781,90.80000305175781
2021-09-30,91.92500305175781,92.2750015258789,91.3499984741211,91.5999984741211
2021-10-01,91.94999694824219,92.6500015258789,91.875,92.30000305175781
2021-10-04,92.44999694824219,92.5250015258789,90.30000305175781,90.80000305175781
2021-10-05,91.0,91.42500305175781,90.17500305175781,90.9749984741211
2021-10-06,90.0999984741211,90.25,89.57499694824219,89.625
2021-10-07,90.125,90.32499694824219,89.5250015258789,89.8499984741211
2021-10-08,90.0999984741211,90.6500015258789,90.07499694824219,90.25
2021-10-11,89.7750015258789,90.0250015258789,89.5250015258789,89.94999694824219
2021-10-12,89.5999984741211,89.67500305175781,88.94999694824219,89.07499694824219
2021-10-13,88.75,88.7750015258789,88.4749984741211,88.6500015258789
2021-10-14,88.2750015258789,88.3499984741211,88.125,88.19999694824219
2021-10-15,77.8499984741211,78.82499694824219,77.4000015258789,78.2750015258789
2021-10-18,77.5999984741211,79.4749984741211,77.4000015258789,78.75
2021-10-19,78.5,78.75,77.2750015258789,77.4000015258789
2021-10-20,77.19999694824219,78.2750015258789,75.92500305175781,76.0250015258789
2021-10-21,75.7750015258789,75.7750015258789,73.0999984741211,73.19999694824219
2021-10-22,73.19999694824219,74.19999694824219,72.875,73.32499694824219
2021-10-25,73.75,74.5,73.4749984741211,74.19999694824219
2021-10-26,73.5,73.82499694824219,72.5250015258789,72.57499694824219
2021-10-27,73.30000305175781,73.30000305175781,71.7750015258789,71.9749984741211
2021-10-28,72.42500305175781,75.375,71.80000305175781,75.19999694824219
2021-10-29,75.30000305175781,77.25,73.80000305175781,76.07499694824219
2021-11-01,76.69999694824219,76.9000015258789,75.44999694824219,76.1500015258789
2021-11-02,75.67500305175781,76.30000305175781,74.07499694824219,74.25
2021-11-03,75.05000305175781,76.05000305175781,74.5,75.94999694824219
2021-11-04,77.0,78.2249984741211,77.0,77.875
2021-11-05,77.80000305175781,77.8499984741211,76.2750015258789,76.55000305175781
2021-11-08,77.19999694824219,77.32499694824219,75.875,76.375
2021-11-09,76.4000015258789,76.4000015258789,74.875,74.94999694824219
2021-11-10,74.5,75.875,73.69999694824219,75.69999694824219
2021-11-11,75.2750015258789,76.2750015258789,74.7750015258789,75.375
2021-11-12,75.80000305175781,76.5250015258789,74.82499694824219,75.875
2021-11-15,75.82499694824219,76.19999694824219,75.125,75.80000305175781
2021-11-16,75.5250015258789,77.82499694824219,75.25,77.7249984741211
2021-11-17,76.4000015258789,76.9000015258789,75.92500305175781,76.17500305175781
2021-11-18,75.4000015258789,75.57499694824219,74.9749984741211,75.0999984741211
2021-11-19,75.375,75.7249984741211,73.5999984741211,73.75
2021-11-22,74.0,75.0250015258789,73.5999984741211,74.6500015258789
2021-11-23,74.625,74.69999694824219,73.9000015258789,74.1500015258789
2021-11-24,74.75,75.75,74.3499984741211,75.42500305175781
2021-11-26,75.0999984741211,75.9000015258789,73.05000305175781,73.19999694824219
2021-11-29,73.44999694824219,73.5250015258789,72.2750015258789,72.4000015258789
2021-11-30,72.6500015258789,73.94999694824219,72.07499694824219,73.375
2021-12-01,73.875,74.1500015258789,73.19999694824219,73.625
2021-12-02,73.9000015258789,74.80000305175781,72.9000015258789,74.4000015258789
2021-12-03,74.9749984741211,75.125,73.82499694824219,74.0
2021-12-06,73.55000305175781,73.57499694824219,72.0,72.05000305175781
2021-12-07,72.2249984741211,72.30000305175781,71.25,72.07499694824219
2021-12-08,71.5,71.6500015258789,70.19999694824219,70.82499694824219
2021-12-09,71.6500015258789,72.5250015258789,71.6500015258789,72.42500305175781
2021-12-10,72.2249984741211,73.2249984741211,72.2249984741211,73.05000305175781
2021-12-13,72.5999984741211,72.82499694824219,72.07499694824219,72.2750015258789
2021-12-14,72.125,72.30000305175781,72.0999984741211,72.17500305175781
2021-12-15,79.6500015258789,80.07499694824219,78.67500305175781,79.32499694824219
2021-12-16,79.67500305175781,80.80000305175781,79.5999984741211,80.3499984741211
2021-12-17,81.0999984741211,81.4749984741211,80.1500015258789,80.80000305175781
2021-12-20,80.2750015258789,80.2750015258789,79.17500305175781,79.4749984741211
2021-12-21,79.55000305175781,82.7750015258789,79.2750015258789,82.42500305175781
2021-12-22,82.55000305175781,83.5999984741211,82.44999694824219,83.3499984741211
2021-12-23,83.3499984741211,83.92500305175781,82.875,83.2249984741211
2021-12-27,84.2750015258789,84.6500015258789,83.0250015258789,83.6500015258789
2021-12-28,82.5250015258789,83.25,82.2750015258789,82.625
2021-12-29,82.7750015258789,84.2249984741211,82.57499694824219,83.82499694824219
2021-12-30,83.19999694824219,83.82499694824219,82.375,82.69999694824219
2021-12-31,83.25,83.55000305175781,81.19999694824219,81.4749984741211
2022-01-03,81.5250015258789,82.0,80.875,81.125
2022-01-04,80.7750015258789,82.30000305175781,80.0,80.1500015258789
2022-01-05,80.67500305175781,82.4749984741211,80.3499984741211,82.2750015258789
2022-01-06,82.69999694824219,84.05000305175781,82.5999984741211,82.94999694824219
2022-01-07,83.07499694824219,83.07499694824219,79.2750015258789,79.6500015258789
2022-01-10,79.7750015258789,79.9000015258789,78.2249984741211,78.375
2022-01-11,78.2750015258789,78.5,77.55000305175781,77.8499984741211
2022-01-12,78.0250015258789,79.5250015258789,77.67500305175781,78.8499984741211
2022-01-13,79.0,79.3499984741211,77.05000305175781,77.8499984741211
2022-01-14,78.9749984741211,81.2750015258789,78.5999984741211,80.9000015258789
2022-01-18,80.92500305175781,81.75,80.5,81.5999984741211
2022-01-19,81.57499694824219,82.55000305175781,81.19999694824219,82.30000305175781
2022-01-20,83.5250015258789,84.9749984741211,82.44999694824219,84.92500305175781
2022-01-21,84.69999694824219,86.57499694824219,84.19999694824219,86.19999694824219
2022-01-24,85.19999694824219,87.25,84.80000305175781,86.32499694824219
2022-01-25,86.80000305175781,87.82499694824219,86.32499694824219,87.44999694824219
2022-01-26,87.4749984741211,88.19999694824219,86.6500015258789,88.0250015258789
2022-01-27,87.9749984741211,88.0,86.55000305175781,87.0250015258789
2022-01-28,88.17500305175781,88.69999694824219,86.32499694824219,87.92500305175781
2022-01-31,87.92500305175781,88.75,87.7750015258789,88.4749984741211
2022-02-01,87.875,89.5,87.55000305175781,88.1500015258789
2022-02-02,88.5,88.75,87.0999984741211,87.3499984741211
2022-02-03,88.0999984741211,88.4000015258789,86.2750015258789,86.44999694824219
2022-02-04,86.5,87.875,86.30000305175781,87.0250015258789
2022-02-07,87.5250015258789,88.75,87.07499694824219,87.69999694824219
2022-02-08,88.1500015258789,90.55000305175781,87.9000015258789,90.32499694824219
2022-02-09,90.2249984741211,90.3499984741211,89.4749984741211,90.2249984741211
2022-02-10,90.7249984741211,90.8499984741211,90.125,90.17500305175781
2022-02-11,90.5,90.67500305175781,90.07499694824219,90.5
2022-02-14,91.1500015258789,91.6500015258789,91.05000305175781,91.625
2022-02-15,102.5999984741211,105.0999984741211,102.07499694824219,104.1500015258789
2022-02-16,105.0,106.5250015258789,104.75,105.4000015258789
2022-02-17,105.5,108.07499694824219,104.82499694824219,107.57499694824219
2022-02-18,109.32499694824219,109.82499694824219,107.92500305175781,109.4000015258789
2022-02-22,109.25,112.6500015258789,108.92500305175781,112.07499694824219
2022-02-23,112.19999694824219,112.8499984741211,107.7750015258789,108.0250015258789
2022-02-24,109.3499984741211,109.6500015258789,105.4000015258789,105.5250015258789
2022-02-25,105.5250015258789,106.42500305175781,103.55000305175781,103.67500305175781
2022-02-28,103.67500305175781,104.5,102.875,103.5
2022-03-01,103.6500015258789,106.75,103.0250015258789,106.19999694824219
2022-03-02,106.9000015258789,107.0999984741211,104.4000015258789,106.30000305175781
2022-03-03,107.44999694824219,107.44999694824219,105.05000305175781,105.19999694824219
2022-03-04,104.17500305175781,104.25,100.44999694824219,100.44999694824219
2022-03-07,100.0,102.7750015258789,98.4749984741211,100.2750015258789
2022-03-08,101.17500305175781,103.57499694824219,100.92500305175781,102.92500305175781
2022-03-09,103.19999694824219,103.30000305175781,100.7750015258789,101.1500015258789
2022-03-10,101.5,102.32499694824219,99.82499694824219,100.0999984741211
2022-03-11,100.1500015258789,103.0999984741211,99.9749984741211,102.7249984741211
2022-03-14,102.0,102.625,101.0999984741211,102.19999694824219
2022-03-15,102.7249984741211,102.7249984741211,101.5250015258789,102.4000015258789
2022-03-16,103.57499694824219,104.69999694824219,102.0250015258789,102.375
2022-03-17,102.625,102.82499694824219,99.875,100.3499984741211
2022-03-18,100.625,101.625,99.2249984741211,99.4000015258789
2022-03-21,99.875,101.94999694824219,99.57499694824219,100.625
2022-03-22,100.5,100.5,99.57499694824219,100.25
2022-03-23,101.4000015258789,102.75,101.4000015258789,102.55000305175781
2022-03-24,102.55000305175781,103.5250015258789,102.05000305175781,102.7750015258789
2022-03-25,103.67500305175781,107.5250015258789,103.3499984741211,107.4749984741211
2022-03-28,107.8499984741211,108.44999694824219,106.5250015258789,107.57499694824219
2022-03-29,106.57499694824219,106.67500305175781,105.0999984741211,106.05000305175781
2022-03-30,105.17500305175781,105.8499984741211,104.30000305175781,104.5250015258789
2022-03-31,105.8499984741211,105.8499984741211,101.6500015258789,101.75
2022-04-01,102.0999984741211,102.75,101.17500305175781,101.30000305175781
2022-04-04,101.07499694824219,101.19999694824219,99.25,99.44999694824219
2022-04-05,100.07499694824219,100.19999694824219,96.57499694824219,97.67500305175781
2022-04-06,98.32499694824219,98.92500305175781,97.4749984741211,98.75
2022-04-07,99.0,99.44999694824219,98.0999984741211,99.05000305175781
2022-04-08,99.0,99.17500305175781,98.32499694824219,99.0250015258789
2022-04-11,98.80000305175781,98.8499984741211,98.19999694824219,98.42500305175781
2022-04-12,98.75,99.80000305175781,98.67500305175781,99.625
2022-04-13,99.8499984741211,99.92500305175781,99.44999694824219,99.9000015258789
2022-04-14,99.94999694824219,99.9749984741211,99.7249984741211,99.875
2022-04-18,112.75,116.69999694824219,112.75,116.5250015258789
2022-04-19,115.625,117.05000305175781,114.5,114.69999694824219
2022-04-20,114.5,114.5,112.05000305175781,112.4749984741211
2022-04-21,112.2750015258789,112.67500305175781,110.0250015258789,110.8499984741211
2022-04-22,110.8499984741211,112.7750015258789,110.4000015258789,111.8499984741211
2022-04-25,110.5999984741211,110.7249984741211,107.0999984741211,107.80000305175781
2022-04-26,107.75,108.125,104.7249984741211,105.19999694824219
2022-04-27,105.4000015258789,105.7750015258789,103.9000015258789,104.17500305175781
2022-04-28,104.0250015258789,104.5250015258789,102.57499694824219,103.9749984741211
2022-04-29,103.4749984741211,103.4749984741211,100.57499694824219,100.9000015258789
2022-05-02,100.69999694824219,101.4749984741211,97.875,99.875
2022-05-03,100.17500305175781,101.2750015258789,99.0,99.7750015258789
2022-05-04,100.30000305175781,102.69999694824219,100.30000305175781,102.5999984741211
2022-05-05,102.5,102.9749984741211,102.05000305175781,102.80000305175781
2022-05-06,102.5,102.8499984741211,101.69999694824219,102.19999694824219
2022-05-09,101.42500305175781,101.42500305175781,100.2750015258789,100.875
2022-05-10,101.5250015258789,101.7750015258789,100.30000305175781,101.07499694824219
2022-05-11,100.5999984741211,100.94999694824219,100.2750015258789,100.92500305175781
2022-05-12,100.30000305175781,100.5,99.875,100.0999984741211
2022-05-13,99.92500305175781,100.1500015258789,99.9000015258789,100.0
2022-05-16,101.44999694824219,104.57499694824219,101.4000015258789,103.82499694824219
2022-05-17,104.19999694824219,105.44999694824219,102.5999984741211,105.1500015258789
2022-05-18,104.7750015258789,106.42500305175781,102.4749984741211,106.0999984741211
2022-05-19,105.80000305175781,106.4749984741211,105.0,105.30000305175781
2022-05-20,105.0,109.25,104.0,108.875
2022-05-23,109.3499984741211,110.75,108.5,110.375
2022-05-24,109.42500305175781,110.0,107.25,109.0250015258789
2022-05-25,109.875,111.17500305175781,108.05000305175781,109.05000305175781
2022-05-26,109.57499694824219,111.5999984741211,107.82499694824219,111.0999984741211
2022-05-27,110.42500305175781,111.57499694824219,109.9749984741211,110.4000015258789
2022-05-31,109.44999694824219,109.44999694824219,107.30000305175781,107.9749984741211
2022-06-01,109.0,110.125,108.5999984741211,109.80000305175781
2022-06-02,110.8499984741211,111.17500305175781,109.7750015258789,110.05000305175781
2022-06-03,110.5,110.69999694824219,109.875,110.19999694824219
2022-06-06,109.7750015258789,109.7750015258789,108.19999694824219,109.2249984741211
2022-06-07,108.67500305175781,109.0250015258789,108.125,108.42500305175781
2022-06-08,108.3499984741211,108.80000305175781,107.19999694824219,107.8499984741211
2022-06-09,106.80000305175781,107.1500015258789,106.05000305175781,106.9749984741211
2022-06-10,107.625,108.05000305175781,107.44999694824219,107.80000305175781
2022-06-13,107.80000305175781,108.125,107.625,108.0
2022-06-14,108.19999694824219,108.55000305175781,108.07499694824219,108.44999694824219
2022-06-15,106.0,108.8499984741211,105.625,108.2750015258789
2022-06-16,107.57499694824219,109.92500305175781,107.4749984741211,109.57499694824219
2022-06-17,110.80000305175781,111.4749984741211,110.07499694824219,111.0
2022-06-21,110.8499984741211,112.92500305175781,110.5,112.7249984741211
2022-06-22,112.5999984741211,112.875,111.5,111.8499984741211
2022-06-23,111.9000015258789,112.4000015258789,108.2750015258789,108.55000305175781
2022-06-24,109.30000305175781,111.32499694824219,109.0250015258789,110.92500305175781
2022-06-27,111.57499694824219,111.9749984741211,110.0999984741211,110.17500305175781
2022-06-28,109.875,110.55000305175781,109.42500305175781,109.92500305175781
2022-06-29,109.0999984741211,109.8499984741211,108.875,109.4000015258789
2022-06-30,109.80000305175781,110.6500015258789,108.57499694824219,109.125
2022-07-01,109.80000305175781,110.2750015258789,109.05000305175781,109.5999984741211
2022-07-05,110.0999984741211,112.57499694824219,110.0,112.1500015258789
2022-07-06,112.7750015258789,114.42500305175781,112.375,113.1500015258789
2022-07-07,113.375,113.57499694824219,112.67500305175781,113.25
2022-07-08,113.25,113.32499694824219,112.5999984741211,112.8499984741211
2022-07-11,113.25,113.4749984741211,112.5,113.1500015258789
2022-07-12,113.1500015258789,113.82499694824219,112.94999694824219,113.5999984741211
2022-07-13,114.19999694824219,114.75,114.0999984741211,114.5
2022-07-14,114.625,114.9749984741211,114.55000305175781,114.92500305175781
2022-07-15,114.75,115.0999984741211,114.69999694824219,114.9000015258789
2022-07-18,111.7750015258789,112.7249984741211,111.32499694824219,112.125
2022-07-19,111.5250015258789,113.2249984741211,110.69999694824219,112.82499694824219
2022-07-20,114.0,115.17500305175781,113.5999984741211,114.875
2022-07-21,115.94999694824219,116.8499984741211,115.375,116.30000305175781
2022-07-22,115.75,118.9000015258789,115.7249984741211,118.69999694824219
2022-07-25,118.05000305175781,118.44999694824219,115.55000305175781,117.2249984741211
2022-07-26,117.30000305175781,117.80000305175781,116.2750015258789,116.9749984741211
2022-07-27,117.55000305175781,118.80000305175781,117.5,118.5999984741211
2022-07-28,119.44999694824219,120.69999694824219,118.82499694824219,119.125
2022-07-29,118.9749984741211,120.9000015258789,118.82499694824219,120.6500015258789
2022-08-01,120.0,120.57499694824219,119.3499984741211,120.44999694824219
2022-08-02,120.67500305175781,120.69999694824219,119.625,119.8499984741211
2022-08-03,120.8499984741211,121.69999694824219,120.55000305175781,121.0
2022-08-04,120.4749984741211,121.3499984741211,120.05000305175781,120.6500015258789
2022-08-05,120.80000305175781,120.94999694824219,120.2249984741211,120.82499694824219
2022-08-08,121.0,121.9749984741211,120.4749984741211,121.80000305175781
2022-08-09,121.67500305175781,122.30000305175781,121.25,122.19999694824219
2022-08-10,122.4000015258789,122.4749984741211,122.0999984741211,122.25
2022-08-11,122.4000015258789,122.5250015258789,122.2249984741211,122.4000015258789
2022-08-12,122.19999694824219,122.3499984741211,121.67500305175781,121.7249984741211
2022-08-15,99.82499694824219,100.82499694824219,98.625,100.57499694824219
2022-08-16,100.5,101.17500305175781,96.30000305175781,96.57499694824219
2022-08-17,97.0,98.44999694824219,95.57499694824219,98.05000305175781
2022-08-18,97.4749984741211,97.5250015258789,93.30000305175781,93.30000305175781
2022-08-19,93.32499694824219,94.0,91.9000015258789,93.125
2022-08-22,92.75,95.0,92.125,93.9749984741211
2022-08-23,94.375,96.9749984741211,92.57499694824219,92.9000015258789
2022-08-24,91.9749984741211,92.5,90.25,90.375
2022-08-25,90.375,91.42500305175781,90.0,91.0999984741211
2022-08-26,90.80000305175781,91.5,90.2750015258789,90.6500015258789
2022-08-29,90.6500015258789,92.44999694824219,90.4000015258789,92.25
2022-08-30,91.75,94.4000015258789,91.75,93.5999984741211
2022-08-31,93.17500305175781,93.375,91.0,91.5250015258789
2022-09-01,91.0,92.42500305175781,90.75,91.94999694824219
2022-09-02,91.32499694824219,91.92500305175781,89.75,90.0250015258789
2022-09-06,90.0250015258789,91.25,89.57499694824219,91.0999984741211
2022-09-07,91.75,93.2249984741211,90.82499694824219,91.07499694824219
2022-09-08,91.0,92.3499984741211,89.125,92.125
2022-09-09,91.42500305175781,93.44999694824219,91.05000305175781,93.17500305175781
2022-09-12,92.7750015258789,93.25,91.375,91.875
2022-09-13,92.25,96.07499694824219,92.0,95.75
2022-09-14,95.44999694824219,96.0,94.5999984741211,94.69999694824219
2022-09-15,95.4749984741211,96.82499694824219,95.32499694824219,96.05000305175781
2022-09-16,95.5999984741211,96.92500305175781,95.44999694824219,96.9000015258789
2022-09-19,96.67500305175781,97.05000305175781,96.05000305175781,96.4749984741211
2022-09-20,96.44999694824219,97.44999694824219,95.55000305175781,95.9749984741211
2022-09-21,96.0,96.17500305175781,94.32499694824219,94.42500305175781
2022-09-22,94.5,95.0999984741211,93.75,94.125
2022-09-23,94.0250015258789,94.125,92.5250015258789,92.625
2022-09-26,92.625,93.07499694824219,89.2750015258789,90.375
2022-09-27,91.125,91.375,88.42500305175781,88.69999694824219
2022-09-28,89.05000305175781,89.7750015258789,88.2750015258789,89.375
2022-09-29,89.9749984741211,90.92500305175781,89.4000015258789,89.44999694824219
2022-09-30,90.2249984741211,90.4000015258789,88.8499984741211,89.2249984741211
2022-10-03,88.7249984741211,90.32499694824219,88.5250015258789,88.7750015258789
2022-10-04,89.2750015258789,89.3499984741211,86.19999694824219,87.0
2022-10-05,87.9000015258789,91.0,87.5250015258789,90.80000305175781
2022-10-06,91.32499694824219,92.4749984741211,91.25,92.375
2022-10-07,92.6500015258789,93.0999984741211,91.8499984741211,92.94999694824219
2022-10-10,93.17500305175781,93.92500305175781,93.07499694824219,93.75
2022-10-11,93.4749984741211,93.4749984741211,92.75,93.0250015258789
2022-10-12,93.19999694824219,93.25,92.7750015258789,93.0999984741211
2022-10-13,93.2249984741211,93.55000305175781,93.2249984741211,93.42500305175781
2022-10-14,93.4749984741211,93.5999984741211,93.32499694824219,93.375
2022-10-17,82.4749984741211,85.0999984741211,81.4000015258789,84.94999694824219
2022-10-18,84.9749984741211,86.75,84.6500015258789,86.4749984741211
2022-10-19,86.7249984741211,87.5,86.25,87.375
2022-10-20,87.30000305175781,87.375,86.05000305175781,87.0250015258789
2022-10-21,86.9000015258789,89.80000305175781,86.5999984741211,89.125
2022-10-24,88.5250015258789,88.9000015258789,87.67500305175781,87.92500305175781
2022-10-25,88.125,89.0250015258789,87.2750015258789,88.44999694824219
2022-10-26,88.125,89.55000305175781,87.7750015258789,88.5
2022-10-27,87.875,88.2750015258789,84.67500305175781,85.125
2022-10-28,85.6500015258789,86.6500015258789,84.7750015258789,86.0999984741211
2022-10-31,86.625,86.82499694824219,84.42500305175781,84.92500305175781
2022-11-01,84.6500015258789,85.8499984741211,84.6500015258789,85.19999694824219
2022-11-02,84.5,84.8499984741211,83.25,83.30000305175781
2022-11-03,83.30000305175781,84.75,83.19999694824219,83.375
2022-11-04,84.17500305175781,84.17500305175781,82.82499694824219,82.9749984741211
2022-11-07,82.9749984741211,87.57499694824219,82.9000015258789,87.05000305175781
2022-11-08,87.0,87.05000305175781,84.82499694824219,85.57499694824219
2022-11-09,85.05000305175781,86.1500015258789,84.57499694824219,85.2750015258789
2022-11-10,85.07499694824219,85.2750015258789,84.2750015258789,84.875
2022-11-11,85.05000305175781,85.69999694824219,83.80000305175781,84.3499984741211
2022-11-14,84.9749984741211,85.94999694824219,84.3499984741211,84.875
2022-11-15,84.9000015258789,86.57499694824219,84.5999984741211,85.32499694824219
2022-11-16,85.4000015258789,86.17500305175781,84.80000305175781,85.57499694824219
2022-11-17,85.05000305175781,86.0999984741211,84.5999984741211,84.9749984741211
2022-11-18,84.75,85.05000305175781,83.92500305175781,84.2249984741211
2022-11-21,84.5,84.625,83.4749984741211,83.80000305175781
2022-11-22,83.7249984741211,85.0250015258789,83.6500015258789,84.25
2022-11-23,84.0999984741211,85.0,83.82499694824219,83.94999694824219
2022-11-25,83.94999694824219,84.67500305175781,83.5250015258789,83.7750015258789
2022-11-28,83.5,83.57499694824219,80.55000305175781,80.5999984741211
2022-11-29,81.17500305175781,81.6500015258789,80.75,81.07499694824219
2022-11-30,81.0,83.2249984741211,80.94999694824219,82.9000015258789
2022-12-01,82.9749984741211,83.5,82.32499694824219,83.125
2022-12-02,82.875,83.1500015258789,82.3499984741211,82.42500305175781
2022-12-05,82.82499694824219,82.94999694824219,81.7249984741211,82.07499694824219
2022-12-06,81.5250015258789,82.9000015258789,81.1500015258789,82.2750015258789
2022-12-07,82.82499694824219,83.17500305175781,82.32499694824219,82.375
2022-12-08,82.0999984741211,82.0999984741211,81.5,82.0
2022-12-09,81.5250015258789,81.875,81.1500015258789,81.57499694824219
2022-12-12,81.82499694824219,82.69999694824219,81.67500305175781,81.94999694824219
2022-12-13,81.9000015258789,82.55000305175781,81.7750015258789,82.4000015258789
2022-12-14,82.55000305175781,82.57499694824219,82.1500015258789,82.32499694824219
2022-12-15,83.0999984741211,83.30000305175781,81.5250015258789,81.6500015258789
2022-12-16,81.6500015258789,86.2750015258789,81.6500015258789,85.7750015258789
2022-12-19,84.9749984741211,86.55000305175781,84.82499694824219,85.69999694824219
2022-12-20,85.25,85.55000305175781,84.0,84.25
2022-12-21,83.9000015258789,88.875,83.9000015258789,88.4000015258789
2022-12-22,88.2750015258789,89.32499694824219,86.875,89.05000305175781
2022-12-23,88.44999694824219,89.19999694824219,87.0999984741211,87.82499694824219
2022-12-27,87.69999694824219,91.5999984741211,87.69999694824219,91.4749984741211
2022-12-28,90.4749984741211,91.4749984741211,90.2249984741211,90.80000305175781
2022-12-29,89.7750015258789,90.5,88.5,88.67500305175781
2022-12-30,88.67500305175781,88.67500305175781,87.25,87.69999694824219
2023-01-03,87.42500305175781,87.9749984741211,84.5999984741211,85.07499694824219
2023-01-04,84.875,86.0250015258789,83.4749984741211,84.07499694824219
2023-01-05,83.55000305175781,83.9749984741211,81.5999984741211,82.5250015258789
2023-01-06,82.32499694824219,82.3499984741211,80.125,80.2750015258789
2023-01-09,80.3499984741211,81.625,79.69999694824219,80.80000305175781
2023-01-10,80.17500305175781,80.5999984741211,79.3499984741211,79.80000305175781
2023-01-11,79.80000305175781,80.1500015258789,78.82499694824219,79.30000305175781
2023-01-12,79.0999984741211,80.07499694824219,77.57499694824219,78.75
2023-01-13,78.55000305175781,79.4000015258789,77.67500305175781,78.6500015258789
2023-01-17,78.82499694824219,79.9000015258789,77.875,78.44999694824219
2023-01-18,77.75,78.5,77.125,77.32499694824219
2023-01-19,77.17500305175781,77.6500015258789,76.4000015258789,76.6500015258789
2023-01-20,77.1500015258789,78.55000305175781,76.9000015258789,77.82499694824219
2023-01-23,77.8499984741211,78.19999694824219,77.07499694824219,77.57499694824219
2023-01-24,78.0,78.0999984741211,76.42500305175781,77.0999984741211
2023-01-25,77.1500015258789,77.3499984741211,76.30000305175781,76.80000305175781
2023-01-26,76.7249984741211,77.42500305175781,75.5999984741211,77.0250015258789
2023-01-27,76.9749984741211,77.07499694824219,75.82499694824219,75.875
2023-01-30,75.625,75.82499694824219,75.07499694824219,75.1500015258789
2023-01-31,75.1500015258789,75.2750015258789,74.5999984741211,74.875
2023-02-01,74.75,75.125,73.55000305175781,73.9749984741211
2023-02-02,74.3499984741211,75.625,74.3499984741211,75.3499984741211
2023-02-03,75.3499984741211,75.9000015258789,74.875,75.0250015258789
2023-02-06,74.7750015258789,75.625,74.4749984741211,75.05000305175781
2023-02-07,75.17500305175781,75.57499694824219,74.9000015258789,75.375
2023-02-08,74.9749984741211,76.19999694824219,74.92500305175781,75.92500305175781
2023-02-09,75.67500305175781,76.19999694824219,75.5250015258789,75.82499694824219
2023-02-10,75.80000305175781,76.07499694824219,75.69999694824219,75.875
2023-02-13,75.80000305175781,75.94999694824219,75.69999694824219,75.82499694824219
2023-02-14,75.75,75.82499694824219,75.6500015258789,75.67500305175781
2023-02-15,86.67500305175781,87.3499984741211,85.8499984741211,86.5
2023-02-16,85.94999694824219,86.2249984741211,85.0999984741211,85.7750015258789
2023-02-17,85.875,87.0999984741211,85.19999694824219,85.2750015258789
2023-02-21,86.25,89.875,86.25,89.0999984741211
2023-02-22,88.125,88.32499694824219,86.17500305175781,86.55000305175781
2023-02-23,86.44999694824219,86.6500015258789,85.375,86.19999694824219
2023-02-24,87.0999984741211,87.30000305175781,85.67500305175781,86.0250015258789
2023-02-27,85.94999694824219,86.875,84.4749984741211,84.7249984741211
2023-02-28,85.0250015258789,85.67500305175781,84.2249984741211,85.17500305175781
2023-03-01,84.82499694824219,85.3499984741211,84.07499694824219,84.94999694824219
2023-03-02,85.5,85.875,83.625,83.8499984741211
2023-03-03,83.7750015258789,85.07499694824219,83.5250015258789,84.55000305175781
2023-03-06,84.0999984741211,84.9749984741211,83.30000305175781,83.4749984741211
2023-03-07,83.82499694824219,84.875,83.19999694824219,84.80000305175781
2023-03-08,84.4749984741211,86.17500305175781,84.2249984741211,85.75
2023-03-09,85.19999694824219,86.32499694824219,84.17500305175781,85.07499694824219
2023-03-10,85.0,87.5,85.0,87.44999694824219
2023-03-13,86.7249984741211,87.42500305175781,85.75,86.2249984741211
2023-03-14,86.2249984741211,86.32499694824219,85.0250015258789,85.4000015258789
2023-03-15,85.19999694824219,85.4000015258789,83.57499694824219,83.75
2023-03-16,83.5,83.75,79.0999984741211,79.44999694824219
2023-03-17,79.8499984741211,80.75,78.30000305175781,79.875
2023-03-20,78.69999694824219,79.0250015258789,77.42500305175781,77.7750015258789
2023-03-21,77.57499694824219,78.0999984741211,77.0,77.05000305175781
2023-03-22,77.0999984741211,77.5,75.94999694824219,76.07499694824219
2023-03-23,76.07499694824219,76.44999694824219,75.125,75.75
2023-03-24,75.75,77.5250015258789,75.625,77.17500305175781
2023-03-27,77.2249984741211,79.94999694824219,77.17500305175781,78.625
2023-03-28,78.0,78.25,77.4000015258789,77.75
2023-03-29,77.1500015258789,77.5999984741211,76.6500015258789,76.7750015258789
2023-03-30,76.7750015258789,77.30000305175781,76.3499984741211,76.44999694824219
2023-03-31,76.0,76.4000015258789,75.0,75.25
2023-04-03,74.69999694824219,75.25,74.125,74.5250015258789
2023-04-04,74.5250015258789,75.25,72.0999984741211,72.2249984741211
2023-04-05,71.9749984741211,74.30000305175781,71.9749984741211,73.4000015258789
2023-04-06,73.4000015258789,74.25,73.375,74.1500015258789
2023-04-10,73.5,73.9000015258789,73.30000305175781,73.375
2023-04-11,73.0,73.30000305175781,72.8499984741211,73.05000305175781
2023-04-12,72.9749984741211,73.1500015258789,72.0250015258789,72.30000305175781
2023-04-13,72.0,72.17500305175781,71.5,71.5999984741211
2023-04-14,71.9000015258789,71.92500305175781,71.57499694824219,71.75
2023-04-17,71.8499984741211,71.92500305175781,71.75,71.875
2023-04-18,80.8499984741211,81.0999984741211,78.5,78.82499694824219
2023-04-19,78.7249984741211,79.42500305175781,77.9000015258789,78.7750015258789
2023-04-20,78.25,78.25,76.75,76.82499694824219
2023-04-21,77.25,77.5,76.57499694824219,77.0250015258789
2023-04-24,77.17500305175781,78.1500015258789,77.05000305175781,77.69999694824219
2023-04-25,77.17500305175781,77.5,76.82499694824219,76.875
2023-04-26,77.0,78.4000015258789,76.5250015258789,78.2750015258789
2023-04-27,78.4000015258789,78.57499694824219,77.3499984741211,78.125
2023-04-28,78.17500305175781,79.80000305175781,78.17500305175781,79.6500015258789
2023-05-01,79.4000015258789,79.55000305175781,78.80000305175781,79.30000305175781
2023-05-02,78.82499694824219,79.0999984741211,78.0999984741211,78.17500305175781
2023-05-03,78.80000305175781,78.9000015258789,78.07499694824219,78.1500015258789
2023-05-04,77.75,77.82499694824219,77.0,77.07499694824219
2023-05-05,76.69999694824219,76.69999694824219,75.30000305175781,75.5250015258789
2023-05-08,75.67500305175781,76.0,75.55000305175781,75.625
2023-05-09,75.6500015258789,76.44999694824219,75.6500015258789,76.2750015258789
2023-05-10,76.5,76.9749984741211,76.42500305175781,76.57499694824219
2023-05-11,76.67500305175781,76.94999694824219,76.55000305175781,76.5999984741211
2023-05-12,76.625,77.125,76.625,76.625
2023-05-15,84.05000305175781,86.94999694824219,83.82499694824219,86.1500015258789
2023-05-16,86.0999984741211,87.3499984741211,86.07499694824219,87.19999694824219
2023-05-17,87.5999984741211,87.82499694824219,84.32499694824219,84.875
2023-05-18,84.875,85.75,83.3499984741211,85.30000305175781
2023-05-19,84.5250015258789,84.92500305175781,82.82499694824219,83.0250015258789
2023-05-22,83.44999694824219,83.82499694824219,81.67500305175781,81.82499694824219
2023-05-23,81.82499694824219,82.17500305175781,79.7750015258789,80.67500305175781
2023-05-24,80.67500305175781,81.4749984741211,79.4000015258789,79.80000305175781
2023-05-25,79.1500015258789,79.25,77.0250015258789,77.6500015258789
2023-05-26,77.25,77.7249984741211,75.44999694824219,76.07499694824219
2023-05-30,76.57499694824219,80.82499694824219,76.55000305175781,80.82499694824219
2023-05-31,81.32499694824219,82.92500305175781,81.32499694824219,82.57499694824219
2023-06-01,83.0250015258789,84.0250015258789,82.1500015258789,83.55000305175781
2023-06-02,84.0,87.0,83.8499984741211,86.7249984741211
2023-06-05,85.5,86.05000305175781,84.82499694824219,85.32499694824219
2023-06-06,86.07499694824219,88.5250015258789,86.07499694824219,88.30000305175781
2023-06-07,87.5,88.30000305175781,87.125,87.69999694824219
2023-06-08,87.25,87.875,86.69999694824219,87.67500305175781
2023-06-09,87.3499984741211,88.0,87.19999694824219,87.875
2023-06-12,87.5,87.9000015258789,87.0999984741211,87.17500305175781
2023-06-13,87.0999984741211,87.42500305175781,86.80000305175781,87.125
2023-06-14,87.32499694824219,87.44999694824219,87.05000305175781,87.19999694824219
2023-06-15,92.5,94.30000305175781,91.17500305175781,91.92500305175781
2023-06-16,92.0999984741211,93.7249984741211,92.0999984741211,92.8499984741211
2023-06-20,94.5,95.9749984741211,94.25,95.8499984741211
2023-06-21,94.5,96.30000305175781,94.30000305175781,94.75
2023-06-22,94.75,95.5,91.69999694824219,91.8499984741211
2023-06-23,91.9000015258789,93.75,90.80000305175781,91.2750015258789
2023-06-26,92.19999694824219,94.7750015258789,92.19999694824219,93.4000015258789
2023-06-27,93.82499694824219,94.75,92.625,94.125
2023-06-28,94.30000305175781,94.92500305175781,93.94999694824219,94.2750015258789
2023-06-29,93.9000015258789,95.5999984741211,93.625,95.44999694824219
2023-06-30,94.75,96.125,94.5,95.6500015258789
2023-07-03,95.69999694824219,98.3499984741211,95.5250015258789,97.82499694824219
2023-07-05,98.5,101.7750015258789,98.5,101.2750015258789
2023-07-06,101.30000305175781,103.69999694824219,99.80000305175781,100.05000305175781
2023-07-07,99.55000305175781,99.6500015258789,98.0999984741211,99.0
2023-07-10,99.5,99.80000305175781,98.55000305175781,98.80000305175781
2023-07-11,99.0,101.4749984741211,99.0,101.2750015258789
2023-07-12,101.75,102.4749984741211,100.75,101.17500305175781
2023-07-13,101.5,102.375,101.5,102.3499984741211
2023-07-14,102.0,102.32499694824219,101.625,101.9749984741211
2023-07-17,102.42500305175781,102.5,102.32499694824219,102.3499984741211
2023-07-18,95.0,97.6500015258789,94.92500305175781,96.2750015258789
2023-07-19,96.6500015258789,98.32499694824219,96.0250015258789,97.92500305175781
2023-07-20,98.5,101.8499984741211,98.5,100.625
2023-07-21,101.17500305175781,101.875,100.4000015258789,100.67500305175781
2023-07-24,101.0,101.4000015258789,99.94999694824219,100.0999984741211
2023-07-25,101.05000305175781,101.9749984741211,100.55000305175781,101.6500015258789
2023-07-26,100.7750015258789,102.0,100.30000305175781,101.6500015258789
2023-07-27,101.6500015258789,102.1500015258789,101.4000015258789,102.0250015258789
2023-07-28,102.32499694824219,103.42500305175781,102.32499694824219,103.19999694824219
2023-07-31,102.69999694824219,104.2750015258789,102.17500305175781,104.125
2023-08-01,104.4000015258789,104.94999694824219,103.375,103.67500305175781
2023-08-02,103.82499694824219,104.125,102.25,102.67500305175781
2023-08-03,101.875,101.94999694824219,100.7750015258789,101.0
2023-08-04,101.30000305175781,101.69999694824219,100.5,101.0250015258789
2023-08-07,101.30000305175781,101.80000305175781,100.6500015258789,101.5250015258789
2023-08-08,102.125,102.6500015258789,101.69999694824219,102.0999984741211
2023-08-09,101.9000015258789,102.0,101.32499694824219,101.6500015258789
2023-08-10,101.4000015258789,101.80000305175781,101.30000305175781,101.7249984741211
2023-08-11,101.75,102.1500015258789,101.5999984741211,102.0999984741211
2023-08-14,101.8499984741211,102.25,101.7750015258789,102.25
2023-08-15,79.0,79.875,77.94999694824219,78.19999694824219
2023-08-16,78.4000015258789,78.7249984741211,77.75,78.17500305175781
2023-08-17,78.2750015258789,80.07499694824219,78.2750015258789,79.1500015258789
2023-08-18,79.82499694824219,82.3499984741211,79.82499694824219,82.125
2023-08-21,82.4749984741211,82.4749984741211,80.4000015258789,80.625
2023-08-22,80.55000305175781,81.2249984741211,79.17500305175781,79.57499694824219
2023-08-23,79.4000015258789,80.3499984741211,78.42500305175781,78.55000305175781
2023-08-24,78.3499984741211,80.80000305175781,78.25,80.4749984741211
2023-08-25,81.25,83.125,79.125,79.82499694824219
2023-08-28,78.9000015258789,81.92500305175781,78.8499984741211,81.8499984741211
2023-08-29,81.9749984741211,82.19999694824219,80.55000305175781,80.7249984741211
2023-08-30,80.07499694824219,83.82499694824219,79.5250015258789,83.5999984741211
2023-08-31,83.5999984741211,84.25,81.7249984741211,82.55000305175781
2023-09-01,82.80000305175781,83.375,81.9749984741211,83.05000305175781
2023-09-05,83.7249984741211,84.7249984741211,83.05000305175781,83.17500305175781
2023-09-06,84.0999984741211,84.125,81.57499694824219,81.875
2023-09-07,82.5999984741211,83.7750015258789,82.42500305175781,82.82499694824219
2023-09-08,82.80000305175781,82.82499694824219,80.94999694824219,81.5250015258789
2023-09-11,82.0999984741211,83.30000305175781,81.80000305175781,82.55000305175781
2023-09-12,83.17500305175781,85.3499984741211,82.9749984741211,85.2750015258789
2023-09-13,85.375,85.5999984741211,83.67500305175781,83.9749984741211
2023-09-14,83.32499694824219,84.2249984741211,82.82499694824219,83.3499984741211
2023-09-15,83.42500305175781,84.0250015258789,82.94999694824219,83.125
2023-09-18,82.94999694824219,83.80000305175781,81.875,83.25
2023-09-19,83.5,85.2249984741211,83.375,84.8499984741211
2023-09-20,84.9749984741211,86.125,84.2750015258789,85.7750015258789
2023-09-21,84.9000015258789,84.94999694824219,82.7249984741211,82.94999694824219
2023-09-22,82.94999694824219,83.25,81.19999694824219,81.5250015258789
2023-09-25,81.75,81.92500305175781,81.05000305175781,81.5250015258789
2023-09-26,81.875,82.4749984741211,81.4000015258789,81.625
2023-09-27,81.625,82.75,81.5,82.125
2023-09-28,82.0,84.125,82.0,83.94999694824219
2023-09-29,82.5999984741211,82.5999984741211,80.19999694824219,80.19999694824219
2023-10-02,80.19999694824219,80.4749984741211,79.5999984741211,79.8499984741211
2023-10-03,79.94999694824219,80.3499984741211,79.5999984741211,79.9749984741211
2023-10-04,79.80000305175781,80.4000015258789,79.30000305175781,79.92500305175781
2023-10-05,80.0,80.9749984741211,80.0,80.9000015258789
2023-10-06,80.3499984741211,82.4000015258789,80.25,82.32499694824219
2023-10-09,81.75,82.17500305175781,81.32499694824219,81.9749984741211
2023-10-10,82.30000305175781,82.5,81.9000015258789,81.94999694824219
2023-10-11,81.8499984741211,82.42500305175781,81.8499984741211,82.1500015258789
2023-10-12,82.1500015258789,82.19999694824219,81.94999694824219,82.0999984741211
2023-10-13,82.0,82.0999984741211,81.8499984741211,81.92500305175781
2023-10-16,69.0,69.9000015258789,68.125,68.30000305175781
2023-10-17,69.0,70.07499694824219,67.30000305175781,67.55000305175781
2023-10-18,67.55000305175781,68.19999694824219,67.32499694824219,68.0250015258789
2023-10-19,68.3499984741211,69.44999694824219,67.32499694824219,68.0
2023-10-20,67.57499694824219,67.67500305175781,65.4000015258789,66.0
2023-10-23,66.0250015258789,67.0999984741211,65.67500305175781,66.17500305175781
2023-10-24,66.5,67.4000015258789,65.94999694824219,66.375
2023-10-25,66.5,68.1500015258789,65.7249984741211,67.5
2023-10-26,67.69999694824219,68.69999694824219,67.42500305175781,68.625
2023-10-27,68.30000305175781,70.625,68.2249984741211,70.4749984741211
2023-10-30,70.92500305175781,71.92500305175781,70.25,71.17500305175781
2023-10-31,71.69999694824219,71.80000305175781,70.5999984741211,71.7249984741211
2023-11-01,71.25,72.07499694824219,69.94999694824219,70.1500015258789
2023-11-02,70.375,73.375,70.07499694824219,73.2750015258789
2023-11-03,73.30000305175781,73.625,71.5250015258789,71.75
2023-11-06,71.75,72.82499694824219,71.625,72.4000015258789
2023-11-07,73.0,74.2750015258789,72.42500305175781,72.9000015258789
2023-11-08,72.3499984741211,72.8499984741211,71.25,71.5
2023-11-09,71.8499984741211,72.5,71.0999984741211,71.44999694824219
2023-11-10,71.7750015258789,73.125,70.625,71.9000015258789
2023-11-13,72.55000305175781,73.80000305175781,71.5250015258789,73.3499984741211
2023-11-14,72.80000305175781,73.0,72.05000305175781,72.30000305175781
2023-11-15,72.25,72.375,70.92500305175781,71.05000305175781
2023-11-16,71.0250015258789,71.5999984741211,70.0999984741211,71.4749984741211
2023-11-17,71.05000305175781,71.75,70.7750015258789,70.9749984741211
2023-11-20,71.07499694824219,71.7249984741211,70.125,70.3499984741211
2023-11-21,70.0,70.2750015258789,68.125,68.17500305175781
2023-11-22,68.2249984741211,68.625,68.05000305175781,68.2750015258789
2023-11-24,68.0999984741211,68.2249984741211,67.0,67.57499694824219
2023-11-27,67.57499694824219,68.4749984741211,67.17500305175781,67.875
2023-11-28,68.30000305175781,69.375,68.0250015258789,68.92500305175781
2023-11-29,69.0999984741211,69.25,68.2249984741211,68.9749984741211
2023-11-30,68.9749984741211,69.4000015258789,68.67500305175781,68.7750015258789
2023-12-01,68.92500305175781,69.0999984741211,68.375,68.5999984741211
2023-12-04,68.5999984741211,69.0,67.82499694824219,68.05000305175781
2023-12-05,67.75,67.8499984741211,66.7750015258789,66.82499694824219
2023-12-06,67.1500015258789,67.7249984741211,66.8499984741211,67.55000305175781
2023-12-07,66.9000015258789,67.69999694824219,66.7249984741211,67.55000305175781
2023-12-08,67.5,68.5,67.25,68.42500305175781
2023-12-11,68.44999694824219,68.7750015258789,67.9749984741211,68.25
2023-12-12,68.17500305175781,68.25,67.69999694824219,67.82499694824219
2023-12-13,67.5,68.0,67.25,67.92500305175781
2023-12-14,67.75,67.8499984741211,67.1500015258789,67.17500305175781
2023-12-15,70.55000305175781,71.9749984741211,69.4749984741211,71.9000015258789
2023-12-18,71.57499694824219,72.44999694824219,71.0,71.57499694824219
2023-12-19,70.82499694824219,71.6500015258789,70.25,70.55000305175781
2023-12-20,69.94999694824219,70.92500305175781,69.75,70.2249984741211
2023-12-21,70.4749984741211,71.25,70.125,70.6500015258789
2023-12-22,70.57499694824219,71.9749984741211,70.30000305175781,71.3499984741211
2023-12-26,70.9000015258789,70.9000015258789,69.0250015258789,69.30000305175781
2023-12-27,69.0,70.19999694824219,68.42500305175781,69.875
2023-12-28,69.875,70.4749984741211,68.0250015258789,68.44999694824219
2023-12-29,68.6500015258789,69.07499694824219,67.6500015258789,67.9749984741211
2024-01-02,68.94999694824219,68.94999694824219,64.67500305175781,65.32499694824219
2024-01-03,65.7750015258789,66.19999694824219,64.57499694824219,65.30000305175781
2024-01-04,65.44999694824219,69.05000305175781,65.0,69.05000305175781
2024-01-05,68.7750015258789,70.5,68.0,70.0
2024-01-08,69.75,70.7750015258789,68.94999694824219,70.5999984741211
2024-01-09,70.3499984741211,73.05000305175781,70.2750015258789,71.875
2024-01-10,71.30000305175781,72.2249984741211,70.5,72.07499694824219
2024-01-11,72.19999694824219,73.05000305175781,71.42500305175781,72.5999984741211
2024-01-12,71.92500305175781,72.5999984741211,71.2750015258789,71.9000015258789
2024-01-16,71.4000015258789,71.8499984741211,70.125,70.7750015258789
2024-01-17,71.0250015258789,71.67500305175781,70.0250015258789,71.44999694824219
2024-01-18,71.9000015258789,71.94999694824219,70.625,71.0999984741211
2024-01-19,71.25,71.25,70.625,70.75
2024-01-22,70.80000305175781,71.0999984741211,70.2750015258789,70.92500305175781
2024-01-23,71.4000015258789,73.82499694824219,70.7249984741211,73.30000305175781
2024-01-24,72.5999984741211,73.94999694824219,72.5,73.9000015258789
2024-01-25,74.0,74.5999984741211,73.625,74.30000305175781
2024-01-26,73.8499984741211,75.32499694824219,73.80000305175781,74.92500305175781
2024-01-29,74.75,75.30000305175781,74.32499694824219,75.2750015258789
2024-01-30,74.8499984741211,76.32499694824219,74.8499984741211,75.8499984741211
2024-01-31,75.44999694824219,76.5999984741211,75.3499984741211,76.3499984741211
2024-02-01,76.1500015258789,76.67500305175781,75.69999694824219,75.80000305175781
2024-02-02,75.875,76.07499694824219,75.32499694824219,75.44999694824219
2024-02-05,75.30000305175781,75.30000305175781,74.2750015258789,74.4000015258789
2024-02-06,74.1500015258789,74.25,73.2249984741211,73.4749984741211
2024-02-07,73.9000015258789,74.5,73.2750015258789,73.375
2024-02-08,73.375,73.625,73.07499694824219,73.30000305175781
2024-02-09,73.6500015258789,73.9000015258789,73.5,73.67500305175781
2024-02-12,73.5999984741211,73.9000015258789,73.1500015258789,73.57499694824219
2024-02-13,74.0250015258789,74.375,73.94999694824219,74.2249984741211
2024-02-14,74.5,75.2249984741211,74.4749984741211,75.17500305175781
2024-02-15,85.07499694824219,85.7750015258789,84.6500015258789,85.0
2024-02-16,85.5999984741211,85.6500015258789,84.5250015258789,85.2249984741211
2024-02-20,86.2249984741211,87.0999984741211,85.42500305175781,85.67500305175781
2024-02-21,85.42500305175781,86.30000305175781,85.3499984741211,85.9749984741211
2024-02-22,85.92500305175781,88.9000015258789,85.875,87.19999694824219
2024-02-23,87.8499984741211,88.32499694824219,87.05000305175781,87.19999694824219
2024-02-26,86.82499694824219,87.05000305175781,85.5250015258789,86.2750015258789
2024-02-27,86.0999984741211,86.7750015258789,85.80000305175781,85.9000015258789
2024-02-28,86.5250015258789,87.19999694824219,85.75,86.0
2024-02-29,86.0,87.125,85.875,86.625
2024-03-01,86.625,88.25,85.6500015258789,88.07499694824219
2024-03-04,88.0999984741211,88.0999984741211,86.1500015258789,86.2750015258789
2024-03-05,86.2750015258789,86.3499984741211,84.625,85.17500305175781
2024-03-06,84.8499984741211,85.19999694824219,83.875,85.0
2024-03-07,85.3499984741211,85.44999694824219,84.375,84.5250015258789
2024-03-08,84.5,85.0999984741211,84.0999984741211,84.375
2024-03-11,84.69999694824219,84.92500305175781,83.1500015258789,83.2750015258789
2024-03-12,83.5250015258789,85.57499694824219,83.2750015258789,85.3499984741211
2024-03-13,85.0,85.0250015258789,83.92500305175781,84.875
2024-03-14,84.80000305175781,85.30000305175781,84.3499984741211,85.0250015258789
2024-03-15,85.25,87.5250015258789,84.94999694824219,86.92500305175781
2024-03-18,86.69999694824219,87.32499694824219,86.32499694824219,86.82499694824219
2024-03-19,86.5,86.69999694824219,85.25,85.82499694824219
2024-03-20,86.1500015258789,86.25,85.17500305175781,85.30000305175781
2024-03-21,85.30000305175781,85.625,84.5250015258789,84.9000015258789
2024-03-22,84.92500305175781,85.25,84.125,84.57499694824219
2024-03-25,84.5999984741211,85.75,84.4000015258789,85.1500015258789
2024-03-26,85.69999694824219,86.4000015258789,85.44999694824219,85.57499694824219
2024-03-27,85.9000015258789,86.44999694824219,85.7750015258789,86.0999984741211
2024-03-28,85.94999694824219,87.0999984741211,85.75,86.625
2024-04-01,86.2750015258789,87.92500305175781,86.0250015258789,86.94999694824219
2024-04-02,87.2249984741211,87.3499984741211,86.42500305175781,86.55000305175781
2024-04-03,87.1500015258789,88.32499694824219,87.1500015258789,87.9749984741211
2024-04-04,87.80000305175781,88.4000015258789,87.67500305175781,88.3499984741211
2024-04-05,88.7750015258789,89.4000015258789,88.7750015258789,89.32499694824219
2024-04-08,89.3499984741211,89.8499984741211,89.0250015258789,89.75
2024-04-09,89.9000015258789,90.67500305175781,89.82499694824219,90.5999984741211
2024-04-10,91.42500305175781,91.80000305175781,91.1500015258789,91.75
2024-04-11,91.2249984741211,91.625,91.19999694824219,91.44999694824219
2024-04-12,91.4000015258789,91.44999694824219,90.82499694824219,90.875
2024-04-15,94.0999984741211,94.5999984741211,93.17500305175781,94.32499694824219
2024-04-16,94.44999694824219,95.69999694824219,94.25,94.7249984741211
2024-04-17,94.75,95.125,94.0,94.92500305175781
2024-04-18,94.5,94.875,93.6500015258789,94.7249984741211
2024-04-19,94.7249984741211,96.3499984741211,94.625,96.2249984741211
2024-04-22,96.0999984741211,97.0,96.0,96.69999694824219
2024-04-23,97.05000305175781,98.9749984741211,96.80000305175781,98.57499694824219
2024-04-24,97.94999694824219,98.4749984741211,97.2750015258789,97.3499984741211
2024-04-25,96.75,96.75,95.0,95.2750015258789
2024-04-26,95.0,95.0,93.94999694824219,94.2750015258789
2024-04-29,93.9749984741211,94.25,93.4749984741211,94.0250015258789
2024-04-30,94.19999694824219,94.69999694824219,93.5250015258789,94.1500015258789
2024-05-01,94.4000015258789,94.5,92.80000305175781,93.0250015258789
2024-05-02,92.7750015258789,93.125,92.44999694824219,93.07499694824219
2024-05-03,93.0250015258789,93.0250015258789,92.4000015258789,92.42500305175781
2024-05-06,92.2750015258789,92.4000015258789,91.875,92.17500305175781
2024-05-07,92.69999694824219,93.0999984741211,92.30000305175781,92.5250015258789
2024-05-08,92.3499984741211,92.8499984741211,92.0,92.5250015258789
2024-05-09,92.3499984741211,92.6500015258789,91.82499694824219,91.9749984741211
2024-05-10,91.8499984741211,91.9749984741211,91.5999984741211,91.7249984741211
2024-05-13,91.57499694824219,91.7249984741211,91.4000015258789,91.44999694824219
2024-05-14,91.7750015258789,91.875,91.67500305175781,91.82499694824219
2024-05-15,98.5999984741211,98.625,97.0,97.5
2024-05-16,97.375,100.0999984741211,96.42500305175781,98.375
2024-05-17,98.25,98.25,96.17500305175781,96.5
2024-05-20,96.67500305175781,97.375,96.125,96.92500305175781
2024-05-21,96.19999694824219,96.92500305175781,95.75,96.4000015258789
2024-05-22,96.4000015258789,96.4000015258789,95.125,95.4000015258789
2024-05-23,95.19999694824219,96.0,94.32499694824219,94.5250015258789
2024-05-24,94.44999694824219,94.80000305175781,94.05000305175781,94.2750015258789
2024-05-28,94.07499694824219,94.32499694824219,93.25,93.80000305175781
2024-05-29,94.82499694824219,94.92500305175781,93.5250015258789,93.7750015258789
2024-05-30,93.7750015258789,95.0,93.5250015258789,93.9749984741211
2024-05-31,94.19999694824219,94.5999984741211,93.57499694824219,94.3499984741211
2024-06-03,94.9000015258789,94.94999694824219,93.5,93.6500015258789
2024-06-04,93.5,93.5999984741211,92.42500305175781,92.69999694824219
2024-06-05,92.57499694824219,92.9000015258789,92.0,92.0999984741211
2024-06-06,91.80000305175781,92.375,91.80000305175781,92.1500015258789
2024-06-07,92.25,92.67500305175781,92.0,92.5250015258789
2024-06-10,92.19999694824219,92.57499694824219,92.125,92.25
2024-06-11,92.25,92.30000305175781,91.8499984741211,91.94999694824219
2024-06-12,91.94999694824219,92.5,91.92500305175781,92.0250015258789
2024-06-13,91.7249984741211,91.875,91.625,91.75
2024-06-14,91.44999694824219,91.4749984741211,91.1500015258789,91.17500305175781
2024-06-17,94.44999694824219,95.82499694824219,94.44999694824219,95.375
2024-06-18,95.3499984741211,95.5250015258789,93.6500015258789,93.7750015258789
2024-06-20,93.1500015258789,93.4000015258789,90.80000305175781,91.1500015258789
2024-06-21,91.44999694824219,92.125,91.05000305175781,92.05000305175781
2024-06-24,91.80000305175781,91.80000305175781,89.7249984741211,89.94999694824219
2024-06-25,90.1500015258789,90.9749984741211,88.80000305175781,89.0
2024-06-26,88.7750015258789,90.25,88.6500015258789,89.9000015258789
2024-06-27,89.9000015258789,90.57499694824219,88.875,89.44999694824219
2024-06-28,89.8499984741211,90.07499694824219,88.9000015258789,89.57499694824219
2024-07-01,89.6500015258789,90.75,89.05000305175781,89.19999694824219
2024-07-02,89.0999984741211,89.7750015258789,88.9749984741211,89.2249984741211
2024-07-03,89.25,90.07499694824219,89.25,89.75
2024-07-05,89.7249984741211,90.4749984741211,89.6500015258789,89.875
2024-07-08,89.5999984741211,89.9000015258789,89.42500305175781,89.67500305175781
2024-07-09,89.75,89.9749984741211,89.2249984741211,89.32499694824219
2024-07-10,88.8499984741211,89.0999984741211,88.4000015258789,88.44999694824219
2024-07-11,88.44999694824219,88.67500305175781,88.3499984741211,88.55000305175781
2024-07-12,88.55000305175781,88.9000015258789,88.55000305175781,88.69999694824219
2024-07-15,88.80000305175781,88.8499984741211,88.625,88.6500015258789
2024-07-16,88.57499694824219,91.44999694824219,88.57499694824219,91.2750015258789
2024-07-17,91.75,92.57499694824219,91.0999984741211,91.6500015258789
2024-07-18,90.7249984741211,91.92500305175781,90.6500015258789,91.375
2024-07-19,91.375,92.17500305175781,90.82499694824219,91.57499694824219
2024-07-22,91.57499694824219,92.4749984741211,91.42500305175781,92.375
2024-07-23,92.75,94.07499694824219,92.69999694824219,93.6500015258789
2024-07-24,93.0250015258789,94.375,92.9749984741211,93.7750015258789
2024-07-25,94.0,94.32499694824219,92.875,93.7750015258789
2024-07-26,94.07499694824219,94.0999984741211,93.375,93.4749984741211
2024-07-29,93.05000305175781,93.05000305175781,90.625,91.44999694824219
2024-07-30,91.67500305175781,91.9000015258789,90.69999694824219,91.19999694824219
2024-07-31,91.375,92.3499984741211,91.07499694824219,92.2750015258789
2024-08-01,92.2750015258789,93.30000305175781,92.125,93.1500015258789
2024-08-02,93.0,93.1500015258789,92.07499694824219,92.19999694824219
2024-08-05,91.7750015258789,91.94999694824219,90.9000015258789,91.1500015258789
2024-08-06,91.30000305175781,92.3499984741211,91.0250015258789,91.2750015258789
2024-08-07,91.17500305175781,91.2249984741211,90.4000015258789,90.5999984741211
2024-08-08,90.0,90.4000015258789,89.75,90.0250015258789
2024-08-09,89.82499694824219,90.0,89.75,89.80000305175781
2024-08-12,89.80000305175781,90.05000305175781,89.7249984741211,90.0250015258789
2024-08-13,89.75,89.9749984741211,89.6500015258789,89.9000015258789
2024-08-14,90.0,90.30000305175781,90.0,90.0999984741211
2024-08-15,75.4000015258789,76.875,74.82499694824219,76.5
2024-08-16,76.4749984741211,76.7249984741211,74.67500305175781,75.07499694824219
2024-08-19,74.8499984741211,77.2750015258789,74.75,76.80000305175781
2024-08-20,76.2249984741211,76.92500305175781,76.07499694824219,76.4000015258789
2024-08-21,76.67500305175781,78.125,75.69999694824219,76.1500015258789
2024-08-22,75.2249984741211,79.7750015258789,74.92500305175781,79.625
2024-08-23,79.55000305175781,80.92500305175781,79.44999694824219,80.55000305175781
2024-08-26,80.5999984741211,81.44999694824219,79.7750015258789,80.4000015258789
2024-08-27,79.9000015258789,82.4749984741211,79.67500305175781,82.07499694824219
2024-08-28,81.80000305175781,82.42500305175781,81.5250015258789,81.67500305175781
2024-08-29,81.375,82.30000305175781,81.0999984741211,82.17500305175781
2024-08-30,82.125,83.0,81.92500305175781,82.2249984741211
2024-09-03,82.25,83.0,80.75,82.5250015258789
2024-09-04,82.82499694824219,83.375,81.42500305175781,81.57499694824219
2024-09-05,81.125,81.7750015258789,80.44999694824219,80.69999694824219
2024-09-06,80.5999984741211,81.30000305175781,79.42500305175781,79.5
2024-09-09,79.94999694824219,80.0250015258789,78.4749984741211,78.80000305175781
2024-09-10,79.19999694824219,79.55000305175781,78.19999694824219,78.55000305175781
2024-09-11,79.0,79.80000305175781,78.4749984741211,79.75
2024-09-12,79.44999694824219,80.1500015258789,78.875,78.9000015258789
2024-09-13,79.2249984741211,79.75,78.2750015258789,78.44999694824219
2024-09-16,78.7249984741211,80.67500305175781,78.5999984741211,79.92500305175781
2024-09-17,80.19999694824219,82.07499694824219,80.19999694824219,81.7750015258789
2024-09-18,81.94999694824219,82.30000305175781,81.2750015258789,82.05000305175781
2024-09-19,81.92500305175781,82.4000015258789,81.7249984741211,82.25
2024-09-20,82.2750015258789,82.6500015258789,81.94999694824219,82.2249984741211
2024-09-23,82.2249984741211,82.55000305175781,81.875,82.30000305175781
2024-09-24,82.5,83.05000305175781,81.9749984741211,82.125
2024-09-25,81.9749984741211,82.69999694824219,81.9749984741211,82.4749984741211
2024-09-26,82.5250015258789,82.5250015258789,81.2750015258789,82.0250015258789
2024-09-27,81.80000305175781,82.9000015258789,81.5,82.05000305175781
2024-09-30,82.05000305175781,82.5,81.7249984741211,82.25
2024-10-01,82.55000305175781,83.7750015258789,82.4749984741211,83.5
2024-10-02,83.8499984741211,84.75,83.7249984741211,84.67500305175781
2024-10-03,84.375,84.4000015258789,83.7750015258789,84.17500305175781
2024-10-04,84.07499694824219,84.5,83.7750015258789,84.0250015258789
2024-10-07,83.8499984741211,84.05000305175781,83.625,83.9749984741211
2024-10-08,84.0999984741211,84.4000015258789,83.9749984741211,84.125
2024-10-09,84.0999984741211,84.17500305175781,83.69999694824219,83.92500305175781
2024-10-10,83.9749984741211,84.19999694824219,83.9000015258789,84.0250015258789
2024-10-11,84.05000305175781,84.17500305175781,83.94999694824219,84.07499694824219
2024-10-14,84.0,84.125,83.94999694824219,84.0999984741211
2024-10-15,75.80000305175781,76.2750015258789,75.0999984741211,75.2249984741211
2024-10-16,75.4000015258789,77.8499984741211,75.2249984741211,77.69999694824219
2024-10-17,77.69999694824219,78.42500305175781,77.05000305175781,77.67500305175781
2024-10-18,77.8499984741211,78.375,77.2750015258789,77.82499694824219
2024-10-21,77.8499984741211,78.4749984741211,76.80000305175781,78.2750015258789
2024-10-22,78.8499984741211,79.44999694824219,78.25,79.125
2024-10-23,79.0,80.2249984741211,78.875,80.17500305175781
2024-10-24,79.80000305175781,80.30000305175781,78.42500305175781,78.6500015258789
2024-10-25,78.8499984741211,79.7249984741211,78.17500305175781,79.67500305175781
2024-10-28,79.75,80.82499694824219,79.19999694824219,80.625
2024-10-29,81.5,83.0,81.25,82.82499694824219
2024-10-30,83.0,84.6500015258789,83.0,84.375
2024-10-31,84.6500015258789,84.67500305175781,83.6500015258789,83.80000305175781
2024-11-01,84.5250015258789,85.07499694824219,83.875,84.07499694824219
2024-11-04,84.55000305175781,84.82499694824219,82.8499984741211,83.2249984741211
2024-11-05,82.92500305175781,82.9749984741211,81.07499694824219,81.125
2024-11-06,81.0250015258789,82.3499984741211,80.82499694824219,82.125
2024-11-07,81.94999694824219,81.94999694824219,81.0,81.19999694824219
2024-11-08,80.5,81.17500305175781,79.80000305175781,80.42500305175781
2024-11-11,81.0,82.19999694824219,80.875,81.7750015258789
2024-11-12,81.94999694824219,83.42500305175781,81.94999694824219,82.3499984741211
2024-11-13,81.9749984741211,82.0250015258789,80.7750015258789,81.875
2024-11-14,82.30000305175781,82.3499984741211,79.4000015258789,80.0999984741211
2024-11-15,80.0,80.5999984741211,79.0999984741211,79.5
2024-11-18,80.07499694824219,80.55000305175781,79.5999984741211,80.0250015258789
2024-11-19,80.0250015258789,80.44999694824219,78.9000015258789,79.55000305175781
2024-11-20,79.75,80.75,79.25,80.5250015258789
2024-11-21,80.5250015258789,81.55000305175781,80.2750015258789,80.80000305175781
2024-11-22,80.625,81.75,80.42500305175781,81.67500305175781
2024-11-25,81.57499694824219,82.42500305175781,81.32499694824219,81.9749984741211
2024-11-26,82.07499694824219,83.32499694824219,81.7750015258789,83.0999984741211
2024-11-27,82.9749984741211,83.5999984741211,82.2750015258789,82.4000015258789
2024-11-29,82.19999694824219,83.0,81.75,82.07499694824219
2024-12-02,82.25,83.2750015258789,82.19999694824219,83.2249984741211
2024-12-03,83.5999984741211,83.875,83.125,83.25
2024-12-04,83.1500015258789,83.19999694824219,82.19999694824219,82.5
2024-12-05,82.4749984741211,82.7750015258789,82.25,82.42500305175781
2024-12-06,82.0999984741211,83.5,81.94999694824219,83.30000305175781
2024-12-09,83.05000305175781,83.375,82.67500305175781,82.9000015258789
2024-12-10,83.25,83.3499984741211,82.67500305175781,82.92500305175781
2024-12-11,83.32499694824219,83.55000305175781,83.32499694824219,83.5
2024-12-12,83.69999694824219,83.69999694824219,83.4749984741211,83.55000305175781
2024-12-13,83.625,83.75,83.55000305175781,83.7249984741211
2024-12-16,85.82499694824219,86.5999984741211,82.67500305175781,83.55000305175781
2024-12-17,83.9000015258789,84.4000015258789,82.75,83.19999694824219
2024-12-18,83.19999694824219,83.9749984741211,83.0999984741211,83.69999694824219
2024-12-19,84.25,84.625,83.5,83.625
2024-12-20,84.05000305175781,86.0,83.67500305175781,85.92500305175781
2024-12-23,85.69999694824219,86.07499694824219,83.3499984741211,84.375
2024-12-24,84.25,84.7750015258789,83.5,84.375
2024-12-26,84.3499984741211,84.69999694824219,83.69999694824219,84.19999694824219
2024-12-27,84.19999694824219,84.9749984741211,83.625,84.1500015258789
2024-12-30,84.0,84.1500015258789,80.9000015258789,81.625
2024-12-31,82.0,82.0,80.0,81.30000305175781
2025-01-02,80.9749984741211,81.82499694824219,80.0,81.1500015258789
2025-01-03,80.5999984741211,81.5,79.5,80.7750015258789
2025-01-06,80.75,81.125,79.32499694824219,79.6500015258789
2025-01-07,79.625,80.17500305175781,78.82499694824219,79.17500305175781
2025-01-08,79.17500305175781,79.80000305175781,78.44999694824219,79.4749984741211
2025-01-09,80.0999984741211,82.4749984741211,80.0,81.7750015258789
2025-01-10,81.7750015258789,83.0,81.4749984741211,82.55000305175781
2025-01-13,82.7750015258789,83.80000305175781,82.42500305175781,83.17500305175781
2025-01-14,83.17500305175781,83.875,82.9000015258789,83.625
2025-01-15,83.5,83.6500015258789,82.875,83.125
2025-01-16,83.0,83.2249984741211,82.0250015258789,82.30000305175781
2025-01-17,82.30000305175781,82.30000305175781,80.8499984741211,81.125
2025-01-21,81.7750015258789,82.2249984741211,80.92500305175781,81.19999694824219
2025-01-22,81.0999984741211,81.69999694824219,81.0,81.4749984741211
2025-01-23,81.5250015258789,82.5,81.17500305175781,82.125
2025-01-24,82.4000015258789,82.5999984741211,82.05000305175781,82.30000305175781
2025-01-27,82.0999984741211,83.1500015258789,82.07499694824219,83.05000305175781
2025-01-28,83.32499694824219,83.94999694824219,83.2249984741211,83.9000015258789
2025-01-29,84.0,84.44999694824219,83.7249984741211,83.9000015258789
2025-01-30,84.0,84.67500305175781,83.94999694824219,84.375
2025-01-31,83.8499984741211,85.19999694824219,83.4000015258789,84.17500305175781
2025-02-03,84.2750015258789,84.5999984741211,83.1500015258789,84.32499694824219
2025-02-04,84.55000305175781,85.4000015258789,84.5,85.07499694824219
2025-02-05,85.44999694824219,86.7249984741211,85.42500305175781,86.6500015258789
2025-02-06,86.6500015258789,86.7750015258789,86.125,86.6500015258789
2025-02-07,86.80000305175781,87.30000305175781,86.80000305175781,87.25
2025-02-10,87.19999694824219,87.7249984741211,87.17500305175781,87.69999694824219
2025-02-11,88.125,88.7750015258789,88.125,88.7249984741211
2025-02-12,89.07499694824219,89.5250015258789,89.0,89.44999694824219
2025-02-13,89.375,89.44999694824219,89.07499694824219,89.375
2025-02-14,89.5999984741211,89.7249984741211,89.4000015258789,89.4749984741211
2025-02-18,93.3499984741211,94.69999694824219,93.0250015258789,93.19999694824219
2025-02-19,92.5999984741211,92.69999694824219,89.625,89.75
2025-02-20,89.5,90.375,88.4000015258789,88.5250015258789
2025-02-21,88.5250015258789,89.1500015258789,87.5999984741211,87.67500305175781
2025-02-24,88.17500305175781,88.32499694824219,87.32499694824219,87.4000015258789
2025-02-25,87.5250015258789,87.6500015258789,86.375,86.57499694824219
2025-02-26,86.7249984741211,88.5999984741211,86.57499694824219,88.30000305175781
2025-02-27,87.19999694824219,87.2750015258789,84.30000305175781,84.375
2025-02-28,84.875,85.55000305175781,83.5999984741211,83.67500305175781
2025-03-03,84.30000305175781,84.67500305175781,82.7249984741211,83.69999694824219
2025-03-04,82.94999694824219,82.9749984741211,80.7249984741211,82.3499984741211
2025-03-05,83.69999694824219,85.32499694824219,82.875,84.69999694824219
2025-03-06,84.19999694824219,87.55000305175781,83.5,86.6500015258789
2025-03-07,86.6500015258789,87.5,86.375,87.3499984741211
2025-03-10,87.32499694824219,88.42500305175781,87.0999984741211,88.30000305175781
2025-03-11,88.05000305175781,88.4000015258789,86.32499694824219,86.55000305175781
2025-03-12,86.4000015258789,87.4000015258789,85.82499694824219,86.5
2025-03-13,86.0250015258789,86.82499694824219,85.1500015258789,85.625
2025-03-14,86.19999694824219,87.07499694824219,85.0250015258789,86.625
2025-03-17,87.19999694824219,88.5999984741211,87.1500015258789,88.07499694824219
2025-03-18,87.94999694824219,88.19999694824219,86.32499694824219,87.5999984741211
2025-03-19,86.82499694824219,87.17500305175781,85.25,85.57499694824219
2025-03-20,85.67500305175781,86.4749984741211,85.2249984741211,85.55000305175781
2025-03-21,85.55000305175781,86.92500305175781,85.375,86.125
2025-03-24,86.30000305175781,86.32499694824219,85.2750015258789,85.69999694824219
2025-03-25,86.30000305175781,87.0999984741211,86.30000305175781,86.6500015258789
2025-03-26,86.6500015258789,87.5999984741211,86.07499694824219,87.55000305175781
2025-03-27,86.80000305175781,87.125,86.2249984741211,87.0250015258789
2025-03-28,87.7249984741211,87.75,86.2249984741211,86.69999694824219
2025-03-31,86.875,87.8499984741211,86.55000305175781,87.7249984741211
2025-04-01,87.5999984741211,88.32499694824219,87.2750015258789,87.375
2025-04-02,87.375,87.6500015258789,87.17500305175781,87.44999694824219
2025-04-03,86.8499984741211,88.1500015258789,86.55000305175781,87.375
2025-04-04,87.19999694824219,87.92500305175781,86.9000015258789,87.375
2025-04-07,87.125,87.9749984741211,87.125,87.80000305175781
2025-04-08,87.80000305175781,87.9749984741211,87.80000305175781,87.82499694824219
2025-04-09,87.5,87.55000305175781,86.9000015258789,86.9749984741211
2025-04-10,86.8499984741211,86.8499984741211,85.94999694824219,86.0
2025-04-11,85.55000305175781,85.69999694824219,85.42500305175781,85.42500305175781
2025-04-14,85.5,85.5999984741211,85.4000015258789,85.4749984741211
2025-04-15,87.69999694824219,89.0,87.5999984741211,88.19999694824219
2025-04-16,88.2750015258789,90.25,88.2750015258789,90.1500015258789
2025-04-17,89.9749984741211,91.1500015258789,89.4749984741211,90.4000015258789
2025-04-21,90.5250015258789,91.3499984741211,90.5250015258789,91.0250015258789
2025-04-22,91.17500305175781,92.2750015258789,90.82499694824219,92.2249984741211
2025-04-23,92.2750015258789,92.55000305175781,91.5250015258789,91.875
2025-04-24,91.57499694824219,92.0250015258789,90.32499694824219,91.94999694824219
2025-04-25,92.3499984741211,93.0,91.9000015258789,92.80000305175781
2025-04-28,92.875,93.4000015258789,92.1500015258789,92.94999694824219
2025-04-29,92.75,92.875,92.07499694824219,92.55000305175781
2025-04-30,92.2750015258789,92.5,91.32499694824219,91.92500305175781
2025-05-01,91.55000305175781,92.6500015258789,91.44999694824219,92.4000015258789
2025-05-02,92.25,93.05000305175781,91.9000015258789,92.94999694824219
2025-05-05,92.5,93.05000305175781,92.1500015258789,92.25
2025-05-06,91.75,91.7750015258789,91.05000305175781,91.55000305175781
2025-05-07,91.19999694824219,91.44999694824219,90.69999694824219,91.1500015258789
2025-05-08,91.0250015258789,91.0250015258789,90.55000305175781,90.6500015258789
2025-05-09,90.5999984741211,90.75,90.125,90.375
2025-05-12,90.9749984741211,91.19999694824219,90.5999984741211,90.7249984741211
2025-05-13,90.5999984741211,91.0250015258789,90.55000305175781,90.9749984741211
2025-05-14,90.9000015258789,91.0,90.7750015258789,91.0
2025-05-15,98.5,100.94999694824219,97.75,100.69999694824219
2025-05-16,100.875,101.5999984741211,100.0999984741211,100.32499694824219
2025-05-19,100.19999694824219,100.2249984741211,98.7750015258789,99.25
2025-05-20,99.625,100.0999984741211,98.5250015258789,100.0250015258789
2025-05-21,99.8499984741211,100.5999984741211,99.17500305175781,99.5250015258789
2025-05-22,99.25,99.6500015258789,98.625,98.69999694824219
2025-05-23,98.42500305175781,98.80000305175781,97.9749984741211,98.30000305175781
2025-05-27,98.55000305175781,99.4000015258789,97.75,99.0999984741211
2025-05-28,99.625,100.30000305175781,98.82499694824219,100.2750015258789
2025-05-29,100.0,100.55000305175781,99.8499984741211,100.0250015258789
2025-05-30,100.25,101.4000015258789,100.0250015258789,101.32499694824219
2025-06-02,101.5250015258789,101.75,100.69999694824219,100.8499984741211
2025-06-03,100.7750015258789,100.875,100.0250015258789,100.2249984741211
2025-06-04,100.30000305175781,100.42500305175781,99.92500305175781,99.9749984741211
2025-06-05,100.25,100.9000015258789,100.0,100.8499984741211
2025-06-06,101.17500305175781,102.69999694824219,101.1500015258789,102.625
2025-06-09,102.69999694824219,102.82499694824219,102.3499984741211,102.7750015258789
2025-06-10,102.80000305175781,103.2249984741211,102.75,103.1500015258789
2025-06-11,103.17500305175781,103.55000305175781,103.125,103.375
2025-06-12,103.55000305175781,103.9000015258789,103.4749984741211,103.6500015258789
2025-06-13,103.69999694824219,103.8499984741211,103.6500015258789,103.69999694824219
2025-06-16,110.1500015258789,112.05000305175781,109.875,111.80000305175781
2025-06-17,112.0999984741211,112.5,111.30000305175781,111.6500015258789
2025-06-18,112.25,112.9000015258789,111.19999694824219,112.17500305175781
2025-06-20,112.17500305175781,113.0250015258789,111.69999694824219,112.7750015258789
2025-06-23,113.2249984741211,113.69999694824219,112.5999984741211,113.44999694824219
2025-06-24,113.19999694824219,113.3499984741211,111.75,112.2249984741211
2025-06-25,111.9749984741211,113.07499694824219,111.5,112.82499694824219
2025-06-26,113.05000305175781,113.05000305175781,112.2249984741211,112.32499694824219
2025-06-27,111.6500015258789,113.2750015258789,111.30000305175781,113.25
2025-06-30,112.2750015258789,112.4000015258789,109.92500305175781,110.0999984741211
2025-07-01,110.0250015258789,110.0250015258789,108.69999694824219,109.0
2025-07-02,108.69999694824219,110.0999984741211,108.19999694824219,109.6500015258789
2025-07-03,109.05000305175781,109.2249984741211,107.6500015258789,107.9749984741211
2025-07-07,107.57499694824219,107.7750015258789,106.875,106.94999694824219
2025-07-08,107.2750015258789,107.625,106.82499694824219,106.9749984741211
2025-07-09,106.69999694824219,107.55000305175781,106.67500305175781,107.0999984741211
2025-07-10,107.125,107.32499694824219,106.94999694824219,107.25
2025-07-11,107.55000305175781,107.6500015258789,106.625,106.7249984741211
2025-07-14,106.7249984741211,106.94999694824219,106.19999694824219,106.69999694824219
2025-07-15,106.9749984741211,107.0999984741211,106.82499694824219,106.8499984741211
2025-07-16,104.55000305175781,105.4749984741211,104.2750015258789,104.42500305175781
2025-07-17,105.0,106.07499694824219,104.67500305175781,105.82499694824219
2025-07-18,106.4749984741211,106.5999984741211,105.57499694824219,106.4749984741211
2025-07-21,106.8499984741211,107.42500305175781,105.875,107.3499984741211
2025-07-22,107.7750015258789,108.05000305175781,107.25,107.75
2025-07-23,107.75,108.57499694824219,107.0,108.4749984741211
2025-07-24,108.2750015258789,108.9000015258789,108.0250015258789,108.19999694824219
2025-07-25,108.19999694824219,108.80000305175781,107.375,108.69999694824219
2025-07-28,108.82499694824219,108.8499984741211,108.07499694824219,108.5250015258789
2025-07-29,108.25,108.30000305175781,107.07499694824219,107.25
2025-07-30,107.0,107.55000305175781,106.67500305175781,107.0250015258789
2025-07-31,107.0999984741211,107.7750015258789,106.875,107.125
2025-08-01,107.05000305175781,107.5,106.19999694824219,107.3499984741211
2025-08-04,107.6500015258789,108.375,107.32499694824219,108.17500305175781
2025-08-05,108.44999694824219,109.0250015258789,108.4000015258789,108.7750015258789
2025-08-06,109.19999694824219,109.5999984741211,108.44999694824219,108.875
2025-08-07,108.80000305175781,109.17500305175781,108.55000305175781,108.7750015258789
2025-08-08,109.0,109.19999694824219,108.69999694824219,108.9000015258789
2025-08-11,109.0,109.7249984741211,108.92500305175781,109.67500305175781
2025-08-12,109.75,110.0250015258789,109.5,109.55000305175781
2025-08-13,109.42500305175781,109.69999694824219,109.32499694824219,109.625
2025-08-14,109.625,109.7249984741211,109.55000305175781,109.6500015258789
2025-08-15,89.125,90.44999694824219,88.82499694824219,90.0999984741211
2025-08-18,90.30000305175781,90.625,89.5,90.125
2025-08-19,90.05000305175781,90.4000015258789,89.30000305175781,90.1500015258789
2025-08-20,89.5,90.55000305175781,88.5999984741211,89.94999694824219
2025-08-21,90.05000305175781,90.4749984741211,89.57499694824219,89.92500305175781
2025-08-22,90.17500305175781,92.0250015258789,90.0,91.19999694824219
2025-08-25,91.5,91.9749984741211,90.92500305175781,91.4000015258789
2025-08-26,91.5,93.55000305175781,91.375,93.42500305175781
2025-08-27,93.42500305175781,94.82499694824219,93.4000015258789,93.9000015258789
2025-08-28,93.75,94.4749984741211,93.625,94.2750015258789
2025-08-29,94.42500305175781,95.19999694824219,93.9749984741211,95.0250015258789
2025-09-02,95.19999694824219,96.0,94.92500305175781,95.55000305175781
2025-09-03,95.55000305175781,95.69999694824219,93.75,93.82499694824219
2025-09-04,94.25,95.4000015258789,94.05000305175781,95.0250015258789
2025-09-05,95.0250015258789,96.9749984741211,94.9000015258789,96.0250015258789
2025-09-08,96.2750015258789,96.375,95.0999984741211,95.1500015258789
2025-09-09,95.55000305175781,96.4000015258789,95.375,96.125
2025-09-10,95.8499984741211,97.75,95.8499984741211,96.82499694824219
2025-09-11,97.0250015258789,98.44999694824219,96.94999694824219,98.17500305175781
2025-09-12,98.2750015258789,98.44999694824219,96.7249984741211,97.125
2025-09-15,97.75,98.17500305175781,97.42500305175781,97.5250015258789
2025-09-16,97.8499984741211,98.9000015258789,97.19999694824219,97.375
2025-09-17,97.375,97.9000015258789,97.19999694824219,97.32499694824219
2025-09-18,97.32499694824219,97.80000305175781,97.07499694824219,97.4749984741211
2025-09-19,97.94999694824219,98.19999694824219,97.375,97.9749984741211
2025-09-22,97.9749984741211,98.94999694824219,97.9000015258789,98.80000305175781
2025-09-23,99.32499694824219,100.57499694824219,99.17500305175781,100.5250015258789
2025-09-24,100.44999694824219,100.55000305175781,99.0250015258789,99.42500305175781
2025-09-25,99.4749984741211,100.80000305175781,99.2750015258789,100.0999984741211
2025-09-26,101.0999984741211,101.67500305175781,100.69999694824219,101.5
2025-09-29,101.94999694824219,101.94999694824219,100.6500015258789,101.1500015258789
2025-09-30,100.8499984741211,100.8499984741211,99.67500305175781,99.8499984741211
2025-10-01,99.80000305175781,99.875,98.25,98.42500305175781
2025-10-02,98.5999984741211,98.9000015258789,98.0250015258789,98.67500305175781
2025-10-03,98.6500015258789,99.2249984741211,98.5999984741211,98.9749984741211
2025-10-06,98.9000015258789,99.0,98.125,98.32499694824219
2025-10-07,98.1500015258789,98.32499694824219,97.625,97.8499984741211
2025-10-08,97.55000305175781,98.17500305175781,97.375,97.625
2025-10-09,97.42500305175781,97.7249984741211,96.9749984741211,97.0
2025-10-10,96.8499984741211,97.07499694824219,96.69999694824219,97.0
2025-10-13,97.25,97.7249984741211,97.125,97.42500305175781
2025-10-14,97.19999694824219,97.5,97.05000305175781,97.4749984741211
2025-10-15,83.3499984741211,84.3499984741211,83.30000305175781,83.5999984741211
2025-10-16,83.0999984741211,83.5999984741211,82.44999694824219,82.5999984741211
2025-10-17,83.0,83.07499694824219,82.0999984741211,82.375
2025-10-20,82.42500305175781,82.875,82.05000305175781,82.07499694824219
2025-10-21,82.5999984741211,84.05000305175781,82.0250015258789,83.2750015258789
2025-10-22,82.92500305175781,83.125,82.32499694824219,82.4000015258789
2025-10-23,82.375,83.0,81.7249984741211,81.7750015258789
2025-10-24,82.07499694824219,82.69999694824219,81.67500305175781,81.9000015258789
2025-10-27,82.5,82.57499694824219,81.2750015258789,81.5
2025-10-28,81.57499694824219,82.44999694824219,80.4749984741211,80.82499694824219
2025-10-29,81.25,82.17500305175781,80.6500015258789,80.7750015258789
2025-10-30,80.94999694824219,81.3499984741211,80.3499984741211,80.82499694824219
2025-10-31,81.125,81.67500305175781,80.7249984741211,81.2750015258789
2025-11-03,81.7249984741211,81.7249984741211,79.7750015258789,80.5999984741211
2025-11-04,80.5999984741211,81.2750015258789,79.375,79.92500305175781
2025-11-05,80.0999984741211,80.9749984741211,79.92500305175781,80.5999984741211
2025-11-06,80.4000015258789,81.17500305175781,78.875,78.9749984741211
2025-11-07,79.5,79.9749984741211,78.80000305175781,79.4000015258789
2025-11-10,80.0,83.1500015258789,80.0,82.7750015258789
2025-11-11,82.32499694824219,83.25,82.30000305175781,82.3499984741211
2025-11-12,82.0,82.2750015258789,80.5,80.625
2025-11-13,80.2750015258789,80.4000015258789,77.8499984741211,78.07499694824219
2025-11-14,78.0,79.5,77.92500305175781,78.5
2025-11-17,78.5,79.125,78.3499984741211,78.57499694824219
2025-11-18,78.94999694824219,79.4749984741211,77.5,77.9000015258789
2025-11-19,77.80000305175781,79.69999694824219,77.7750015258789,78.8499984741211
2025-11-20,78.55000305175781,79.625,78.4000015258789,79.4749984741211
2025-11-21,78.92500305175781,78.92500305175781,77.625,77.80000305175781
2025-11-24,77.875,78.9749984741211,77.3499984741211,78.19999694824219
2025-11-25,78.2750015258789,78.92500305175781,78.17500305175781,78.44999694824219
2025-11-26,78.67500305175781,80.69999694824219,78.5,80.42500305175781
2025-11-28,81.0,81.32499694824219,80.2750015258789,80.5999984741211
2025-12-01,80.7750015258789,81.4749984741211,80.19999694824219,80.2249984741211
2025-12-02,80.5250015258789,80.7249984741211,80.19999694824219,80.5
2025-12-03,80.6500015258789,81.0250015258789,80.2249984741211,80.55000305175781
2025-12-04,80.80000305175781,81.19999694824219,80.80000305175781,81.125
2025-12-05,81.125,81.7750015258789,81.07499694824219,81.6500015258789
2025-12-08,81.875,82.4749984741211,81.67500305175781,82.30000305175781
2025-12-09,82.19999694824219,82.5250015258789,81.69999694824219,82.5
2025-12-10,82.4749984741211,82.57499694824219,82.32499694824219,82.44999694824219
2025-12-11,82.69999694824219,83.42500305175781,82.625,83.4000015258789
2025-12-12,83.5,83.6500015258789,83.25,83.32499694824219
2025-12-15,84.3499984741211,84.5999984741211,82.4000015258789,83.8499984741211
2025-12-16,83.94999694824219,85.0250015258789,83.82499694824219,84.7750015258789
2025-12-17,84.42500305175781,84.42500305175781,82.57499694824219,83.0
2025-12-18,83.3499984741211,84.5250015258789,83.2750015258789,84.125
2025-12-19,83.0250015258789,85.1500015258789,83.0,84.5
2025-12-22,84.6500015258789,85.42500305175781,84.5999984741211,85.3499984741211
2025-12-23,85.3499984741211,86.2249984741211,85.25,85.9749984741211
2025-12-24,84.875,85.75,84.55000305175781,85.05000305175781
2025-12-26,84.57499694824219,84.875,83.82499694824219,84.5250015258789
2025-12-29,84.8499984741211,85.2249984741211,84.25,84.4749984741211
2025-12-30,84.44999694824219,85.67500305175781,84.42500305175781,85.44999694824219
2025-12-31,85.2249984741211,85.9749984741211,85.0250015258789,85.0999984741211
2026-01-02,84.8499984741211,85.05000305175781,83.92500305175781,84.0999984741211
2026-01-05,84.32499694824219,86.5,84.2750015258789,86.1500015258789
2026-01-06,85.5999984741211,86.1500015258789,84.92500305175781,85.67500305175781
2026-01-07,85.67500305175781,85.69999694824219,84.57499694824219,84.80000305175781
2026-01-08,84.80000305175781,86.3499984741211,84.80000305175781,85.875
2026-01-09,85.375,85.80000305175781,84.8499984741211,85.30000305175781
2026-01-12,85.2249984741211,85.3499984741211,83.7750015258789,84.42500305175781
2026-01-13,84.44999694824219,84.8499984741211,83.9749984741211,84.625
2026-01-14,84.5,86.0999984741211,84.30000305175781,85.69999694824219
2026-01-15,85.69999694824219,87.9000015258789,85.5999984741211,87.80000305175781
2026-01-16,87.5999984741211,88.4749984741211,87.5999984741211,88.2750015258789
2026-01-20,88.55000305175781,88.7750015258789,87.7750015258789,87.8499984741211
2026-01-21,87.8499984741211,88.07499694824219,87.5250015258789,87.8499984741211
2026-01-22,88.5999984741211,88.8499984741211,87.875,88.4749984741211
2026-01-23,88.4749984741211,88.80000305175781,88.17500305175781,88.3499984741211
2026-01-26,88.5250015258789,89.07499694824219,87.94999694824219,88.30000305175781
2026-01-27,88.55000305175781,89.1500015258789,88.0999984741211,89.05000305175781
2026-01-28,88.17500305175781,88.5,87.57499694824219,87.94999694824219
2026-01-29,87.94999694824219,88.42500305175781,87.5999984741211,87.69999694824219
2026-01-30,87.25,87.5999984741211,87.1500015258789,87.25
2026-02-02,87.2750015258789,88.19999694824219,87.17500305175781,87.75
2026-02-03,87.94999694824219,88.75,87.7750015258789,88.55000305175781
2026-02-04,88.55000305175781,88.9000015258789,87.69999694824219,88.0
2026-02-05,88.0,88.0,87.19999694824219,87.30000305175781
2026-02-06,87.5999984741211,88.07499694824219,87.30000305175781,87.375
2026-02-09,87.2249984741211,87.25,86.8499984741211,87.0999984741211
2026-02-10,87.0999984741211,87.1500015258789,86.625,86.8499984741211
2026-02-11,86.92500305175781,87.19999694824219,86.8499984741211,86.9000015258789
2026-02-12,86.9000015258789,86.94999694824219,86.57499694824219,86.75
2026-02-13,86.94999694824219,87.1500015258789,86.8499984741211,86.94999694824219
2026-02-17,91.5,93.0,91.5,92.30000305175781
2026-02-18,92.44999694824219,93.125,92.30000305175781,92.55000305175781
2026-02-19,92.75,93.57499694824219,92.0,93.44999694824219
2026-02-20,93.9000015258789,94.2750015258789,93.30000305175781,93.67500305175781
2026-02-23,93.5,94.57499694824219,93.44999694824219,93.69999694824219
2026-02-24,94.30000305175781,95.875,94.07499694824219,95.80000305175781
2026-02-25,95.75,96.57499694824219,95.57499694824219,96.19999694824219
2026-02-26,96.19999694824219,96.6500015258789,95.6500015258789,95.7249984741211
2026-02-27,95.7249984741211,96.375,95.32499694824219,95.7249984741211
2026-03-02,95.5,96.55000305175781,95.07499694824219,95.57499694824219
2026-03-03,95.57499694824219,96.125,94.69999694824219,95.75
2026-03-04,95.8499984741211,97.30000305175781,95.67500305175781,97.07499694824219
2026-03-05,97.07499694824219,97.125,95.42500305175781,95.67500305175781
2026-03-06,95.6500015258789,96.55000305175781,95.5,95.625
2026-03-09,95.3499984741211,95.5,94.0999984741211,94.82499694824219
2026-03-10,95.5999984741211,96.625,95.4749984741211,96.07499694824219
2026-03-11,95.80000305175781,96.32499694824219,95.0999984741211,95.19999694824219
2026-03-12,95.0,95.4000015258789,94.2750015258789,94.3499984741211
2026-03-13,94.7249984741211,94.8499984741211,93.0999984741211,93.44999694824219
2026-03-16,93.69999694824219,94.1500015258789,93.4000015258789,93.5
2026-03-17,93.5,94.19999694824219,93.19999694824219,93.7249984741211
2026-03-18,93.7249984741211,94.07499694824219,93.44999694824219,93.75
2026-03-19,93.6500015258789,93.7249984741211,91.92500305175781,92.05000305175781
2026-03-20,92.44999694824219,92.44999694824219,91.07499694824219,91.2750015258789
2026-03-23,91.44999694824219,91.92500305175781,90.69999694824219,90.80000305175781
2026-03-24,90.9000015258789,91.17500305175781,90.6500015258789,91.05000305175781
2026-03-25,90.75,91.5,90.5250015258789,90.9000015258789
2026-03-26,90.80000305175781,91.0,90.55000305175781,90.82499694824219
2026-03-27,91.0,91.19999694824219,90.5,90.7750015258789
2026-03-30,90.8499984741211,90.94999694824219,90.42500305175781,90.4749984741211
2026-03-31,90.67500305175781,90.92500305175781,90.25,90.42500305175781
2026-04-01,90.375,91.07499694824219,90.30000305175781,90.92500305175781
2026-04-02,90.67500305175781,90.82499694824219,90.125,90.3499984741211
2026-04-06,90.6500015258789,91.17500305175781,90.30000305175781,90.4749984741211
2026-04-07,90.57499694824219,90.82499694824219,90.19999694824219,90.7750015258789
2026-04-08,90.75,91.0,90.125,90.19999694824219
2026-04-09,90.2750015258789,90.80000305175781,90.19999694824219,90.67500305175781
2026-04-10,90.5,90.7750015258789,90.42500305175781,90.7249984741211
2026-04-13,90.6500015258789,90.69999694824219,90.42500305175781,90.5
2026-04-14,90.55000305175781,90.5999984741211,90.3499984741211,90.5
2026-04-15,90.5,90.75,90.375,90.69999694824219
2026-04-16,93.57499694824219,94.67500305175781,93.19999694824219,94.05000305175781
2026-04-17,94.5999984741211,94.5999984741211,92.75,93.4000015258789
2026-04-20,93.6500015258789,94.375,93.44999694824219,94.2249984741211
2026-04-21,94.9000015258789,95.69999694824219,94.5999984741211,95.4000015258789
2026-04-22,95.55000305175781,95.75,94.8499984741211,95.05000305175781
2026-04-23,95.0,95.7249984741211,94.30000305175781,95.6500015258789
2026-04-24,95.44999694824219,95.5999984741211,94.17500305175781,94.30000305175781
2026-04-27,94.4000015258789,94.80000305175781,94.1500015258789,94.375
2026-04-28,94.19999694824219,94.5,93.69999694824219,94.1500015258789
2026-04-29,94.5,95.7249984741211,94.4000015258789,95.0999984741211
2026-04-30,94.80000305175781,94.9000015258789,93.30000305175781,93.44999694824219
2026-05-01,92.75,93.92500305175781,92.5250015258789,92.82499694824219
2026-05-04,92.5999984741211,93.0,91.55000305175781,91.625
2026-05-05,91.6500015258789,92.94999694824219,91.57499694824219,92.80000305175781
2026-05-06,92.05000305175781,92.25,91.55000305175781,91.69999694824219
2026-05-07,91.5,92.125,91.07499694824219,91.5
2026-05-08,91.19999694824219,91.4000015258789,90.7750015258789,90.875
2026-05-11,91.0,91.3499984741211,90.55000305175781,90.875
2026-05-12,90.9000015258789,91.0,90.7249984741211,90.92500305175781
2026-05-13,90.75,90.94999694824219,90.67500305175781,90.9000015258789
2026-05-14,90.8499984741211,90.9000015258789,90.375,90.44999694824219
2026-05-15,99.5250015258789,99.875,98.4749984741211,98.75
2026-05-18,99.25,100.44999694824219,98.42500305175781,98.5250015258789
2026-05-19,98.69999694824219,98.94999694824219,97.8499984741211,97.92500305175781
2026-05-20,97.6500015258789,98.2249984741211,97.125,97.2750015258789
2026-05-21,97.0999984741211,97.19999694824219,94.7750015258789,95.125
2026-05-22,95.5999984741211,95.8499984741211,94.9749984741211,95.75
2026-05-26,95.69999694824219,96.42500305175781,95.5250015258789,96.125
2026-05-27,96.25,97.6500015258789,96.19999694824219,97.5999984741211
2026-05-28,97.07499694824219,97.19999694824219,96.25,96.9749984741211
2026-05-29,96.67500305175781,96.7249984741211,95.67500305175781,95.8499984741211
2026-06-01,95.69999694824219,96.375,94.875,95.0250015258789
2026-06-02,95.0,95.82499694824219,94.17500305175781,95.69999694824219
2026-06-03,95.75,96.3499984741211,95.0999984741211,96.05000305175781
2026-06-04,95.3499984741211,95.625,94.69999694824219,95.30000305175781
2026-06-05,94.82499694824219,94.8499984741211,94.05000305175781,94.30000305175781
2026-06-08,94.55000305175781,94.7750015258789,93.875,94.0250015258789
2026-06-09,93.80000305175781,94.0999984741211,93.5250015258789,93.57499694824219
2026-06-10,93.2750015258789,93.4749984741211,93.05000305175781,93.17500305175781
2026-06-11,92.94999694824219,92.9749984741211,92.75,92.7750015258789
2026-06-12,92.5,92.69999694824219,92.30000305175781,92.5250015258789
2026-06-15,97.44999694824219,98.25,96.42500305175781,96.57499694824219
2026-06-16,96.375,96.7249984741211,94.75,94.80000305175781
2026-06-17,94.80000305175781,95.57499694824219,94.17500305175781,94.6500015258789
2026-06-18,94.80000305175781,95.0999984741211,94.0999984741211,95.0250015258789
2026-06-22,95.0,95.0,94.32499694824219,94.6500015258789
2026-06-23,94.5,94.875,94.17500305175781,94.2249984741211
2026-06-24,94.2249984741211,94.375,93.5999984741211,93.8499984741211
2026-06-25,93.44999694824219,93.44999694824219,92.5,92.69999694824219
2026-06-26,93.25,93.625,92.82499694824219,92.92500305175781
2026-06-29,92.7249984741211,93.94999694824219,92.44999694824219,93.82499694824219
2026-06-30,93.5999984741211,94.5250015258789,93.5250015258789,94.32499694824219
2026-07-01,93.82499694824219,94.42500305175781,93.17500305175781,93.3499984741211
2026-07-02,93.32499694824219,94.07499694824219,93.125,93.8499984741211
2026-07-06,93.55000305175781,93.9000015258789,93.2249984741211,93.3499984741211
2026-07-07,93.32499694824219,93.5999984741211,93.0,93.44999694824219
2026-07-08,93.7750015258789,94.57499694824219,93.55000305175781,94.5
2026-07-09,94.0,94.42500305175781,94.0,94.32499694824219
2026-07-10,94.32499694824219,94.94999694824219,94.32499694824219,94.7750015258789
2026-07-13,94.75,94.94999694824219,94.625,94.7750015258789
2026-07-14,94.9749984741211,95.25,94.875,95.0999984741211
2026-07-15,95.17500305175781,95.30000305175781,95.0999984741211,95.17500305175781
2026-07-16,100.32499694824219,100.92500305175781,99.94999694824219,100.2750015258789
2026-07-17,100.5,102.0250015258789,100.5,101.6500015258789
2026-07-20,101.9749984741211,102.19999694824219,101.0999984741211,101.2750015258789
2026-07-21,101.1500015258789,102.375,100.9749984741211,101.5
2026-07-22,102.125,102.25,101.2750015258789,101.44999694824219
2026-07-23,101.2249984741211,102.19999694824219,100.7249984741211,102.1500015258789
2026-07-24,102.0999984741211,103.05000305175781,102.07499694824219,102.8499984741211
2026-07-27,102.4749984741211,103.0250015258789,102.0999984741211,102.9749984741211
2026-07-28,102.67500305175781,103.3499984741211,102.5,103.0999984741211
2026-07-29,102.80000305175781,103.0,100.57499694824219,100.67500305175781
2026-07-30,100.4749984741211,100.55000305175781,98.25,98.42500305175781
2026-07-31,98.375,99.3499984741211,98.32499694824219,98.8499984741211
2026-08-03,98.19999694824219,98.625,97.44999694824219,97.5250015258789
2026-08-04,97.5999984741211,98.05000305175781,97.375,97.8499984741211
2026-08-05,97.3499984741211,97.44999694824219,96.4749984741211,96.5999984741211
2026-08-06,96.4749984741211,97.1500015258789,95.375,95.5
2026-08-07,95.4749984741211,95.5999984741211,95.0999984741211,95.5
2026-08-10,95.5250015258789,95.80000305175781,95.5250015258789,95.69999694824219
2026-08-11,95.69999694824219,96.05000305175781,95.44999694824219,95.875
2026-08-12,95.5250015258789,95.80000305175781,95.44999694824219,95.67500305175781
2026-08-13,95.5,95.5999984741211,95.3499984741211,95.4749984741211
2026-08-14,95.3499984741211,95.44999694824219,95.25,95.4000015258789
2026-08-17,81.5999984741211,82.92500305175781,81.3499984741211,81.7249984741211
2026-08-18,81.625,81.80000305175781,80.0,80.7249984741211
2026-08-19,80.94999694824219,81.92500305175781,80.9000015258789,81.5
2026-08-20,81.125,81.2750015258789,80.0999984741211,80.2249984741211
2026-08-21,80.0,81.30000305175781,79.67500305175781,80.875
2026-08-24,80.875,81.32499694824219,80.125,81.125
2026-08-25,81.07499694824219,81.57499694824219,80.07499694824219,80.44999694824219
2026-08-26,80.42500305175781,81.05000305175781,80.0999984741211,80.9000015258789
2026-08-27,80.80000305175781,81.25,80.42500305175781,80.625
2026-08-28,80.5250015258789,81.9749984741211,79.80000305175781,81.9000015258789
2026-08-31,81.9749984741211,83.8499984741211,81.9749984741211,83.67500305175781
