date,open,high,low,close
2016-08-31,111.55000305175781,113.0,111.55000305175781,111.94999694824219
2016-09-01,106.4000015258789,106.67500305175781,103.57499694824219,103.57499694824219
2016-09-02,103.44999694824219,104.0,101.375,101.5999984741211
2016-09-06,101.4000015258789,102.19999694824219,99.375,100.0250015258789
2016-09-07,99.75,102.8499984741211,99.5250015258789,102.42500305175781
2016-09-08,102.5,103.0,100.0999984741211,101.4000015258789
2016-09-09,101.0999984741211,104.4000015258789,101.0999984741211,104.4000015258789
2016-09-12,104.9749984741211,106.5250015258789,104.75,105.69999694824219
2016-09-13,105.7750015258789,105.82499694824219,104.375,104.67500305175781
2016-09-14,104.3499984741211,106.05000305175781,103.6500015258789,105.80000305175781
2016-09-15,106.4000015258789,107.5,106.2249984741211,106.94999694824219
2016-09-16,106.625,108.0999984741211,106.0999984741211,107.875
2016-09-19,108.05000305175781,108.19999694824219,107.17500305175781,107.9000015258789
2016-09-20,107.8499984741211,108.25,107.3499984741211,107.67500305175781
2016-09-21,107.9749984741211,109.2249984741211,107.92500305175781,108.55000305175781
2016-09-22,108.5,109.0,106.5999984741211,107.07499694824219
2016-09-23,106.625,107.57499694824219,104.42500305175781,107.2750015258789
2016-09-26,106.6500015258789,107.05000305175781,105.57499694824219,106.82499694824219
2016-09-27,106.30000305175781,106.30000305175781,103.82499694824219,103.82499694824219
2016-09-28,102.82499694824219,104.17500305175781,101.5250015258789,103.4749984741211
2016-09-29,103.80000305175781,104.0,101.6500015258789,101.9000015258789
2016-09-30,101.57499694824219,101.57499694824219,98.9000015258789,98.9000015258789
2016-10-03,98.5250015258789,99.69999694824219,97.3499984741211,98.92500305175781
2016-10-04,99.2249984741211,101.92500305175781,99.17500305175781,101.9000015258789
2016-10-05,102.05000305175781,102.9749984741211,101.30000305175781,102.8499984741211
2016-10-06,102.3499984741211,103.2249984741211,101.55000305175781,102.42500305175781
2016-10-07,101.67500305175781,102.42500305175781,101.625,101.875
2016-10-11,98.2750015258789,99.4749984741211,96.67500305175781,97.5
2016-10-12,97.25,98.5999984741211,95.67500305175781,96.75
2016-10-13,96.7249984741211,97.125,94.30000305175781,94.44999694824219
2016-10-14,94.5250015258789,96.32499694824219,94.5,95.9000015258789
2016-10-17,95.7750015258789,98.0,95.75,97.2750015258789
2016-10-18,97.30000305175781,98.5,96.3499984741211,97.75
2016-10-19,97.625,98.0999984741211,95.8499984741211,96.0250015258789
2016-10-20,96.75,99.0250015258789,96.55000305175781,99.0250015258789
2016-10-21,99.3499984741211,102.30000305175781,99.3499984741211,101.1500015258789
2016-10-24,102.8499984741211,103.80000305175781,102.75,103.125
2016-10-25,103.05000305175781,103.375,102.5,102.7249984741211
2016-10-26,102.80000305175781,103.67500305175781,102.42500305175781,103.05000305175781
2016-10-27,103.25,104.67500305175781,103.25,104.125
2016-10-28,104.4000015258789,104.9749984741211,103.82499694824219,104.19999694824219
2016-10-31,104.19999694824219,104.19999694824219,102.5999984741211,103.0999984741211
2016-11-01,103.4749984741211,105.80000305175781,103.4000015258789,105.5250015258789
2016-11-02,105.80000305175781,106.0,105.0250015258789,105.375
2016-11-03,105.0,105.3499984741211,103.5,104.07499694824219
2016-11-04,103.9749984741211,104.0,101.67500305175781,102.7249984741211
2016-11-07,102.625,103.0,100.2750015258789,101.6500015258789
2016-11-08,101.5250015258789,103.5,101.32499694824219,102.5999984741211
2016-11-09,102.25,103.67500305175781,101.94999694824219,103.4749984741211
2016-11-10,103.9000015258789,105.19999694824219,103.5999984741211,104.5
2016-11-14,105.57499694824219,106.9000015258789,105.30000305175781,105.57499694824219
2016-11-15,105.5,106.0,104.875,105.4749984741211
2016-11-16,105.30000305175781,108.3499984741211,105.1500015258789,108.19999694824219
2016-11-17,108.69999694824219,108.9000015258789,107.80000305175781,108.2249984741211
2016-11-18,108.2750015258789,108.7750015258789,107.9749984741211,108.32499694824219
2016-11-21,108.5999984741211,109.80000305175781,108.55000305175781,109.0250015258789
2016-11-22,108.7249984741211,109.5999984741211,108.4000015258789,109.3499984741211
2016-11-23,109.3499984741211,109.80000305175781,108.7750015258789,109.67500305175781
2016-11-25,110.55000305175781,111.19999694824219,110.30000305175781,110.75
2016-11-28,110.30000305175781,110.80000305175781,109.07499694824219,109.30000305175781
2016-11-29,109.07499694824219,109.4749984741211,108.57499694824219,108.92500305175781
2016-11-30,109.4000015258789,110.92500305175781,109.1500015258789,110.75
2016-12-01,111.9000015258789,112.25,110.17500305175781,110.57499694824219
2016-12-02,110.19999694824219,110.32499694824219,107.92500305175781,108.2249984741211
2016-12-05,108.3499984741211,108.4749984741211,107.4000015258789,107.82499694824219
2016-12-06,108.4000015258789,109.9000015258789,107.2750015258789,109.8499984741211
2016-12-07,109.625,110.30000305175781,108.375,109.375
2016-12-08,108.9000015258789,109.82499694824219,107.32499694824219,109.05000305175781
2016-12-09,108.30000305175781,108.9749984741211,107.4000015258789,108.7249984741211
2016-12-12,108.7249984741211,111.1500015258789,108.4749984741211,110.3499984741211
2016-12-13,110.5,111.7249984741211,109.94999694824219,111.125
2016-12-14,111.125,112.125,110.5999984741211,111.0999984741211
2016-12-15,110.7750015258789,111.375,110.4000015258789,110.7249984741211
2016-12-16,111.07499694824219,112.67500305175781,111.05000305175781,112.32499694824219
2016-12-19,111.57499694824219,112.19999694824219,111.4749984741211,111.94999694824219
2016-12-20,111.94999694824219,112.94999694824219,111.67500305175781,112.0999984741211
2016-12-21,111.9000015258789,113.44999694824219,111.9000015258789,113.2750015258789
2016-12-22,113.4000015258789,114.82499694824219,113.4000015258789,114.0
2016-12-23,114.4749984741211,115.2750015258789,114.0,114.57499694824219
2016-12-27,114.7249984741211,115.2750015258789,114.19999694824219,114.94999694824219
2016-12-28,114.94999694824219,116.3499984741211,114.875,115.9749984741211
2016-12-29,116.3499984741211,118.9749984741211,116.30000305175781,118.69999694824219
2016-12-30,119.4000015258789,123.69999694824219,119.0,119.0
2017-01-03,116.5,116.57499694824219,114.30000305175781,114.875
2017-01-04,114.5,115.7750015258789,114.42500305175781,115.67500305175781
2017-01-05,116.0,116.6500015258789,114.7750015258789,115.07499694824219
2017-01-06,114.7249984741211,115.19999694824219,113.9749984741211,114.82499694824219
2017-01-09,115.0,116.67500305175781,114.0999984741211,116.5250015258789
2017-01-10,116.80000305175781,119.5250015258789,116.7750015258789,119.5250015258789
2017-01-11,118.9749984741211,119.69999694824219,118.5250015258789,119.125
2017-01-12,118.4749984741211,118.625,116.32499694824219,117.4749984741211
2017-01-13,117.17500305175781,118.75,116.625,118.5250015258789
2017-01-17,118.8499984741211,119.7249984741211,118.82499694824219,119.57499694824219
2017-01-18,119.55000305175781,120.44999694824219,119.1500015258789,120.2750015258789
2017-01-19,120.2249984741211,121.44999694824219,119.8499984741211,121.0250015258789
2017-01-20,120.82499694824219,121.0250015258789,119.25,120.25
2017-01-23,120.0,120.5999984741211,119.5,120.25
2017-01-24,120.17500305175781,120.92500305175781,119.17500305175781,119.67500305175781
2017-01-25,119.5999984741211,120.69999694824219,119.05000305175781,119.875
2017-01-26,119.67500305175781,119.9000015258789,118.125,118.69999694824219
2017-01-27,118.44999694824219,118.7750015258789,117.94999694824219,118.32499694824219
2017-01-30,116.6500015258789,117.05000305175781,115.8499984741211,116.17500305175781
2017-01-31,116.05000305175781,116.57499694824219,115.44999694824219,115.5999984741211
2017-02-01,115.4000015258789,116.4000015258789,114.6500015258789,115.57499694824219
2017-02-02,116.0,116.9749984741211,115.8499984741211,116.875
2017-02-03,117.0250015258789,117.4000015258789,116.5,116.9000015258789
2017-02-06,117.19999694824219,117.4749984741211,116.25,116.42500305175781
2017-02-07,116.92500305175781,117.7249984741211,116.625,117.67500305175781
2017-02-08,117.6500015258789,118.25,116.69999694824219,116.7750015258789
2017-02-09,117.25,117.75,116.7750015258789,117.6500015258789
2017-02-10,117.7750015258789,118.07499694824219,116.19999694824219,116.4000015258789
2017-02-13,116.55000305175781,116.69999694824219,115.67500305175781,115.92500305175781
2017-02-14,115.9749984741211,117.4000015258789,115.57499694824219,117.375
2017-02-15,117.375,117.75,116.5999984741211,116.7750015258789
2017-02-16,116.4000015258789,117.17500305175781,116.0999984741211,116.5250015258789
2017-02-17,116.75,118.0,116.55000305175781,117.92500305175781
2017-02-21,118.32499694824219,119.4000015258789,118.32499694824219,119.0999984741211
2017-02-22,119.5250015258789,121.9000015258789,119.1500015258789,121.30000305175781
2017-02-23,121.875,123.4000015258789,121.82499694824219,123.07499694824219
2017-02-24,123.30000305175781,123.94999694824219,122.19999694824219,123.75
2017-02-27,124.0,125.44999694824219,124.0,125.375
2017-02-28,125.6500015258789,127.125,125.6500015258789,126.5999984741211
2017-03-01,118.1500015258789,118.94999694824219,117.07499694824219,117.57499694824219
2017-03-02,117.25,117.5999984741211,116.0250015258789,116.1500015258789
2017-03-03,116.2750015258789,116.57499694824219,115.4000015258789,115.9749984741211
2017-03-06,116.3499984741211,116.57499694824219,115.2249984741211,115.55000305175781
2017-03-07,115.5250015258789,115.92500305175781,114.9000015258789,115.3499984741211
2017-03-08,115.5,117.1500015258789,115.125,115.9749984741211
2017-03-09,117.05000305175781,117.30000305175781,116.19999694824219,116.5
2017-03-10,116.67500305175781,118.25,116.30000305175781,117.5999984741211
2017-03-13,118.0250015258789,118.42500305175781,117.57499694824219,117.75
2017-03-14,117.67500305175781,118.0,116.1500015258789,116.32499694824219
2017-03-15,116.44999694824219,118.07499694824219,116.19999694824219,117.69999694824219
2017-03-16,118.42500305175781,119.5,118.19999694824219,119.19999694824219
2017-03-17,119.2750015258789,119.75,118.6500015258789,119.32499694824219
2017-03-20,119.3499984741211,119.4749984741211,118.44999694824219,118.9000015258789
2017-03-21,119.1500015258789,120.07499694824219,118.5,119.9000015258789
2017-03-22,120.17500305175781,122.9000015258789,120.1500015258789,122.44999694824219
2017-03-23,122.8499984741211,122.9000015258789,121.3499984741211,121.7750015258789
2017-03-24,121.94999694824219,123.19999694824219,121.625,122.0999984741211
2017-03-27,121.9749984741211,122.07499694824219,121.0,121.07499694824219
2017-03-28,120.9749984741211,121.875,120.5999984741211,120.7750015258789
2017-03-29,120.94999694824219,121.75,120.7750015258789,121.3499984741211
2017-03-30,121.0,121.0,119.5250015258789,120.0
2017-03-31,119.55000305175781,120.2249984741211,119.125,119.94999694824219
2017-04-03,119.94999694824219,120.32499694824219,118.9000015258789,119.42500305175781
2017-04-04,119.1500015258789,119.1500015258789,118.125,118.2249984741211
2017-04-05,118.0,118.625,117.5,118.2750015258789
2017-04-06,118.55000305175781,119.05000305175781,118.17500305175781,118.80000305175781
2017-04-07,118.80000305175781,120.4749984741211,118.75,120.05000305175781
2017-04-10,120.69999694824219,121.9749984741211,120.6500015258789,121.0999984741211
2017-04-11,121.0999984741211,123.44999694824219,121.0999984741211,123.25
2017-04-12,123.4000015258789,124.80000305175781,123.4000015258789,124.19999694824219
2017-04-13,124.19999694824219,125.75,123.75,125.375
2017-04-17,125.67500305175781,126.75,125.55000305175781,126.42500305175781
2017-04-18,126.75,127.7249984741211,126.2750015258789,126.7750015258789
2017-04-19,126.94999694824219,128.1999969482422,126.875,127.92500305175781
2017-04-20,129.0,130.25,129.0,129.625
2017-04-21,129.89999389648438,130.39999389648438,129.5,129.8000030517578
2017-04-24,129.8000030517578,129.8249969482422,128.3000030517578,129.0
2017-04-25,129.4499969482422,130.02499389648438,129.02499389648438,129.8249969482422
2017-04-26,130.0500030517578,132.14999389648438,130.0,132.02499389648438
2017-04-27,132.6999969482422,137.0,132.5,135.60000610351562
2017-04-28,136.5,138.89999389648438,136.27499389648438,138.0
2017-05-01,124.625,125.32499694824219,123.6500015258789,124.125
2017-05-02,124.0999984741211,127.125,124.07499694824219,127.05000305175781
2017-05-03,127.05000305175781,130.0500030517578,127.0,130.0500030517578
2017-05-04,134.5,134.5500030517578,130.5749969482422,131.3000030517578
2017-05-05,131.3000030517578,131.35000610351562,128.3000030517578,128.3000030517578
2017-05-08,126.94999694824219,128.9250030517578,126.05000305175781,127.7750015258789
2017-05-09,128.0,129.625,124.7750015258789,124.9749984741211
2017-05-10,124.9749984741211,125.125,122.2249984741211,124.19999694824219
2017-05-11,125.2249984741211,125.25,121.32499694824219,123.92500305175781
2017-05-12,125.7249984741211,126.875,124.19999694824219,125.17500305175781
2017-05-15,125.6500015258789,125.7249984741211,122.17500305175781,122.44999694824219
2017-05-16,122.2750015258789,122.875,120.57499694824219,121.9000015258789
2017-05-17,122.4000015258789,123.44999694824219,121.75,122.44999694824219
2017-05-18,121.75,123.9000015258789,121.19999694824219,122.92500305175781
2017-05-19,123.32499694824219,124.05000305175781,122.4749984741211,123.44999694824219
2017-05-22,123.69999694824219,125.125,123.1500015258789,123.92500305175781
2017-05-23,123.82499694824219,124.3499984741211,122.5999984741211,123.07499694824219
2017-05-24,122.8499984741211,122.875,120.80000305175781,122.125
2017-05-25,122.9749984741211,124.0,122.1500015258789,123.92500305175781
2017-05-26,124.0999984741211,124.625,122.125,122.69999694824219
2017-05-30,122.57499694824219,123.25,122.19999694824219,122.9749984741211
2017-05-31,123.3499984741211,124.5999984741211,123.0250015258789,124.42500305175781
2017-06-01,124.75,127.42500305175781,124.6500015258789,127.42500305175781
2017-06-02,129.5,131.5749969482422,128.5749969482422,130.8249969482422
2017-06-05,131.10000610351562,132.6750030517578,130.72500610351562,132.10000610351562
2017-06-06,133.22500610351562,134.22500610351562,129.5500030517578,130.1999969482422
2017-06-07,130.3249969482422,132.3249969482422,129.75,131.1999969482422
2017-06-08,131.72500610351562,132.75,131.22500610351562,131.375
2017-06-09,131.1999969482422,131.6999969482422,130.47500610351562,131.25
2017-06-12,131.35000610351562,131.35000610351562,128.25,128.35000610351562
2017-06-13,128.9499969482422,129.0749969482422,127.0999984741211,127.5
2017-06-14,126.875,127.0,124.5,124.5
2017-06-15,124.19999694824219,124.3499984741211,122.0999984741211,122.5
2017-06-16,123.2249984741211,123.2249984741211,121.25,121.69999694824219
2017-06-19,121.69999694824219,122.25,119.67500305175781,120.0
2017-06-20,120.0250015258789,121.0250015258789,118.0250015258789,120.3499984741211
2017-06-21,121.05000305175781,121.5999984741211,119.4000015258789,119.5
2017-06-22,119.30000305175781,119.5,118.0,118.625
2017-06-23,119.375,119.57499694824219,118.5250015258789,119.19999694824219
2017-06-26,119.0,121.6500015258789,118.5999984741211,121.4749984741211
2017-06-27,121.7249984741211,121.7750015258789,119.0999984741211,119.5999984741211
2017-06-28,119.19999694824219,120.44999694824219,118.8499984741211,120.25
2017-06-29,120.55000305175781,120.92500305175781,119.5250015258789,120.19999694824219
2017-06-30,119.92500305175781,120.0,119.0,119.0999984741211
2017-07-03,116.30000305175781,117.2249984741211,115.32499694824219,115.75
2017-07-05,116.2750015258789,116.2750015258789,113.07499694824219,113.55000305175781
2017-07-06,113.5999984741211,115.625,112.42500305175781,114.94999694824219
2017-07-07,115.25,115.8499984741211,114.3499984741211,114.7750015258789
2017-07-10,114.7249984741211,114.7249984741211,113.6500015258789,113.82499694824219
2017-07-11,113.8499984741211,115.42500305175781,113.4000015258789,114.875
2017-07-12,115.5250015258789,117.875,114.4749984741211,117.875
2017-07-13,118.25,118.5,117.0999984741211,117.42500305175781
2017-07-14,117.7750015258789,118.67500305175781,117.05000305175781,117.80000305175781
2017-07-17,117.75,117.875,116.7249984741211,116.94999694824219
2017-07-18,117.19999694824219,117.19999694824219,114.7750015258789,115.07499694824219
2017-07-19,114.55000305175781,117.875,114.30000305175781,117.2750015258789
2017-07-20,117.4749984741211,118.19999694824219,115.69999694824219,115.875
2017-07-21,116.3499984741211,117.375,115.80000305175781,116.42500305175781
2017-07-24,114.5,114.875,113.44999694824219,113.875
2017-07-25,114.4749984741211,115.05000305175781,113.0,113.17500305175781
2017-07-26,113.94999694824219,114.9000015258789,113.0,114.30000305175781
2017-07-27,114.6500015258789,115.6500015258789,113.5250015258789,114.30000305175781
2017-07-28,114.30000305175781,114.3499984741211,112.2750015258789,112.9000015258789
2017-07-31,112.9000015258789,113.32499694824219,111.7750015258789,112.0
2017-08-01,112.30000305175781,113.1500015258789,111.9000015258789,112.80000305175781
2017-08-02,112.82499694824219,114.9000015258789,112.07499694824219,114.5250015258789
2017-08-03,114.9000015258789,115.625,114.6500015258789,115.2249984741211
2017-08-04,115.32499694824219,115.5999984741211,114.75,115.44999694824219
2017-08-07,115.2750015258789,115.30000305175781,112.57499694824219,112.75
2017-08-08,112.9749984741211,113.4000015258789,112.1500015258789,112.4749984741211
2017-08-09,112.30000305175781,112.44999694824219,109.875,110.0
2017-08-10,110.0,110.44999694824219,108.5999984741211,108.8499984741211
2017-08-11,108.92500305175781,110.375,108.92500305175781,109.7249984741211
2017-08-14,109.6500015258789,110.2750015258789,108.05000305175781,109.05000305175781
2017-08-15,108.92500305175781,110.32499694824219,107.92500305175781,110.05000305175781
2017-08-16,110.2750015258789,110.55000305175781,108.94999694824219,109.4749984741211
2017-08-17,109.19999694824219,109.2750015258789,106.9749984741211,107.125
2017-08-18,106.9749984741211,107.44999694824219,105.75,106.375
2017-08-21,106.1500015258789,106.4749984741211,105.5999984741211,106.0
2017-08-22,105.875,107.2750015258789,105.75,106.7249984741211
2017-08-23,107.0,107.0,105.3499984741211,105.6500015258789
2017-08-24,105.6500015258789,106.5,104.5,105.94999694824219
2017-08-25,106.44999694824219,106.92500305175781,105.82499694824219,105.94999694824219
2017-08-28,106.5,107.4000015258789,105.75,106.19999694824219
2017-08-29,106.19999694824219,106.3499984741211,104.9749984741211,105.25
2017-08-30,105.05000305175781,106.0999984741211,105.0250015258789,105.55000305175781
2017-08-31,105.75,106.30000305175781,104.05000305175781,104.5250015258789
2017-09-01,105.5250015258789,105.82499694824219,104.7249984741211,105.1500015258789
2017-09-05,105.07499694824219,106.44999694824219,104.30000305175781,104.42500305175781
2017-09-06,104.69999694824219,105.44999694824219,104.5,104.69999694824219
2017-09-07,105.30000305175781,107.67500305175781,105.05000305175781,106.2249984741211
2017-09-08,106.375,108.55000305175781,105.82499694824219,107.32499694824219
2017-09-11,107.5,107.94999694824219,106.82499694824219,107.19999694824219
2017-09-12,107.25,107.7750015258789,106.0,106.2750015258789
2017-09-13,106.4000015258789,107.82499694824219,105.4000015258789,107.55000305175781
2017-09-14,107.9749984741211,108.9000015258789,106.625,106.92500305175781
2017-09-15,107.30000305175781,108.0,106.5250015258789,107.75
2017-09-18,107.92500305175781,108.5999984741211,107.5250015258789,107.57499694824219
2017-09-19,107.75,108.2750015258789,107.30000305175781,107.9749984741211
2017-09-20,108.05000305175781,110.9749984741211,107.7750015258789,110.94999694824219
2017-09-21,111.0,111.17500305175781,109.67500305175781,110.0999984741211
2017-09-22,110.0250015258789,111.82499694824219,109.69999694824219,111.57499694824219
2017-09-25,109.9749984741211,110.0,108.6500015258789,109.2249984741211
2017-09-26,108.9000015258789,109.1500015258789,108.07499694824219,108.2750015258789
2017-09-27,108.57499694824219,109.25,108.0250015258789,108.57499694824219
2017-09-28,108.55000305175781,109.1500015258789,108.17500305175781,108.9749984741211
2017-09-29,109.5,109.875,108.82499694824219,109.0999984741211
2017-10-02,109.0999984741211,109.75,107.75,107.82499694824219
2017-10-03,107.7249984741211,109.4749984741211,107.4000015258789,109.0999984741211
2017-10-04,109.2249984741211,110.32499694824219,109.05000305175781,109.07499694824219
2017-10-05,109.1500015258789,110.25,108.92500305175781,110.1500015258789
2017-10-06,109.9749984741211,111.1500015258789,109.80000305175781,111.0250015258789
2017-10-09,111.42500305175781,111.7750015258789,111.0,111.42500305175781
2017-10-10,111.75,114.05000305175781,111.75,113.69999694824219
2017-10-11,113.2750015258789,114.07499694824219,113.0250015258789,113.7750015258789
2017-10-12,113.5,114.0,111.7750015258789,112.3499984741211
2017-10-13,112.875,112.92500305175781,112.0,112.82499694824219
2017-10-16,112.7750015258789,112.8499984741211,111.57499694824219,111.7249984741211
2017-10-17,112.05000305175781,112.7249984741211,111.0999984741211,111.17500305175781
2017-10-18,110.9749984741211,112.07499694824219,109.625,111.4749984741211
2017-10-19,111.4749984741211,112.3499984741211,110.5999984741211,111.19999694824219
2017-10-20,111.5999984741211,112.19999694824219,111.25,111.67500305175781
2017-10-23,110.75,112.25,110.67500305175781,111.5250015258789
2017-10-24,111.625,113.75,111.625,113.625
2017-10-25,113.75,114.30000305175781,112.80000305175781,113.0250015258789
2017-10-26,113.2750015258789,114.5,113.05000305175781,114.1500015258789
2017-10-27,114.44999694824219,115.5,114.0250015258789,115.375
2017-10-30,119.0,120.3499984741211,119.0,119.57499694824219
2017-10-31,119.80000305175781,121.0,118.5250015258789,120.5
2017-11-01,125.67500305175781,126.875,125.5,126.5999984741211
2017-11-02,126.32499694824219,127.875,123.9000015258789,124.32499694824219
2017-11-03,126.9000015258789,127.32499694824219,126.0,127.30000305175781
2017-11-06,127.25,127.67500305175781,124.82499694824219,125.32499694824219
2017-11-07,125.25,125.5999984741211,123.5,124.625
2017-11-08,124.55000305175781,124.57499694824219,122.1500015258789,122.92500305175781
2017-11-09,122.4749984741211,122.875,122.0,122.4749984741211
2017-11-10,122.17500305175781,122.3499984741211,120.0250015258789,120.57499694824219
2017-11-13,120.0,121.7249984741211,119.44999694824219,120.57499694824219
2017-11-14,120.44999694824219,120.92500305175781,118.7750015258789,119.5
2017-11-15,119.5,120.7750015258789,119.0250015258789,120.19999694824219
2017-11-16,120.25,120.57499694824219,119.25,119.55000305175781
2017-11-17,119.625,119.80000305175781,118.55000305175781,118.8499984741211
2017-11-20,118.5,118.80000305175781,116.7750015258789,117.0999984741211
2017-11-21,117.4000015258789,118.57499694824219,117.125,117.9749984741211
2017-11-22,119.19999694824219,119.82499694824219,118.82499694824219,119.05000305175781
2017-11-24,118.94999694824219,119.17500305175781,118.44999694824219,118.57499694824219
2017-11-27,118.67500305175781,120.0999984741211,118.375,119.82499694824219
2017-11-28,119.625,119.94999694824219,118.75,119.6500015258789
2017-11-29,119.6500015258789,120.55000305175781,119.57499694824219,120.4749984741211
2017-11-30,120.3499984741211,120.7750015258789,117.9749984741211,119.9000015258789
2017-12-01,120.0,120.0,117.0250015258789,117.2249984741211
2017-12-04,117.0,117.5250015258789,116.2249984741211,116.375
2017-12-05,116.7249984741211,117.6500015258789,115.625,116.42500305175781
2017-12-06,116.625,116.7750015258789,115.44999694824219,115.9000015258789
2017-12-07,115.92500305175781,116.375,115.4749984741211,115.625
2017-12-08,115.8499984741211,116.2249984741211,115.32499694824219,115.57499694824219
2017-12-11,115.44999694824219,116.1500015258789,115.07499694824219,115.17500305175781
2017-12-12,115.2249984741211,117.30000305175781,115.19999694824219,116.1500015258789
2017-12-13,116.42500305175781,116.875,115.5,115.6500015258789
2017-12-14,115.80000305175781,116.92500305175781,115.7249984741211,116.2750015258789
2017-12-15,116.75,119.25,116.5,118.9000015258789
2017-12-18,119.5250015258789,120.1500015258789,119.30000305175781,119.9749984741211
2017-12-19,120.1500015258789,120.69999694824219,119.44999694824219,120.0
2017-12-20,120.0,120.69999694824219,118.19999694824219,119.4000015258789
2017-12-21,119.5999984741211,119.875,118.75,119.625
2017-12-22,119.80000305175781,120.19999694824219,119.0,119.82499694824219
2017-12-26,120.07499694824219,121.75,119.80000305175781,121.5
2017-12-27,121.75,122.875,121.75,122.0250015258789
2017-12-28,122.1500015258789,125.17500305175781,122.05000305175781,124.55000305175781
2017-12-29,125.0999984741211,125.875,123.0,123.0
2018-01-02,122.25,123.5,122.19999694824219,123.3499984741211
2018-01-03,123.32499694824219,123.3499984741211,122.3499984741211,122.94999694824219
2018-01-04,123.07499694824219,123.625,122.0999984741211,122.25
2018-01-05,121.8499984741211,121.92500305175781,119.25,119.25
2018-01-08,119.0,119.0,116.7750015258789,117.2249984741211
2018-01-09,117.25,118.0,116.69999694824219,117.67500305175781
2018-01-10,117.8499984741211,118.5250015258789,116.55000305175781,116.875
2018-01-11,116.5,117.3499984741211,116.25,117.07499694824219
2018-01-12,117.0999984741211,117.5,116.55000305175781,117.375
2018-01-16,117.44999694824219,118.4000015258789,117.375,118.0999984741211
2018-01-17,117.82499694824219,121.0999984741211,117.69999694824219,120.9749984741211
2018-01-18,121.32499694824219,122.0999984741211,121.0250015258789,121.94999694824219
2018-01-19,122.05000305175781,122.67500305175781,120.875,121.9000015258789
2018-01-22,122.8499984741211,123.8499984741211,122.80000305175781,123.55000305175781
2018-01-23,123.75,124.94999694824219,123.3499984741211,124.7249984741211
2018-01-24,125.0,125.67500305175781,124.80000305175781,125.42500305175781
2018-01-25,125.5250015258789,126.0250015258789,122.42500305175781,122.4749984741211
2018-01-26,122.42500305175781,125.0,122.2249984741211,124.5999984741211
2018-01-29,126.0250015258789,126.75,125.44999694824219,125.69999694824219
2018-01-30,125.4000015258789,125.625,123.55000305175781,124.82499694824219
2018-01-31,124.82499694824219,124.94999694824219,123.67500305175781,123.8499984741211
2018-02-01,124.5999984741211,126.82499694824219,124.25,126.42500305175781
2018-02-02,126.42500305175781,127.55000305175781,125.75,126.8499984741211
2018-02-05,126.30000305175781,127.9000015258789,125.9000015258789,126.125
2018-02-06,125.375,126.42500305175781,125.125,125.625
2018-02-07,125.8499984741211,126.57499694824219,125.55000305175781,125.5999984741211
2018-02-08,125.7750015258789,127.32499694824219,125.42500305175781,125.7750015258789
2018-02-09,125.7249984741211,127.0,125.42500305175781,126.5250015258789
2018-02-12,126.5250015258789,127.25,126.125,127.125
2018-02-13,127.3499984741211,127.92500305175781,126.7249984741211,126.82499694824219
2018-02-14,127.0999984741211,128.0,127.05000305175781,127.6500015258789
2018-02-15,127.875,129.4250030517578,127.5250015258789,129.27499389648438
2018-02-16,129.22500610351562,130.3249969482422,128.72500610351562,130.10000610351562
2018-02-20,130.52499389648438,130.52499389648438,129.77499389648438,130.3000030517578
2018-02-21,130.3000030517578,130.3000030517578,127.30000305175781,129.64999389648438
2018-02-22,129.0,129.14999389648438,128.0749969482422,128.35000610351562
2018-02-23,128.4499969482422,128.5749969482422,127.32499694824219,128.0
2018-02-26,127.7750015258789,127.92500305175781,126.6500015258789,127.4000015258789
2018-02-27,127.5999984741211,128.6999969482422,127.5250015258789,128.02499389648438
2018-02-28,128.35000610351562,129.77499389648438,127.5,127.5
2018-03-01,123.6500015258789,123.9000015258789,122.32499694824219,123.32499694824219
2018-03-02,123.3499984741211,123.80000305175781,121.9000015258789,122.17500305175781
2018-03-05,122.3499984741211,123.67500305175781,122.0999984741211,123.2249984741211
2018-03-06,123.32499694824219,124.82499694824219,122.44999694824219,122.82499694824219
2018-03-07,123.0,123.67500305175781,122.5999984741211,122.9749984741211
2018-03-08,123.2249984741211,123.30000305175781,120.9000015258789,121.7750015258789
2018-03-09,122.125,123.5250015258789,121.125,123.125
2018-03-12,123.30000305175781,123.4749984741211,121.2750015258789,121.55000305175781
2018-03-13,121.75,122.57499694824219,120.75,121.9000015258789
2018-03-14,123.0,124.30000305175781,122.7750015258789,123.0
2018-03-15,123.07499694824219,123.82499694824219,121.125,121.8499984741211
2018-03-16,121.92500305175781,122.1500015258789,120.875,121.25
2018-03-19,121.75,121.80000305175781,120.125,120.2249984741211
2018-03-20,120.5,120.82499694824219,119.32499694824219,119.57499694824219
2018-03-21,119.5999984741211,119.75,117.1500015258789,117.69999694824219
2018-03-22,117.94999694824219,118.42500305175781,117.44999694824219,118.1500015258789
2018-03-23,118.42500305175781,118.42500305175781,115.75,116.05000305175781
2018-03-26,116.2249984741211,117.19999694824219,114.80000305175781,115.17500305175781
2018-03-27,115.4000015258789,116.57499694824219,115.0,115.42500305175781
2018-03-28,115.44999694824219,116.42500305175781,114.82499694824219,116.0
2018-03-29,116.19999694824219,116.9749984741211,113.1500015258789,113.75
2018-04-02,113.7750015258789,114.80000305175781,112.19999694824219,112.4000015258789
2018-04-03,112.6500015258789,113.3499984741211,111.7750015258789,111.9749984741211
2018-04-04,111.5999984741211,113.9000015258789,110.0999984741211,113.0250015258789
2018-04-05,113.69999694824219,114.44999694824219,113.30000305175781,114.30000305175781
2018-04-06,114.0,114.1500015258789,111.94999694824219,112.2249984741211
2018-04-09,112.9749984741211,113.9749984741211,111.9749984741211,112.0250015258789
2018-04-10,112.6500015258789,113.67500305175781,112.1500015258789,112.80000305175781
2018-04-11,113.25,114.0,113.07499694824219,113.5
2018-04-12,113.8499984741211,116.17500305175781,113.8499984741211,115.75
2018-04-13,116.25,117.07499694824219,115.8499984741211,116.55000305175781
2018-04-16,117.7249984741211,118.4000015258789,117.0999984741211,117.1500015258789
2018-04-17,117.375,118.69999694824219,117.375,118.05000305175781
2018-04-18,118.57499694824219,119.07499694824219,118.4749984741211,118.9749984741211
2018-04-19,119.05000305175781,119.5,117.5999984741211,117.80000305175781
2018-04-20,118.19999694824219,119.42500305175781,117.1500015258789,119.3499984741211
2018-04-23,119.82499694824219,121.80000305175781,119.625,121.7249984741211
2018-04-24,121.5,122.19999694824219,121.0,121.0999984741211
2018-04-25,121.30000305175781,122.05000305175781,121.30000305175781,121.92500305175781
2018-04-26,121.9749984741211,122.625,121.9749984741211,122.5250015258789
2018-04-27,122.55000305175781,124.7249984741211,122.5,124.44999694824219
2018-04-30,124.67500305175781,125.1500015258789,123.75,123.75
2018-05-01,106.30000305175781,106.4000015258789,103.82499694824219,105.82499694824219
2018-05-02,106.19999694824219,106.82499694824219,104.3499984741211,104.8499984741211
2018-05-03,105.0,107.57499694824219,104.5,106.5250015258789
2018-05-04,107.0,107.0999984741211,105.82499694824219,106.05000305175781
2018-05-07,106.05000305175781,106.2750015258789,104.8499984741211,105.17500305175781
2018-05-08,105.44999694824219,106.92500305175781,104.5999984741211,106.30000305175781
2018-05-09,106.625,107.0999984741211,105.3499984741211,105.67500305175781
2018-05-10,105.4749984741211,108.0999984741211,104.9749984741211,107.5250015258789
2018-05-11,107.8499984741211,108.05000305175781,106.1500015258789,107.625
2018-05-14,106.8499984741211,106.8499984741211,104.625,104.625
2018-05-15,104.5250015258789,104.57499694824219,102.2249984741211,102.9749984741211
2018-05-16,102.5,103.75,101.6500015258789,101.82499694824219
2018-05-17,102.0,103.57499694824219,101.375,103.05000305175781
2018-05-18,103.30000305175781,103.80000305175781,102.2750015258789,102.4000015258789
2018-05-21,103.4000015258789,105.4000015258789,103.32499694824219,104.92500305175781
2018-05-22,105.0,105.2249984741211,104.125,104.9000015258789
2018-05-23,104.5,105.94999694824219,104.4749984741211,105.44999694824219
2018-05-24,105.625,105.7249984741211,104.25,104.4000015258789
2018-05-25,104.4000015258789,104.94999694824219,103.7249984741211,104.6500015258789
2018-05-29,104.6500015258789,104.69999694824219,102.8499984741211,103.125
2018-05-30,103.05000305175781,106.125,102.8499984741211,106.125
2018-05-31,106.32499694824219,106.6500015258789,103.32499694824219,105.05000305175781
2018-06-01,105.25,105.7750015258789,104.55000305175781,104.9000015258789
2018-06-04,105.0,105.875,104.5999984741211,104.7249984741211
2018-06-05,105.19999694824219,107.5,105.07499694824219,107.19999694824219
2018-06-06,107.375,109.3499984741211,107.375,108.30000305175781
2018-06-07,109.0,109.19999694824219,108.0999984741211,108.375
2018-06-08,108.69999694824219,110.44999694824219,108.67500305175781,110.0250015258789
2018-06-11,110.625,110.6500015258789,108.0999984741211,108.6500015258789
2018-06-12,108.69999694824219,109.0,108.05000305175781,108.5250015258789
2018-06-13,108.55000305175781,108.69999694824219,107.75,107.92500305175781
2018-06-14,107.92500305175781,108.0999984741211,105.69999694824219,106.25
2018-06-15,105.75,109.1500015258789,105.1500015258789,108.44999694824219
2018-06-18,108.5999984741211,108.7750015258789,107.55000305175781,108.30000305175781
2018-06-19,108.0,109.1500015258789,106.7249984741211,108.5250015258789
2018-06-20,108.5250015258789,109.5999984741211,108.1500015258789,109.0250015258789
2018-06-21,109.0,109.1500015258789,108.25,108.6500015258789
2018-06-22,108.57499694824219,108.69999694824219,107.9000015258789,108.2750015258789
2018-06-25,107.5,107.67500305175781,105.9000015258789,105.9749984741211
2018-06-26,106.05000305175781,106.57499694824219,105.75,105.92500305175781
2018-06-27,105.94999694824219,107.17500305175781,105.94999694824219,107.0250015258789
2018-06-28,106.8499984741211,108.3499984741211,106.7249984741211,108.19999694824219
2018-06-29,108.0999984741211,109.9000015258789,107.0,107.0
2018-07-02,107.17500305175781,108.44999694824219,106.4749984741211,106.9000015258789
2018-07-03,107.4000015258789,107.4749984741211,106.19999694824219,106.44999694824219
2018-07-05,107.375,107.57499694824219,106.30000305175781,106.375
2018-07-06,106.7750015258789,108.2249984741211,106.25,106.375
2018-07-09,106.8499984741211,107.32499694824219,105.7750015258789,106.125
2018-07-10,106.3499984741211,106.6500015258789,105.0999984741211,105.44999694824219
2018-07-11,105.44999694824219,105.5,102.69999694824219,103.8499984741211
2018-07-12,104.17500305175781,106.07499694824219,104.17500305175781,105.0250015258789
2018-07-13,105.25,105.30000305175781,103.94999694824219,104.55000305175781
2018-07-16,105.25,107.55000305175781,104.80000305175781,106.92500305175781
2018-07-17,107.4749984741211,107.5999984741211,106.125,106.42500305175781
2018-07-18,106.67500305175781,109.1500015258789,106.3499984741211,108.94999694824219
2018-07-19,109.05000305175781,109.30000305175781,108.55000305175781,108.9000015258789
2018-07-20,108.92500305175781,109.3499984741211,108.2750015258789,108.92500305175781
2018-07-23,109.3499984741211,109.4000015258789,108.44999694824219,108.7249984741211
2018-07-24,108.8499984741211,108.8499984741211,107.69999694824219,108.05000305175781
2018-07-25,108.25,109.67500305175781,107.75,109.0250015258789
2018-07-26,109.7750015258789,110.67500305175781,106.80000305175781,107.94999694824219
2018-07-27,108.0999984741211,109.1500015258789,107.44999694824219,108.625
2018-07-30,108.7249984741211,109.4000015258789,107.9000015258789,108.42500305175781
2018-07-31,108.25,108.5,107.55000305175781,107.67500305175781
2018-08-01,107.67500305175781,109.19999694824219,107.5,108.625
2018-08-02,109.0,109.07499694824219,107.9749984741211,108.5999984741211
2018-08-03,108.5250015258789,110.94999694824219,108.2750015258789,110.67500305175781
2018-08-06,111.0999984741211,111.0999984741211,110.25,110.4000015258789
2018-08-07,110.5999984741211,110.75,109.2750015258789,110.07499694824219
2018-08-08,110.0,110.05000305175781,109.4000015258789,109.82499694824219
2018-08-09,109.7750015258789,109.7750015258789,107.9749984741211,108.25
2018-08-10,108.19999694824219,108.7249984741211,107.1500015258789,108.25
2018-08-13,107.75,108.125,107.05000305175781,107.19999694824219
2018-08-14,107.19999694824219,108.07499694824219,107.07499694824219,107.9749984741211
2018-08-15,107.80000305175781,109.07499694824219,107.75,108.32499694824219
2018-08-16,108.5250015258789,109.0,108.0999984741211,108.32499694824219
2018-08-17,108.375,109.75,107.9749984741211,109.42500305175781
2018-08-20,109.5,109.57499694824219,108.75,109.07499694824219
2018-08-21,109.17500305175781,109.6500015258789,108.80000305175781,109.2750015258789
2018-08-22,109.0,109.0,107.67500305175781,108.2249984741211
2018-08-23,108.0250015258789,108.19999694824219,107.4749984741211,107.94999694824219
2018-08-24,107.625,108.0250015258789,106.0,106.25
2018-08-27,106.07499694824219,108.44999694824219,105.69999694824219,108.19999694824219
2018-08-28,108.42500305175781,108.42500305175781,106.69999694824219,107.80000305175781
2018-08-29,107.80000305175781,109.19999694824219,107.375,109.17500305175781
2018-08-30,109.0,110.4000015258789,109.0,109.80000305175781
2018-08-31,109.4749984741211,109.9749984741211,106.80000305175781,106.80000305175781
2018-09-04,108.67500305175781,110.57499694824219,108.17500305175781,109.875
2018-09-05,110.0,110.0999984741211,108.69999694824219,109.05000305175781
2018-09-06,109.25,109.42500305175781,108.625,108.9000015258789
2018-09-07,108.75,110.0999984741211,108.57499694824219,109.94999694824219
2018-09-10,110.3499984741211,110.7750015258789,109.9749984741211,110.1500015258789
2018-09-11,110.07499694824219,110.17500305175781,109.125,109.30000305175781
2018-09-12,109.30000305175781,111.5999984741211,109.17500305175781,111.4749984741211
2018-09-13,111.5,111.5250015258789,110.17500305175781,110.80000305175781
2018-09-14,111.0999984741211,113.80000305175781,110.94999694824219,113.80000305175781
2018-09-17,113.80000305175781,113.9749984741211,113.0250015258789,113.42500305175781
2018-09-18,113.25,113.57499694824219,113.0250015258789,113.2249984741211
2018-09-19,113.0250015258789,113.42500305175781,112.80000305175781,113.0999984741211
2018-09-20,113.5,113.57499694824219,112.375,112.44999694824219
2018-09-21,112.69999694824219,113.19999694824219,112.0999984741211,113.07499694824219
2018-09-24,112.6500015258789,113.19999694824219,111.875,112.17500305175781
2018-09-25,112.1500015258789,112.5250015258789,111.9000015258789,112.3499984741211
2018-09-26,112.0999984741211,113.94999694824219,112.07499694824219,113.875
2018-09-27,113.82499694824219,113.82499694824219,112.8499984741211,113.2249984741211
2018-09-28,113.1500015258789,113.67500305175781,112.92500305175781,113.44999694824219
2018-10-01,113.69999694824219,114.3499984741211,113.2750015258789,113.67500305175781
2018-10-02,113.69999694824219,114.0999984741211,112.94999694824219,113.9749984741211
2018-10-03,113.94999694824219,114.0250015258789,113.125,113.19999694824219
2018-10-04,113.1500015258789,113.75,112.75,113.625
2018-10-05,113.55000305175781,114.1500015258789,113.3499984741211,113.80000305175781
2018-10-08,113.69999694824219,114.44999694824219,112.94999694824219,114.17500305175781
2018-10-09,113.9749984741211,114.4749984741211,113.19999694824219,113.3499984741211
2018-10-10,112.8499984741211,112.9000015258789,112.05000305175781,112.07499694824219
2018-10-11,112.375,112.8499984741211,112.17500305175781,112.625
2018-10-12,112.7750015258789,113.07499694824219,112.19999694824219,112.32499694824219
2018-10-15,112.17500305175781,113.67500305175781,112.05000305175781,113.375
2018-10-16,113.2750015258789,113.4000015258789,112.44999694824219,112.6500015258789
2018-10-17,112.8499984741211,113.1500015258789,112.5,112.92500305175781
2018-10-18,113.05000305175781,113.4749984741211,111.9749984741211,113.07499694824219
2018-10-19,113.25,113.30000305175781,112.0999984741211,112.25
2018-10-22,112.8499984741211,113.05000305175781,112.30000305175781,112.80000305175781
2018-10-23,112.8499984741211,112.9749984741211,111.9000015258789,112.7750015258789
2018-10-24,113.0999984741211,113.7750015258789,112.69999694824219,113.2750015258789
2018-10-25,113.67500305175781,113.94999694824219,113.25,113.3499984741211
2018-10-26,113.42500305175781,115.0,113.3499984741211,113.875
2018-10-29,114.30000305175781,114.67500305175781,114.125,114.30000305175781
2018-10-30,114.5,114.5,113.55000305175781,113.9000015258789
2018-10-31,114.55000305175781,116.0,113.69999694824219,115.8499984741211
2018-11-01,117.07499694824219,117.4749984741211,116.57499694824219,117.125
2018-11-02,117.5250015258789,117.8499984741211,116.80000305175781,117.07499694824219
2018-11-05,117.2750015258789,117.2750015258789,114.3499984741211,115.32499694824219
2018-11-06,115.2249984741211,115.9000015258789,115.05000305175781,115.42500305175781
2018-11-07,115.625,116.17500305175781,114.69999694824219,116.0999984741211
2018-11-08,115.625,117.2249984741211,115.3499984741211,116.55000305175781
2018-11-09,116.42500305175781,116.42500305175781,113.80000305175781,114.57499694824219
2018-11-12,114.25,115.4000015258789,114.125,114.92500305175781
2018-11-13,114.8499984741211,115.5,113.55000305175781,115.375
2018-11-14,115.32499694824219,115.80000305175781,114.3499984741211,114.5999984741211
2018-11-15,114.5,115.44999694824219,114.1500015258789,115.1500015258789
2018-11-16,114.9000015258789,115.57499694824219,114.5250015258789,115.3499984741211
2018-11-19,115.55000305175781,116.2249984741211,115.4749984741211,116.1500015258789
2018-11-20,116.2750015258789,116.32499694824219,115.375,115.69999694824219
2018-11-21,116.07499694824219,117.07499694824219,115.75,116.4000015258789
2018-11-23,116.9749984741211,117.3499984741211,116.3499984741211,117.0999984741211
2018-11-26,117.32499694824219,117.42500305175781,116.44999694824219,116.92500305175781
2018-11-27,116.9749984741211,117.19999694824219,116.4749984741211,116.69999694824219
2018-11-28,116.69999694824219,117.17500305175781,116.625,116.7750015258789
2018-11-29,117.0250015258789,117.0250015258789,115.5250015258789,116.5999984741211
2018-11-30,116.5250015258789,117.44999694824219,116.32499694824219,116.92500305175781
2018-12-03,117.67500305175781,117.75,116.75,116.875
2018-12-04,116.94999694824219,117.94999694824219,116.75,117.7750015258789
2018-12-06,118.05000305175781,118.44999694824219,117.55000305175781,117.94999694824219
2018-12-07,117.94999694824219,118.2750015258789,117.3499984741211,117.9000015258789
2018-12-10,118.0,118.05000305175781,117.4000015258789,117.57499694824219
2018-12-11,117.42500305175781,118.7750015258789,117.07499694824219,118.375
2018-12-12,118.375,119.30000305175781,118.1500015258789,119.125
2018-12-13,119.1500015258789,119.55000305175781,119.0,119.44999694824219
2018-12-14,119.125,119.8499984741211,119.0999984741211,119.57499694824219
2018-12-17,119.19999694824219,119.30000305175781,118.5999984741211,119.0250015258789
2018-12-18,119.0250015258789,120.0999984741211,118.7249984741211,119.7750015258789
2018-12-19,119.4749984741211,120.05000305175781,119.42500305175781,119.7249984741211
2018-12-20,119.75,120.42500305175781,119.2249984741211,120.2249984741211
2018-12-21,120.44999694824219,121.05000305175781,120.3499984741211,120.875
2018-12-24,120.57499694824219,121.25,120.5,120.875
2018-12-26,121.42500305175781,121.8499984741211,120.80000305175781,121.3499984741211
2018-12-27,121.7750015258789,123.9000015258789,121.7249984741211,122.92500305175781
2018-12-28,123.4749984741211,124.5,123.4749984741211,124.07499694824219
2018-12-31,124.5,125.57499694824219,124.5,124.80000305175781
2019-01-02,124.0999984741211,124.19999694824219,123.375,123.5250015258789
2019-01-03,123.6500015258789,123.875,122.3499984741211,123.2249984741211
2019-01-04,123.30000305175781,123.30000305175781,121.75,121.92500305175781
2019-01-07,121.80000305175781,123.4000015258789,121.42500305175781,123.19999694824219
2019-01-08,123.19999694824219,125.4749984741211,122.875,125.30000305175781
2019-01-09,125.0999984741211,125.4000015258789,124.7249984741211,124.80000305175781
2019-01-10,124.6500015258789,125.1500015258789,124.57499694824219,124.875
2019-01-11,125.0250015258789,125.6500015258789,124.7249984741211,124.9749984741211
2019-01-14,125.0,125.625,124.7750015258789,125.42500305175781
2019-01-15,125.4000015258789,127.0999984741211,125.25,126.94999694824219
2019-01-16,127.17500305175781,127.94999694824219,126.7249984741211,127.82499694824219
2019-01-17,127.67500305175781,127.69999694824219,126.25,127.0999984741211
2019-01-18,127.0250015258789,127.17500305175781,126.2249984741211,126.5250015258789
2019-01-22,125.9000015258789,126.0250015258789,124.8499984741211,125.125
2019-01-23,125.125,125.625,124.69999694824219,125.55000305175781
2019-01-24,125.55000305175781,125.625,124.92500305175781,125.3499984741211
2019-01-25,125.2249984741211,126.3499984741211,125.0,126.05000305175781
2019-01-28,125.92500305175781,126.5999984741211,125.57499694824219,126.4000015258789
2019-01-29,126.5250015258789,126.7249984741211,126.0999984741211,126.4749984741211
2019-01-30,126.5999984741211,126.625,126.05000305175781,126.1500015258789
2019-01-31,126.1500015258789,127.125,124.7249984741211,124.80000305175781
2019-02-01,125.0,125.7249984741211,124.8499984741211,125.44999694824219
2019-02-04,125.8499984741211,126.6500015258789,125.5,125.7249984741211
2019-02-05,125.8499984741211,126.8499984741211,125.8499984741211,126.69999694824219
2019-02-06,126.4000015258789,126.67500305175781,126.0250015258789,126.4000015258789
2019-02-07,126.0,126.7750015258789,125.9000015258789,126.30000305175781
2019-02-08,126.5250015258789,127.4749984741211,126.4000015258789,127.375
2019-02-11,127.25,127.9000015258789,127.0250015258789,127.82499694824219
2019-02-12,127.82499694824219,127.8499984741211,126.7750015258789,126.82499694824219
2019-02-13,126.55000305175781,126.7249984741211,125.875,125.94999694824219
2019-02-14,125.8499984741211,126.25,125.5250015258789,126.125
2019-02-15,126.30000305175781,126.69999694824219,126.0250015258789,126.625
2019-02-19,126.9749984741211,128.52499389648438,126.8499984741211,127.875
2019-02-20,127.8499984741211,128.375,127.80000305175781,128.3249969482422
2019-02-21,128.4499969482422,128.60000610351562,127.32499694824219,127.625
2019-02-22,127.69999694824219,128.75,127.67500305175781,128.6750030517578
2019-02-25,128.6750030517578,129.0,128.0,128.5500030517578
2019-02-26,128.9250030517578,129.8249969482422,128.77499389648438,129.5749969482422
2019-02-27,129.5749969482422,129.72500610351562,129.125,129.39999389648438
2019-02-28,129.5749969482422,129.9499969482422,128.4499969482422,129.9499969482422
2019-03-01,130.14999389648438,130.4499969482422,129.02499389648438,129.5500030517578
2019-03-04,129.8000030517578,129.8000030517578,128.125,128.35000610351562
2019-03-05,128.27499389648438,129.0749969482422,128.10000610351562,128.8249969482422
2019-03-06,128.8249969482422,129.125,128.4499969482422,128.89999389648438
2019-03-07,128.8000030517578,129.22500610351562,128.6999969482422,128.9499969482422
2019-03-08,128.89999389648438,129.875,128.52499389648438,129.6750030517578
2019-03-11,129.5,129.64999389648438,128.60000610351562,129.0
2019-03-12,129.1750030517578,129.39999389648438,126.32499694824219,126.6500015258789
2019-03-13,126.5999984741211,127.5999984741211,126.3499984741211,126.67500305175781
2019-03-14,127.0,127.875,126.94999694824219,127.4000015258789
2019-03-15,127.55000305175781,129.25,127.05000305175781,129.10000610351562
2019-03-18,129.25,129.6999969482422,128.1999969482422,128.3249969482422
2019-03-19,128.5500030517578,129.9499969482422,128.1750030517578,129.125
2019-03-20,129.39999389648438,129.85000610351562,128.89999389648438,129.5749969482422
2019-03-21,129.6750030517578,130.4499969482422,128.97500610351562,129.89999389648438
2019-03-22,130.0,130.25,128.77499389648438,129.72500610351562
2019-03-25,128.77499389648438,128.97500610351562,127.375,127.57499694824219
2019-03-26,127.4000015258789,127.75,126.8499984741211,126.9000015258789
2019-03-27,127.0,127.2249984741211,125.92500305175781,126.25
2019-03-28,126.25,126.69999694824219,126.0,126.5250015258789
2019-03-29,126.82499694824219,126.82499694824219,125.625,125.69999694824219
2019-04-01,125.69999694824219,127.2750015258789,125.625,126.17500305175781
2019-04-02,126.3499984741211,126.92500305175781,126.19999694824219,126.2750015258789
2019-04-03,126.44999694824219,126.7249984741211,125.55000305175781,125.7750015258789
2019-04-04,125.7750015258789,127.80000305175781,125.57499694824219,127.55000305175781
2019-04-05,127.44999694824219,127.5,125.8499984741211,126.05000305175781
2019-04-08,126.0999984741211,126.19999694824219,125.07499694824219,125.80000305175781
2019-04-09,126.05000305175781,126.55000305175781,125.5999984741211,125.9000015258789
2019-04-10,125.82499694824219,126.32499694824219,125.375,125.875
2019-04-11,126.0,126.875,125.75,126.0
2019-04-12,126.0,126.7249984741211,125.5999984741211,126.55000305175781
2019-04-15,127.0,127.0,126.0250015258789,126.30000305175781
2019-04-16,126.80000305175781,127.57499694824219,126.4000015258789,127.1500015258789
2019-04-17,127.4749984741211,127.4749984741211,126.5250015258789,126.92500305175781
2019-04-18,127.25,128.60000610351562,127.0999984741211,128.52499389648438
2019-04-22,128.52499389648438,128.6999969482422,128.0,128.5
2019-04-23,128.60000610351562,128.875,128.14999389648438,128.3249969482422
2019-04-24,128.4499969482422,128.5,126.4000015258789,126.7750015258789
2019-04-25,126.82499694824219,126.82499694824219,123.94999694824219,124.05000305175781
2019-04-26,124.42500305175781,125.0999984741211,123.9000015258789,124.55000305175781
2019-04-29,124.55000305175781,125.19999694824219,124.3499984741211,124.7750015258789
2019-04-30,124.94999694824219,125.75,123.75,123.75
2019-05-01,114.42500305175781,114.7750015258789,113.7750015258789,113.875
2019-05-02,114.30000305175781,114.4749984741211,113.44999694824219,113.67500305175781
2019-05-03,113.67500305175781,114.4749984741211,113.2249984741211,113.42500305175781
2019-05-06,112.7249984741211,114.875,111.875,112.2750015258789
2019-05-07,112.5,112.92500305175781,111.9749984741211,112.2750015258789
2019-05-08,112.4749984741211,112.80000305175781,110.92500305175781,111.07499694824219
2019-05-09,110.875,112.25,110.875,111.94999694824219
2019-05-10,112.0,113.7249984741211,111.375,112.44999694824219
2019-05-13,112.07499694824219,112.17500305175781,109.5999984741211,109.75
2019-05-14,110.0999984741211,111.55000305175781,109.3499984741211,109.5
2019-05-15,109.75,110.2750015258789,109.19999694824219,109.67500305175781
2019-05-16,109.7249984741211,111.0250015258789,109.05000305175781,110.4749984741211
2019-05-17,111.0,112.5,110.625,111.2750015258789
2019-05-20,111.75,111.80000305175781,110.80000305175781,111.3499984741211
2019-05-21,111.8499984741211,111.875,110.4000015258789,110.8499984741211
2019-05-22,110.7249984741211,111.25,110.32499694824219,110.6500015258789
2019-05-23,110.75,111.6500015258789,110.55000305175781,110.80000305175781
2019-05-24,110.92500305175781,111.30000305175781,110.5999984741211,111.17500305175781
2019-05-28,111.9749984741211,112.42500305175781,111.0,111.55000305175781
2019-05-29,111.30000305175781,112.55000305175781,111.125,112.3499984741211
2019-05-30,112.44999694824219,113.0250015258789,109.9000015258789,110.07499694824219
2019-05-31,110.07499694824219,110.9000015258789,107.6500015258789,108.4749984741211
2019-06-03,108.94999694824219,109.30000305175781,106.5250015258789,106.7750015258789
2019-06-04,107.3499984741211,108.05000305175781,107.0999984741211,107.55000305175781
2019-06-05,107.75,108.3499984741211,107.44999694824219,107.8499984741211
2019-06-06,108.05000305175781,108.25,107.30000305175781,107.5999984741211
2019-06-07,107.8499984741211,108.19999694824219,106.5,106.92500305175781
2019-06-10,107.5,109.75,106.80000305175781,109.69999694824219
2019-06-11,109.80000305175781,110.8499984741211,109.7249984741211,110.67500305175781
2019-06-12,110.82499694824219,111.0,108.7750015258789,109.6500015258789
2019-06-13,109.7249984741211,109.9000015258789,108.30000305175781,109.05000305175781
2019-06-14,109.1500015258789,109.375,108.5999984741211,108.7750015258789
2019-06-17,108.92500305175781,109.4749984741211,108.44999694824219,109.44999694824219
2019-06-18,109.5,109.8499984741211,109.17500305175781,109.44999694824219
2019-06-19,109.25,109.3499984741211,108.3499984741211,108.5
2019-06-20,108.7249984741211,109.0999984741211,108.0,108.17500305175781
2019-06-21,108.30000305175781,108.30000305175781,106.42500305175781,106.55000305175781
2019-06-24,106.7750015258789,107.4000015258789,106.32499694824219,106.92500305175781
2019-06-25,107.2249984741211,107.875,107.0,107.75
2019-06-26,107.875,109.55000305175781,107.875,109.0
2019-06-27,109.2249984741211,111.0,109.1500015258789,110.57499694824219
2019-06-28,110.875,112.32499694824219,110.30000305175781,110.5
2019-07-01,105.0,105.3499984741211,103.75,104.0999984741211
2019-07-02,104.1500015258789,105.19999694824219,103.875,104.0999984741211
2019-07-03,104.4749984741211,106.1500015258789,104.30000305175781,105.44999694824219
2019-07-05,106.44999694824219,107.80000305175781,106.4000015258789,107.0
2019-07-08,107.0999984741211,107.32499694824219,106.07499694824219,106.1500015258789
2019-07-09,106.2750015258789,108.42500305175781,105.8499984741211,108.125
2019-07-10,107.9749984741211,108.125,107.25,107.625
2019-07-11,107.75,108.05000305175781,107.0999984741211,107.875
2019-07-12,108.19999694824219,108.7249984741211,107.7249984741211,108.4749984741211
2019-07-15,108.2750015258789,108.9749984741211,107.57499694824219,108.5
2019-07-16,108.6500015258789,108.6500015258789,107.80000305175781,108.2249984741211
2019-07-17,108.25,108.25,107.375,108.125
2019-07-18,108.4749984741211,108.5,107.17500305175781,107.4000015258789
2019-07-19,107.4749984741211,107.8499984741211,107.0999984741211,107.5999984741211
2019-07-22,107.75,108.5,107.4000015258789,108.44999694824219
2019-07-23,108.19999694824219,109.19999694824219,108.19999694824219,109.05000305175781
2019-07-24,109.0,109.2750015258789,108.6500015258789,108.9000015258789
2019-07-25,108.9000015258789,109.32499694824219,108.55000305175781,108.6500015258789
2019-07-26,108.7249984741211,109.0999984741211,108.55000305175781,108.6500015258789
2019-07-29,109.125,109.5999984741211,108.57499694824219,108.6500015258789
2019-07-30,108.5,108.55000305175781,107.5,108.0999984741211
2019-07-31,108.4749984741211,108.4749984741211,106.57499694824219,106.9000015258789
2019-08-01,107.125,108.92500305175781,106.9000015258789,107.875
2019-08-02,108.19999694824219,108.5,107.55000305175781,107.6500015258789
2019-08-05,107.44999694824219,108.69999694824219,105.0999984741211,107.80000305175781
2019-08-06,108.0,108.75,106.9749984741211,107.125
2019-08-07,107.125,108.25,106.9000015258789,107.5999984741211
2019-08-08,107.7249984741211,108.25,107.42500305175781,107.94999694824219
2019-08-09,108.0,108.4000015258789,107.55000305175781,108.05000305175781
2019-08-12,105.05000305175781,105.05000305175781,105.05000305175781,105.05000305175781
2019-08-13,100.55000305175781,101.5,100.55000305175781,100.55000305175781
2019-08-14,100.0,101.1500015258789,99.75,100.19999694824219
2019-08-15,100.5,101.30000305175781,100.0,100.19999694824219
2019-08-16,100.80000305175781,101.0,99.69999694824219,99.92500305175781
2019-08-19,100.5999984741211,101.75,100.1500015258789,100.19999694824219
2019-08-20,100.5,102.1500015258789,100.5,101.80000305175781
2019-08-21,102.0,103.30000305175781,102.0,102.67500305175781
2019-08-22,103.1500015258789,105.07499694824219,103.0250015258789,104.9749984741211
2019-08-23,105.05000305175781,105.125,104.0,104.625
2019-08-26,105.4000015258789,105.75,104.5,105.4749984741211
2019-08-27,105.5,105.55000305175781,104.69999694824219,104.75
2019-08-28,104.75,105.75,104.75,105.07499694824219
2019-08-29,105.19999694824219,105.94999694824219,105.07499694824219,105.6500015258789
2019-08-30,105.6500015258789,105.75,104.625,105.0
2019-09-03,98.9749984741211,99.9000015258789,98.4749984741211,99.2750015258789
2019-09-04,99.2750015258789,99.55000305175781,98.6500015258789,99.0250015258789
2019-09-05,99.32499694824219,99.32499694824219,97.17500305175781,97.875
2019-09-06,97.4000015258789,97.44999694824219,94.875,94.875
2019-09-09,94.5999984741211,95.25,93.4000015258789,94.19999694824219
2019-09-10,93.9000015258789,96.5999984741211,93.75,96.1500015258789
2019-09-11,96.44999694824219,99.0250015258789,95.9749984741211,98.5
2019-09-12,99.0250015258789,99.5,97.67500305175781,98.7249984741211
2019-09-13,98.9749984741211,99.55000305175781,98.0,98.07499694824219
2019-09-16,98.30000305175781,99.3499984741211,97.7249984741211,98.0
2019-09-17,98.19999694824219,99.9000015258789,97.625,99.3499984741211
2019-09-18,99.3499984741211,100.5,99.0,100.375
2019-09-19,100.25,100.625,99.625,99.80000305175781
2019-09-20,99.92500305175781,100.125,98.94999694824219,99.3499984741211
2019-09-23,100.5,102.0999984741211,100.5,101.8499984741211
2019-09-24,101.75,102.8499984741211,101.6500015258789,102.125
2019-09-25,102.30000305175781,103.25,102.0250015258789,103.0
2019-09-26,103.0999984741211,103.3499984741211,102.55000305175781,102.94999694824219
2019-09-27,103.25,105.25,103.19999694824219,105.0250015258789
2019-09-30,105.125,105.19999694824219,104.32499694824219,104.57499694824219
2019-10-01,104.625,105.17500305175781,104.25,104.625
2019-10-02,104.8499984741211,106.30000305175781,104.5,106.05000305175781
2019-10-03,106.125,107.0,105.82499694824219,106.80000305175781
2019-10-04,106.6500015258789,107.80000305175781,106.30000305175781,107.3499984741211
2019-10-07,107.57499694824219,108.4749984741211,107.3499984741211,108.25
2019-10-08,108.4749984741211,108.8499984741211,108.07499694824219,108.17500305175781
2019-10-09,108.25,108.8499984741211,107.8499984741211,108.4749984741211
2019-10-10,108.44999694824219,108.92500305175781,108.07499694824219,108.7249984741211
2019-10-11,108.80000305175781,109.5999984741211,108.6500015258789,109.44999694824219
2019-10-14,109.69999694824219,110.8499984741211,109.5999984741211,110.625
2019-10-15,110.7750015258789,111.0999984741211,110.2249984741211,111.0
2019-10-16,111.0,112.5,111.0,112.3499984741211
2019-10-17,112.30000305175781,112.5,111.6500015258789,112.4000015258789
2019-10-18,112.5,112.5,109.55000305175781,110.4749984741211
2019-10-21,110.4000015258789,111.1500015258789,109.7249984741211,110.94999694824219
2019-10-22,110.75,110.9000015258789,109.69999694824219,109.875
2019-10-23,109.5250015258789,110.44999694824219,108.92500305175781,110.19999694824219
2019-10-24,110.5999984741211,111.5,110.0,110.42500305175781
2019-10-25,110.5,112.0999984741211,110.375,111.9749984741211
2019-10-28,112.57499694824219,113.0,111.80000305175781,112.875
2019-10-29,112.75,113.3499984741211,112.17500305175781,113.3499984741211
2019-10-30,113.05000305175781,114.42500305175781,112.69999694824219,113.375
2019-10-31,113.5,114.1500015258789,111.0,111.67500305175781
2019-11-01,117.2249984741211,119.69999694824219,117.125,119.5250015258789
2019-11-04,119.5250015258789,120.32499694824219,119.05000305175781,120.07499694824219
2019-11-05,120.0,120.1500015258789,118.9000015258789,119.44999694824219
2019-11-06,119.2249984741211,119.5999984741211,118.19999694824219,119.0
2019-11-07,119.19999694824219,119.7750015258789,118.5999984741211,119.0
2019-11-08,119.07499694824219,119.6500015258789,118.5250015258789,119.25
2019-11-11,119.44999694824219,119.94999694824219,118.82499694824219,119.875
2019-11-12,119.69999694824219,119.9749984741211,119.05000305175781,119.75
2019-11-13,119.82499694824219,119.8499984741211,117.3499984741211,118.0999984741211
2019-11-14,117.80000305175781,119.2750015258789,117.69999694824219,119.07499694824219
2019-11-15,119.07499694824219,119.42500305175781,118.57499694824219,119.0999984741211
2019-11-18,119.0999984741211,119.1500015258789,118.5,118.69999694824219
2019-11-19,118.67500305175781,118.9000015258789,117.69999694824219,118.7750015258789
2019-11-20,118.55000305175781,119.5250015258789,118.1500015258789,119.30000305175781
2019-11-21,119.4000015258789,119.94999694824219,119.07499694824219,119.32499694824219
2019-11-22,119.0999984741211,119.3499984741211,118.25,118.67500305175781
2019-11-25,119.0,120.5250015258789,118.8499984741211,119.69999694824219
2019-11-26,119.9000015258789,120.7750015258789,119.5999984741211,120.4000015258789
2019-11-27,120.7750015258789,121.8499984741211,120.3499984741211,121.42500305175781
2019-11-29,121.8499984741211,122.07499694824219,120.92500305175781,121.19999694824219
2019-12-02,120.9749984741211,121.07499694824219,120.2750015258789,120.75
2019-12-03,120.75,120.94999694824219,120.2750015258789,120.55000305175781
2019-12-04,120.5999984741211,120.69999694824219,119.4000015258789,119.44999694824219
2019-12-05,119.5,120.55000305175781,119.2750015258789,119.92500305175781
2019-12-06,120.0,120.4749984741211,119.67500305175781,120.19999694824219
2019-12-09,120.19999694824219,120.82499694824219,120.0,120.17500305175781
2019-12-10,120.375,120.55000305175781,119.82499694824219,119.875
2019-12-11,119.9000015258789,120.6500015258789,119.9000015258789,120.57499694824219
2019-12-12,120.4000015258789,120.6500015258789,119.94999694824219,120.42500305175781
2019-12-13,120.7249984741211,122.625,120.4749984741211,122.375
2019-12-16,122.5,122.875,122.0,122.30000305175781
2019-12-17,122.30000305175781,122.8499984741211,122.19999694824219,122.2249984741211
2019-12-18,122.30000305175781,122.6500015258789,121.82499694824219,122.25
2019-12-19,122.1500015258789,122.7249984741211,121.92500305175781,122.125
2019-12-20,122.2249984741211,122.4000015258789,121.80000305175781,122.2249984741211
2019-12-23,122.0,122.80000305175781,121.75,122.4000015258789
2019-12-24,122.44999694824219,122.7249984741211,122.25,122.6500015258789
2019-12-26,122.6500015258789,123.2750015258789,122.55000305175781,123.2750015258789
2019-12-27,123.30000305175781,123.875,123.19999694824219,123.5
2019-12-30,123.6500015258789,124.125,123.57499694824219,124.0999984741211
2019-12-31,124.4000015258789,124.75,124.4000015258789,124.69999694824219
2020-01-02,126.0,126.32499694824219,124.55000305175781,125.7750015258789
2020-01-03,125.7750015258789,125.94999694824219,124.57499694824219,124.7249984741211
2020-01-06,125.0,127.42500305175781,124.75,127.2750015258789
2020-01-07,127.0,127.25,125.7750015258789,126.5250015258789
2020-01-08,126.44999694824219,126.94999694824219,126.0250015258789,126.3499984741211
2020-01-09,126.3499984741211,127.17500305175781,126.05000305175781,126.7249984741211
2020-01-10,126.625,127.55000305175781,126.42500305175781,127.42500305175781
2020-01-13,127.3499984741211,127.4000015258789,126.44999694824219,126.55000305175781
2020-01-14,126.6500015258789,127.25,126.30000305175781,126.8499984741211
2020-01-15,126.9749984741211,127.2249984741211,126.07499694824219,126.5999984741211
2020-01-16,126.92500305175781,126.92500305175781,124.7750015258789,126.125
2020-01-17,126.2249984741211,126.42500305175781,125.25,126.3499984741211
2020-01-21,126.0250015258789,126.55000305175781,125.8499984741211,126.375
2020-01-22,126.375,126.4749984741211,125.9000015258789,126.17500305175781
2020-01-23,126.1500015258789,126.32499694824219,124.57499694824219,124.67500305175781
2020-01-24,124.82499694824219,125.2249984741211,124.0999984741211,124.8499984741211
2020-01-27,123.9000015258789,124.0,122.19999694824219,122.25
2020-01-28,122.4000015258789,123.0999984741211,122.0999984741211,122.1500015258789
2020-01-29,122.3499984741211,122.5250015258789,121.7249984741211,121.75
2020-01-30,122.07499694824219,122.19999694824219,121.125,121.7750015258789
2020-01-31,121.8499984741211,122.6500015258789,121.30000305175781,121.375
2020-02-03,121.4000015258789,122.1500015258789,120.7249984741211,121.67500305175781
2020-02-04,122.5,122.7249984741211,121.57499694824219,121.625
2020-02-05,122.07499694824219,122.07499694824219,120.55000305175781,120.75
2020-02-06,120.7750015258789,121.5999984741211,120.0999984741211,121.125
2020-02-07,121.0,121.4749984741211,120.82499694824219,121.32499694824219
2020-02-10,121.25,121.30000305175781,120.25,120.30000305175781
2020-02-11,120.19999694824219,120.30000305175781,119.05000305175781,119.07499694824219
2020-02-12,119.0,119.57499694824219,118.6500015258789,118.94999694824219
2020-02-13,119.0999984741211,119.69999694824219,118.44999694824219,119.44999694824219
2020-02-14,119.7750015258789,122.3499984741211,119.7750015258789,120.82499694824219
2020-02-18,121.5,122.0,120.75,121.42500305175781
2020-02-19,121.05000305175781,121.5,120.9000015258789,121.30000305175781
2020-02-20,121.5250015258789,121.5250015258789,119.9000015258789,120.0999984741211
2020-02-21,120.17500305175781,120.17500305175781,118.80000305175781,119.7249984741211
2020-02-24,118.0250015258789,118.2750015258789,116.80000305175781,117.0
2020-02-25,117.7750015258789,117.7750015258789,114.9749984741211,115.0250015258789
2020-02-26,115.57499694824219,115.69999694824219,113.57499694824219,114.07499694824219
2020-02-27,113.75,114.19999694824219,110.25,112.625
2020-02-28,111.0,113.4000015258789,110.5,112.69999694824219
2020-03-02,108.32499694824219,110.57499694824219,108.2750015258789,110.1500015258789
2020-03-03,111.9000015258789,112.6500015258789,109.5,110.0999984741211
2020-03-04,111.1500015258789,112.44999694824219,110.25,111.2750015258789
2020-03-05,110.42500305175781,110.55000305175781,108.5,108.6500015258789
2020-03-06,107.25,108.17500305175781,105.6500015258789,105.75
2020-03-09,102.75,105.2249984741211,102.75,102.8499984741211
2020-03-10,105.0,105.8499984741211,104.80000305175781,105.44999694824219
2020-03-11,105.2249984741211,106.8499984741211,102.80000305175781,103.07499694824219
2020-03-12,100.07499694824219,100.07499694824219,100.07499694824219,100.07499694824219
2020-03-13,102.375,103.0250015258789,95.57499694824219,95.57499694824219
2020-03-16,91.07499694824219,99.9749984741211,91.07499694824219,91.8499984741211
2020-03-17,94.05000305175781,96.3499984741211,94.0,96.3499984741211
2020-03-18,95.7750015258789,100.8499984741211,91.8499984741211,92.0999984741211
2020-03-19,95.07499694824219,95.0999984741211,94.4749984741211,95.0999984741211
2020-03-20,99.5999984741211,99.5999984741211,97.0999984741211,98.6500015258789
2020-03-23,101.6500015258789,101.6500015258789,101.6500015258789,101.6500015258789
2020-03-24,106.1500015258789,106.1500015258789,106.1500015258789,106.1500015258789
2020-03-25,110.6500015258789,110.6500015258789,104.25,108.44999694824219
2020-03-26,108.5,108.55000305175781,105.44999694824219,105.44999694824219
2020-03-27,103.32499694824219,104.0999984741211,100.94999694824219,100.94999694824219
2020-03-30,100.5,102.0,98.4000015258789,99.19999694824219
2020-03-31,99.0,102.19999694824219,97.80000305175781,101.82499694824219
2020-04-01,99.0999984741211,100.0,97.32499694824219,97.32499694824219
2020-04-02,96.5,96.5,92.82499694824219,92.82499694824219
2020-04-03,91.05000305175781,95.25,88.32499694824219,88.32499694824219
2020-04-06,83.82499694824219,85.75,83.82499694824219,83.82499694824219
2020-04-07,85.75,88.32499694824219,85.75,88.32499694824219
2020-04-08,92.82499694824219,92.82499694824219,91.5999984741211,92.82499694824219
2020-04-09,93.0,94.57499694824219,90.55000305175781,94.0
2020-04-13,91.0999984741211,91.5250015258789,91.0,91.0
2020-04-14,91.25,94.80000305175781,90.42500305175781,93.69999694824219
2020-04-15,92.5,95.5,92.19999694824219,94.7249984741211
2020-04-16,94.42500305175781,97.67500305175781,94.42500305175781,95.5
2020-04-17,96.5,96.69999694824219,93.05000305175781,94.6500015258789
2020-04-20,94.875,95.0,93.1500015258789,93.5250015258789
2020-04-21,93.5,93.5,90.5250015258789,91.5999984741211
2020-04-22,91.5999984741211,92.25,88.5999984741211,88.94999694824219
2020-04-23,88.75,88.75,85.94999694824219,85.94999694824219
2020-04-24,84.44999694824219,86.5999984741211,81.44999694824219,84.9749984741211
2020-04-27,87.82499694824219,87.82499694824219,84.5999984741211,84.80000305175781
2020-04-28,84.80000305175781,85.75,84.69999694824219,85.5250015258789
2020-04-29,86.0999984741211,89.5,84.9000015258789,85.5999984741211
2020-04-30,87.9000015258789,90.4000015258789,85.0,90.0
2020-05-01,86.5,88.94999694824219,85.7249984741211,87.25
2020-05-04,87.7249984741211,89.7249984741211,87.25,88.07499694824219
2020-05-05,88.7750015258789,88.9000015258789,85.94999694824219,86.4749984741211
2020-05-06,86.32499694824219,89.4749984741211,86.1500015258789,89.4749984741211
2020-05-07,91.75,93.9749984741211,91.625,93.9749984741211
2020-05-08,96.0,98.4749984741211,93.69999694824219,94.6500015258789
2020-05-11,95.6500015258789,96.125,92.0250015258789,92.67500305175781
2020-05-12,93.19999694824219,97.17500305175781,93.1500015258789,97.17500305175781
2020-05-13,97.5,98.8499984741211,93.4749984741211,93.875
2020-05-14,93.9000015258789,95.8499984741211,93.0250015258789,94.125
2020-05-15,94.6500015258789,97.125,94.125,97.0
2020-05-18,98.0,100.0,97.17500305175781,98.7249984741211
2020-05-19,98.5999984741211,99.25,97.42500305175781,98.7750015258789
2020-05-20,99.0,99.7750015258789,97.82499694824219,98.4000015258789
2020-05-21,98.7750015258789,99.19999694824219,97.9749984741211,98.80000305175781
2020-05-22,98.375,99.0,96.7750015258789,97.69999694824219
2020-05-26,98.375,99.82499694824219,97.8499984741211,99.4000015258789
2020-05-27,99.9749984741211,101.0,99.44999694824219,100.80000305175781
2020-05-28,100.80000305175781,101.5999984741211,100.4000015258789,101.4749984741211
2020-05-29,101.4000015258789,101.4000015258789,98.82499694824219,99.7249984741211
2020-06-01,99.19999694824219,99.4749984741211,97.0999984741211,98.30000305175781
2020-06-02,98.5,98.5,95.30000305175781,95.30000305175781
2020-06-03,95.0250015258789,95.75,94.0,95.44999694824219
2020-06-04,95.32499694824219,96.0,95.17500305175781,95.7249984741211
2020-06-05,95.75,95.94999694824219,93.3499984741211,93.9000015258789
2020-06-08,94.5250015258789,94.82499694824219,93.69999694824219,94.125
2020-06-09,93.75,96.80000305175781,93.75,96.32499694824219
2020-06-10,96.30000305175781,97.32499694824219,95.75,96.5999984741211
2020-06-11,96.4000015258789,97.375,95.375,96.82499694824219
2020-06-12,96.9000015258789,97.4749984741211,95.875,96.07499694824219
2020-06-15,95.375,96.5,93.92500305175781,96.07499694824219
2020-06-16,96.55000305175781,97.375,95.7750015258789,96.32499694824219
2020-06-17,96.0,96.6500015258789,95.75,96.5
2020-06-18,96.5,96.625,95.75,96.07499694824219
2020-06-19,95.67500305175781,96.17500305175781,94.5,94.69999694824219
2020-06-22,94.0250015258789,94.55000305175781,93.80000305175781,94.4000015258789
2020-06-23,94.32499694824219,95.2249984741211,93.4000015258789,93.5250015258789
2020-06-24,94.0250015258789,94.875,93.125,93.30000305175781
2020-06-25,93.67500305175781,94.375,93.67500305175781,94.17500305175781
2020-06-26,93.9749984741211,94.94999694824219,93.0250015258789,94.69999694824219
2020-06-29,94.5,95.1500015258789,94.5,95.0
2020-06-30,95.1500015258789,95.1500015258789,91.375,91.6500015258789
2020-07-01,96.69999694824219,97.80000305175781,96.19999694824219,97.30000305175781
2020-07-02,97.5999984741211,100.1500015258789,97.1500015258789,99.4000015258789
2020-07-06,100.25,101.42500305175781,99.7249984741211,100.0999984741211
2020-07-07,100.0,100.375,99.5999984741211,100.0
2020-07-08,100.0,100.125,98.92500305175781,99.1500015258789
2020-07-09,99.2249984741211,100.42500305175781,99.0,99.25
2020-07-10,99.5250015258789,100.2249984741211,99.17500305175781,100.0
2020-07-13,100.2249984741211,100.82499694824219,99.5,99.6500015258789
2020-07-14,99.57499694824219,99.94999694824219,98.55000305175781,98.80000305175781
2020-07-15,98.9000015258789,101.80000305175781,98.42500305175781,101.30000305175781
2020-07-16,101.57499694824219,103.875,101.25,103.2750015258789
2020-07-17,103.125,103.57499694824219,102.7249984741211,103.2750015258789
2020-07-20,103.07499694824219,103.4000015258789,101.0250015258789,102.2750015258789
2020-07-21,102.5999984741211,102.5999984741211,101.3499984741211,101.8499984741211
2020-07-22,101.8499984741211,102.0,100.92500305175781,101.5
2020-07-23,101.875,102.4000015258789,100.5999984741211,100.8499984741211
2020-07-24,101.0,101.6500015258789,100.75,101.32499694824219
2020-07-27,102.5,102.67500305175781,100.3499984741211,100.42500305175781
2020-07-28,100.3499984741211,101.44999694824219,100.30000305175781,100.9000015258789
2020-07-29,101.30000305175781,102.0,101.05000305175781,101.44999694824219
2020-07-30,101.7249984741211,102.17500305175781,101.0,101.7249984741211
2020-07-31,102.19999694824219,103.1500015258789,101.75,102.82499694824219
2020-08-03,103.0999984741211,103.42500305175781,102.55000305175781,103.0250015258789
2020-08-04,103.0,103.0,101.94999694824219,102.2750015258789
2020-08-05,102.1500015258789,102.69999694824219,101.7750015258789,102.30000305175781
2020-08-06,102.7750015258789,103.42500305175781,102.25,102.625
2020-08-07,102.5999984741211,103.69999694824219,102.42500305175781,102.80000305175781
2020-08-10,102.80000305175781,103.8499984741211,102.57499694824219,103.5999984741211
2020-08-11,103.5999984741211,104.9000015258789,103.5999984741211,104.6500015258789
2020-08-12,104.75,106.6500015258789,104.75,106.3499984741211
2020-08-13,106.69999694824219,107.3499984741211,106.30000305175781,107.05000305175781
2020-08-14,107.0,107.9749984741211,106.69999694824219,107.5999984741211
2020-08-17,107.69999694824219,108.2249984741211,106.8499984741211,106.9000015258789
2020-08-18,107.0250015258789,107.1500015258789,106.5250015258789,106.7249984741211
2020-08-19,107.0250015258789,107.6500015258789,106.80000305175781,107.4749984741211
2020-08-20,107.5,107.69999694824219,106.7249984741211,107.0250015258789
2020-08-21,106.6500015258789,107.0250015258789,105.625,105.80000305175781
2020-08-24,105.4749984741211,105.67500305175781,105.0250015258789,105.57499694824219
2020-08-25,105.57499694824219,106.125,105.0999984741211,105.5
2020-08-26,105.55000305175781,105.6500015258789,103.5,104.05000305175781
2020-08-27,104.0,104.0999984741211,101.80000305175781,102.9749984741211
2020-08-28,103.25,103.6500015258789,102.0999984741211,103.2249984741211
2020-08-31,104.0,104.5,103.8499984741211,104.5
2020-09-01,105.32499694824219,105.875,104.75,105.4749984741211
2020-09-02,105.44999694824219,105.55000305175781,103.375,104.4749984741211
2020-09-03,104.82499694824219,105.30000305175781,103.57499694824219,103.92500305175781
2020-09-04,104.0,104.7750015258789,103.5,104.44999694824219
2020-09-08,104.0999984741211,105.8499984741211,104.0999984741211,105.7750015258789
2020-09-09,105.375,105.55000305175781,103.69999694824219,104.69999694824219
2020-09-10,104.75,106.17500305175781,104.7249984741211,105.0999984741211
2020-09-11,105.3499984741211,106.07499694824219,104.9749984741211,105.5250015258789
2020-09-14,105.9000015258789,107.55000305175781,105.9000015258789,106.875
2020-09-15,106.8499984741211,107.4000015258789,106.4000015258789,107.0999984741211
2020-09-16,107.0999984741211,107.30000305175781,106.32499694824219,106.7249984741211
2020-09-17,106.57499694824219,106.94999694824219,105.92500305175781,106.7750015258789
2020-09-18,106.92500305175781,107.9749984741211,106.5999984741211,107.3499984741211
2020-09-21,106.67500305175781,106.9749984741211,106.125,106.69999694824219
2020-09-22,106.92500305175781,107.0250015258789,106.1500015258789,106.4749984741211
2020-09-23,106.6500015258789,107.4749984741211,106.625,107.1500015258789
2020-09-24,107.05000305175781,108.19999694824219,106.9749984741211,108.0250015258789
2020-09-25,108.0,108.44999694824219,107.5250015258789,107.57499694824219
2020-09-28,107.19999694824219,108.19999694824219,106.80000305175781,107.94999694824219
2020-09-29,108.32499694824219,109.2249984741211,108.30000305175781,108.9000015258789
2020-09-30,108.9000015258789,109.25,108.375,108.55000305175781
2020-10-01,108.69999694824219,109.42500305175781,108.4749984741211,108.5250015258789
2020-10-02,108.1500015258789,108.42500305175781,107.9000015258789,108.17500305175781
2020-10-05,108.6500015258789,109.1500015258789,108.3499984741211,108.82499694824219
2020-10-06,108.75,109.55000305175781,108.69999694824219,109.19999694824219
2020-10-07,109.0999984741211,110.30000305175781,109.0250015258789,110.17500305175781
2020-10-08,110.25,110.3499984741211,109.6500015258789,109.69999694824219
2020-10-09,109.9000015258789,110.375,109.32499694824219,109.875
2020-10-12,110.30000305175781,110.30000305175781,108.05000305175781,108.3499984741211
2020-10-13,108.80000305175781,108.94999694824219,107.69999694824219,108.82499694824219
2020-10-14,108.8499984741211,109.05000305175781,107.8499984741211,108.375
2020-10-15,108.0999984741211,108.3499984741211,107.5999984741211,107.7750015258789
2020-10-16,107.80000305175781,107.80000305175781,106.8499984741211,107.1500015258789
2020-10-19,107.05000305175781,107.3499984741211,103.80000305175781,104.0
2020-10-20,104.0,104.94999694824219,102.9749984741211,104.125
2020-10-21,104.69999694824219,104.69999694824219,103.25,103.6500015258789
2020-10-22,103.69999694824219,103.82499694824219,103.0,103.32499694824219
2020-10-23,103.19999694824219,104.30000305175781,103.19999694824219,103.3499984741211
2020-10-26,103.17500305175781,104.2750015258789,103.1500015258789,103.9749984741211
2020-10-27,104.19999694824219,105.0250015258789,104.07499694824219,104.8499984741211
2020-10-28,104.6500015258789,106.1500015258789,104.6500015258789,105.8499984741211
2020-10-29,106.25,107.5,105.7750015258789,106.2750015258789
2020-10-30,107.5,107.5250015258789,102.75,105.9749984741211
2020-11-02,108.67500305175781,108.67500305175781,107.32499694824219,108.55000305175781
2020-11-03,108.67500305175781,108.69999694824219,107.57499694824219,107.82499694824219
2020-11-04,107.44999694824219,108.125,106.875,107.875
2020-11-05,108.67500305175781,109.0,107.82499694824219,108.3499984741211
2020-11-06,108.17500305175781,109.125,108.07499694824219,108.6500015258789
2020-11-09,109.4000015258789,111.94999694824219,109.3499984741211,111.82499694824219
2020-11-10,111.42500305175781,112.30000305175781,111.4000015258789,111.875
2020-11-11,111.7249984741211,112.69999694824219,111.19999694824219,112.4000015258789
2020-11-12,112.30000305175781,112.5250015258789,111.69999694824219,111.9749984741211
2020-11-13,111.625,112.0250015258789,109.7750015258789,109.92500305175781
2020-11-16,110.3499984741211,110.69999694824219,109.80000305175781,110.42500305175781
2020-11-17,110.5,111.7750015258789,110.125,111.32499694824219
2020-11-18,111.3499984741211,111.5250015258789,110.44999694824219,110.6500015258789
2020-11-19,110.5,110.625,107.67500305175781,108.25
2020-11-20,108.30000305175781,108.6500015258789,106.5999984741211,108.0999984741211
2020-11-23,108.55000305175781,110.69999694824219,108.5250015258789,110.0
2020-11-24,109.94999694824219,111.67500305175781,109.94999694824219,111.17500305175781
2020-11-25,111.5250015258789,111.6500015258789,110.875,111.375
2020-11-27,111.25,111.7249984741211,110.55000305175781,110.625
2020-11-30,110.19999694824219,110.55000305175781,109.80000305175781,110.17500305175781
2020-12-01,110.2750015258789,110.875,110.25,110.625
2020-12-02,110.19999694824219,110.80000305175781,109.75,110.69999694824219
2020-12-03,110.5999984741211,110.5999984741211,108.94999694824219,109.5999984741211
2020-12-04,109.4000015258789,109.4000015258789,107.9749984741211,108.875
2020-12-07,108.25,108.75,107.80000305175781,108.0
2020-12-08,107.8499984741211,108.2750015258789,107.69999694824219,107.8499984741211
2020-12-09,107.8499984741211,108.07499694824219,107.2249984741211,107.375
2020-12-10,107.2249984741211,108.30000305175781,107.1500015258789,107.92500305175781
2020-12-11,107.80000305175781,109.17500305175781,107.80000305175781,108.75
2020-12-14,108.75,109.19999694824219,108.69999694824219,109.0999984741211
2020-12-15,108.80000305175781,109.32499694824219,108.4000015258789,108.5999984741211
2020-12-16,108.3499984741211,108.8499984741211,108.1500015258789,108.7750015258789
2020-12-17,108.125,109.44999694824219,107.8499984741211,109.3499984741211
2020-12-18,109.5,110.5,109.30000305175781,110.4749984741211
2020-12-21,109.9000015258789,110.7249984741211,109.42500305175781,110.5999984741211
2020-12-22,110.44999694824219,110.5,110.19999694824219,110.32499694824219
2020-12-23,110.32499694824219,111.92500305175781,110.19999694824219,111.92500305175781
2020-12-24,111.92500305175781,112.17500305175781,111.80000305175781,112.1500015258789
2020-12-28,112.0,113.375,112.0,113.05000305175781
2020-12-29,113.19999694824219,113.55000305175781,111.9000015258789,112.05000305175781
2020-12-30,112.42500305175781,112.5,111.55000305175781,112.125
2020-12-31,112.4000015258789,113.05000305175781,112.4000015258789,112.94999694824219
2021-01-04,115.30000305175781,115.375,111.5,112.30000305175781
2021-01-05,112.69999694824219,115.5,111.3499984741211,115.05000305175781
2021-01-06,114.75,115.67500305175781,114.3499984741211,115.0
2021-01-07,114.69999694824219,115.2750015258789,114.5250015258789,114.9749984741211
2021-01-08,114.80000305175781,115.0,114.125,114.4749984741211
2021-01-11,114.3499984741211,114.375,113.07499694824219,113.4000015258789
2021-01-12,113.2750015258789,113.30000305175781,112.3499984741211,112.4749984741211
2021-01-13,112.4749984741211,112.7750015258789,111.625,112.25
2021-01-14,112.07499694824219,112.4749984741211,111.5250015258789,112.07499694824219
2021-01-15,112.19999694824219,113.30000305175781,111.9000015258789,112.7750015258789
2021-01-19,112.92500305175781,113.9000015258789,112.0999984741211,113.32499694824219
2021-01-20,113.125,114.2249984741211,113.05000305175781,113.3499984741211
2021-01-21,113.05000305175781,114.375,113.05000305175781,114.0999984741211
2021-01-22,114.5250015258789,116.7750015258789,114.17500305175781,116.7249984741211
2021-01-25,115.9749984741211,117.05000305175781,115.94999694824219,116.5250015258789
2021-01-26,116.5,117.625,116.4749984741211,117.0
2021-01-27,116.7750015258789,116.9749984741211,116.0,116.44999694824219
2021-01-28,116.44999694824219,116.57499694824219,115.94999694824219,116.0
2021-01-29,116.0999984741211,116.75,114.875,115.05000305175781
2021-02-01,115.19999694824219,115.57499694824219,114.7249984741211,114.875
2021-02-02,114.92500305175781,116.0999984741211,114.92500305175781,115.9749984741211
2021-02-03,116.17500305175781,116.30000305175781,115.4000015258789,115.4749984741211
2021-02-04,115.4749984741211,116.55000305175781,115.2750015258789,116.44999694824219
2021-02-05,116.17500305175781,116.8499984741211,116.0999984741211,116.7249984741211
2021-02-08,116.44999694824219,117.19999694824219,116.19999694824219,116.57499694824219
2021-02-09,116.3499984741211,118.4000015258789,116.3499984741211,117.44999694824219
2021-02-10,116.57499694824219,116.8499984741211,115.875,116.125
2021-02-11,115.75,116.05000305175781,115.25,115.32499694824219
2021-02-12,116.5,118.0,116.25,117.19999694824219
2021-02-16,117.42500305175781,118.07499694824219,115.9749984741211,116.1500015258789
2021-02-17,115.7249984741211,116.5,115.05000305175781,115.30000305175781
2021-02-18,115.67500305175781,116.07499694824219,114.75,115.125
2021-02-19,115.2750015258789,116.25,115.2750015258789,115.92500305175781
2021-02-22,115.55000305175781,115.9000015258789,115.4749984741211,115.7249984741211
2021-02-23,115.7249984741211,115.8499984741211,115.05000305175781,115.625
2021-02-24,115.8499984741211,116.6500015258789,115.625,116.57499694824219
2021-02-25,116.80000305175781,117.32499694824219,116.25,117.0
2021-02-26,116.80000305175781,117.05000305175781,113.05000305175781,113.0999984741211
2021-03-01,119.9000015258789,120.4749984741211,118.7750015258789,118.9749984741211
2021-03-02,118.9749984741211,120.0,118.57499694824219,119.42500305175781
2021-03-03,119.30000305175781,119.82499694824219,119.07499694824219,119.4000015258789
2021-03-04,119.4000015258789,119.55000305175781,118.5,118.55000305175781
2021-03-05,118.7249984741211,119.32499694824219,118.5,119.0250015258789
2021-03-08,118.9749984741211,119.75,118.75,119.3499984741211
2021-03-09,119.30000305175781,120.125,118.9749984741211,119.6500015258789
2021-03-10,119.3499984741211,119.57499694824219,118.67500305175781,118.7750015258789
2021-03-11,119.0999984741211,119.0999984741211,118.25,118.5250015258789
2021-03-12,118.44999694824219,119.7750015258789,118.4000015258789,119.0
2021-03-15,119.0,119.67500305175781,118.92500305175781,119.125
2021-03-16,119.19999694824219,119.19999694824219,118.125,118.19999694824219
2021-03-17,118.5,119.57499694824219,118.0250015258789,119.42500305175781
2021-03-18,119.5250015258789,120.82499694824219,118.0250015258789,118.57499694824219
2021-03-19,118.5999984741211,119.2249984741211,118.0,118.4000015258789
2021-03-22,118.5999984741211,119.42500305175781,118.375,118.7750015258789
2021-03-23,118.9000015258789,119.2750015258789,118.42500305175781,119.125
2021-03-24,118.94999694824219,119.42500305175781,118.7750015258789,119.125
2021-03-25,119.375,119.9749984741211,119.2750015258789,119.55000305175781
2021-03-26,119.9000015258789,120.375,119.75,120.0999984741211
2021-03-29,120.2750015258789,121.57499694824219,120.125,120.9749984741211
2021-03-30,121.0999984741211,121.375,120.57499694824219,120.9749984741211
2021-03-31,120.80000305175781,121.4000015258789,120.55000305175781,120.9749984741211
2021-04-01,120.94999694824219,121.4000015258789,119.92500305175781,120.0250015258789
2021-04-05,120.9000015258789,121.7249984741211,120.8499984741211,121.375
2021-04-06,121.42500305175781,122.8499984741211,121.2249984741211,122.7249984741211
2021-04-07,122.5,123.32499694824219,122.19999694824219,123.1500015258789
2021-04-08,123.75,124.57499694824219,123.5999984741211,124.1500015258789
2021-04-09,124.05000305175781,124.57499694824219,123.2750015258789,123.42500305175781
2021-04-12,123.7750015258789,123.7750015258789,122.5,122.7249984741211
2021-04-13,123.19999694824219,123.32499694824219,122.25,122.4000015258789
2021-04-14,122.625,122.9749984741211,121.57499694824219,122.0999984741211
2021-04-15,122.3499984741211,122.3499984741211,120.625,121.5999984741211
2021-04-16,122.0,122.0,120.69999694824219,120.8499984741211
2021-04-19,121.0250015258789,121.2249984741211,119.5,120.3499984741211
2021-04-20,120.4000015258789,121.07499694824219,119.75,120.57499694824219
2021-04-21,120.75,120.7750015258789,119.1500015258789,119.7750015258789
2021-04-22,119.7750015258789,119.7750015258789,117.4000015258789,118.32499694824219
2021-04-23,118.5250015258789,118.82499694824219,117.42500305175781,117.8499984741211
2021-04-26,117.9749984741211,118.7750015258789,116.8499984741211,118.5
2021-04-27,118.80000305175781,119.5999984741211,118.32499694824219,118.375
2021-04-28,118.94999694824219,120.0250015258789,118.5,118.94999694824219
2021-04-29,119.2249984741211,119.69999694824219,118.80000305175781,119.4749984741211
2021-04-30,119.5999984741211,119.5999984741211,116.0,116.0
2021-05-03,116.875,116.9000015258789,114.75,115.30000305175781
2021-05-04,115.25,115.32499694824219,112.57499694824219,113.0250015258789
2021-05-05,113.44999694824219,114.55000305175781,113.0999984741211,114.42500305175781
2021-05-06,114.5,115.625,113.4000015258789,115.4749984741211
2021-05-07,115.625,117.3499984741211,115.625,116.0250015258789
2021-05-10,116.3499984741211,118.4000015258789,116.0999984741211,118.2249984741211
2021-05-11,118.5999984741211,118.9000015258789,117.8499984741211,118.625
2021-05-12,118.625,119.42500305175781,118.42500305175781,118.5999984741211
2021-05-13,118.25,118.67500305175781,114.69999694824219,115.5999984741211
2021-05-14,115.75,116.32499694824219,115.07499694824219,115.30000305175781
2021-05-17,115.32499694824219,116.1500015258789,114.82499694824219,115.3499984741211
2021-05-18,116.0,117.2249984741211,116.0,116.75
2021-05-19,116.25,117.4749984741211,116.0999984741211,116.9000015258789
2021-05-20,117.1500015258789,117.4000015258789,115.69999694824219,116.5999984741211
2021-05-21,116.69999694824219,117.80000305175781,116.5,117.67500305175781
2021-05-24,117.25,117.375,116.5,116.75
2021-05-25,117.0999984741211,117.75,116.42500305175781,116.7249984741211
2021-05-26,117.0,117.5,116.07499694824219,116.44999694824219
2021-05-27,116.44999694824219,117.0999984741211,116.2750015258789,116.3499984741211
2021-05-28,116.55000305175781,116.69999694824219,115.82499694824219,115.875
2021-06-01,112.94999694824219,114.8499984741211,111.4749984741211,113.55000305175781
2021-06-02,115.125,117.375,114.69999694824219,117.125
2021-06-03,117.05000305175781,117.375,116.69999694824219,116.7750015258789
2021-06-04,116.7750015258789,117.25,116.3499984741211,116.82499694824219
2021-06-07,116.69999694824219,116.75,116.0,116.2249984741211
2021-06-08,116.69999694824219,117.0999984741211,116.05000305175781,116.7249984741211
2021-06-09,117.0,117.5,116.42500305175781,117.4000015258789
2021-06-10,117.5,117.875,117.32499694824219,117.57499694824219
2021-06-11,117.69999694824219,119.0999984741211,117.69999694824219,118.69999694824219
2021-06-14,118.80000305175781,119.6500015258789,118.69999694824219,119.375
2021-06-15,119.5,121.375,119.5,121.2249984741211
2021-06-16,121.5999984741211,122.75,121.5999984741211,122.30000305175781
2021-06-17,122.2249984741211,123.0999984741211,120.0,120.0999984741211
2021-06-18,121.25,121.94999694824219,120.92500305175781,121.05000305175781
2021-06-21,120.94999694824219,121.25,120.17500305175781,120.9749984741211
2021-06-22,121.3499984741211,124.2249984741211,121.3499984741211,123.0999984741211
2021-06-23,123.75,124.2249984741211,122.05000305175781,122.5
2021-06-24,122.5,123.0999984741211,121.75,122.82499694824219
2021-06-25,122.8499984741211,123.0250015258789,121.9749984741211,122.82499694824219
2021-06-28,123.0999984741211,123.30000305175781,121.69999694824219,122.0999984741211
2021-06-29,122.125,122.5999984741211,121.30000305175781,122.55000305175781
2021-06-30,122.75,123.30000305175781,121.9000015258789,122.5
2021-07-01,122.69999694824219,124.32499694824219,121.5,123.57499694824219
2021-07-02,123.25,124.0,121.75,122.0
2021-07-06,121.80000305175781,122.4749984741211,121.1500015258789,122.4000015258789
2021-07-07,122.32499694824219,122.42500305175781,119.82499694824219,120.5999984741211
2021-07-08,120.5,120.67500305175781,119.17500305175781,119.2750015258789
2021-07-09,119.32499694824219,119.80000305175781,118.8499984741211,119.2249984741211
2021-07-12,119.42500305175781,120.3499984741211,119.0,119.82499694824219
2021-07-13,120.0250015258789,122.44999694824219,119.82499694824219,121.75
2021-07-14,122.0,122.5999984741211,121.17500305175781,121.25
2021-07-15,121.4000015258789,121.6500015258789,120.7750015258789,121.125
2021-07-16,121.2750015258789,121.5999984741211,120.125,120.17500305175781
2021-07-19,120.0999984741211,120.32499694824219,119.19999694824219,120.25
2021-07-20,120.1500015258789,120.57499694824219,119.67500305175781,119.7750015258789
2021-07-21,119.82499694824219,120.4749984741211,119.4749984741211,120.05000305175781
2021-07-22,120.17500305175781,121.42500305175781,120.125,120.80000305175781
2021-07-23,121.1500015258789,121.69999694824219,120.57499694824219,121.5
2021-07-26,121.75,123.5,121.625,123.44999694824219
2021-07-27,123.2249984741211,123.9749984741211,122.67500305175781,122.92500305175781
2021-07-28,122.94999694824219,123.67500305175781,122.8499984741211,123.07499694824219
2021-07-29,123.2249984741211,123.5250015258789,122.42500305175781,122.5
2021-07-30,122.75,122.75,122.0,122.07499694824219
2021-08-02,122.32499694824219,122.6500015258789,121.94999694824219,122.125
2021-08-03,122.17500305175781,123.5,122.1500015258789,123.25
2021-08-04,123.4000015258789,124.625,123.05000305175781,124.05000305175781
2021-08-05,124.07499694824219,124.30000305175781,122.5,122.57499694824219
2021-08-06,122.5999984741211,123.05000305175781,121.30000305175781,123.0
2021-08-09,123.19999694824219,123.3499984741211,122.6500015258789,123.0
2021-08-10,123.30000305175781,124.80000305175781,123.0250015258789,123.6500015258789
2021-08-11,123.5,123.57499694824219,122.7750015258789,122.94999694824219
2021-08-12,122.7249984741211,123.42500305175781,122.44999694824219,123.1500015258789
2021-08-13,123.2750015258789,123.44999694824219,122.625,122.75
2021-08-16,123.0999984741211,123.67500305175781,122.42500305175781,123.5250015258789
2021-08-17,123.69999694824219,124.0999984741211,123.2249984741211,123.30000305175781
2021-08-18,123.30000305175781,124.2249984741211,123.1500015258789,124.0250015258789
2021-08-19,123.5999984741211,123.75,123.05000305175781,123.4000015258789
2021-08-20,123.4000015258789,124.375,123.30000305175781,124.2750015258789
2021-08-23,124.30000305175781,127.17500305175781,124.30000305175781,126.44999694824219
2021-08-24,126.9749984741211,127.4749984741211,125.69999694824219,125.80000305175781
2021-08-25,126.0,126.1500015258789,124.30000305175781,124.42500305175781
2021-08-26,124.25,124.2750015258789,123.05000305175781,123.2750015258789
2021-08-27,123.1500015258789,123.4000015258789,120.17500305175781,122.0
2021-08-30,123.5999984741211,123.5999984741211,120.0999984741211,120.25
2021-08-31,121.875,123.0,118.69999694824219,118.94999694824219
2021-09-01,126.92500305175781,128.1750030517578,126.5250015258789,127.57499694824219
2021-09-02,127.4749984741211,128.02499389648438,125.875,126.05000305175781
2021-09-03,126.42500305175781,126.5999984741211,124.625,124.80000305175781
2021-09-07,125.67500305175781,125.75,123.67500305175781,123.75
2021-09-08,124.0,124.55000305175781,123.0250015258789,123.0999984741211
2021-09-09,123.4000015258789,124.44999694824219,123.0999984741211,123.75
2021-09-10,123.82499694824219,124.32499694824219,123.0250015258789,123.42500305175781
2021-09-13,121.9749984741211,123.67500305175781,120.8499984741211,122.2750015258789
2021-09-14,122.80000305175781,125.05000305175781,122.67500305175781,124.125
2021-09-15,124.4000015258789,124.5250015258789,123.5250015258789,124.17500305175781
2021-09-16,124.07499694824219,124.2249984741211,123.30000305175781,123.5999984741211
2021-09-17,123.5,123.5,122.5250015258789,122.80000305175781
2021-09-20,122.375,122.94999694824219,121.80000305175781,122.7750015258789
2021-09-21,123.19999694824219,123.5999984741211,122.3499984741211,122.44999694824219
2021-09-22,122.875,123.44999694824219,122.69999694824219,123.2750015258789
2021-09-23,123.4000015258789,123.92500305175781,123.0250015258789,123.2249984741211
2021-09-24,123.30000305175781,123.32499694824219,122.5999984741211,122.92500305175781
2021-09-27,122.69999694824219,123.80000305175781,122.0999984741211,122.4000015258789
2021-09-28,122.4000015258789,122.4749984741211,121.82499694824219,122.0
2021-09-29,122.0,122.69999694824219,121.19999694824219,121.7750015258789
2021-09-30,121.9000015258789,122.2750015258789,120.3499984741211,120.57499694824219
2021-10-01,121.0,121.6500015258789,120.25,120.4000015258789
2021-10-04,120.92500305175781,122.9749984741211,120.5250015258789,122.625
2021-10-05,122.9749984741211,123.4000015258789,122.5,122.82499694824219
2021-10-06,122.94999694824219,124.0,122.625,123.82499694824219
2021-10-07,123.9749984741211,125.3499984741211,123.7249984741211,125.2750015258789
2021-10-08,125.4000015258789,125.6500015258789,125.19999694824219,125.57499694824219
2021-10-11,125.6500015258789,125.7249984741211,125.2249984741211,125.625
2021-10-12,125.4000015258789,125.57499694824219,124.8499984741211,125.0250015258789
2021-10-13,125.05000305175781,125.05000305175781,124.44999694824219,124.7750015258789
2021-10-14,124.9000015258789,125.9000015258789,124.80000305175781,125.75
2021-10-15,125.5,126.0,125.375,125.9749984741211
2021-10-18,125.75,125.82499694824219,125.125,125.44999694824219
2021-10-19,125.5,125.80000305175781,124.875,125.0
2021-10-20,125.25,126.05000305175781,124.9000015258789,125.94999694824219
2021-10-21,125.94999694824219,125.94999694824219,124.5250015258789,124.9749984741211
2021-10-22,124.75,124.9749984741211,123.9749984741211,124.0999984741211
2021-10-25,125.32499694824219,125.7750015258789,124.69999694824219,125.0250015258789
2021-10-26,125.07499694824219,127.30000305175781,124.94999694824219,126.82499694824219
2021-10-27,126.69999694824219,127.5,126.67500305175781,127.2249984741211
2021-10-28,127.25,127.25,124.0,124.5
2021-10-29,124.6500015258789,127.4000015258789,124.6500015258789,127.375
2021-11-01,129.27499389648438,130.0749969482422,128.72500610351562,128.85000610351562
2021-11-02,128.89999389648438,130.4250030517578,128.875,129.9499969482422
2021-11-03,130.89999389648438,132.39999389648438,130.625,131.64999389648438
2021-11-04,131.5749969482422,132.0,130.5500030517578,130.625
2021-11-05,130.85000610351562,131.9250030517578,130.6750030517578,131.8000030517578
2021-11-08,131.6999969482422,132.5,131.6999969482422,132.10000610351562
2021-11-09,131.875,132.375,131.39999389648438,132.1999969482422
2021-11-10,131.89999389648438,132.375,131.3000030517578,132.0
2021-11-11,132.14999389648438,132.3249969482422,131.375,131.875
2021-11-12,131.89999389648438,132.625,131.47500610351562,132.125
2021-11-15,131.77499389648438,132.3000030517578,131.5,131.77499389648438
2021-11-16,131.77499389648438,132.1750030517578,131.6750030517578,131.72500610351562
2021-11-17,131.9250030517578,132.375,131.8000030517578,132.22500610351562
2021-11-18,132.4499969482422,133.27499389648438,132.39999389648438,133.14999389648438
2021-11-19,133.25,133.6750030517578,133.0,133.52499389648438
2021-11-22,133.8249969482422,134.52499389648438,133.6750030517578,134.4250030517578
2021-11-23,134.47500610351562,135.5749969482422,134.22500610351562,135.39999389648438
2021-11-24,136.0500030517578,137.97500610351562,136.0,137.89999389648438
2021-11-26,136.39999389648438,138.35000610351562,136.27499389648438,138.10000610351562
2021-11-29,138.25,139.125,136.625,136.9250030517578
2021-11-30,136.5,136.89999389648438,135.5500030517578,135.875
2021-12-01,136.5749969482422,137.4250030517578,135.89999389648438,136.0
2021-12-02,136.0,138.0500030517578,135.97500610351562,137.64999389648438
2021-12-03,137.85000610351562,138.52499389648438,136.85000610351562,137.6750030517578
2021-12-06,137.64999389648438,138.4499969482422,137.27499389648438,138.1750030517578
2021-12-07,138.22500610351562,138.60000610351562,137.9499969482422,138.22500610351562
2021-12-08,138.02499389648438,138.14999389648438,137.39999389648438,137.5500030517578
2021-12-09,137.4250030517578,137.60000610351562,136.4499969482422,136.72500610351562
2021-12-10,136.72500610351562,137.14999389648438,136.4499969482422,136.85000610351562
2021-12-13,136.85000610351562,137.8000030517578,135.75,136.9499969482422
2021-12-14,136.75,137.4499969482422,136.72500610351562,136.77499389648438
2021-12-15,137.0,137.0,134.9499969482422,135.0
2021-12-16,135.10000610351562,135.6750030517578,134.64999389648438,135.27499389648438
2021-12-17,135.27499389648438,135.47500610351562,134.64999389648438,134.75
2021-12-20,134.5,134.77499389648438,134.0,134.47500610351562
2021-12-21,134.625,135.9250030517578,134.5749969482422,135.52499389648438
2021-12-22,135.625,136.0500030517578,135.3000030517578,135.75
2021-12-23,135.77499389648438,137.14999389648438,135.75,137.0500030517578
2021-12-27,137.22500610351562,137.85000610351562,136.9499969482422,137.3000030517578
2021-12-28,137.39999389648438,138.5,137.3000030517578,138.47500610351562
2021-12-29,138.89999389648438,139.47500610351562,138.89999389648438,139.39999389648438
2021-12-30,139.375,139.5500030517578,138.75,139.0500030517578
2021-12-31,139.0500030517578,139.3000030517578,138.0,138.89999389648438
2022-01-03,139.77499389648438,140.39999389648438,138.875,138.9250030517578
2022-01-04,138.64999389648438,138.72500610351562,136.77499389648438,137.8249969482422
2022-01-05,138.0,138.3249969482422,136.875,137.25
2022-01-06,137.39999389648438,137.5500030517578,136.375,137.35000610351562
2022-01-07,137.35000610351562,137.6999969482422,136.5749969482422,137.3249969482422
2022-01-10,136.89999389648438,137.375,136.02499389648438,136.25
2022-01-11,136.27499389648438,138.1750030517578,136.25,137.6750030517578
2022-01-12,137.75,137.85000610351562,136.39999389648438,136.5749969482422
2022-01-13,136.85000610351562,137.25,136.64999389648438,137.0
2022-01-14,137.0500030517578,138.75,136.85000610351562,137.97500610351562
2022-01-18,137.77499389648438,138.375,137.5,137.6750030517578
2022-01-19,138.14999389648438,139.14999389648438,137.85000610351562,138.5500030517578
2022-01-20,138.60000610351562,138.8000030517578,138.0,138.3249969482422
2022-01-21,138.1999969482422,138.3000030517578,137.8000030517578,137.9250030517578
2022-01-24,137.4250030517578,137.4250030517578,135.5,136.3249969482422
2022-01-25,136.75,137.1999969482422,135.97500610351562,137.10000610351562
2022-01-26,137.0,138.625,137.0,138.0500030517578
2022-01-27,138.125,138.25,137.5,137.8249969482422
2022-01-28,138.1750030517578,138.97500610351562,137.5749969482422,138.6999969482422
2022-01-31,139.125,140.0500030517578,138.85000610351562,139.5749969482422
2022-02-01,140.02499389648438,140.9250030517578,139.5749969482422,140.3000030517578
2022-02-02,140.625,141.47500610351562,140.60000610351562,141.125
2022-02-03,141.125,141.97500610351562,140.35000610351562,141.60000610351562
2022-02-04,141.5749969482422,142.0749969482422,141.1999969482422,142.0500030517578
2022-02-07,141.97500610351562,142.35000610351562,141.64999389648438,141.8249969482422
2022-02-08,141.6999969482422,142.4250030517578,141.3249969482422,141.97500610351562
2022-02-09,141.8000030517578,142.9499969482422,141.8000030517578,142.89999389648438
2022-02-10,142.72500610351562,143.5,142.3249969482422,142.35000610351562
2022-02-11,142.9499969482422,143.625,141.6999969482422,141.875
2022-02-14,141.875,142.5,141.3249969482422,142.4250030517578
2022-02-15,142.4499969482422,143.35000610351562,142.4250030517578,142.89999389648438
2022-02-16,142.8249969482422,144.0,142.64999389648438,143.125
2022-02-17,143.60000610351562,143.89999389648438,143.125,143.39999389648438
2022-02-18,143.5500030517578,143.5500030517578,143.0749969482422,143.25
2022-02-22,143.3000030517578,144.0749969482422,143.0,143.75
2022-02-23,143.75,144.0500030517578,143.02499389648438,143.0500030517578
2022-02-24,143.0,143.0,140.10000610351562,140.52499389648438
2022-02-25,141.1999969482422,141.8000030517578,138.85000610351562,139.27499389648438
2022-02-28,140.14999389648438,140.75,139.5,140.5
2022-03-01,141.4250030517578,142.35000610351562,140.4499969482422,140.52499389648438
2022-03-02,141.5,141.72500610351562,139.75,140.10000610351562
2022-03-03,140.47500610351562,140.47500610351562,138.10000610351562,138.35000610351562
2022-03-04,137.9499969482422,137.97500610351562,133.5,135.77499389648438
2022-03-07,135.9250030517578,138.125,135.35000610351562,137.89999389648438
2022-03-08,138.1750030517578,139.9499969482422,137.8249969482422,139.0500030517578
2022-03-09,139.64999389648438,139.6999969482422,137.4250030517578,137.5749969482422
2022-03-10,137.6750030517578,137.75,135.8249969482422,135.89999389648438
2022-03-11,136.0,137.6999969482422,136.0,137.3000030517578
2022-03-14,137.75,140.89999389648438,137.39999389648438,140.3249969482422
2022-03-15,140.39999389648438,141.14999389648438,140.02499389648438,140.85000610351562
2022-03-16,140.89999389648438,141.47500610351562,139.25,139.35000610351562
2022-03-17,139.35000610351562,139.9499969482422,138.39999389648438,139.47500610351562
2022-03-18,139.39999389648438,140.8000030517578,139.25,140.5
2022-03-21,140.47500610351562,141.0,139.77499389648438,140.0500030517578
2022-03-22,140.0500030517578,140.5749969482422,139.27499389648438,139.4250030517578
2022-03-23,139.5749969482422,139.875,138.10000610351562,139.4250030517578
2022-03-24,139.625,140.0,139.14999389648438,139.6750030517578
2022-03-25,139.85000610351562,140.5,139.8249969482422,140.47500610351562
2022-03-28,140.25,140.5749969482422,139.6999969482422,140.3000030517578
2022-03-29,140.5749969482422,141.125,140.10000610351562,140.89999389648438
2022-03-30,140.6999969482422,140.875,139.875,140.1750030517578
2022-03-31,140.25,140.375,139.25,139.375
2022-04-01,139.5,140.1750030517578,138.22500610351562,138.64999389648438
2022-04-04,138.5,138.97500610351562,136.9499969482422,138.0
2022-04-05,138.35000610351562,138.4499969482422,136.5,136.8000030517578
2022-04-06,137.1999969482422,137.97500610351562,136.35000610351562,137.6999969482422
2022-04-07,138.3000030517578,138.4499969482422,137.89999389648438,138.0
2022-04-08,138.02499389648438,138.60000610351562,137.5,137.8249969482422
2022-04-11,138.0,138.64999389648438,137.60000610351562,138.52499389648438
2022-04-12,139.0,140.22500610351562,138.6999969482422,139.9499969482422
2022-04-13,140.27499389648438,140.85000610351562,140.25,140.625
2022-04-14,140.6750030517578,140.8000030517578,140.3000030517578,140.6750030517578
2022-04-18,140.8249969482422,140.97500610351562,140.0,140.47500610351562
2022-04-19,140.64999389648438,141.375,140.4250030517578,141.35000610351562
2022-04-20,141.85000610351562,143.14999389648438,141.77499389648438,143.0749969482422
2022-04-21,143.1750030517578,144.22500610351562,143.1750030517578,144.10000610351562
2022-04-22,143.85000610351562,143.85000610351562,142.22500610351562,142.4499969482422
2022-04-25,141.0,141.0,138.8000030517578,139.10000610351562
2022-04-26,139.8249969482422,140.27499389648438,139.25,140.0
2022-04-27,140.25,140.25,138.02499389648438,138.5
2022-04-28,139.14999389648438,139.5749969482422,137.77499389648438,138.5
2022-04-29,138.0500030517578,141.89999389648438,138.0500030517578,141.89999389648438
2022-05-02,133.375,135.77499389648438,132.9250030517578,135.1999969482422
2022-05-03,135.22500610351562,136.27499389648438,134.8000030517578,135.3249969482422
2022-05-04,135.10000610351562,136.0,134.5500030517578,134.8249969482422
2022-05-05,135.1750030517578,135.25,133.64999389648438,133.77499389648438
2022-05-06,133.9250030517578,134.0500030517578,132.625,132.75
2022-05-09,132.25,133.875,131.02499389648438,133.5500030517578
2022-05-10,133.9499969482422,134.35000610351562,132.0500030517578,132.39999389648438
2022-05-11,132.52499389648438,134.875,132.35000610351562,133.5749969482422
2022-05-12,133.35000610351562,133.6750030517578,131.4250030517578,131.64999389648438
2022-05-13,132.47500610351562,132.72500610351562,131.27499389648438,132.0749969482422
2022-05-16,131.8000030517578,133.39999389648438,131.75,133.1750030517578
2022-05-17,133.60000610351562,133.9250030517578,132.8249969482422,133.0
2022-05-18,133.0,133.0,131.3000030517578,131.5
2022-05-19,131.625,132.25,131.1999969482422,131.5
2022-05-20,131.64999389648438,132.3249969482422,131.3000030517578,131.5749969482422
2022-05-23,131.1999969482422,132.97500610351562,131.1999969482422,132.77499389648438
2022-05-24,132.75,133.22500610351562,132.5749969482422,132.72500610351562
2022-05-25,133.0749969482422,133.5500030517578,132.02499389648438,132.3000030517578
2022-05-26,132.39999389648438,132.5749969482422,131.9499969482422,132.39999389648438
2022-05-27,132.60000610351562,132.9499969482422,132.0500030517578,132.1750030517578
2022-05-31,132.375,133.0749969482422,130.22500610351562,130.52499389648438
2022-06-01,130.9499969482422,132.9250030517578,130.9250030517578,132.8000030517578
2022-06-02,132.89999389648438,133.75,132.22500610351562,133.625
2022-06-03,133.47500610351562,133.9250030517578,133.1999969482422,133.60000610351562
2022-06-06,133.3000030517578,134.14999389648438,132.77499389648438,132.8249969482422
2022-06-07,132.6999969482422,134.02499389648438,132.6750030517578,133.72500610351562
2022-06-08,134.39999389648438,136.89999389648438,134.3000030517578,136.8249969482422
2022-06-09,136.89999389648438,137.35000610351562,136.5,137.0500030517578
2022-06-10,136.52499389648438,136.9499969482422,136.0,136.1999969482422
2022-06-13,135.5,135.5500030517578,132.5,134.0
2022-06-14,134.25,135.5749969482422,134.02499389648438,135.1999969482422
2022-06-15,136.5,138.0,136.5,137.5500030517578
2022-06-16,137.97500610351562,138.10000610351562,137.25,137.75
2022-06-17,137.72500610351562,138.22500610351562,137.72500610351562,138.02499389648438
2022-06-21,138.22500610351562,138.25,137.25,137.8249969482422
2022-06-22,137.39999389648438,137.39999389648438,135.6750030517578,136.125
2022-06-23,137.0,137.0,134.9499969482422,135.25
2022-06-24,136.0,136.1999969482422,135.3249969482422,135.35000610351562
2022-06-27,135.85000610351562,136.5,134.89999389648438,136.25
2022-06-28,136.25,136.97500610351562,136.25,136.3000030517578
2022-06-29,136.3249969482422,137.0500030517578,136.10000610351562,136.8000030517578
2022-06-30,136.9499969482422,138.0,136.75,138.0
2022-07-01,132.6999969482422,135.64999389648438,132.6999969482422,134.60000610351562
2022-07-05,134.64999389648438,135.0749969482422,132.6750030517578,132.9250030517578
2022-07-06,133.8000030517578,134.97500610351562,133.0500030517578,134.5
2022-07-07,135.0,135.72500610351562,134.10000610351562,134.5500030517578
2022-07-08,134.72500610351562,135.14999389648438,133.8000030517578,133.9499969482422
2022-07-11,133.3249969482422,136.4250030517578,132.875,136.14999389648438
2022-07-12,136.39999389648438,137.0,135.375,136.6750030517578
2022-07-13,136.3249969482422,137.39999389648438,135.9499969482422,136.875
2022-07-14,136.5,136.52499389648438,135.1999969482422,135.39999389648438
2022-07-15,135.375,135.375,134.64999389648438,134.9250030517578
2022-07-18,135.14999389648438,136.8000030517578,134.6999969482422,135.625
2022-07-19,135.89999389648438,136.3249969482422,135.25,135.72500610351562
2022-07-20,135.72500610351562,136.3000030517578,135.5,135.75
2022-07-21,135.875,136.125,135.3249969482422,135.72500610351562
2022-07-22,135.625,137.5749969482422,135.60000610351562,137.375
2022-07-25,136.52499389648438,138.0749969482422,136.4499969482422,137.75
2022-07-26,137.47500610351562,137.64999389648438,136.72500610351562,136.875
2022-07-27,137.10000610351562,137.25,136.4250030517578,136.8000030517578
2022-07-28,136.89999389648438,137.14999389648438,136.0,136.1750030517578
2022-07-29,136.25,136.85000610351562,135.9499969482422,136.4499969482422
2022-08-01,136.3000030517578,137.0,136.27499389648438,136.77499389648438
2022-08-02,136.97500610351562,136.97500610351562,136.39999389648438,136.5749969482422
2022-08-03,137.0,138.3000030517578,136.9250030517578,137.89999389648438
2022-08-04,137.89999389648438,138.0500030517578,137.47500610351562,137.6999969482422
2022-08-05,137.72500610351562,138.4250030517578,137.5,137.875
2022-08-08,137.9250030517578,138.77499389648438,137.875,138.35000610351562
2022-08-09,138.3000030517578,138.3000030517578,137.89999389648438,137.97500610351562
2022-08-10,138.47500610351562,139.375,138.125,139.1999969482422
2022-08-11,139.625,140.64999389648438,139.27499389648438,140.60000610351562
2022-08-12,140.5,140.77499389648438,140.10000610351562,140.22500610351562
2022-08-15,140.3000030517578,140.8000030517578,139.6999969482422,139.75
2022-08-16,139.85000610351562,141.72500610351562,139.8249969482422,141.3000030517578
2022-08-17,141.6999969482422,142.0,141.14999389648438,141.75
2022-08-18,141.77499389648438,142.0,141.1999969482422,141.27499389648438
2022-08-19,141.47500610351562,141.8000030517578,141.3249969482422,141.60000610351562
2022-08-22,141.10000610351562,141.85000610351562,141.0,141.22500610351562
2022-08-23,141.10000610351562,142.0,141.0,141.625
2022-08-24,141.625,141.625,141.1999969482422,141.3249969482422
2022-08-25,141.3249969482422,141.60000610351562,140.97500610351562,141.10000610351562
2022-08-26,141.1999969482422,141.72500610351562,140.8000030517578,140.8000030517578
2022-08-29,141.02499389648438,143.125,140.75,141.5500030517578
2022-08-30,141.625,144.0,141.60000610351562,142.5
2022-08-31,144.5,145.0,141.5500030517578,141.5500030517578
2022-09-01,142.75,143.72500610351562,142.39999389648438,142.8000030517578
2022-09-02,143.35000610351562,144.75,142.8000030517578,144.5500030517578
2022-09-06,144.64999389648438,145.39999389648438,144.5500030517578,145.0500030517578
2022-09-07,145.10000610351562,145.5,144.14999389648438,144.25
2022-09-08,144.3249969482422,144.6999969482422,143.77499389648438,144.375
2022-09-09,144.39999389648438,145.875,144.25,145.6750030517578
2022-09-12,145.75,146.10000610351562,145.4499969482422,145.75
2022-09-13,145.60000610351562,145.6999969482422,144.52499389648438,144.8000030517578
2022-09-14,145.02499389648438,145.125,144.27499389648438,144.35000610351562
2022-09-15,144.625,145.9250030517578,144.5,145.625
2022-09-16,145.5,145.64999389648438,145.10000610351562,145.5
2022-09-19,145.72500610351562,146.27499389648438,145.5500030517578,145.72500610351562
2022-09-20,145.85000610351562,146.77499389648438,145.8000030517578,146.3000030517578
2022-09-21,146.22500610351562,146.47500610351562,145.75,145.875
2022-09-22,145.9250030517578,145.9499969482422,144.8000030517578,144.85000610351562
2022-09-23,144.85000610351562,144.9250030517578,144.10000610351562,144.25
2022-09-26,144.47500610351562,145.35000610351562,142.89999389648438,143.47500610351562
2022-09-27,144.22500610351562,144.3249969482422,143.14999389648438,143.5749969482422
2022-09-28,144.14999389648438,144.1999969482422,142.9250030517578,143.0500030517578
2022-09-29,143.35000610351562,144.35000610351562,142.72500610351562,144.125
2022-09-30,144.125,144.5,143.22500610351562,143.27499389648438
2022-10-03,143.75,144.89999389648438,143.72500610351562,144.3249969482422
2022-10-04,144.47500610351562,144.75,144.14999389648438,144.1999969482422
2022-10-05,144.35000610351562,145.1750030517578,144.02499389648438,144.6750030517578
2022-10-06,145.10000610351562,145.375,144.5749969482422,145.3249969482422
2022-10-07,145.375,145.5500030517578,145.125,145.3249969482422
2022-10-10,145.4499969482422,145.72500610351562,144.14999389648438,144.6999969482422
2022-10-11,145.27499389648438,146.0749969482422,144.9499969482422,145.8000030517578
2022-10-12,145.8249969482422,146.25,145.5,146.1750030517578
2022-10-13,146.14999389648438,146.97500610351562,145.8249969482422,146.4499969482422
2022-10-14,146.8000030517578,147.1750030517578,145.9499969482422,146.9499969482422
2022-10-17,146.9499969482422,147.97500610351562,146.9499969482422,147.875
2022-10-18,147.75,148.5,147.75,148.47500610351562
2022-10-19,148.625,149.39999389648438,148.5,149.35000610351562
2022-10-20,149.5,149.8249969482422,149.1999969482422,149.77499389648438
2022-10-21,149.6999969482422,150.5,149.5749969482422,150.47500610351562
2022-10-24,150.25,151.72500610351562,150.25,151.60000610351562
2022-10-25,151.5,151.8000030517578,151.4499969482422,151.6750030517578
2022-10-26,151.6750030517578,151.6999969482422,150.89999389648438,151.4499969482422
2022-10-27,151.5,151.89999389648438,150.6999969482422,151.39999389648438
2022-10-28,151.39999389648438,151.39999389648438,149.9250030517578,150.375
2022-10-31,150.375,150.6750030517578,146.77499389648438,146.77499389648438
2022-11-01,152.60000610351562,152.6750030517578,151.89999389648438,151.9499969482422
2022-11-02,152.0,152.5,151.1999969482422,151.39999389648438
2022-11-03,151.27499389648438,152.22500610351562,150.97500610351562,151.9499969482422
2022-11-04,152.14999389648438,152.5,151.5500030517578,151.64999389648438
2022-11-07,151.5500030517578,153.25,151.35000610351562,153.0500030517578
2022-11-08,153.14999389648438,153.25,152.60000610351562,153.0500030517578
2022-11-09,152.75,152.89999389648438,151.52499389648438,151.5749969482422
2022-11-10,151.89999389648438,153.4250030517578,151.5,153.0749969482422
2022-11-11,152.77499389648438,153.10000610351562,151.27499389648438,151.52499389648438
2022-11-14,151.625,152.375,151.25,151.5749969482422
2022-11-15,151.6750030517578,152.02499389648438,151.02499389648438,151.27499389648438
2022-11-16,151.375,152.1999969482422,151.10000610351562,151.8000030517578
2022-11-17,151.77499389648438,152.8249969482422,151.64999389648438,152.75
2022-11-18,152.64999389648438,153.3000030517578,152.5,153.0749969482422
2022-11-21,153.35000610351562,153.89999389648438,153.10000610351562,153.5500030517578
2022-11-22,153.4250030517578,153.89999389648438,153.1999969482422,153.8000030517578
2022-11-23,153.8000030517578,154.72500610351562,153.22500610351562,153.35000610351562
2022-11-25,153.625,153.72500610351562,153.02499389648438,153.0749969482422
2022-11-28,153.1750030517578,153.35000610351562,152.3000030517578,152.5749969482422
2022-11-29,152.77499389648438,152.97500610351562,152.39999389648438,152.6750030517578
2022-11-30,152.5,153.5,152.25,153.0749969482422
2022-12-01,153.1750030517578,153.4499969482422,152.39999389648438,153.0500030517578
2022-12-02,153.0,153.5749969482422,152.89999389648438,153.35000610351562
2022-12-05,153.1999969482422,153.5500030517578,153.0,153.22500610351562
2022-12-06,152.9499969482422,152.9499969482422,151.375,151.5500030517578
2022-12-07,151.6999969482422,152.14999389648438,151.22500610351562,151.9250030517578
2022-12-08,152.25,152.5500030517578,152.0,152.4250030517578
2022-12-09,152.52499389648438,154.14999389648438,152.52499389648438,153.6750030517578
2022-12-12,153.89999389648438,154.47500610351562,153.4499969482422,154.39999389648438
2022-12-13,154.5500030517578,155.14999389648438,154.5500030517578,154.89999389648438
2022-12-14,155.0749969482422,155.25,154.5,154.5
2022-12-15,154.35000610351562,154.72500610351562,153.9250030517578,154.0500030517578
2022-12-16,154.22500610351562,155.125,154.14999389648438,155.0500030517578
2022-12-19,155.1999969482422,155.39999389648438,155.14999389648438,155.27499389648438
2022-12-20,155.0,155.39999389648438,154.8000030517578,155.0500030517578
2022-12-21,155.0500030517578,156.35000610351562,154.97500610351562,156.125
2022-12-22,156.125,156.14999389648438,155.8249969482422,155.89999389648438
2022-12-23,156.4499969482422,157.1750030517578,155.75,156.89999389648438
2022-12-27,156.85000610351562,157.14999389648438,156.5500030517578,156.8249969482422
2022-12-28,156.89999389648438,157.5,156.60000610351562,157.4499969482422
2022-12-29,157.52499389648438,158.6750030517578,157.1999969482422,158.5
2022-12-30,158.5,158.5,154.8249969482422,154.8249969482422
2023-01-03,158.14999389648438,158.14999389648438,156.64999389648438,156.85000610351562
2023-01-04,157.02499389648438,157.85000610351562,156.9250030517578,157.27499389648438
2023-01-05,157.1750030517578,157.60000610351562,156.77499389648438,157.35000610351562
2023-01-06,157.35000610351562,157.47500610351562,156.60000610351562,156.77499389648438
2023-01-09,156.6999969482422,158.1750030517578,156.52499389648438,157.75
2023-01-10,157.60000610351562,158.8249969482422,157.5500030517578,157.75
2023-01-11,157.85000610351562,157.9499969482422,157.0500030517578,157.75
2023-01-12,157.8000030517578,158.0,156.9499969482422,157.5500030517578
2023-01-13,157.6750030517578,158.14999389648438,156.89999389648438,157.72500610351562
2023-01-17,157.64999389648438,157.64999389648438,156.3249969482422,157.0
2023-01-18,157.1750030517578,157.5749969482422,156.72500610351562,156.8000030517578
2023-01-19,156.72500610351562,156.72500610351562,155.375,155.9499969482422
2023-01-20,155.9499969482422,156.8000030517578,155.6999969482422,156.625
2023-01-23,156.60000610351562,157.60000610351562,156.1999969482422,157.47500610351562
2023-01-24,157.22500610351562,157.97500610351562,157.0,157.85000610351562
2023-01-25,157.64999389648438,157.85000610351562,157.14999389648438,157.60000610351562
2023-01-26,157.35000610351562,157.60000610351562,156.6750030517578,156.72500610351562
2023-01-27,156.72500610351562,157.0,156.5,156.72500610351562
2023-01-30,157.0500030517578,158.875,157.0500030517578,158.75
2023-01-31,158.5749969482422,159.0749969482422,158.5500030517578,158.85000610351562
2023-02-01,159.0749969482422,159.14999389648438,158.35000610351562,158.4250030517578
2023-02-02,158.5500030517578,159.89999389648438,158.5500030517578,159.75
2023-02-03,159.75,160.47500610351562,159.5,160.27499389648438
2023-02-06,160.5,161.0,160.25,160.8249969482422
2023-02-07,160.9250030517578,161.1999969482422,160.47500610351562,160.5749969482422
2023-02-08,160.75,161.5,160.3000030517578,160.8000030517578
2023-02-09,160.875,161.4250030517578,160.64999389648438,160.8249969482422
2023-02-10,160.9250030517578,161.3249969482422,160.6999969482422,161.1999969482422
2023-02-13,161.8249969482422,162.27499389648438,161.6999969482422,162.27499389648438
2023-02-14,162.0749969482422,162.35000610351562,161.60000610351562,162.14999389648438
2023-02-15,162.3000030517578,162.8000030517578,161.89999389648438,162.5500030517578
2023-02-16,162.625,162.8249969482422,162.25,162.77499389648438
2023-02-17,162.85000610351562,164.0749969482422,162.52499389648438,163.5749969482422
2023-02-21,163.6999969482422,164.97500610351562,163.52499389648438,164.75
2023-02-22,164.8000030517578,165.0500030517578,164.27499389648438,164.89999389648438
2023-02-23,165.39999389648438,165.64999389648438,164.75,165.14999389648438
2023-02-24,165.375,165.6750030517578,164.5,165.1999969482422
2023-02-27,165.1999969482422,165.375,164.85000610351562,165.0
2023-02-28,164.8249969482422,167.5,164.8249969482422,167.5
2023-03-01,165.3249969482422,166.10000610351562,164.5,165.125
2023-03-02,165.125,165.14999389648438,163.85000610351562,164.10000610351562
2023-03-03,164.125,165.85000610351562,164.0749969482422,165.4250030517578
2023-03-06,165.4499969482422,166.6750030517578,165.0749969482422,166.10000610351562
2023-03-07,166.10000610351562,166.5500030517578,165.47500610351562,165.97500610351562
2023-03-08,165.89999389648438,165.9250030517578,164.77499389648438,165.4499969482422
2023-03-09,165.39999389648438,165.6750030517578,164.5,164.8000030517578
2023-03-10,164.8000030517578,165.25,164.22500610351562,164.27499389648438
2023-03-13,163.64999389648438,164.0,162.52499389648438,163.5500030517578
2023-03-14,163.8000030517578,163.89999389648438,162.875,163.0500030517578
2023-03-15,162.77499389648438,162.89999389648438,161.10000610351562,161.5500030517578
2023-03-16,161.8000030517578,162.8000030517578,161.4250030517578,162.35000610351562
2023-03-17,162.4250030517578,162.64999389648438,161.5500030517578,162.3249969482422
2023-03-20,163.10000610351562,163.10000610351562,161.9250030517578,162.02499389648438
2023-03-21,162.27499389648438,162.875,161.6999969482422,162.4250030517578
2023-03-22,162.4499969482422,162.64999389648438,160.625,162.3000030517578
2023-03-23,162.47500610351562,162.5,161.8249969482422,162.14999389648438
2023-03-24,162.0500030517578,163.3000030517578,161.75,163.0
2023-03-27,163.3000030517578,164.9499969482422,163.25,164.89999389648438
2023-03-28,164.8000030517578,165.02499389648438,164.5500030517578,164.9499969482422
2023-03-29,165.0500030517578,165.875,164.9250030517578,165.8249969482422
2023-03-30,165.75,167.64999389648438,165.75,167.5500030517578
2023-03-31,167.8249969482422,168.52499389648438,167.5500030517578,168.35000610351562
2023-04-03,168.39999389648438,169.4250030517578,167.72500610351562,168.125
2023-04-04,168.3000030517578,168.6999969482422,167.4499969482422,167.60000610351562
2023-04-05,167.75,168.77499389648438,167.52499389648438,168.39999389648438
2023-04-06,170.39999389648438,171.4250030517578,169.9250030517578,171.0749969482422
2023-04-10,171.60000610351562,171.77499389648438,170.875,171.375
2023-04-11,171.8249969482422,172.47500610351562,171.4499969482422,172.3000030517578
2023-04-12,172.3249969482422,174.3249969482422,172.3000030517578,174.27499389648438
2023-04-13,175.77499389648438,177.6999969482422,175.1750030517578,175.5
2023-04-14,175.1750030517578,175.4499969482422,174.6750030517578,174.75
2023-04-17,174.85000610351562,175.9250030517578,174.6999969482422,175.75
2023-04-18,175.89999389648438,176.625,175.27499389648438,176.47500610351562
2023-04-19,176.6750030517578,177.0,174.60000610351562,175.4250030517578
2023-04-20,175.4250030517578,175.4250030517578,173.52499389648438,174.10000610351562
2023-04-21,174.125,174.875,172.6999969482422,173.97500610351562
2023-04-24,173.3000030517578,174.4499969482422,173.3000030517578,174.3000030517578
2023-04-25,174.25,174.39999389648438,173.89999389648438,174.3000030517578
2023-04-26,174.3000030517578,174.64999389648438,174.1750030517578,174.52499389648438
2023-04-27,174.85000610351562,175.5,174.4499969482422,175.4499969482422
2023-04-28,175.89999389648438,177.10000610351562,174.5,175.1750030517578
2023-05-01,165.1999969482422,165.77499389648438,164.47500610351562,164.875
2023-05-02,164.8000030517578,164.8000030517578,162.5500030517578,162.89999389648438
2023-05-03,162.8000030517578,162.8000030517578,161.1999969482422,161.64999389648438
2023-05-04,161.72500610351562,162.35000610351562,161.35000610351562,161.5749969482422
2023-05-05,162.10000610351562,163.125,161.8000030517578,161.9250030517578
2023-05-08,161.9250030517578,162.8249969482422,161.77499389648438,162.4250030517578
2023-05-09,162.60000610351562,164.14999389648438,161.875,163.9250030517578
2023-05-10,163.72500610351562,164.5500030517578,162.6750030517578,163.0
2023-05-11,162.97500610351562,163.4499969482422,162.3000030517578,162.9499969482422
2023-05-12,163.14999389648438,164.625,162.89999389648438,164.39999389648438
2023-05-15,164.625,164.72500610351562,163.5749969482422,164.3249969482422
2023-05-16,164.3249969482422,164.5500030517578,163.64999389648438,163.875
2023-05-17,164.0749969482422,164.9250030517578,162.9250030517578,164.8249969482422
2023-05-18,164.875,165.72500610351562,164.3249969482422,165.52499389648438
2023-05-19,165.52499389648438,166.22500610351562,164.8249969482422,165.72500610351562
2023-05-22,165.64999389648438,165.64999389648438,164.5,165.0500030517578
2023-05-23,165.64999389648438,165.8249969482422,164.125,164.27499389648438
2023-05-24,164.27499389648438,166.5,163.64999389648438,166.10000610351562
2023-05-25,166.60000610351562,167.4499969482422,166.0,167.3000030517578
2023-05-26,167.47500610351562,168.39999389648438,167.10000610351562,167.35000610351562
2023-05-30,167.6999969482422,169.0,167.5,168.875
2023-05-31,168.64999389648438,169.27499389648438,168.02499389648438,169.125
2023-06-01,169.35000610351562,175.0,169.0,174.89999389648438
2023-06-02,175.02499389648438,176.875,175.0,176.4250030517578
2023-06-05,177.5,178.1750030517578,176.52499389648438,177.14999389648438
2023-06-06,177.75,180.25,177.02499389648438,179.8249969482422
2023-06-07,181.0,182.875,177.625,179.0
2023-06-08,179.6750030517578,180.3249969482422,178.5,178.77499389648438
2023-06-09,179.1750030517578,180.1750030517578,177.27499389648438,178.22500610351562
2023-06-12,178.8000030517578,179.1999969482422,178.14999389648438,179.0749969482422
2023-06-13,179.0749969482422,179.60000610351562,178.5,179.4250030517578
2023-06-14,179.5500030517578,179.60000610351562,177.25,177.4499969482422
2023-06-15,177.4499969482422,178.1750030517578,176.3000030517578,177.5749969482422
2023-06-16,177.5749969482422,178.89999389648438,177.0,178.35000610351562
2023-06-20,178.64999389648438,178.64999389648438,176.625,177.125
2023-06-21,177.1999969482422,177.5749969482422,176.25,177.25
2023-06-22,177.75,177.89999389648438,176.75,177.64999389648438
2023-06-23,177.875,178.22500610351562,177.14999389648438,177.5
2023-06-26,177.3000030517578,177.97500610351562,177.02499389648438,177.6999969482422
2023-06-27,178.0,179.5500030517578,177.89999389648438,179.3000030517578
2023-06-28,179.35000610351562,180.39999389648438,179.10000610351562,179.625
2023-06-29,180.10000610351562,180.1999969482422,179.5,179.75
2023-06-30,179.89999389648438,181.5,179.14999389648438,181.5
2023-07-03,176.875,177.35000610351562,176.10000610351562,176.8249969482422
2023-07-05,176.5,176.97500610351562,174.77499389648438,174.9499969482422
2023-07-06,174.4499969482422,175.0749969482422,173.4250030517578,174.5749969482422
2023-07-07,174.72500610351562,177.1999969482422,174.3000030517578,177.0
2023-07-10,176.97500610351562,178.0,176.14999389648438,177.1999969482422
2023-07-11,176.9499969482422,179.39999389648438,176.4499969482422,178.8249969482422
2023-07-12,179.0,181.1750030517578,176.52499389648438,176.875
2023-07-13,176.77499389648438,177.10000610351562,175.1999969482422,176.89999389648438
2023-07-14,176.89999389648438,180.375,176.77499389648438,180.1750030517578
2023-07-17,180.5500030517578,181.60000610351562,179.6999969482422,180.125
2023-07-18,180.10000610351562,181.52499389648438,179.8249969482422,181.27499389648438
2023-07-19,180.89999389648438,181.875,180.0500030517578,181.3249969482422
2023-07-20,181.5,182.97500610351562,179.3249969482422,180.3249969482422
2023-07-21,180.89999389648438,181.22500610351562,179.52499389648438,180.02499389648438
2023-07-24,179.0,180.375,178.5500030517578,178.75
2023-07-25,179.4499969482422,179.60000610351562,177.89999389648438,178.3000030517578
2023-07-26,178.25,178.97500610351562,177.875,178.6750030517578
2023-07-27,178.77499389648438,178.9250030517578,177.9499969482422,178.0500030517578
2023-07-28,178.4499969482422,179.0749969482422,178.0,178.14999389648438
2023-07-31,178.35000610351562,178.64999389648438,176.8000030517578,178.0500030517578
2023-08-01,178.25,179.89999389648438,177.75,179.5
2023-08-02,179.35000610351562,179.52499389648438,177.8000030517578,178.02499389648438
2023-08-03,178.0,178.8249969482422,177.625,178.5
2023-08-04,178.5,181.125,178.4250030517578,180.89999389648438
2023-08-07,181.02499389648438,181.27499389648438,179.5749969482422,179.6999969482422
2023-08-08,180.0,180.60000610351562,179.3000030517578,179.6999969482422
2023-08-09,179.85000610351562,180.6750030517578,179.4499969482422,180.5749969482422
2023-08-10,180.5749969482422,181.6999969482422,180.4250030517578,181.10000610351562
2023-08-11,181.10000610351562,181.4499969482422,180.25,180.375
2023-08-14,180.5,180.64999389648438,179.6750030517578,179.75
2023-08-15,179.8249969482422,180.02499389648438,178.97500610351562,179.10000610351562
2023-08-16,179.14999389648438,179.89999389648438,178.625,178.77499389648438
2023-08-17,178.77499389648438,178.875,177.8249969482422,178.0500030517578
2023-08-18,178.0,178.75,177.5,178.52499389648438
2023-08-21,179.02499389648438,179.5500030517578,178.6999969482422,178.97500610351562
2023-08-22,178.89999389648438,178.89999389648438,177.625,177.9499969482422
2023-08-23,177.8000030517578,178.4250030517578,177.52499389648438,178.0500030517578
2023-08-24,177.89999389648438,180.0749969482422,177.60000610351562,179.85000610351562
2023-08-25,179.85000610351562,180.77499389648438,179.0,180.6750030517578
2023-08-28,180.77499389648438,181.39999389648438,180.125,180.6999969482422
2023-08-29,181.0,181.5,180.14999389648438,181.0
2023-08-30,180.5,180.64999389648438,178.6750030517578,178.8000030517578
2023-08-31,178.6999969482422,179.72500610351562,178.10000610351562,179.72500610351562
2023-09-01,180.8000030517578,181.02499389648438,179.8249969482422,180.14999389648438
2023-09-05,180.3000030517578,180.9499969482422,179.5,179.9499969482422
2023-09-06,179.9499969482422,183.0749969482422,179.89999389648438,182.6999969482422
2023-09-07,182.8249969482422,184.52499389648438,182.22500610351562,183.64999389648438
2023-09-08,183.5749969482422,183.8000030517578,182.75,183.22500610351562
2023-09-11,183.5,184.8000030517578,183.10000610351562,184.22500610351562
2023-09-12,184.3000030517578,184.77499389648438,183.0500030517578,184.14999389648438
2023-09-13,183.9499969482422,184.02499389648438,182.5749969482422,183.14999389648438
2023-09-14,183.125,185.77499389648438,183.0749969482422,185.47500610351562
2023-09-15,185.35000610351562,187.3000030517578,185.0749969482422,186.9250030517578
2023-09-18,186.9250030517578,187.0,186.10000610351562,186.3249969482422
2023-09-19,186.5,187.4499969482422,185.64999389648438,185.6750030517578
2023-09-20,185.52499389648438,186.9250030517578,185.0749969482422,186.77499389648438
2023-09-21,186.52499389648438,186.52499389648438,184.64999389648438,184.97500610351562
2023-09-22,185.39999389648438,187.3000030517578,185.39999389648438,187.0749969482422
2023-09-25,186.875,187.3249969482422,186.35000610351562,186.97500610351562
2023-09-26,187.0,187.0749969482422,184.6999969482422,184.8000030517578
2023-09-27,185.25,185.8000030517578,184.4499969482422,184.89999389648438
2023-09-28,185.1750030517578,187.5749969482422,184.72500610351562,186.5
2023-09-29,186.35000610351562,186.35000610351562,184.0749969482422,184.1999969482422
2023-10-02,184.6750030517578,186.1999969482422,184.35000610351562,184.4250030517578
2023-10-03,184.3249969482422,184.3249969482422,182.0,182.125
2023-10-04,182.25,183.1999969482422,181.52499389648438,182.1999969482422
2023-10-05,182.125,182.3249969482422,181.25,181.9499969482422
2023-10-06,181.77499389648438,183.4499969482422,181.39999389648438,183.0749969482422
2023-10-09,182.89999389648438,183.77499389648438,182.3249969482422,182.375
2023-10-10,182.8000030517578,183.3000030517578,182.35000610351562,182.5749969482422
2023-10-11,182.6999969482422,184.875,182.375,184.5
2023-10-12,184.5,185.625,184.27499389648438,185.39999389648438
2023-10-13,185.75,185.9499969482422,185.0,185.125
2023-10-16,185.75,185.8249969482422,184.6999969482422,185.1999969482422
2023-10-17,185.60000610351562,186.22500610351562,185.3249969482422,185.5
2023-10-18,185.85000610351562,186.125,185.3000030517578,185.72500610351562
2023-10-19,185.6750030517578,185.8000030517578,184.1999969482422,184.39999389648438
2023-10-20,185.10000610351562,185.1750030517578,184.10000610351562,184.27499389648438
2023-10-23,183.52499389648438,183.52499389648438,177.85000610351562,178.25
2023-10-24,179.8000030517578,181.8000030517578,177.35000610351562,180.0
2023-10-25,180.9499969482422,181.47500610351562,179.75,181.125
2023-10-26,181.25,182.875,181.25,181.6999969482422
2023-10-27,182.8249969482422,184.3000030517578,182.14999389648438,184.0
2023-10-30,184.39999389648438,184.39999389648438,182.625,184.125
2023-10-31,184.125,185.0,182.8000030517578,183.75
2023-11-01,183.5500030517578,184.14999389648438,183.02499389648438,183.625
2023-11-02,184.0,184.85000610351562,183.9250030517578,184.6750030517578
2023-11-03,184.8249969482422,184.97500610351562,183.52499389648438,183.875
2023-11-06,183.1750030517578,183.27499389648438,181.22500610351562,181.3249969482422
2023-11-07,181.39999389648438,182.22500610351562,178.60000610351562,178.77499389648438
2023-11-08,178.8000030517578,180.4250030517578,176.625,179.39999389648438
2023-11-09,179.72500610351562,180.0749969482422,174.125,174.35000610351562
2023-11-10,174.89999389648438,174.89999389648438,173.14999389648438,174.1750030517578
2023-11-13,174.52499389648438,176.0,173.5500030517578,174.9250030517578
2023-11-14,174.89999389648438,178.0,174.625,175.85000610351562
2023-11-15,175.625,178.10000610351562,175.4499969482422,177.77499389648438
2023-11-16,177.52499389648438,177.625,174.375,174.75
2023-11-17,174.72500610351562,176.4499969482422,174.1750030517578,175.75
2023-11-20,177.14999389648438,177.5749969482422,174.6750030517578,175.47500610351562
2023-11-21,175.02499389648438,175.9250030517578,174.1999969482422,175.0
2023-11-22,174.85000610351562,176.0,174.35000610351562,174.47500610351562
2023-11-24,174.3000030517578,174.3000030517578,170.0749969482422,170.25
2023-11-27,170.8249969482422,172.10000610351562,168.4250030517578,168.77499389648438
2023-11-28,169.85000610351562,172.64999389648438,169.125,171.64999389648438
2023-11-29,171.9499969482422,172.47500610351562,171.4499969482422,171.89999389648438
2023-11-30,172.35000610351562,172.35000610351562,169.10000610351562,170.875
2023-12-01,171.10000610351562,171.375,169.0,169.27499389648438
2023-12-04,168.5749969482422,169.5,166.5749969482422,167.25
2023-12-05,167.14999389648438,169.0,166.9250030517578,168.5
2023-12-06,168.3000030517578,168.85000610351562,163.02499389648438,163.4499969482422
2023-12-07,164.0,164.77499389648438,162.1999969482422,162.35000610351562
2023-12-08,162.8000030517578,165.75,162.27499389648438,165.4499969482422
2023-12-11,165.39999389648438,167.22500610351562,164.72500610351562,166.97500610351562
2023-12-12,166.75,167.9250030517578,165.8000030517578,167.6999969482422
2023-12-13,167.5500030517578,168.4250030517578,166.8000030517578,166.9499969482422
2023-12-14,167.77499389648438,167.97500610351562,167.14999389648438,167.5
2023-12-15,167.60000610351562,168.89999389648438,166.77499389648438,168.22500610351562
2023-12-18,169.14999389648438,169.75,168.60000610351562,168.8249969482422
2023-12-19,169.0,169.4499969482422,168.39999389648438,168.4499969482422
2023-12-20,168.35000610351562,170.1999969482422,168.0749969482422,170.02499389648438
2023-12-21,170.02499389648438,170.6750030517578,169.6750030517578,170.5500030517578
2023-12-22,170.5,171.27499389648438,169.75,170.0500030517578
2023-12-26,170.625,170.75,169.75,170.5749969482422
2023-12-27,170.75,170.89999389648438,170.4250030517578,170.72500610351562
2023-12-28,170.75,171.35000610351562,170.10000610351562,171.1999969482422
2023-12-29,172.0,174.0,172.0,173.6750030517578
2024-01-02,169.27499389648438,172.64999389648438,169.0,171.9250030517578
2024-01-03,171.60000610351562,171.9499969482422,170.625,171.85000610351562
2024-01-04,171.89999389648438,171.89999389648438,170.6999969482422,171.125
2024-01-05,171.0500030517578,172.3249969482422,170.10000610351562,170.5749969482422
2024-01-08,170.89999389648438,173.25,169.6750030517578,169.9499969482422
2024-01-09,170.14999389648438,172.10000610351562,169.25,170.77499389648438
2024-01-10,171.14999389648438,171.89999389648438,170.5,170.75
2024-01-11,170.9499969482422,172.0,170.0500030517578,171.8000030517578
2024-01-12,171.8000030517578,172.625,171.0500030517578,171.375
2024-01-16,171.97500610351562,173.47500610351562,171.35000610351562,173.125
2024-01-17,173.25,173.4250030517578,172.0749969482422,173.10000610351562
2024-01-18,173.0,175.0749969482422,172.5749969482422,174.8249969482422
2024-01-19,174.64999389648438,174.97500610351562,173.875,174.375
2024-01-22,174.0,174.1750030517578,173.0,173.77499389648438
2024-01-23,173.8249969482422,174.9250030517578,173.47500610351562,174.64999389648438
2024-01-24,174.72500610351562,175.47500610351562,174.6750030517578,175.35000610351562
2024-01-25,175.35000610351562,177.97500610351562,174.89999389648438,177.72500610351562
2024-01-26,177.52499389648438,179.125,177.52499389648438,178.4499969482422
2024-01-29,178.1750030517578,179.52499389648438,177.25,177.375
2024-01-30,177.375,178.14999389648438,177.0,178.02499389648438
2024-01-31,177.5500030517578,178.10000610351562,177.1999969482422,177.35000610351562
2024-02-01,177.72500610351562,179.97500610351562,177.5749969482422,179.75
2024-02-02,179.75,181.02499389648438,179.6999969482422,180.5500030517578
2024-02-05,180.75,181.6999969482422,179.64999389648438,179.72500610351562
2024-02-06,179.75,183.3249969482422,179.72500610351562,183.0
2024-02-07,182.97500610351562,183.35000610351562,181.8249969482422,182.22500610351562
2024-02-08,182.8000030517578,184.6750030517578,182.72500610351562,183.77499389648438
2024-02-09,183.9250030517578,184.9499969482422,183.5,184.625
2024-02-12,184.625,184.89999389648438,183.75,184.25
2024-02-13,184.10000610351562,184.1750030517578,183.35000610351562,183.75
2024-02-14,183.60000610351562,183.60000610351562,182.14999389648438,182.39999389648438
2024-02-15,182.4499969482422,183.5,181.5,183.39999389648438
2024-02-16,183.5500030517578,185.39999389648438,183.39999389648438,184.77499389648438
2024-02-20,184.77499389648438,185.0,184.02499389648438,184.39999389648438
2024-02-21,184.27499389648438,185.77499389648438,183.9499969482422,183.97500610351562
2024-02-22,184.0,185.25,183.5,183.5
2024-02-23,183.6999969482422,185.77499389648438,183.4499969482422,185.60000610351562
2024-02-26,184.60000610351562,186.1750030517578,184.5,185.72500610351562
2024-02-27,185.60000610351562,186.375,185.52499389648438,185.60000610351562
2024-02-28,185.6750030517578,185.77499389648438,184.22500610351562,184.64999389648438
2024-02-29,184.39999389648438,184.8000030517578,182.02499389648438,184.0
2024-03-01,185.4250030517578,188.5,185.39999389648438,188.4499969482422
2024-03-04,188.27499389648438,188.9499969482422,186.5500030517578,186.6750030517578
2024-03-05,186.6999969482422,188.5,186.5500030517578,188.0
2024-03-06,187.5,187.89999389648438,186.8000030517578,187.25
2024-03-07,187.25,188.875,186.9499969482422,188.72500610351562
2024-03-08,188.75,189.9499969482422,187.125,187.60000610351562
2024-03-11,187.5,188.375,186.97500610351562,187.60000610351562
2024-03-12,187.625,188.97500610351562,187.3000030517578,188.25
2024-03-13,188.0749969482422,190.0,188.0500030517578,189.9250030517578
2024-03-14,189.4499969482422,190.27499389648438,186.77499389648438,186.9499969482422
2024-03-15,187.625,188.4250030517578,186.64999389648438,187.25
2024-03-18,187.375,188.75,187.1999969482422,188.5749969482422
2024-03-19,188.47500610351562,188.6999969482422,187.6750030517578,188.0500030517578
2024-03-20,188.0749969482422,188.5749969482422,187.39999389648438,187.8000030517578
2024-03-21,187.5500030517578,189.4250030517578,187.3249969482422,188.375
2024-03-22,188.47500610351562,188.60000610351562,187.14999389648438,187.5
2024-03-25,186.1750030517578,187.3000030517578,185.8000030517578,186.1999969482422
2024-03-26,186.0,186.39999389648438,181.77499389648438,183.10000610351562
2024-03-27,183.39999389648438,184.0749969482422,181.9499969482422,183.60000610351562
2024-03-28,183.5,185.3000030517578,182.89999389648438,185.0
2024-04-01,185.0,185.89999389648438,179.75,180.0749969482422
2024-04-02,180.60000610351562,183.02499389648438,180.35000610351562,181.77499389648438
2024-04-03,181.77499389648438,182.14999389648438,179.75,180.9250030517578
2024-04-04,181.52499389648438,182.10000610351562,181.0500030517578,181.47500610351562
2024-04-05,181.39999389648438,181.72500610351562,177.89999389648438,178.25
2024-04-08,178.6999969482422,179.60000610351562,178.1999969482422,179.39999389648438
2024-04-09,179.75,181.22500610351562,179.5,180.6999969482422
2024-04-10,180.4499969482422,180.9499969482422,178.52499389648438,179.0749969482422
2024-04-11,178.8249969482422,180.5749969482422,178.1999969482422,180.25
2024-04-12,180.0500030517578,180.5,176.5,178.89999389648438
2024-04-15,179.39999389648438,181.35000610351562,179.39999389648438,180.3000030517578
2024-04-16,180.5749969482422,181.64999389648438,179.5749969482422,181.5
2024-04-17,181.1750030517578,181.625,180.0749969482422,180.89999389648438
2024-04-18,181.0749969482422,181.375,180.25,181.1750030517578
2024-04-19,181.0,181.60000610351562,180.52499389648438,181.47500610351562
2024-04-22,181.89999389648438,184.0,181.89999389648438,183.8249969482422
2024-04-23,183.6999969482422,184.375,181.5500030517578,183.35000610351562
2024-04-24,183.0,183.52499389648438,181.35000610351562,182.10000610351562
2024-04-25,181.89999389648438,184.0500030517578,181.35000610351562,183.9499969482422
2024-04-26,184.4250030517578,184.9499969482422,183.6999969482422,184.6750030517578
2024-04-29,184.9250030517578,185.5,184.4499969482422,185.39999389648438
2024-04-30,186.0,186.0,185.0,185.0
2024-05-01,175.60000610351562,176.85000610351562,172.6999969482422,173.85000610351562
2024-05-02,177.14999389648438,178.0,176.4499969482422,176.8000030517578
2024-05-03,177.39999389648438,177.60000610351562,175.9250030517578,176.6750030517578
2024-05-06,176.9499969482422,177.375,175.8000030517578,176.97500610351562
2024-05-07,177.6999969482422,178.97500610351562,177.4250030517578,177.625
2024-05-08,177.6750030517578,178.0749969482422,176.25,176.47500610351562
2024-05-09,176.75,177.9499969482422,175.375,175.9499969482422
2024-05-10,176.25,177.27499389648438,175.1750030517578,176.14999389648438
2024-05-13,176.1999969482422,177.39999389648438,174.9250030517578,175.5749969482422
2024-05-14,176.14999389648438,179.10000610351562,175.89999389648438,178.1750030517578
2024-05-15,178.85000610351562,179.1999969482422,177.6750030517578,178.25
2024-05-16,178.5500030517578,179.8000030517578,178.5500030517578,179.02499389648438
2024-05-17,179.5,181.1999969482422,179.1999969482422,181.0500030517578
2024-05-20,181.35000610351562,181.8000030517578,181.0500030517578,181.47500610351562
2024-05-21,181.6999969482422,183.25,181.5749969482422,182.97500610351562
2024-05-22,183.5,184.22500610351562,182.77499389648438,184.1750030517578
2024-05-23,184.3000030517578,184.6750030517578,183.1999969482422,183.52499389648438
2024-05-24,183.60000610351562,184.47500610351562,182.9499969482422,183.6999969482422
2024-05-28,183.77499389648438,184.625,183.3249969482422,184.5500030517578
2024-05-29,184.25,184.5,181.75,183.35000610351562
2024-05-30,183.5,183.6999969482422,181.8249969482422,182.5500030517578
2024-05-31,182.60000610351562,182.60000610351562,181.1750030517578,181.5500030517578
2024-06-03,181.875,182.5,180.9250030517578,182.02499389648438
2024-06-04,182.5,183.0,182.0500030517578,182.1750030517578
2024-06-05,182.1999969482422,182.6750030517578,181.6750030517578,181.77499389648438
2024-06-06,182.0,182.22500610351562,181.125,181.8249969482422
2024-06-07,181.9499969482422,182.6750030517578,181.5749969482422,182.1750030517578
2024-06-10,182.4250030517578,184.1750030517578,182.1750030517578,183.9250030517578
2024-06-11,184.1750030517578,184.47500610351562,183.27499389648438,183.75
2024-06-12,184.125,184.25,183.1999969482422,183.64999389648438
2024-06-13,183.64999389648438,184.85000610351562,182.5,184.8249969482422
2024-06-14,186.625,186.97500610351562,186.625,186.8249969482422
2024-06-17,187.0,187.64999389648438,186.625,187.0500030517578
2024-06-18,186.9499969482422,187.14999389648438,186.47500610351562,186.6750030517578
2024-06-20,187.52499389648438,187.85000610351562,186.1750030517578,187.0749969482422
2024-06-21,187.3000030517578,187.8249969482422,186.8249969482422,187.60000610351562
2024-06-24,187.85000610351562,189.22500610351562,187.8000030517578,188.89999389648438
2024-06-25,188.77499389648438,189.64999389648438,188.64999389648438,189.47500610351562
2024-06-26,189.3000030517578,193.1999969482422,189.3000030517578,192.9250030517578
2024-06-27,194.02499389648438,194.5,193.10000610351562,194.1750030517578
2024-06-28,195.0,195.64999389648438,193.0,193.5
2024-07-01,184.89999389648438,185.14999389648438,183.625,184.27499389648438
2024-07-02,184.64999389648438,185.47500610351562,184.35000610351562,185.10000610351562
2024-07-03,185.25,186.10000610351562,185.25,185.9250030517578
2024-07-05,185.8249969482422,188.25,185.64999389648438,186.4250030517578
2024-07-08,186.5,187.27499389648438,183.8000030517578,184.35000610351562
2024-07-09,184.8000030517578,185.75,180.8249969482422,182.35000610351562
2024-07-10,182.35000610351562,182.77499389648438,181.375,182.25
2024-07-11,182.9250030517578,183.125,181.89999389648438,182.25
2024-07-12,182.0749969482422,183.0500030517578,181.0500030517578,182.375
2024-07-15,182.6999969482422,183.375,181.85000610351562,182.125
2024-07-16,182.125,182.9250030517578,181.64999389648438,182.6750030517578
2024-07-17,182.625,184.5749969482422,181.77499389648438,184.27499389648438
2024-07-18,184.1999969482422,184.5,181.875,182.25
2024-07-19,182.25,183.3249969482422,181.89999389648438,183.10000610351562
2024-07-22,184.02499389648438,184.625,183.0749969482422,183.9250030517578
2024-07-23,183.8249969482422,186.60000610351562,183.8000030517578,186.3000030517578
2024-07-24,186.3000030517578,187.14999389648438,185.97500610351562,186.89999389648438
2024-07-25,186.89999389648438,189.0500030517578,186.77499389648438,188.89999389648438
2024-07-26,189.0,189.3249969482422,188.25,188.5749969482422
2024-07-29,188.75,189.0749969482422,186.39999389648438,186.97500610351562
2024-07-30,187.47500610351562,187.9250030517578,186.77499389648438,187.6999969482422
2024-07-31,187.27499389648438,187.5,186.52499389648438,187.125
2024-08-01,187.25,187.5,184.5749969482422,184.8000030517578
2024-08-02,184.8249969482422,185.125,181.39999389648438,184.10000610351562
2024-08-05,181.35000610351562,183.39999389648438,179.8000030517578,181.5500030517578
2024-08-06,183.0,183.27499389648438,181.39999389648438,181.97500610351562
2024-08-07,182.75,183.1999969482422,181.6999969482422,182.27499389648438
2024-08-08,182.4250030517578,182.60000610351562,181.5,182.0500030517578
2024-08-09,181.8000030517578,184.5,181.72500610351562,184.25
2024-08-12,184.25,184.3249969482422,183.27499389648438,183.3249969482422
2024-08-13,183.75,184.4250030517578,183.5,184.0
2024-08-14,184.14999389648438,184.72500610351562,183.75,184.60000610351562
2024-08-15,184.60000610351562,184.9499969482422,184.0,184.0500030517578
2024-08-16,184.1999969482422,184.5,181.0500030517578,182.8000030517578
2024-08-19,182.75,183.27499389648438,182.125,182.8000030517578
2024-08-20,182.85000610351562,182.89999389648438,180.5,181.02499389648438
2024-08-21,181.0500030517578,181.22500610351562,179.8249969482422,181.22500610351562
2024-08-22,181.02499389648438,182.6999969482422,180.5500030517578,182.5500030517578
2024-08-23,182.6750030517578,182.6750030517578,182.125,182.5749969482422
2024-08-26,182.4250030517578,183.8249969482422,182.39999389648438,183.60000610351562
2024-08-27,183.8000030517578,185.85000610351562,183.8000030517578,185.1750030517578
2024-08-28,184.875,185.5,183.75,183.75
2024-08-29,183.75,184.9250030517578,183.5,184.875
2024-08-30,185.5,185.89999389648438,185.4499969482422,185.85000610351562
2024-09-03,178.6750030517578,180.125,178.0500030517578,179.27499389648438
2024-09-04,179.39999389648438,179.9250030517578,178.75,179.22500610351562
2024-09-05,179.0,179.14999389648438,176.77499389648438,177.25
2024-09-06,177.1999969482422,177.97500610351562,174.9250030517578,175.1750030517578
2024-09-09,175.5,177.5749969482422,173.77499389648438,176.9250030517578
2024-09-10,176.8249969482422,177.5,175.9499969482422,176.3249969482422
2024-09-11,176.3249969482422,177.35000610351562,175.5,176.9499969482422
2024-09-12,177.22500610351562,178.8000030517578,177.22500610351562,178.02499389648438
2024-09-13,178.0,178.89999389648438,177.0,177.64999389648438
2024-09-16,178.0500030517578,178.5,176.875,177.22500610351562
2024-09-17,177.60000610351562,179.22500610351562,177.0,178.8000030517578
2024-09-18,178.97500610351562,179.14999389648438,178.1999969482422,178.3000030517578
2024-09-19,178.89999389648438,180.4250030517578,178.375,179.97500610351562
2024-09-20,179.8000030517578,182.64999389648438,179.125,182.47500610351562
2024-09-23,182.75,183.64999389648438,182.3249969482422,183.25
2024-09-24,183.02499389648438,183.89999389648438,182.72500610351562,183.1999969482422
2024-09-25,183.0,183.1999969482422,182.5,183.0500030517578
2024-09-26,182.25,184.3249969482422,182.0749969482422,184.10000610351562
2024-09-27,184.3000030517578,185.10000610351562,183.625,183.75
2024-09-30,183.47500610351562,184.39999389648438,183.375,183.77499389648438
2024-10-01,183.8249969482422,185.47500610351562,183.60000610351562,184.47500610351562
2024-10-02,184.375,187.5,184.375,187.4250030517578
2024-10-03,187.1750030517578,187.8249969482422,185.9250030517578,186.0
2024-10-04,186.35000610351562,187.3000030517578,185.85000610351562,187.0
2024-10-07,187.0500030517578,187.97500610351562,187.0,187.47500610351562
2024-10-08,187.47500610351562,188.64999389648438,187.39999389648438,188.47500610351562
2024-10-09,188.5500030517578,188.75,187.72500610351562,188.1999969482422
2024-10-10,188.25,189.25,187.25,189.1750030517578
2024-10-11,189.1750030517578,189.4499969482422,188.4250030517578,188.60000610351562
2024-10-14,188.125,188.5749969482422,187.9250030517578,188.25
2024-10-15,188.0500030517578,188.0500030517578,186.0500030517578,186.72500610351562
2024-10-16,186.97500610351562,187.47500610351562,186.6750030517578,187.0500030517578
2024-10-17,187.3000030517578,187.4250030517578,185.64999389648438,186.625
2024-10-18,186.75,187.97500610351562,186.6999969482422,187.625
2024-10-21,186.75,187.97500610351562,186.6999969482422,187.0
2024-10-22,187.35000610351562,188.4499969482422,187.35000610351562,188.0500030517578
2024-10-23,187.5749969482422,188.8000030517578,187.22500610351562,187.625
2024-10-24,187.72500610351562,189.375,187.625,189.3000030517578
2024-10-25,189.5,189.8249969482422,189.25,189.6999969482422
2024-10-28,189.125,190.1750030517578,189.0,190.1750030517578
2024-10-29,190.27499389648438,190.47500610351562,189.1999969482422,189.3000030517578
2024-10-30,189.52499389648438,189.52499389648438,187.8249969482422,188.39999389648438
2024-10-31,188.72500610351562,193.0,184.97500610351562,193.0
2024-11-01,186.1750030517578,186.60000610351562,184.4499969482422,185.9250030517578
2024-11-04,186.0,186.0500030517578,184.5749969482422,185.0749969482422
2024-11-05,185.3000030517578,185.625,184.75,184.77499389648438
2024-11-06,185.5500030517578,186.60000610351562,184.8249969482422,185.39999389648438
2024-11-07,185.5,186.4250030517578,185.27499389648438,185.8249969482422
2024-11-08,184.75,184.8249969482422,183.4499969482422,183.6999969482422
2024-11-11,183.8249969482422,184.25,182.8000030517578,183.6999969482422
2024-11-12,184.0,184.875,183.3249969482422,184.39999389648438
2024-11-13,184.625,184.625,183.8249969482422,184.02499389648438
2024-11-14,183.5500030517578,183.97500610351562,182.6750030517578,182.9499969482422
2024-11-15,182.6750030517578,184.10000610351562,182.60000610351562,182.9499969482422
2024-11-18,183.0500030517578,184.3000030517578,182.9499969482422,184.10000610351562
2024-11-19,184.22500610351562,186.625,183.875,186.5749969482422
2024-11-20,186.5749969482422,186.9250030517578,186.02499389648438,186.3000030517578
2024-11-21,186.3000030517578,186.5,185.4499969482422,185.60000610351562
2024-11-22,186.1999969482422,187.3000030517578,185.85000610351562,186.77499389648438
2024-11-25,187.22500610351562,188.4499969482422,186.375,186.5
2024-11-26,186.8249969482422,187.60000610351562,186.39999389648438,186.89999389648438
2024-11-27,187.125,188.75,186.875,188.0
2024-11-29,188.25,188.5749969482422,187.8249969482422,187.97500610351562
2024-12-02,188.0,188.8000030517578,187.125,187.52499389648438
2024-12-03,187.89999389648438,188.77499389648438,187.8000030517578,188.47500610351562
2024-12-04,188.52499389648438,188.6999969482422,188.0749969482422,188.375
2024-12-05,188.375,188.47500610351562,186.89999389648438,186.97500610351562
2024-12-06,187.5,187.625,187.0749969482422,187.375
2024-12-09,187.39999389648438,188.75,187.375,187.8000030517578
2024-12-10,188.10000610351562,190.25,187.8249969482422,189.85000610351562
2024-12-11,189.85000610351562,192.47500610351562,189.72500610351562,192.25
2024-12-12,192.52499389648438,193.77499389648438,192.0,192.125
2024-12-13,192.125,193.8249969482422,191.875,193.64999389648438
2024-12-16,193.85000610351562,194.27499389648438,191.89999389648438,192.02499389648438
2024-12-17,192.1999969482422,192.85000610351562,191.89999389648438,192.25
2024-12-18,192.10000610351562,192.52499389648438,190.60000610351562,191.3000030517578
2024-12-19,192.0,192.0,190.0,190.35000610351562
2024-12-20,190.47500610351562,191.9250030517578,190.125,191.3249969482422
2024-12-23,191.10000610351562,191.5,190.77499389648438,190.97500610351562
2024-12-24,190.97500610351562,191.25,190.60000610351562,190.8000030517578
2024-12-26,191.39999389648438,192.875,191.1999969482422,192.77499389648438
2024-12-27,192.47500610351562,193.72500610351562,192.47500610351562,193.5
2024-12-30,193.89999389648438,194.27499389648438,193.39999389648438,194.0749969482422
2024-12-31,194.1750030517578,194.5,193.60000610351562,193.85000610351562
2025-01-02,191.85000610351562,193.9499969482422,191.52499389648438,193.60000610351562
2025-01-03,194.0500030517578,196.1999969482422,193.39999389648438,194.0500030517578
2025-01-06,194.6999969482422,196.3249969482422,194.60000610351562,195.1999969482422
2025-01-07,195.5,196.625,195.0,195.5749969482422
2025-01-08,195.5,196.35000610351562,193.47500610351562,193.6999969482422
2025-01-09,194.8249969482422,198.10000610351562,194.6999969482422,197.60000610351562
2025-01-10,198.5,199.10000610351562,197.64999389648438,198.77499389648438
2025-01-13,198.75,198.75,197.3249969482422,197.39999389648438
2025-01-14,197.39999389648438,198.3249969482422,196.4250030517578,197.39999389648438
2025-01-15,197.875,198.85000610351562,197.47500610351562,198.52499389648438
2025-01-16,198.52499389648438,198.52499389648438,195.72500610351562,196.60000610351562
2025-01-17,196.9250030517578,197.875,195.875,196.75
2025-01-21,197.25,197.6750030517578,196.375,197.0500030517578
2025-01-22,197.10000610351562,200.14999389648438,197.0500030517578,200.0500030517578
2025-01-23,200.0749969482422,201.4499969482422,199.52499389648438,201.10000610351562
2025-01-24,201.10000610351562,205.22500610351562,200.875,204.77499389648438
2025-01-27,205.02499389648438,208.14999389648438,204.125,205.6750030517578
2025-01-28,205.75,209.14999389648438,205.72500610351562,208.5500030517578
2025-01-29,208.5500030517578,209.35000610351562,206.1750030517578,207.02499389648438
2025-01-30,207.1999969482422,207.39999389648438,203.52499389648438,204.47500610351562
2025-01-31,205.27499389648438,205.6750030517578,203.5,204.60000610351562
2025-02-03,204.0,205.52499389648438,202.77499389648438,202.97500610351562
2025-02-04,203.3000030517578,203.64999389648438,201.35000610351562,201.875
2025-02-05,202.47500610351562,204.35000610351562,202.39999389648438,203.60000610351562
2025-02-06,203.6750030517578,203.6750030517578,199.35000610351562,200.625
2025-02-07,200.9499969482422,201.3000030517578,199.64999389648438,200.77499389648438
2025-02-10,200.89999389648438,202.3000030517578,200.39999389648438,201.875
2025-02-11,201.85000610351562,201.85000610351562,198.85000610351562,199.6750030517578
2025-02-12,199.72500610351562,200.02499389648438,199.0500030517578,199.14999389648438
2025-02-13,199.14999389648438,200.1750030517578,198.47500610351562,199.5500030517578
2025-02-14,199.6750030517578,200.0749969482422,197.5749969482422,197.75
2025-02-18,197.85000610351562,198.35000610351562,196.6999969482422,197.4499969482422
2025-02-19,197.4499969482422,198.3000030517578,197.0,197.8249969482422
2025-02-20,197.8249969482422,197.8249969482422,196.875,197.625
2025-02-21,197.8249969482422,198.4499969482422,197.25,197.8249969482422
2025-02-24,198.02499389648438,199.1999969482422,197.875,198.89999389648438
2025-02-25,199.0,199.8000030517578,198.8000030517578,199.5
2025-02-26,199.39999389648438,199.60000610351562,198.35000610351562,198.8249969482422
2025-02-27,198.8249969482422,199.72500610351562,198.8249969482422,199.39999389648438
2025-02-28,199.75,199.75,194.1750030517578,197.72500610351562
2025-03-03,192.72500610351562,193.25,190.10000610351562,192.25
2025-03-04,191.72500610351562,194.9499969482422,189.5,194.64999389648438
2025-03-05,194.77499389648438,197.22500610351562,194.3249969482422,196.5500030517578
2025-03-06,196.1750030517578,196.6999969482422,194.22500610351562,196.27499389648438
2025-03-07,196.5,200.9499969482422,196.39999389648438,200.27499389648438
2025-03-10,200.8000030517578,201.64999389648438,199.60000610351562,200.5749969482422
2025-03-11,200.27499389648438,201.4499969482422,199.0500030517578,199.5500030517578
2025-03-12,200.0,202.02499389648438,199.89999389648438,201.39999389648438
2025-03-13,201.27499389648438,203.625,200.89999389648438,202.0500030517578
2025-03-14,202.125,203.35000610351562,201.0749969482422,203.1750030517578
2025-03-17,203.60000610351562,205.1999969482422,203.14999389648438,205.02499389648438
2025-03-18,205.0,205.52499389648438,204.22500610351562,205.375
2025-03-19,205.0500030517578,207.14999389648438,204.97500610351562,206.8249969482422
2025-03-20,206.89999389648438,208.75,206.25,208.47500610351562
2025-03-21,208.27499389648438,211.125,206.47500610351562,206.9499969482422
2025-03-24,208.8249969482422,209.0500030517578,205.6999969482422,205.89999389648438
2025-03-25,205.9250030517578,207.02499389648438,203.77499389648438,206.375
2025-03-26,206.875,207.375,206.0,207.0749969482422
2025-03-27,206.97500610351562,209.9250030517578,205.52499389648438,209.5500030517578
2025-03-28,209.5500030517578,210.125,208.47500610351562,208.8249969482422
2025-03-31,208.5749969482422,208.6750030517578,206.8249969482422,207.8000030517578
2025-04-01,207.875,209.39999389648438,207.0,209.125
2025-04-02,208.97500610351562,210.89999389648438,208.60000610351562,210.375
2025-04-03,207.52499389648438,209.5500030517578,207.0500030517578,208.0500030517578
2025-04-04,207.0,207.47500610351562,202.5500030517578,202.625
2025-04-07,201.5500030517578,202.9499969482422,198.60000610351562,198.9250030517578
2025-04-08,201.75,202.0,198.875,199.10000610351562
2025-04-09,199.0,203.5,197.75,202.8000030517578
2025-04-10,202.9499969482422,202.9499969482422,199.75,200.85000610351562
2025-04-11,201.4250030517578,203.0,200.4499969482422,202.47500610351562
2025-04-14,202.6999969482422,204.0,202.625,203.9499969482422
2025-04-15,204.0,205.1750030517578,203.9499969482422,204.8000030517578
2025-04-16,204.97500610351562,207.8000030517578,204.625,207.0749969482422
2025-04-17,208.1750030517578,210.0,207.625,209.8249969482422
2025-04-21,209.89999389648438,210.97500610351562,209.0,209.77499389648438
2025-04-22,210.4250030517578,211.875,210.25,211.375
2025-04-23,212.25,213.625,212.0500030517578,212.6999969482422
2025-04-24,212.6999969482422,213.77499389648438,212.35000610351562,213.5
2025-04-25,213.5,214.3000030517578,213.125,214.25
2025-04-28,214.52499389648438,215.9499969482422,214.3000030517578,215.64999389648438
2025-04-29,215.85000610351562,217.02499389648438,215.75,216.35000610351562
2025-04-30,216.5,217.6750030517578,215.75,215.75
2025-05-01,210.5,210.6999969482422,208.3249969482422,209.64999389648438
2025-05-02,209.77499389648438,211.9250030517578,209.10000610351562,211.10000610351562
2025-05-05,211.0,214.10000610351562,211.0,213.64999389648438
2025-05-06,213.5,214.3249969482422,213.0,213.6750030517578
2025-05-07,213.8000030517578,214.125,211.0,212.52499389648438
2025-05-08,212.89999389648438,214.625,211.75,214.25
2025-05-09,214.0,215.60000610351562,213.5749969482422,214.6750030517578
2025-05-12,217.14999389648438,217.75,215.8000030517578,216.8249969482422
2025-05-13,216.85000610351562,217.0749969482422,216.0,216.3249969482422
2025-05-14,216.5500030517578,218.625,213.1999969482422,213.9499969482422
2025-05-15,213.25,213.52499389648438,210.625,211.1750030517578
2025-05-16,211.5,212.875,210.75,212.22500610351562
2025-05-19,212.5749969482422,213.47500610351562,212.0500030517578,212.97500610351562
2025-05-20,212.875,213.64999389648438,212.4499969482422,213.1750030517578
2025-05-21,213.25,214.3249969482422,212.8249969482422,214.14999389648438
2025-05-22,214.5500030517578,215.97500610351562,214.375,215.625
2025-05-23,215.0,216.0,214.875,215.8000030517578
2025-05-27,216.14999389648438,216.4250030517578,212.5,215.125
2025-05-28,215.1999969482422,215.25,213.5,213.9250030517578
2025-05-29,214.5,215.64999389648438,214.3249969482422,215.52499389648438
2025-05-30,216.5500030517578,217.5,215.3000030517578,215.47500610351562
2025-06-02,216.1750030517578,216.8000030517578,215.64999389648438,216.5500030517578
2025-06-03,216.60000610351562,218.375,215.5,215.97500610351562
2025-06-04,216.5500030517578,218.5,216.10000610351562,218.39999389648438
2025-06-05,219.47500610351562,223.0,219.4250030517578,222.89999389648438
2025-06-06,223.875,226.75,222.875,226.3000030517578
2025-06-09,227.35000610351562,227.875,225.14999389648438,227.0
2025-06-10,227.14999389648438,228.14999389648438,224.5749969482422,227.0749969482422
2025-06-11,227.0749969482422,228.35000610351562,226.0,227.8249969482422
2025-06-12,228.0,229.125,227.625,228.1999969482422
2025-06-13,227.64999389648438,227.9499969482422,224.89999389648438,225.10000610351562
2025-06-16,225.72500610351562,227.375,225.5,227.02499389648438
2025-06-17,227.25,227.25,223.0,223.25
2025-06-18,223.77499389648438,224.6999969482422,222.9250030517578,224.3000030517578
2025-06-20,225.0,225.6999969482422,222.3000030517578,223.02499389648438
2025-06-23,222.125,223.52499389648438,221.0,222.3000030517578
2025-06-24,223.125,223.6999969482422,221.02499389648438,221.60000610351562
2025-06-25,222.35000610351562,222.8249969482422,221.375,221.60000610351562
2025-06-26,221.60000610351562,222.375,220.8249969482422,221.6999969482422
2025-06-27,222.02499389648438,225.0,222.02499389648438,224.75
2025-06-30,225.3000030517578,226.47500610351562,225.14999389648438,225.875
2025-07-01,212.02499389648438,213.625,210.4499969482422,210.75
2025-07-02,210.75,212.64999389648438,208.9250030517578,212.4499969482422
2025-07-03,213.0,214.52499389648438,212.8000030517578,214.0500030517578
2025-07-07,213.5500030517578,216.39999389648438,213.10000610351562,215.89999389648438
2025-07-08,216.1750030517578,220.25,216.0749969482422,219.97500610351562
2025-07-09,220.25,220.8000030517578,219.3249969482422,219.77499389648438
2025-07-10,221.5,222.5,217.1999969482422,219.22500610351562
2025-07-11,219.75,223.27499389648438,218.75,222.1999969482422
2025-07-14,222.0500030517578,222.1750030517578,218.6999969482422,219.35000610351562
2025-07-15,219.5500030517578,222.75,219.1750030517578,222.39999389648438
2025-07-16,222.25,224.39999389648438,222.02499389648438,223.89999389648438
2025-07-17,224.1999969482422,224.25,222.0500030517578,223.6750030517578
2025-07-18,223.89999389648438,224.5500030517578,222.125,223.5500030517578
2025-07-21,223.6999969482422,225.5500030517578,222.85000610351562,225.22500610351562
2025-07-22,225.22500610351562,225.72500610351562,224.10000610351562,224.97500610351562
2025-07-23,225.10000610351562,227.39999389648438,224.625,227.02499389648438
2025-07-24,227.02499389648438,227.1999969482422,224.6999969482422,225.8000030517578
2025-07-25,226.25,226.8000030517578,225.0500030517578,226.47500610351562
2025-07-28,228.0,228.85000610351562,226.4250030517578,227.875
2025-07-29,227.875,229.89999389648438,226.89999389648438,229.72500610351562
2025-07-30,230.0500030517578,233.75,229.6999969482422,233.0749969482422
2025-07-31,233.0749969482422,233.39999389648438,226.97500610351562,227.77499389648438
2025-08-01,229.5,230.875,228.3000030517578,230.125
2025-08-04,230.25,232.4499969482422,229.125,230.89999389648438
2025-08-05,231.14999389648438,235.02499389648438,231.14999389648438,234.27499389648438
2025-08-06,234.89999389648438,236.5,233.1750030517578,236.3000030517578
2025-08-07,236.125,239.47500610351562,235.47500610351562,238.75
2025-08-08,238.75,239.25,232.27499389648438,232.5500030517578
2025-08-11,233.4499969482422,234.3000030517578,231.0,233.0749969482422
2025-08-12,233.52499389648438,236.5,232.75,235.8249969482422
2025-08-13,236.5,238.8000030517578,234.35000610351562,235.5500030517578
2025-08-14,235.22500610351562,236.52499389648438,231.75,233.35000610351562
2025-08-15,232.89999389648438,237.3249969482422,232.4499969482422,236.25
2025-08-18,236.25,237.27499389648438,235.0500030517578,236.72500610351562
2025-08-19,236.8000030517578,237.1750030517578,235.8000030517578,236.3249969482422
2025-08-20,236.39999389648438,239.0,236.25,238.52499389648438
2025-08-21,238.5500030517578,239.0,237.3249969482422,238.64999389648438
2025-08-22,238.64999389648438,240.72500610351562,238.4499969482422,239.9499969482422
2025-08-25,238.52499389648438,240.6750030517578,237.25,240.22500610351562
2025-08-26,240.5,242.6999969482422,240.3249969482422,242.5
2025-08-27,242.5,246.77499389648438,242.14999389648438,243.25
2025-08-28,241.8000030517578,243.52499389648438,236.9499969482422,237.0
2025-08-29,238.3000030517578,242.85000610351562,238.3000030517578,241.89999389648438
2025-09-02,239.4499969482422,241.1999969482422,238.39999389648438,239.52499389648438
2025-09-03,239.4250030517578,239.75,236.60000610351562,238.3249969482422
2025-09-04,238.52499389648438,239.02499389648438,235.35000610351562,236.9499969482422
2025-09-05,237.27499389648438,237.375,235.02499389648438,235.97500610351562
2025-09-08,235.875,236.875,235.14999389648438,235.8000030517578
2025-09-09,235.75,235.75,229.9250030517578,230.1750030517578
2025-09-10,229.0749969482422,232.4499969482422,229.0,231.14999389648438
2025-09-11,231.35000610351562,234.10000610351562,229.375,232.27499389648438
2025-09-12,232.125,233.8249969482422,228.8000030517578,229.97500610351562
2025-09-15,230.97500610351562,234.75,230.97500610351562,234.60000610351562
2025-09-16,234.27499389648438,234.625,232.25,233.4499969482422
2025-09-17,232.60000610351562,233.0749969482422,229.60000610351562,231.10000610351562
2025-09-18,231.85000610351562,232.64999389648438,229.4499969482422,232.375
2025-09-19,232.6999969482422,234.14999389648438,232.0,233.5749969482422
2025-09-22,234.1750030517578,237.89999389648438,233.89999389648438,237.14999389648438
2025-09-23,237.14999389648438,237.875,235.02499389648438,235.60000610351562
2025-09-24,235.5,235.77499389648438,233.4499969482422,234.0500030517578
2025-09-25,233.6999969482422,233.72500610351562,230.875,232.0500030517578
2025-09-26,231.35000610351562,232.64999389648438,230.25,231.8000030517578
2025-09-29,232.02499389648438,232.35000610351562,230.60000610351562,231.3249969482422
2025-09-30,231.1999969482422,232.0,229.1999969482422,231.85000610351562
2025-10-01,231.10000610351562,232.72500610351562,230.77499389648438,231.10000610351562
2025-10-02,231.0500030517578,231.27499389648438,229.75,230.52499389648438
2025-10-03,230.5,231.125,229.9499969482422,231.02499389648438
2025-10-06,231.0,232.47500610351562,230.0500030517578,231.875
2025-10-07,232.5,233.39999389648438,231.6750030517578,233.10000610351562
2025-10-08,233.1999969482422,234.5749969482422,232.77499389648438,233.85000610351562
2025-10-09,234.0,235.47500610351562,233.8000030517578,235.02499389648438
2025-10-10,235.0500030517578,238.75,234.375,238.47500610351562
2025-10-13,238.5,240.97500610351562,238.1999969482422,240.5749969482422
2025-10-14,240.22500610351562,242.27499389648438,239.5500030517578,241.8249969482422
2025-10-15,241.5500030517578,242.5,240.8000030517578,242.1750030517578
2025-10-16,242.3000030517578,244.4250030517578,242.3000030517578,243.9499969482422
2025-10-17,242.75,243.35000610351562,239.85000610351562,240.25
2025-10-20,240.77499389648438,242.9250030517578,239.97500610351562,241.85000610351562
2025-10-21,241.875,244.1750030517578,241.5500030517578,243.6750030517578
2025-10-22,243.64999389648438,244.4499969482422,238.1750030517578,239.0500030517578
2025-10-23,239.64999389648438,241.97500610351562,239.4499969482422,239.72500610351562
2025-10-24,239.77499389648438,239.77499389648438,232.72500610351562,233.75
2025-10-27,233.5,234.0,226.25,228.8249969482422
2025-10-28,228.39999389648438,230.89999389648438,226.6999969482422,227.5
2025-10-29,230.0,234.10000610351562,229.60000610351562,231.39999389648438
2025-10-30,231.4250030517578,235.5,230.35000610351562,235.27499389648438
2025-10-31,236.0,236.8000030517578,235.5,236.60000610351562
2025-11-03,230.5500030517578,232.35000610351562,230.4250030517578,232.1999969482422
2025-11-04,232.4499969482422,232.97500610351562,227.25,227.77499389648438
2025-11-05,228.375,228.5500030517578,220.52499389648438,220.52499389648438
2025-11-06,219.875,222.8249969482422,218.0749969482422,218.77499389648438
2025-11-07,220.27499389648438,222.9499969482422,219.0749969482422,221.35000610351562
2025-11-10,218.375,228.60000610351562,218.375,228.5500030517578
2025-11-11,228.6999969482422,229.60000610351562,226.27499389648438,227.1999969482422
2025-11-12,227.3000030517578,228.3249969482422,224.125,225.27499389648438
2025-11-13,225.0500030517578,225.0500030517578,218.25,219.0
2025-11-14,218.3249969482422,220.625,215.3249969482422,219.14999389648438
2025-11-17,217.0500030517578,222.125,216.4499969482422,221.27499389648438
2025-11-18,221.6999969482422,222.39999389648438,218.85000610351562,220.02499389648438
2025-11-19,219.6999969482422,220.3249969482422,213.5749969482422,216.3000030517578
2025-11-20,217.0,217.625,212.875,214.72500610351562
2025-11-21,211.0,216.64999389648438,208.27499389648438,214.4499969482422
2025-11-24,207.1999969482422,207.625,207.1999969482422,207.1999969482422
2025-11-25,205.60000610351562,208.9499969482422,204.5500030517578,207.0
2025-11-26,208.4250030517578,212.5500030517578,208.1999969482422,211.02499389648438
2025-11-28,211.52499389648438,217.3000030517578,211.52499389648438,215.5749969482422
2025-12-01,216.25,217.14999389648438,213.14999389648438,214.1999969482422
2025-12-02,215.64999389648438,220.0,215.5,218.47500610351562
2025-12-03,217.5749969482422,220.39999389648438,217.5,218.9499969482422
2025-12-04,219.35000610351562,222.125,219.14999389648438,221.4499969482422
2025-12-05,222.77499389648438,227.39999389648438,221.9499969482422,227.14999389648438
2025-12-08,226.85000610351562,228.1999969482422,226.39999389648438,227.3249969482422
2025-12-09,227.27499389648438,228.14999389648438,226.3249969482422,226.8249969482422
2025-12-10,226.5749969482422,227.1999969482422,225.5,226.8000030517578
2025-12-11,228.89999389648438,231.35000610351562,228.89999389648438,230.375
2025-12-12,230.5,230.72500610351562,229.25,229.8000030517578
2025-12-15,230.22500610351562,231.25,229.1999969482422,230.8249969482422
2025-12-16,231.35000610351562,231.52499389648438,230.3249969482422,231.14999389648438
2025-12-17,230.89999389648438,231.8000030517578,230.10000610351562,230.3000030517578
2025-12-18,229.5,229.64999389648438,226.60000610351562,228.4250030517578
2025-12-19,229.0,231.25,229.0,230.39999389648438
2025-12-22,231.0,231.875,229.9250030517578,230.72500610351562
2025-12-23,230.5,230.5749969482422,228.5,228.8249969482422
2025-12-24,228.10000610351562,229.4250030517578,227.5500030517578,228.6999969482422
2025-12-26,229.35000610351562,230.5749969482422,229.1999969482422,229.8249969482422
2025-12-29,230.0,231.14999389648438,228.85000610351562,228.89999389648438
2025-12-30,229.0,231.4499969482422,228.89999389648438,231.1750030517578
2025-12-31,231.89999389648438,233.6999969482422,231.3000030517578,232.0
2026-01-02,231.64999389648438,236.3000030517578,231.4250030517578,236.0
2026-01-05,236.6750030517578,237.4499969482422,234.9250030517578,235.875
2026-01-06,236.47500610351562,237.4499969482422,235.89999389648438,236.625
2026-01-07,236.10000610351562,236.22500610351562,233.8000030517578,234.52499389648438
2026-01-08,234.9499969482422,235.8249969482422,233.125,235.27499389648438
2026-01-09,234.89999389648438,235.625,233.1750030517578,233.72500610351562
2026-01-12,234.125,236.22500610351562,233.9499969482422,235.25
2026-01-13,235.4499969482422,237.5500030517578,235.14999389648438,237.25
2026-01-14,237.22500610351562,237.3000030517578,234.625,235.14999389648438
2026-01-15,235.3000030517578,236.1999969482422,234.9499969482422,236.0500030517578
2026-01-16,236.25,236.27499389648438,229.25,232.14999389648438
2026-01-20,232.6999969482422,233.39999389648438,231.89999389648438,232.375
2026-01-21,232.375,233.6750030517578,231.22500610351562,233.10000610351562
2026-01-22,233.0,233.5,232.125,232.375
2026-01-23,232.97500610351562,235.8000030517578,230.6999969482422,234.89999389648438
2026-01-26,235.10000610351562,236.6999969482422,234.9499969482422,236.02499389648438
2026-01-27,236.02499389648438,236.375,234.72500610351562,235.60000610351562
2026-01-28,235.27499389648438,237.125,234.0,236.8249969482422
2026-01-29,236.97500610351562,237.75,235.3249969482422,235.5
2026-01-30,236.0,238.6999969482422,234.875,235.85000610351562
2026-02-02,237.35000610351562,239.1999969482422,237.10000610351562,238.1750030517578
2026-02-03,238.8249969482422,240.60000610351562,237.25,240.3249969482422
2026-02-04,240.4499969482422,242.5500030517578,239.9250030517578,240.52499389648438
2026-02-05,239.5500030517578,239.5749969482422,233.27499389648438,235.25
2026-02-06,238.27499389648438,240.8249969482422,236.89999389648438,237.75
2026-02-09,239.39999389648438,240.375,238.5749969482422,239.3000030517578
2026-02-10,239.8000030517578,240.1750030517578,238.72500610351562,239.10000610351562
2026-02-11,239.52499389648438,242.5,239.25,242.35000610351562
2026-02-12,242.22500610351562,243.10000610351562,241.5,242.5
2026-02-13,242.5,243.6999969482422,241.9499969482422,243.0749969482422
2026-02-17,245.6999969482422,247.0,245.3249969482422,246.5500030517578
2026-02-18,246.3249969482422,246.85000610351562,245.5500030517578,246.60000610351562
2026-02-19,246.625,247.75,246.1999969482422,247.5
2026-02-20,247.5500030517578,247.75,246.10000610351562,246.5749969482422
2026-02-23,247.0,247.0,243.39999389648438,244.97500610351562
2026-02-24,244.97500610351562,245.75,244.22500610351562,245.02499389648438
2026-02-25,245.3249969482422,246.77499389648438,245.0,246.0
2026-02-26,246.02499389648438,246.5,244.5,246.0
2026-02-27,246.0,246.10000610351562,241.02499389648438,244.0
2026-03-02,229.0,233.77499389648438,228.52499389648438,233.10000610351562
2026-03-03,231.0,234.75,230.72500610351562,234.125
2026-03-04,235.0,239.0,234.8000030517578,238.35000610351562
2026-03-05,238.0749969482422,239.9499969482422,237.52499389648438,238.52499389648438
2026-03-06,237.77499389648438,239.0500030517578,233.6750030517578,234.5749969482422
2026-03-09,228.0749969482422,230.9250030517578,227.3249969482422,230.14999389648438
2026-03-10,231.35000610351562,233.0500030517578,231.02499389648438,232.375
2026-03-11,231.60000610351562,231.8000030517578,229.625,230.14999389648438
2026-03-12,229.97500610351562,232.0,228.8249969482422,231.25
2026-03-13,232.0,232.5500030517578,230.0500030517578,230.89999389648438
2026-03-16,230.89999389648438,233.9499969482422,230.8249969482422,233.25
2026-03-17,233.75,235.6999969482422,233.60000610351562,235.22500610351562
2026-03-18,234.5,235.6750030517578,234.0500030517578,235.39999389648438
2026-03-19,234.89999389648438,234.9499969482422,232.64999389648438,233.27499389648438
2026-03-20,233.25,234.97500610351562,232.5,234.0500030517578
2026-03-23,234.5500030517578,235.5,233.35000610351562,235.3000030517578
2026-03-24,235.35000610351562,236.3000030517578,234.3000030517578,235.375
2026-03-25,235.5749969482422,235.97500610351562,233.3000030517578,234.4250030517578
2026-03-26,233.3000030517578,235.4499969482422,233.14999389648438,235.10000610351562
2026-03-27,235.52499389648438,238.77499389648438,235.02499389648438,238.5
2026-03-30,238.8000030517578,240.89999389648438,238.3249969482422,239.5500030517578
2026-03-31,239.35000610351562,243.35000610351562,239.35000610351562,243.02499389648438
2026-04-01,243.02499389648438,244.5,242.9250030517578,244.0500030517578
2026-04-02,242.14999389648438,246.3249969482422,241.9499969482422,246.1999969482422
2026-04-06,247.02499389648438,248.75,247.0,248.02499389648438
2026-04-07,247.75,249.0,247.75,248.1999969482422
2026-04-08,249.0,249.75,247.5500030517578,249.0
2026-04-09,249.0,249.9499969482422,248.1750030517578,249.77499389648438
2026-04-10,250.0500030517578,252.25,249.75,251.77499389648438
2026-04-13,250.8000030517578,251.5749969482422,250.5,250.64999389648438
2026-04-14,250.75,253.60000610351562,250.75,252.5500030517578
2026-04-15,252.5500030517578,253.52499389648438,251.5500030517578,252.60000610351562
2026-04-16,252.60000610351562,253.3000030517578,249.0,250.3000030517578
2026-04-17,250.375,250.6999969482422,246.39999389648438,249.9499969482422
2026-04-20,250.4499969482422,251.75,249.02499389648438,249.60000610351562
2026-04-21,249.0,250.22500610351562,246.64999389648438,247.4250030517578
2026-04-22,247.75,248.0,245.64999389648438,246.85000610351562
2026-04-23,245.97500610351562,247.6999969482422,245.14999389648438,247.0749969482422
2026-04-24,247.77499389648438,249.625,247.64999389648438,248.3000030517578
2026-04-27,248.75,251.0,248.64999389648438,250.4250030517578
2026-04-28,250.9499969482422,253.52499389648438,250.39999389648438,252.6750030517578
2026-04-29,255.0,257.0,255.0,256.875
2026-04-30,257.1499938964844,258.7250061035156,256.8500061035156,258.4750061035156
2026-05-01,253.89999389648438,256.625,252.75,253.0
2026-05-04,252.97500610351562,253.3249969482422,249.39999389648438,251.75
2026-05-05,253.0,254.0749969482422,251.875,253.22500610351562
2026-05-06,253.5500030517578,254.6750030517578,252.625,253.47500610351562
2026-05-07,253.25,253.4499969482422,246.9250030517578,250.0500030517578
2026-05-08,251.60000610351562,253.72500610351562,248.6999969482422,248.89999389648438
2026-05-11,249.4250030517578,252.14999389648438,245.47500610351562,249.39999389648438
2026-05-12,251.6750030517578,253.0,247.5,247.6999969482422
2026-05-13,248.8000030517578,253.9250030517578,248.0500030517578,252.8000030517578
2026-05-14,254.625,255.22500610351562,251.8000030517578,252.0749969482422
2026-05-15,251.89999389648438,254.125,251.35000610351562,253.89999389648438
2026-05-18,254.9250030517578,255.77499389648438,253.10000610351562,253.375
2026-05-19,253.27499389648438,255.6750030517578,253.0,254.5500030517578
2026-05-20,254.75,254.85000610351562,251.60000610351562,253.27499389648438
2026-05-21,253.375,253.47500610351562,248.8000030517578,249.14999389648438
2026-05-22,249.4250030517578,250.5749969482422,247.47500610351562,249.3000030517578
2026-05-26,249.0500030517578,251.125,247.0500030517578,248.22500610351562
2026-05-27,248.47500610351562,252.27499389648438,248.47500610351562,251.4250030517578
2026-05-28,251.4499969482422,251.72500610351562,249.6750030517578,249.75
2026-05-29,250.0,250.35000610351562,247.6999969482422,248.25
2026-06-01,249.1999969482422,249.72500610351562,247.97500610351562,249.0
2026-06-02,248.85000610351562,249.02499389648438,246.35000610351562,247.6750030517578
2026-06-03,246.60000610351562,247.89999389648438,244.5,246.625
2026-06-04,244.5,249.72500610351562,243.6999969482422,249.1750030517578
2026-06-05,250.0,251.72500610351562,249.5500030517578,250.0749969482422
2026-06-08,250.0,251.25,245.5500030517578,246.52499389648438
2026-06-09,246.85000610351562,248.47500610351562,244.6750030517578,248.02499389648438
2026-06-10,248.625,250.35000610351562,248.5500030517578,250.10000610351562
2026-06-11,250.39999389648438,251.64999389648438,249.89999389648438,251.47500610351562
2026-06-12,251.47500610351562,251.6999969482422,247.77499389648438,249.875
2026-06-15,250.5500030517578,251.3249969482422,249.25,250.625
2026-06-16,250.625,255.52499389648438,250.625,255.3000030517578
2026-06-17,255.25,256.25,255.0,255.72500610351562
2026-06-18,255.52499389648438,255.5500030517578,253.6999969482422,254.8000030517578
2026-06-22,256.5,257.6000061035156,254.9499969482422,255.8249969482422
2026-06-23,255.6999969482422,256.1499938964844,254.75,255.14999389648438
2026-06-24,255.60000610351562,256.79998779296875,254.75,256.0
2026-06-25,257.0,257.67498779296875,256.0,257.3999938964844
2026-06-26,257.5,257.8999938964844,256.1000061035156,257.45001220703125
2026-06-29,257.3500061035156,257.5,255.60000610351562,257.3999938964844
2026-06-30,257.32501220703125,258.25,252.0,258.20001220703125
2026-07-01,243.0,243.75,241.0,241.8249969482422
2026-07-02,242.27499389648438,243.0,238.9250030517578,239.22500610351562
2026-07-06,239.3249969482422,240.5500030517578,238.3000030517578,239.10000610351562
2026-07-07,239.1999969482422,239.8249969482422,237.0500030517578,238.4250030517578
2026-07-08,238.10000610351562,238.5,234.375,237.625
2026-07-09,238.10000610351562,238.47500610351562,234.39999389648438,235.25
2026-07-10,235.5,236.0749969482422,232.9250030517578,235.1999969482422
2026-07-13,235.35000610351562,236.5,234.625,234.72500610351562
2026-07-14,234.1999969482422,234.22500610351562,231.25,231.4250030517578
2026-07-15,231.4250030517578,232.10000610351562,229.25,230.125
2026-07-16,230.47500610351562,230.5,226.02499389648438,227.0749969482422
2026-07-17,227.25,227.25,224.1999969482422,224.4250030517578
2026-07-20,224.5,226.85000610351562,223.6750030517578,226.52499389648438
2026-07-21,227.0,227.75,225.5,226.6750030517578
2026-07-22,226.0,226.0500030517578,223.0,223.1999969482422
2026-07-23,223.27499389648438,225.6999969482422,221.6999969482422,225.39999389648438
2026-07-24,225.875,228.5,225.47500610351562,227.0749969482422
2026-07-27,223.8000030517578,226.64999389648438,222.75,225.22500610351562
2026-07-28,225.5,228.375,225.5,227.47500610351562
2026-07-29,227.875,230.14999389648438,227.3249969482422,227.89999389648438
2026-07-30,228.8000030517578,231.375,228.47500610351562,231.22500610351562
2026-07-31,231.27499389648438,232.6750030517578,231.1999969482422,231.75
2026-08-03,231.72500610351562,233.39999389648438,230.89999389648438,231.10000610351562
2026-08-04,230.875,232.4499969482422,230.125,231.9499969482422
2026-08-05,231.89999389648438,234.875,231.5,234.1750030517578
2026-08-06,234.5749969482422,234.75,230.5,231.22500610351562
2026-08-07,232.0500030517578,232.64999389648438,229.5,231.6999969482422
2026-08-10,232.0,233.35000610351562,231.60000610351562,233.27499389648438
2026-08-11,233.39999389648438,234.0,232.52499389648438,232.75
2026-08-12,232.75,232.75,230.0,230.5749969482422
2026-08-13,230.60000610351562,230.60000610351562,225.35000610351562,226.22500610351562
2026-08-14,222.85000610351562,224.5,220.35000610351562,223.625
2026-08-17,223.6750030517578,226.60000610351562,223.64999389648438,224.5500030517578
2026-08-18,225.39999389648438,226.75,224.10000610351562,224.89999389648438
2026-08-19,225.0,226.02499389648438,222.97500610351562,223.4250030517578
2026-08-20,223.4250030517578,224.52499389648438,222.3000030517578,223.35000610351562
2026-08-21,220.85000610351562,223.47500610351562,218.72500610351562,223.0500030517578
2026-08-24,224.75,224.8249969482422,220.0500030517578,220.0749969482422
2026-08-25,220.0,220.10000610351562,217.89999389648438,218.10000610351562
2026-08-26,218.3000030517578,219.3000030517578,217.52499389648438,218.47500610351562
2026-08-27,219.1750030517578,221.9499969482422,219.0,220.3000030517578
2026-08-28,221.0,221.35000610351562,218.85000610351562,219.25
2026-08-31,211.8000030517578,213.5,211.14999389648438,212.64999389648438
