date,open,high,low,close
2016-08-31,2.8340001106262207,2.9000000953674316,2.808000087738037,2.88700008392334
2016-09-01,2.878999948501587,2.890000104904175,2.7850000858306885,2.7920000553131104
2016-09-02,2.805000066757202,2.825000047683716,2.7699999809265137,2.7920000553131104
2016-09-06,2.7639999389648438,2.7699999809265137,2.7079999446868896,2.7170000076293945
2016-09-07,2.7249999046325684,2.743000030517578,2.6649999618530273,2.6760001182556152
2016-09-08,2.680999994277954,2.821000099182129,2.678999900817871,2.805999994277954
2016-09-09,2.809999942779541,2.8440001010894775,2.7829999923706055,2.796999931335449
2016-09-12,2.819999933242798,2.9240000247955322,2.819999933242798,2.9149999618530273
2016-09-13,2.9019999504089355,2.941999912261963,2.88700008392334,2.9089999198913574
2016-09-14,2.8989999294281006,2.9779999256134033,2.8519999980926514,2.8889999389648438
2016-09-15,2.8949999809265137,2.944000005722046,2.8340001106262207,2.927000045776367
2016-09-16,2.9179999828338623,2.9630000591278076,2.865999937057495,2.947999954223633
2016-09-19,2.9560000896453857,2.9579999446868896,2.890000104904175,2.934000015258789
2016-09-20,2.936000108718872,3.072000026702881,2.934999942779541,3.046999931335449
2016-09-21,3.078000068664551,3.0980000495910645,3.0290000438690186,3.056999921798706
2016-09-22,3.0739998817443848,3.0910000801086426,2.9809999465942383,2.990000009536743
2016-09-23,2.994999885559082,3.0209999084472656,2.933000087738037,2.9549999237060547
2016-09-26,2.9489998817443848,3.0179998874664307,2.943000078201294,2.996999979019165
2016-09-27,3.010999917984009,3.0230000019073486,2.9769999980926514,2.996000051498413
2016-09-28,2.99399995803833,2.99399995803833,2.9049999713897705,2.9519999027252197
2016-09-29,3.009999990463257,3.0320000648498535,2.9560000896453857,2.9590001106262207
2016-09-30,2.9660000801086426,2.9769999980926514,2.8919999599456787,2.9059998989105225
2016-10-03,2.9049999713897705,2.937000036239624,2.865999937057495,2.9230000972747803
2016-10-04,2.9070000648498535,2.990000009536743,2.878000020980835,2.9639999866485596
2016-10-05,2.9730000495910645,3.058000087738037,2.921999931335449,3.0409998893737793
2016-10-06,3.0299999713897705,3.071000099182129,2.9719998836517334,3.0490000247955322
2016-10-07,3.0329999923706055,3.2179999351501465,3.015000104904175,3.193000078201294
2016-10-11,3.2720000743865967,3.299999952316284,3.2090001106262207,3.236999988555908
2016-10-12,3.2230000495910645,3.259999990463257,3.184000015258789,3.2100000381469727
2016-10-13,3.2109999656677246,3.365999937057495,3.1640000343322754,3.3410000801086426
2016-10-14,3.3450000286102295,3.361999988555908,3.2639999389648438,3.2850000858306885
2016-10-17,3.259999990463257,3.2709999084472656,3.2109999656677246,3.24399995803833
2016-10-18,3.252000093460083,3.316999912261963,3.247999906539917,3.263000011444092
2016-10-19,3.259999990463257,3.260999917984009,3.1440000534057617,3.1700000762939453
2016-10-20,3.1730000972747803,3.2009999752044678,3.1010000705718994,3.1410000324249268
2016-10-21,3.119999885559082,3.121000051498413,2.9549999237060547,2.993000030517578
2016-10-24,3.006999969482422,3.0439999103546143,2.8269999027252197,2.8310000896453857
2016-10-25,2.8510000705718994,2.878999948501587,2.755000114440918,2.7739999294281006
2016-10-26,2.756999969482422,2.7760000228881836,2.627000093460083,2.7309999465942383
2016-10-27,2.746000051498413,2.7929999828338623,2.684000015258789,2.7639999389648438
2016-10-28,3.0810000896453857,3.125,3.0160000324249268,3.1050000190734863
2016-10-31,3.1500000953674316,3.1630001068115234,2.9779999256134033,3.0260000228881836
2016-11-01,2.9790000915527344,3.0290000438690186,2.8499999046325684,2.9019999504089355
2016-11-02,2.8519999980926514,2.8889999389648438,2.7690000534057617,2.7920000553131104
2016-11-03,2.7730000019073486,2.8399999141693115,2.7249999046325684,2.7690000534057617
2016-11-04,2.815000057220459,2.819999933242798,2.740999937057495,2.7669999599456787
2016-11-07,2.8480000495910645,2.875,2.7809998989105225,2.815999984741211
2016-11-08,2.8320000171661377,2.8559999465942383,2.6070001125335693,2.632999897003174
2016-11-09,2.611999988555908,2.743000030517578,2.5460000038146973,2.690000057220459
2016-11-10,2.690999984741211,2.7279999256134033,2.575000047683716,2.631999969482422
2016-11-14,2.6670000553131104,2.7780001163482666,2.6440000534057617,2.749000072479248
2016-11-15,2.746000051498413,2.822000026702881,2.694000005722046,2.7090001106262207
2016-11-16,2.7100000381469727,2.7820000648498535,2.6689999103546143,2.7639999389648438
2016-11-17,2.7669999599456787,2.7980000972747803,2.680999994277954,2.703000068664551
2016-11-18,2.696000099182129,2.8519999980926514,2.690000057220459,2.8429999351501465
2016-11-21,2.8980000019073486,2.9730000495910645,2.8910000324249268,2.950000047683716
2016-11-22,2.9730000495910645,3.0139999389648438,2.9130001068115234,2.9820001125335693
2016-11-23,2.947999954223633,3.062000036239624,2.9149999618530273,3.0260000228881836
2016-11-25,3.010999917984009,3.121000051498413,3.000999927520752,3.0850000381469727
2016-11-28,3.130000114440918,3.265000104904175,3.130000114440918,3.2320001125335693
2016-11-29,3.3589999675750732,3.367000102996826,3.2769999504089355,3.315000057220459
2016-11-30,3.325000047683716,3.365000009536743,3.2850000858306885,3.3519999980926514
2016-12-01,3.3480000495910645,3.546999931335449,3.315999984741211,3.505000114440918
2016-12-02,3.5390000343322754,3.568000078201294,3.378000020980835,3.436000108718872
2016-12-05,3.4709999561309814,3.6559998989105225,3.450000047683716,3.6540000438690186
2016-12-06,3.5999999046325684,3.7320001125335693,3.5739998817443848,3.634999990463257
2016-12-07,3.632999897003174,3.747999906539917,3.555999994277954,3.6029999256134033
2016-12-08,3.569000005722046,3.7300000190734863,3.503000020980835,3.694999933242798
2016-12-09,3.7100000381469727,3.7769999504089355,3.6610000133514404,3.746000051498413
2016-12-12,3.5829999446868896,3.6010000705718994,3.4719998836517334,3.506999969482422
2016-12-13,3.5250000953674316,3.5769999027252197,3.447999954223633,3.4739999771118164
2016-12-14,3.4769999980926514,3.572000026702881,3.444000005722046,3.5399999618530273
2016-12-15,3.566999912261963,3.5889999866485596,3.3940000534057617,3.434000015258789
2016-12-16,3.4200000762939453,3.434000015258789,3.3429999351501465,3.4149999618530273
2016-12-19,3.3529999256134033,3.450000047683716,3.3299999237060547,3.3919999599456787
2016-12-20,3.4010000228881836,3.4079999923706055,3.242000102996826,3.263000011444092
2016-12-21,3.311000108718872,3.5929999351501465,3.306999921798706,3.5420000553131104
2016-12-22,3.572000026702881,3.625999927520752,3.496999979019165,3.5380001068115234
2016-12-23,3.5409998893737793,3.7149999141693115,3.5339999198913574,3.6619999408721924
2016-12-27,3.7360000610351562,3.7780001163482666,3.686000108718872,3.760999917984009
2016-12-28,3.734999895095825,3.99399995803833,3.6640000343322754,3.930000066757202
2016-12-29,3.871999979019165,3.884000062942505,3.753999948501587,3.802000045776367
2016-12-30,3.799999952316284,3.8570001125335693,3.690000057220459,3.7239999771118164
2017-01-03,3.568000078201294,3.568000078201294,3.2669999599456787,3.3269999027252197
2017-01-04,3.316999912261963,3.3580000400543213,3.2360000610351562,3.2669999599456787
2017-01-05,3.259999990463257,3.3459999561309814,3.171999931335449,3.2730000019073486
2017-01-06,3.303999900817871,3.3580000400543213,3.2139999866485596,3.2850000858306885
2017-01-09,3.253000020980835,3.2750000953674316,3.0980000495910645,3.1029999256134033
2017-01-10,3.115000009536743,3.3269999027252197,3.109999895095825,3.2780001163482666
2017-01-11,3.2739999294281006,3.3519999980926514,3.2130000591278076,3.2239999771118164
2017-01-12,3.2950000762939453,3.450000047683716,3.2939999103546143,3.385999917984009
2017-01-13,3.3970000743865967,3.434999942779541,3.3320000171661377,3.4189999103546143
2017-01-17,3.4730000495910645,3.513000011444092,3.3540000915527344,3.4119999408721924
2017-01-18,3.3970000743865967,3.437000036239624,3.2820000648498535,3.302000045776367
2017-01-19,3.325000047683716,3.4040000438690186,3.256999969482422,3.368000030517578
2017-01-20,3.3010001182556152,3.3469998836517334,3.188999891281128,3.2039999961853027
2017-01-23,3.180000066757202,3.2780001163482666,3.1449999809265137,3.243000030517578
2017-01-24,3.2799999713897705,3.3499999046325684,3.259000062942505,3.2790000438690186
2017-01-25,3.2920000553131104,3.365000009536743,3.255000114440918,3.3320000171661377
2017-01-26,3.361999988555908,3.49399995803833,3.3499999046325684,3.381999969482422
2017-01-27,3.3499999046325684,3.4179999828338623,3.244999885559082,3.3910000324249268
2017-01-30,3.299999952316284,3.3420000076293945,3.2160000801086426,3.2320001125335693
2017-01-31,3.2239999771118164,3.234999895095825,3.109999895095825,3.117000102996826
2017-02-01,3.134000062942505,3.2279999256134033,3.11299991607666,3.1679999828338623
2017-02-02,3.1740000247955322,3.2090001106262207,3.118000030517578,3.187000036239624
2017-02-03,3.193000078201294,3.2009999752044678,3.0420000553131104,3.062999963760376
2017-02-06,3.015000104904175,3.0859999656677246,3.00600004196167,3.049999952316284
2017-02-07,3.059999942779541,3.1559998989105225,3.0510001182556152,3.130000114440918
2017-02-08,3.140000104904175,3.1640000343322754,3.059999942779541,3.125999927520752
2017-02-09,3.1429998874664307,3.188999891281128,3.109999895095825,3.1410000324249268
2017-02-10,3.1050000190734863,3.121000051498413,3.005000114440918,3.0339999198913574
2017-02-13,2.9779999256134033,2.99399995803833,2.9210000038146973,2.944000005722046
2017-02-14,2.9230000972747803,2.953000068664551,2.88700008392334,2.9049999713897705
2017-02-15,2.938999891281128,2.99399995803833,2.9130001068115234,2.924999952316284
2017-02-16,2.934000015258789,2.953000068664551,2.8310000896453857,2.8540000915527344
2017-02-17,2.8399999141693115,2.8989999294281006,2.8299999237060547,2.8340001106262207
2017-02-21,2.7909998893737793,2.8259999752044678,2.555999994277954,2.563999891281128
2017-02-22,2.5840001106262207,2.640000104904175,2.5220000743865967,2.5920000076293945
2017-02-23,2.5980000495910645,2.7039999961853027,2.569000005722046,2.617000102996826
2017-02-24,2.619999885559082,2.6700000762939453,2.5869998931884766,2.627000093460083
2017-02-27,2.7149999141693115,2.7209999561309814,2.6589999198913574,2.693000078201294
2017-02-28,2.690999984741211,2.7880001068115234,2.6530001163482666,2.7739999294281006
2017-03-01,2.7699999809265137,2.828000068664551,2.743000030517578,2.7990000247955322
2017-03-02,2.7909998893737793,2.8350000381469727,2.7300000190734863,2.803999900817871
2017-03-03,2.815999984741211,2.8399999141693115,2.7750000953674316,2.8269999027252197
2017-03-06,2.9110000133514404,2.9519999027252197,2.8570001125335693,2.9010000228881836
2017-03-07,2.871999979019165,2.890000104904175,2.815000057220459,2.8239998817443848
2017-03-08,2.8350000381469727,2.9489998817443848,2.8329999446868896,2.9010000228881836
2017-03-09,2.9130001068115234,2.990000009536743,2.8889999389648438,2.9739999771118164
2017-03-10,2.986999988555908,3.0429999828338623,2.9660000801086426,3.007999897003174
2017-03-13,3.0829999446868896,3.0889999866485596,2.990000009536743,3.0429999828338623
2017-03-14,3.0179998874664307,3.062999963760376,2.927000045776367,2.937999963760376
2017-03-15,2.9489998817443848,3.00600004196167,2.9230000972747803,2.9809999465942383
2017-03-16,2.9739999771118164,2.9760000705718994,2.888000011444092,2.9019999504089355
2017-03-17,2.9079999923706055,2.9649999141693115,2.881999969482422,2.947999954223633
2017-03-20,2.9130001068115234,3.0850000381469727,2.9019999504089355,3.0409998893737793
2017-03-21,3.0799999237060547,3.11299991607666,3.0329999923706055,3.0929999351501465
2017-03-22,3.0820000171661377,3.0950000286102295,3.006999969482422,3.010999917984009
2017-03-23,3.0199999809265137,3.062999963760376,2.9860000610351562,3.0510001182556152
2017-03-24,3.049999952316284,3.0920000076293945,3.0160000324249268,3.0759999752044678
2017-03-27,3.11899995803833,3.132999897003174,3.0429999828338623,3.052000045776367
2017-03-28,3.0460000038146973,3.1040000915527344,3.010999917984009,3.0959999561309814
2017-03-29,3.0889999866485596,3.183000087738037,3.0820000171661377,3.174999952316284
2017-03-30,3.2100000381469727,3.236999988555908,3.1410000324249268,3.190999984741211
2017-03-31,3.1989998817443848,3.242000102996826,3.1630001068115234,3.190000057220459
2017-04-03,3.2170000076293945,3.239000082015991,3.125,3.128000020980835
2017-04-04,3.1449999809265137,3.3010001182556152,3.121000051498413,3.2929999828338623
2017-04-05,3.2929999828338623,3.3469998836517334,3.253999948501587,3.2660000324249268
2017-04-06,3.2690000534057617,3.3369998931884766,3.234999895095825,3.3310000896453857
2017-04-07,3.306999921798706,3.3399999141693115,3.246000051498413,3.260999917984009
2017-04-10,3.240000009536743,3.2929999828338623,3.2279999256134033,3.23799991607666
2017-04-11,3.243000030517578,3.2679998874664307,3.1410000324249268,3.1500000953674316
2017-04-12,3.1679999828338623,3.197000026702881,3.131999969482422,3.187000036239624
2017-04-13,3.181999921798706,3.243000030517578,3.1489999294281006,3.2269999980926514
2017-04-17,3.2290000915527344,3.249000072479248,3.1579999923706055,3.1630001068115234
2017-04-18,3.1640000343322754,3.181999921798706,3.114000082015991,3.1449999809265137
2017-04-19,3.1500000953674316,3.2230000495910645,3.1429998874664307,3.184999942779541
2017-04-20,3.190999984741211,3.2190001010894775,3.134000062942505,3.1589999198913574
2017-04-21,3.1679999828338623,3.184999942779541,3.0820000171661377,3.1010000705718994
2017-04-24,3.0940001010894775,3.1489999294281006,3.0309998989105225,3.065999984741211
2017-04-25,3.063999891281128,3.0829999446868896,3.0220000743865967,3.0429999828338623
2017-04-26,3.052000045776367,3.1700000762939453,3.0309998989105225,3.1419999599456787
2017-04-27,3.255000114440918,3.2660000324249268,3.2070000171661377,3.239000082015991
2017-04-28,3.240000009536743,3.2980000972747803,3.2290000915527344,3.2760000228881836
2017-05-01,3.249000072479248,3.312999963760376,3.197999954223633,3.2149999141693115
2017-05-02,3.2309999465942383,3.2730000019073486,3.177999973297119,3.194999933242798
2017-05-03,3.184999942779541,3.2330000400543213,3.174999952316284,3.2279999256134033
2017-05-04,3.2200000286102295,3.253999948501587,3.1649999618530273,3.186000108718872
2017-05-05,3.1989998817443848,3.2820000648498535,3.183000087738037,3.2660000324249268
2017-05-08,3.243000030517578,3.265000104904175,3.140000104904175,3.171999931335449
2017-05-09,3.177999973297119,3.246000051498413,3.1730000972747803,3.2269999980926514
2017-05-10,3.2139999866485596,3.3489999771118164,3.2019999027252197,3.2920000553131104
2017-05-11,3.2780001163482666,3.388000011444092,3.2730000019073486,3.375999927520752
2017-05-12,3.368000030517578,3.430999994277954,3.3499999046325684,3.4240000247955322
2017-05-15,3.38700008392334,3.4079999923706055,3.3340001106262207,3.3489999771118164
2017-05-16,3.3589999675750732,3.36899995803833,3.2160000801086426,3.2300000190734863
2017-05-17,3.2309999465942383,3.2690000534057617,3.1649999618530273,3.191999912261963
2017-05-18,3.2090001106262207,3.242000102996826,3.1610000133514404,3.181999921798706
2017-05-19,3.184000015258789,3.2699999809265137,3.180999994277954,3.25600004196167
2017-05-22,3.2909998893737793,3.3340001106262207,3.2790000438690186,3.3299999237060547
2017-05-23,3.325000047683716,3.3329999446868896,3.2109999656677246,3.2190001010894775
2017-05-24,3.2339999675750732,3.252000093460083,3.1760001182556152,3.2090001106262207
2017-05-25,3.2039999961853027,3.256999969482422,3.1449999809265137,3.184000015258789
2017-05-26,3.186000108718872,3.263000011444092,3.1670000553131104,3.2360000610351562
2017-05-30,3.25,3.255000114440918,3.1410000324249268,3.1449999809265137
2017-05-31,3.1459999084472656,3.171999931335449,3.061000108718872,3.071000099182129
2017-06-01,3.0799999237060547,3.128000020980835,2.98799991607666,3.007999897003174
2017-06-02,3.0510001182556152,3.0510001182556152,2.989000082015991,2.999000072479248
2017-06-05,3.0260000228881836,3.046999931335449,2.934999942779541,2.9820001125335693
2017-06-06,2.9820001125335693,3.062999963760376,2.9719998836517334,3.0420000553131104
2017-06-07,3.061000108718872,3.0950000286102295,3.009999990463257,3.0199999809265137
2017-06-08,3.0190000534057617,3.068000078201294,2.9779999256134033,3.0280001163482666
2017-06-09,3.0339999198913574,3.065999984741211,3.0280001163482666,3.0390000343322754
2017-06-12,3.0320000648498535,3.0869998931884766,3.000999927520752,3.0239999294281006
2017-06-13,3.010999917984009,3.065000057220459,2.9489998817443848,2.9660000801086426
2017-06-14,2.9619998931884766,2.989000082015991,2.9159998893737793,2.933000087738037
2017-06-15,2.943000078201294,3.065999984741211,2.928999900817871,3.055999994277954
2017-06-16,3.0490000247955322,3.0820000171661377,3.0209999084472656,3.0369999408721924
2017-06-19,2.9660000801086426,2.9709999561309814,2.877000093460083,2.8940000534057617
2017-06-20,2.8970000743865967,2.9130001068115234,2.878999948501587,2.9070000648498535
2017-06-21,2.8970000743865967,2.947999954223633,2.878000020980835,2.8929998874664307
2017-06-22,2.8959999084472656,2.9619998931884766,2.8550000190734863,2.8940000534057617
2017-06-23,2.8980000019073486,2.940000057220459,2.8949999809265137,2.928999900817871
2017-06-26,2.990000009536743,3.052000045776367,2.9749999046325684,3.0269999504089355
2017-06-27,3.0490000247955322,3.059999942779541,3.01200008392334,3.0369999408721924
2017-06-28,3.0199999809265137,3.0799999237060547,3.0160000324249268,3.066999912261963
2017-06-29,3.0799999237060547,3.121999979019165,3.0320000648498535,3.0420000553131104
2017-06-30,3.0369999408721924,3.052000045776367,2.9739999771118164,3.0350000858306885
2017-07-03,2.9489998817443848,3.049999952316284,2.934999942779541,2.9509999752044678
2017-07-05,2.9519999027252197,3.0199999809265137,2.8320000171661377,2.8399999141693115
2017-07-06,2.8570001125335693,2.8929998874664307,2.8489999771118164,2.888000011444092
2017-07-07,2.8989999294281006,2.947000026702881,2.8469998836517334,2.864000082015991
2017-07-10,2.8980000019073486,2.946000099182129,2.869999885559082,2.928999900817871
2017-07-11,2.924999952316284,3.052999973297119,2.9210000038146973,3.046999931335449
2017-07-12,3.0350000858306885,3.0429999828338623,2.9700000286102295,2.984999895095825
2017-07-13,2.992000102996826,3.0199999809265137,2.947000026702881,2.9609999656677246
2017-07-14,2.9590001106262207,3.0,2.927999973297119,2.9800000190734863
2017-07-17,2.9820001125335693,3.0490000247955322,2.9800000190734863,3.0199999809265137
2017-07-18,3.0220000743865967,3.0940001010894775,3.0199999809265137,3.0880000591278076
2017-07-19,3.0820000171661377,3.1029999256134033,3.062000036239624,3.065999984741211
2017-07-20,3.065999984741211,3.114000082015991,3.0169999599456787,3.0429999828338623
2017-07-21,3.0299999713897705,3.0439999103546143,2.937999963760376,2.9700000286102295
2017-07-24,2.9140000343322754,2.9549999237060547,2.880000114440918,2.8989999294281006
2017-07-25,2.9070000648498535,2.950000047683716,2.8989999294281006,2.944000005722046
2017-07-26,2.944000005722046,2.9649999141693115,2.8949999809265137,2.9240000247955322
2017-07-27,2.9260001182556152,2.997999906539917,2.9040000438690186,2.9690001010894775
2017-07-28,2.9579999446868896,2.9830000400543213,2.9230000972747803,2.940999984741211
2017-07-31,2.9000000953674316,2.9000000953674316,2.7809998989105225,2.7939999103546143
2017-08-01,2.809999942779541,2.8350000381469727,2.760999917984009,2.819000005722046
2017-08-02,2.815000057220459,2.8369998931884766,2.7850000858306885,2.811000108718872
2017-08-03,2.811000108718872,2.8459999561309814,2.7899999618530273,2.799999952316284
2017-08-04,2.7920000553131104,2.799999952316284,2.753000020980835,2.7739999294281006
2017-08-07,2.7720000743865967,2.812000036239624,2.7639999389648438,2.8010001182556152
2017-08-08,2.805000066757202,2.8320000171661377,2.7829999923706055,2.822000026702881
2017-08-09,2.811000108718872,2.8989999294281006,2.799999952316284,2.882999897003174
2017-08-10,2.877000093460083,2.994999885559082,2.871999979019165,2.984999895095825
2017-08-11,2.9760000705718994,2.996999979019165,2.9619998931884766,2.9830000400543213
2017-08-14,3.005000114440918,3.0179998874664307,2.924999952316284,2.9590001106262207
2017-08-15,2.9609999656677246,2.9719998836517334,2.9189999103546143,2.934999942779541
2017-08-16,2.9200000762939453,2.933000087738037,2.882999897003174,2.890000104904175
2017-08-17,2.8910000324249268,2.938999891281128,2.8559999465942383,2.928999900817871
2017-08-18,2.9170000553131104,2.927999973297119,2.884999990463257,2.8929998874664307
2017-08-21,2.8940000534057617,2.9800000190734863,2.867000102996826,2.9619998931884766
2017-08-22,2.9630000591278076,3.00600004196167,2.927000045776367,2.938999891281128
2017-08-23,2.934999942779541,2.9570000171661377,2.9000000953674316,2.927999973297119
2017-08-24,2.9260001182556152,2.9820001125335693,2.9170000553131104,2.9489998817443848
2017-08-25,2.947000026702881,2.9519999027252197,2.88100004196167,2.8919999599456787
2017-08-28,2.9240000247955322,2.9670000076293945,2.8489999771118164,2.924999952316284
2017-08-29,2.9149999618530273,2.997999906539917,2.9000000953674316,2.9609999656677246
2017-08-30,2.9730000495910645,2.9800000190734863,2.927999973297119,2.938999891281128
2017-08-31,2.944999933242798,3.0450000762939453,2.9079999923706055,3.0399999618530273
2017-09-01,3.0269999504089355,3.0880000591278076,2.997999906539917,3.069999933242798
2017-09-05,3.013000011444092,3.059000015258789,2.9649999141693115,2.9719998836517334
2017-09-06,2.9700000286102295,3.0309998989105225,2.9600000381469727,3.0
2017-09-07,3.007999897003174,3.0299999713897705,2.9679999351501465,2.9809999465942383
2017-09-08,2.9719998836517334,2.9749999046325684,2.884999990463257,2.890000104904175
2017-09-11,2.9100000858306885,2.953000068664551,2.8989999294281006,2.950000047683716
2017-09-12,2.950000047683716,3.0429999828338623,2.936000108718872,3.000999927520752
2017-09-13,2.996000051498413,3.078000068664551,2.994999885559082,3.058000087738037
2017-09-14,3.059000015258789,3.1059999465942383,3.0360000133514404,3.069999933242798
2017-09-15,3.065000057220459,3.0739998817443848,3.00600004196167,3.0239999294281006
2017-09-18,3.0490000247955322,3.1570000648498535,3.0490000247955322,3.1459999084472656
2017-09-19,3.1510000228881836,3.1659998893737793,3.111999988555908,3.121999979019165
2017-09-20,3.118000030517578,3.1480000019073486,3.0769999027252197,3.0940001010894775
2017-09-21,3.0810000896453857,3.0910000801086426,2.941999912261963,2.946000099182129
2017-09-22,2.9570000171661377,2.9779999256134033,2.944999933242798,2.9590001106262207
2017-09-25,2.931999921798706,2.9860000610351562,2.9110000133514404,2.9189999103546143
2017-09-26,2.9210000038146973,2.9549999237060547,2.8980000019073486,2.9179999828338623
2017-09-27,2.9170000553131104,2.989000082015991,2.9119999408721924,2.9739999771118164
2017-09-28,3.059000015258789,3.0810000896453857,3.000999927520752,3.0169999599456787
2017-09-29,3.0220000743865967,3.0439999103546143,2.992000102996826,3.006999969482422
2017-10-02,3.0179998874664307,3.0250000953674316,2.8889999389648438,2.9159998893737793
2017-10-03,2.924999952316284,2.934999942779541,2.880000114440918,2.8949999809265137
2017-10-04,2.9049999713897705,2.9769999980926514,2.8980000019073486,2.940000057220459
2017-10-05,2.934000015258789,2.994999885559082,2.8940000534057617,2.9230000972747803
2017-10-06,2.8949999809265137,2.9170000553131104,2.8559999465942383,2.86299991607666
2017-10-09,2.8589999675750732,2.885999917984009,2.8269999027252197,2.8329999446868896
2017-10-10,2.8359999656677246,2.8959999084472656,2.8329999446868896,2.8910000324249268
2017-10-11,2.881999969482422,2.9619998931884766,2.875999927520752,2.8889999389648438
2017-10-12,2.9059998989105225,3.007999897003174,2.8949999809265137,2.989000082015991
2017-10-13,2.994999885559082,3.0360000133514404,2.9839999675750732,3.0
2017-10-16,2.9600000381469727,2.9769999980926514,2.9079999923706055,2.946000099182129
2017-10-17,2.9549999237060547,3.0260000228881836,2.9210000038146973,2.9619998931884766
2017-10-18,2.9230000972747803,2.940999984741211,2.8510000705718994,2.8540000915527344
2017-10-19,2.868000030517578,2.9100000858306885,2.7730000019073486,2.872999906539917
2017-10-20,2.885999917984009,2.940000057220459,2.8559999465942383,2.9149999618530273
2017-10-23,3.000999927520752,3.0169999599456787,2.947999954223633,2.990999937057495
2017-10-24,2.9709999561309814,3.003999948501587,2.9600000381469727,2.9739999771118164
2017-10-25,2.990999937057495,2.999000072479248,2.9130001068115234,2.9189999103546143
2017-10-26,2.928999900817871,2.940999984741211,2.867000102996826,2.890000104904175
2017-10-27,2.8989999294281006,2.8989999294281006,2.7230000495910645,2.752000093460083
2017-10-30,2.937999963760376,3.00600004196167,2.936000108718872,2.9660000801086426
2017-10-31,2.98799991607666,3.005000114440918,2.881999969482422,2.8959999084472656
2017-11-01,2.9059998989105225,2.928999900817871,2.8469998836517334,2.8929998874664307
2017-11-02,2.9000000953674316,2.9570000171661377,2.88100004196167,2.934999942779541
2017-11-03,2.934999942779541,2.997999906539917,2.930000066757202,2.9839999675750732
2017-11-06,3.0850000381469727,3.1429998874664307,3.0510001182556152,3.134000062942505
2017-11-07,3.125,3.1760001182556152,3.0880000591278076,3.1519999504089355
2017-11-08,3.1510000228881836,3.190000057220459,3.114000082015991,3.174999952316284
2017-11-09,3.1519999504089355,3.2170000076293945,3.1519999504089355,3.200000047683716
2017-11-10,3.2079999446868896,3.2239999771118164,3.1710000038146973,3.2130000591278076
2017-11-13,3.200000047683716,3.2309999465942383,3.127000093460083,3.1670000553131104
2017-11-14,3.1410000324249268,3.1489999294281006,3.063999891281128,3.1019999980926514
2017-11-15,3.078000068664551,3.1530001163482666,3.052000045776367,3.0799999237060547
2017-11-16,3.0869998931884766,3.109999895095825,3.0460000038146973,3.052999973297119
2017-11-17,3.072000026702881,3.134000062942505,3.059000015258789,3.0969998836517334
2017-11-20,3.069999933242798,3.0889999866485596,3.0260000228881836,3.046999931335449
2017-11-21,3.0320000648498535,3.063999891281128,3.01200008392334,3.0169999599456787
2017-11-22,3.013000011444092,3.0269999504089355,2.9549999237060547,2.9679999351501465
2017-11-24,2.9609999656677246,2.9860000610351562,2.796999931335449,2.812999963760376
2017-11-27,2.927000045776367,2.950000047683716,2.875999927520752,2.927999973297119
2017-11-28,2.947000026702881,3.1019999980926514,2.944999933242798,3.0739998817443848
2017-11-29,3.13100004196167,3.2179999351501465,3.127000093460083,3.178999900817871
2017-11-30,3.174999952316284,3.194000005722046,3.007999897003174,3.0250000953674316
2017-12-01,3.0320000648498535,3.117000102996826,3.0290000438690186,3.061000108718872
2017-12-04,3.0910000801086426,3.127000093460083,2.953000068664551,2.984999895095825
2017-12-05,2.9760000705718994,2.997999906539917,2.875,2.9140000343322754
2017-12-06,2.9100000858306885,2.9609999656677246,2.884000062942505,2.921999931335449
2017-12-07,2.9100000858306885,2.921999931335449,2.746999979019165,2.763000011444092
2017-12-08,2.7690000534057617,2.819999933242798,2.756999969482422,2.7720000743865967
2017-12-11,2.8310000896453857,2.8480000495910645,2.7929999828338623,2.828000068664551
2017-12-12,2.8010001182556152,2.8440001010894775,2.6730000972747803,2.677999973297119
2017-12-13,2.696000099182129,2.750999927520752,2.6559998989105225,2.7149999141693115
2017-12-14,2.7039999961853027,2.7170000076293945,2.6429998874664307,2.684000015258789
2017-12-15,2.686000108718872,2.7320001125335693,2.5810000896453857,2.611999988555908
2017-12-18,2.6500000953674316,2.7780001163482666,2.634000062942505,2.744999885559082
2017-12-19,2.7339999675750732,2.7690000534057617,2.687999963760376,2.691999912261963
2017-12-20,2.7219998836517334,2.75600004196167,2.609999895095825,2.63700008392334
2017-12-21,2.6540000438690186,2.6689999103546143,2.568000078201294,2.5980000495910645
2017-12-22,2.619999885559082,2.681999921798706,2.5829999446868896,2.6670000553131104
2017-12-26,2.7079999446868896,2.7799999713897705,2.630000114440918,2.6429998874664307
2017-12-27,2.6389999389648438,2.76200008392334,2.5980000495910645,2.73799991607666
2017-12-28,2.749000072479248,2.944999933242798,2.7339999675750732,2.9140000343322754
2017-12-29,2.930000066757202,3.007999897003174,2.9200000762939453,2.953000068664551
2018-01-02,3.0299999713897705,3.0969998836517334,2.9230000972747803,3.055999994277954
2018-01-03,3.0399999618530273,3.055999994277954,2.9590001106262207,3.007999897003174
2018-01-04,3.015000104904175,3.069999933242798,2.8399999141693115,2.880000114440918
2018-01-05,2.877000093460083,2.88700008392334,2.746000051498413,2.7950000762939453
2018-01-08,2.812000036239624,2.86899995803833,2.7839999198913574,2.8350000381469727
2018-01-09,2.8380000591278076,2.9660000801086426,2.825000047683716,2.9230000972747803
2018-01-10,2.9619998931884766,2.989000082015991,2.86899995803833,2.9059998989105225
2018-01-11,2.9059998989105225,3.1389999389648438,2.884000062942505,3.0840001106262207
2018-01-12,3.13700008392334,3.2239999771118164,3.069999933242798,3.200000047683716
2018-01-16,3.13100004196167,3.1760001182556152,3.0390000343322754,3.128999948501587
2018-01-17,3.125,3.2880001068115234,3.0980000495910645,3.2320001125335693
2018-01-18,3.250999927520752,3.259999990463257,3.069999933242798,3.188999891281128
2018-01-19,3.197999954223633,3.246000051498413,3.132999897003174,3.184999942779541
2018-01-22,3.252000093460083,3.2690000534057617,3.1429998874664307,3.2239999771118164
2018-01-23,3.253999948501587,3.628000020980835,3.249000072479248,3.444000005722046
2018-01-24,3.5409998893737793,3.624000072479248,3.4040000438690186,3.509000062942505
2018-01-25,3.438999891281128,3.5810000896453857,3.3980000019073486,3.447000026702881
2018-01-26,3.437000036239624,3.6110000610351562,3.4100000858306885,3.505000114440918
2018-01-29,3.390000104904175,3.6610000133514404,3.296999931335449,3.63100004196167
2018-01-30,3.187000036239624,3.259000062942505,3.1610000133514404,3.194999933242798
2018-01-31,3.1649999618530273,3.183000087738037,2.9489998817443848,2.994999885559082
2018-02-01,2.9560000896453857,2.9779999256134033,2.8369998931884766,2.8559999465942383
2018-02-02,2.8910000324249268,2.9200000762939453,2.8399999141693115,2.8459999561309814
2018-02-05,2.825000047683716,2.880000114440918,2.7360000610351562,2.746999979019165
2018-02-06,2.7669999599456787,2.7850000858306885,2.694999933242798,2.759000062942505
2018-02-07,2.760999917984009,2.7820000648498535,2.687999963760376,2.7019999027252197
2018-02-08,2.7019999027252197,2.757999897003174,2.680999994277954,2.697000026702881
2018-02-09,2.694000005722046,2.7039999961853027,2.5759999752044678,2.5840001106262207
2018-02-12,2.553999900817871,2.6070001125335693,2.5380001068115234,2.552000045776367
2018-02-13,2.565999984741211,2.6419999599456787,2.562000036239624,2.5940001010894775
2018-02-14,2.6080000400543213,2.622999906539917,2.552999973297119,2.5869998931884766
2018-02-15,2.61299991607666,2.622999906539917,2.5299999713897705,2.5799999237060547
2018-02-16,2.5840001106262207,2.5889999866485596,2.5390000343322754,2.558000087738037
2018-02-20,2.568000078201294,2.6619999408721924,2.562000036239624,2.615999937057495
2018-02-21,2.638000011444092,2.680000066757202,2.565000057220459,2.6589999198913574
2018-02-22,2.6570000648498535,2.6700000762939453,2.6070001125335693,2.634000062942505
2018-02-23,2.61899995803833,2.632999897003174,2.555000066757202,2.625
2018-02-26,2.634999990463257,2.680000066757202,2.5859999656677246,2.6389999389648438
2018-02-27,2.681999921798706,2.7019999027252197,2.632999897003174,2.683000087738037
2018-02-28,2.693000078201294,2.7100000381469727,2.6589999198913574,2.6670000553131104
2018-03-01,2.6679999828338623,2.7309999465942383,2.6419999599456787,2.697999954223633
2018-03-02,2.693000078201294,2.7279999256134033,2.686000108718872,2.694999933242798
2018-03-05,2.7170000076293945,2.7260000705718994,2.6730000972747803,2.7039999961853027
2018-03-06,2.7060000896453857,2.756999969482422,2.7019999027252197,2.749000072479248
2018-03-07,2.75,2.7890000343322754,2.74399995803833,2.7769999504089355
2018-03-08,2.7860000133514404,2.7929999828338623,2.736999988555908,2.75600004196167
2018-03-09,2.742000102996826,2.752000093460083,2.7119998931884766,2.7320001125335693
2018-03-12,2.7309999465942383,2.803999900817871,2.7179999351501465,2.7780001163482666
2018-03-13,2.7880001068115234,2.811000108718872,2.7760000228881836,2.7860000133514404
2018-03-14,2.7869999408721924,2.7980000972747803,2.7100000381469727,2.7309999465942383
2018-03-15,2.73799991607666,2.75,2.6640000343322754,2.680999994277954
2018-03-16,2.684999942779541,2.7009999752044678,2.6670000553131104,2.687999963760376
2018-03-19,2.683000087738037,2.7100000381469727,2.640000104904175,2.6510000228881836
2018-03-20,2.6600000858306885,2.694999933242798,2.6500000953674316,2.674999952316284
2018-03-21,2.677000045776367,2.7079999446868896,2.634000062942505,2.638000011444092
2018-03-22,2.6480000019073486,2.6670000553131104,2.6110000610351562,2.617000102996826
2018-03-23,2.61899995803833,2.627000093460083,2.5789999961853027,2.5910000801086426
2018-03-26,2.5880000591278076,2.6419999599456787,2.565000057220459,2.618000030517578
2018-03-27,2.63100004196167,2.7070000171661377,2.622999906539917,2.690999984741211
2018-03-28,2.7179999351501465,2.7309999465942383,2.690000057220459,2.697999954223633
2018-03-29,2.7060000896453857,2.7639999389648438,2.697999954223633,2.7330000400543213
2018-04-02,2.7300000190734863,2.759000062942505,2.6500000953674316,2.683000087738037
2018-04-03,2.678999900817871,2.7070000171661377,2.6670000553131104,2.697000026702881
2018-04-04,2.696000099182129,2.746000051498413,2.674999952316284,2.7179999351501465
2018-04-05,2.7119998931884766,2.7149999141693115,2.6510000228881836,2.674999952316284
2018-04-06,2.680000066757202,2.7170000076293945,2.674999952316284,2.7009999752044678
2018-04-09,2.678999900817871,2.7039999961853027,2.640000104904175,2.693000078201294
2018-04-10,2.6989998817443848,2.7260000705718994,2.6429998874664307,2.6559998989105225
2018-04-11,2.6610000133514404,2.690000057220459,2.621000051498413,2.674999952316284
2018-04-12,2.674999952316284,2.700000047683716,2.6470000743865967,2.686000108718872
2018-04-13,2.688999891281128,2.759999990463257,2.6740000247955322,2.734999895095825
2018-04-16,2.753000020980835,2.7790000438690186,2.739000082015991,2.752000093460083
2018-04-17,2.746999979019165,2.760999917984009,2.7109999656677246,2.73799991607666
2018-04-18,2.740999937057495,2.7899999618530273,2.7339999675750732,2.739000082015991
2018-04-19,2.74399995803833,2.750999927520752,2.6579999923706055,2.6600000858306885
2018-04-20,2.674999952316284,2.746000051498413,2.6579999923706055,2.739000082015991
2018-04-23,2.744999885559082,2.756999969482422,2.7060000896453857,2.740000009536743
2018-04-24,2.744999885559082,2.7890000343322754,2.7279999256134033,2.7809998989105225
2018-04-25,2.7820000648498535,2.7980000972747803,2.755000114440918,2.7860000133514404
2018-04-26,2.7869999408721924,2.8389999866485596,2.7790000438690186,2.821000099182129
2018-04-27,2.8259999752044678,2.8340001106262207,2.7679998874664307,2.7709999084472656
2018-04-30,2.763000011444092,2.7780001163482666,2.7279999256134033,2.763000011444092
2018-05-01,2.7639999389648438,2.819999933242798,2.759000062942505,2.802000045776367
2018-05-02,2.805000066757202,2.811000108718872,2.744999885559082,2.753999948501587
2018-05-03,2.759000062942505,2.7730000019073486,2.700000047683716,2.7260000705718994
2018-05-04,2.7309999465942383,2.742000102996826,2.7019999027252197,2.7109999656677246
2018-05-07,2.7100000381469727,2.7699999809265137,2.694999933242798,2.740999937057495
2018-05-08,2.7360000610351562,2.7730000019073486,2.7060000896453857,2.7320001125335693
2018-05-09,2.739000082015991,2.759000062942505,2.7249999046325684,2.736999988555908
2018-05-10,2.7360000610351562,2.819999933242798,2.7090001106262207,2.813999891281128
2018-05-11,2.808000087738037,2.819999933242798,2.7929999828338623,2.805999994277954
2018-05-14,2.825000047683716,2.8469998836517334,2.7980000972747803,2.8420000076293945
2018-05-15,2.8340001106262207,2.864000082015991,2.8239998817443848,2.8359999656677246
2018-05-16,2.8269999027252197,2.8440001010894775,2.809000015258789,2.815000057220459
2018-05-17,2.816999912261963,2.861999988555908,2.7799999713897705,2.8589999675750732
2018-05-18,2.8529999256134033,2.869999885559082,2.8320000171661377,2.8469998836517334
2018-05-21,2.8259999752044678,2.8469998836517334,2.805999994277954,2.809999942779541
2018-05-22,2.8269999027252197,2.9170000553131104,2.815999984741211,2.9079999923706055
2018-05-23,2.9019999504089355,2.938999891281128,2.8980000019073486,2.9140000343322754
2018-05-24,2.9240000247955322,2.940999984741211,2.9040000438690186,2.940000057220459
2018-05-25,2.930999994277954,2.9639999866485596,2.9119999408721924,2.938999891281128
2018-05-29,2.9600000381469727,2.9600000381469727,2.8380000591278076,2.875
2018-05-30,2.9010000228881836,2.9059998989105225,2.867000102996826,2.884999990463257
2018-05-31,2.8910000324249268,2.98799991607666,2.88700008392334,2.9519999027252197
2018-06-01,2.9509999752044678,2.9830000400543213,2.931999921798706,2.9619998931884766
2018-06-04,2.9739999771118164,2.9800000190734863,2.9230000972747803,2.930000066757202
2018-06-05,2.9200000762939453,2.930999994277954,2.874000072479248,2.890000104904175
2018-06-06,2.888000011444092,2.9119999408721924,2.872999906539917,2.8959999084472656
2018-06-07,2.9000000953674316,2.986999988555908,2.8959999084472656,2.930000066757202
2018-06-08,2.934000015258789,2.936000108718872,2.875,2.890000104904175
2018-06-11,2.927000045776367,2.9660000801086426,2.9119999408721924,2.9489998817443848
2018-06-12,2.9539999961853027,2.98799991607666,2.9170000553131104,2.938999891281128
2018-06-13,2.940999984741211,2.9790000915527344,2.9159998893737793,2.9630000591278076
2018-06-14,2.9579999446868896,2.9760000705718994,2.930000066757202,2.9649999141693115
2018-06-15,2.9579999446868896,3.0339999198913574,2.930000066757202,3.0220000743865967
2018-06-18,3.0510001182556152,3.052999973297119,2.944999933242798,2.9509999752044678
2018-06-19,2.9519999027252197,2.9549999237060547,2.88700008392334,2.9000000953674316
2018-06-20,2.9179999828338623,2.9690001010894775,2.9119999408721924,2.9639999866485596
2018-06-21,2.9660000801086426,3.01200008392334,2.947000026702881,2.9749999046325684
2018-06-22,2.9820001125335693,2.990999937057495,2.9260001182556152,2.944999933242798
2018-06-25,2.9260001182556152,2.943000078201294,2.8970000743865967,2.9230000972747803
2018-06-26,2.930999994277954,2.9549999237060547,2.9070000648498535,2.938999891281128
2018-06-27,2.9539999961853027,3.006999969482422,2.950000047683716,2.996000051498413
2018-06-28,2.98799991607666,3.0209999084472656,2.930000066757202,2.940000057220459
2018-06-29,2.9509999752044678,2.9539999961853027,2.9100000858306885,2.9240000247955322
2018-07-02,2.9200000762939453,2.927000045776367,2.8519999980926514,2.861999988555908
2018-07-03,2.8610000610351562,2.9030001163482666,2.8519999980926514,2.869999885559082
2018-07-05,2.8420000076293945,2.884000062942505,2.8259999752044678,2.8369998931884766
2018-07-06,2.8299999237060547,2.861999988555908,2.8239998817443848,2.8580000400543213
2018-07-09,2.8389999866485596,2.865000009536743,2.816999912261963,2.828000068664551
2018-07-10,2.8289999961853027,2.8350000381469727,2.7820000648498535,2.7880001068115234
2018-07-11,2.7869999408721924,2.8320000171661377,2.7799999713897705,2.8289999961853027
2018-07-12,2.822000026702881,2.8269999027252197,2.7890000343322754,2.796999931335449
2018-07-13,2.802000045776367,2.812000036239624,2.75,2.752000093460083
2018-07-16,2.765000104904175,2.7780001163482666,2.734999895095825,2.759000062942505
2018-07-17,2.7679998874664307,2.7880001068115234,2.7309999465942383,2.740000009536743
2018-07-18,2.74399995803833,2.753999948501587,2.7200000286102295,2.7209999561309814
2018-07-19,2.7309999465942383,2.7760000228881836,2.7039999961853027,2.7690000534057617
2018-07-20,2.7669999599456787,2.7839999198913574,2.753999948501587,2.756999969482422
2018-07-23,2.736999988555908,2.740999937057495,2.7130000591278076,2.7209999561309814
2018-07-24,2.7230000495910645,2.74399995803833,2.7100000381469727,2.7320001125335693
2018-07-25,2.739000082015991,2.7799999713897705,2.734999895095825,2.7750000953674316
2018-07-26,2.7769999504089355,2.7990000247955322,2.7690000534057617,2.7799999713897705
2018-07-27,2.7750000953674316,2.8310000896453857,2.7690000534057617,2.822000026702881
2018-07-30,2.7939999103546143,2.813999891281128,2.7660000324249268,2.796999931335449
2018-07-31,2.8010001182556152,2.8310000896453857,2.7720000743865967,2.7820000648498535
2018-08-01,2.7799999713897705,2.7880001068115234,2.74399995803833,2.757999897003174
2018-08-02,2.744999885559082,2.828000068664551,2.740000009536743,2.815999984741211
2018-08-03,2.819000005722046,2.861999988555908,2.813999891281128,2.8529999256134033
2018-08-06,2.8510000705718994,2.865000009536743,2.822000026702881,2.859999895095825
2018-08-07,2.8610000610351562,2.9000000953674316,2.8570001125335693,2.8970000743865967
2018-08-08,2.8929998874664307,2.9509999752044678,2.884000062942505,2.9489998817443848
2018-08-09,2.943000078201294,2.9590001106262207,2.930000066757202,2.9549999237060547
2018-08-10,2.946000099182129,2.9549999237060547,2.9170000553131104,2.944000005722046
2018-08-13,2.936000108718872,2.946000099182129,2.8970000743865967,2.930000066757202
2018-08-14,2.9260001182556152,2.9739999771118164,2.921999931335449,2.9590001106262207
2018-08-15,2.9519999027252197,2.9630000591278076,2.930000066757202,2.940000057220459
2018-08-16,2.938999891281128,2.9489998817443848,2.8910000324249268,2.9079999923706055
2018-08-17,2.9079999923706055,2.9679999351501465,2.9079999923706055,2.946000099182129
2018-08-20,2.940000057220459,2.9539999961853027,2.9030001163482666,2.940999984741211
2018-08-21,2.953000068664551,2.990999937057495,2.953000068664551,2.9800000190734863
2018-08-22,2.990999937057495,2.993000030517578,2.953000068664551,2.9560000896453857
2018-08-23,2.9579999446868896,2.9820001125335693,2.934999942779541,2.9639999866485596
2018-08-24,2.9719998836517334,2.9790000915527344,2.9110000133514404,2.9170000553131104
2018-08-27,2.9079999923706055,2.9149999618530273,2.874000072479248,2.875999927520752
2018-08-28,2.875999927520752,2.882999897003174,2.8450000286102295,2.8519999980926514
2018-08-29,2.8570001125335693,2.9049999713897705,2.8429999351501465,2.8949999809265137
2018-08-30,2.875,2.890000104904175,2.8410000801086426,2.874000072479248
2018-08-31,2.885999917984009,2.930999994277954,2.881999969482422,2.9159998893737793
2018-09-04,2.861999988555908,2.874000072479248,2.812000036239624,2.822999954223633
2018-09-05,2.815000057220459,2.8429999351501465,2.7860000133514404,2.7950000762939453
2018-09-06,2.7929999828338623,2.796999931335449,2.765000104904175,2.7720000743865967
2018-09-07,2.7769999504089355,2.7850000858306885,2.759000062942505,2.7760000228881836
2018-09-10,2.7699999809265137,2.813999891281128,2.752000093460083,2.803999900817871
2018-09-11,2.806999921798706,2.8359999656677246,2.7850000858306885,2.828000068664551
2018-09-12,2.828000068664551,2.86899995803833,2.818000078201294,2.8289999961853027
2018-09-13,2.8239998817443848,2.8559999465942383,2.805000066757202,2.816999912261963
2018-09-14,2.809999942779541,2.813999891281128,2.76200008392334,2.7669999599456787
2018-09-17,2.7739999294281006,2.8299999237060547,2.7720000743865967,2.813999891281128
2018-09-18,2.813999891281128,2.937000036239624,2.811000108718872,2.933000087738037
2018-09-19,2.9260001182556152,2.947999954223633,2.8980000019073486,2.9079999923706055
2018-09-20,2.9040000438690186,2.990999937057495,2.885999917984009,2.9760000705718994
2018-09-21,2.9619998931884766,2.989000082015991,2.937999963760376,2.9769999980926514
2018-09-24,2.9730000495910645,3.0480000972747803,2.9509999752044678,3.0380001068115234
2018-09-25,3.0429999828338623,3.0869998931884766,3.0199999809265137,3.0820000171661377
2018-09-26,3.0789999961853027,3.0880000591278076,2.9809999465942383,3.0209999084472656
2018-09-27,2.9719998836517334,3.1110000610351562,2.9630000591278076,3.055999994277954
2018-09-28,3.056999921798706,3.062000036239624,2.9769999980926514,3.007999897003174
2018-10-01,3.006999969482422,3.117000102996826,3.000999927520752,3.0940001010894775
2018-10-02,3.114000082015991,3.194000005722046,3.1089999675750732,3.1659998893737793
2018-10-03,3.1640000343322754,3.260999917984009,3.1549999713897705,3.2300000190734863
2018-10-04,3.23799991607666,3.25,3.128999948501587,3.1649999618530273
2018-10-05,3.188999891281128,3.2239999771118164,3.1089999675750732,3.1429998874664307
2018-10-08,3.181999921798706,3.2939999103546143,3.1740000247955322,3.2669999599456787
2018-10-09,3.2809998989105225,3.368000030517578,3.236999988555908,3.2660000324249268
2018-10-10,3.305999994277954,3.3580000400543213,3.250999927520752,3.2839999198913574
2018-10-11,3.2760000228881836,3.2869999408721924,3.1530001163482666,3.2219998836517334
2018-10-12,3.2339999675750732,3.2699999809265137,3.138000011444092,3.1610000133514404
2018-10-15,3.2239999771118164,3.2730000019073486,3.177000045776367,3.242000102996826
2018-10-16,3.257999897003174,3.311000108718872,3.2100000381469727,3.239000082015991
2018-10-17,3.253000020980835,3.3399999141693115,3.240000009536743,3.319999933242798
2018-10-18,3.319000005722046,3.322999954223633,3.193000078201294,3.197999954223633
2018-10-19,3.2260000705718994,3.257999897003174,3.1549999713897705,3.25
2018-10-22,3.2269999980926514,3.246999979019165,3.125999927520752,3.138000011444092
2018-10-23,3.134000062942505,3.240000009536743,3.1110000610351562,3.2119998931884766
2018-10-24,3.2160000801086426,3.25,3.1589999198913574,3.1659998893737793
2018-10-25,3.184999942779541,3.2330000400543213,3.1530001163482666,3.2019999027252197
2018-10-26,3.1689999103546143,3.203000068664551,3.1019999980926514,3.184999942779541
2018-10-29,3.1389999389648438,3.1989998817443848,3.0999999046325684,3.184999942779541
2018-10-30,3.184000015258789,3.2809998989105225,3.1659998893737793,3.187000036239624
2018-10-31,3.2100000381469727,3.2939999103546143,3.2070000171661377,3.260999917984009
2018-11-01,3.2839999198913574,3.318000078201294,3.2160000801086426,3.236999988555908
2018-11-02,3.239000082015991,3.312999963760376,3.1659998893737793,3.2839999198913574
2018-11-05,3.4709999561309814,3.5759999752044678,3.437000036239624,3.566999912261963
2018-11-06,3.549999952316284,3.5810000896453857,3.5139999389648438,3.555000066757202
2018-11-07,3.5429999828338623,3.559999942779541,3.4860000610351562,3.555000066757202
2018-11-08,3.5299999713897705,3.568000078201294,3.493000030517578,3.5429999828338623
2018-11-09,3.555000066757202,3.8239998817443848,3.552000045776367,3.7190001010894775
2018-11-12,3.744999885559082,3.9539999961853027,3.734999895095825,3.7880001068115234
2018-11-13,3.934000015258789,4.110000133514404,3.9019999504089355,4.10099983215332
2018-11-14,4.072000026702881,4.928999900817871,4.050000190734863,4.836999893188477
2018-11-15,4.671999931335449,4.800000190734863,3.881999969482422,4.038000106811523
2018-11-16,3.9070000648498535,4.389999866485596,3.9070000648498535,4.271999835968018
2018-11-19,4.625,4.7789998054504395,4.427000045776367,4.699999809265137
2018-11-20,4.583000183105469,4.671999931335449,4.27400016784668,4.5229997634887695
2018-11-21,4.535999774932861,4.863999843597412,4.420000076293945,4.451000213623047
2018-11-23,4.241000175476074,4.563000202178955,4.2220001220703125,4.308000087738037
2018-11-26,4.067999839782715,4.2820000648498535,3.990000009536743,4.248000144958496
2018-11-27,4.223999977111816,4.324999809265137,4.104000091552734,4.26200008392334
2018-11-28,4.198999881744385,4.806000232696533,4.190000057220459,4.715000152587891
2018-11-29,4.671000003814697,4.673999786376953,4.452000141143799,4.645999908447266
2018-11-30,4.584000110626221,4.776000022888184,4.4730000495910645,4.611999988555908
2018-12-03,4.5269999504089355,4.535999774932861,4.243000030517578,4.339000225067139
2018-12-04,4.392000198364258,4.573999881744385,4.357999801635742,4.456999778747559
2018-12-06,4.449999809265137,4.488999843597412,4.270999908447266,4.327000141143799
2018-12-07,4.3480000495910645,4.570000171661377,4.230999946594238,4.48799991607666
2018-12-10,4.590000152587891,4.665999889373779,4.389999866485596,4.545000076293945
2018-12-11,4.506999969482422,4.586999893188477,4.3480000495910645,4.4070000648498535
2018-12-12,4.36299991607666,4.4070000648498535,4.080999851226807,4.136000156402588
2018-12-13,4.0960001945495605,4.307000160217285,4.050000190734863,4.124000072479248
2018-12-14,4.072999954223633,4.093999862670898,3.7869999408721924,3.8269999027252197
2018-12-17,3.619999885559082,3.742000102996826,3.5160000324249268,3.5280001163482666
2018-12-18,3.5959999561309814,3.8499999046325684,3.565999984741211,3.8380000591278076
2018-12-19,3.8389999866485596,3.8929998874664307,3.562999963760376,3.7260000705718994
2018-12-20,3.7320001125335693,3.937999963760376,3.572000026702881,3.5829999446868896
2018-12-21,3.680999994277954,3.8289999961853027,3.5950000286102295,3.815999984741211
2018-12-24,3.757999897003174,3.8459999561309814,3.4489998817443848,3.4670000076293945
2018-12-26,3.4560000896453857,3.5859999656677246,3.315000057220459,3.5429999828338623
2018-12-27,3.5,3.6659998893737793,3.440999984741211,3.6419999599456787
2018-12-28,3.506999969482422,3.5269999504089355,3.2780001163482666,3.302999973297119
2018-12-31,3.125,3.140000104904175,2.930000066757202,2.940000057220459
2019-01-02,2.9210000038146973,3.0390000343322754,2.9049999713897705,2.9579999446868896
2019-01-03,2.9630000591278076,3.010999917984009,2.878000020980835,2.944999933242798
2019-01-04,2.9140000343322754,3.0490000247955322,2.8940000534057617,3.0439999103546143
2019-01-07,2.9619998931884766,2.99399995803833,2.9100000858306885,2.944000005722046
2019-01-08,2.950000047683716,3.052999973297119,2.947999954223633,2.9670000076293945
2019-01-09,3.007999897003174,3.0190000534057617,2.938999891281128,2.9839999675750732
2019-01-10,2.990000009536743,3.0889999866485596,2.9609999656677246,2.9690001010894775
2019-01-11,2.994999885559082,3.1659998893737793,2.990999937057495,3.0989999771118164
2019-01-14,3.325000047683716,3.618000030517578,3.2809998989105225,3.5910000801086426
2019-01-15,3.63100004196167,3.7219998836517334,3.433000087738037,3.500999927520752
2019-01-16,3.4560000896453857,3.696000099182129,3.3380000591278076,3.384000062942505
2019-01-17,3.4119999408721924,3.5929999351501465,3.367000102996826,3.4130001068115234
2019-01-18,3.436000108718872,3.499000072479248,3.2009999752044678,3.4820001125335693
2019-01-22,3.3269999027252197,3.3610000610351562,3.0260000228881836,3.0399999618530273
2019-01-23,3.058000087738037,3.1670000553131104,2.9570000171661377,2.9800000190734863
2019-01-24,3.0250000953674316,3.1559998989105225,2.98799991607666,3.0989999771118164
2019-01-25,3.1600000858306885,3.2070000171661377,3.046999931335449,3.177999973297119
2019-01-28,2.9260001182556152,2.9830000400543213,2.888000011444092,2.9110000133514404
2019-01-29,2.924999952316284,2.9700000286102295,2.7890000343322754,2.950000047683716
2019-01-30,2.9089999198913574,2.9189999103546143,2.8459999561309814,2.8540000915527344
2019-01-31,2.868000030517578,2.9179999828338623,2.802000045776367,2.813999891281128
2019-02-01,2.8320000171661377,2.8499999046325684,2.7300000190734863,2.7339999675750732
2019-02-04,2.7049999237060547,2.7330000400543213,2.6549999713897705,2.6600000858306885
2019-02-05,2.6659998893737793,2.7079999446868896,2.6389999389648438,2.6619999408721924
2019-02-06,2.684999942779541,2.7200000286102295,2.6510000228881836,2.6619999408721924
2019-02-07,2.681999921798706,2.690999984741211,2.5490000247955322,2.5510001182556152
2019-02-08,2.572999954223633,2.619999885559082,2.558000087738037,2.5829999446868896
2019-02-11,2.6500000953674316,2.74399995803833,2.638000011444092,2.6419999599456787
2019-02-12,2.6470000743865967,2.697999954223633,2.618000030517578,2.687999963760376
2019-02-13,2.6649999618530273,2.6689999103546143,2.558000087738037,2.575000047683716
2019-02-14,2.5910000801086426,2.61299991607666,2.565999984741211,2.572999954223633
2019-02-15,2.572000026702881,2.63700008392334,2.5429999828338623,2.625
2019-02-19,2.621000051498413,2.6730000972747803,2.5999999046325684,2.6619999408721924
2019-02-20,2.6600000858306885,2.688999891281128,2.63100004196167,2.635999917984009
2019-02-21,2.6459999084472656,2.7079999446868896,2.6389999389648438,2.697000026702881
2019-02-22,2.7009999752044678,2.7260000705718994,2.674999952316284,2.7170000076293945
2019-02-25,2.756999969482422,2.8510000705718994,2.7330000400543213,2.8359999656677246
2019-02-26,2.8429999351501465,2.9079999923706055,2.815999984741211,2.8550000190734863
2019-02-27,2.7679998874664307,2.812000036239624,2.7320001125335693,2.7990000247955322
2019-02-28,2.808000087738037,2.8429999351501465,2.7869999408721924,2.812000036239624
2019-03-01,2.805000066757202,2.871999979019165,2.7799999713897705,2.8589999675750732
2019-03-04,2.8450000286102295,2.888000011444092,2.821000099182129,2.8570001125335693
2019-03-05,2.8559999465942383,2.8919999599456787,2.8410000801086426,2.884000062942505
2019-03-06,2.8889999389648438,2.8959999084472656,2.822000026702881,2.8410000801086426
2019-03-07,2.8450000286102295,2.871000051498413,2.812000036239624,2.865999937057495
2019-03-08,2.865000009536743,2.8949999809265137,2.8559999465942383,2.865000009536743
2019-03-11,2.8350000381469727,2.8410000801086426,2.7660000324249268,2.7720000743865967
2019-03-12,2.7790000438690186,2.7980000972747803,2.752000093460083,2.7839999198913574
2019-03-13,2.7909998893737793,2.8389999866485596,2.76200008392334,2.819999933242798
2019-03-14,2.8329999446868896,2.8570001125335693,2.8239998817443848,2.8550000190734863
2019-03-15,2.8489999771118164,2.8559999465942383,2.7899999618530273,2.7950000762939453
2019-03-18,2.7860000133514404,2.8570001125335693,2.7730000019073486,2.8499999046325684
2019-03-19,2.8450000286102295,2.8970000743865967,2.8350000381469727,2.874000072479248
2019-03-20,2.86299991607666,2.871999979019165,2.813999891281128,2.819999933242798
2019-03-21,2.8299999237060547,2.8389999866485596,2.7960000038146973,2.821000099182129
2019-03-22,2.821000099182129,2.8239998817443848,2.7209999561309814,2.753000020980835
2019-03-25,2.7239999771118164,2.7660000324249268,2.7060000896453857,2.755000114440918
2019-03-26,2.759000062942505,2.7699999809265137,2.7279999256134033,2.740000009536743
2019-03-27,2.7309999465942383,2.7320001125335693,2.6710000038146973,2.7130000591278076
2019-03-28,2.7230000495910645,2.752000093460083,2.7070000171661377,2.7119998931884766
2019-03-29,2.7200000286102295,2.7279999256134033,2.6559998989105225,2.6619999408721924
2019-04-01,2.6630001068115234,2.7330000400543213,2.6570000648498535,2.7079999446868896
2019-04-02,2.7060000896453857,2.7219998836517334,2.6730000972747803,2.684000015258789
2019-04-03,2.691999912261963,2.697000026702881,2.6579999923706055,2.677000045776367
2019-04-04,2.6730000972747803,2.684999942779541,2.635999917984009,2.6429998874664307
2019-04-05,2.6440000534057617,2.680000066757202,2.631999969482422,2.6640000343322754
2019-04-08,2.6589999198913574,2.7209999561309814,2.6530001163482666,2.7079999446868896
2019-04-09,2.7090001106262207,2.7249999046325684,2.680000066757202,2.6989998817443848
2019-04-10,2.7049999237060547,2.7290000915527344,2.686000108718872,2.700000047683716
2019-04-11,2.7019999027252197,2.7100000381469727,2.6519999504089355,2.6640000343322754
2019-04-12,2.6740000247955322,2.687999963760376,2.6510000228881836,2.6600000858306885
2019-04-15,2.6459999084472656,2.6530001163482666,2.5850000381469727,2.5899999141693115
2019-04-16,2.5889999866485596,2.5940001010894775,2.569999933242798,2.572000026702881
2019-04-17,2.572000026702881,2.5820000171661377,2.503000020980835,2.5169999599456787
2019-04-18,2.50600004196167,2.5209999084472656,2.4779999256134033,2.490000009536743
2019-04-22,2.49399995803833,2.5350000858306885,2.4839999675750732,2.5239999294281006
2019-04-23,2.5280001163482666,2.5350000858306885,2.447000026702881,2.4549999237060547
2019-04-24,2.453000068664551,2.486999988555908,2.450000047683716,2.4619998931884766
2019-04-25,2.4749999046325684,2.5199999809265137,2.438999891281128,2.5139999389648438
2019-04-26,2.500999927520752,2.5799999237060547,2.4769999980926514,2.565999984741211
2019-04-29,2.578000068664551,2.5980000495910645,2.5460000038146973,2.5929999351501465
2019-04-30,2.5929999351501465,2.614000082015991,2.565000057220459,2.575000047683716
2019-05-01,2.572000026702881,2.625999927520752,2.561000108718872,2.619999885559082
2019-05-02,2.61299991607666,2.618000030517578,2.563999891281128,2.5889999866485596
2019-05-03,2.5889999866485596,2.6110000610351562,2.552999973297119,2.566999912261963
2019-05-06,2.565000057220459,2.5739998817443848,2.5160000324249268,2.5239999294281006
2019-05-07,2.515000104904175,2.555999994277954,2.5139999389648438,2.5369999408721924
2019-05-08,2.5420000553131104,2.615000009536743,2.5360000133514404,2.609999895095825
2019-05-09,2.6040000915527344,2.6070001125335693,2.561000108718872,2.5950000286102295
2019-05-10,2.5899999141693115,2.6470000743865967,2.5739998817443848,2.61899995803833
2019-05-13,2.615999937057495,2.6530001163482666,2.5980000495910645,2.621000051498413
2019-05-14,2.624000072479248,2.6700000762939453,2.621999979019165,2.6589999198913574
2019-05-15,2.6510000228881836,2.6689999103546143,2.5950000286102295,2.6010000705718994
2019-05-16,2.6040000915527344,2.6470000743865967,2.5859999656677246,2.6389999389648438
2019-05-17,2.635999917984009,2.6600000858306885,2.615999937057495,2.63100004196167
2019-05-20,2.625999927520752,2.700000047683716,2.625,2.6730000972747803
2019-05-21,2.6670000553131104,2.6679999828338623,2.6089999675750732,2.61299991607666
2019-05-22,2.61899995803833,2.624000072479248,2.5380001068115234,2.5429999828338623
2019-05-23,2.5510001182556152,2.5889999866485596,2.5399999618530273,2.578000068664551
2019-05-24,2.5789999961853027,2.6040000915527344,2.5420000553131104,2.5980000495910645
2019-05-28,2.5969998836517334,2.61299991607666,2.5350000858306885,2.5820000171661377
2019-05-29,2.5820000171661377,2.6429998874664307,2.5799999237060547,2.632999897003174
2019-05-30,2.61899995803833,2.628000020980835,2.5339999198913574,2.546999931335449
2019-05-31,2.558000087738037,2.572999954223633,2.444000005722046,2.4539999961853027
2019-06-03,2.444000005722046,2.4749999046325684,2.381999969482422,2.4030001163482666
2019-06-04,2.4130001068115234,2.440999984741211,2.38100004196167,2.4159998893737793
2019-06-05,2.4189999103546143,2.4260001182556152,2.3550000190734863,2.378000020980835
2019-06-06,2.371000051498413,2.3919999599456787,2.305000066757202,2.3239998817443848
2019-06-07,2.3340001106262207,2.3550000190734863,2.305999994277954,2.3369998931884766
2019-06-10,2.3350000381469727,2.365000009536743,2.3239998817443848,2.3570001125335693
2019-06-11,2.3610000610351562,2.4059998989105225,2.3359999656677246,2.3989999294281006
2019-06-12,2.3970000743865967,2.4059998989105225,2.367000102996826,2.385999917984009
2019-06-13,2.38100004196167,2.384000062942505,2.319999933242798,2.325000047683716
2019-06-14,2.328000068664551,2.3989999294281006,2.322999954223633,2.38700008392334
2019-06-17,2.3889999389648438,2.4179999828338623,2.3570001125335693,2.385999917984009
2019-06-18,2.372999906539917,2.4040000438690186,2.318000078201294,2.328000068664551
2019-06-19,2.3320000171661377,2.3580000400543213,2.2679998874664307,2.2760000228881836
2019-06-20,2.2799999713897705,2.302999973297119,2.1589999198913574,2.184999942779541
2019-06-21,2.2130000591278076,2.2219998836517334,2.180999994277954,2.186000108718872
2019-06-24,2.197000026702881,2.315999984741211,2.194999933242798,2.302999973297119
2019-06-25,2.302999973297119,2.315000057220459,2.255000114440918,2.308000087738037
2019-06-26,2.2890000343322754,2.3239998817443848,2.265000104904175,2.2909998893737793
2019-06-27,2.2709999084472656,2.3389999866485596,2.265000104904175,2.3239998817443848
2019-06-28,2.319999933242798,2.364000082015991,2.299999952316284,2.308000087738037
2019-07-01,2.3299999237060547,2.3310000896453857,2.2170000076293945,2.2669999599456787
2019-07-02,2.2660000324249268,2.296999931335449,2.2320001125335693,2.240000009536743
2019-07-03,2.240000009536743,2.2960000038146973,2.236999988555908,2.2899999618530273
2019-07-05,2.2869999408721924,2.444999933242798,2.263000011444092,2.4179999828338623
2019-07-08,2.4600000381469727,2.4670000076293945,2.36899995803833,2.4030001163482666
2019-07-09,2.3970000743865967,2.437000036239624,2.359999895095825,2.424999952316284
2019-07-10,2.428999900817871,2.489000082015991,2.4159998893737793,2.444000005722046
2019-07-11,2.444999933242798,2.486999988555908,2.3929998874664307,2.4159998893737793
2019-07-12,2.4100000858306885,2.4809999465942383,2.3970000743865967,2.453000068664551
2019-07-15,2.4619998931884766,2.4690001010894775,2.382999897003174,2.4079999923706055
2019-07-16,2.3949999809265137,2.4079999923706055,2.2980000972747803,2.305999994277954
2019-07-17,2.318000078201294,2.3459999561309814,2.2899999618530273,2.303999900817871
2019-07-18,2.309000015258789,2.3550000190734863,2.2660000324249268,2.2869999408721924
2019-07-19,2.2899999618530273,2.299999952316284,2.242000102996826,2.250999927520752
2019-07-22,2.242000102996826,2.322000026702881,2.2330000400543213,2.312000036239624
2019-07-23,2.319000005722046,2.328000068664551,2.2890000343322754,2.299999952316284
2019-07-24,2.2899999618530273,2.296999931335449,2.2119998931884766,2.2200000286102295
2019-07-25,2.2309999465942383,2.260999917984009,2.2219998836517334,2.24399995803833
2019-07-26,2.240000009536743,2.242000102996826,2.1649999618530273,2.1689999103546143
2019-07-29,2.174999952316284,2.181999921798706,2.119999885559082,2.1410000324249268
2019-07-30,2.115999937057495,2.1419999599456787,2.1070001125335693,2.13700008392334
2019-07-31,2.138000011444092,2.2679998874664307,2.127000093460083,2.2330000400543213
2019-08-01,2.23799991607666,2.3329999446868896,2.1649999618530273,2.2019999027252197
2019-08-02,2.1689999103546143,2.2019999027252197,2.0769999027252197,2.121000051498413
2019-08-05,2.078000068664551,2.1089999675750732,2.0290000438690186,2.069999933242798
2019-08-06,2.0910000801086426,2.132999897003174,2.072999954223633,2.1110000610351562
2019-08-07,2.1029999256134033,2.1449999809265137,2.0739998817443848,2.0829999446868896
2019-08-08,2.0880000591278076,2.1549999713897705,2.0859999656677246,2.128000020980835
2019-08-09,2.124000072479248,2.1449999809265137,2.063999891281128,2.11899995803833
2019-08-12,2.124000072479248,2.1570000648498535,2.0950000286102295,2.1050000190734863
2019-08-13,2.1059999465942383,2.174999952316284,2.0859999656677246,2.1470000743865967
2019-08-14,2.1589999198913574,2.203000068664551,2.121999979019165,2.1429998874664307
2019-08-15,2.1589999198913574,2.2669999599456787,2.138000011444092,2.2320001125335693
2019-08-16,2.2200000286102295,2.2239999771118164,2.1700000762939453,2.200000047683716
2019-08-19,2.1640000343322754,2.2209999561309814,2.134000062942505,2.2100000381469727
2019-08-20,2.2019999027252197,2.2309999465942383,2.187000036239624,2.2179999351501465
2019-08-21,2.2139999866485596,2.23799991607666,2.1570000648498535,2.1700000762939453
2019-08-22,2.1689999103546143,2.194999933242798,2.1449999809265137,2.1589999198913574
2019-08-23,2.1500000953674316,2.1670000553131104,2.119999885559082,2.1519999504089355
2019-08-26,2.1689999103546143,2.236999988555908,2.1589999198913574,2.2300000190734863
2019-08-27,2.2309999465942383,2.2330000400543213,2.174999952316284,2.2019999027252197
2019-08-28,2.2009999752044678,2.2769999504089355,2.194999933242798,2.250999927520752
2019-08-29,2.234999895095825,2.309999942779541,2.2179999351501465,2.2960000038146973
2019-08-30,2.2880001068115234,2.2990000247955322,2.256999969482422,2.2850000858306885
2019-09-03,2.2880001068115234,2.365000009536743,2.2690000534057617,2.3580000400543213
2019-09-04,2.3459999561309814,2.4570000171661377,2.3389999866485596,2.444999933242798
2019-09-05,2.441999912261963,2.4679999351501465,2.388000011444092,2.434999942779541
2019-09-06,2.434999942779541,2.505000114440918,2.4030001163482666,2.496000051498413
2019-09-09,2.5269999504089355,2.6080000400543213,2.496000051498413,2.5850000381469727
2019-09-10,2.6059999465942383,2.6480000019073486,2.571000099182129,2.5799999237060547
2019-09-11,2.5810000896453857,2.5999999046325684,2.5290000438690186,2.552000045776367
2019-09-12,2.546999931335449,2.5850000381469727,2.51200008392334,2.5739998817443848
2019-09-13,2.572999954223633,2.6389999389648438,2.552999973297119,2.614000082015991
2019-09-16,2.687999963760376,2.700000047683716,2.6410000324249268,2.680999994277954
2019-09-17,2.686000108718872,2.7100000381469727,2.628000020980835,2.6679999828338623
2019-09-18,2.6630001068115234,2.696000099182129,2.6029999256134033,2.63700008392334
2019-09-19,2.6389999389648438,2.6389999389648438,2.5299999713897705,2.5380001068115234
2019-09-20,2.552000045776367,2.5789999961853027,2.50600004196167,2.5339999198913574
2019-09-23,2.5220000743865967,2.546999931335449,2.493000030517578,2.5269999504089355
2019-09-24,2.5350000858306885,2.5899999141693115,2.49399995803833,2.503000020980835
2019-09-25,2.496999979019165,2.5190000534057617,2.4549999237060547,2.502000093460083
2019-09-26,2.5139999389648438,2.5399999618530273,2.390000104904175,2.427999973297119
2019-09-27,2.4489998817443848,2.4509999752044678,2.380000114440918,2.4040000438690186
2019-09-30,2.380000114440918,2.3919999599456787,2.3239998817443848,2.3299999237060547
2019-10-01,2.325000047683716,2.3340001106262207,2.2679998874664307,2.2829999923706055
2019-10-02,2.2869999408721924,2.303999900817871,2.244999885559082,2.246999979019165
2019-10-03,2.253999948501587,2.3489999771118164,2.2070000171661377,2.3289999961853027
2019-10-04,2.3359999656677246,2.3980000019073486,2.263000011444092,2.3519999980926514
2019-10-07,2.3329999446868896,2.3420000076293945,2.2869999408721924,2.302999973297119
2019-10-08,2.2929999828338623,2.322999954223633,2.2660000324249268,2.2880001068115234
2019-10-09,2.2880001068115234,2.305999994277954,2.2290000915527344,2.2339999675750732
2019-10-10,2.239000082015991,2.2739999294281006,2.2019999027252197,2.2179999351501465
2019-10-11,2.203000068664551,2.26200008392334,2.187000036239624,2.2139999866485596
2019-10-14,2.23799991607666,2.312999963760376,2.2279999256134033,2.2799999713897705
2019-10-15,2.2850000858306885,2.3489999771118164,2.2660000324249268,2.3389999866485596
2019-10-16,2.3420000076293945,2.384000062942505,2.2769999504089355,2.302999973297119
2019-10-17,2.2920000553131104,2.365000009536743,2.2839999198913574,2.318000078201294
2019-10-18,2.319000005722046,2.359999895095825,2.2890000343322754,2.319999933242798
2019-10-21,2.319999933242798,2.322000026702881,2.2130000591278076,2.23799991607666
2019-10-22,2.2360000610351562,2.311000108718872,2.2309999465942383,2.2720000743865967
2019-10-23,2.2739999294281006,2.305000066757202,2.250999927520752,2.2820000648498535
2019-10-24,2.2850000858306885,2.3420000076293945,2.2690000534057617,2.315999984741211
2019-10-25,2.3310000896453857,2.3359999656677246,2.2730000019073486,2.299999952316284
2019-10-28,2.365999937057495,2.4700000286102295,2.3459999561309814,2.446000099182129
2019-10-29,2.4590001106262207,2.640000104904175,2.4489998817443848,2.5969998836517334
2019-10-30,2.628000020980835,2.7230000495910645,2.615999937057495,2.690999984741211
2019-10-31,2.686000108718872,2.73799991607666,2.6059999465942383,2.632999897003174
2019-11-01,2.63700008392334,2.7179999351501465,2.575000047683716,2.7139999866485596
2019-11-04,2.7960000038146973,2.8420000076293945,2.7809998989105225,2.821000099182129
2019-11-05,2.822000026702881,2.9049999713897705,2.816999912261963,2.861999988555908
2019-11-06,2.872999906539917,2.8910000324249268,2.819999933242798,2.828000068664551
2019-11-07,2.822999954223633,2.881999969482422,2.753000020980835,2.7720000743865967
2019-11-08,2.7920000553131104,2.822000026702881,2.755000114440918,2.7890000343322754
2019-11-11,2.7160000801086426,2.7160000801086426,2.618000030517578,2.63700008392334
2019-11-12,2.63700008392334,2.684999942779541,2.6070001125335693,2.621000051498413
2019-11-13,2.621999979019165,2.680000066757202,2.569999933242798,2.5999999046325684
2019-11-14,2.6740000247955322,2.696000099182129,2.625,2.6470000743865967
2019-11-15,2.635999917984009,2.7239999771118164,2.6059999465942383,2.687999963760376
2019-11-18,2.6410000324249268,2.6500000953674316,2.5329999923706055,2.565999984741211
2019-11-19,2.546999931335449,2.559999942779541,2.500999927520752,2.509999990463257
2019-11-20,2.5139999389648438,2.5810000896453857,2.505000114440918,2.559000015258789
2019-11-21,2.565999984741211,2.5950000286102295,2.5260000228881836,2.566999912261963
2019-11-22,2.5850000381469727,2.674999952316284,2.556999921798706,2.6649999618530273
2019-11-25,2.688999891281128,2.7090001106262207,2.509999990463257,2.5309998989105225
2019-11-26,2.5199999809265137,2.5320000648498535,2.4210000038146973,2.4700000286102295
2019-11-27,2.5290000438690186,2.558000087738037,2.48799991607666,2.500999927520752
2019-11-29,2.496999979019165,2.513000011444092,2.2699999809265137,2.2809998989105225
2019-12-02,2.315000057220459,2.36899995803833,2.2890000343322754,2.3289999961853027
2019-12-03,2.3450000286102295,2.509999990463257,2.3399999141693115,2.440999984741211
2019-12-04,2.438999891281128,2.4630000591278076,2.368000030517578,2.3989999294281006
2019-12-05,2.4059998989105225,2.4630000591278076,2.3959999084472656,2.427000045776367
2019-12-06,2.4170000553131104,2.437000036239624,2.328000068664551,2.3340001106262207
2019-12-09,2.2100000381469727,2.257999897003174,2.1579999923706055,2.2320001125335693
2019-12-10,2.253000020980835,2.2890000343322754,2.2160000801086426,2.2639999389648438
2019-12-11,2.265000104904175,2.302999973297119,2.240000009536743,2.243000030517578
2019-12-12,2.247999906539917,2.3480000495910645,2.24399995803833,2.328000068664551
2019-12-13,2.3410000801086426,2.3420000076293945,2.253000020980835,2.2960000038146973
2019-12-16,2.2960000038146973,2.377000093460083,2.2850000858306885,2.3410000801086426
2019-12-17,2.3489999771118164,2.361999988555908,2.2820000648498535,2.319000005722046
2019-12-18,2.318000078201294,2.3269999027252197,2.256999969482422,2.2860000133514404
2019-12-19,2.2820000648498535,2.302000045776367,2.2320001125335693,2.2730000019073486
2019-12-20,2.2890000343322754,2.3450000286102295,2.2790000438690186,2.328000068664551
2019-12-23,2.253999948501587,2.2690000534057617,2.191999912261963,2.2139999866485596
2019-12-24,2.2019999027252197,2.2230000495910645,2.1619999408721924,2.171999931335449
2019-12-26,2.184000015258789,2.296999931335449,2.184000015258789,2.2939999103546143
2019-12-27,2.2720000743865967,2.2860000133514404,2.138000011444092,2.1579999923706055
2019-12-30,2.246999979019165,2.257999897003174,2.181999921798706,2.186000108718872
2019-12-31,2.190999984741211,2.2070000171661377,2.1510000228881836,2.188999891281128
2020-01-02,2.184000015258789,2.187999963760376,2.115999937057495,2.121999979019165
2020-01-03,2.128999948501587,2.1630001068115234,2.0829999446868896,2.130000114440918
2020-01-06,2.111999988555908,2.1730000972747803,2.0989999771118164,2.134999990463257
2020-01-07,2.1489999294281006,2.177999973297119,2.1019999980926514,2.1619999408721924
2020-01-08,2.1530001163482666,2.184999942779541,2.115000009536743,2.1410000324249268
2020-01-09,2.1510000228881836,2.1700000762939453,2.1050000190734863,2.1659998893737793
2020-01-10,2.1659998893737793,2.2339999675750732,2.13700008392334,2.2019999027252197
2020-01-13,2.2100000381469727,2.2260000705718994,2.1630001068115234,2.181999921798706
2020-01-14,2.187999963760376,2.255000114440918,2.1730000972747803,2.187000036239624
2020-01-15,2.180999994277954,2.188999891281128,2.1040000915527344,2.119999885559082
2020-01-16,2.134000062942505,2.1700000762939453,2.071000099182129,2.0769999027252197
2020-01-17,2.0769999027252197,2.078000068664551,1.99399995803833,2.003000020980835
2020-01-21,1.9700000286102295,1.9700000286102295,1.8300000429153442,1.8949999809265137
2020-01-22,1.9119999408721924,1.9420000314712524,1.8949999809265137,1.9049999713897705
2020-01-23,1.9149999618530273,1.9800000190734863,1.9129999876022339,1.9259999990463257
2020-01-24,1.937999963760376,1.9450000524520874,1.871999979019165,1.8930000066757202
2020-01-27,1.934999942779541,1.9759999513626099,1.8880000114440918,1.9019999504089355
2020-01-28,1.9019999504089355,1.9520000219345093,1.8830000162124634,1.934000015258789
2020-01-29,1.9270000457763672,1.937999963760376,1.8580000400543213,1.8769999742507935
2020-01-30,1.878999948501587,1.8860000371932983,1.815000057220459,1.8289999961853027
2020-01-31,1.8320000171661377,1.8559999465942383,1.812000036239624,1.840999960899353
2020-02-03,1.8519999980926514,1.8799999952316284,1.8140000104904175,1.819000005722046
2020-02-04,1.8229999542236328,1.8880000114440918,1.8040000200271606,1.871999979019165
2020-02-05,1.8760000467300415,1.8839999437332153,1.8250000476837158,1.8609999418258667
2020-02-06,1.8650000095367432,1.906000018119812,1.8320000171661377,1.8619999885559082
2020-02-07,1.8630000352859497,1.8980000019073486,1.8420000076293945,1.8580000400543213
2020-02-10,1.812999963760376,1.812999963760376,1.7589999437332153,1.7660000324249268
2020-02-11,1.7680000066757202,1.7999999523162842,1.753000020980835,1.7879999876022339
2020-02-12,1.7899999618530273,1.8550000190734863,1.7890000343322754,1.843999981880188
2020-02-13,1.8459999561309814,1.86899995803833,1.8229999542236328,1.8259999752044678
2020-02-14,1.8279999494552612,1.8539999723434448,1.7949999570846558,1.8370000123977661
2020-02-18,1.8799999952316284,1.9830000400543213,1.8739999532699585,1.9809999465942383
2020-02-19,1.968999981880188,1.9780000448226929,1.9450000524520874,1.9550000429153442
2020-02-20,1.9670000076293945,2.0250000953674316,1.906999945640564,1.9199999570846558
2020-02-21,1.9149999618530273,1.9249999523162842,1.8609999418258667,1.9049999713897705
2020-02-24,1.8839999437332153,1.8839999437332153,1.8240000009536743,1.8270000219345093
2020-02-25,1.8359999656677246,1.8619999885559082,1.819000005722046,1.847000002861023
2020-02-26,1.8480000495910645,1.8799999952316284,1.809999942779541,1.8209999799728394
2020-02-27,1.8279999494552612,1.8309999704360962,1.718999981880188,1.7519999742507935
2020-02-28,1.7480000257492065,1.75,1.6419999599456787,1.684000015258789
2020-03-02,1.6950000524520874,1.7649999856948853,1.6799999475479126,1.75600004196167
2020-03-03,1.7630000114440918,1.8389999866485596,1.75600004196167,1.7999999523162842
2020-03-04,1.8049999475479126,1.8450000286102295,1.784999966621399,1.8270000219345093
2020-03-05,1.8289999961853027,1.847000002861023,1.75600004196167,1.7719999551773071
2020-03-06,1.7669999599456787,1.7669999599456787,1.7050000429153442,1.7079999446868896
2020-03-09,1.6779999732971191,1.8300000429153442,1.6100000143051147,1.777999997138977
2020-03-10,1.8350000381469727,1.9550000429153442,1.7940000295639038,1.9359999895095825
2020-03-11,1.937999963760376,1.9980000257492065,1.8600000143051147,1.878000020980835
2020-03-12,1.8830000162124634,1.8830000162124634,1.75,1.840999960899353
2020-03-13,1.809999942779541,1.9509999752044678,1.7949999570846558,1.86899995803833
2020-03-16,1.8539999723434448,1.8539999723434448,1.777999997138977,1.815000057220459
2020-03-17,1.7970000505447388,1.8200000524520874,1.7109999656677246,1.7289999723434448
2020-03-18,1.7209999561309814,1.7280000448226929,1.5549999475479126,1.6039999723434448
2020-03-19,1.6319999694824219,1.6829999685287476,1.6019999980926514,1.6540000438690186
2020-03-20,1.6469999551773071,1.7000000476837158,1.5740000009536743,1.6039999723434448
2020-03-23,1.5329999923706055,1.628000020980835,1.5190000534057617,1.6019999980926514
2020-03-24,1.590000033378601,1.687000036239624,1.5829999446868896,1.652999997138977
2020-03-25,1.6729999780654907,1.715999960899353,1.6380000114440918,1.659000039100647
2020-03-26,1.656999945640564,1.6799999475479126,1.6119999885559082,1.6369999647140503
2020-03-27,1.6399999856948853,1.649999976158142,1.597000002861023,1.6339999437332153
2020-03-30,1.6299999952316284,1.7079999446868896,1.6130000352859497,1.690000057220459
2020-03-31,1.7020000219345093,1.7309999465942383,1.6360000371932983,1.6399999856948853
2020-04-01,1.6430000066757202,1.6790000200271606,1.5800000429153442,1.5870000123977661
2020-04-02,1.590999960899353,1.6239999532699585,1.5210000276565552,1.5520000457763672
2020-04-03,1.5509999990463257,1.659000039100647,1.5299999713897705,1.621000051498413
2020-04-06,1.649999976158142,1.7549999952316284,1.6299999952316284,1.7309999465942383
2020-04-07,1.7589999437332153,1.9119999408721924,1.746999979019165,1.8519999980926514
2020-04-08,1.9049999713897705,1.9179999828338623,1.7710000276565552,1.7829999923706055
2020-04-09,1.7910000085830688,1.8250000476837158,1.7209999561309814,1.7330000400543213
2020-04-13,1.7519999742507935,1.812999963760376,1.6979999542236328,1.7239999771118164
2020-04-14,1.725000023841858,1.7369999885559082,1.6330000162124634,1.649999976158142
2020-04-15,1.6390000581741333,1.6660000085830688,1.5859999656677246,1.5980000495910645
2020-04-16,1.590999960899353,1.718999981880188,1.5549999475479126,1.6859999895095825
2020-04-17,1.6890000104904175,1.805999994277954,1.6610000133514404,1.753000020980835
2020-04-20,1.7740000486373901,1.9700000286102295,1.7009999752044678,1.9240000247955322
2020-04-21,1.9429999589920044,1.9739999771118164,1.7790000438690186,1.8209999799728394
2020-04-22,1.8359999656677246,1.9520000219345093,1.7740000486373901,1.9390000104904175
2020-04-23,1.909999966621399,1.9529999494552612,1.805999994277954,1.815000057220459
2020-04-24,1.8179999589920044,1.8389999866485596,1.7020000219345093,1.746000051498413
2020-04-27,1.7009999752044678,1.850000023841858,1.593000054359436,1.819000005722046
2020-04-28,1.8309999704360962,1.9229999780654907,1.7020000219345093,1.7940000295639038
2020-04-29,1.9490000009536743,1.9730000495910645,1.8600000143051147,1.86899995803833
2020-04-30,1.878000020980835,1.9529999494552612,1.8250000476837158,1.9490000009536743
2020-05-01,1.9359999895095825,2.0160000324249268,1.871999979019165,1.8899999856948853
2020-05-04,1.9609999656677246,2.00600004196167,1.934999942779541,1.9930000305175781
2020-05-05,1.9910000562667847,2.1619999408721924,1.9809999465942383,2.134000062942505
2020-05-06,2.0869998931884766,2.1110000610351562,1.9290000200271606,1.944000005722046
2020-05-07,1.9559999704360962,1.9889999628067017,1.8860000371932983,1.8940000534057617
2020-05-08,1.9010000228881836,1.9270000457763672,1.8109999895095825,1.8229999542236328
2020-05-11,1.8380000591278076,1.8899999856948853,1.8029999732971191,1.8259999752044678
2020-05-12,1.847000002861023,1.8489999771118164,1.684999942779541,1.7200000286102295
2020-05-13,1.6950000524520874,1.7410000562667847,1.5950000286102295,1.6160000562667847
2020-05-14,1.6430000066757202,1.715000033378601,1.6100000143051147,1.680999994277954
2020-05-15,1.6749999523162842,1.7319999933242798,1.6339999437332153,1.6460000276565552
2020-05-18,1.725000023841858,1.8509999513626099,1.7020000219345093,1.7829999923706055
2020-05-19,1.7690000534057617,1.8569999933242798,1.7630000114440918,1.8300000429153442
2020-05-20,1.8040000200271606,1.8890000581741333,1.7430000305175781,1.7710000276565552
2020-05-21,1.777999997138977,1.784999966621399,1.6920000314712524,1.7100000381469727
2020-05-22,1.7259999513626099,1.7599999904632568,1.6799999475479126,1.7309999465942383
2020-05-26,1.746000051498413,1.809000015258789,1.6920000314712524,1.7929999828338623
2020-05-27,1.7740000486373901,1.815000057220459,1.7109999656677246,1.722000002861023
2020-05-28,1.878000020980835,1.8960000276565552,1.8109999895095825,1.8270000219345093
2020-05-29,1.819000005722046,1.8650000095367432,1.7630000114440918,1.8489999771118164
2020-06-01,1.8300000429153442,1.8480000495910645,1.7419999837875366,1.7740000486373901
2020-06-02,1.7799999713897705,1.8009999990463257,1.7580000162124634,1.7769999504089355
2020-06-03,1.7740000486373901,1.8609999418258667,1.7710000276565552,1.8209999799728394
2020-06-04,1.809000015258789,1.8539999723434448,1.7949999570846558,1.8220000267028809
2020-06-05,1.8209999799728394,1.8639999628067017,1.7769999504089355,1.781999945640564
2020-06-08,1.809999942779541,1.815999984741211,1.75,1.7890000343322754
2020-06-09,1.809000015258789,1.8289999961853027,1.75600004196167,1.7669999599456787
2020-06-10,1.7630000114440918,1.8079999685287476,1.6740000247955322,1.7799999713897705
2020-06-11,1.7869999408721924,1.8329999446868896,1.7660000324249268,1.812999963760376
2020-06-12,1.8170000314712524,1.8220000267028809,1.7269999980926514,1.7309999465942383
2020-06-15,1.753000020980835,1.7610000371932983,1.6610000133514404,1.6690000295639038
2020-06-16,1.6729999780654907,1.684999942779541,1.597000002861023,1.6139999628067017
2020-06-17,1.6130000352859497,1.6480000019073486,1.6019999980926514,1.6380000114440918
2020-06-18,1.6380000114440918,1.6610000133514404,1.6109999418258667,1.6380000114440918
2020-06-19,1.6369999647140503,1.684000015258789,1.6299999952316284,1.6690000295639038
2020-06-22,1.6710000038146973,1.7120000123977661,1.6430000066757202,1.6640000343322754
2020-06-23,1.659999966621399,1.6629999876022339,1.6139999628067017,1.6369999647140503
2020-06-24,1.6269999742507935,1.656000018119812,1.5850000381469727,1.597000002861023
2020-06-25,1.5950000286102295,1.5980000495910645,1.440000057220459,1.4819999933242798
2020-06-26,1.440999984741211,1.5670000314712524,1.4320000410079956,1.4950000047683716
2020-06-29,1.5670000314712524,1.753000020980835,1.5579999685287476,1.7089999914169312
2020-06-30,1.6970000267028809,1.784000039100647,1.687999963760376,1.7510000467300415
2020-07-01,1.753999948501587,1.7580000162124634,1.6549999713897705,1.6710000038146973
2020-07-02,1.6929999589920044,1.7380000352859497,1.6720000505447388,1.7339999675750732
2020-07-06,1.7280000448226929,1.8639999628067017,1.7139999866485596,1.8300000429153442
2020-07-07,1.8289999961853027,1.9240000247955322,1.8289999961853027,1.8760000467300415
2020-07-08,1.878999948501587,1.8860000371932983,1.8079999685287476,1.8240000009536743
2020-07-09,1.8200000524520874,1.8910000324249268,1.7719999551773071,1.7790000438690186
2020-07-10,1.7760000228881836,1.8350000381469727,1.7369999885559082,1.8049999475479126
2020-07-13,1.784999966621399,1.815000057220459,1.725000023841858,1.7389999628067017
2020-07-14,1.7289999723434448,1.7710000276565552,1.7079999446868896,1.746000051498413
2020-07-15,1.7430000305175781,1.7920000553131104,1.7280000448226929,1.777999997138977
2020-07-16,1.7829999923706055,1.8079999685287476,1.7029999494552612,1.7230000495910645
2020-07-17,1.7259999513626099,1.75,1.690000057220459,1.718000054359436
2020-07-20,1.7000000476837158,1.7070000171661377,1.6050000190734863,1.6410000324249268
2020-07-21,1.6440000534057617,1.680999994277954,1.621999979019165,1.6749999523162842
2020-07-22,1.6690000295639038,1.6979999542236328,1.621999979019165,1.680999994277954
2020-07-23,1.694000005722046,1.8049999475479126,1.6770000457763672,1.784999966621399
2020-07-24,1.784000039100647,1.8179999589920044,1.746000051498413,1.8079999685287476
2020-07-27,1.7960000038146973,1.7999999523162842,1.7139999866485596,1.7339999675750732
2020-07-28,1.7309999465942383,1.8029999732971191,1.718999981880188,1.7999999523162842
2020-07-29,1.7960000038146973,1.8930000066757202,1.7690000534057617,1.8539999723434448
2020-07-30,1.9210000038146973,1.9279999732971191,1.8179999589920044,1.8289999961853027
2020-07-31,1.8350000381469727,1.8619999885559082,1.781000018119812,1.7990000247955322
2020-08-03,1.8589999675750732,2.1540000438690186,1.8519999980926514,2.1010000705718994
2020-08-04,2.0969998836517334,2.197999954223633,2.055999994277954,2.193000078201294
2020-08-05,2.177999973297119,2.260999917984009,2.1630001068115234,2.190999984741211
2020-08-06,2.2060000896453857,2.2839999198913574,2.135999917984009,2.1649999618530273
2020-08-07,2.1530001163482666,2.25600004196167,2.140000104904175,2.23799991607666
2020-08-10,2.256999969482422,2.2750000953674316,2.118000030517578,2.1530001163482666
2020-08-11,2.1649999618530273,2.2309999465942383,2.134999990463257,2.1710000038146973
2020-08-12,2.1489999294281006,2.1649999618530273,2.0850000381469727,2.1519999504089355
2020-08-13,2.1510000228881836,2.2049999237060547,2.1389999389648438,2.181999921798706
2020-08-14,2.190999984741211,2.378999948501587,2.1710000038146973,2.3559999465942383
2020-08-17,2.3919999599456787,2.3959999084472656,2.302000045776367,2.3389999866485596
2020-08-18,2.3440001010894775,2.4649999141693115,2.305999994277954,2.4170000553131104
2020-08-19,2.4170000553131104,2.4549999237060547,2.375,2.4260001182556152
2020-08-20,2.430000066757202,2.440000057220459,2.3450000286102295,2.3519999980926514
2020-08-21,2.3550000190734863,2.4679999351501465,2.2799999713897705,2.447999954223633
2020-08-24,2.4600000381469727,2.553999900817871,2.390000104904175,2.513000011444092
2020-08-25,2.5139999389648438,2.552000045776367,2.4509999752044678,2.489000082015991
2020-08-26,2.4800000190734863,2.556999921798706,2.3980000019073486,2.4609999656677246
2020-08-27,2.4240000247955322,2.5980000495910645,2.388000011444092,2.5789999961853027
2020-08-28,2.7100000381469727,2.743000030517578,2.621000051498413,2.6570000648498535
2020-08-31,2.628999948501587,2.6530001163482666,2.496999979019165,2.630000114440918
2020-09-01,2.628000020980835,2.674999952316284,2.503999948501587,2.5269999504089355
2020-09-02,2.5160000324249268,2.578000068664551,2.4149999618530273,2.4860000610351562
2020-09-03,2.489000082015991,2.566999912261963,2.4549999237060547,2.486999988555908
2020-09-04,2.4830000400543213,2.6050000190734863,2.430999994277954,2.5880000591278076
2020-09-08,2.5859999656677246,2.5859999656677246,2.3559999465942383,2.4000000953674316
2020-09-09,2.367000102996826,2.4800000190734863,2.328000068664551,2.4059998989105225
2020-09-10,2.381999969482422,2.4070000648498535,2.305000066757202,2.322999954223633
2020-09-11,2.313999891281128,2.3350000381469727,2.246000051498413,2.2690000534057617
2020-09-14,2.305999994277954,2.3989999294281006,2.2839999198913574,2.309999942779541
2020-09-15,2.305000066757202,2.382999897003174,2.2750000953674316,2.361999988555908
2020-09-16,2.3559999465942383,2.3889999389648438,2.2330000400543213,2.2669999599456787
2020-09-17,2.253999948501587,2.2750000953674316,1.9869999885559082,2.0420000553131104
2020-09-18,1.9989999532699585,2.0739998817443848,1.9259999990463257,2.0480000972747803
2020-09-21,1.9910000562667847,2.0380001068115234,1.7949999570846558,1.8350000381469727
2020-09-22,1.8880000114440918,1.8969999551773071,1.8079999685287476,1.8339999914169312
2020-09-23,1.8450000286102295,2.2070000171661377,1.815000057220459,2.125
2020-09-24,2.194999933242798,2.319999933242798,2.1689999103546143,2.247999906539917
2020-09-25,2.177999973297119,2.259999990463257,2.1010000705718994,2.1389999389648438
2020-09-28,2.1050000190734863,2.1760001182556152,2.0199999809265137,2.1010000705718994
2020-09-29,2.7690000534057617,2.7890000343322754,2.490000009536743,2.561000108718872
2020-09-30,2.502000093460083,2.5789999961853027,2.424999952316284,2.5269999504089355
2020-10-01,2.549999952316284,2.5920000076293945,2.440999984741211,2.5269999504089355
2020-10-02,2.484999895095825,2.5510001182556152,2.372999906539917,2.437999963760376
2020-10-05,2.4549999237060547,2.7269999980926514,2.446000099182129,2.615000009536743
2020-10-06,2.622999906539917,2.703000068664551,2.505000114440918,2.5199999809265137
2020-10-07,2.510999917984009,2.686000108718872,2.4660000801086426,2.6059999465942383
2020-10-08,2.5899999141693115,2.6510000228881836,2.507999897003174,2.627000093460083
2020-10-09,2.631999969482422,2.821000099182129,2.618000030517578,2.740999937057495
2020-10-12,2.8910000324249268,2.9549999237060547,2.825000047683716,2.88100004196167
2020-10-13,2.8340001106262207,2.884000062942505,2.750999927520752,2.8550000190734863
2020-10-14,2.760999917984009,2.7709999084472656,2.609999895095825,2.635999917984009
2020-10-15,2.6449999809265137,2.8289999961853027,2.6389999389648438,2.7750000953674316
2020-10-16,2.7780001163482666,2.8519999980926514,2.6700000762939453,2.7730000019073486
2020-10-19,2.6410000324249268,2.890000104904175,2.638000011444092,2.7950000762939453
2020-10-20,2.8310000896453857,2.950000047683716,2.8239998817443848,2.9130001068115234
2020-10-21,2.8970000743865967,3.052999973297119,2.890000104904175,3.0230000019073486
2020-10-22,3.0250000953674316,3.065999984741211,2.9800000190734863,3.006999969482422
2020-10-23,2.984999895095825,3.00600004196167,2.9179999828338623,2.9709999561309814
2020-10-26,2.940999984741211,3.0799999237060547,2.9070000648498535,3.0239999294281006
2020-10-27,3.0160000324249268,3.0910000801086426,2.9860000610351562,3.0190000534057617
2020-10-28,3.0199999809265137,3.0510001182556152,2.9670000076293945,2.996000051498413
2020-10-29,3.2829999923706055,3.3459999561309814,3.1510000228881836,3.3010001182556152
2020-10-30,3.312999963760376,3.3959999084472656,3.25600004196167,3.3540000915527344
2020-11-02,3.374000072479248,3.3929998874664307,3.2139999866485596,3.24399995803833
2020-11-03,3.2360000610351562,3.240999937057495,3.0409998893737793,3.059000015258789
2020-11-04,3.055999994277954,3.0910000801086426,3.002000093460083,3.0460000038146973
2020-11-05,3.062000036239624,3.11299991607666,2.924999952316284,2.941999912261963
2020-11-06,2.934000015258789,2.9709999561309814,2.865999937057495,2.888000011444092
2020-11-09,2.871999979019165,2.928999900817871,2.821000099182129,2.8589999675750732
2020-11-10,2.859999895095825,3.01200008392334,2.8550000190734863,2.9489998817443848
2020-11-11,2.947999954223633,3.056999921798706,2.9110000133514404,3.0309998989105225
2020-11-12,3.0320000648498535,3.063999891281128,2.940999984741211,2.9760000705718994
2020-11-13,2.9489998817443848,3.0869998931884766,2.9489998817443848,2.994999885559082
2020-11-16,2.871000051498413,2.88700008392334,2.674999952316284,2.697000026702881
2020-11-17,2.684000015258789,2.7320001125335693,2.6489999294281006,2.691999912261963
2020-11-18,2.694000005722046,2.7829999923706055,2.687000036239624,2.7119998931884766
2020-11-19,2.7149999141693115,2.74399995803833,2.5250000953674316,2.5920000076293945
2020-11-20,2.5989999771118164,2.678999900817871,2.5799999237060547,2.6500000953674316
2020-11-23,2.7049999237060547,2.7279999256134033,2.6489999294281006,2.7109999656677246
2020-11-24,2.7090001106262207,2.7799999713897705,2.693000078201294,2.7750000953674316
2020-11-25,2.765000104904175,2.9140000343322754,2.700000047683716,2.8959999084472656
2020-11-27,2.950000047683716,2.9630000591278076,2.828000068664551,2.8429999351501465
2020-11-30,2.8310000896453857,2.996000051498413,2.822999954223633,2.881999969482422
2020-12-01,2.934000015258789,2.9719998836517334,2.8329999446868896,2.880000114440918
2020-12-02,2.88100004196167,2.934000015258789,2.740000009536743,2.7799999713897705
2020-12-03,2.759999990463257,2.7679998874664307,2.4839999675750732,2.506999969482422
2020-12-04,2.510999917984009,2.622999906539917,2.4619998931884766,2.575000047683716
2020-12-07,2.4560000896453857,2.4830000400543213,2.38100004196167,2.4059998989105225
2020-12-08,2.430999994277954,2.4800000190734863,2.368000030517578,2.3989999294281006
2020-12-09,2.4539999961853027,2.5239999294281006,2.4210000038146973,2.441999912261963
2020-12-10,2.430000066757202,2.5940001010894775,2.38100004196167,2.552999973297119
2020-12-11,2.568000078201294,2.630000114440918,2.5260000228881836,2.5910000801086426
2020-12-14,2.6579999923706055,2.7079999446868896,2.611999988555908,2.681999921798706
2020-12-15,2.6689999103546143,2.700000047683716,2.5959999561309814,2.681999921798706
2020-12-16,2.6659998893737793,2.691999912261963,2.618000030517578,2.677000045776367
2020-12-17,2.684999942779541,2.7239999771118164,2.6059999465942383,2.635999917984009
2020-12-18,2.6579999923706055,2.7200000286102295,2.6480000019073486,2.700000047683716
2020-12-21,2.7300000190734863,2.7300000190734863,2.631999969482422,2.7049999237060547
2020-12-22,2.703000068664551,2.805999994277954,2.690000057220459,2.7799999713897705
2020-12-23,2.7679998874664307,2.7929999828338623,2.565999984741211,2.6080000400543213
2020-12-24,2.6110000610351562,2.631999969482422,2.515000104904175,2.5179998874664307
2020-12-28,2.311000108718872,2.3429999351501465,2.23799991607666,2.305000066757202
2020-12-29,2.3399999141693115,2.489000082015991,2.2820000648498535,2.4670000076293945
2020-12-30,2.444000005722046,2.4730000495910645,2.38700008392334,2.421999931335449
2020-12-31,2.433000087738037,2.546999931335449,2.428999900817871,2.5390000343322754
2021-01-04,2.625999927520752,2.6700000762939453,2.565999984741211,2.5810000896453857
2021-01-05,2.5989999771118164,2.7320001125335693,2.5910000801086426,2.7019999027252197
2021-01-06,2.687999963760376,2.7699999809265137,2.6059999465942383,2.7160000801086426
2021-01-07,2.7219998836517334,2.755000114440918,2.6630001068115234,2.7290000915527344
2021-01-08,2.674999952316284,2.7300000190734863,2.625999927520752,2.700000047683716
2021-01-11,2.5999999046325684,2.811000108718872,2.5889999866485596,2.746999979019165
2021-01-12,2.7939999103546143,2.8989999294281006,2.7179999351501465,2.753000020980835
2021-01-13,2.736999988555908,2.8259999752044678,2.7079999446868896,2.7269999980926514
2021-01-14,2.742000102996826,2.7909998893737793,2.6600000858306885,2.6659998893737793
2021-01-15,2.671999931335449,2.799999952316284,2.635999917984009,2.736999988555908
2021-01-19,2.6519999504089355,2.6730000972747803,2.5230000019073486,2.5460000038146973
2021-01-20,2.5439999103546143,2.566999912261963,2.4539999961853027,2.5390000343322754
2021-01-21,2.5320000648498535,2.5510001182556152,2.4579999446868896,2.490999937057495
2021-01-22,2.492000102996826,2.503999948501587,2.4140000343322754,2.446000099182129
2021-01-25,2.5420000553131104,2.61899995803833,2.503999948501587,2.6019999980926514
2021-01-26,2.6029999256134033,2.686000108718872,2.5950000286102295,2.6559998989105225
2021-01-27,2.6500000953674316,2.7730000019073486,2.6500000953674316,2.759999990463257
2021-01-28,2.674999952316284,2.7009999752044678,2.5910000801086426,2.6640000343322754
2021-01-29,2.680000066757202,2.7100000381469727,2.553999900817871,2.563999891281128
2021-02-01,2.7300000190734863,2.868000030517578,2.7119998931884766,2.8499999046325684
2021-02-02,2.8289999961853027,3.005000114440918,2.811000108718872,2.8450000286102295
2021-02-03,2.8269999027252197,2.8940000534057617,2.747999906539917,2.7890000343322754
2021-02-04,2.7760000228881836,2.9769999980926514,2.7339999675750732,2.934999942779541
2021-02-05,2.9570000171661377,3.056999921798706,2.8510000705718994,2.86299991607666
2021-02-08,2.9089999198913574,2.984999895095825,2.8440001010894775,2.881999969482422
2021-02-09,2.882999897003174,2.927000045776367,2.7880001068115234,2.8350000381469727
2021-02-10,2.819000005722046,2.9820001125335693,2.740999937057495,2.9110000133514404
2021-02-11,2.9749999046325684,3.0450000762939453,2.8389999866485596,2.868000030517578
2021-02-12,2.869999885559082,2.986999988555908,2.8340001106262207,2.9119999408721924
2021-02-16,3.0460000038146973,3.2139999866485596,2.9760000705718994,3.128999948501587
2021-02-17,3.0980000495910645,3.315999984741211,3.0490000247955322,3.2190001010894775
2021-02-18,3.2669999599456787,3.2980000972747803,3.0409998893737793,3.0820000171661377
2021-02-19,3.066999912261963,3.1480000019073486,2.990999937057495,3.069000005722046
2021-02-22,3.009999990463257,3.0299999713897705,2.8889999389648438,2.953000068664551
2021-02-23,2.9489998817443848,2.9639999866485596,2.8540000915527344,2.878999948501587
2021-02-24,2.878000020980835,2.885999917984009,2.822000026702881,2.8540000915527344
2021-02-25,2.805999994277954,2.8550000190734863,2.760999917984009,2.7769999504089355
2021-02-26,2.7699999809265137,2.7860000133514404,2.697000026702881,2.7709999084472656
2021-03-01,2.799999952316284,2.809000015258789,2.7239999771118164,2.7769999504089355
2021-03-02,2.7829999923706055,2.8570001125335693,2.756999969482422,2.8389999866485596
2021-03-03,2.8480000495910645,2.88700008392334,2.8010001182556152,2.815999984741211
2021-03-04,2.802999973297119,2.8259999752044678,2.684000015258789,2.746000051498413
2021-03-05,2.743000030517578,2.755000114440918,2.680999994277954,2.7009999752044678
2021-03-08,2.690999984741211,2.7339999675750732,2.622999906539917,2.6640000343322754
2021-03-09,2.6619999408721924,2.690000057220459,2.624000072479248,2.6619999408721924
2021-03-10,2.6530001163482666,2.7070000171661377,2.615000009536743,2.691999912261963
2021-03-11,2.688999891281128,2.7139999866485596,2.635999917984009,2.6679999828338623
2021-03-12,2.6689999103546143,2.693000078201294,2.5840001106262207,2.5999999046325684
2021-03-15,2.558000087738037,2.561000108718872,2.4779999256134033,2.4839999675750732
2021-03-16,2.49399995803833,2.565999984741211,2.4790000915527344,2.562000036239624
2021-03-17,2.562000036239624,2.565000057220459,2.489000082015991,2.5280001163482666
2021-03-18,2.5230000019073486,2.5260000228881836,2.421999931335449,2.4809999465942383
2021-03-19,2.489000082015991,2.553999900817871,2.4560000896453857,2.5350000858306885
2021-03-22,2.506999969482422,2.5920000076293945,2.4779999256134033,2.5820000171661377
2021-03-23,2.578000068664551,2.5810000896453857,2.502000093460083,2.507999897003174
2021-03-24,2.515000104904175,2.5450000762939453,2.503000020980835,2.5179998874664307
2021-03-25,2.5199999809265137,2.5850000381469727,2.484999895095825,2.569999933242798
2021-03-26,2.569999933242798,2.5869998931884766,2.5460000038146973,2.556999921798706
2021-03-29,2.562999963760376,2.6070001125335693,2.5299999713897705,2.5859999656677246
2021-03-30,2.6429998874664307,2.687999963760376,2.5969998836517334,2.622999906539917
2021-03-31,2.621000051498413,2.6559998989105225,2.575000047683716,2.6080000400543213
2021-04-01,2.6050000190734863,2.6630001068115234,2.578000068664551,2.6389999389648438
2021-04-05,2.5929999351501465,2.615999937057495,2.48799991607666,2.510999917984009
2021-04-06,2.510999917984009,2.568000078201294,2.453000068664551,2.4560000896453857
2021-04-07,2.4639999866485596,2.5460000038146973,2.4579999446868896,2.5199999809265137
2021-04-08,2.509999990463257,2.5350000858306885,2.4779999256134033,2.5220000743865967
2021-04-09,2.5199999809265137,2.552000045776367,2.503000020980835,2.5260000228881836
2021-04-12,2.5299999713897705,2.6050000190734863,2.5299999713897705,2.561000108718872
2021-04-13,2.553999900817871,2.638000011444092,2.5290000438690186,2.61899995803833
2021-04-14,2.619999885559082,2.6659998893737793,2.6089999675750732,2.618000030517578
2021-04-15,2.617000102996826,2.684999942779541,2.5829999446868896,2.6579999923706055
2021-04-16,2.6630001068115234,2.700000047683716,2.6579999923706055,2.680000066757202
2021-04-19,2.7070000171661377,2.753000020980835,2.694000005722046,2.749000072479248
2021-04-20,2.740999937057495,2.759000062942505,2.7190001010894775,2.7269999980926514
2021-04-21,2.7239999771118164,2.7249999046325684,2.6659998893737793,2.691999912261963
2021-04-22,2.696000099182129,2.7790000438690186,2.6570000648498535,2.749000072479248
2021-04-23,2.746999979019165,2.7639999389648438,2.7200000286102295,2.7300000190734863
2021-04-26,2.7100000381469727,2.799999952316284,2.700000047683716,2.7899999618530273
2021-04-27,2.7860000133514404,2.875999927520752,2.7829999923706055,2.872999906539917
2021-04-28,2.872999906539917,2.936000108718872,2.868000030517578,2.924999952316284
2021-04-29,2.9509999752044678,2.9709999561309814,2.882999897003174,2.9110000133514404
2021-04-30,2.9059998989105225,2.9619998931884766,2.8910000324249268,2.930999994277954
2021-05-03,2.937999963760376,2.9749999046325684,2.9000000953674316,2.9660000801086426
2021-05-04,2.9609999656677246,3.000999927520752,2.931999921798706,2.9670000076293945
2021-05-05,2.9749999046325684,2.990999937057495,2.9130001068115234,2.937999963760376
2021-05-06,2.947999954223633,2.9709999561309814,2.9079999923706055,2.927999973297119
2021-05-07,2.930000066757202,2.989000082015991,2.9049999713897705,2.9579999446868896
2021-05-10,2.9700000286102295,2.9709999561309814,2.8980000019073486,2.931999921798706
2021-05-11,2.927000045776367,2.9700000286102295,2.88100004196167,2.9549999237060547
2021-05-12,2.953000068664551,2.98799991607666,2.9260001182556152,2.9690001010894775
2021-05-13,2.9830000400543213,2.997999906539917,2.937000036239624,2.9730000495910645
2021-05-14,2.9769999980926514,3.0160000324249268,2.944999933242798,2.9609999656677246
2021-05-17,3.0190000534057617,3.1500000953674316,3.0190000534057617,3.1089999675750732
2021-05-18,3.121000051498413,3.134999990463257,3.003000020980835,3.01200008392334
2021-05-19,3.009000062942505,3.015000104904175,2.940000057220459,2.9639999866485596
2021-05-20,2.9619998931884766,2.984999895095825,2.9070000648498535,2.924999952316284
2021-05-21,2.947999954223633,2.9830000400543213,2.8940000534057617,2.9059998989105225
2021-05-24,2.8499999046325684,2.8940000534057617,2.8320000171661377,2.885999917984009
2021-05-25,2.885999917984009,2.940000057220459,2.872999906539917,2.9130001068115234
2021-05-26,2.946000099182129,3.0280001163482666,2.924999952316284,2.9839999675750732
2021-05-27,3.0209999084472656,3.0239999294281006,2.9140000343322754,2.9579999446868896
2021-05-28,2.9630000591278076,3.0420000553131104,2.9549999237060547,2.9860000610351562
2021-06-01,3.0360000133514404,3.1500000953674316,3.015000104904175,3.1040000915527344
2021-06-02,3.0929999351501465,3.125999927520752,3.049999952316284,3.075000047683716
2021-06-03,3.072999954223633,3.0899999141693115,3.0320000648498535,3.0409998893737793
2021-06-04,3.062999963760376,3.121000051498413,3.009999990463257,3.0969998836517334
2021-06-07,3.1089999675750732,3.115000009536743,3.0329999923706055,3.069999933242798
2021-06-08,3.0920000076293945,3.197999954223633,3.0920000076293945,3.128000020980835
2021-06-09,3.128000020980835,3.1679999828338623,3.1059999465942383,3.128999948501587
2021-06-10,3.1540000438690186,3.200000047683716,3.13100004196167,3.1489999294281006
2021-06-11,3.1530001163482666,3.3299999237060547,3.1489999294281006,3.2960000038146973
2021-06-14,3.315000057220459,3.364000082015991,3.2730000019073486,3.3519999980926514
2021-06-15,3.3510000705718994,3.36899995803833,3.2130000591278076,3.240000009536743
2021-06-16,3.2219998836517334,3.2739999294281006,3.187000036239624,3.250999927520752
2021-06-17,3.24399995803833,3.2639999389648438,3.187000036239624,3.253000020980835
2021-06-18,3.2179999351501465,3.257999897003174,3.1659998893737793,3.2149999141693115
2021-06-21,3.2060000896453857,3.2139999866485596,3.13700008392334,3.190999984741211
2021-06-22,3.197999954223633,3.2809998989105225,3.187999963760376,3.257999897003174
2021-06-23,3.256999969482422,3.382999897003174,3.25,3.3329999446868896
2021-06-24,3.315999984741211,3.441999912261963,3.3010001182556152,3.4179999828338623
2021-06-25,3.424999952316284,3.510999917984009,3.4149999618530273,3.496000051498413
2021-06-28,3.502000093460083,3.63100004196167,3.484999895095825,3.617000102996826
2021-06-29,3.5829999446868896,3.811000108718872,3.571000099182129,3.630000114440918
2021-06-30,3.6510000228881836,3.813999891281128,3.6040000915527344,3.6500000953674316
2021-07-01,3.746000051498413,3.7639999389648438,3.5910000801086426,3.6610000133514404
2021-07-02,3.6630001068115234,3.740999937057495,3.5980000495910645,3.700000047683716
2021-07-06,3.7039999961853027,3.822000026702881,3.6080000400543213,3.63700008392334
2021-07-07,3.6730000972747803,3.7070000171661377,3.5199999809265137,3.5959999561309814
2021-07-08,3.5789999961853027,3.7200000286102295,3.5399999618530273,3.687999963760376
2021-07-09,3.686000108718872,3.742000102996826,3.6570000648498535,3.6740000247955322
2021-07-12,3.6730000972747803,3.763000011444092,3.622999906539917,3.749000072479248
2021-07-13,3.74399995803833,3.7690000534057617,3.6730000972747803,3.696000099182129
2021-07-14,3.694000005722046,3.755000114440918,3.624000072479248,3.6600000858306885
2021-07-15,3.6700000762939453,3.686000108718872,3.6050000190734863,3.614000082015991
2021-07-16,3.617000102996826,3.687999963760376,3.5840001106262207,3.6740000247955322
2021-07-19,3.703000068664551,3.7880001068115234,3.686000108718872,3.7790000438690186
2021-07-20,3.7720000743865967,3.934000015258789,3.740000009536743,3.875999927520752
2021-07-21,3.927000045776367,3.9649999141693115,3.8910000324249268,3.9590001106262207
2021-07-22,3.921999931335449,4.00600004196167,3.875999927520752,4.002999782562256
2021-07-23,3.996000051498413,4.071000099182129,3.9760000705718994,4.059999942779541
2021-07-26,4.025000095367432,4.186999797821045,4.010000228881836,4.1020002365112305
2021-07-27,4.09499979019165,4.113999843597412,3.934000015258789,3.9709999561309814
2021-07-28,3.947000026702881,4.064000129699707,3.874000072479248,4.044000148773193
2021-07-29,3.940999984741211,4.0970001220703125,3.927000045776367,4.059000015258789
2021-07-30,4.051000118255615,4.054999828338623,3.8550000190734863,3.9140000343322754
2021-08-02,3.9730000495910645,4.041999816894531,3.927999973297119,3.934999942779541
2021-08-03,3.9590001106262207,4.077000141143799,3.9149999618530273,4.0269999504089355
2021-08-04,4.065999984741211,4.204999923706055,4.056000232696533,4.1579999923706055
2021-08-05,4.1519999504089355,4.204999923706055,4.116000175476074,4.139999866485596
2021-08-06,4.158999919891357,4.190999984741211,4.0980000495910645,4.139999866485596
2021-08-09,4.168000221252441,4.184999942779541,4.001999855041504,4.059999942779541
2021-08-10,4.039000034332275,4.125999927520752,4.015999794006348,4.089000225067139
2021-08-11,4.110000133514404,4.129000186920166,3.9790000915527344,4.059000015258789
2021-08-12,4.057000160217285,4.066999912261963,3.9000000953674316,3.933000087738037
2021-08-13,3.9149999618530273,3.953000068664551,3.8459999561309814,3.8610000610351562
2021-08-16,3.8329999446868896,3.98799991607666,3.816999912261963,3.946000099182129
2021-08-17,3.937999963760376,3.9539999961853027,3.802999973297119,3.8369998931884766
2021-08-18,3.8259999752044678,3.875,3.7890000343322754,3.8519999980926514
2021-08-19,3.8259999752044678,3.88100004196167,3.7339999675750732,3.8299999237060547
2021-08-20,3.86299991607666,3.9509999752044678,3.8329999446868896,3.8510000705718994
2021-08-23,3.861999988555908,3.953000068664551,3.8380000591278076,3.944999933242798
2021-08-24,3.928999900817871,3.9700000286102295,3.884000062942505,3.8959999084472656
2021-08-25,3.9000000953674316,3.990999937057495,3.8580000400543213,3.8970000743865967
2021-08-26,3.9170000553131104,4.2170000076293945,3.8959999084472656,4.184000015258789
2021-08-27,4.202000141143799,4.396999835968018,4.197000026702881,4.369999885559082
2021-08-30,4.499000072479248,4.526000022888184,4.2220001220703125,4.304999828338623
2021-08-31,4.311999797821045,4.416999816894531,4.215000152587891,4.376999855041504
2021-09-01,4.4029998779296875,4.705999851226807,4.377999782562256,4.614999771118164
2021-09-02,4.638999938964844,4.7270002365112305,4.577000141143799,4.640999794006348
2021-09-03,4.626999855041504,4.7179999351501465,4.585999965667725,4.711999893188477
2021-09-07,4.710000038146973,4.77400016784668,4.557000160217285,4.567999839782715
2021-09-08,4.5980000495910645,5.010000228881836,4.585000038146973,4.914000034332275
2021-09-09,4.916999816894531,5.046999931335449,4.820000171661377,5.031000137329102
2021-09-10,5.001999855041504,5.058000087738037,4.913000106811523,4.938000202178955
2021-09-13,4.945000171661377,5.289000034332275,4.879000186920166,5.230999946594238
2021-09-14,5.198999881744385,5.36899995803833,5.171000003814697,5.260000228881836
2021-09-15,5.28000020980835,5.650000095367432,5.265999794006348,5.460000038146973
2021-09-16,5.409999847412109,5.599999904632568,5.228000164031982,5.335000038146973
2021-09-17,5.269999980926514,5.394000053405762,5.044000148773193,5.105000019073486
2021-09-20,5.014999866485596,5.171999931335449,4.90500020980835,4.985000133514404
2021-09-21,4.961999893188477,5.046000003814697,4.735000133514404,4.804999828338623
2021-09-22,4.810999870300293,4.8979997634887695,4.74399995803833,4.804999828338623
2021-09-23,4.757999897003174,5.0370001792907715,4.741000175476074,4.97599983215332
2021-09-24,5.035999774932861,5.183000087738037,4.989999771118164,5.139999866485596
2021-09-27,5.190999984741211,5.85099983215332,5.176000118255615,5.705999851226807
2021-09-28,5.800000190734863,6.28000020980835,5.6020002365112305,5.841000080108643
2021-09-29,5.85699987411499,5.954999923706055,5.421000003814697,5.4770002365112305
2021-09-30,5.456999778747559,5.99399995803833,5.341000080108643,5.867000102996826
2021-10-01,5.974999904632568,6.010000228881836,5.5329999923706055,5.61899995803833
2021-10-04,5.627999782562256,6.064000129699707,5.627999782562256,5.765999794006348
2021-10-05,5.829999923706055,6.392000198364258,5.789999961853027,6.311999797821045
2021-10-06,6.321000099182129,6.466000080108643,5.663000106811523,5.675000190734863
2021-10-07,5.710000038146973,5.835000038146973,5.39300012588501,5.677000045776367
2021-10-08,5.761000156402588,5.875999927520752,5.547999858856201,5.565000057220459
2021-10-11,5.695000171661377,5.798999786376953,5.308000087738037,5.34499979019165
2021-10-12,5.4079999923706055,5.5229997634887695,5.168000221252441,5.505000114440918
2021-10-13,5.455999851226807,5.692999839782715,5.349999904632568,5.590000152587891
2021-10-14,5.676000118255615,5.964000225067139,5.604000091552734,5.686999797821045
2021-10-15,5.640999794006348,5.789000034332275,5.400000095367432,5.409999847412109
2021-10-18,5.298999786376953,5.369999885559082,4.954999923706055,4.988999843597412
2021-10-19,4.985000133514404,5.099999904632568,4.824999809265137,5.0879998207092285
2021-10-20,5.065999984741211,5.2210001945495605,4.9120001792907715,5.170000076293945
2021-10-21,5.151000022888184,5.2270002365112305,5.00600004196167,5.114999771118164
2021-10-22,5.196000099182129,5.379000186920166,5.120999813079834,5.28000020980835
2021-10-25,5.4679999351501465,6.007999897003174,5.461999893188477,5.8979997634887695
2021-10-26,5.959000110626221,6.091000080108643,5.59499979019165,5.881999969482422
2021-10-27,5.857999801635742,6.290999889373779,5.769999980926514,6.202000141143799
2021-10-28,6.138000011444092,6.205999851226807,5.7129998207092285,5.7820000648498535
2021-10-29,5.73199987411499,5.836999893188477,5.401000022888184,5.426000118255615
2021-11-01,5.309999942779541,5.497000217437744,5.116000175476074,5.185999870300293
2021-11-02,5.21999979019165,5.565000057220459,5.205999851226807,5.541999816894531
2021-11-03,5.552999973297119,5.864999771118164,5.465000152587891,5.670000076293945
2021-11-04,5.860000133514404,5.875999927520752,5.534999847412109,5.716000080108643
2021-11-05,5.670000076293945,5.760000228881836,5.500999927520752,5.515999794006348
2021-11-08,5.605000019073486,5.663000106811523,5.380000114440918,5.427000045776367
2021-11-09,5.409999847412109,5.4670000076293945,4.909999847412109,4.979000091552734
2021-11-10,4.961999893188477,5.046000003814697,4.724999904632568,4.880000114440918
2021-11-11,4.916999816894531,5.176000118255615,4.888999938964844,5.14900016784668
2021-11-12,5.129000186920166,5.140999794006348,4.751999855041504,4.790999889373779
2021-11-15,4.9029998779296875,5.065000057220459,4.7129998207092285,5.017000198364258
2021-11-16,5.058000087738037,5.394000053405762,5.02400016784668,5.177000045776367
2021-11-17,5.158999919891357,5.164999961853027,4.800000190734863,4.815999984741211
2021-11-18,4.895999908447266,5.0320000648498535,4.829999923706055,4.9019999504089355
2021-11-19,4.894999980926514,5.156000137329102,4.8379998207092285,5.065000057220459
2021-11-22,4.909999847412109,4.956999778747559,4.6479997634887695,4.789000034332275
2021-11-23,4.796000003814697,5.081999778747559,4.756999969482422,4.9670000076293945
2021-11-24,4.992000102996826,5.150000095367432,4.880000114440918,5.067999839782715
2021-11-26,5.025000095367432,5.561999797821045,4.982999801635742,5.447000026702881
2021-11-29,5.198999881744385,5.199999809265137,4.817999839782715,4.854000091552734
2021-11-30,4.873000144958496,4.900000095367432,4.48199987411499,4.566999912261963
2021-12-01,4.605999946594238,4.664000034332275,4.21999979019165,4.257999897003174
2021-12-02,4.264999866485596,4.335000038146973,4.041999816894531,4.056000232696533
2021-12-03,4.105000019073486,4.284999847412109,4.065999984741211,4.131999969482422
2021-12-06,3.8259999752044678,3.885999917984009,3.630000114440918,3.6570000648498535
2021-12-07,3.680000066757202,3.8289999961853027,3.6570000648498535,3.7079999446868896
2021-12-08,3.7339999675750732,3.930999994277954,3.7230000495910645,3.815000057220459
2021-12-09,3.818000078201294,3.9240000247955322,3.7249999046325684,3.813999891281128
2021-12-10,3.7980000972747803,3.9649999141693115,3.759999990463257,3.924999952316284
2021-12-13,3.9749999046325684,4.085000038146973,3.7699999809265137,3.7939999103546143
2021-12-14,3.802000045776367,3.8399999141693115,3.686000108718872,3.746999979019165
2021-12-15,3.7850000858306885,3.9260001182556152,3.7660000324249268,3.802000045776367
2021-12-16,3.813999891281128,3.9760000705718994,3.7290000915527344,3.7660000324249268
2021-12-17,3.7829999923706055,3.813999891281128,3.617000102996826,3.690000057220459
2021-12-20,3.6449999809265137,3.9240000247955322,3.6419999599456787,3.8340001106262207
2021-12-21,3.8399999141693115,3.947000026702881,3.7190001010894775,3.86899995803833
2021-12-22,3.869999885559082,4.040999889373779,3.815999984741211,3.9760000705718994
2021-12-23,3.9700000286102295,4.00600004196167,3.5989999771118164,3.7309999465942383
2021-12-27,3.9579999446868896,4.086999893188477,3.7669999599456787,4.059999942779541
2021-12-28,4.065000057220459,4.1539998054504395,3.9549999237060547,4.054999828338623
2021-12-29,4.079999923706055,4.261000156402588,3.9049999713897705,4.02400016784668
2021-12-30,3.8529999256134033,3.9660000801086426,3.5360000133514404,3.561000108718872
2021-12-31,3.5889999866485596,3.7939999103546143,3.572000026702881,3.7300000190734863
2022-01-03,3.7019999027252197,3.8580000400543213,3.638000011444092,3.815000057220459
2022-01-04,3.816999912261963,3.944000005722046,3.7090001106262207,3.7170000076293945
2022-01-05,3.746999979019165,3.8970000743865967,3.7170000076293945,3.881999969482422
2022-01-06,3.8420000076293945,3.930999994277954,3.8010001182556152,3.812000036239624
2022-01-07,3.859999895095825,3.9800000190734863,3.799999952316284,3.9159998893737793
2022-01-10,4.144000053405762,4.2129998207092285,3.9769999980926514,4.078999996185303
2022-01-11,4.11899995803833,4.261000156402588,4.006999969482422,4.249000072479248
2022-01-12,4.224999904632568,4.879000186920166,4.185999870300293,4.85699987411499
2022-01-13,4.790999889373779,4.843999862670898,4.244999885559082,4.269999980926514
2022-01-14,4.263000011444092,4.304999828338623,4.0970001220703125,4.26200008392334
2022-01-18,4.355999946594238,4.389999866485596,4.216000080108643,4.2829999923706055
2022-01-19,4.327000141143799,4.385000228881836,4.010000228881836,4.031000137329102
2022-01-20,4.014999866485596,4.0370001792907715,3.7809998989105225,3.802000045776367
2022-01-21,3.8380000591278076,4.044000148773193,3.8329999446868896,3.999000072479248
2022-01-24,3.9149999618530273,4.067999839782715,3.875999927520752,4.0269999504089355
2022-01-25,3.9590001106262207,4.078999996185303,3.8889999389648438,4.052999973297119
2022-01-26,4.039999961853027,4.389999866485596,4.011000156402588,4.2769999504089355
2022-01-27,4.230000019073486,7.3460001945495605,4.230000019073486,6.264999866485596
2022-01-28,4.3420000076293945,4.875999927520752,4.285999774932861,4.638999938964844
2022-01-31,4.867000102996826,5.057000160217285,4.695000171661377,4.874000072479248
2022-02-01,4.921000003814697,4.973999977111816,4.619999885559082,4.750999927520752
2022-02-02,4.89300012588501,5.572000026702881,4.85699987411499,5.500999927520752
2022-02-03,5.420000076293945,5.453999996185303,4.815999984741211,4.888000011444092
2022-02-04,4.928999900817871,5.086999893188477,4.486999988555908,4.572000026702881
2022-02-07,4.383999824523926,4.4679999351501465,4.119999885559082,4.23199987411499
2022-02-08,4.276000022888184,4.38100004196167,4.172999858856201,4.248000144958496
2022-02-09,4.210999965667725,4.258999824523926,3.9830000400543213,4.008999824523926
2022-02-10,4.034999847412109,4.067999839782715,3.881999969482422,3.9590001106262207
2022-02-11,3.944000005722046,4.056000232696533,3.875999927520752,3.940999984741211
2022-02-14,4.103000164031982,4.229000091552734,4.039999961853027,4.195000171661377
2022-02-15,4.183000087738037,4.427999973297119,4.1570000648498535,4.306000232696533
2022-02-16,4.39300012588501,4.739999771118164,4.369999885559082,4.7170000076293945
2022-02-17,4.642000198364258,4.793000221252441,4.4019999504089355,4.486000061035156
2022-02-18,4.517000198364258,4.6539998054504395,4.370999813079834,4.431000232696533
2022-02-22,4.593999862670898,4.861000061035156,4.447999954223633,4.498000144958496
2022-02-23,4.504000186920166,4.703999996185303,4.452000141143799,4.623000144958496
2022-02-24,4.603000164031982,4.940000057220459,4.293000221252441,4.567999839782715
2022-02-25,4.572999954223633,4.716000080108643,4.416999816894531,4.46999979019165
2022-02-28,4.619999885559082,4.683000087738037,4.366000175476074,4.4019999504089355
2022-03-01,4.4079999923706055,4.626999855041504,4.340000152587891,4.572999954223633
2022-03-02,4.599999904632568,4.910999774932861,4.599999904632568,4.76200008392334
2022-03-03,4.795000076293945,4.935999870300293,4.627999782562256,4.7220001220703125
2022-03-04,4.75,5.045000076293945,4.728000164031982,5.015999794006348
2022-03-07,5.040999889373779,5.184000015258789,4.781000137329102,4.833000183105469
2022-03-08,4.817999839782715,4.881999969482422,4.506999969482422,4.5269999504089355
2022-03-09,4.568999767303467,4.625,4.449999809265137,4.526000022888184
2022-03-10,4.519999980926514,4.671000003814697,4.499000072479248,4.63100004196167
2022-03-11,4.6570000648498535,4.796999931335449,4.622000217437744,4.724999904632568
2022-03-14,4.704999923706055,4.758999824523926,4.50600004196167,4.6579999923706055
2022-03-15,4.678999900817871,4.682000160217285,4.459000110626221,4.567999839782715
2022-03-16,4.625,4.776000022888184,4.593999862670898,4.748000144958496
2022-03-17,4.747000217437744,5.000999927520752,4.690999984741211,4.989999771118164
2022-03-18,4.929999828338623,4.956999778747559,4.810999870300293,4.86299991607666
2022-03-21,4.908999919891357,4.97599983215332,4.748000144958496,4.900000095367432
2022-03-22,4.947999954223633,5.203999996185303,4.876999855041504,5.186999797821045
2022-03-23,5.146999835968018,5.329999923706055,5.0920000076293945,5.23199987411499
2022-03-24,5.114999771118164,5.464000225067139,5.063000202178955,5.401000022888184
2022-03-25,5.401000022888184,5.577000141143799,5.34499979019165,5.571000099182129
2022-03-28,5.551000118255615,5.6519999504089355,5.419000148773193,5.507999897003174
2022-03-29,5.453000068664551,5.491000175476074,5.255000114440918,5.335999965667725
2022-03-30,5.328999996185303,5.624000072479248,5.269999980926514,5.605000019073486
2022-03-31,5.574999809265137,5.831999778747559,5.453999996185303,5.642000198364258
2022-04-01,5.626999855041504,5.7779998779296875,5.505000114440918,5.71999979019165
2022-04-04,5.744999885559082,5.85699987411499,5.650000095367432,5.711999893188477
2022-04-05,5.7820000648498535,6.201000213623047,5.770999908447266,6.0320000648498535
2022-04-06,6.078000068664551,6.394000053405762,6.0,6.0289998054504395
2022-04-07,6.116000175476074,6.440000057220459,6.0,6.359000205993652
2022-04-08,6.410999774932861,6.538000106811523,6.256999969482422,6.2779998779296875
2022-04-11,6.394000053405762,6.7220001220703125,6.247000217437744,6.64300012588501
2022-04-12,6.704999923706055,6.947000026702881,6.599999904632568,6.679999828338623
2022-04-13,6.703999996185303,7.091000080108643,6.6519999504089355,6.997000217437744
2022-04-14,7.046000003814697,7.3460001945495605,6.949999809265137,7.300000190734863
2022-04-18,7.367000102996826,8.0649995803833,7.364999771118164,7.820000171661377
2022-04-19,7.776000022888184,7.939000129699707,6.953999996185303,7.176000118255615
2022-04-20,7.252999782562256,7.409999847412109,6.790999889373779,6.936999797821045
2022-04-21,6.824999809265137,7.145999908447266,6.703000068664551,6.956999778747559
2022-04-22,6.938000202178955,7.079999923706055,6.438000202178955,6.533999919891357
2022-04-25,6.414000034332275,6.966000080108643,6.34499979019165,6.669000148773193
2022-04-26,6.835999965667725,7.050000190734863,6.6620001792907715,6.849999904632568
2022-04-27,6.857999801635742,7.343999862670898,6.800000190734863,7.267000198364258
2022-04-28,7.394999980926514,7.421999931335449,6.879000186920166,6.888000011444092
2022-04-29,6.939000129699707,7.335000038146973,6.804999828338623,7.24399995803833
2022-05-02,7.4120001792907715,7.617000102996826,7.218999862670898,7.474999904632568
2022-05-03,7.539999961853027,8.168999671936035,7.539000034332275,7.953999996185303
2022-05-04,7.815000057220459,8.473999977111816,7.729000091552734,8.414999961853027
2022-05-05,8.354999542236328,8.913000106811523,8.116999626159668,8.782999992370605
2022-05-06,8.843000411987305,8.996000289916992,7.956999778747559,8.043000221252441
2022-05-09,7.8429999351501465,8.286999702453613,6.961999893188477,7.026000022888184
2022-05-10,7.03000020980835,7.4629998207092285,6.429999828338623,7.385000228881836
2022-05-11,7.311999797821045,7.7210001945495605,7.296000003814697,7.639999866485596
2022-05-12,7.63700008392334,7.789999961853027,7.255000114440918,7.738999843597412
2022-05-13,7.672999858856201,7.919000148773193,7.514999866485596,7.663000106811523
2022-05-16,7.699999809265137,8.182999610900879,7.663000106811523,7.955999851226807
2022-05-17,8.015999794006348,8.371999740600586,8.015000343322754,8.303999900817871
2022-05-18,8.317999839782715,8.54800033569336,8.15999984741211,8.368000030517578
2022-05-19,8.239999771118164,8.5,7.90500020980835,8.307999610900879
2022-05-20,8.112000465393066,8.189000129699707,7.836999893188477,8.083000183105469
2022-05-23,8.079000473022461,8.821999549865723,7.85099983215332,8.744000434875488
2022-05-24,8.72700023651123,8.930000305175781,8.604999542236328,8.795999526977539
2022-05-25,8.831000328063965,9.39900016784668,8.765000343322754,8.970999717712402
2022-05-26,8.984000205993652,9.401000022888184,8.78499984741211,8.907999992370605
2022-05-27,8.810999870300293,8.895000457763672,8.28499984741211,8.72700023651123
2022-05-31,8.87399959564209,8.916000366210938,8.118000030517578,8.145000457763672
2022-06-01,8.270999908447266,8.791000366210938,8.145999908447266,8.696000099182129
2022-06-02,8.782999992370605,9.057000160217285,8.376999855041504,8.484999656677246
2022-06-03,8.411999702453613,8.692999839782715,8.267000198364258,8.52299976348877
2022-06-06,8.75,9.399999618530273,8.732000350952148,9.321999549865723
2022-06-07,9.359000205993652,9.543999671936035,9.199999809265137,9.293000221252441
2022-06-08,9.335000038146973,9.663999557495117,8.427000045776367,8.699000358581543
2022-06-09,8.628999710083008,9.03600025177002,8.015999794006348,8.963000297546387
2022-06-10,8.996999740600586,9.14900016784668,8.621999740600586,8.850000381469727
2022-06-13,8.920000076293945,8.949999809265137,8.381999969482422,8.609000205993652
2022-06-14,8.685999870300293,8.888999938964844,7.007999897003174,7.189000129699707
2022-06-15,7.269000053405762,7.697999954223633,7.201000213623047,7.420000076293945
2022-06-16,7.539999961853027,8.027000427246094,7.329999923706055,7.464000225067139
2022-06-17,7.453999996185303,7.5879998207092285,6.88100004196167,6.943999767303467
2022-06-21,6.800000190734863,6.97599983215332,6.553999900817871,6.808000087738037
2022-06-22,6.843999862670898,6.929999828338623,6.574999809265137,6.857999801635742
2022-06-23,6.828999996185303,6.840000152587891,6.175000190734863,6.238999843597412
2022-06-24,6.228000164031982,6.336999893188477,6.020999908447266,6.21999979019165
2022-06-27,6.125999927520752,6.538000106811523,6.010000228881836,6.500999927520752
2022-06-28,6.448999881744385,6.764999866485596,6.386000156402588,6.551000118255615
2022-06-29,6.631999969482422,6.833000183105469,6.40500020980835,6.498000144958496
2022-06-30,6.427999973297119,6.6020002365112305,5.35699987411499,5.423999786376953
2022-07-01,5.701000213623047,5.949999809265137,5.590000152587891,5.730000019073486
2022-07-05,5.711999893188477,5.9070000648498535,5.324999809265137,5.5229997634887695
2022-07-06,5.460000038146973,5.736999988555908,5.380000114440918,5.510000228881836
2022-07-07,5.539000034332275,6.38100004196167,5.48799991607666,6.296999931335449
2022-07-08,6.188000202178955,6.304999828338623,6.01200008392334,6.033999919891357
2022-07-11,6.446000099182129,6.689000129699707,6.23199987411499,6.426000118255615
2022-07-12,6.525000095367432,6.785999774932861,6.013999938964844,6.163000106811523
2022-07-13,6.251999855041504,6.797999858856201,6.201000213623047,6.689000129699707
2022-07-14,6.5980000495910645,6.8979997634887695,6.5370001792907715,6.599999904632568
2022-07-15,6.669000148773193,7.144000053405762,6.420000076293945,7.015999794006348
2022-07-18,7.168000221252441,7.553999900817871,7.078000068664551,7.479000091552734
2022-07-19,7.432000160217285,7.540999889373779,7.109000205993652,7.263999938964844
2022-07-20,7.311999797821045,8.039999961853027,7.173999786376953,8.006999969482422
2022-07-21,7.873000144958496,8.175999641418457,7.605999946594238,7.932000160217285
2022-07-22,7.892000198364258,8.416999816894531,7.75,8.298999786376953
2022-07-25,8.390000343322754,8.87399959564209,8.347000122070312,8.72700023651123
2022-07-26,8.814000129699707,9.751999855041504,8.75,8.993000030517578
2022-07-27,8.880999565124512,9.137999534606934,8.487000465393066,8.687000274658203
2022-07-28,8.579999923706055,8.845000267028809,8.102999687194824,8.133999824523926
2022-07-29,8.154999732971191,8.387999534606934,8.010000228881836,8.229000091552734
2022-08-01,7.909999847412109,8.29800033569336,7.752999782562256,8.282999992370605
2022-08-02,8.227999687194824,8.232999801635742,7.625,7.705999851226807
2022-08-03,7.671000003814697,8.479999542236328,7.550000190734863,8.265999794006348
2022-08-04,8.281000137329102,8.449999809265137,7.824999809265137,8.121999740600586
2022-08-05,8.151000022888184,8.248000144958496,7.8979997634887695,8.064000129699707
2022-08-08,7.875999927520752,7.916999816894531,7.5320000648498535,7.589000225067139
2022-08-09,7.665999889373779,7.888999938964844,7.623000144958496,7.833000183105469
2022-08-10,7.857999801635742,8.267000198364258,7.704999923706055,8.20199966430664
2022-08-11,8.222000122070312,8.994000434875488,8.178000450134277,8.87399959564209
2022-08-12,8.717000007629395,8.918999671936035,8.515999794006348,8.767999649047852
2022-08-15,8.678999900817871,8.935999870300293,8.402999877929688,8.727999687194824
2022-08-16,8.809000015258789,9.41100025177002,8.78499984741211,9.329000473022461
2022-08-17,9.362000465393066,9.677000045776367,9.121000289916992,9.244000434875488
2022-08-18,9.166000366210938,9.663000106811523,8.913000106811523,9.187999725341797
2022-08-19,9.201000213623047,9.395000457763672,8.869999885559082,9.336000442504883
2022-08-22,9.173999786376953,9.982000350952148,9.157999992370605,9.680000305175781
2022-08-23,9.817000389099121,10.027999877929688,9.050000190734863,9.192999839782715
2022-08-24,9.25,9.454999923706055,9.100000381469727,9.329999923706055
2022-08-25,9.23900032043457,9.418999671936035,9.175000190734863,9.375
2022-08-26,9.371999740600586,9.668000221252441,9.185999870300293,9.295999526977539
2022-08-29,9.670000076293945,9.682000160217285,9.034000396728516,9.352999687194824
2022-08-30,9.26200008392334,9.300000190734863,8.864999771118164,9.041999816894531
2022-08-31,9.081999778747559,9.284000396728516,8.814000129699707,9.126999855041504
2022-09-01,9.133000373840332,9.394000053405762,9.010000228881836,9.26200008392334
2022-09-02,9.1899995803833,9.239999771118164,8.619000434875488,8.78600025177002
2022-09-06,9.027999877929688,9.12600040435791,7.822999954223633,8.145000457763672
2022-09-07,8.038999557495117,8.298999786376953,7.750999927520752,7.8420000076293945
2022-09-08,7.841000080108643,8.064000129699707,7.771999835968018,7.914999961853027
2022-09-09,7.974999904632568,8.204999923706055,7.888000011444092,7.995999813079834
2022-09-12,8.026000022888184,8.406000137329102,7.855000019073486,8.24899959564209
2022-09-13,8.380999565124512,8.456000328063965,8.154999732971191,8.284000396728516
2022-09-14,8.390999794006348,9.23799991607666,8.324999809265137,9.11400032043457
2022-09-15,9.072999954223633,9.116999626159668,8.204000473022461,8.324000358581543
2022-09-16,8.29800033569336,8.319000244140625,7.7170000076293945,7.763999938964844
2022-09-19,7.736999988555908,7.922999858856201,7.4039998054504395,7.751999855041504
2022-09-20,7.863999843597412,7.985000133514404,7.646999835968018,7.7170000076293945
2022-09-21,7.735000133514404,8.123000144958496,7.559999942779541,7.7789998054504395
2022-09-22,7.730999946594238,7.776000022888184,7.060999870300293,7.089000225067139
2022-09-23,7.182000160217285,7.2820000648498535,6.736999988555908,6.828000068664551
2022-09-26,6.843999862670898,6.96999979019165,6.526000022888184,6.9029998779296875
2022-09-27,6.935999870300293,7.119999885559082,6.617000102996826,6.651000022888184
2022-09-28,6.665999889373779,6.901000022888184,6.455999851226807,6.868000030517578
2022-09-29,7.0289998054504395,7.138999938964844,6.598999977111816,6.874000072479248
2022-09-30,6.894999980926514,7.044000148773193,6.704999923706055,6.765999794006348
2022-10-03,6.800000190734863,6.828999996185303,6.304999828338623,6.46999979019165
2022-10-04,6.526000022888184,6.886000156402588,6.309999942779541,6.836999893188477
2022-10-05,6.829999923706055,7.021999835968018,6.626999855041504,6.929999828338623
2022-10-06,6.921000003814697,7.188000202178955,6.855999946594238,6.9720001220703125
2022-10-07,6.855999946594238,6.926000118255615,6.599999904632568,6.748000144958496
2022-10-10,6.646999835968018,6.901000022888184,6.410999774932861,6.434999942779541
2022-10-11,6.51200008392334,6.671000003814697,6.361999988555908,6.5960001945495605
2022-10-12,6.60099983215332,6.802999973297119,6.39900016784668,6.434999942779541
2022-10-13,6.439000129699707,6.7769999504089355,6.336999893188477,6.741000175476074
2022-10-14,6.684000015258789,6.742000102996826,6.408999919891357,6.453000068664551
2022-10-17,6.263000011444092,6.314000129699707,5.9120001792907715,5.999000072479248
2022-10-18,5.978000164031982,6.09499979019165,5.672999858856201,5.744999885559082
2022-10-19,5.685999870300293,5.783999919891357,5.427000045776367,5.461999893188477
2022-10-20,5.455999851226807,5.565000057220459,5.252999782562256,5.357999801635742
2022-10-21,5.322000026702881,5.375,4.9029998779296875,4.959000110626221
2022-10-24,4.96999979019165,5.258999824523926,4.75,5.198999881744385
2022-10-25,5.186999797821045,5.739999771118164,5.11899995803833,5.61299991607666
2022-10-26,5.729000091552734,5.748000144958496,5.3470001220703125,5.605999946594238
2022-10-27,5.703000068664551,5.703000068664551,4.947999954223633,5.185999870300293
2022-10-28,5.8480000495910645,5.889999866485596,5.546999931335449,5.684000015258789
2022-10-31,5.831999778747559,6.400000095367432,5.822999954223633,6.355000019073486
2022-11-01,6.269999980926514,6.309000015258789,5.613999843597412,5.714000225067139
2022-11-02,5.828999996185303,6.302999973297119,5.7870001792907715,6.26800012588501
2022-11-03,6.202000141143799,6.2179999351501465,5.874000072479248,5.974999904632568
2022-11-04,5.934999942779541,6.510000228881836,5.89300012588501,6.400000095367432
2022-11-07,6.980000019073486,7.2210001945495605,6.565999984741211,6.943999767303467
2022-11-08,6.686999797821045,6.822999954223633,6.061999797821045,6.138000011444092
2022-11-09,6.190000057220459,6.349999904632568,5.715000152587891,5.864999771118164
2022-11-10,5.949999809265137,6.26200008392334,5.763999938964844,6.238999843597412
2022-11-11,6.164999961853027,6.505000114440918,5.775000095367432,5.879000186920166
2022-11-14,6.11899995803833,6.415999889373779,5.889999866485596,5.933000087738037
2022-11-15,6.065000057220459,6.203000068664551,5.841000080108643,6.033999919891357
2022-11-16,6.138000011444092,6.25,5.7270002365112305,6.199999809265137
2022-11-17,6.204999923706055,6.546999931335449,6.1620001792907715,6.36899995803833
2022-11-18,6.382999897003174,6.474999904632568,6.045000076293945,6.302999973297119
2022-11-21,6.333000183105469,6.836999893188477,6.144999980926514,6.776000022888184
2022-11-22,6.703000068664551,6.97599983215332,6.456999778747559,6.7789998054504395
2022-11-23,6.900000095367432,7.604000091552734,6.88700008392334,7.308000087738037
2022-11-25,7.331999778747559,7.400000095367432,6.800000190734863,7.02400016784668
2022-11-28,6.869999885559082,6.980000019073486,6.5,6.711999893188477
2022-11-29,7.318999767303467,7.421000003814697,7.0920000076293945,7.235000133514404
2022-11-30,7.263999938964844,7.304999828338623,6.806000232696533,6.929999828338623
2022-12-01,6.966000080108643,7.2129998207092285,6.708000183105469,6.73799991607666
2022-12-02,6.828999996185303,6.839000225067139,6.2210001945495605,6.281000137329102
2022-12-05,5.900000095367432,6.052000045776367,5.556000232696533,5.577000141143799
2022-12-06,5.642000198364258,5.673999786376953,5.336999893188477,5.468999862670898
2022-12-07,5.388000011444092,5.849999904632568,5.382999897003174,5.7230000495910645
2022-12-08,5.814000129699707,6.164000034332275,5.769999980926514,5.961999893188477
2022-12-09,5.929999828338623,6.390999794006348,5.794000148773193,6.244999885559082
2022-12-12,6.949999809265137,7.058000087738037,6.486999988555908,6.586999893188477
2022-12-13,6.533999919891357,7.105000019073486,6.499000072479248,6.934999942779541
2022-12-14,6.951000213623047,6.960999965667725,6.336999893188477,6.429999828338623
2022-12-15,6.370999813079834,7.035999774932861,6.357999801635742,6.96999979019165
2022-12-16,6.888000011444092,6.888000011444092,6.218999862670898,6.599999904632568
2022-12-19,6.1539998054504395,6.275000095367432,5.764999866485596,5.85099983215332
2022-12-20,5.831999778747559,5.906000137329102,5.25600004196167,5.326000213623047
2022-12-21,5.388999938964844,5.609000205993652,5.264999866485596,5.331999778747559
2022-12-22,5.465000152587891,5.6529998779296875,4.974999904632568,4.999000072479248
2022-12-23,5.0929999351501465,5.244999885559082,4.824999809265137,5.078999996185303
2022-12-27,5.2829999923706055,5.367000102996826,5.080999851226807,5.2820000648498535
2022-12-28,5.183000087738037,5.183000087738037,4.5879998207092285,4.709000110626221
2022-12-29,4.767000198364258,4.789999961853027,4.421999931335449,4.559000015258789
2022-12-30,4.558000087738037,4.614999771118164,4.377999782562256,4.474999904632568
2023-01-03,4.39300012588501,4.394000053405762,3.8940000534057617,3.98799991607666
2023-01-04,4.007999897003174,4.218999862670898,3.9000000953674316,4.171999931335449
2023-01-05,4.15500020980835,4.175000190734863,3.6510000228881836,3.7200000286102295
2023-01-06,3.7639999389648438,3.8389999866485596,3.5199999809265137,3.7100000381469727
2023-01-09,3.809999942779541,4.127999782562256,3.7809998989105225,3.9100000858306885
2023-01-10,3.9110000133514404,3.9110000133514404,3.5460000038146973,3.6389999389648438
2023-01-11,3.575000047683716,3.7769999504089355,3.421999931335449,3.6710000038146973
2023-01-12,3.694000005722046,3.946000099182129,3.6070001125335693,3.694999933242798
2023-01-13,3.677000045776367,3.759999990463257,3.384000062942505,3.4189999103546143
2023-01-17,3.556999921798706,3.7890000343322754,3.5209999084472656,3.5859999656677246
2023-01-18,3.628000020980835,3.6440000534057617,3.2739999294281006,3.311000108718872
2023-01-19,3.2929999828338623,3.3959999084472656,3.186000108718872,3.2750000953674316
2023-01-20,3.203000068664551,3.3889999389648438,3.0910000801086426,3.1740000247955322
2023-01-23,3.450000047683716,3.563999891281128,3.243000030517578,3.447000026702881
2023-01-24,3.450000047683716,3.5950000286102295,3.2239999771118164,3.257999897003174
2023-01-25,3.242000102996826,3.250999927520752,2.992000102996826,3.066999912261963
2023-01-26,3.003000020980835,3.003000020980835,2.760999917984009,2.944000005722046
2023-01-27,2.875999927520752,3.1760001182556152,2.8320000171661377,3.1089999675750732
2023-01-30,2.7200000286102295,2.7730000019073486,2.611999988555908,2.677000045776367
2023-01-31,2.684999942779541,2.753000020980835,2.614000082015991,2.684000015258789
2023-02-01,2.7300000190734863,2.7799999713897705,2.4630000591278076,2.4679999351501465
2023-02-02,2.503999948501587,2.5969998836517334,2.430999994277954,2.4560000896453857
2023-02-03,2.4570000171661377,2.515000104904175,2.3410000801086426,2.4100000858306885
2023-02-06,2.421999931335449,2.5,2.365000009536743,2.4570000171661377
2023-02-07,2.499000072479248,2.615000009536743,2.4230000972747803,2.5840001106262207
2023-02-08,2.5989999771118164,2.6570000648498535,2.367000102996826,2.3959999084472656
2023-02-09,2.4110000133514404,2.5290000438690186,2.3499999046325684,2.430000066757202
2023-02-10,2.4639999866485596,2.5889999866485596,2.4100000858306885,2.5139999389648438
2023-02-13,2.5799999237060547,2.609999895095825,2.375999927520752,2.4049999713897705
2023-02-14,2.427000045776367,2.622999906539917,2.4149999618530273,2.566999912261963
2023-02-15,2.6029999256134033,2.6070001125335693,2.446000099182129,2.4709999561309814
2023-02-16,2.4639999866485596,2.559000015258789,2.3580000400543213,2.3889999389648438
2023-02-17,2.3910000324249268,2.4200000762939453,2.2200000286102295,2.2750000953674316
2023-02-21,2.2249999046325684,2.2950000762939453,2.056999921798706,2.072999954223633
2023-02-22,2.065999984741211,2.302000045776367,1.9670000076293945,2.1740000247955322
2023-02-23,2.1610000133514404,2.377000093460083,2.0950000286102295,2.313999891281128
2023-02-24,2.3450000286102295,2.5769999027252197,2.306999921798706,2.4509999752044678
2023-02-27,2.6500000953674316,2.740000009536743,2.553999900817871,2.7309999465942383
2023-02-28,2.7230000495910645,2.7880001068115234,2.568000078201294,2.746999979019165
2023-03-01,2.7690000534057617,2.8389999866485596,2.6640000343322754,2.811000108718872
2023-03-02,2.811000108718872,2.86299991607666,2.7100000381469727,2.765000104904175
2023-03-03,2.7890000343322754,3.0269999504089355,2.7720000743865967,3.009000062942505
2023-03-06,2.8299999237060547,2.8299999237060547,2.5320000648498535,2.572000026702881
2023-03-07,2.6029999256134033,2.697999954223633,2.50600004196167,2.687000036239624
2023-03-08,2.6619999408721924,2.694000005722046,2.5190000534057617,2.5510001182556152
2023-03-09,2.5899999141693115,2.6440000534057617,2.4649999141693115,2.5429999828338623
2023-03-10,2.49399995803833,2.562000036239624,2.424999952316284,2.430000066757202
2023-03-13,2.4260001182556152,2.632999897003174,2.3910000324249268,2.6059999465942383
2023-03-14,2.624000072479248,2.6740000247955322,2.5299999713897705,2.572999954223633
2023-03-15,2.5769999027252197,2.5950000286102295,2.384000062942505,2.438999891281128
2023-03-16,2.4830000400543213,2.553999900817871,2.428999900817871,2.5139999389648438
2023-03-17,2.5269999504089355,2.5339999198913574,2.3269999027252197,2.3380000591278076
2023-03-20,2.3469998836517334,2.427000045776367,2.2109999656677246,2.2230000495910645
2023-03-21,2.246000051498413,2.3580000400543213,2.127000093460083,2.3480000495910645
2023-03-22,2.322000026702881,2.3259999752044678,2.1519999504089355,2.1710000038146973
2023-03-23,2.2149999141693115,2.260999917984009,2.135999917984009,2.1540000438690186
2023-03-24,2.1530001163482666,2.23799991607666,2.1410000324249268,2.2160000801086426
2023-03-27,2.130000114440918,2.1429998874664307,2.059000015258789,2.0880000591278076
2023-03-28,2.0889999866485596,2.121999979019165,1.9980000257492065,2.0299999713897705
2023-03-29,2.0239999294281006,2.0829999446868896,1.944000005722046,1.9910000562667847
2023-03-30,2.183000087738037,2.190000057220459,2.0799999237060547,2.1040000915527344
2023-03-31,2.1070001125335693,2.240999937057495,2.0739998817443848,2.2160000801086426
2023-04-03,2.0850000381469727,2.1600000858306885,2.015000104904175,2.0969998836517334
2023-04-04,2.114000082015991,2.1659998893737793,2.0759999752044678,2.1059999465942383
2023-04-05,2.0959999561309814,2.197000026702881,2.065000057220459,2.1549999713897705
2023-04-06,2.1410000324249268,2.180999994277954,1.9919999837875366,2.010999917984009
2023-04-10,2.0190000534057617,2.2230000495910645,2.010999917984009,2.171999931335449
2023-04-11,2.181999921798706,2.246999979019165,2.125999927520752,2.186000108718872
2023-04-12,2.2209999561309814,2.2290000915527344,2.069000005722046,2.0929999351501465
2023-04-13,2.0840001106262207,2.130000114440918,1.9950000047683716,2.006999969482422
2023-04-14,2.015000104904175,2.131999969482422,1.9459999799728394,2.114000082015991
2023-04-17,2.1500000953674316,2.313999891281128,2.1459999084472656,2.2750000953674316
2023-04-18,2.2899999618530273,2.384999990463257,2.2290000915527344,2.365999937057495
2023-04-19,2.372999906539917,2.382999897003174,2.177000045776367,2.2219998836517334
2023-04-20,2.178999900817871,2.2709999084472656,2.140000104904175,2.249000072479248
2023-04-21,2.191999912261963,2.2739999294281006,2.1640000343322754,2.2330000400543213
2023-04-24,2.2200000286102295,2.2860000133514404,2.180999994277954,2.2730000019073486
2023-04-25,2.26200008392334,2.312000036239624,2.1700000762939453,2.306999921798706
2023-04-26,2.239000082015991,2.2739999294281006,2.1010000705718994,2.117000102996826
2023-04-27,2.313999891281128,2.375999927520752,2.2679998874664307,2.3550000190734863
2023-04-28,2.3580000400543213,2.5290000438690186,2.2850000858306885,2.4100000858306885
2023-05-01,2.3980000019073486,2.4100000858306885,2.2899999618530273,2.318000078201294
2023-05-02,2.313999891281128,2.3450000286102295,2.186000108718872,2.2139999866485596
2023-05-03,2.2239999771118164,2.240999937057495,2.1029999256134033,2.1700000762939453
2023-05-04,2.1570000648498535,2.188999891281128,2.0810000896453857,2.1010000705718994
2023-05-05,2.0859999656677246,2.1670000553131104,2.0309998989105225,2.13700008392334
2023-05-08,2.1480000019073486,2.255000114440918,2.140000104904175,2.23799991607666
2023-05-09,2.249000072479248,2.296999931335449,2.184000015258789,2.2669999599456787
2023-05-10,2.26200008392334,2.265000104904175,2.1600000858306885,2.190999984741211
2023-05-11,2.181999921798706,2.255000114440918,2.1649999618530273,2.190000057220459
2023-05-12,2.190999984741211,2.3350000381469727,2.1470000743865967,2.2660000324249268
2023-05-15,2.265000104904175,2.384000062942505,2.25,2.375
2023-05-16,2.372999906539917,2.4700000286102295,2.3410000801086426,2.375999927520752
2023-05-17,2.361999988555908,2.434999942779541,2.322000026702881,2.365000009536743
2023-05-18,2.380000114440918,2.634000062942505,2.3519999980926514,2.5920000076293945
2023-05-19,2.615000009536743,2.684999942779541,2.556999921798706,2.5850000381469727
2023-05-22,2.568000078201294,2.569000005722046,2.367000102996826,2.4000000953674316
2023-05-23,2.4000000953674316,2.4070000648498535,2.318000078201294,2.321000099182129
2023-05-24,2.3469998836517334,2.4149999618530273,2.316999912261963,2.3980000019073486
2023-05-25,2.4130001068115234,2.440999984741211,2.257999897003174,2.306999921798706
2023-05-26,2.2920000553131104,2.2980000972747803,2.1429998874664307,2.180999994277954
2023-05-30,2.4170000553131104,2.447999954223633,2.256999969482422,2.3269999027252197
2023-05-31,2.319999933242798,2.4100000858306885,2.246999979019165,2.2660000324249268
2023-06-01,2.255000114440918,2.2829999923706055,2.135999917984009,2.1579999923706055
2023-06-02,2.1630001068115234,2.2330000400543213,2.138000011444092,2.171999931335449
2023-06-05,2.2139999866485596,2.316999912261963,2.184000015258789,2.244999885559082
2023-06-06,2.2720000743865967,2.2909998893737793,2.1730000972747803,2.26200008392334
2023-06-07,2.2639999389648438,2.3459999561309814,2.25,2.3289999961853027
2023-06-08,2.3340001106262207,2.380000114440918,2.2769999504089355,2.3519999980926514
2023-06-09,2.319999933242798,2.3380000591278076,2.25,2.253999948501587
2023-06-12,2.303999900817871,2.3239998817443848,2.2060000896453857,2.2660000324249268
2023-06-13,2.2839999198913574,2.369999885559082,2.2750000953674316,2.3399999141693115
2023-06-14,2.3320000171661377,2.390000104904175,2.2939999103546143,2.3420000076293945
2023-06-15,2.3459999561309814,2.568000078201294,2.315000057220459,2.5329999923706055
2023-06-16,2.552000045776367,2.6530001163482666,2.5220000743865967,2.631999969482422
2023-06-20,2.628999948501587,2.696000099182129,2.4839999675750732,2.492000102996826
2023-06-21,2.486999988555908,2.6019999980926514,2.447999954223633,2.5969998836517334
2023-06-22,2.5899999141693115,2.631999969482422,2.5290000438690186,2.6080000400543213
2023-06-23,2.611999988555908,2.740000009536743,2.5199999809265137,2.7290000915527344
2023-06-26,2.757999897003174,2.815999984741211,2.7200000286102295,2.7909998893737793
2023-06-27,2.7769999504089355,2.809000015258789,2.7239999771118164,2.763000011444092
2023-06-28,2.7880001068115234,2.8389999866485596,2.5929999351501465,2.6029999256134033
2023-06-29,2.6619999408721924,2.746000051498413,2.615999937057495,2.7009999752044678
2023-06-30,2.677000045776367,2.828000068664551,2.634000062942505,2.7980000972747803
2023-07-03,2.7290000915527344,2.746000051498413,2.6700000762939453,2.7090001106262207
2023-07-05,2.6989998817443848,2.7929999828338623,2.6480000019073486,2.6570000648498535
2023-07-06,2.6519999504089355,2.687000036239624,2.5859999656677246,2.6089999675750732
2023-07-07,2.634999990463257,2.674999952316284,2.5360000133514404,2.5820000171661377
2023-07-10,2.569999933242798,2.691999912261963,2.569999933242798,2.6689999103546143
2023-07-11,2.6670000553131104,2.747999906539917,2.630000114440918,2.7309999465942383
2023-07-12,2.739000082015991,2.75,2.618000030517578,2.631999969482422
2023-07-13,2.6589999198913574,2.6659998893737793,2.5390000343322754,2.5450000762939453
2023-07-14,2.558000087738037,2.6059999465942383,2.492000102996826,2.5390000343322754
2023-07-17,2.5480000972747803,2.5799999237060547,2.4839999675750732,2.51200008392334
2023-07-18,2.5369999408721924,2.6470000743865967,2.5290000438690186,2.628999948501587
2023-07-19,2.619999885559082,2.6570000648498535,2.5840001106262207,2.6029999256134033
2023-07-20,2.628999948501587,2.7890000343322754,2.617000102996826,2.756999969482422
2023-07-21,2.74399995803833,2.7860000133514404,2.687000036239624,2.7130000591278076
2023-07-24,2.7209999561309814,2.7669999599456787,2.6640000343322754,2.684999942779541
2023-07-25,2.703000068664551,2.753999948501587,2.6559998989105225,2.7300000190734863
2023-07-26,2.7200000286102295,2.739000082015991,2.625,2.6649999618530273
2023-07-27,2.627000093460083,2.6500000953674316,2.4630000591278076,2.492000102996826
2023-07-28,2.6019999980926514,2.684999942779541,2.563999891281128,2.638000011444092
2023-07-31,2.6589999198913574,2.693000078201294,2.6050000190734863,2.634000062942505
2023-08-01,2.6440000534057617,2.674999952316284,2.5309998989105225,2.559999942779541
2023-08-02,2.578000068664551,2.5810000896453857,2.4570000171661377,2.4769999980926514
2023-08-03,2.4839999675750732,2.5859999656677246,2.4739999771118164,2.565000057220459
2023-08-04,2.555999994277954,2.61899995803833,2.5290000438690186,2.5769999027252197
2023-08-07,2.5789999961853027,2.753999948501587,2.571000099182129,2.7249999046325684
2023-08-08,2.734999895095825,2.8010001182556152,2.691999912261963,2.7769999504089355
2023-08-09,2.796999931335449,3.0179998874664307,2.7709999084472656,2.9590001106262207
2023-08-10,2.9739999771118164,2.997999906539917,2.746999979019165,2.763000011444092
2023-08-11,2.7799999713897705,2.8329999446868896,2.7009999752044678,2.7699999809265137
2023-08-14,2.7760000228881836,2.8269999027252197,2.749000072479248,2.7950000762939453
2023-08-15,2.809999942779541,2.86299991607666,2.6470000743865967,2.6589999198913574
2023-08-16,2.6640000343322754,2.6740000247955322,2.568000078201294,2.5920000076293945
2023-08-17,2.6050000190734863,2.6700000762939453,2.575000047683716,2.621000051498413
2023-08-18,2.622999906539917,2.635999917984009,2.5239999294281006,2.5510001182556152
2023-08-21,2.559999942779541,2.6600000858306885,2.555000066757202,2.631999969482422
2023-08-22,2.618000030517578,2.635999917984009,2.5399999618530273,2.559999942779541
2023-08-23,2.559999942779541,2.5899999141693115,2.4730000495910645,2.496999979019165
2023-08-24,2.4839999675750732,2.565000057220459,2.424999952316284,2.5190000534057617
2023-08-25,2.5169999599456787,2.555000066757202,2.4679999351501465,2.5399999618530273
2023-08-28,2.634999990463257,2.694999933242798,2.5439999103546143,2.5789999961853027
2023-08-29,2.5789999961853027,2.5989999771118164,2.515000104904175,2.555999994277954
2023-08-30,2.680000066757202,2.812999963760376,2.6470000743865967,2.7960000038146973
2023-08-31,2.802999973297119,2.865000009536743,2.7079999446868896,2.7679998874664307
2023-09-01,2.765000104904175,2.859999895095825,2.734999895095825,2.765000104904175
2023-09-05,2.700000047683716,2.7079999446868896,2.565999984741211,2.5820000171661377
2023-09-06,2.5840001106262207,2.614000082015991,2.503000020980835,2.509999990463257
2023-09-07,2.5160000324249268,2.614000082015991,2.5,2.5789999961853027
2023-09-08,2.5789999961853027,2.6589999198913574,2.572000026702881,2.6050000190734863
2023-09-11,2.609999895095825,2.6389999389648438,2.5409998893737793,2.6080000400543213
2023-09-12,2.619999885559082,2.7820000648498535,2.6040000915527344,2.743000030517578
2023-09-13,2.746999979019165,2.7769999504089355,2.640000104904175,2.680000066757202
2023-09-14,2.7149999141693115,2.822999954223633,2.697000026702881,2.7079999446868896
2023-09-15,2.7039999961853027,2.7360000610351562,2.63700008392334,2.6440000534057617
2023-09-18,2.624000072479248,2.744999885559082,2.5999999046325684,2.7279999256134033
2023-09-19,2.7290000915527344,2.871999979019165,2.7100000381469727,2.8480000495910645
2023-09-20,2.819000005722046,2.8239998817443848,2.693000078201294,2.7330000400543213
2023-09-21,2.7320001125335693,2.759000062942505,2.5950000286102295,2.609999895095825
2023-09-22,2.624000072479248,2.683000087738037,2.6019999980926514,2.63700008392334
2023-09-25,2.6570000648498535,2.6710000038146973,2.6059999465942383,2.6389999389648438
2023-09-26,2.638000011444092,2.6670000553131104,2.552000045776367,2.6559998989105225
2023-09-27,2.6559998989105225,2.7809998989105225,2.640000104904175,2.7639999389648438
2023-09-28,2.8910000324249268,2.9809999465942383,2.868000030517578,2.944999933242798
2023-09-29,2.9489998817443848,2.996999979019165,2.8550000190734863,2.928999900817871
2023-10-02,2.9579999446868896,2.9579999446868896,2.8350000381469727,2.8399999141693115
2023-10-03,2.8420000076293945,2.9660000801086426,2.819999933242798,2.9489998817443848
2023-10-04,2.940000057220459,3.055000066757202,2.934999942779541,2.9619998931884766
2023-10-05,2.98799991607666,3.2049999237060547,2.9649999141693115,3.1659998893737793
2023-10-06,3.183000087738037,3.364000082015991,3.1659998893737793,3.3380000591278076
2023-10-09,3.3499999046325684,3.4709999561309814,3.322000026702881,3.375999927520752
2023-10-10,3.371000051498413,3.4489998817443848,3.3359999656677246,3.381999969482422
2023-10-11,3.4049999713897705,3.4539999961853027,3.2249999046325684,3.377000093460083
2023-10-12,3.384999990463257,3.427999973297119,3.2990000247955322,3.3440001010894775
2023-10-13,3.3459999561309814,3.3480000495910645,3.203000068664551,3.2360000610351562
2023-10-16,3.184999942779541,3.184999942779541,3.052999973297119,3.1089999675750732
2023-10-17,3.124000072479248,3.13700008392334,3.0239999294281006,3.0789999961853027
2023-10-18,3.061000108718872,3.1579999923706055,3.0369999408721924,3.055999994277954
2023-10-19,3.072000026702881,3.0920000076293945,2.943000078201294,2.9570000171661377
2023-10-20,2.9590001106262207,2.9769999980926514,2.880000114440918,2.8989999294281006
2023-10-23,2.9049999713897705,2.9509999752044678,2.8610000610351562,2.9260001182556152
2023-10-24,2.9179999828338623,2.996999979019165,2.875999927520752,2.9709999561309814
2023-10-25,2.9749999046325684,3.0339999198913574,2.9539999961853027,3.009999990463257
2023-10-26,3.0280001163482666,3.2790000438690186,2.9769999980926514,3.2139999866485596
2023-10-27,3.250999927520752,3.4010000228881836,3.135999917984009,3.1640000343322754
2023-10-30,3.4000000953674316,3.4049999713897705,3.321000099182129,3.3519999980926514
2023-10-31,3.3299999237060547,3.630000114440918,3.318000078201294,3.575000047683716
2023-11-01,3.5999999046325684,3.6080000400543213,3.427999973297119,3.49399995803833
2023-11-02,3.50600004196167,3.5199999809265137,3.4010000228881836,3.4719998836517334
2023-11-03,3.509999990463257,3.5759999752044678,3.4519999027252197,3.515000104904175
2023-11-06,3.372999906539917,3.4070000648498535,3.249000072479248,3.2639999389648438
2023-11-07,3.2730000019073486,3.2950000762939453,3.0989999771118164,3.140000104904175
2023-11-08,3.1760001182556152,3.187999963760376,3.058000087738037,3.1059999465942383
2023-11-09,3.121999979019165,3.1619999408721924,3.0220000743865967,3.0409998893737793
2023-11-10,3.0380001068115234,3.0769999027252197,2.989000082015991,3.0329999923706055
2023-11-13,3.063999891281128,3.246000051498413,3.061000108718872,3.197000026702881
2023-11-14,3.2330000400543213,3.2639999389648438,3.0859999656677246,3.1059999465942383
2023-11-15,3.1059999465942383,3.2750000953674316,3.069999933242798,3.190000057220459
2023-11-16,3.1510000228881836,3.265000104904175,3.0280001163482666,3.062000036239624
2023-11-17,3.055000066757202,3.111999988555908,2.8929998874664307,2.9600000381469727
2023-11-20,2.9570000171661377,2.9579999446868896,2.864000082015991,2.881999969482422
2023-11-21,2.885999917984009,2.9210000038146973,2.8410000801086426,2.8459999561309814
2023-11-22,2.867000102996826,2.921999931335449,2.819000005722046,2.8970000743865967
2023-11-23,2.8970000743865967,2.937999963760376,2.8589999675750732,2.934000015258789
2023-11-24,2.8970000743865967,2.9509999752044678,2.7980000972747803,2.8550000190734863
2023-11-27,2.7780001163482666,2.819999933242798,2.7090001106262207,2.7939999103546143
2023-11-28,2.7899999618530273,2.815000057220459,2.6689999103546143,2.7060000896453857
2023-11-29,2.7920000553131104,2.869999885559082,2.759999990463257,2.803999900817871
2023-11-30,2.7990000247955322,2.8550000190734863,2.760999917984009,2.802000045776367
2023-12-01,2.809000015258789,2.8440001010894775,2.753999948501587,2.813999891281128
2023-12-04,2.7279999256134033,2.752000093460083,2.6489999294281006,2.694000005722046
2023-12-05,2.6989998817443848,2.7860000133514404,2.674999952316284,2.7100000381469727
2023-12-06,2.6989998817443848,2.756999969482422,2.5409998893737793,2.569000005722046
2023-12-07,2.569000005722046,2.621000051498413,2.489000082015991,2.5850000381469727
2023-12-08,2.559000015258789,2.609999895095825,2.5380001068115234,2.5810000896453857
2023-12-11,2.490000009536743,2.490000009536743,2.2939999103546143,2.430999994277954
2023-12-12,2.437999963760376,2.4609999656677246,2.2760000228881836,2.311000108718872
2023-12-13,2.2780001163482666,2.384999990463257,2.234999895095825,2.3350000381469727
2023-12-14,2.3529999256134033,2.421999931335449,2.328000068664551,2.3919999599456787
2023-12-15,2.4079999923706055,2.5439999103546143,2.380000114440918,2.490999937057495
2023-12-18,2.503000020980835,2.5969998836517334,2.48799991607666,2.503000020980835
2023-12-19,2.5190000534057617,2.565000057220459,2.384999990463257,2.492000102996826
2023-12-20,2.556999921798706,2.5899999141693115,2.4100000858306885,2.447000026702881
2023-12-21,2.427000045776367,2.6040000915527344,2.4079999923706055,2.572000026702881
2023-12-22,2.5840001106262207,2.619999885559082,2.5280001163482666,2.609999895095825
2023-12-26,2.5450000762939453,2.5810000896453857,2.4539999961853027,2.549999952316284
2023-12-27,2.5799999237060547,2.7219998836517334,2.562000036239624,2.61899995803833
2023-12-28,2.4549999237060547,2.5759999752044678,2.4119999408721924,2.556999921798706
2023-12-29,2.5390000343322754,2.561000108718872,2.489000082015991,2.5139999389648438
2024-01-02,2.6050000190734863,2.674999952316284,2.5239999294281006,2.568000078201294
2024-01-03,2.575000047683716,2.7190001010894775,2.5369999408721924,2.6679999828338623
2024-01-04,2.687999963760376,2.86299991607666,2.680999994277954,2.821000099182129
2024-01-05,2.8450000286102295,2.9059998989105225,2.680999994277954,2.8929998874664307
2024-01-08,2.950000047683716,3.01200008392334,2.694000005722046,2.9800000190734863
2024-01-09,2.943000078201294,3.3919999599456787,2.884000062942505,3.190000057220459
2024-01-10,3.1670000553131104,3.2260000705718994,2.9560000896453857,3.0390000343322754
2024-01-11,3.0290000438690186,3.2309999465942383,2.944999933242798,3.0969998836517334
2024-01-12,3.118000030517578,3.377000093460083,3.1019999980926514,3.312999963760376
2024-01-16,3.11299991607666,3.188999891281128,2.822000026702881,2.9000000953674316
2024-01-17,2.8429999351501465,2.9579999446868896,2.75600004196167,2.869999885559082
2024-01-18,2.875999927520752,2.9600000381469727,2.6659998893737793,2.697000026702881
2024-01-19,2.7119998931884766,2.7139999866485596,2.5139999389648438,2.5190000534057617
2024-01-22,2.380000114440918,2.4700000286102295,2.311000108718872,2.4189999103546143
2024-01-23,2.437000036239624,2.49399995803833,2.325000047683716,2.450000047683716
2024-01-24,2.497999906539917,2.696000099182129,2.494999885559082,2.6410000324249268
2024-01-25,2.683000087738037,2.884000062942505,2.5260000228881836,2.571000099182129
2024-01-26,2.6070001125335693,2.803999900817871,2.4240000247955322,2.7119998931884766
2024-01-29,2.680000066757202,2.759999990463257,2.4110000133514404,2.490000009536743
2024-01-30,2.059999942779541,2.11899995803833,2.0460000038146973,2.0769999027252197
2024-01-31,2.0899999141693115,2.1579999923706055,2.0369999408721924,2.0999999046325684
2024-02-01,2.134000062942505,2.1679999828338623,2.0329999923706055,2.049999952316284
2024-02-02,2.053999900817871,2.0999999046325684,2.0209999084472656,2.0789999961853027
2024-02-05,2.109999895095825,2.127000093460083,2.0409998893737793,2.0820000171661377
2024-02-06,2.068000078201294,2.1019999980926514,1.996999979019165,2.009000062942505
2024-02-07,2.003000020980835,2.0399999618530273,1.9559999704360962,1.9670000076293945
2024-02-08,1.9700000286102295,1.9930000305175781,1.8669999837875366,1.9170000553131104
2024-02-09,1.8849999904632568,1.8849999904632568,1.8170000314712524,1.847000002861023
2024-02-12,1.8049999475479126,1.8630000352859497,1.7319999933242798,1.7680000066757202
2024-02-13,1.753999948501587,1.7860000133514404,1.6540000438690186,1.6890000104904175
2024-02-14,1.6690000295639038,1.684999942779541,1.590000033378601,1.6089999675750732
2024-02-15,1.6109999418258667,1.6690000295639038,1.5729999542236328,1.5809999704360962
2024-02-16,1.5889999866485596,1.6369999647140503,1.5750000476837158,1.6089999675750732
2024-02-20,1.5329999923706055,1.7089999914169312,1.5219999551773071,1.5759999752044678
2024-02-21,1.718999981880188,1.7920000553131104,1.6770000457763672,1.7730000019073486
2024-02-22,1.784000039100647,1.784000039100647,1.6610000133514404,1.7319999933242798
2024-02-23,1.722000002861023,1.722000002861023,1.5809999704360962,1.6030000448226929
2024-02-26,1.659999966621399,1.7300000190734863,1.593999981880188,1.659000039100647
2024-02-27,1.625,1.7200000286102295,1.5110000371932983,1.6150000095367432
2024-02-28,1.8170000314712524,1.906000018119812,1.781999945640564,1.8849999904632568
2024-02-29,1.8680000305175781,1.9179999828338623,1.8289999961853027,1.8600000143051147
2024-03-01,1.8519999980926514,1.8880000114440918,1.809999942779541,1.8350000381469727
2024-03-04,1.8730000257492065,1.9889999628067017,1.8700000047683716,1.9160000085830688
2024-03-05,1.9279999732971191,2.009000062942505,1.8899999856948853,1.9570000171661377
2024-03-06,1.9500000476837158,1.9830000400543213,1.9210000038146973,1.9290000200271606
2024-03-07,1.9290000200271606,1.9550000429153442,1.781999945640564,1.8179999589920044
2024-03-08,1.7960000038146973,1.8370000123977661,1.7549999952316284,1.8049999475479126
2024-03-11,1.8049999475479126,1.840999960899353,1.746000051498413,1.7589999437332153
2024-03-12,1.7580000162124634,1.8229999542236328,1.690999984741211,1.7139999866485596
2024-03-13,1.7130000591278076,1.7170000076293945,1.6510000228881836,1.6579999923706055
2024-03-14,1.6679999828338623,1.7669999599456787,1.6430000066757202,1.7410000562667847
2024-03-15,1.7569999694824219,1.7740000486373901,1.6460000276565552,1.6549999713897705
2024-03-18,1.6890000104904175,1.7619999647140503,1.684000015258789,1.7029999494552612
2024-03-19,1.7170000076293945,1.7690000534057617,1.7009999752044678,1.74399995803833
2024-03-20,1.75,1.7649999856948853,1.6859999895095825,1.6990000009536743
2024-03-21,1.6990000009536743,1.7130000591278076,1.6510000228881836,1.6829999685287476
2024-03-22,1.684000015258789,1.7120000123977661,1.6469999551773071,1.659000039100647
2024-03-25,1.6640000343322754,1.6749999523162842,1.5889999866485596,1.6150000095367432
2024-03-26,1.6080000400543213,1.6469999551773071,1.4809999465942383,1.5750000476837158
2024-03-27,1.7890000343322754,1.7890000343322754,1.7039999961853027,1.718000054359436
2024-03-28,1.7170000076293945,1.7860000133514404,1.6859999895095825,1.7630000114440918
2024-04-01,1.7549999952316284,1.8530000448226929,1.7059999704360962,1.8370000123977661
2024-04-02,1.8370000123977661,1.88100004196167,1.777999997138977,1.8619999885559082
2024-04-03,1.8519999980926514,1.906000018119812,1.8359999656677246,1.840999960899353
2024-04-04,1.843999981880188,1.8530000448226929,1.7690000534057617,1.7740000486373901
2024-04-05,1.7790000438690186,1.8229999542236328,1.7549999952316284,1.784999966621399
2024-04-08,1.7699999809265137,1.850000023841858,1.746000051498413,1.843999981880188
2024-04-09,1.847000002861023,1.9240000247955322,1.8380000591278076,1.871999979019165
2024-04-10,1.8880000114440918,1.9429999589920044,1.8669999837875366,1.8849999904632568
2024-04-11,1.8739999532699585,1.8919999599456787,1.753999948501587,1.7640000581741333
2024-04-12,1.7669999599456787,1.784999966621399,1.7309999465942383,1.7699999809265137
2024-04-15,1.7719999551773071,1.7920000553131104,1.6779999732971191,1.690999984741211
2024-04-16,1.6950000524520874,1.8020000457763672,1.6490000486373901,1.7319999933242798
2024-04-17,1.6799999475479126,1.7239999771118164,1.659999966621399,1.7120000123977661
2024-04-18,1.722000002861023,1.7799999713897705,1.7130000591278076,1.7569999694824219
2024-04-19,1.7410000562667847,1.805999994277954,1.7239999771118164,1.7519999742507935
2024-04-22,1.7649999856948853,1.7999999523162842,1.7209999561309814,1.7910000085830688
2024-04-23,1.7979999780654907,1.8480000495910645,1.7450000047683716,1.812000036239624
2024-04-24,1.8359999656677246,1.840000033378601,1.6339999437332153,1.652999997138977
2024-04-25,1.6440000534057617,1.6749999523162842,1.5829999446868896,1.6380000114440918
2024-04-26,1.621999979019165,1.628000020980835,1.4819999933242798,1.6139999628067017
2024-04-29,1.9229999780654907,2.055999994277954,1.9160000085830688,2.0299999713897705
2024-04-30,2.049999952316284,2.0920000076293945,1.9509999752044678,1.9910000562667847
2024-05-01,1.9539999961853027,1.9700000286102295,1.9129999876022339,1.9320000410079956
2024-05-02,1.930999994277954,2.049999952316284,1.9270000457763672,2.0350000858306885
2024-05-03,2.0309998989105225,2.1600000858306885,2.01200008392334,2.1419999599456787
2024-05-06,2.1700000762939453,2.26200008392334,2.132999897003174,2.194999933242798
2024-05-07,2.2060000896453857,2.2300000190734863,2.1419999599456787,2.2070000171661377
2024-05-08,2.2190001010894775,2.2739999294281006,2.1670000553131104,2.187000036239624
2024-05-09,2.186000108718872,2.315999984741211,2.1530001163482666,2.3010001182556152
2024-05-10,2.306999921798706,2.3440001010894775,2.242000102996826,2.252000093460083
2024-05-13,2.25,2.384000062942505,2.2139999866485596,2.38100004196167
2024-05-14,2.361999988555908,2.3970000743865967,2.305999994277954,2.3440001010894775
2024-05-15,2.3429999351501465,2.4240000247955322,2.312999963760376,2.4159998893737793
2024-05-16,2.4049999713897705,2.575000047683716,2.3889999389648438,2.494999885559082
2024-05-17,2.486999988555908,2.6540000438690186,2.484999895095825,2.625999927520752
2024-05-20,2.6589999198913574,2.75600004196167,2.625,2.750999927520752
2024-05-21,2.7330000400543213,2.7980000972747803,2.640000104904175,2.6710000038146973
2024-05-22,2.6649999618530273,2.8510000705718994,2.6089999675750732,2.8420000076293945
2024-05-23,2.7990000247955322,2.9240000247955322,2.640000104904175,2.6570000648498535
2024-05-24,2.6760001182556152,2.7090001106262207,2.493000030517578,2.5199999809265137
2024-05-28,2.503000020980835,2.621000051498413,2.4749999046325684,2.5899999141693115
2024-05-29,2.5940001010894775,2.6689999103546143,2.4170000553131104,2.493000030517578
2024-05-30,2.6619999408721924,2.681999921798706,2.562000036239624,2.572000026702881
2024-05-31,2.569999933242798,2.624000072479248,2.5179998874664307,2.5869998931884766
2024-06-03,2.6449999809265137,2.7990000247955322,2.628000020980835,2.75600004196167
2024-06-04,2.7720000743865967,2.8289999961853027,2.572999954223633,2.5859999656677246
2024-06-05,2.617000102996826,2.7869999408721924,2.6050000190734863,2.756999969482422
2024-06-06,2.76200008392334,2.877000093460083,2.7239999771118164,2.821000099182129
2024-06-07,2.813999891281128,2.9670000076293945,2.7909998893737793,2.9179999828338623
2024-06-10,2.9800000190734863,3.0959999561309814,2.861999988555908,2.9059998989105225
2024-06-11,2.984999895095825,3.1589999198913574,2.9660000801086426,3.128999948501587
2024-06-12,3.130000114440918,3.131999969482422,2.994999885559082,3.0450000762939453
2024-06-13,3.0280001163482666,3.0910000801086426,2.8980000019073486,2.9590001106262207
2024-06-14,2.9210000038146973,3.0,2.869999885559082,2.88100004196167
2024-06-17,2.8459999561309814,2.8480000495910645,2.759000062942505,2.7880001068115234
2024-06-18,2.7720000743865967,2.9159998893737793,2.7720000743865967,2.9089999198913574
2024-06-20,2.9030001163482666,2.947999954223633,2.7230000495910645,2.740999937057495
2024-06-21,2.7249999046325684,2.7699999809265137,2.671999931335449,2.7049999237060547
2024-06-24,2.6700000762939453,2.8340001106262207,2.634999990463257,2.811000108718872
2024-06-25,2.815999984741211,2.8440001010894775,2.6989998817443848,2.75600004196167
2024-06-26,2.736999988555908,2.746000051498413,2.61299991607666,2.628000020980835
2024-06-27,2.7339999675750732,2.7839999198913574,2.6730000972747803,2.684999942779541
2024-06-28,2.7019999027252197,2.765000104904175,2.5940001010894775,2.6010000705718994
2024-07-01,2.5759999752044678,2.6019999980926514,2.4709999561309814,2.4779999256134033
2024-07-02,2.4760000705718994,2.4839999675750732,2.4149999618530273,2.434999942779541
2024-07-03,2.4660000801086426,2.4800000190734863,2.4100000858306885,2.4179999828338623
2024-07-05,2.4210000038146973,2.440000057220459,2.315000057220459,2.319000005722046
2024-07-08,2.2699999809265137,2.390000104904175,2.2679998874664307,2.365999937057495
2024-07-09,2.372999906539917,2.447999954223633,2.3310000896453857,2.3440001010894775
2024-07-10,2.3459999561309814,2.384999990463257,2.2920000553131104,2.3289999961853027
2024-07-11,2.3259999752044678,2.3429999351501465,2.260999917984009,2.2679998874664307
2024-07-12,2.2669999599456787,2.3499999046325684,2.249000072479248,2.3289999961853027
2024-07-15,2.2730000019073486,2.2850000858306885,2.1470000743865967,2.1579999923706055
2024-07-16,2.1700000762939453,2.2179999351501465,2.1489999294281006,2.187999963760376
2024-07-17,2.180999994277954,2.2079999446868896,2.015000104904175,2.0350000858306885
2024-07-18,2.046999931335449,2.134000062942505,2.0239999294281006,2.125
2024-07-19,2.0889999866485596,2.1429998874664307,2.056999921798706,2.128000020980835
2024-07-22,2.1040000915527344,2.2699999809265137,2.0899999141693115,2.250999927520752
2024-07-23,2.244999885559082,2.265000104904175,2.122999906539917,2.187000036239624
2024-07-24,2.1530001163482666,2.1700000762939453,2.1019999980926514,2.117000102996826
2024-07-25,2.125999927520752,2.1549999713897705,2.0350000858306885,2.0409998893737793
2024-07-26,2.052000045776367,2.0840001106262207,1.99399995803833,2.00600004196167
2024-07-29,2.0160000324249268,2.055999994277954,1.8559999465942383,1.906999945640564
2024-07-30,2.065000057220459,2.134999990463257,1.9910000562667847,2.125999927520752
2024-07-31,2.119999885559082,2.1489999294281006,2.0230000019073486,2.0360000133514404
2024-08-01,2.0460000038146973,2.125999927520752,1.965000033378601,1.968000054359436
2024-08-02,1.9850000143051147,2.0230000019073486,1.9199999570846558,1.9670000076293945
2024-08-05,1.9500000476837158,1.9739999771118164,1.8819999694824219,1.9420000314712524
2024-08-06,1.9570000171661377,2.0329999923706055,1.899999976158142,2.009999990463257
2024-08-07,2.0250000953674316,2.119999885559082,2.009999990463257,2.111999988555908
2024-08-08,2.0999999046325684,2.178999900817871,2.0280001163482666,2.127000093460083
2024-08-09,2.1510000228881836,2.187000036239624,2.1040000915527344,2.1429998874664307
2024-08-12,2.1730000972747803,2.25600004196167,2.1549999713897705,2.188999891281128
2024-08-13,2.174999952316284,2.239000082015991,2.134000062942505,2.1480000019073486
2024-08-14,2.1600000858306885,2.2760000228881836,2.1440000534057617,2.2190001010894775
2024-08-15,2.2279999256134033,2.3010001182556152,2.188999891281128,2.197000026702881
2024-08-16,2.2049999237060547,2.2160000801086426,2.1110000610351562,2.122999906539917
2024-08-19,2.125,2.253999948501587,2.0969998836517334,2.234999895095825
2024-08-20,2.246000051498413,2.2780001163482666,2.1730000972747803,2.197999954223633
2024-08-21,2.2009999752044678,2.2279999256134033,2.13100004196167,2.177000045776367
2024-08-22,2.187999963760376,2.200000047683716,2.0309998989105225,2.052999973297119
2024-08-23,2.061000108718872,2.0739998817443848,2.005000114440918,2.0220000743865967
2024-08-26,2.003999948501587,2.0220000743865967,1.944000005722046,1.9559999704360962
2024-08-27,1.9559999704360962,1.9739999771118164,1.875,1.9040000438690186
2024-08-28,1.9240000247955322,2.0,1.8559999465942383,1.9299999475479126
2024-08-29,2.0969998836517334,2.1489999294281006,2.0260000228881836,2.13700008392334
2024-08-30,2.1449999809265137,2.1710000038146973,2.0929999351501465,2.127000093460083
2024-09-03,2.1459999084472656,2.2249999046325684,2.075000047683716,2.203000068664551
2024-09-04,2.197000026702881,2.2699999809265137,2.13100004196167,2.1449999809265137
2024-09-05,2.1389999389648438,2.2860000133514404,2.117000102996826,2.253999948501587
2024-09-06,2.260999917984009,2.2939999103546143,2.2320001125335693,2.2750000953674316
2024-09-09,2.2200000286102295,2.246999979019165,2.1410000324249268,2.1700000762939453
2024-09-10,2.1489999294281006,2.257999897003174,2.125,2.2320001125335693
2024-09-11,2.2360000610351562,2.325000047683716,2.2139999866485596,2.2699999809265137
2024-09-12,2.2860000133514404,2.3940000534057617,2.2290000915527344,2.3570001125335693
2024-09-13,2.36299991607666,2.4070000648498535,2.2939999103546143,2.305000066757202
2024-09-16,2.2980000972747803,2.3970000743865967,2.265000104904175,2.372999906539917
2024-09-17,2.3910000324249268,2.436000108718872,2.306999921798706,2.3239998817443848
2024-09-18,2.312000036239624,2.377000093460083,2.2750000953674316,2.2839999198913574
2024-09-19,2.2880001068115234,2.3610000610351562,2.2230000495910645,2.3480000495910645
2024-09-20,2.3580000400543213,2.4600000381469727,2.313999891281128,2.434000015258789
2024-09-23,2.4619998931884766,2.6459999084472656,2.4579999446868896,2.61299991607666
2024-09-24,2.634000062942505,2.6740000247955322,2.5350000858306885,2.5510001182556152
2024-09-25,2.5829999446868896,2.6579999923706055,2.562999963760376,2.63700008392334
2024-09-26,2.640000104904175,2.690000057220459,2.5239999294281006,2.5850000381469727
2024-09-27,2.74399995803833,2.931999921798706,2.7200000286102295,2.9019999504089355
2024-09-30,2.8989999294281006,2.947999954223633,2.865000009536743,2.9230000972747803
2024-10-01,2.9070000648498535,2.941999912261963,2.825000047683716,2.8959999084472656
2024-10-02,2.8980000019073486,3.0,2.869999885559082,2.885999917984009
2024-10-03,2.9210000038146973,2.98799991607666,2.9000000953674316,2.9700000286102295
2024-10-04,2.9709999561309814,3.0190000534057617,2.8310000896453857,2.8540000915527344
2024-10-07,2.8269999027252197,2.8389999866485596,2.7049999237060547,2.746000051498413
2024-10-08,2.7330000400543213,2.7809998989105225,2.6989998817443848,2.7330000400543213
2024-10-09,2.7090001106262207,2.7239999771118164,2.631999969482422,2.6600000858306885
2024-10-10,2.6470000743865967,2.700000047683716,2.5880000591278076,2.674999952316284
2024-10-11,2.687000036239624,2.7269999980926514,2.615000009536743,2.631999969482422
2024-10-14,2.624000072479248,2.625,2.4760000705718994,2.49399995803833
2024-10-15,2.4820001125335693,2.549999952316284,2.444999933242798,2.497999906539917
2024-10-16,2.48799991607666,2.496999979019165,2.3580000400543213,2.367000102996826
2024-10-17,2.377000093460083,2.4170000553131104,2.3380000591278076,2.3469998836517334
2024-10-18,2.3489999771118164,2.369999885559082,2.247999906539917,2.257999897003174
2024-10-21,2.2200000286102295,2.36899995803833,2.2100000381469727,2.312000036239624
2024-10-22,2.364000082015991,2.375,2.2709999084472656,2.311000108718872
2024-10-23,2.3010001182556152,2.441999912261963,2.257999897003174,2.3420000076293945
2024-10-24,2.4000000953674316,2.5820000171661377,2.372999906539917,2.5220000743865967
2024-10-25,2.5309998989105225,2.5789999961853027,2.4600000381469727,2.559999942779541
2024-10-28,2.505000114440918,2.5160000324249268,2.2679998874664307,2.309000015258789
2024-10-29,2.259000062942505,2.3910000324249268,2.200000047683716,2.3459999561309814
2024-10-30,2.9049999713897705,2.9189999103546143,2.7699999809265137,2.8450000286102295
2024-10-31,2.812999963760376,2.8299999237060547,2.687999963760376,2.7070000171661377
2024-11-01,2.7019999027252197,2.7239999771118164,2.631999969482422,2.6630001068115234
2024-11-04,2.559999942779541,2.7950000762939453,2.5139999389648438,2.7809998989105225
2024-11-05,2.7890000343322754,2.818000078201294,2.6510000228881836,2.6700000762939453
2024-11-06,2.678999900817871,2.7960000038146973,2.6600000858306885,2.746999979019165
2024-11-07,2.7109999656677246,2.7780001163482666,2.6559998989105225,2.693000078201294
2024-11-08,2.694000005722046,2.747999906539917,2.6429998874664307,2.6689999103546143
2024-11-11,2.7699999809265137,2.9560000896453857,2.7690000534057617,2.9200000762939453
2024-11-12,2.9519999027252197,3.013000011444092,2.8550000190734863,2.9070000648498535
2024-11-13,2.9140000343322754,3.0199999809265137,2.8299999237060547,2.9830000400543213
2024-11-14,2.9809999465942383,2.984999895095825,2.759000062942505,2.7850000858306885
2024-11-15,2.765000104904175,2.8429999351501465,2.687999963760376,2.822999954223633
2024-11-18,2.924999952316284,2.9769999980926514,2.8320000171661377,2.9730000495910645
2024-11-19,2.9509999752044678,3.058000087738037,2.9049999713897705,2.997999906539917
2024-11-20,2.9619998931884766,3.236999988555908,2.941999912261963,3.193000078201294
2024-11-21,3.2160000801086426,3.4509999752044678,3.194999933242798,3.3389999866485596
2024-11-22,3.390000104904175,3.562999963760376,3.071000099182129,3.128999948501587
2024-11-25,3.3559999465942383,3.4609999656677246,3.2639999389648438,3.36899995803833
2024-11-26,3.3299999237060547,3.5,3.255000114440918,3.430999994277954
2024-11-27,3.4679999351501465,3.4700000286102295,3.188999891281128,3.2039999961853027
2024-11-29,3.194999933242798,3.384000062942505,3.174999952316284,3.36299991607666
2024-12-02,3.2200000286102295,3.2790000438690186,3.1480000019073486,3.2130000591278076
2024-12-03,3.2070000171661377,3.2170000076293945,3.0299999713897705,3.0420000553131104
2024-12-04,3.0480000972747803,3.0880000591278076,2.9769999980926514,3.0429999828338623
2024-12-05,3.071000099182129,3.1549999713897705,3.0350000858306885,3.0789999961853027
2024-12-06,3.0869998931884766,3.1080000400543213,3.003999948501587,3.0759999752044678
2024-12-09,3.259999990463257,3.3239998817443848,3.13700008392334,3.181999921798706
2024-12-10,3.188999891281128,3.193000078201294,3.069000005722046,3.1630001068115234
2024-12-11,3.193000078201294,3.4040000438690186,3.180999994277954,3.378000020980835
2024-12-12,3.364000082015991,3.559000015258789,3.2820000648498535,3.4549999237060547
2024-12-13,3.4579999446868896,3.489000082015991,3.2639999389648438,3.2799999713897705
2024-12-16,3.2100000381469727,3.253000020980835,3.1449999809265137,3.2139999866485596
2024-12-17,3.2269999980926514,3.3940000534057617,3.0910000801086426,3.308000087738037
2024-12-18,3.368000030517578,3.440999984741211,3.312000036239624,3.374000072479248
2024-12-19,3.4049999713897705,3.6459999084472656,3.3910000324249268,3.5840001106262207
2024-12-20,3.631999969482422,3.828000068664551,3.553999900817871,3.747999906539917
2024-12-23,3.86899995803833,3.944000005722046,3.5810000896453857,3.6559998989105225
2024-12-24,3.694999933242798,3.9579999446868896,3.6659998893737793,3.946000099182129
2024-12-26,3.9700000286102295,4.010000228881836,3.6519999504089355,3.7149999141693115
2024-12-27,3.7070000171661377,3.88700008392334,3.369999885559082,3.5139999389648438
2024-12-30,3.6570000648498535,4.201000213623047,3.6480000019073486,3.936000108718872
2024-12-31,3.9149999618530273,4.01200008392334,3.5769999027252197,3.632999897003174
2025-01-02,3.6559998989105225,3.8010001182556152,3.5409998893737793,3.6600000858306885
2025-01-03,3.6689999103546143,3.680000066757202,3.3299999237060547,3.3540000915527344
2025-01-06,3.553999900817871,3.7260000705718994,3.502000093460083,3.671999931335449
2025-01-07,3.7049999237060547,3.73799991607666,3.427000045776367,3.4489998817443848
2025-01-08,3.447999954223633,3.694000005722046,3.427000045776367,3.6510000228881836
2025-01-09,3.681999921798706,3.8299999237060547,3.552000045776367,3.7009999752044678
2025-01-10,3.7090001106262207,4.01800012588501,3.684999942779541,3.989000082015991
2025-01-13,4.3470001220703125,4.36899995803833,3.8450000286102295,3.934000015258789
2025-01-14,3.930000066757202,4.059000015258789,3.7360000610351562,3.9679999351501465
2025-01-15,3.9549999237060547,4.140999794006348,3.8589999675750732,4.083000183105469
2025-01-16,4.130000114440918,4.328000068664551,4.01800012588501,4.257999897003174
2025-01-17,4.28000020980835,4.308000087738037,3.9100000858306885,3.947999954223633
2025-01-21,3.815000057220459,3.9140000343322754,3.7190001010894775,3.75600004196167
2025-01-22,3.7860000133514404,4.008999824523926,3.7109999656677246,3.9600000381469727
2025-01-23,4.000999927520752,4.047999858856201,3.8610000610351562,3.944999933242798
2025-01-24,3.933000087738037,4.050000190734863,3.808000087738037,4.0269999504089355
2025-01-27,3.7850000858306885,3.8269999027252197,3.6089999675750732,3.697000026702881
2025-01-28,3.6989998817443848,3.7200000286102295,3.3610000610351562,3.4709999561309814
2025-01-29,3.3350000381469727,3.5880000591278076,3.312999963760376,3.5350000858306885
2025-01-30,3.174999952316284,3.240000009536743,3.0350000858306885,3.046999931335449
2025-01-31,3.0810000896453857,3.118000030517578,2.990000009536743,3.0439999103546143
2025-02-03,3.2300000190734863,3.4070000648498535,3.2300000190734863,3.3519999980926514
2025-02-04,3.3269999027252197,3.3499999046325684,3.1679999828338623,3.253000020980835
2025-02-05,3.2290000915527344,3.375,3.1610000133514404,3.359999895095825
2025-02-06,3.3550000190734863,3.434000015258789,3.302999973297119,3.4079999923706055
2025-02-07,3.380000114440918,3.434999942779541,3.2960000038146973,3.309000015258789
2025-02-10,3.4059998989105225,3.486999988555908,3.3519999980926514,3.444000005722046
2025-02-11,3.441999912261963,3.5759999752044678,3.430999994277954,3.5190000534057617
2025-02-12,3.509999990463257,3.5829999446868896,3.4690001010894775,3.565000057220459
2025-02-13,3.5910000801086426,3.7860000133514404,3.5829999446868896,3.628000020980835
2025-02-14,3.6500000953674316,3.8010001182556152,3.634999990463257,3.7249999046325684
2025-02-18,3.614000082015991,4.017000198364258,3.553999900817871,4.006999969482422
2025-02-19,4.013000011444092,4.394000053405762,3.947000026702881,4.28000020980835
2025-02-20,4.38100004196167,4.47599983215332,4.033999919891357,4.1519999504089355
2025-02-21,4.173999786376953,4.443999767303467,4.1479997634887695,4.234000205993652
2025-02-24,4.065000057220459,4.090000152587891,3.9059998989105225,3.99399995803833
2025-02-25,3.986999988555908,4.185999870300293,3.934999942779541,4.173999786376953
2025-02-26,4.130000114440918,4.211999893188477,3.859999895095825,3.9059998989105225
2025-02-27,3.9660000801086426,4.065000057220459,3.878000020980835,3.934000015258789
2025-02-28,3.938999891281128,3.9539999961853027,3.813999891281128,3.8340001106262207
2025-03-03,3.7790000438690186,4.172999858856201,3.742000102996826,4.122000217437744
2025-03-04,4.168000221252441,4.551000118255615,4.056000232696533,4.349999904632568
2025-03-05,4.316999912261963,4.51800012588501,4.2270002365112305,4.449999809265137
2025-03-06,4.466000080108643,4.4710001945495605,4.254000186920166,4.302000045776367
2025-03-07,4.285999774932861,4.426000118255615,4.131999969482422,4.39900016784668
2025-03-10,4.4670000076293945,4.901000022888184,4.447000026702881,4.491000175476074
2025-03-11,4.460999965667725,4.5879998207092285,4.334000110626221,4.453000068664551
2025-03-12,4.3460001945495605,4.379000186920166,4.0289998054504395,4.084000110626221
2025-03-13,4.0320000648498535,4.195000171661377,3.9549999237060547,4.111000061035156
2025-03-14,4.039999961853027,4.140999794006348,3.9619998931884766,4.104000091552734
2025-03-17,4.124000072479248,4.2179999351501465,3.9769999980926514,4.01800012588501
2025-03-18,4.002999782562256,4.127999782562256,3.9700000286102295,4.052000045776367
2025-03-19,4.052000045776367,4.258999824523926,4.046000003814697,4.247000217437744
2025-03-20,4.209000110626221,4.247000217437744,3.9549999237060547,3.9749999046325684
2025-03-21,3.9609999656677246,4.045000076293945,3.864000082015991,3.9800000190734863
2025-03-24,3.880000114440918,4.01200008392334,3.861999988555908,3.9140000343322754
2025-03-25,3.9089999198913574,3.990000009536743,3.7960000038146973,3.8399999141693115
2025-03-26,3.865999937057495,3.930000066757202,3.812999963760376,3.8610000610351562
2025-03-27,3.8589999675750732,4.015999794006348,3.688999891281128,3.950000047683716
2025-03-28,3.9149999618530273,4.099999904632568,3.8359999656677246,4.065000057220459
2025-03-31,4.176000118255615,4.252999782562256,4.054999828338623,4.11899995803833
2025-04-01,4.131999969482422,4.1479997634887695,3.934000015258789,3.9509999752044678
2025-04-02,3.950000047683716,4.089000225067139,3.934999942779541,4.054999828338623
2025-04-03,4.011000156402588,4.203000068664551,3.9679999351501465,4.138000011444092
2025-04-04,4.11899995803833,4.1529998779296875,3.811000108718872,3.8369998931884766
2025-04-07,3.811000108718872,3.938999891281128,3.5999999046325684,3.6549999713897705
2025-04-08,3.630000114440918,3.7829999923706055,3.4619998931884766,3.4649999141693115
2025-04-09,3.4809999465942383,3.8289999961853027,3.3359999656677246,3.815999984741211
2025-04-10,3.746999979019165,3.750999927520752,3.4660000801086426,3.556999921798706
2025-04-11,3.5199999809265137,3.5759999752044678,3.3940000534057617,3.5269999504089355
2025-04-14,3.5,3.61299991607666,3.312000036239624,3.325000047683716
2025-04-15,3.3450000286102295,3.378000020980835,3.2160000801086426,3.3289999961853027
2025-04-16,3.318000078201294,3.318000078201294,3.2039999961853027,3.246999979019165
2025-04-17,3.26200008392334,3.3340001106262207,3.190999984741211,3.244999885559082
2025-04-21,3.197999954223633,3.2249999046325684,2.99399995803833,3.0160000324249268
2025-04-22,3.0510001182556152,3.0950000286102295,2.9549999237060547,3.006999969482422
2025-04-23,3.0460000038146973,3.0739998817443848,2.9670000076293945,3.0220000743865967
2025-04-24,3.010999917984009,3.0160000324249268,2.8580000400543213,2.930000066757202
2025-04-25,2.938999891281128,2.9830000400543213,2.868000030517578,2.937000036239624
2025-04-28,2.884000062942505,3.187000036239624,2.8589999675750732,3.1700000762939453
2025-04-29,3.319999933242798,3.4570000171661377,3.306999921798706,3.385999917984009
2025-04-30,3.380000114440918,3.3989999294281006,3.259999990463257,3.3259999752044678
2025-05-01,3.3529999256134033,3.5399999618530273,3.3399999141693115,3.4790000915527344
2025-05-02,3.446000099182129,3.6730000972747803,3.4179999828338623,3.630000114440918
2025-05-05,3.6710000038146973,3.746999979019165,3.5309998989105225,3.549999952316284
2025-05-06,3.568000078201294,3.6480000019073486,3.4230000972747803,3.4630000591278076
2025-05-07,3.486999988555908,3.6559998989105225,3.486999988555908,3.621000051498413
2025-05-08,3.631999969482422,3.7230000495910645,3.5269999504089355,3.5920000076293945
2025-05-09,3.621000051498413,3.815000057220459,3.61299991607666,3.7950000762939453
2025-05-12,3.7750000953674316,3.8399999141693115,3.6080000400543213,3.6459999084472656
2025-05-13,3.677000045776367,3.7279999256134033,3.569999933242798,3.6470000743865967
2025-05-14,3.621999979019165,3.634999990463257,3.4539999961853027,3.492000102996826
2025-05-15,3.4670000076293945,3.499000072479248,3.3350000381469727,3.361999988555908
2025-05-16,3.371999979019165,3.4489998817443848,3.305000066757202,3.3340001106262207
2025-05-19,3.2690000534057617,3.2699999809265137,3.0980000495910645,3.11299991607666
2025-05-20,3.1070001125335693,3.453000068664551,3.1070001125335693,3.427000045776367
2025-05-21,3.4149999618530273,3.513000011444092,3.3359999656677246,3.368000030517578
2025-05-22,3.3559999465942383,3.38100004196167,3.23799991607666,3.253000020980835
2025-05-23,3.2829999923706055,3.3499999046325684,3.2170000076293945,3.3340001106262207
2025-05-27,3.375999927520752,3.444999933242798,3.2139999866485596,3.3980000019073486
2025-05-28,3.4049999713897705,3.510999917984009,3.1519999504089355,3.2039999961853027
2025-05-29,3.5350000858306885,3.5759999752044678,3.437000036239624,3.5220000743865967
2025-05-30,3.5350000858306885,3.563999891281128,3.440000057220459,3.447000026702881
2025-06-02,3.500999927520752,3.75,3.500999927520752,3.694000005722046
2025-06-03,3.747999906539917,3.7639999389648438,3.630000114440918,3.7219998836517334
2025-06-04,3.7290000915527344,3.740000009536743,3.6610000133514404,3.7160000801086426
2025-06-05,3.703000068664551,3.7909998893737793,3.619999885559082,3.677000045776367
2025-06-06,3.6530001163482666,3.816999912261963,3.6489999294281006,3.7839999198913574
2025-06-09,3.7190001010894775,3.7690000534057617,3.5810000896453857,3.634999990463257
2025-06-10,3.611999988555908,3.6619999408721924,3.515000104904175,3.5329999923706055
2025-06-11,3.5260000228881836,3.625999927520752,3.453000068664551,3.506999969482422
2025-06-12,3.5190000534057617,3.6440000534057617,3.4660000801086426,3.492000102996826
2025-06-13,3.5409998893737793,3.622999906539917,3.499000072479248,3.5810000896453857
2025-06-16,3.7039999961853027,3.759999990463257,3.634000062942505,3.747999906539917
2025-06-17,3.746000051498413,3.88100004196167,3.7200000286102295,3.8510000705718994
2025-06-18,3.861999988555908,4.001999855041504,3.813999891281128,3.989000082015991
2025-06-20,3.984999895095825,4.1479997634887695,3.818000078201294,3.8469998836517334
2025-06-23,3.9489998817443848,3.9489998817443848,3.6659998893737793,3.697999954223633
2025-06-24,3.680999994277954,3.684000015258789,3.5299999713897705,3.5369999408721924
2025-06-25,3.5490000247955322,3.5869998931884766,3.371999979019165,3.4059998989105225
2025-06-26,3.3940000534057617,3.424999952316284,3.1989998817443848,3.260999917984009
2025-06-27,3.5299999713897705,3.750999927520752,3.513000011444092,3.739000082015991
2025-06-30,3.734999895095825,3.73799991607666,3.4210000038146973,3.4560000896453857
2025-07-01,3.453000068664551,3.4679999351501465,3.2929999828338623,3.4149999618530273
2025-07-02,3.4170000553131104,3.5199999809265137,3.365999937057495,3.48799991607666
2025-07-03,3.5,3.5739998817443848,3.3919999599456787,3.4089999198913574
2025-07-04,3.4030001163482666,3.434999942779541,3.365999937057495,3.38700008392334
2025-07-07,3.3440001010894775,3.4719998836517334,3.2750000953674316,3.4119999408721924
2025-07-08,3.4059998989105225,3.4690001010894775,3.325000047683716,3.3399999141693115
2025-07-09,3.3480000495910645,3.3589999675750732,3.1489999294281006,3.2139999866485596
2025-07-10,3.2079999446868896,3.3980000019073486,3.190999984741211,3.3369998931884766
2025-07-11,3.365000009536743,3.4179999828338623,3.2929999828338623,3.313999891281128
2025-07-14,3.4040000438690186,3.499000072479248,3.382999897003174,3.4660000801086426
2025-07-15,3.447000026702881,3.5420000553131104,3.4010000228881836,3.5230000019073486
2025-07-16,3.5190000534057617,3.5980000495910645,3.490999937057495,3.5510001182556152
2025-07-17,3.556999921798706,3.628999948501587,3.510999917984009,3.5420000553131104
2025-07-18,3.5190000534057617,3.628000020980835,3.49399995803833,3.565000057220459
2025-07-21,3.4639999866485596,3.4749999046325684,3.2869999408721924,3.325000047683716
2025-07-22,3.316999912261963,3.3310000896453857,3.2100000381469727,3.252000093460083
2025-07-23,3.253000020980835,3.2669999599456787,3.061000108718872,3.0769999027252197
2025-07-24,3.069999933242798,3.1659998893737793,3.065000057220459,3.0940001010894775
2025-07-25,3.109999895095825,3.1449999809265137,3.068000078201294,3.109999895095825
2025-07-28,3.0929999351501465,3.140000104904175,2.9839999675750732,2.98799991607666
2025-07-29,3.0339999198913574,3.111999988555908,3.010999917984009,3.0810000896453857
2025-07-30,3.1640000343322754,3.186000108718872,3.0139999389648438,3.0450000762939453
2025-07-31,3.0260000228881836,3.114000082015991,2.9719998836517334,3.1059999465942383
2025-08-01,3.0999999046325684,3.13100004196167,3.0510001182556152,3.0829999446868896
2025-08-04,3.065000057220459,3.078000068664551,2.8949999809265137,2.931999921798706
2025-08-05,2.946000099182129,3.0409998893737793,2.928999900817871,3.009999990463257
2025-08-06,3.015000104904175,3.0959999561309814,2.944999933242798,3.0769999027252197
2025-08-07,3.0989999771118164,3.1480000019073486,3.0350000858306885,3.066999912261963
2025-08-08,3.0859999656677246,3.1059999465942383,2.9600000381469727,2.990000009536743
2025-08-11,2.8949999809265137,3.0,2.88100004196167,2.9539999961853027
2025-08-12,2.9779999256134033,2.984999895095825,2.7739999294281006,2.808000087738037
2025-08-13,2.7839999198913574,2.8510000705718994,2.7639999389648438,2.828000068664551
2025-08-14,2.818000078201294,2.8519999980926514,2.7739999294281006,2.8410000801086426
2025-08-15,2.8499999046325684,2.9660000801086426,2.8359999656677246,2.9159998893737793
2025-08-18,2.877000093460083,2.921999931335449,2.7990000247955322,2.890000104904175
2025-08-19,2.9049999713897705,2.9119999408721924,2.7249999046325684,2.7660000324249268
2025-08-20,2.756999969482422,2.7769999504089355,2.7249999046325684,2.752000093460083
2025-08-21,2.765000104904175,2.8489999771118164,2.740000009536743,2.8259999752044678
2025-08-22,2.812999963760376,2.819000005722046,2.688999891281128,2.697999954223633
2025-08-25,2.6389999389648438,2.7170000076293945,2.621999979019165,2.696000099182129
2025-08-26,2.7109999656677246,2.742000102996826,2.6540000438690186,2.7170000076293945
2025-08-27,2.73799991607666,2.9059998989105225,2.6760001182556152,2.867000102996826
2025-08-28,2.874000072479248,2.999000072479248,2.8499999046325684,2.944000005722046
2025-08-29,2.984999895095825,3.0230000019073486,2.9210000038146973,2.996999979019165
2025-09-02,2.9719998836517334,3.065000057220459,2.86899995803833,3.009000062942505
2025-09-03,2.992000102996826,3.13100004196167,2.9639999866485596,3.063999891281128
2025-09-04,3.075000047683716,3.130000114440918,3.0220000743865967,3.0739998817443848
2025-09-05,3.078000068664551,3.130000114440918,3.0209999084472656,3.0480000972747803
2025-09-08,3.0869998931884766,3.197999954223633,3.055999994277954,3.0899999141693115
2025-09-09,3.0980000495910645,3.1649999618530273,3.0460000038146973,3.117000102996826
2025-09-10,3.1070001125335693,3.117000102996826,3.007999897003174,3.0290000438690186
2025-09-11,3.0290000438690186,3.062000036239624,2.9110000133514404,2.934000015258789
2025-09-12,2.9179999828338623,3.0,2.8970000743865967,2.940999984741211
2025-09-15,2.9509999752044678,3.049999952316284,2.9159998893737793,3.0429999828338623
2025-09-16,3.0450000762939453,3.138000011444092,2.86899995803833,3.1029999256134033
2025-09-17,3.117000102996826,3.1679999828338623,3.068000078201294,3.0999999046325684
2025-09-18,3.0759999752044678,3.1070001125335693,2.924999952316284,2.938999891281128
2025-09-19,2.938999891281128,2.9489998817443848,2.8570001125335693,2.888000011444092
2025-09-22,2.9089999198913574,2.944999933242798,2.803999900817871,2.805999994277954
2025-09-23,2.805999994277954,2.869999885559082,2.7720000743865967,2.8529999256134033
2025-09-24,2.86299991607666,2.9140000343322754,2.815999984741211,2.8580000400543213
2025-09-25,2.878999948501587,2.9679999351501465,2.8480000495910645,2.9040000438690186
2025-09-26,2.9119999408721924,2.944000005722046,2.7880001068115234,2.8350000381469727
2025-09-29,3.1489999294281006,3.2990000247955322,3.132999897003174,3.2669999599456787
2025-09-30,3.2790000438690186,3.3510000705718994,3.244999885559082,3.302999973297119
2025-10-01,3.3310000896453857,3.492000102996826,3.318000078201294,3.4760000705718994
2025-10-02,3.4570000171661377,3.5850000381469727,3.4019999504089355,3.441999912261963
2025-10-03,3.4130001068115234,3.4509999752044678,3.306999921798706,3.3239998817443848
2025-10-06,3.299999952316284,3.484999895095825,3.2960000038146973,3.3570001125335693
2025-10-07,3.3980000019073486,3.5239999294281006,3.3550000190734863,3.497999906539917
2025-10-08,3.5239999294281006,3.549999952316284,3.315999984741211,3.3329999446868896
2025-10-09,3.3359999656677246,3.3929998874664307,3.234999895095825,3.2690000534057617
2025-10-10,3.239000082015991,3.253000020980835,3.0889999866485596,3.1059999465942383
2025-10-13,3.0999999046325684,3.138000011444092,3.0290000438690186,3.118000030517578
2025-10-14,3.1029999256134033,3.1059999465942383,3.003999948501587,3.0280001163482666
2025-10-15,3.0290000438690186,3.0409998893737793,2.9639999866485596,3.0160000324249268
2025-10-16,3.0360000133514404,3.066999912261963,2.921999931335449,2.937999963760376
2025-10-17,2.9260001182556152,3.0239999294281006,2.8929998874664307,3.007999897003174
2025-10-20,3.1600000858306885,3.430000066757202,3.135999917984009,3.3970000743865967
2025-10-21,3.4210000038146973,3.503999948501587,3.3570001125335693,3.4739999771118164
2025-10-22,3.486999988555908,3.572000026702881,3.385999917984009,3.450000047683716
2025-10-23,3.438999891281128,3.506999969482422,3.2899999618530273,3.3440001010894775
2025-10-24,3.2850000858306885,3.3970000743865967,3.200000047683716,3.303999900817871
2025-10-27,3.4100000858306885,3.4690001010894775,3.260999917984009,3.441999912261963
2025-10-28,3.4110000133514404,3.434999942779541,3.239000082015991,3.3450000286102295
2025-10-29,3.2709999084472656,3.4049999713897705,3.193000078201294,3.375999927520752
2025-10-30,3.7980000972747803,4.071000099182129,3.7860000133514404,3.9560000896453857
2025-10-31,4.060999870300293,4.1570000648498535,4.014999866485596,4.124000072479248
2025-11-03,4.159999847412109,4.297999858856201,4.086999893188477,4.265999794006348
2025-11-04,4.25600004196167,4.395999908447266,4.183000087738037,4.3429999351501465
2025-11-05,4.320000171661377,4.35099983215332,4.205999851226807,4.23199987411499
2025-11-06,4.238999843597412,4.420000076293945,4.191999912261963,4.35699987411499
2025-11-07,4.413000106811523,4.419000148773193,4.26800012588501,4.315000057220459
2025-11-10,4.480000019073486,4.508999824523926,4.26200008392334,4.3379998207092285
2025-11-11,4.375,4.580999851226807,4.276000022888184,4.565000057220459
2025-11-12,4.526000022888184,4.581999778747559,4.460999965667725,4.5329999923706055
2025-11-13,4.534999847412109,4.688000202178955,4.453999996185303,4.645999908447266
2025-11-14,4.5970001220703125,4.635000228881836,4.375999927520752,4.565999984741211
2025-11-17,4.531000137329102,4.540999889373779,4.322999954223633,4.361000061035156
2025-11-18,4.3420000076293945,4.401000022888184,4.235000133514404,4.370999813079834
2025-11-19,4.374000072479248,4.6020002365112305,4.349999904632568,4.550000190734863
2025-11-20,4.565999984741211,4.611999988555908,4.458000183105469,4.473999977111816
2025-11-21,4.488999843597412,4.675000190734863,4.460999965667725,4.579999923706055
2025-11-24,4.465000152587891,4.576000213623047,4.443999767303467,4.548999786376953
2025-11-25,4.500999927520752,4.546999931335449,4.267000198364258,4.423999786376953
2025-11-26,4.482999801635742,4.644000053405762,4.441999912261963,4.558000087738037
2025-11-28,4.618000030517578,4.870999813079834,4.5269999504089355,4.849999904632568
2025-12-01,4.869999885559082,4.952000141143799,4.757999897003174,4.921000003814697
2025-12-02,4.9019999504089355,4.984000205993652,4.804999828338623,4.840000152587891
2025-12-03,4.827000141143799,5.039000034332275,4.818999767303467,4.994999885559082
2025-12-04,5.010000228881836,5.090000152587891,4.870999813079834,5.063000202178955
2025-12-05,5.077000141143799,5.495999813079834,5.0269999504089355,5.289000034332275
2025-12-08,5.099999904632568,5.204999923706055,4.849999904632568,4.9120001792907715
2025-12-09,4.868000030517578,4.877999782562256,4.551000118255615,4.573999881744385
2025-12-10,4.578000068664551,4.696000099182129,4.454999923706055,4.59499979019165
2025-12-11,4.625999927520752,4.63100004196167,4.196000099182129,4.230999946594238
2025-12-12,4.230999946594238,4.256999969482422,4.065000057220459,4.11299991607666
2025-12-15,4.171000003814697,4.2179999351501465,3.993000030517578,4.01200008392334
2025-12-16,4.0370001792907715,4.045000076293945,3.8420000076293945,3.885999917984009
2025-12-17,3.936000108718872,4.113999843597412,3.9200000762939453,4.02400016784668
2025-12-18,4.117000102996826,4.2179999351501465,3.877000093460083,3.9079999923706055
2025-12-19,3.941999912261963,4.03000020980835,3.8399999141693115,3.9839999675750732
2025-12-22,4.080999851226807,4.139999866485596,3.796999931335449,3.9649999141693115
2025-12-23,3.990000009536743,4.448999881744385,3.943000078201294,4.4079999923706055
2025-12-24,4.414999961853027,4.5929999351501465,4.179999828338623,4.242000102996826
2025-12-26,4.196000099182129,4.421000003814697,4.196000099182129,4.366000175476074
2025-12-29,4.449999809265137,4.7210001945495605,4.35099983215332,4.686999797821045
2025-12-30,3.947000026702881,4.176000118255615,3.9159998893737793,3.9719998836517334
2025-12-31,3.9760000705718994,3.9830000400543213,3.678999900817871,3.686000108718872
2026-01-02,3.678999900817871,3.703000068664551,3.562999963760376,3.618000030517578
2026-01-05,3.506999969482422,3.5299999713897705,3.3550000190734863,3.5230000019073486
2026-01-06,3.492000102996826,3.502000093460083,3.3239998817443848,3.3499999046325684
2026-01-07,3.424999952316284,3.5910000801086426,3.4189999103546143,3.5250000953674316
2026-01-08,3.562999963760376,3.634000062942505,3.3550000190734863,3.4070000648498535
2026-01-09,3.4100000858306885,3.496000051498413,3.13100004196167,3.1689999103546143
2026-01-12,3.2899999618530273,3.430999994277954,3.181999921798706,3.4089999198913574
2026-01-13,3.3580000400543213,3.499000072479248,3.2980000972747803,3.4189999103546143
2026-01-14,3.384000062942505,3.443000078201294,3.068000078201294,3.119999885559082
2026-01-15,3.1019999980926514,3.2179999351501465,3.00600004196167,3.128000020980835
2026-01-16,3.1459999084472656,3.2300000190734863,3.0199999809265137,3.1029999256134033
2026-01-20,3.5,3.990000009536743,3.380000114440918,3.9070000648498535
2026-01-21,3.9030001163482666,5.098999977111816,3.8340001106262207,4.875
2026-01-22,5.039000034332275,5.650000095367432,4.769000053405762,5.045000076293945
2026-01-23,4.872000217437744,5.434000015258789,4.659999847412109,5.275000095367432
2026-01-26,5.790999889373779,7.439000129699707,5.728000164031982,6.800000190734863
2026-01-27,6.645999908447266,7.309999942779541,5.771999835968018,6.953999996185303
2026-01-28,6.5,7.827000141143799,5.900000095367432,7.460000038146973
2026-01-29,3.742000102996826,3.930000066757202,3.7279999256134033,3.9179999828338623
2026-01-30,3.878999948501587,4.425000190734863,3.818000078201294,4.354000091552734
2026-02-02,3.7079999446868896,3.7360000610351562,3.1549999713897705,3.236999988555908
2026-02-03,3.263000011444092,3.3970000743865967,3.1689999103546143,3.311000108718872
2026-02-04,3.369999885559082,3.5480000972747803,3.2639999389648438,3.4649999141693115
2026-02-05,3.4719998836517334,3.572999954223633,3.328000068664551,3.509000062942505
2026-02-06,3.5169999599456787,3.6589999198913574,3.38700008392334,3.421999931335449
2026-02-09,3.25,3.265000104904175,3.1110000610351562,3.138000011444092
2026-02-10,3.1410000324249268,3.2139999866485596,3.061000108718872,3.115000009536743
2026-02-11,3.1589999198913574,3.249000072479248,3.055000066757202,3.1589999198913574
2026-02-12,3.2219998836517334,3.315999984741211,3.180000066757202,3.2170000076293945
2026-02-13,3.2190001010894775,3.2780001163482666,3.114000082015991,3.243000030517578
2026-02-17,3.049999952316284,3.1710000038146973,2.9679999351501465,3.0309998989105225
2026-02-18,3.049999952316284,3.055999994277954,2.921999931335449,3.010999917984009
2026-02-19,3.0220000743865967,3.0950000286102295,2.9609999656677246,2.996000051498413
2026-02-20,2.9709999561309814,3.1549999713897705,2.9489998817443848,3.046999931335449
2026-02-23,3.240000009536743,3.253000020980835,2.9769999980926514,2.984999895095825
2026-02-24,2.9809999465942383,3.0139999389648438,2.9049999713897705,2.9149999618530273
2026-02-25,2.9200000762939453,3.0169999599456787,2.8949999809265137,2.9690001010894775
2026-02-26,2.8910000324249268,2.8910000324249268,2.7750000953674316,2.8269999027252197
2026-02-27,2.8320000171661377,2.8940000534057617,2.818000078201294,2.8589999675750732
2026-03-02,2.928999900817871,3.069999933242798,2.867000102996826,2.9600000381469727
2026-03-03,2.9800000190734863,3.187999963760376,2.9730000495910645,3.053999900817871
2026-03-04,3.0409998893737793,3.0759999752044678,2.8910000324249268,2.9170000553131104
2026-03-05,2.937000036239624,3.0460000038146973,2.9200000762939453,3.003000020980835
2026-03-06,3.0220000743865967,3.2799999713897705,2.9509999752044678,3.186000108718872
2026-03-09,3.303999900817871,3.49399995803833,3.0209999084472656,3.119999885559082
2026-03-10,3.0269999504089355,3.1470000743865967,2.9609999656677246,3.0199999809265137
2026-03-11,3.063999891281128,3.2279999256134033,3.0190000534057617,3.2090001106262207
2026-03-12,3.2309999465942383,3.2920000553131104,3.1449999809265137,3.2330000400543213
2026-03-13,3.252000093460083,3.316999912261963,3.1089999675750732,3.13100004196167
2026-03-16,3.180000066757202,3.180000066757202,2.992000102996826,3.0230000019073486
2026-03-17,3.0360000133514404,3.0969998836517334,3.00600004196167,3.0329999923706055
2026-03-18,3.0439999103546143,3.2109999656677246,2.9230000972747803,3.065000057220459
2026-03-19,3.1640000343322754,3.2699999809265137,3.1029999256134033,3.1659998893737793
2026-03-20,3.119999885559082,3.1689999103546143,3.0450000762939453,3.0950000286102295
2026-03-23,3.1080000400543213,3.1530001163482666,2.875,2.8910000324249268
2026-03-24,2.9100000858306885,2.9739999771118164,2.875999927520752,2.943000078201294
2026-03-25,2.9000000953674316,2.984999895095825,2.864000082015991,2.9519999027252197
2026-03-26,2.9839999675750732,3.0250000953674316,2.9179999828338623,2.999000072479248
2026-03-27,2.9700000286102295,3.124000072479248,2.9649999141693115,3.0950000286102295
2026-03-30,3.055000066757202,3.056999921798706,2.8510000705718994,2.88700008392334
2026-03-31,2.88700008392334,2.9769999980926514,2.802999973297119,2.884000062942505
2026-04-01,2.880000114440918,2.8989999294281006,2.7850000858306885,2.819000005722046
2026-04-02,2.812999963760376,2.8889999389648438,2.7790000438690186,2.799999952316284
2026-04-06,2.8380000591278076,2.868000030517578,2.7690000534057617,2.811000108718872
2026-04-07,2.803999900817871,2.888000011444092,2.75600004196167,2.869999885559082
2026-04-08,2.8429999351501465,2.8440001010894775,2.7019999027252197,2.7239999771118164
2026-04-09,2.7309999465942383,2.73799991607666,2.6549999713897705,2.6700000762939453
2026-04-10,2.6710000038146973,2.688999891281128,2.628000020980835,2.6480000019073486
2026-04-13,2.690999984741211,2.7230000495910645,2.615000009536743,2.627000093460083
2026-04-14,2.628000020980835,2.6600000858306885,2.561000108718872,2.5989999771118164
2026-04-15,2.5989999771118164,2.628000020980835,2.569999933242798,2.609999895095825
2026-04-16,2.614000082015991,2.678999900817871,2.5880000591278076,2.6470000743865967
2026-04-17,2.6670000553131104,2.7070000171661377,2.622999906539917,2.6740000247955322
2026-04-20,2.687999963760376,2.746000051498413,2.671999931335449,2.688999891281128
2026-04-21,2.674999952316284,2.7200000286102295,2.6429998874664307,2.697000026702881
2026-04-22,2.7009999752044678,2.763000011444092,2.6760001182556152,2.7219998836517334
2026-04-23,2.7179999351501465,2.740000009536743,2.568000078201294,2.614000082015991
2026-04-24,2.5940001010894775,2.5940001010894775,2.494999885559082,2.5230000019073486
2026-04-27,2.505000114440918,2.630000114440918,2.505000114440918,2.549999952316284
2026-04-28,2.5390000343322754,2.578000068664551,2.4830000400543213,2.559000015258789
2026-04-29,2.680000066757202,2.691999912261963,2.615000009536743,2.6470000743865967
2026-04-30,2.6489999294281006,2.7939999103546143,2.5920000076293945,2.7669999599456787
2026-05-01,2.755000114440918,2.821000099182129,2.746000051498413,2.7799999713897705
2026-05-04,2.7829999923706055,2.882999897003174,2.752000093460083,2.867000102996826
2026-05-05,2.8510000705718994,2.868000030517578,2.759999990463257,2.7880001068115234
2026-05-06,2.7809998989105225,2.7890000343322754,2.690000057220459,2.7300000190734863
2026-05-07,2.7260000705718994,2.812999963760376,2.6760001182556152,2.7690000534057617
2026-05-08,2.7880001068115234,2.8450000286102295,2.734999895095825,2.756999969482422
2026-05-11,2.752000093460083,2.936000108718872,2.750999927520752,2.9100000858306885
2026-05-12,2.9260001182556152,2.944999933242798,2.803999900817871,2.8429999351501465
2026-05-13,2.8329999446868896,2.927000045776367,2.812999963760376,2.864000082015991
2026-05-14,2.867000102996826,2.921999931335449,2.7980000972747803,2.8940000534057617
2026-05-15,2.9200000762939453,2.9820001125335693,2.8940000534057617,2.9600000381469727
2026-05-18,2.99399995803833,3.0899999141693115,2.9670000076293945,3.0239999294281006
2026-05-19,3.0309998989105225,3.132999897003174,3.00600004196167,3.114000082015991
2026-05-20,3.11299991607666,3.138000011444092,2.984999895095825,3.003999948501587
2026-05-21,3.0299999713897705,3.065999984741211,2.9800000190734863,3.0179998874664307
2026-05-22,3.0,3.009999990463257,2.888000011444092,2.9070000648498535
2026-05-26,2.9000000953674316,2.989000082015991,2.8589999675750732,2.8940000534057617
2026-05-27,2.9100000858306885,3.055000066757202,2.8570001125335693,3.0399999618530273
2026-05-28,3.0880000591278076,3.305999994277954,3.056999921798706,3.2850000858306885
2026-05-29,3.2990000247955322,3.388000011444092,3.2720000743865967,3.2899999618530273
2026-06-01,3.3350000381469727,3.3959999084472656,3.1600000858306885,3.178999900817871
2026-06-02,3.194000005722046,3.2279999256134033,3.0989999771118164,3.1670000553131104
2026-06-03,3.171999931335449,3.26200008392334,3.1429998874664307,3.2139999866485596
2026-06-04,3.255000114440918,3.375999927520752,3.2109999656677246,3.3359999656677246
2026-06-05,3.3550000190734863,3.365000009536743,3.2079999446868896,3.2290000915527344
2026-06-08,3.184999942779541,3.194999933242798,3.0969998836517334,3.1470000743865967
2026-06-09,3.1440000534057617,3.2070000171661377,3.117000102996826,3.140000104904175
2026-06-10,3.138000011444092,3.249000072479248,3.072000026702881,3.184999942779541
2026-06-11,3.186000108718872,3.2039999961853027,3.053999900817871,3.0869998931884766
2026-06-12,3.0850000381469727,3.1429998874664307,3.0309998989105225,3.119999885559082
2026-06-15,3.0850000381469727,3.1630001068115234,3.0169999599456787,3.1470000743865967
2026-06-16,3.1549999713897705,3.2679998874664307,3.127000093460083,3.239000082015991
2026-06-17,3.256999969482422,3.2990000247955322,3.121000051498413,3.1449999809265137
2026-06-18,3.1540000438690186,3.246000051498413,3.125,3.2330000400543213
2026-06-22,3.2799999713897705,3.3350000381469727,3.2339999675750732,3.253000020980835
2026-06-23,3.236999988555908,3.2769999504089355,3.1419999599456787,3.1470000743865967
2026-06-24,3.1610000133514404,3.2320001125335693,3.135999917984009,3.2209999561309814
2026-06-25,3.2230000495910645,3.36299991607666,3.196000099182129,3.3429999351501465
2026-06-26,3.302000045776367,3.440999984741211,3.2009999752044678,3.2309999465942383
2026-06-29,3.2809998989105225,3.312999963760376,3.1630001068115234,3.180999994277954
2026-06-30,3.1710000038146973,3.328000068664551,3.1589999198913574,3.2750000953674316
2026-07-01,3.25600004196167,3.2709999084472656,3.194999933242798,3.2200000286102295
2026-07-02,3.2139999866485596,3.2200000286102295,3.1510000228881836,3.196000099182129
2026-07-06,3.2060000896453857,3.25600004196167,3.1589999198913574,3.244999885559082
2026-07-07,3.253999948501587,3.319999933242798,3.180999994277954,3.265000104904175
2026-07-08,3.2809998989105225,3.3550000190734863,3.203000068664551,3.2119998931884766
2026-07-09,3.2190001010894775,3.24399995803833,2.990999937057495,3.01200008392334
2026-07-10,3.0160000324249268,3.0220000743865967,2.874000072479248,2.940000057220459
2026-07-13,2.930999994277954,2.953000068664551,2.8469998836517334,2.8970000743865967
2026-07-14,2.9030001163482666,2.927999973297119,2.8499999046325684,2.9040000438690186
2026-07-15,2.9230000972747803,2.940999984741211,2.865000009536743,2.9240000247955322
2026-07-16,2.9210000038146973,2.9679999351501465,2.822999954223633,2.8580000400543213
2026-07-17,2.8940000534057617,2.9260001182556152,2.8429999351501465,2.9110000133514404
2026-07-20,2.875,2.9100000858306885,2.8310000896453857,2.859999895095825
2026-07-21,2.8420000076293945,2.9059998989105225,2.8389999866485596,2.865000009536743
2026-07-22,2.8919999599456787,2.9509999752044678,2.865000009536743,2.924999952316284
2026-07-23,2.943000078201294,2.990999937057495,2.9059998989105225,2.9159998893737793
2026-07-24,2.9149999618530273,2.9579999446868896,2.8589999675750732,2.871000051498413
2026-07-27,2.819999933242798,2.8359999656677246,2.7339999675750732,2.7669999599456787
2026-07-28,2.740999937057495,2.760999917984009,2.634999990463257,2.6619999408721924
2026-07-29,2.631999969482422,2.7709999084472656,2.619999885559082,2.7249999046325684
2026-07-30,2.7320001125335693,2.7760000228881836,2.680000066757202,2.757999897003174
2026-07-31,2.746000051498413,2.802000045776367,2.7119998931884766,2.746999979019165
2026-08-03,2.744999885559082,2.809999942779541,2.7100000381469727,2.7809998989105225
2026-08-04,2.7739999294281006,2.7860000133514404,2.6589999198913574,2.681999921798706
2026-08-05,2.687000036239624,2.7079999446868896,2.6600000858306885,2.687999963760376
2026-08-06,2.6710000038146973,2.7019999027252197,2.615999937057495,2.640000104904175
2026-08-07,2.632999897003174,2.690000057220459,2.617000102996826,2.6619999408721924
2026-08-10,2.7090001106262207,2.805999994277954,2.7019999027252197,2.7939999103546143
2026-08-11,2.7780001163482666,2.819000005722046,2.744999885559082,2.7669999599456787
2026-08-12,2.749000072479248,2.8299999237060547,2.746999979019165,2.803999900817871
2026-08-13,2.7920000553131104,2.7990000247955322,2.7090001106262207,2.7269999980926514
2026-08-14,2.7360000610351562,2.7829999923706055,2.7100000381469727,2.7330000400543213
2026-08-17,2.690999984741211,2.7100000381469727,2.638000011444092,2.690000057220459
2026-08-18,2.7019999027252197,2.7960000038146973,2.691999912261963,2.7760000228881836
2026-08-19,2.7860000133514404,2.875,2.7699999809265137,2.813999891281128
2026-08-20,2.7809998989105225,2.803999900817871,2.7109999656677246,2.7330000400543213
2026-08-21,2.763000011444092,2.7980000972747803,2.740999937057495,2.7730000019073486
2026-08-24,2.75,2.8389999866485596,2.7160000801086426,2.7820000648498535
2026-08-25,2.753999948501587,2.803999900817871,2.696000099182129,2.7699999809265137
2026-08-26,2.7929999828338623,2.9110000133514404,2.7850000858306885,2.8420000076293945
2026-08-27,2.8550000190734863,2.944000005722046,2.8499999046325684,2.9070000648498535
2026-08-28,2.9059998989105225,2.931999921798706,2.8359999656677246,2.888000011444092
2026-08-31,2.875,2.947000026702881,2.8320000171661377,2.927999973297119
