date,open,high,low,close
2016-08-30,0.7243752479553223,0.7262164354324341,0.7225955128669739,0.7241129279136658
2016-08-31,0.724480152130127,0.7295010089874268,0.7228044867515564,0.7245851755142212
2016-09-01,0.7293945550918579,0.7348618507385254,0.727219820022583,0.7293945550918579
2016-09-04,0.7295010089874268,0.734268307685852,0.7295010089874268,0.7296074628829956
2016-09-05,0.7313148975372314,0.7415096759796143,0.7305135726928711,0.7311010360717773
2016-09-06,0.7416197061538696,0.7487271428108215,0.7400829195976257,0.742225170135498
2016-09-07,0.7449899315834045,0.7485030293464661,0.7409054040908813,0.745156466960907
2016-09-08,0.7407956123352051,0.7416197061538696,0.7319036722183228,0.7405762076377869
2016-09-11,0.7335681319236755,0.7348078489303589,0.7292882204055786,0.7336218357086182
2016-09-12,0.7361059784889221,0.736485481262207,0.7263219356536865,0.7363770008087158
2016-09-13,0.7246901988983154,0.7312614321708679,0.7241653800010681,0.7251105904579163
2016-09-14,0.7274314761161804,0.7313148975372314,0.7242702841758728,0.727219820022583
2016-09-15,0.732225239276886,0.7327080965042114,0.7261109352111816,0.7322788834571838
2016-09-18,0.7273785471916199,0.7328155040740967,0.7273785471916199,0.7274843454360962
2016-09-19,0.7304602265357971,0.7359976172447205,0.7297672033309937,0.7304602265357971
2016-09-20,0.732225239276886,0.7351319789886475,0.7281200289726257,0.7322788834571838
2016-09-21,0.7348078489303589,0.7369740009307861,0.730620265007019,0.7345919609069824
2016-09-22,0.7313148975372314,0.7314218878746033,0.7233272790908813,0.731368362903595
2016-09-25,0.7233796119689941,0.7287567257881165,0.7224389910697937,0.7235366702079773
2016-09-26,0.7276431918144226,0.7331916093826294,0.7263219356536865,0.7276431918144226
2016-09-27,0.729341447353363,0.7293945550918579,0.7235890030860901,0.7296607494354248
2016-09-28,0.7284913063049316,0.7306736707687378,0.7257420420646667,0.7285974621772766
2016-09-29,0.7246901988983154,0.7298737168312073,0.7230657935142517,0.7245851755142212
2016-10-02,0.7265858054161072,0.7290754914283752,0.725426197052002,0.7265858054161072
2016-10-03,0.7295010089874268,0.7312079668045044,0.7249003052711487,0.7297139763832092
2016-10-04,0.7188555598258972,0.7203054428100586,0.7151541113853455,0.7188039422035217
2016-10-05,0.7175145149230957,0.7178235650062561,0.7137758731842041,0.7172572016716003
2016-10-06,0.7161784768104553,0.7202016711235046,0.7115411758422852,0.716383695602417
2016-10-09,0.7175145149230957,0.7175145149230957,0.7123521566390991,0.7172057628631592
2016-10-10,0.7129108309745789,0.7129108309745789,0.705268383026123,0.7128599882125854
2016-10-11,0.7083156108856201,0.7095721364021301,0.7046719789505005,0.708365797996521
2016-10-12,0.704820990562439,0.7087172269821167,0.7036802172660828,0.704820990562439
2016-10-13,0.7086167335510254,0.7133685350418091,0.7079645991325378,0.708666980266571
2016-10-16,0.7088679671287537,0.7142857313156128,0.708666980266571,0.7090187072753906
2016-10-17,0.7172572016716003,0.7218131422996521,0.7172572016716003,0.7174115777015686
2016-10-18,0.7208245992660522,0.7237984538078308,0.7193209528923035,0.72061687707901
2016-10-19,0.7232226729393005,0.7262164354324341,0.718339204788208,0.7232226729393005
2016-10-20,0.7188555598258972,0.7192174792289734,0.7148473858833313,0.7191140651702881
2016-10-23,0.7157171368598938,0.7177205085754395,0.7126567959785461,0.7156659364700317
2016-10-24,0.7130632996559143,0.7171028852462769,0.7127075791358948,0.7130124568939209
2016-10-25,0.7166403532028198,0.7183908224105835,0.7148473858833313,0.7168973088264465
2016-10-26,0.7148984670639038,0.7166917324066162,0.711946427822113,0.7154099345207214
2016-10-27,0.7127583622932434,0.7158196568489075,0.7114905714988708,0.7126567959785461
2016-10-31,0.7161784768104553,0.716589093208313,0.7139797210693359,0.716589093208313
2016-11-01,0.7156146764755249,0.7193209528923035,0.7154099345207214,0.7158196568489075
2016-11-02,0.7206687927246094,0.7304068207740784,0.7203054428100586,0.7207207083702087
2016-11-03,0.7283321022987366,0.7330840826034546,0.7280669808387756,0.7283851504325867
2016-11-04,0.7331916093826294,0.7332990765571594,0.7301401495933533,0.733245313167572
2016-11-07,0.7324934005737305,0.7330840826034546,0.7295542359352112,0.7320643663406372
2016-11-08,0.7338372468948364,0.7369740009307861,0.7320108413696289,0.7338911294937134
2016-11-09,0.7370826601982117,0.7395902872085571,0.7279079556465149,0.737136960029602
2016-11-10,0.7291818857192993,0.7306736707687378,0.7179266214370728,0.7289692759513855
2016-11-11,0.7211365103721619,0.7232226729393005,0.7131650447845459,0.7218131422996521
2016-11-14,0.7113893628120422,0.7143367528915405,0.7076640129089355,0.7109847068786621
2016-11-15,0.7130124568939209,0.7144898176193237,0.7072135806083679,0.7132158875465393
2016-11-16,0.7093204259872437,0.7114905714988708,0.704026997089386,0.7095217704772949
2016-11-17,0.7094210982322693,0.7110353112220764,0.7057162523269653,0.709723174571991
2016-11-18,0.702049970626831,0.7059155702590942,0.7003781795501709,0.7020993232727051
2016-11-21,0.7000839710235596,0.707764208316803,0.6996921300888062,0.6997900605201721
2016-11-22,0.7079144716262817,0.7086167335510254,0.7033832669258118,0.707764208316803
2016-11-23,0.7070136070251465,0.7081149816513062,0.7001330256462097,0.7069135904312134
2016-11-24,0.6998880505561829,0.7012130618095398,0.6974959969520569,0.6997900605201721
2016-11-25,0.7009673714637756,0.7063144445419312,0.6988608837127686,0.7009181976318359
2016-11-28,0.7049203515052795,0.7102777361869812,0.7045726776123047,0.7049700617790222
2016-11-29,0.7085666060447693,0.7129108309745789,0.706763744354248,0.7085163593292236
2016-11-30,0.7137249112129211,0.7171028852462769,0.7091695666313171,0.7134703397750854
2016-12-01,0.7078643441200256,0.7106815576553345,0.7048706412315369,0.707764208316803
2016-12-02,0.7100759744644165,0.7142857313156128,0.7087674736976624,0.7098239660263062
2016-12-05,0.7085163593292236,0.7116931080818176,0.7071635127067566,0.7102777361869812
2016-12-06,0.7141836881637573,0.7160758972167969,0.7114399671554565,0.7143367528915405
2016-12-07,0.7128092050552368,0.7167431116104126,0.7113387584686279,0.7127075791358948
2016-12-08,0.718442440032959,0.7224911451339722,0.7148473858833313,0.7182360291481018
2016-12-09,0.7183908224105835,0.7191140651702881,0.7150518298149109,0.7180297374725342
2016-12-12,0.7126059532165527,0.72061687707901,0.7117944359779358,0.7129108309745789
2016-12-13,0.7198905944824219,0.7233796119689941,0.7181844115257263,0.7199942469596863
2016-12-14,0.7202016711235046,0.7234842777252197,0.7197869420051575,0.7204091548919678
2016-12-15,0.7115918397903442,0.7119971513748169,0.7025431990623474,0.7117944359779358
2016-12-16,0.7049700617790222,0.7049700617790222,0.6934331655502319,0.7049203515052795
2016-12-19,0.6963788270950317,0.6991051435470581,0.6937699317932129,0.6963788270950317
2016-12-20,0.6930967569351196,0.6949753165245056,0.6883733868598938,0.6929046511650085
2016-12-21,0.6926167011260986,0.6948304176330566,0.6908462643623352,0.6930007338523865
2016-12-22,0.690321683883667,0.6927126049995422,0.6889424324035645,0.6904169917106628
2016-12-23,0.6905123591423035,0.6916107535362244,0.6863889098167419,0.6906077861785889
2016-12-26,0.6885156035423279,0.6939625144004822,0.6878998875617981,0.6885629892349243
2016-12-27,0.6884207725524902,0.6907030940055847,0.6880891919136047,0.6883260011672974
2016-12-28,0.6897978782653809,0.6932889819145203,0.6896551251411438,0.6897027492523193
2016-12-29,0.6926646828651428,0.6971555948257446,0.6918500065803528,0.6927126049995422
2016-12-30,0.6972042322158813,0.6974959969520569,0.6944926381111145,0.6972042322158813
2017-01-02,0.6934331655502319,0.6957489848136902,0.691658616065979,0.6934331655502319
2017-01-03,0.6930007338523865,0.6977880001068115,0.6888000965118408,0.6931928396224976
2017-01-04,0.6921373009681702,0.6957005858421326,0.6892274022102356,0.6923769116401672
2017-01-05,0.6972042322158813,0.7029876708984375,0.6955553889274597,0.6963303089141846
2017-01-06,0.7019514441490173,0.7041757702827454,0.6985191702842712,0.7021485567092896
2017-01-09,0.696815550327301,0.701311469078064,0.6951685547828674,0.6967670321464539
2017-01-10,0.7015082240104675,0.704820990562439,0.6961848735809326,0.7018036246299744
2017-01-11,0.6986167430877686,0.7021978497505188,0.6964758634567261,0.6984215378761292
2017-01-12,0.7066138982772827,0.7137758731842041,0.7047712802886963,0.7067137956619263
2017-01-13,0.7113893628120422,0.7140816450119019,0.7076139450073242,0.711186945438385
2017-01-16,0.7124282717704773,0.7128905057907104,0.7078693509101868,0.7131599187850952
2017-01-17,0.7101919651031494,0.7208765745162964,0.7097786068916321,0.7100709080696106
2017-01-18,0.7203209400177002,0.7209908962249756,0.7181019186973572,0.7202794551849365
2017-01-19,0.7128905057907104,0.719900906085968,0.7119008302688599,0.7128193378448486
2017-01-20,0.719631552696228,0.722522497177124,0.7131395936012268,0.7193416953086853
2017-01-23,0.7187625765800476,0.7225903868675232,0.717900812625885,0.7189692854881287
2017-01-24,0.7234790325164795,0.7277014255523682,0.7211625576019287,0.7236099243164062
2017-01-25,0.7252105474472046,0.7285497188568115,0.7227209210395813,0.7256894111633301
2017-01-26,0.730428159236908,0.7307217121124268,0.7228201031684875,0.7300815582275391
2017-01-27,0.724280834197998,0.7284117341041565,0.7233220934867859,0.7245011925697327
2017-01-30,0.7273573279380798,0.7285815477371216,0.7239819169044495,0.7272674441337585
2017-01-31,0.7293307781219482,0.7350617051124573,0.727241039276123,0.7295223474502563
2017-02-01,0.7295010089874268,0.7297139763832092,0.7250789999961853,0.7294318675994873
2017-02-02,0.7258895635604858,0.7337026596069336,0.7258895635604858,0.7254314422607422
2017-02-03,0.7286877036094666,0.7331593036651611,0.726290225982666,0.7285602688789368
2017-02-06,0.7312774658203125,0.732831597328186,0.7287089228630066,0.7314700484275818
2017-02-07,0.7320215106010437,0.7374576926231384,0.7282207608222961,0.7317376136779785
2017-02-08,0.7296074628829956,0.7333206534385681,0.7285708785057068,0.7297991514205933
2017-02-09,0.7236518263816833,0.7237984538078308,0.7175300121307373,0.723552405834198
2017-02-10,0.719062328338623,0.7206584215164185,0.717509388923645,0.7195383310317993
2017-02-13,0.7191088795661926,0.7219018340110779,0.7157478928565979,0.7194244861602783
2017-02-14,0.7181483507156372,0.7198179960250854,0.7139797210693359,0.7180503606796265
2017-02-15,0.7173087000846863,0.719641923904419,0.714832067489624,0.717288076877594
2017-02-16,0.7219799757003784,0.7242493033409119,0.7207778692245483,0.7222719788551331
2017-02-17,0.7211625576019287,0.7221415638923645,0.7182515263557434,0.721547544002533
2017-02-20,0.7182618379592896,0.7194762229919434,0.7171286344528198,0.7181895971298218
2017-02-21,0.7174476385116577,0.7177102565765381,0.7131701111793518,0.7176175117492676
2017-02-22,0.7163220643997192,0.7176586985588074,0.7150876522064209,0.7164401412010193
2017-02-23,0.7181586623191833,0.724579930305481,0.7174990773200989,0.7181792259216309
2017-02-24,0.7231180667877197,0.723829984664917,0.719610869884491,0.7230396866798401
2017-02-27,0.7188814282417297,0.7218809127807617,0.7188504338264465,0.7192174792289734
2017-02-28,0.7182824611663818,0.7235314249992371,0.7179214954376221,0.7185301780700684
2017-03-01,0.717329204082489,0.7185817956924438,0.7102323174476624,0.717221200466156
2017-03-02,0.7118704319000244,0.7146583199501038,0.7069985866546631,0.7114703059196472
2017-03-03,0.7059404850006104,0.7066888213157654,0.7011393904685974,0.706239640712738
2017-03-06,0.7036307454109192,0.704820990562439,0.7005106210708618,0.703759491443634
2017-03-07,0.6995991468429565,0.7016608715057373,0.6973792314529419,0.6994082927703857
2017-03-08,0.6962091326713562,0.6978707909584045,0.6917399764060974,0.6963981986045837
2017-03-09,0.6916298866271973,0.691811740398407,0.6891893744468689,0.6916777491569519
2017-03-10,0.6897217631340027,0.6948208212852478,0.6893603801727295,0.6896598935127258
2017-03-13,0.6921900510787964,0.6950622797012329,0.6915294528007507,0.6923577785491943
2017-03-14,0.6920415163040161,0.69358229637146,0.6894174218177795,0.691811740398407
2017-03-15,0.69287109375,0.6961509585380554,0.6926599144935608,0.6929382681846619
2017-03-16,0.7025481462478638,0.7043592929840088,0.6972382664680481,0.7027407288551331
2017-03-17,0.6983289122581482,0.7024939060211182,0.69808030128479,0.698319137096405
2017-03-20,0.7028592228889465,0.7072485685348511,0.7025481462478638,0.7028592228889465
2017-03-21,0.7050197124481201,0.7092198729515076,0.7034376859664917,0.7049203515052795
2017-03-22,0.7040765881538391,0.7059803605079651,0.7017790079116821,0.7041410803794861
2017-03-23,0.7040418982505798,0.7055917978286743,0.7028098106384277,0.7040418982505798
2017-03-24,0.702928364276886,0.7037792801856995,0.699628472328186,0.702928364276886
2017-03-26,0.7045379281044006,0.7071135640144348,0.7041410803794861,0.7045577764511108
2017-03-27,0.7047911882400513,0.7048606872558594,0.700790524482727,0.7047911882400513
2017-03-28,0.7009181976318359,0.7031310796737671,0.6994914412498474,0.7008199691772461
2017-03-29,0.7037099003791809,0.7037495970726013,0.7007413506507874,0.7033783197402954
2017-03-30,0.7002506852149963,0.7002506852149963,0.6977490782737732,0.7003585696220398
2017-04-02,0.7003291845321655,0.7017051577568054,0.6987778544425964,0.7004910707473755
2017-04-03,0.7017297744750977,0.701911985874176,0.697179913520813,0.7017495036125183
2017-04-04,0.6977588534355164,0.6986167430877686,0.6953184008598328,0.6976419687271118
2017-04-05,0.6975787281990051,0.6987583041191101,0.6963497400283813,0.6977198123931885
2017-04-06,0.6972090601921082,0.6991491317749023,0.6948497891426086,0.6973792314529419
2017-04-09,0.6940395832061768,0.6967184543609619,0.6922618746757507,0.6941697001457214
2017-04-10,0.6963303089141846,0.6966116428375244,0.6931976675987244,0.6964515447616577
2017-04-11,0.695652186870575,0.6960492730140686,0.6915629506111145,0.6958893537521362
2017-04-12,0.6993593573570251,0.7014098763465881,0.6987192630767822,0.6993593573570251
2017-04-13,0.6995110511779785,0.7011147737503052,0.6987680792808533,0.6995795369148254
2017-04-16,0.7015722393989563,0.7038784027099609,0.7006088495254517,0.7014787197113037
2017-04-17,0.701301634311676,0.7040320038795471,0.7002114653587341,0.7012278437614441
2017-04-18,0.7046521306037903,0.7053778171539307,0.7000398635864258,0.7046024799346924
2017-04-19,0.7039080858230591,0.7051888108253479,0.7007708549499512,0.7038981914520264
2017-04-20,0.6990904808044434,0.7022964954376221,0.6989488005638123,0.6990220546722412
2017-04-23,0.7042402029037476,0.704820990562439,0.7018676996231079,0.7042204141616821
2017-04-24,0.7014688849449158,0.7015624046325684,0.6945505738258362,0.7013508081436157
2017-04-25,0.695129930973053,0.6952217221260071,0.6874978542327881,0.6950622797012329
2017-04-26,0.6904885172843933,0.692142128944397,0.6850112676620483,0.6902597546577454
2017-04-27,0.6883307099342346,0.68861985206604,0.6853210926055908,0.688349723815918
2017-04-30,0.6874883770942688,0.692520797252655,0.6853492856025696,0.6873891949653625
2017-05-01,0.6922187805175781,0.6936689019203186,0.6905600428581238,0.6922618746757507
2017-05-02,0.696359395980835,0.696359395980835,0.6899692416191101,0.6962576508522034
2017-05-03,0.6887004971504211,0.6892083883285522,0.684148907661438,0.6886577606201172
2017-05-04,0.6873797178268433,0.6922810673713684,0.6863276362419128,0.6875687837600708
2017-05-07,0.6898978352546692,0.6944685578346252,0.6889614462852478,0.6900882720947266
2017-05-08,0.6922714710235596,0.6925879120826721,0.6881412863731384,0.6920893788337708
2017-05-09,0.6897217631340027,0.6950719356536865,0.6891276240348816,0.6897978782653809
2017-05-10,0.6831207275390625,0.6863606572151184,0.6821514964103699,0.6833588480949402
2017-05-11,0.684359610080719,0.6871482729911804,0.6828688979148865,0.684387743473053
2017-05-14,0.6866622567176819,0.6917494535446167,0.6865491271018982,0.6866387128829956
2017-05-15,0.6890421509742737,0.6907413005828857,0.6864878535270691,0.6890279054641724
2017-05-16,0.6890706419944763,0.6941118240356445,0.6879377365112305,0.6890421509742737
2017-05-17,0.6939576864242554,0.6946614980697632,0.6911423206329346,0.6939721703529358
2017-05-18,0.6893318891525269,0.6918978691101074,0.6882691383361816,0.689560055732727
2017-05-21,0.6933706998825073,0.6996921300888062,0.6921900510787964,0.6934283971786499
2017-05-22,0.7005597352981567,0.7047613263130188,0.6994082927703857,0.7004714012145996
2017-05-23,0.7011000514030457,0.7042997479438782,0.6990318298339844,0.700908362865448
2017-05-24,0.7045081257820129,0.7055917978286743,0.7017987370491028,0.7046322226524353
2017-05-25,0.7019612789154053,0.7076889872550964,0.7008592486381531,0.7018578052520752
2017-05-28,0.7051391005516052,0.7090187072753906,0.703982412815094,0.7051589488983154
2017-05-29,0.7051489949226379,0.7096275091171265,0.7036505341529846,0.7051589488983154
2017-05-30,0.708611786365509,0.7118805646896362,0.7083507180213928,0.7086418867111206
2017-05-31,0.7083607912063599,0.7089182138442993,0.7060202360153198,0.7083407044410706
2017-06-01,0.7062495946884155,0.7146941423416138,0.7062296867370605,0.7061997056007385
2017-06-04,0.7136281132698059,0.7147196531295776,0.7115411758422852,0.7137197852134705
2017-06-05,0.7131395936012268,0.7205286026000977,0.7127685546875,0.7130582332611084
2017-06-06,0.7178905606269836,0.7207415103912354,0.7171080708503723,0.7180606722831726
2017-06-07,0.7190313339233398,0.7223607301712036,0.7190313339233398,0.7189692854881287
2017-06-08,0.7199320793151855,0.721959114074707,0.7192174792289734,0.71986985206604
2017-06-11,0.7209181785583496,0.7213705778121948,0.7175300121307373,0.7208298444747925
2017-06-12,0.7206687927246094,0.722830593585968,0.7206687927246094,0.7206116914749146
2017-06-13,0.7206895351409912,0.731951892375946,0.7206895351409912,0.7206584215164185
2017-06-14,0.7247689962387085,0.7261583805084229,0.7187418937683105,0.7245693802833557
2017-06-15,0.720352053642273,0.7259001135826111,0.7202690839767456,0.720352053642273
2017-06-18,0.7266808152198792,0.7298737168312073,0.7239924073219299,0.7264379858970642
2017-06-19,0.7225589752197266,0.7268287539482117,0.7221102714538574,0.7226007580757141
2017-06-20,0.7238194942474365,0.725426197052002,0.7215111255645752,0.7239190340042114
2017-06-21,0.7247584462165833,0.7273996472358704,0.72455894947052,0.7248687744140625
2017-06-22,0.726248025894165,0.7297725081443787,0.7250580191612244,0.7261900305747986
2017-06-25,0.728162407875061,0.7311704754829407,0.7263219356536865,0.7284117341041565
2017-06-26,0.7281995415687561,0.7341119647026062,0.7273203134536743,0.7284382581710815
2017-06-27,0.7267811894416809,0.7308712601661682,0.7255314588546753,0.7266808152198792
2017-06-28,0.7304975390434265,0.7333098649978638,0.7277278900146484,0.7304922342300415
2017-06-29,0.731042206287384,0.7344516515731812,0.7309620976448059,0.7309620976448059
2017-07-02,0.7335788011550903,0.7339287996292114,0.7274314761161804,0.7336810827255249
2017-07-03,0.728900134563446,0.7303001284599304,0.7264485359191895,0.728868305683136
2017-07-04,0.7291286587715149,0.7296980023384094,0.7256683707237244,0.7291924953460693
2017-07-05,0.7281306385993958,0.728868305683136,0.7247111797332764,0.7284275889396667
2017-07-06,0.7285390496253967,0.7308819890022278,0.7262216806411743,0.7284382581710815
2017-07-09,0.727939784526825,0.7284117341041565,0.7264116406440735,0.7276802062988281
2017-07-11,0.7221102714538574,0.7278708815574646,0.7219173908233643,0.7222875952720642
2017-07-12,0.7255998849868774,0.7368110418319702,0.7255998849868774,0.7256314754486084
2017-07-13,0.7324612140655518,0.7362686395645142,0.7301775217056274,0.732429027557373
2017-07-16,0.7357214689254761,0.7357485890388489,0.7318286895751953,0.7358406186103821
2017-07-17,0.7278391122817993,0.7370717525482178,0.7272621393203735,0.72798752784729
2017-07-18,0.7354888319969177,0.7388689517974854,0.7341604828834534,0.7352291941642761
2017-07-19,0.7364203929901123,0.7396997213363647,0.7335304021835327,0.7364312410354614
2017-07-20,0.7402911186218262,0.7451287508010864,0.739601194858551,0.7403404116630554
2017-07-23,0.7452675700187683,0.745712161064148,0.7426385879516602,0.7452787160873413
2017-07-24,0.7439811825752258,0.7451009750366211,0.7411525249481201,0.7439811825752258
2017-07-25,0.7420324087142944,0.7441085577011108,0.7411414980888367,0.7421976327896118
2017-07-26,0.7525983452796936,0.7558978796005249,0.7489514946937561,0.7525699734687805
2017-07-27,0.7504803538322449,0.7510890364646912,0.7463522553443909,0.7504127025604248
2017-07-30,0.7518796920776367,0.7523605823516846,0.7469878196716309,0.7520097494125366
2017-07-31,0.750908613204956,0.7522982954978943,0.7463800311088562,0.750750720500946
2017-08-01,0.7426882386207581,0.7446792721748352,0.7413008809089661,0.7426385879516602
2017-08-02,0.741020679473877,0.7447125315666199,0.7392622232437134,0.7410097122192383
2017-08-03,0.7444353699684143,0.7458789944648743,0.7394918203353882,0.7447125315666199
2017-08-06,0.7408724427223206,0.7416417002677917,0.7353103756904602,0.7409108877182007
2017-08-07,0.7359218001365662,0.7373000383377075,0.7319893836975098,0.7359488606452942
2017-08-08,0.7325310111045837,0.7337833642959595,0.731042206287384,0.7324987649917603
2017-08-09,0.7355591654777527,0.7355591654777527,0.7253577709197998,0.7355104684829712
2017-08-10,0.727299153804779,0.7317911982536316,0.7254682779312134,0.7273890972137451
2017-08-13,0.7317805290222168,0.7323324680328369,0.7284806966781616,0.7316519618034363
2017-08-14,0.7296287417411804,0.7312774658203125,0.723688542842865,0.7296394109725952
2017-08-15,0.7233901023864746,0.7273785471916199,0.7226112484931946,0.7233220934867859
2017-08-16,0.731689453125,0.7336757183074951,0.729091465473175,0.7316573262214661
2017-08-17,0.7282419204711914,0.7334604859352112,0.7282419204711914,0.7282685041427612
2017-08-20,0.7311704754829407,0.733751118183136,0.7308498620986938,0.7310903072357178
2017-08-21,0.7327510714530945,0.7335519194602966,0.7274314761161804,0.7327295541763306
2017-08-22,0.7280881404876709,0.7280881404876709,0.7208713889122009,0.728141188621521
2017-08-23,0.7237199544906616,0.7237199544906616,0.719377875328064,0.7235314249992371
2017-08-24,0.7207310795783997,0.7258790135383606,0.719989001750946,0.7207207083702087
2017-08-27,0.72552090883255,0.7258895635604858,0.7232122421264648,0.7251210808753967
2017-08-28,0.7245221734046936,0.7299270033836365,0.7219904065132141,0.7244381904602051
2017-08-29,0.7260424494743347,0.7277120351791382,0.719491720199585,0.7258895635604858
2017-08-30,0.7200201749801636,0.7204610705375671,0.7133380174636841,0.7203884720802307
2017-08-31,0.7178596258163452,0.7207103371620178,0.7152615189552307,0.7179111242294312
2017-09-03,0.7167893648147583,0.7181689739227295,0.7157888412475586,0.7167790532112122
2017-09-04,0.7161784768104553,0.7264591455459595,0.7160400152206421,0.7161579728126526
2017-09-05,0.725968599319458,0.7261214852333069,0.720180869102478,0.7259106040000916
2017-09-06,0.7204818725585938,0.7242388725280762,0.717380702495575,0.7203417420387268
2017-09-07,0.7248793244361877,0.7337618470191956,0.7246691584587097,0.7248477339744568
2017-09-10,0.7233691811561584,0.7296074628829956,0.7227312922477722,0.7241286635398865
2017-09-11,0.7254524827003479,0.7322788834571838,0.7218496799468994,0.7254314422607422
2017-09-12,0.7281306385993958,0.730428159236908,0.7221519947052002,0.7283321022987366
2017-09-13,0.7250789999961853,0.7259580492973328,0.7186592817306519,0.7249581217765808
2017-09-14,0.7230187654495239,0.7299270033836365,0.7213601469993591,0.7229612469673157
2017-09-17,0.729059636592865,0.7344300746917725,0.7259317636489868,0.7289320230484009
2017-09-18,0.7264801859855652,0.7321180105209351,0.7264485359191895,0.7265593409538269
2017-09-19,0.7313523888587952,0.7392075657844543,0.7306736707687378,0.7314593195915222
2017-09-20,0.7335411310195923,0.7341389060020447,0.7299909591674805,0.7333690524101257
2017-09-21,0.7298204302787781,0.7345919609069824,0.7281783223152161,0.7300122380256653
2017-09-24,0.7289798259735107,0.7296074628829956,0.7253998517990112,0.729091465473175
2017-09-25,0.7268921136856079,0.7268921136856079,0.718019425868988,0.7273097634315491
2017-09-26,0.7202898263931274,0.7224911451339722,0.7178390026092529,0.7203624844551086
2017-09-27,0.7217714786529541,0.7234110236167908,0.7168304324150085,0.7216413021087646
2017-09-28,0.7220686078071594,0.7243909239768982,0.7208506464958191,0.7222824096679688
2017-10-01,0.7217611074447632,0.7219018340110779,0.7170412540435791,0.7219278216362
2017-10-02,0.7191709280014038,0.7191709280014038,0.7150211334228516,0.7192278504371643
2017-10-03,0.7162399888038635,0.720378041267395,0.7155686020851135,0.7163323760032654
2017-10-04,0.7158606052398682,0.716650664806366,0.7117387056350708,0.7157222628593445
2017-10-05,0.7114601731300354,0.7116424441337585,0.7060501575469971,0.7113589644432068
2017-10-08,0.7071185111999512,0.7087172269821167,0.7064641118049622,0.7071185111999512
2017-10-09,0.7066788077354431,0.708827793598175,0.7059305310249329,0.7066088914871216
2017-10-10,0.7073586583137512,0.7099247574806213,0.7063643336296082,0.7073786854743958
2017-10-11,0.7100305557250977,0.7131141424179077,0.7089986205101013,0.7098491191864014
2017-10-12,0.7130277156829834,0.719631552696228,0.7123014330863953,0.7129921317100525
2017-10-15,0.7178802490234375,0.7196833491325378,0.7168715596199036,0.7177205085754395
2017-10-16,0.7187418937683105,0.7188039422035217,0.7148575782775879,0.7185094952583313
2017-10-17,0.7175815105438232,0.7177514433860779,0.7120580077171326,0.7176586985588074
2017-10-18,0.7156813144683838,0.7169795036315918,0.7012622952461243,0.7154815793037415
2017-10-19,0.7032002806663513,0.7032002806663513,0.6955602169036865,0.7030519843101501
2017-10-22,0.6941889524459839,0.6989682912826538,0.6934188008308411,0.6942178606987
2017-10-23,0.6984801292419434,0.7000007033348083,0.6894792318344116,0.698319137096405
2017-10-24,0.6905695796012878,0.6912809014320374,0.6862617135047913,0.6903693079948425
2017-10-25,0.689061164855957,0.6902787685394287,0.6841302514076233,0.6893603801727295
2017-10-26,0.6841302514076233,0.6875782012939453,0.6819793581962585,0.6837607026100159
2017-10-30,0.6862287521362305,0.687049150466919,0.683461606502533,0.6861392855644226
2017-10-31,0.6873797178268433,0.6873797178268433,0.6833822131156921,0.6882407069206238
2017-11-01,0.6902406811714172,0.6931304335594177,0.6884586811065674,0.6904885172843933
2017-11-02,0.6892511248588562,0.6938421726226807,0.6892511248588562,0.6892321705818176
2017-11-03,0.6912904381752014,0.6949512362480164,0.6900597214698792,0.6912999749183655
2017-11-06,0.690808117389679,0.6919984221458435,0.6876680254936218,0.6909417510032654
2017-11-07,0.6942515969276428,0.6954296231269836,0.6893081665039062,0.6941311359405518
2017-11-08,0.6912713050842285,0.693899929523468,0.6899311542510986,0.6910611391067505
2017-11-09,0.6957296133041382,0.6980510354042053,0.693462073802948,0.6955699324607849
2017-11-10,0.6944106817245483,0.6958118677139282,0.6922522783279419,0.6944589018821716
2017-11-13,0.6927126049995422,0.6937795877456665,0.6896504163742065,0.6925399899482727
2017-11-14,0.689812183380127,0.690321683883667,0.6847485899925232,0.6898311972618103
2017-11-15,0.6880891919136047,0.6919600963592529,0.6863276362419128,0.6878809332847595
2017-11-17,0.6855701208114624,0.6883686184883118,0.6781591773033142,0.6855512857437134
2017-11-20,0.6801286935806274,0.6839898228645325,0.6799899339675903,0.6801009178161621
2017-11-21,0.6811988949775696,0.6841817498207092,0.6792417168617249,0.6811988949775696
2017-11-22,0.6846595406532288,0.6865773797035217,0.6821980476379395,0.6846595406532288
2017-11-23,0.6873797178268433,0.6906077861785889,0.6869122385978699,0.6874411702156067
2017-11-24,0.6889709830284119,0.6895220279693604,0.6867094039916992,0.6889899373054504
2017-11-27,0.6873797178268433,0.6926695108413696,0.6854619979858398,0.6872379779815674
2017-11-28,0.6922379732131958,0.6946856379508972,0.6917017102241516,0.6920223832130432
2017-11-29,0.6901311278343201,0.6931928396224976,0.6878904104232788,0.6901120543479919
2017-11-30,0.6864312887191772,0.6869783401489258,0.6833681464195251,0.688477635383606
2017-12-01,0.6832000613212585,0.6912091970443726,0.6822305917739868,0.6831814646720886
2017-12-04,0.6855512857437134,0.6872851848602295,0.6841583251953125,0.6855278015136719
2017-12-05,0.6866622567176819,0.6907985806465149,0.6856218576431274,0.6867990493774414
2017-12-06,0.6875687837600708,0.6916681528091431,0.6872285604476929,0.6875120401382446
2017-12-07,0.688771665096283,0.6889614462852478,0.6830601096153259,0.6886008977890015
2017-12-08,0.6827290058135986,0.6870396733283997,0.6823796033859253,0.6827196478843689
2017-12-11,0.6842987537384033,0.693029522895813,0.6842191815376282,0.6842519640922546
2017-12-12,0.6909178495407104,0.6955069899559021,0.6902978420257568,0.6909608244895935
2017-12-13,0.6939191818237305,0.6999223232269287,0.6935774683952332,0.6938276886940002
2017-12-14,0.7022520899772644,0.7022520899772644,0.6980607509613037,0.7024297118186951
2017-12-15,0.6988901495933533,0.7034723162651062,0.6986899971961975,0.6989585757255554
2017-12-18,0.6997215151786804,0.7028987407684326,0.6997215151786804,0.6998488306999207
2017-12-19,0.6989976763725281,0.7021978497505188,0.6980023384094238,0.6994816660881042
2017-12-20,0.6971021294593811,0.6987143754959106,0.6955505609512329,0.6970924139022827
2017-12-21,0.7018381357192993,0.7020598649978638,0.6988511085510254,0.7016312479972839
2017-12-22,0.701439380645752,0.702799916267395,0.7005499601364136,0.7014294862747192
2017-12-25,0.7015082240104675,0.7045726776123047,0.701311469078064,0.7015082240104675
2017-12-26,0.7026814222335815,0.7040765881538391,0.7011492252349854,0.702799916267395
2017-12-27,0.7032595872879028,0.7078142762184143,0.7031211256980896,0.7032496929168701
2017-12-28,0.7069985866546631,0.7100759744644165,0.7069985866546631,0.7069686055183411
2017-12-29,0.7093405723571777,0.7126059532165527,0.7091091871261597,0.7093405723571777
2018-01-01,0.7113893628120422,0.7213966250419617,0.7061149477958679,0.7113893628120422
2018-01-02,0.7089182138442993,0.7130887508392334,0.7088980674743652,0.708817720413208
2018-01-03,0.7100709080696106,0.7113893628120422,0.7074687480926514,0.7100205421447754
2018-01-04,0.7088478207588196,0.7151285409927368,0.7075688242912292,0.7090187072753906
2018-01-05,0.7159220576286316,0.7187522649765015,0.7146276831626892,0.7155993580818176
2018-01-08,0.7172314524650574,0.7185198664665222,0.7157478928565979,0.7170412540435791
2018-01-09,0.7174322009086609,0.7198905944824219,0.7164195775985718,0.7175402641296387
2018-01-10,0.7146276831626892,0.7229194045066833,0.7143111824989319,0.7144489884376526
2018-01-11,0.7206584215164185,0.7246901988983154,0.7184217572212219,0.7206479907035828
2018-01-12,0.7262691855430603,0.7276484370231628,0.7221624255180359,0.7260793447494507
2018-01-15,0.7248898148536682,0.7319036722183228,0.7248898148536682,0.7249003052711487
2018-01-16,0.7296713590621948,0.7308178544044495,0.7260582447052002,0.7296607494354248
2018-01-17,0.7266121506690979,0.7296074628829956,0.7236309051513672,0.7268921136856079
2018-01-18,0.727219820022583,0.732225239276886,0.7249108552932739,0.7272886037826538
2018-01-19,0.7295382618904114,0.732600748538971,0.727569043636322,0.72965008020401
2018-01-22,0.7286983132362366,0.7329981327056885,0.7269290685653687,0.7288311123847961
2018-01-23,0.7320108413696289,0.7364203929901123,0.7307590842247009,0.7319090366363525
2018-01-24,0.7362306118011475,0.7428869009017944,0.7352400422096252,0.7362902760505676
2018-01-25,0.7342520952224731,0.7392075657844543,0.7337995767593384,0.733718752861023
2018-01-26,0.7311117649078369,0.7376807332038879,0.7308178544044495,0.731079638004303
2018-01-29,0.7362794280052185,0.7364420890808105,0.730380117893219,0.7362686395645142
2018-01-30,0.7325792908668518,0.7357268929481506,0.7282896637916565,0.7325094938278198
2018-01-31,0.7339503169059753,0.7421150207519531,0.7338426113128662,0.7339880466461182
2018-02-01,0.7375012040138245,0.7399898171424866,0.7336111664772034,0.7375882267951965
2018-02-02,0.7400116920471191,0.7400116920471191,0.7301988005638123,0.7397927045822144
2018-02-05,0.7284275889396667,0.7331916093826294,0.7280881404876709,0.7282207608222961
2018-02-06,0.7264801859855652,0.7319304347038269,0.7258790135383606,0.7266914248466492
2018-02-07,0.7330625653266907,0.733810305595398,0.727802038192749,0.7331593036651611
2018-02-08,0.7230814695358276,0.723552405834198,0.7178699374198914,0.7227522134780884
2018-02-09,0.7224076390266418,0.7258000373840332,0.7201187014579773,0.7226112484931946
2018-02-12,0.7246376872062683,0.727770209312439,0.7233220934867859,0.7246691584587097
2018-02-13,0.7261109352111816,0.7314379215240479,0.7248898148536682,0.726300835609436
2018-02-14,0.7282101511955261,0.7348726391792297,0.7244119644165039,0.7282685041427612
2018-02-15,0.7374685406684875,0.741020679473877,0.7369902729988098,0.73744136095047
2018-02-16,0.7400884032249451,0.7436990141868591,0.7382416129112244,0.7398912310600281
2018-02-19,0.7389289736747742,0.7411249876022339,0.7355321049690247,0.7387925386428833
2018-02-20,0.7363715767860413,0.7373978495597839,0.7339287996292114,0.7363878488540649
2018-02-21,0.7341389060020447,0.7359001040458679,0.7328155040740967,0.7342305779457092
2018-02-22,0.7315502762794495,0.7365180253982544,0.7308979630470276,0.7316787838935852
2018-02-23,0.7320483326911926,0.7329766154289246,0.7273679375648499,0.7324022054672241
2018-02-26,0.7283002734184265,0.7346999049186707,0.7282419204711914,0.7279079556465149
2018-02-27,0.729059636592865,0.7304068207740784,0.7238718867301941,0.7291393280029297
2018-02-28,0.7230710387229919,0.7245851755142212,0.7211105227470398,0.7235209345817566
2018-03-01,0.7206584215164185,0.7254577279090881,0.7187884449958801,0.7207622528076172
2018-03-02,0.7261425852775574,0.7279980778694153,0.7228515148162842,0.7261425852775574
2018-03-05,0.7233377695083618,0.7243122458457947,0.7204922437667847,0.7230605483055115
2018-03-06,0.7225276827812195,0.7310903072357178,0.7222719788551331,0.7225120067596436
2018-03-07,0.7283374071121216,0.7300176024436951,0.7256578207015991,0.7283002734184265
2018-03-08,0.7288523316383362,0.7297991514205933,0.724679708480835,0.7286983132362366
2018-03-09,0.7259791493415833,0.7299802899360657,0.725100040435791,0.7260476350784302
2018-03-12,0.7311010360717773,0.7324182987213135,0.7290011048316956,0.730833888053894
2018-03-13,0.7300922274589539,0.7354617714881897,0.7299696207046509,0.7301188707351685
2018-03-14,0.7329282760620117,0.7357268929481506,0.7319893836975098,0.7329873442649841
2018-03-15,0.7313523888587952,0.7335304021835327,0.7281995415687561,0.7315502762794495
2018-03-16,0.7269924879074097,0.7270717620849609,0.7209181785583496,0.727087676525116
2018-03-19,0.7227209210395813,0.7230291962623596,0.7197299599647522,0.7227522134780884
2018-03-20,0.7242702841758728,0.7249581217765808,0.7190210223197937,0.7243017554283142
2018-03-21,0.7179678678512573,0.7189072370529175,0.7154918313026428,0.7179318070411682
2018-03-22,0.7228201031684875,0.726374626159668,0.7214903235435486,0.7230814695358276
2018-03-23,0.7216413021087646,0.7264801859855652,0.7215579748153687,0.7216100692749023
2018-03-25,0.7242125868797302,0.7298790812492371,0.7242125868797302,0.7240920066833496
2018-03-26,0.7301082015037537,0.7301881313323975,0.7261425852775574,0.7302681803703308
2018-03-27,0.7268921136856079,0.7276961207389832,0.7222511172294617,0.7270084023475647
2018-03-28,0.7212925553321838,0.7220425009727478,0.7189382910728455,0.7211625576019287
2018-03-29,0.7228097319602966,0.7252157330513,0.7223293781280518,0.7229194045066833
2018-04-01,0.7234581708908081,0.7243227958679199,0.7215423583984375,0.7235890030860901
2018-04-02,0.7207207083702087,0.7271722555160522,0.7196678519248962,0.7203105688095093
2018-04-03,0.726379930973053,0.7299802899360657,0.7256578207015991,0.726379930973053
2018-04-04,0.7319090366363525,0.7323110103607178,0.7265593409538269,0.731898307800293
2018-04-05,0.7262796759605408,0.727802038192749,0.7244907021522522,0.7262796759605408
2018-04-08,0.7274525761604309,0.732225239276886,0.7273890972137451,0.7274684906005859
2018-04-09,0.7307590842247009,0.7373000383377075,0.7307590842247009,0.7307590842247009
2018-04-10,0.7369794249534607,0.7379420399665833,0.7347214818000793,0.7370989322662354
2018-04-11,0.7369197010993958,0.7392075657844543,0.7356998324394226,0.7368653416633606
2018-04-12,0.7380618453025818,0.7398091554641724,0.7346620559692383,0.7379420399665833
2018-04-15,0.7349482178688049,0.7371912598609924,0.7335411310195923,0.7348726391792297
2018-04-16,0.736680805683136,0.7374087572097778,0.7328691482543945,0.736680805683136
2018-04-17,0.7340472936630249,0.7343006730079651,0.7305295467376709,0.7340688705444336
2018-04-18,0.7324880361557007,0.733245313167572,0.727802038192749,0.7324827313423157
2018-04-19,0.7255314588546753,0.725552499294281,0.7202120423316956,0.726000189781189
2018-04-22,0.7203105688095093,0.7211105227470398,0.7153280973434448,0.7204195857048035
2018-04-23,0.7151182889938354,0.7151182889938354,0.7106714248657227,0.7150518298149109
2018-04-24,0.7115007042884827,0.7115209698677063,0.7061598300933838,0.7117691040039062
2018-04-25,0.7078142762184143,0.7098239660263062,0.7058109045028687,0.7076590061187744
2018-04-26,0.7064291834831238,0.7077140808105469,0.7041608691215515,0.7065489888191223
2018-04-29,0.7080497741699219,0.7093204259872437,0.7037099003791809,0.7084109783172607
2018-04-30,0.7038486003875732,0.7044237852096558,0.6992615461349487,0.7037693858146667
2018-05-01,0.7003095149993896,0.7032397985458374,0.6996921300888062,0.7000986933708191
2018-05-02,0.6995893716812134,0.7045081257820129,0.6993007063865662,0.6995012760162354
2018-05-03,0.7041410803794861,0.7052981853485107,0.699628472328186,0.7040815353393555
2018-05-06,0.7019809484481812,0.7041807174682617,0.6996921300888062,0.7020007371902466
2018-05-07,0.7023113369941711,0.7030717134475708,0.6954780220985413,0.7022915482521057
2018-05-08,0.6968300938606262,0.6999860405921936,0.6950380802154541,0.6969126462936401
2018-05-09,0.69321209192276,0.69730144739151,0.6904312968254089,0.6931399703025818
2018-05-10,0.6962818503379822,0.6991051435470581,0.6955602169036865,0.6963788270950317
2018-05-13,0.6968204379081726,0.6975932717323303,0.6928086280822754,0.6968204379081726
2018-05-14,0.6918021440505981,0.6925303936004639,0.6855701208114624,0.6918021440505981
2018-05-15,0.6863606572151184,0.6916921138763428,0.6852506995201111,0.6863606572151184
2018-05-16,0.6903598308563232,0.6936880946159363,0.6875876784324646,0.6904789805412292
2018-05-17,0.688411295413971,0.6918021440505981,0.68822181224823,0.688477635383606
2018-05-20,0.6914098858833313,0.693260133266449,0.688548743724823,0.691438615322113
2018-05-21,0.6950380802154541,0.6977880001068115,0.6933322548866272,0.69533771276474
2018-05-22,0.6945409178733826,0.6945891380310059,0.6887621879577637,0.6942033767700195
2018-05-23,0.692520797252655,0.6935293674468994,0.6908797025680542,0.6929094791412354
2018-05-24,0.6931207776069641,0.6939143538475037,0.6907413005828857,0.6931399703025818
2018-05-27,0.6920893788337708,0.6960880160331726,0.6919936537742615,0.6920798420906067
2018-05-28,0.6939576864242554,0.6951202750205994,0.690817654132843,0.6940010786056519
2018-05-29,0.6889187097549438,0.699540376663208,0.6887906193733215,0.6889424324035645
2018-05-30,0.6985923051834106,0.7023952007293701,0.6970778703689575,0.698460578918457
2018-05-31,0.700829803943634,0.7021978497505188,0.6962818503379822,0.7006579041481018
2018-06-03,0.6980510354042053,0.7049501538276672,0.6980510354042053,0.69808030128479
2018-06-04,0.703427791595459,0.704820990562439,0.7000595331192017,0.7031705975532532
2018-06-05,0.7029481530189514,0.7060501575469971,0.702750563621521,0.7029679417610168
2018-06-06,0.7039477229118347,0.7058159112930298,0.702918529510498,0.7039080858230591
2018-06-07,0.7017396092414856,0.7036505341529846,0.7010214328765869,0.7018824815750122
2018-06-10,0.7032496929168701,0.7056167125701904,0.7024592757225037,0.7033783197402954
2018-06-11,0.7017790079116821,0.7046521306037903,0.7000693082809448,0.7017495036125183
2018-06-12,0.7005597352981567,0.7054175734519958,0.6996480226516724,0.7005499601364136
2018-06-13,0.702380359172821,0.7046223282814026,0.6992713212966919,0.7025925517082214
2018-06-14,0.6961122155189514,0.6962818503379822,0.6929094791412354,0.6961994171142578
2018-06-17,0.6938180923461914,0.695894181728363,0.6921613216400146,0.693899929523468
2018-06-18,0.693029522895813,0.6944396495819092,0.6886483430862427,0.6931304335594177
2018-06-19,0.690588653087616,0.6917686462402344,0.6866811513900757,0.6904789805412292
2018-06-20,0.6867990493774414,0.6882691383361816,0.6827383637428284,0.6869311332702637
2018-06-21,0.6872001886367798,0.6914816498756409,0.6870208382606506,0.687096357345581
2018-06-24,0.691500723361969,0.6916298866271973,0.6887384057044983,0.6915677189826965
2018-06-25,0.6890279054641724,0.6901787519454956,0.6852506995201111,0.6889187097549438
2018-06-26,0.6849408745765686,0.6849408745765686,0.6799390316009521,0.6850581765174866
2018-06-27,0.6791402101516724,0.6791402101516724,0.6750781536102295,0.6791402101516724
2018-06-28,0.6753015518188477,0.6782788038253784,0.6738090515136719,0.6752604842185974
2018-07-01,0.6778604388237,0.678380012512207,0.6697026491165161,0.6778420209884644
2018-07-02,0.6710283756256104,0.6758126616477966,0.6689813733100891,0.6710913777351379
2018-07-03,0.6751920580863953,0.6786102056503296,0.6751920580863953,0.6753106117248535
2018-07-04,0.6760594248771667,0.6799945831298828,0.6752285361289978,0.6761919260025024
2018-07-05,0.6797495484352112,0.6843315362930298,0.6783018112182617,0.6795509457588196
2018-07-08,0.683531641960144,0.6859180927276611,0.6833401918411255,0.683531641960144
2018-07-09,0.6849690079689026,0.6857910752296448,0.6808881163597107,0.6849784255027771
2018-07-10,0.6819003224372864,0.6825007200241089,0.6781821846961975,0.681742250919342
2018-07-11,0.6753607988357544,0.678472101688385,0.6749687790870667,0.6755707263946533
2018-07-12,0.6772314310073853,0.678748369216919,0.6727302074432373,0.6772085428237915
2018-07-15,0.6763703227043152,0.6794863343238831,0.6759679913520813,0.6765716671943665
2018-07-16,0.6784904599189758,0.684148907661438,0.6771718859672546,0.6785181164741516
2018-07-17,0.6774792075157166,0.6791171431541443,0.674458920955658,0.6774150133132935
2018-07-18,0.6793016791343689,0.6804896593093872,0.6715781688690186,0.6793293356895447
2018-07-19,0.6748913526535034,0.6807815432548523,0.6721785664558411,0.6748321056365967
2018-07-22,0.6822492480278015,0.682593822479248,0.6781499981880188,0.6821607947349548
2018-07-23,0.6782788038253784,0.6819096207618713,0.6770939230918884,0.6783201694488525
2018-07-24,0.680198073387146,0.6825007200241089,0.6786701083183289,0.6805036067962646
2018-07-25,0.6844907999038696,0.6853070259094238,0.6789096593856812,0.6844814419746399
2018-07-26,0.6788589954376221,0.6803183555603027,0.6763886213302612,0.6786194443702698
2018-07-29,0.6795694231987,0.6837139129638672,0.6793109178543091,0.6796618103981018
2018-07-30,0.6826777458190918,0.6834803223609924,0.6802906394004822,0.6823609471321106
2018-07-31,0.6802906394004822,0.6813845634460449,0.6788912415504456,0.6803415417671204
2018-08-01,0.6794909238815308,0.6797311305999756,0.675041675567627,0.679500162601471
2018-08-02,0.673681914806366,0.6766083240509033,0.6721695065498352,0.673768162727356
2018-08-05,0.6744179725646973,0.6756619811058044,0.6726306080818176,0.6745999455451965
2018-08-06,0.6730200052261353,0.6757213473320007,0.6726306080818176,0.6730290055274963
2018-08-07,0.6741315722465515,0.6763108372688293,0.6724406480789185,0.6740588545799255
2018-08-08,0.6692096590995789,0.6694291234016418,0.6621420383453369,0.6694694757461548
2018-08-09,0.6606329083442688,0.6622077822685242,0.6574406027793884,0.660689651966095
2018-08-12,0.6585012674331665,0.6598917841911316,0.657202959060669,0.6585012674331665
2018-08-13,0.6575702428817749,0.6610696315765381,0.6571597456932068,0.6575486660003662
2018-08-14,0.6571511030197144,0.6572893261909485,0.654660165309906,0.6571381688117981
2018-08-15,0.6559398174285889,0.6611133217811584,0.6557807326316833,0.6558194160461426
2018-08-16,0.6584145426750183,0.6618133783340454,0.6581891775131226,0.6584882140159607
2018-08-19,0.662479817867279,0.6632179617881775,0.6612094640731812,0.6625719666481018
2018-08-20,0.6641693711280823,0.6679491400718689,0.6637990474700928,0.6640812158584595
2018-08-21,0.6703985333442688,0.6713978052139282,0.6683151721954346,0.6703221797943115
2018-08-22,0.6697923541069031,0.6700212359428406,0.6651811003684998,0.6697115898132324
2018-08-23,0.6628486514091492,0.6696129441261292,0.662449061870575,0.6626027226448059
2018-08-26,0.670039176940918,0.6702008843421936,0.6671202778816223,0.6701918840408325
2018-08-27,0.6703311800956726,0.6724045276641846,0.667900025844574,0.6704300045967102
2018-08-28,0.6715014576911926,0.6720384955406189,0.6686190366744995,0.6713212132453918
2018-08-29,0.6712085008621216,0.6712085008621216,0.6639665365219116,0.671312153339386
2018-08-30,0.664840579032898,0.6660894155502319,0.6613407135009766,0.6648715138435364
2018-09-02,0.6607419848442078,0.6621990203857422,0.6595087647438049,0.6609079837799072
2018-09-03,0.6605979800224304,0.6608075499534607,0.6541891098022461,0.6608948111534119
2018-09-04,0.6552092432975769,0.6587485074996948,0.6533812284469604,0.6553938984870911
2018-09-05,0.6599352955818176,0.6616119742393494,0.6573800444602966,0.6598482728004456
2018-09-06,0.65845787525177,0.6589916348457336,0.655007541179657,0.6583191752433777
2018-09-09,0.6535905003547668,0.6548788547515869,0.6513894200325012,0.653710126876831
2018-09-10,0.652103066444397,0.6544074416160583,0.6502288579940796,0.6520817875862122
2018-09-11,0.6516186594963074,0.6563833355903625,0.6504191756248474,0.6516355872154236
2018-09-12,0.6560388207435608,0.6590393781661987,0.6545102000236511,0.656150758266449
2018-09-13,0.6572720408439636,0.6598047018051147,0.6559613943099976,0.6573800444602966
2018-09-16,0.6540307998657227,0.6592826843261719,0.6540094017982483,0.6542319059371948
2018-09-17,0.6564092040061951,0.6609079837799072,0.6564092040061951,0.6564005613327026
2018-09-18,0.6588917374610901,0.6621201038360596,0.6573757529258728,0.6589351296424866
2018-09-19,0.664381206035614,0.6680919528007507,0.6639621257781982,0.6643679738044739
2018-09-20,0.6682615876197815,0.670286238193512,0.6669779419898987,0.6681990623474121
2018-09-23,0.6685832738876343,0.6689858436584473,0.6645578145980835,0.6685832738876343
2018-09-24,0.6642708778381348,0.6662225127220154,0.6631607413291931,0.6642178893089294
2018-09-25,0.6644783020019531,0.6683419942855835,0.664262056350708,0.6644606590270996
2018-09-26,0.6661115884780884,0.6666977405548096,0.6622297167778015,0.6663512587547302
2018-09-27,0.661808967590332,0.6641870737075806,0.6599788665771484,0.661808967590332
2018-09-30,0.6623218059539795,0.6629980802536011,0.6601095795631409,0.6623481512069702
2018-10-01,0.6605587005615234,0.6614194512367249,0.6576351523399353,0.6604583859443665
2018-10-02,0.6589394807815552,0.6594000458717346,0.6537016034126282,0.6589916348457336
2018-10-03,0.6501485705375671,0.6512112617492676,0.6485294699668884,0.650199294090271
2018-10-04,0.6481385231018066,0.6488871574401855,0.6436663269996643,0.6481595635414124
2018-10-07,0.6438984274864197,0.6457028388977051,0.642611563205719,0.6437202095985413
2018-10-08,0.6452820301055908,0.6462035775184631,0.6428511738777161,0.6451613306999207
2018-10-09,0.6484411358833313,0.6497514843940735,0.6454944014549255,0.6488029360771179
2018-10-10,0.6461617946624756,0.6525498628616333,0.6458780169487,0.6460908055305481
2018-10-11,0.6526818871498108,0.6533598899841309,0.6508001685142517,0.6527585387229919
2018-10-14,0.6500386595726013,0.6557807326316833,0.649772584438324,0.6500893831253052
2018-10-15,0.6573109030723572,0.6598917841911316,0.6561291813850403,0.6572980284690857
2018-10-16,0.6584709286689758,0.6602010726928711,0.6559097170829773,0.658301830291748
2018-10-17,0.6545487642288208,0.6581112146377563,0.6535947918891907,0.6545187830924988
2018-10-18,0.6539708971977234,0.6608948111534119,0.6536204218864441,0.6538811326026917
2018-10-21,0.6594479084014893,0.6601008772850037,0.6549689173698425,0.6594479084014893
2018-10-22,0.6554282307624817,0.657202959060669,0.6536418199539185,0.6554110646247864
2018-10-23,0.655441164970398,0.6569007635116577,0.6522986888885498,0.6553595662117004
2018-10-24,0.650821328163147,0.6545402407646179,0.650821328163147,0.6510798335075378
2018-10-25,0.652741551399231,0.652741551399231,0.6466380953788757,0.6528608202934265
2018-10-29,0.6526563167572021,0.6556216478347778,0.6515888571739197,0.6529119610786438
2018-10-30,0.6526904106140137,0.6575053930282593,0.6522986888885498,0.6527883410453796
2018-10-31,0.6558495163917542,0.6571683883666992,0.652890682220459,0.6559011340141296
2018-11-01,0.6525285243988037,0.6652032136917114,0.6522986888885498,0.6525498628616333
2018-11-02,0.6649377942085266,0.6691200733184814,0.6649201512336731,0.6651280522346497
2018-11-05,0.6652032136917114,0.6677796840667725,0.6634511351585388,0.6649201512336731
2018-11-06,0.666058361530304,0.6685832738876343,0.6647300720214844,0.666058361530304
2018-11-07,0.6739089488983154,0.6794401407241821,0.6718398332595825,0.6741496920585632
2018-11-08,0.6782006025314331,0.6798096895217896,0.6771856546401978,0.6785089373588562
2018-11-09,0.6752422451972961,0.6763291358947754,0.6732691526412964,0.6751784682273865
2018-11-12,0.6730380654335022,0.6757715940475464,0.6706907749176025,0.6730290055274963
2018-11-13,0.6716908812522888,0.6768006086349487,0.6710959076881409,0.6718308329582214
2018-11-14,0.6769701838493347,0.6801009178161621,0.6765899658203125,0.6770022511482239
2018-11-15,0.6791309714317322,0.6835223436355591,0.6788912415504456,0.6792555451393127
2018-11-16,0.6824820637702942,0.6864878535270691,0.6801333427429199,0.6824913620948792
2018-11-19,0.686219334602356,0.6873324513435364,0.6817980408668518,0.686238169670105
2018-11-20,0.6842098236083984,0.6871907711029053,0.6806378960609436,0.6840881109237671
2018-11-21,0.6791171431541443,0.6854009628295898,0.6783201694488525,0.6791079044342041
2018-11-22,0.6828922033309937,0.6834288835525513,0.6791217923164368,0.6827803254127502
2018-11-23,0.6810179948806763,0.682314395904541,0.6769197583198547,0.6808881163597107
2018-11-26,0.6772910952568054,0.6817097067832947,0.6767594218254089,0.67728191614151
2018-11-27,0.6776077747344971,0.6813845634460449,0.675511360168457,0.677639901638031
2018-11-28,0.6797588467597961,0.6808418035507202,0.6785181164741516,0.6798697113990784
2018-11-29,0.6865208745002747,0.6887052059173584,0.6840179562568665,0.6869311332702637
2018-11-30,0.6865915656089783,0.6880891919136047,0.6853821277618408,0.686582088470459
2018-12-03,0.6911279559135437,0.6941118240356445,0.6890896558761597,0.6911088824272156
2018-12-04,0.6927606463432312,0.6972042322158813,0.6925591230392456,0.6927990317344666
2018-12-05,0.6940492391586304,0.6944878101348877,0.6901406645774841,0.6941118240356445
2018-12-06,0.6891798973083496,0.6898930668830872,0.6858898401260376,0.6894412636756897
2018-12-07,0.6882501840591431,0.6899311542510986,0.6858710646629333,0.6882786154747009
2018-12-10,0.6845985651016235,0.6904980540275574,0.6845002174377441,0.6845095753669739
2018-12-11,0.687469482421875,0.6913239359855652,0.6863512396812439,0.6874600052833557
2018-12-12,0.6886720061302185,0.6900501847267151,0.6825891733169556,0.6888000965118408
2018-12-13,0.6847720146179199,0.6881839036941528,0.6844111680984497,0.6859416365623474
2018-12-14,0.6854385137557983,0.6862287521362305,0.6779614686965942,0.6857017874717712
2018-12-17,0.679218590259552,0.6818956732749939,0.6786102056503296,0.6792417168617249
2018-12-18,0.6825891733169556,0.688032329082489,0.6812499165534973,0.6809901595115662
2018-12-19,0.6852882504463196,0.6873797178268433,0.6851802468299866,0.6852694153785706
2018-12-20,0.6773415803909302,0.679394006729126,0.6726306080818176,0.6777822971343994
2018-12-21,0.6780580282211304,0.6791309714317322,0.672580897808075,0.6774609088897705
2018-12-24,0.6716999411582947,0.6744679808616638,0.6714203357696533,0.6717901825904846
2018-12-25,0.6729022264480591,0.6752194762229919,0.6728116869926453,0.673582136631012
2018-12-26,0.6730380654335022,0.674900472164154,0.6721604466438293,0.6730200052261353
2018-12-27,0.6738317012786865,0.6739089488983154,0.6697699427604675,0.6739816665649414
2018-12-28,0.6701110005378723,0.6721785664558411,0.6694381237030029,0.6700212359428406
2018-12-31,0.6706593036651611,0.6723141074180603,0.6694112420082092,0.6707717776298523
2019-01-01,0.6724949479103088,0.6725854277610779,0.6709157824516296,0.6724949479103088
2019-01-02,0.6713616847991943,0.6721514463424683,0.666297972202301,0.6713616847991943
2019-01-03,0.6633983254432678,0.6692992448806763,0.6615594029426575,0.6633586883544922
2019-01-04,0.6688515543937683,0.6748321056365967,0.6673607230186462,0.6688515543937683
2019-01-07,0.6744498014450073,0.6769105792045593,0.6731785535812378,0.6743497252464294
2019-01-08,0.6755478382110596,0.675757884979248,0.6709787845611572,0.675369918346405
2019-01-09,0.6740179657936096,0.6807491183280945,0.6737000942230225,0.6740497946739197
2019-01-10,0.6791678667068481,0.6795786619186401,0.6772314310073853,0.6791079044342041
2019-01-11,0.6788082718849182,0.6846032738685608,0.6785319447517395,0.6785181164741516
2019-01-14,0.6821189522743225,0.6833401918411255,0.6798096895217896,0.682174801826477
2019-01-15,0.682701051235199,0.6853070259094238,0.6807491183280945,0.6826870441436768
2019-01-16,0.6821514964103699,0.6831300854682922,0.6756985187530518,0.6823609471321106
2019-01-17,0.6773002743721008,0.6780120730400085,0.67298823595047,0.6773782968521118
2019-01-18,0.6765304803848267,0.6775985956192017,0.6748093962669373,0.6763291358947754
2019-01-21,0.674081563949585,0.6743088364601135,0.6715105175971985,0.674040675163269
2019-01-22,0.6729022264480591,0.673582136631012,0.6708257794380188,0.6729927659034729
2019-01-23,0.6751920580863953,0.6801795959472656,0.6751784682273865,0.6752012372016907
2019-01-24,0.6793801188468933,0.680438756942749,0.6763795018196106,0.6793893575668335
2019-01-25,0.676278829574585,0.6840881109237671,0.6748822331428528,0.6760091185569763
2019-01-28,0.6839290261268616,0.6872851848602295,0.6832701563835144,0.683947741985321
2019-01-29,0.683312177658081,0.6863889098167419,0.6818909645080566,0.6833588480949402
2019-01-30,0.682407557964325,0.6857205629348755,0.6822678446769714,0.6823004484176636
2019-01-31,0.6896598935127258,0.6940106749534607,0.6895981431007385,0.6899882555007935
2019-02-01,0.6914290189743042,0.6941118240356445,0.6901502013206482,0.6914194822311401
2019-02-04,0.689950168132782,0.6906411051750183,0.6871293783187866,0.6898407340049744
2019-02-05,0.6879377365112305,0.6907030940055847,0.6872615814208984,0.687809944152832
2019-02-06,0.690231204032898,0.6907030940055847,0.6837279796600342,0.690212070941925
2019-02-07,0.6771488785743713,0.6780120730400085,0.6745589971542358,0.6769701838493347
2019-02-08,0.6745999455451965,0.6767319440841675,0.6730788350105286,0.6747183203697205
2019-02-11,0.6761096715927124,0.6774287819862366,0.67298823595047,0.6760411262512207
2019-02-12,0.6737409830093384,0.6748093962669373,0.6721514463424683,0.673768162727356
2019-02-13,0.6739588975906372,0.6853070259094238,0.6731377840042114,0.6741496920585632
2019-02-14,0.6807212829589844,0.6856406331062317,0.6804109811782837,0.6808093190193176
2019-02-15,0.6833215355873108,0.6867188811302185,0.6811478734016418,0.6832607984542847
2019-02-18,0.6865302920341492,0.6894221901893616,0.6842004656791687,0.6865491271018982
2019-02-19,0.6855419278144836,0.6861063838005066,0.6816400289535522,0.6856594681739807
2019-02-20,0.6877579092979431,0.6886103749275208,0.6852318644523621,0.6879944801330566
2019-02-21,0.686059296131134,0.6878998875617981,0.6804202795028687,0.6858381032943726
2019-02-22,0.6812685132026672,0.6845376491546631,0.6763611435890198,0.681430995464325
2019-02-25,0.6866622567176819,0.690321683883667,0.6861534118652344,0.686582088470459
2019-02-26,0.688411295413971,0.6895886063575745,0.6872521638870239,0.6885914206504822
2019-02-27,0.689812183380127,0.6904169917106628,0.6838307976722717,0.6895790696144104
2019-02-28,0.6841302514076233,0.6854291558265686,0.679740309715271,0.6853587031364441
2019-03-01,0.6818956732749939,0.6841817498207092,0.6805406212806702,0.6821980476379395
2019-03-04,0.6821282505989075,0.6821514964103699,0.6797311305999756,0.6822911500930786
2019-03-05,0.6823609471321106,0.6825007200241089,0.6770022511482239,0.6823703050613403
2019-03-06,0.6802119612693787,0.6802119612693787,0.6755204796791077,0.6800916790962219
2019-03-07,0.6770480871200562,0.6793016791343689,0.6765487790107727,0.6771397590637207
2019-03-08,0.6766815185546875,0.6810504198074341,0.6754383444786072,0.6764801144599915
2019-03-11,0.680272102355957,0.6839009523391724,0.6791586875915527,0.6806888580322266
2019-03-12,0.6834803223609924,0.6872851848602295,0.6830134391784668,0.6837139129638672
2019-03-13,0.6853587031364441,0.6859180927276611,0.6830601096153259,0.6853821277618408
2019-03-14,0.6858099102973938,0.6861063838005066,0.681059718132019,0.6858381032943726
2019-03-15,0.68369060754776,0.6862005591392517,0.6835503578186035,0.6837139129638672
2019-03-18,0.6844111680984497,0.687469482421875,0.6840881109237671,0.684359610080719
2019-03-19,0.6845376491546631,0.6873797178268433,0.6843081116676331,0.6846032738685608
2019-03-20,0.6852882504463196,0.6859180927276611,0.6829714775085449,0.6855888962745667
2019-03-21,0.6918500065803528,0.6938661932945251,0.6875215172767639,0.6918978691101074
2019-03-22,0.6883118152618408,0.6900835037231445,0.6868084669113159,0.68822181224823
2019-03-25,0.6877200603485107,0.6918978691101074,0.687370240688324,0.6877484321594238
2019-03-26,0.6912521719932556,0.6925495266914368,0.6895790696144104,0.6912713050842285
2019-03-27,0.6909512877464294,0.6914194822311401,0.6789280772209167,0.690817654132843
2019-03-28,0.6790710091590881,0.6830134391784668,0.6783110499382019,0.6798281073570251
2019-03-29,0.6782097816467285,0.6823516488075256,0.6778512001037598,0.6781821846961975
2019-03-31,0.6826870441436768,0.6838307976722717,0.6812406778335571,0.6824122071266174
2019-04-01,0.6791678667068481,0.679394006729126,0.6740179657936096,0.6790249347686768
2019-04-02,0.6749277710914612,0.6804109811782837,0.6745362877845764,0.6752285361289978
2019-04-03,0.6789695620536804,0.6800870895385742,0.6749277710914612,0.6789788007736206
2019-04-04,0.6758126616477966,0.6768189668655396,0.6719707250595093,0.6757989525794983
2019-04-07,0.6731604337692261,0.6754931211471558,0.672350287437439,0.6731740236282349
2019-04-08,0.674217939376831,0.675995409488678,0.6738998889923096,0.6739407777786255
2019-04-09,0.6752422451972961,0.6768189668655396,0.6739407777786255,0.6752604842185974
2019-04-10,0.6767685413360596,0.6774150133132935,0.6726396679878235,0.6768510341644287
2019-04-11,0.6723683476448059,0.6781086325645447,0.6715600490570068,0.6724587678909302
2019-04-14,0.6768693327903748,0.6783110499382019,0.6752285361289978,0.6768693327903748
2019-04-15,0.6767181754112244,0.6771856546401978,0.6743178963661194,0.6767594218254089
2019-04-16,0.6708977818489075,0.6749277710914612,0.6699584126472473,0.6710193157196045
2019-04-17,0.6726894974708557,0.6728705167770386,0.6675567030906677,0.6726487278938293
2019-04-18,0.6687397360801697,0.6697923541069031,0.6683107018470764,0.6687307953834534
2019-04-21,0.6684491634368896,0.6687174439430237,0.6674007773399353,0.6686279773712158
2019-04-22,0.668020486831665,0.6680919528007507,0.6630508303642273,0.6683107018470764
2019-04-23,0.6655086874961853,0.6656814217567444,0.6602185368537903,0.6654378771781921
2019-04-24,0.6594305634498596,0.6632179617881775,0.6581891775131226,0.6595479249954224
2019-04-25,0.6633102893829346,0.6682302951812744,0.6627695560455322,0.6633191108703613
2019-04-28,0.666688859462738,0.6684045195579529,0.6657789945602417,0.6667200326919556
2019-04-29,0.6670001149177551,0.6683151721954346,0.6656016707420349,0.6670224070549011
2019-04-30,0.6651147603988647,0.666888952255249,0.6645091772079468,0.6656016707420349
2019-05-01,0.6627212762832642,0.6640105843544006,0.6610084176063538,0.6627915501594543
2019-05-02,0.6615944504737854,0.6653980016708374,0.6611002087593079,0.6616294384002686
2019-05-05,0.6607507467269897,0.6630288362503052,0.6602795720100403,0.6607595086097717
2019-05-06,0.6608293652534485,0.6627388000488281,0.6590654253959656,0.6607987880706787
2019-05-07,0.659661054611206,0.66072016954422,0.6540907025337219,0.6596697568893433
2019-05-08,0.6584795713424683,0.6592826843261719,0.6570302248001099,0.65845787525177
2019-05-09,0.6588309407234192,0.6614281535148621,0.6588309407234192,0.6587311625480652
2019-05-12,0.6590393781661987,0.6594130992889404,0.6569094061851501,0.6591610312461853
2019-05-13,0.6574795246124268,0.6591696739196777,0.6573886871337891,0.6576784253120422
2019-05-14,0.6571295261383057,0.6575097441673279,0.6551920771598816,0.6571295261383057
2019-05-15,0.6562411785125732,0.6585879921913147,0.6546516418457031,0.6563402414321899
2019-05-16,0.6537400484085083,0.6547930836677551,0.6520690321922302,0.6535306572914124
2019-05-19,0.6528011560440063,0.6548788547515869,0.6527287364006042,0.6528011560440063
2019-05-20,0.6539195775985718,0.6543089747428894,0.6501612663269043,0.6540393233299255
2019-05-22,0.6496501564979553,0.6524008512496948,0.6483192443847656,0.6495193243026733
2019-05-23,0.6521880626678467,0.6557807326316833,0.6513979434967041,0.6522603631019592
2019-05-26,0.6554583311080933,0.6560819149017334,0.6543817520141602,0.655750572681427
2019-05-27,0.6550933718681335,0.6560819149017334,0.6544502377510071,0.6546516418457031
2019-05-28,0.6546216011047363,0.6554798483848572,0.6506603956222534,0.6545487642288208
2019-05-29,0.6515506505966187,0.653082549571991,0.6497303247451782,0.6514403223991394
2019-05-30,0.6505884528160095,0.6536802053451538,0.6498992443084717,0.6506688594818115
2019-06-02,0.6534580588340759,0.6581112146377563,0.6533684730529785,0.6534196734428406
2019-06-03,0.6591088771820068,0.661191999912262,0.6578688025474548,0.6592783331871033
2019-06-04,0.6610608696937561,0.666688859462738,0.6610608696937561,0.660969078540802
2019-06-05,0.6625983119010925,0.6644209623336792,0.6621420383453369,0.6627344489097595
2019-06-06,0.6619185209274292,0.6681811809539795,0.6615288257598877,0.6619009971618652
2019-06-09,0.6658099889755249,0.666218101978302,0.6613187789916992,0.665708065032959
2019-06-10,0.6611483097076416,0.661191999912262,0.6570820212364197,0.6614194512367249
2019-06-11,0.6584101915359497,0.6594130992889404,0.6567713022232056,0.6584188938140869
2019-06-12,0.6577000021934509,0.6588179469108582,0.6557892560958862,0.6577087044715881
2019-06-13,0.6558882594108582,0.6562971472740173,0.6500090956687927,0.6558710336685181
2019-06-16,0.6498317122459412,0.6517205238342285,0.6498317122459412,0.6498908400535583
2019-06-17,0.649819016456604,0.653748631477356,0.6491609811782837,0.6497599482536316
2019-06-18,0.6536375284194946,0.6541078090667725,0.6515591740608215,0.6534580588340759
2019-06-19,0.655509889125824,0.6598917841911316,0.655509889125824,0.6554583311080933
2019-06-20,0.6582412123680115,0.6605019569396973,0.6555399894714355,0.6584709286689758
2019-06-23,0.6598482728004456,0.6629980802536011,0.6591696739196777,0.6597480773925781
2019-06-24,0.6625587940216064,0.6657789945602417,0.6625149250030518,0.6624096035957336
2019-06-25,0.6634819507598877,0.6694784760475159,0.6625983119010925,0.6633411049842834
2019-06-26,0.6680383682250977,0.6705109477043152,0.6672716736793518,0.66806960105896
2019-06-27,0.6702592372894287,0.6724949479103088,0.6691603660583496,0.6701918840408325
2019-06-30,0.6721378564834595,0.6728116869926453,0.6673785448074341,0.6723185777664185
2019-07-01,0.6671692728996277,0.6684045195579529,0.6657789945602417,0.6675121784210205
2019-07-02,0.6678822040557861,0.6719978451728821,0.6674898862838745,0.6678822040557861
2019-07-03,0.6710959076881409,0.6720881462097168,0.6678599119186401,0.6709157824516296
2019-07-04,0.6693305969238281,0.6694784760475159,0.6603580117225647,0.669178307056427
2019-07-07,0.6630904078483582,0.6653802394866943,0.6623218059539795,0.6631079912185669
2019-07-08,0.6627520322799683,0.6633939146995544,0.6602098345756531,0.6628003716468811
2019-07-09,0.6601095795631409,0.6653006076812744,0.6587918996810913,0.6601400971412659
2019-07-10,0.664491593837738,0.6689903140068054,0.664491593837738,0.664548933506012
2019-07-11,0.6661115884780884,0.6692096590995789,0.6661115884780884,0.6663779020309448
2019-07-14,0.6694919466972351,0.6735413074493408,0.6694784760475159,0.6694919466972351
2019-07-15,0.672350287437439,0.6739906668663025,0.6702008843421936,0.6724406480789185
2019-07-16,0.6702592372894287,0.674490749835968,0.6701694130897522,0.670218825340271
2019-07-17,0.6732510924339294,0.6758126616477966,0.67298823595047,0.6733598709106445
2019-07-18,0.6778006553649902,0.6789788007736206,0.6766220331192017,0.6777317523956299
2019-07-21,0.6760913729667664,0.6789788007736206,0.6760411262512207,0.6760868430137634
2019-07-22,0.6741088032722473,0.6748093962669373,0.6705604195594788,0.6739906668663025
2019-07-23,0.6698597073554993,0.672350287437439,0.6692992448806763,0.6699494123458862
2019-07-24,0.6700616478919983,0.6710959076881409,0.6668311357498169,0.6701694130897522
2019-07-25,0.6659917831420898,0.6663379073143005,0.6628310680389404,0.6660494804382324
2019-07-28,0.6637814044952393,0.6642796397209167,0.6617258191108704,0.6637197732925415
2019-07-29,0.6629893183708191,0.663790225982666,0.6603798866271973,0.6630904078483582
2019-07-30,0.6616513729095459,0.6620104908943176,0.6588613390922546,0.6617783308029175
2019-07-31,0.6552221179008484,0.6575313210487366,0.6537400484085083,0.6552779078483582
2019-08-01,0.6556001305580139,0.6560990810394287,0.6506307721138,0.6554496884346008
2019-08-04,0.6521497964859009,0.6543217897415161,0.6489798426628113,0.6522731781005859
2019-08-05,0.6557720899581909,0.6571381688117981,0.6524008512496948,0.6559914946556091
2019-08-06,0.6533812284469604,0.6557892560958862,0.6379382014274597,0.6532403826713562
2019-08-07,0.6450406312942505,0.6488029360771179,0.6436994671821594,0.6451280117034912
2019-08-08,0.6485715508460999,0.6501104831695557,0.6477900743484497,0.6485715508460999
2019-08-11,0.6462119221687317,0.6477103233337402,0.644450306892395,0.6462787389755249
2019-08-12,0.6448908448219299,0.6472282409667969,0.642351508140564,0.6448201537132263
2019-08-13,0.6461993455886841,0.6469979286193848,0.6425207257270813,0.6462202668190002
2019-08-14,0.6441182494163513,0.6453194618225098,0.6428717970848083,0.6438900828361511
2019-08-15,0.6435295939445496,0.6447868943214417,0.6425083875656128,0.6435089111328125
2019-08-18,0.6427313089370728,0.643086850643158,0.6410297155380249,0.6426693797111511
2019-08-19,0.64054936170578,0.643086850643158,0.6404303908348083,0.6404796242713928
2019-08-20,0.6410502791404724,0.642351508140564,0.6397379636764526,0.6411406993865967
2019-08-21,0.6403319835662842,0.6408284902572632,0.6362780332565308,0.6405287981033325
2019-08-22,0.6388919353485107,0.6413134336471558,0.6369913816452026,0.6388307213783264
2019-08-25,0.6363590359687805,0.6406149864196777,0.6363590359687805,0.6362982988357544
2019-08-26,0.6385695934295654,0.6386919617652893,0.6360392570495605,0.6386919617652893
2019-08-27,0.6364319324493408,0.636731743812561,0.6327391862869263,0.636448085308075
2019-08-28,0.6336492896080017,0.6350012421607971,0.630739688873291,0.6337296366691589
2019-08-29,0.6316680312156677,0.6323910355567932,0.6290614008903503,0.6317797899246216
2019-09-01,0.630079984664917,0.6321911811828613,0.6291404962539673,0.630079984664917
2019-09-02,0.6305010914802551,0.6326391100883484,0.6270889639854431,0.6305209994316101
2019-09-03,0.6339505910873413,0.6366183161735535,0.6327992677688599,0.6338903307914734
2019-09-04,0.6357400417327881,0.6399999856948853,0.635687530040741,0.6356592178344727
2019-09-05,0.6372795701026917,0.6444960236549377,0.6370806694030762,0.637259304523468
2019-09-08,0.6427395939826965,0.64470374584198,0.6414285898208618,0.6427106857299805
2019-09-09,0.64292973279953,0.6442593336105347,0.6410708427429199,0.6428015828132629
2019-09-10,0.6414285898208618,0.6438611149787903,0.6409393548965454,0.6418073177337646
2019-09-11,0.6421906352043152,0.6452028751373291,0.6414903402328491,0.6420587301254272
2019-09-12,0.640188455581665,0.6411077976226807,0.6376981735229492,0.6402294635772705
2019-09-15,0.6385492086410522,0.6393043994903564,0.6350697875022888,0.6385411024093628
2019-09-16,0.6342682242393494,0.6352836489677429,0.6323590874671936,0.6343004107475281
2019-09-17,0.6361808776855469,0.6361808776855469,0.6330316066741943,0.6362010836601257
2019-09-18,0.6317917704582214,0.632151186466217,0.6300085783004761,0.6321112513542175
2019-09-19,0.6293503642082214,0.6305806636810303,0.6256999969482422,0.6296594738960266
2019-09-22,0.6267313361167908,0.6292077898979187,0.626021146774292,0.6267313361167908
2019-09-23,0.6297189593315125,0.6333122253417969,0.628871500492096,0.6297784447669983
2019-09-24,0.6317198872566223,0.6348883509635925,0.627549409866333,0.6318396925926208
2019-09-25,0.6273801326751709,0.6329914927482605,0.6272187829017639,0.6273998022079468
2019-09-26,0.6298498511314392,0.6311139464378357,0.6280105113983154,0.629830002784729
2019-09-29,0.6282393336296082,0.628571093082428,0.6251211166381836,0.6286382675170898
2019-09-30,0.6263309121131897,0.6266802549362183,0.620728611946106,0.626228928565979
2019-10-01,0.6245511174201965,0.6263505816459656,0.6220801472663879,0.6244106888771057
2019-10-02,0.6267588138580322,0.6317119598388672,0.6256999969482422,0.6266999244689941
2019-10-03,0.6303898096084595,0.6335208415985107,0.6303818821907043,0.6303898096084595
2019-10-06,0.6318117380142212,0.6322711110115051,0.6284999847412109,0.6316680312156677
2019-10-07,0.6292117834091187,0.63279128074646,0.6289308071136475,0.6291682124137878
2019-10-08,0.6299212574958801,0.6324310898780823,0.6298617720603943,0.6298617720603943
2019-10-09,0.6287805438041687,0.6335489153862,0.6285513043403625,0.628788411617279
2019-10-10,0.6325190663337708,0.6354895234107971,0.6317718029022217,0.632611095905304
2019-10-13,0.6327399611473083,0.633448600769043,0.6282117366790771,0.6328593492507935
2019-10-14,0.6303103566169739,0.6315483450889587,0.626009464263916,0.6306005120277405
2019-10-15,0.6294692158699036,0.6295999884605408,0.6243717670440674,0.6295484900474548
2019-10-16,0.6286303400993347,0.6351908445358276,0.6284881234169006,0.6288082003593445
2019-10-17,0.6354814767837524,0.6384187340736389,0.6354701519012451,0.6354814767837524
2019-10-20,0.6385998129844666,0.6416796445846558,0.6384595036506653,0.6385998129844666
2019-10-21,0.641288697719574,0.6436787247657776,0.6407586336135864,0.6411982774734497
2019-10-22,0.6412599682807922,0.6420001983642578,0.638728678226471,0.6411818265914917
2019-10-23,0.6421617865562439,0.6425290107727051,0.637649416923523,0.6421700119972229
2019-10-24,0.6379097104072571,0.6384998559951782,0.6356713175773621,0.6377795338630676
2019-10-28,0.635861337184906,0.636079728603363,0.6335208415985107,0.6358693838119507
2019-10-29,0.6354007124900818,0.637588381767273,0.634091317653656,0.6353886127471924
2019-10-30,0.6352917551994324,0.637100100517273,0.6343286037445068,0.6352109909057617
2019-10-31,0.6416096687316895,0.6433805823326111,0.639308512210846,0.6409598588943481
2019-11-01,0.6415191292762756,0.6455694437026978,0.6408198475837708,0.6414985060691833
2019-11-04,0.6435793042182922,0.6466214060783386,0.641288697719574,0.6435089111328125
2019-11-05,0.6401106119155884,0.6431695222854614,0.6373486518859863,0.6402294635772705
2019-11-06,0.6373283267021179,0.6389613151550293,0.6362010836601257,0.637421727180481
2019-11-07,0.6365979909896851,0.6387001276016235,0.6343889236450195,0.6366385221481323
2019-11-08,0.6331318020820618,0.6380997896194458,0.6323190927505493,0.6380997896194458
2019-11-11,0.6334205269813538,0.6371293663978577,0.6333283185958862,0.6332681179046631
2019-11-12,0.6363711953163147,0.6369001269340515,0.6326311230659485,0.6364886164665222
2019-11-13,0.6337416768074036,0.6415520310401917,0.6331799030303955,0.6336613297462463
2019-11-14,0.6415314674377441,0.6419391632080078,0.6365898847579956,0.6415314674377441
2019-11-15,0.6381580233573914,0.6410009860992432,0.6373283267021179,0.6381784081459045
2019-11-18,0.6401106119155884,0.6412106156349182,0.6391614079475403,0.6401802897453308
2019-11-19,0.6396806836128235,0.6429089903831482,0.6382700204849243,0.6397216320037842
2019-11-20,0.6433101892471313,0.6436704397201538,0.6405616402626038,0.6431405544281006
2019-11-21,0.6410995721817017,0.6438114047050476,0.6398701667785645,0.6410995721817017
2019-11-22,0.6405000686645508,0.642619788646698,0.640049159526825,0.6406999230384827
2019-11-25,0.6410215497016907,0.6428594589233398,0.6396397352218628,0.6409311294555664
2019-11-26,0.6414203643798828,0.6427891850471497,0.6406683325767517,0.6415109038352966
2019-11-27,0.6427519917488098,0.6436000466346741,0.6414697170257568,0.6426982879638672
2019-11-28,0.642388641834259,0.6431000232696533,0.6409598588943481,0.6413010954856873
2019-11-29,0.6419597864151001,0.643790602684021,0.641040027141571,0.6420091986656189
2019-12-02,0.6432812213897705,0.6511688828468323,0.6432812213897705,0.6432108879089355
2019-12-03,0.6497810482978821,0.6534111499786377,0.6497683525085449,0.6498781442642212
2019-12-04,0.6520987749099731,0.6539700627326965,0.6504614949226379,0.6518301367759705
2019-12-05,0.6548101902008057,0.6560904383659363,0.6522093415260315,0.6550204157829285
2019-12-06,0.6545102000236511,0.6574997901916504,0.6542319059371948,0.6544117331504822
2019-12-09,0.6558581590652466,0.6568015217781067,0.6549989581108093,0.6559183597564697
2019-12-10,0.6549903750419617,0.6568403244018555,0.6530314087867737,0.6548788547515869
2019-12-11,0.6550504565238953,0.6577999591827393,0.6524093151092529,0.6545016765594482
2019-12-12,0.6581891775131226,0.6598221063613892,0.6575702428817749,0.6580800414085388
2019-12-13,0.6619491577148438,0.6627212762832642,0.6584795713424683,0.6620499491691589
2019-12-16,0.659360945224762,0.6614999175071716,0.6591305732727051,0.6592696905136108
2019-12-17,0.6597611904144287,0.6606001853942871,0.6566289663314819,0.6593601107597351
2019-12-18,0.6569309234619141,0.6591696739196777,0.6555313467979431,0.6569180488586426
2019-12-19,0.6584101915359497,0.6606983542442322,0.6574103236198425,0.6584492325782776
2019-12-20,0.6611701250076294,0.6614106893539429,0.659061074256897,0.6612619757652283
2019-12-23,0.660728931427002,0.6629980802536011,0.6602402925491333,0.6607507467269897
2019-12-24,0.6634291410446167,0.6647999286651611,0.6624314785003662,0.6634599566459656
2019-12-25,0.6641998291015625,0.6657599210739136,0.6631999015808105,0.6642999649047852
2019-12-26,0.6644385457038879,0.6670001149177551,0.6642399430274963,0.6647000312805176
2019-12-27,0.6675611734390259,0.671100378036499,0.66684889793396,0.6672716736793518
2019-12-30,0.6706098914146423,0.6737999320030212,0.6706098914146423,0.6706413626670837
2019-12-31,0.6735594272613525,0.6756209135055542,0.6720881462097168,0.6734777688980103
2020-01-01,0.6785798072814941,0.6785798072814941,0.6723001003265381,0.6785798072814941
2020-01-02,0.6737091541290283,0.6740315556526184,0.6686592698097229,0.6737182140350342
2020-01-03,0.6699404120445251,0.6700401306152344,0.6646196842193604,0.6700212359428406
2020-01-06,0.6658498644828796,0.6680999994277954,0.6645578145980835,0.665530800819397
2020-01-07,0.6669201254844666,0.6679999828338623,0.662651002407074,0.6669512391090393
2020-01-08,0.6630904078483582,0.6672316193580627,0.6619316339492798,0.6631211638450623
2020-01-09,0.6656105518341064,0.6659297347068787,0.6601099967956543,0.6654289960861206
2020-01-10,0.6607900261878967,0.6641296744346619,0.6603406071662903,0.6607987880706787
2020-01-13,0.6635788679122925,0.6654002070426941,0.6622384786605835,0.6637682318687439
2020-01-14,0.662659764289856,0.6634511351585388,0.6605019569396973,0.6626817584037781
2020-01-15,0.660689651966095,0.6621595621109009,0.6586617231369019,0.660969078540802
2020-01-16,0.6619403958320618,0.6665911078453064,0.6619403958320618,0.6619185209274292
2020-01-17,0.6637505888938904,0.6652001142501831,0.6608293652534485,0.6638211011886597
2020-01-20,0.6620104908943176,0.6627001762390137,0.659360945224762,0.6619710922241211
2020-01-21,0.6607682108879089,0.6615506410598755,0.6590003371238708,0.6608904600143433
2020-01-22,0.6595784425735474,0.6611483097076416,0.6583278179168701,0.6595305800437927
2020-01-23,0.6595784425735474,0.6610215306282043,0.6582412123680115,0.659639298915863
2020-01-24,0.6619403958320618,0.662958562374115,0.6600485444068909,0.6614719033241272
2020-01-27,0.6575097441673279,0.6590219736099243,0.654741644859314,0.6572720408439636
2020-01-28,0.6545187830924988,0.6552998423576355,0.6522093415260315,0.6545788049697876
2020-01-29,0.6540307998657227,0.6544001698493958,0.6508806347846985,0.6540094017982483
2020-01-30,0.6527798771858215,0.652958869934082,0.6486514806747437,0.6527202129364014
2020-01-31,0.6485000252723694,0.6496101021766663,0.6454985737800598,0.6485421061515808
2020-02-03,0.6458404660224915,0.647601306438446,0.6455486416816711,0.6459489464759827
2020-02-04,0.6459614634513855,0.6480209827423096,0.6451488137245178,0.6461117267608643
2020-02-05,0.6493590474128723,0.650321900844574,0.6474000811576843,0.6493801474571228
2020-02-06,0.6481007933616638,0.6485000252723694,0.6455486416816711,0.6481889486312866
2020-02-07,0.6460407376289368,0.6463999152183533,0.6404303908348083,0.6463000178337097
2020-02-10,0.6397216320037842,0.6417496204376221,0.6383494734764099,0.6399590373039246
2020-02-11,0.6387613415718079,0.642259955406189,0.6379707455635071,0.6388592720031738
2020-02-12,0.6406683325767517,0.6488113403320312,0.6404713988304138,0.6406519412994385
2020-02-13,0.6448492407798767,0.6467008590698242,0.644159734249115,0.6447120904922485
2020-02-14,0.6442800760269165,0.6447000503540039,0.6424092650413513,0.6443091630935669
2020-02-17,0.6445499658584595,0.6445499658584595,0.6421287655830383,0.6446580290794373
2020-02-18,0.6437409520149231,0.6438001394271851,0.6384310126304626,0.6438984274864197
2020-02-19,0.6395497918128967,0.6411694884300232,0.6374298930168152,0.6394516229629517
2020-02-20,0.638879656791687,0.6395620107650757,0.6326711177825928,0.6389816999435425
2020-02-21,0.6333402991294861,0.6356713175773621,0.6304613351821899,0.6332480907440186
2020-02-24,0.6322311758995056,0.6352109909057617,0.6304693222045898,0.6323310732841492
2020-02-25,0.6343607902526855,0.6360000371932983,0.6312294006347656,0.6344292163848877
2020-02-26,0.6321312785148621,0.6321911811828613,0.6294494271278381,0.6321592330932617
2020-02-27,0.6291999220848083,0.6333804130554199,0.6285315752029419,0.6286817193031311
2020-02-28,0.6311417818069458,0.6314498782157898,0.6199513077735901,0.6311696767807007
2020-03-02,0.6230607032775879,0.6279316544532776,0.6205283403396606,0.6229403614997864
2020-03-03,0.6264604330062866,0.6325990557670593,0.6248281598091125,0.6265585422515869
2020-03-04,0.6273289918899536,0.6304693222045898,0.6272502541542053,0.6269199252128601
2020-03-05,0.6300482749938965,0.6334004402160645,0.6282591223716736,0.6300284266471863
2020-03-06,0.631488561630249,0.6373283267021179,0.6295603513717651,0.6313091516494751
2020-03-09,0.6328593492507935,0.6446788311004639,0.6044743061065674,0.6329394578933716
2020-03-10,0.6339184641838074,0.6344493627548218,0.6263387799263,0.6341515779495239
2020-03-11,0.6266488432884216,0.6341395378112793,0.626009464263916,0.6268099546432495
2020-03-12,0.6266095638275146,0.6276518106460571,0.6094884872436523,0.6264290809631348
2020-03-13,0.6120288372039795,0.6161505579948425,0.6048691868782043,0.6114487648010254
2020-03-16,0.6053781509399414,0.6117817163467407,0.5989099740982056,0.6050997972488403
2020-03-17,0.6046095490455627,0.6095888614654541,0.5933908224105835,0.6044706702232361
2020-03-18,0.594611644744873,0.5967690944671631,0.5769807696342468,0.5949299931526184
2020-03-19,0.5717291831970215,0.5911702513694763,0.5478611588478088,0.5730692148208618
2020-03-20,0.5686600208282471,0.5876683592796326,0.5650004744529724,0.5684757828712463
2020-03-23,0.5631803870201111,0.5733813643455505,0.5598414540290833,0.5626100301742554
2020-03-24,0.5742308497428894,0.5839688777923584,0.5738387107849121,0.574418842792511
2020-03-25,0.5824213624000549,0.5910689830780029,0.5792199373245239,0.5829713940620422
2020-03-26,0.5808212757110596,0.5966195464134216,0.5780112743377686,0.5812196135520935
2020-03-27,0.5974500775337219,0.6027291417121887,0.5914394855499268,0.5979001522064209
2020-03-29,0.6051693558692932,0.6063693165779114,0.598809540271759,0.6058292984962463
2020-03-30,0.6002184748649597,0.6036715507507324,0.592241644859314,0.6009796261787415
2020-03-31,0.5953302383422852,0.596121609210968,0.5882802605628967,0.5951389074325562
2020-04-01,0.5934295654296875,0.5974714756011963,0.588249146938324,0.5936902165412903
2020-04-02,0.5916494727134705,0.591838538646698,0.5845389366149902,0.5914394855499268
2020-04-05,0.5854595303535461,0.5963882803916931,0.58521968126297,0.5854012370109558
2020-04-06,0.59485924243927,0.6016014814376831,0.5936585068702698,0.5950610041618347
2020-04-07,0.5965803861618042,0.603070855140686,0.5942512154579163,0.5962993502616882
2020-04-08,0.601529061794281,0.607208788394928,0.5987486243247986,0.6016702651977539
2020-04-09,0.6074411273002625,0.6107698678970337,0.6060789823532104,0.6077216863632202
2020-04-12,0.6079692840576172,0.6094216704368591,0.6061487793922424,0.6075407862663269
2020-04-13,0.6099904179573059,0.6131508350372314,0.6067114472389221,0.6102696061134338
2020-04-14,0.6100202202796936,0.6101318597793579,0.5956990718841553,0.6101199388504028
2020-04-15,0.5998998284339905,0.5998998284339905,0.5940817594528198,0.5995994806289673
2020-04-16,0.600121259689331,0.6050302386283875,0.5968795418739319,0.5998692512512207
2020-04-19,0.6015001535415649,0.608909547328949,0.601059079170227,0.601550817489624
2020-04-20,0.6045912504196167,0.6045912504196167,0.5935810208320618,0.6045108437538147
2020-04-21,0.5964807868003845,0.6005998849868774,0.5943006873130798,0.5964096188545227
2020-04-22,0.5924416184425354,0.604269802570343,0.5914709568023682,0.5924205780029297
2020-04-23,0.6006799340248108,0.6014386415481567,0.5978215336799622,0.6005717515945435
2020-04-26,0.6021302938461304,0.6078000068664551,0.6019092202186584,0.6021702289581299
2020-04-27,0.6024096608161926,0.6072198748588562,0.599329948425293,0.6024604439735413
2020-04-28,0.6078288555145264,0.6112506985664368,0.6076589226722717,0.607810378074646
2020-04-29,0.6138999462127686,0.6174287796020508,0.6109594106674194,0.6142000555992126
2020-04-30,0.6123698949813843,0.6123698949813843,0.6049387454986572,0.6120288372039795
2020-05-03,0.6016412973403931,0.6055284738540649,0.6009687781333923,0.6016412973403931
2020-05-04,0.605370819568634,0.6077106595039368,0.6034383773803711,0.605029821395874
2020-05-05,0.6054185032844543,0.6073784232139587,0.6013482213020325,0.6053100228309631
2020-05-06,0.6014711856842041,0.6086316108703613,0.601030170917511,0.6006998419761658
2020-05-07,0.6096798777580261,0.6148586869239807,0.6091098785400391,0.6095698475837708
2020-05-10,0.6140205264091492,0.615668773651123,0.6062185764312744,0.6143185496330261
2020-05-11,0.607950747013092,0.6122311353683472,0.604269802570343,0.6077697277069092
2020-05-12,0.6072309017181396,0.6095814108848572,0.6002184748649597,0.6069986820220947
2020-05-13,0.599628210067749,0.6000996232032776,0.5960008502006531,0.5999088287353516
2020-05-14,0.601460337638855,0.6014711856842041,0.5922907590866089,0.6013012528419495
2020-05-17,0.5939000844955444,0.6041492819786072,0.5930705666542053,0.5936691164970398
2020-05-18,0.6040398478507996,0.6103999614715576,0.6035403609275818,0.6040598750114441
2020-05-19,0.6089317798614502,0.6159114241600037,0.6086612343788147,0.6086501479148865
2020-05-20,0.614541232585907,0.6150099039077759,0.6107690930366516,0.614809513092041
2020-05-21,0.6127188205718994,0.6127188205718994,0.6082798838615417,0.6123398542404175
2020-05-24,0.6107205748558044,0.6108884811401367,0.6084908843040466,0.6105006337165833
2020-05-25,0.6110004782676697,0.6220607757568359,0.6101504564285278,0.6106609106063843
2020-05-26,0.6199281811714172,0.623371422290802,0.6154414415359497,0.6198398470878601
2020-05-27,0.618739128112793,0.6228395104408264,0.6171087026596069,0.618739128112793
2020-05-28,0.6199513077735901,0.6240483522415161,0.6176385283470154,0.6199781894683838
2020-05-31,0.6198697686195374,0.6289980411529541,0.6198198795318604,0.6199012994766235
2020-06-01,0.6285315752029419,0.6366385221481323,0.6265703439712524,0.6281801462173462
2020-06-02,0.6384998559951782,0.6443901062011719,0.6367901563644409,0.6385492086410522
2020-06-03,0.6429598927497864,0.6478404402732849,0.6405801177024841,0.6428387761116028
2020-06-04,0.6462996006011963,0.6527202129364014,0.6460198760032654,0.6463789939880371
2020-06-07,0.6528693437576294,0.6547201871871948,0.6510501503944397,0.6537613868713379
2020-06-08,0.6566289663314819,0.6580678820610046,0.6471319198608398,0.6567497253417969
2020-06-09,0.6500386595726013,0.6561998128890991,0.6496079564094543,0.6497303247451782
2020-06-10,0.6513299942016602,0.6539580821990967,0.645190417766571,0.6510586142539978
2020-06-11,0.6413792371749878,0.6477900743484497,0.6395988464355469,0.6413010954856873
2020-06-14,0.6421782970428467,0.6459405422210693,0.6383617520332336,0.6417208313941956
2020-06-15,0.6501316428184509,0.6506603956222534,0.6415109038352966,0.6499203443527222
2020-06-16,0.6460407376289368,0.6474210023880005,0.6431405544281006,0.6460198760032654
2020-06-17,0.6447120904922485,0.6466590762138367,0.6424712538719177,0.6446402072906494
2020-06-18,0.6427395939826965,0.6457195281982422,0.6408408284187317,0.642937958240509
2020-06-21,0.6400082111358643,0.6490893363952637,0.6397011280059814,0.6402007341384888
2020-06-22,0.6494603157043457,0.6533215045928955,0.6439688801765442,0.649599552154541
2020-06-23,0.650258481502533,0.6515001654624939,0.6410995721817017,0.6500301957130432
2020-06-24,0.6405206322669983,0.6442800760269165,0.6401310563087463,0.6404016613960266
2020-06-25,0.6430909037590027,0.6452999114990234,0.6404590606689453,0.6430785655975342
2020-06-28,0.6419391632080078,0.6443381905555725,0.6406683325767517,0.6419391632080078
2020-06-29,0.6427098512649536,0.6460908055305481,0.6386919617652893,0.6427395939826965
2020-06-30,0.6451404690742493,0.6489881873130798,0.6441680192947388,0.6451113224029541
2020-07-01,0.6481217741966248,0.6536716818809509,0.6476306319236755,0.6479201316833496
2020-07-02,0.6511001586914062,0.6537186503410339,0.6505292057991028,0.65091872215271
2020-07-05,0.6538084149360657,0.656641960144043,0.6533598899841309,0.6538383364677429
2020-07-06,0.6557291150093079,0.6582000255584717,0.6520817875862122,0.6558882594108582
2020-07-07,0.6547588109970093,0.6570388078689575,0.6531081795692444,0.6549388766288757
2020-07-08,0.6574016809463501,0.6600616574287415,0.6554282307624817,0.6574016809463501
2020-07-09,0.6570086479187012,0.6589221358299255,0.6547498106956482,0.6569395661354065
2020-07-12,0.6572720408439636,0.659360945224762,0.6554798483848572,0.6574997901916504
2020-07-13,0.6536118388175964,0.6542999744415283,0.6506519913673401,0.6538383364677429
2020-07-14,0.6544716358184814,0.6584709286689758,0.6541805267333984,0.654360294342041
2020-07-15,0.6571381688117981,0.6571683883666992,0.6537998914718628,0.6573001742362976
2020-07-16,0.6541591286659241,0.6554282307624817,0.6533812284469604,0.6542105078697205
2020-07-19,0.6562584042549133,0.6574103236198425,0.6540008783340454,0.6562497615814209
2020-07-20,0.6582497954368591,0.6633807420730591,0.6560388207435608,0.6581414937973022
2020-07-21,0.6649201512336731,0.6689186692237854,0.6634291410446167,0.6646903157234192
2020-07-22,0.6657878756523132,0.6690618991851807,0.6633015275001526,0.6657390594482422
2020-07-23,0.6634291410446167,0.6654112339019775,0.66158127784729,0.663561224937439
2020-07-26,0.6645180583000183,0.6694000363349915,0.6645180583000183,0.6644695401191711
2020-07-27,0.6687889695167542,0.6702682375907898,0.6634379029273987,0.6688382029533386
2020-07-28,0.666218101978302,0.6679491400718689,0.6642796397209167,0.6660600900650024
2020-07-29,0.6657878756523132,0.6667600274085999,0.6621683239936829,0.6656593084335327
2020-07-30,0.6698507070541382,0.6715285181999207,0.6641384959220886,0.6696891784667969
2020-08-02,0.6637594103813171,0.6643503308296204,0.6576784253120422,0.6637109518051147
2020-08-03,0.6614981889724731,0.662600040435791,0.6590797901153564,0.6615402102470398
2020-08-04,0.6646417379379272,0.667458713054657,0.663138747215271,0.664548933506012
2020-08-05,0.6647787094116211,0.6668311357498169,0.6630112528800964,0.664818525314331
2020-08-06,0.668140172958374,0.6690999865531921,0.6605587005615234,0.6684491634368896
2020-08-09,0.6600616574287415,0.6612999439239502,0.6578900218009949,0.6601095795631409
2020-08-10,0.6592783331871033,0.6627520322799683,0.6572591066360474,0.6593479514122009
2020-08-11,0.6569913625717163,0.659909188747406,0.6533684730529785,0.6569395661354065
2020-08-12,0.6580419540405273,0.6597480773925781,0.655509889125824,0.6576480865478516
2020-08-13,0.6546387672424316,0.6559914946556091,0.652741551399231,0.6547288298606873
2020-08-16,0.6544399857521057,0.6554110646247864,0.6520605087280273,0.6543817520141602
2020-08-17,0.6554282307624817,0.6605019569396973,0.6535990834236145,0.6554712057113647
2020-08-18,0.6608686447143555,0.665198802947998,0.6601183414459229,0.6610389947891235
2020-08-19,0.6559699773788452,0.6573001742362976,0.6491103768348694,0.6561594009399414
2020-08-20,0.6541805267333984,0.6549989581108093,0.6518607139587402,0.6542105078697205
2020-08-23,0.6537784934043884,0.6564910411834717,0.6526690721511841,0.6538811326026917
2020-08-24,0.6526904106140137,0.6558581590652466,0.6516483426094055,0.6529998183250427
2020-08-25,0.6552092432975769,0.6604583859443665,0.6545187830924988,0.6552993655204773
2020-08-26,0.663138747215271,0.6674319505691528,0.6602795720100403,0.6633411049842834
2020-08-27,0.664548933506012,0.6743406653404236,0.6637598276138306,0.6645312905311584
2020-08-30,0.6745316982269287,0.6762422323226929,0.6721920967102051,0.6745316982269287
2020-08-31,0.6737409830093384,0.6779109835624695,0.6731377840042114,0.6732601523399353
2020-09-01,0.6767914295196533,0.6788313388824463,0.6743202209472656,0.6768602132797241
2020-09-02,0.6765487790107727,0.6774998903274536,0.6706503033638,0.6767502427101135
2020-09-03,0.6693305969238281,0.6732691526412964,0.6669512391090393,0.6689102053642273
2020-09-06,0.6712896227836609,0.6716683506965637,0.6694099307060242,0.6712896227836609
2020-09-07,0.6692410111427307,0.6707807779312134,0.6627915501594543,0.6691021919250488
2020-09-08,0.6612794399261475,0.6684000492095947,0.6612313389778137,0.6612619757652283
2020-09-09,0.6681097745895386,0.6707583069801331,0.6664889454841614,0.6682080030441284
2020-09-10,0.6649510860443115,0.6695681214332581,0.6646594405174255,0.6646991968154907
2020-09-13,0.6688202619552612,0.6720998883247375,0.667788565158844,0.6685296297073364
2020-09-14,0.6697789430618286,0.6736410856246948,0.6687487363815308,0.6699718832969666
2020-09-15,0.6709787845611572,0.6759405732154846,0.6703715920448303,0.6710913777351379
2020-09-16,0.6724090576171875,0.6738499402999878,0.6676681637763977,0.6721695065498352
2020-09-17,0.6767319440841675,0.6798604726791382,0.6759496927261353,0.6762696504592896
2020-09-20,0.6758583784103394,0.6777997612953186,0.6652696132659912,0.6758995056152344
2020-09-21,0.6664800643920898,0.6688202619552612,0.6633102893829346,0.6666000485420227
2020-09-22,0.663129985332489,0.6643415093421936,0.6564393043518066,0.6632398962974548
2020-09-23,0.6547201871871948,0.6556087136268616,0.6512494683265686,0.6545187830924988
2020-09-24,0.6549302935600281,0.6591696739196777,0.6531081795692444,0.6549903750419617
2020-09-27,0.6553199887275696,0.6567410826683044,0.6541292071342468,0.6551792025566101
2020-09-28,0.6566506028175354,0.6597785353660583,0.6553981900215149,0.6568015217781067
2020-09-29,0.6602882742881775,0.6615506410598755,0.657060444355011,0.6600921154022217
2020-09-30,0.6623789072036743,0.6657479405403137,0.6617695689201355,0.6622779369354248
2020-10-01,0.6651102900505066,0.665490984916687,0.66158127784729,0.6651412844657898
2020-10-04,0.6638695597648621,0.6654821038246155,0.6632799506187439,0.6639797687530518
2020-10-05,0.6652297973632812,0.6657997965812683,0.6625280976295471,0.6653802394866943
2020-10-06,0.6590914726257324,0.6601400971412659,0.6576697826385498,0.6590003371238708
2020-10-07,0.6572599411010742,0.6596305966377258,0.6548187732696533,0.6574103236198425
2020-10-08,0.6590393781661987,0.666871190071106,0.6589394807815552,0.6589394807815552
2020-10-11,0.6662313938140869,0.6671114563941956,0.6643282175064087,0.6664400696754456
2020-10-12,0.6649290323257446,0.6672199964523315,0.6629699468612671,0.6649290323257446
2020-10-13,0.66554856300354,0.6683107018470764,0.6646284461021423,0.6655396819114685
2020-10-14,0.6659518480300903,0.6662579774856567,0.6577692627906799,0.665619432926178
2020-10-15,0.6598395109176636,0.6620998978614807,0.6588179469108582,0.6598917841911316
2020-10-18,0.6618703007698059,0.6646991968154907,0.6612199544906616,0.6617783308029175
2020-10-19,0.6594000458717346,0.659639298915863,0.6554496884346008,0.6593087911605835
2020-10-20,0.6581199169158936,0.66758793592453,0.6579207181930542,0.6580809354782104
2020-10-21,0.6645312905311584,0.667900025844574,0.6633719205856323,0.6646196842193604
2020-10-22,0.6671915650367737,0.6705289483070374,0.6657599210739136,0.667159914970398
2020-10-26,0.668328583240509,0.6698417067527771,0.667338490486145,0.6684402823448181
2020-10-27,0.6678687930107117,0.6722779273986816,0.6678687930107117,0.6678001284599304
2020-10-28,0.6699000597000122,0.6723001003265381,0.6630420088768005,0.6700795888900757
2020-10-29,0.6649290323257446,0.6660006642341614,0.6599178910255432,0.6649687886238098
2020-10-30,0.662958562374115,0.6671202778816223,0.6604801416397095,0.6629716753959656
2020-11-02,0.6598917841911316,0.6635392308235168,0.6590393781661987,0.6598482728004456
2020-11-03,0.6632398962974548,0.6717991828918457,0.6622911095619202,0.6632398962974548
2020-11-04,0.6732419729232788,0.6742088198661804,0.6619097590446472,0.6729022264480591
2020-11-05,0.6697115898132324,0.6769014596939087,0.6681187152862549,0.6700077652931213
2020-11-06,0.6763520240783691,0.6802211999893188,0.6761700510978699,0.6764892935752869
2020-11-09,0.6801518201828003,0.6854103803634644,0.6791309714317322,0.6797495484352112
2020-11-10,0.6823377013206482,0.6840693950653076,0.6804896593093872,0.6825193166732788
2020-11-11,0.6829201579093933,0.6903693079948425,0.6813706159591675,0.6828222870826721
2020-11-12,0.689959704875946,0.691472053527832,0.6856594681739807,0.6902502179145813
2020-11-13,0.6839711666107178,0.6843081116676331,0.681222140789032,0.6839009523391724
2020-11-16,0.6868886947631836,0.6900787353515625,0.6863606572151184,0.6871482729911804
2020-11-17,0.690817654132843,0.6919888854026794,0.6876822710037231,0.690808117389679
2020-11-18,0.6891893744468689,0.693899929523468,0.6876822710037231,0.6893000602722168
2020-11-19,0.6918978691101074,0.6918978691101074,0.6880418062210083,0.6922091841697693
2020-11-20,0.6907985806465149,0.6951009035110474,0.6907317638397217,0.6906601786613464
2020-11-23,0.694449245929718,0.6967912912368774,0.6899787783622742,0.6946905255317688
2020-11-24,0.6930102705955505,0.7004812359809875,0.6925783753395081,0.6931111812591553
2020-11-25,0.69776850938797,0.7007610201835632,0.6961509585380554,0.6979097723960876
2020-11-26,0.7004076242446899,0.7014984488487244,0.6994376182556152,0.7004076242446899
2020-11-27,0.7002702951431274,0.7040022611618042,0.7002702951431274,0.7003389596939087
2020-11-30,0.7034921646118164,0.7051589488983154,0.7013704776763916,0.7035019993782043
2020-12-01,0.7020696997642517,0.7068186402320862,0.7020007371902466,0.7018824815750122
2020-12-02,0.7069985866546631,0.7084410786628723,0.7033189535140991,0.7069985866546631
2020-12-03,0.7070985436439514,0.7104997634887695,0.7052882313728333,0.7071500420570374
2020-12-04,0.7072886228561401,0.7080097198486328,0.7029481530189514,0.7073386311531067
2020-12-07,0.7041212320327759,0.7064192295074463,0.7006922960281372,0.7041400671005249
2020-12-08,0.7040022611618042,0.7054300308227539,0.7024997472763062,0.7040518522262573
2020-12-09,0.7040716409683228,0.7095116972923279,0.703700065612793,0.7040716409683228
2020-12-10,0.7017396092414856,0.708420991897583,0.7015377879142761,0.7016411423683167
2020-12-11,0.7092801928520203,0.7111009955406189,0.707558810710907,0.70940101146698
2020-12-14,0.7099000811576843,0.7120782732963562,0.7077692151069641,0.7098491191864014
2020-12-15,0.7085414528846741,0.7093003392219543,0.7060301899909973,0.7085816264152527
2020-12-16,0.7087222337722778,0.7121289968490601,0.707188606262207,0.7086820602416992
2020-12-17,0.7110503911972046,0.7171903252601624,0.7104392051696777,0.7110403180122375
2020-12-18,0.7147196531295776,0.715241014957428,0.7111920118331909,0.7147911787033081
2020-12-21,0.7103382349014282,0.710899829864502,0.7003978490829468,0.7104896903038025
2020-12-22,0.7096577286720276,0.7100305557250977,0.7032695412635803,0.7096678018569946
2020-12-23,0.7053678035736084,0.7104189991950989,0.7031508088111877,0.7054275274276733
2020-12-24,0.7099196910858154,0.7118197679519653,0.7092097997665405,0.709679901599884
2020-12-25,0.7128498554229736,0.7199299335479736,0.7104997634887695,0.713749885559082
2020-12-28,0.711992084980011,0.713928759098053,0.7086519598960876,0.7115614414215088
2020-12-29,0.7108078598976135,0.7165120244026184,0.7107522487640381,0.7107997536659241
2020-12-30,0.7150518298149109,0.7210325598716736,0.7148116230964661,0.7148601412773132
2020-12-31,0.7215684056282043,0.7241497039794922,0.7192174792289734,0.7215397357940674
2021-01-01,0.71940016746521,0.749289870262146,0.7182999849319458,0.7181999087333679
2021-01-04,0.7196781635284424,0.7230814695358276,0.7164195775985718,0.7198387980461121
2021-01-05,0.7179111242294312,0.7243122458457947,0.7174115777015686,0.7178286910057068
2021-01-06,0.7255314588546753,0.7316519618034363,0.723740816116333,0.7256894111633301
2021-01-07,0.7304708361625671,0.7304708361625671,0.7226687073707581,0.7305775880813599
2021-01-08,0.7264379858970642,0.7282101511955261,0.723050057888031,0.7265488505363464
2021-01-11,0.7203417420387268,0.7209597229957581,0.7148882150650024,0.7199320793151855
2021-01-12,0.7175201773643494,0.7196885347366333,0.7158913612365723,0.7174013257026672
2021-01-13,0.7229298949241638,0.7239294648170471,0.7168099284172058,0.7229298949241638
2021-01-14,0.7190313339233398,0.7228776216506958,0.7172006368637085,0.7190313339233398
2021-01-15,0.7218080163002014,0.7229821681976318,0.7120599746704102,0.7217714786529541
2021-01-18,0.7120478749275208,0.7136383056640625,0.709768533706665,0.7122507095336914
2021-01-19,0.7116424441337585,0.7141275405883789,0.7104392051696777,0.7115817070007324
2021-01-20,0.7128294706344604,0.7174682021141052,0.7117387056350708,0.7128803133964539
2021-01-21,0.7182515263557434,0.7223920226097107,0.7178400754928589,0.7186385989189148
2021-01-22,0.7215423583984375,0.722522497177124,0.7168201804161072,0.7216001749038696
2021-01-25,0.7182205319404602,0.7217402458190918,0.7172314524650574,0.7183701395988464
2021-01-26,0.7198283672332764,0.7248215079307556,0.7168818712234497,0.719990074634552
2021-01-27,0.7238980531692505,0.7244697213172913,0.7152206301689148,0.7236900925636292
2021-01-28,0.7145511507987976,0.7174218893051147,0.7106714248657227,0.7142704129219055
2021-01-29,0.7175300121307373,0.7225276827812195,0.7152206301689148,0.717442512512207
2021-02-01,0.7164298892021179,0.720352053642273,0.7154508829116821,0.7163375020027161
2021-02-02,0.7163888216018677,0.719377875328064,0.7137300372123718,0.7165479063987732
2021-02-03,0.7196574807167053,0.7225903868675232,0.7185817956924438,0.7196678519248962
2021-02-04,0.722240686416626,0.7226999998092651,0.7154713273048401,0.7219695448875427
2021-02-05,0.7159220576286316,0.7199475765228271,0.7137300372123718,0.7160297632217407
2021-02-08,0.7211989164352417,0.7232279181480408,0.7179318070411682,0.7211625576019287
2021-02-09,0.7225589752197266,0.7255998849868774,0.7218080163002014,0.7226702570915222
2021-02-10,0.7242493033409119,0.7245693802833557,0.7202016711235046,0.7243799567222595
2021-02-11,0.7218809127807617,0.7251684069633484,0.7205493450164795,0.7218199968338013
2021-02-12,0.7231494188308716,0.7233482599258423,0.7177102565765381,0.7231180667877197
2021-02-15,0.721870481967926,0.7250002026557922,0.7216985821723938,0.7219487428665161
2021-02-16,0.7232697606086731,0.7268604040145874,0.7204403877258301,0.723358690738678
2021-02-17,0.7187780737876892,0.7213914394378662,0.7160400152206421,0.718989908695221
2021-02-18,0.7193416953086853,0.7222980856895447,0.717761754989624,0.719398558139801
2021-02-19,0.7218700051307678,0.7315288782119751,0.7204922437667847,0.721870481967926
2021-02-22,0.7308925986289978,0.7337403297424316,0.7282101511955261,0.7312721014022827
2021-02-23,0.7328423261642456,0.7341982126235962,0.730828583240509,0.7329819798469543
2021-02-24,0.733971893787384,0.7404720187187195,0.7322198748588562,0.7338700890541077
2021-02-25,0.7441417574882507,0.7465416789054871,0.7420902252197266,0.7445295453071594
2021-02-26,0.7364692091941833,0.7374576926231384,0.7244277596473694,0.7365506291389465
2021-03-01,0.7272515296936035,0.7292988300323486,0.7226582169532776,0.7271193265914917
2021-03-02,0.7273203134536743,0.7291605472564697,0.7211000919342041,0.7274197936058044
2021-03-03,0.7292296886444092,0.7304708361625671,0.723809003829956,0.7292988300323486
2021-03-04,0.7228620052337646,0.7273203134536743,0.7228620052337646,0.7231912612915039
2021-03-05,0.7179318070411682,0.7184682488441467,0.710388720035553,0.7178286910057068
2021-03-08,0.7177823185920715,0.7189124226570129,0.710590660572052,0.7178596258163452
2021-03-09,0.7133685350418091,0.7180091142654419,0.7104392051696777,0.7132616639137268
2021-03-10,0.7178596258163452,0.7199994325637817,0.7132717967033386,0.7179575562477112
2021-03-11,0.719367504119873,0.7241497039794922,0.7186902761459351,0.7192174792289734
2021-03-12,0.722569465637207,0.7233482599258423,0.7152308821678162,0.7227522134780884
2021-03-15,0.7187780737876892,0.7215684056282043,0.7169178128242493,0.7187315821647644
2021-03-16,0.7203417420387268,0.7206376194953918,0.7170514464378357,0.720352053642273
2021-03-17,0.7193416953086853,0.7195000648498535,0.7156915068626404,0.7193002700805664
2021-03-18,0.724858283996582,0.7269100546836853,0.7176175117492676,0.7251210808753967
2021-03-19,0.7166917324066162,0.7188090682029724,0.7143775820732117,0.7168099284172058
2021-03-22,0.71529221534729,0.718339204788208,0.7140205502510071,0.7152001261711121
2021-03-23,0.713251531124115,0.7136001586914062,0.7020702362060547,0.7133176326751709
2021-03-24,0.6993593573570251,0.700191855430603,0.695710301399231,0.6990220546722412
2021-03-25,0.6970486640930176,0.6987094879150391,0.6945602297782898,0.6969515085220337
2021-03-26,0.6966602206230164,0.7001820206642151,0.6962382197380066,0.6967815160751343
2021-03-28,0.699290931224823,0.7017987370491028,0.6973695158958435,0.6994082927703857
2021-03-29,0.7010704874992371,0.7034000754356384,0.6976614594459534,0.7009722590446472
2021-03-30,0.6991686820983887,0.7024691700935364,0.696548581123352,0.6992420554161072
2021-03-31,0.6983776688575745,0.7017691731452942,0.6947301030158997,0.6983581781387329
2021-04-01,0.7023507952690125,0.7048110365867615,0.7014589905738831,0.7024997472763062
2021-04-04,0.703022301197052,0.7072001099586487,0.7017297744750977,0.7031112313270569
2021-04-05,0.7066788077354431,0.7069985866546631,0.7009280323982239,0.7066688537597656
2021-04-06,0.7063094973564148,0.70689857006073,0.7020993232727051,0.7063693404197693
2021-04-07,0.7011885046958923,0.7060003280639648,0.7006186246871948,0.7013409733772278
2021-04-08,0.7060800194740295,0.7065889835357666,0.7010902166366577,0.7061498761177063
2021-04-11,0.7037397027015686,0.7049998641014099,0.7015475630760193,0.703982412815094
2021-04-12,0.7032200694084167,0.7059698700904846,0.7005794048309326,0.7032397985458374
2021-04-13,0.7061797976493835,0.7150416374206543,0.7051191329956055,0.706119954586029
2021-04-14,0.7141122817993164,0.7181225419044495,0.7139389514923096,0.7140001058578491
2021-04-15,0.7179699540138245,0.7179699540138245,0.7133176326751709,0.7175711989402771
2021-04-18,0.7127024531364441,0.719849169254303,0.7123014330863953,0.7127177715301514
2021-04-19,0.7190210223197937,0.7229821681976318,0.7176690101623535,0.7190881967544556
2021-04-20,0.7165120244026184,0.7219018340110779,0.7164401412010193,0.7165479063987732
2021-04-21,0.720460057258606,0.7214382886886597,0.7160605192184448,0.7204403877258301
2021-04-22,0.7158606052398682,0.719367504119873,0.7154406309127808,0.7154299020767212
2021-04-25,0.7191502451896667,0.7239294648170471,0.7191502451896667,0.7191709280014038
2021-04-26,0.7230082750320435,0.7239001393318176,0.7203002572059631,0.7230082750320435
2021-04-27,0.7202690839767456,0.7245001196861267,0.7189486026763916,0.7204195857048035
2021-04-28,0.7270506620407104,0.7286983132362366,0.7224285006523132,0.727300226688385
2021-04-29,0.7247007489204407,0.7254893779754639,0.7162195444107056,0.7247374653816223
2021-05-02,0.7168818712234497,0.7206324338912964,0.7157325148582458,0.7169898152351379
2021-05-03,0.719750702381134,0.7199320793151855,0.7118299007415771,0.7198076248168945
2021-05-04,0.7161989808082581,0.721620500087738,0.7150518298149109,0.7162697911262512
2021-05-05,0.7219278216362,0.7230997681617737,0.7186489701271057,0.7219278216362
2021-05-06,0.7233011722564697,0.7299216985702515,0.7206895351409912,0.7232906818389893
2021-05-09,0.7292510271072388,0.7304388284683228,0.7272399663925171,0.7296074628829956
2021-05-10,0.727299153804779,0.7289479970932007,0.725368320941925,0.7271299362182617
2021-05-11,0.7264116406440735,0.7268900275230408,0.7164195775985718,0.7262691855430603
2021-05-12,0.7162297964096069,0.719367504119873,0.7136001586914062,0.7164093852043152
2021-05-13,0.7181999087333679,0.7251473665237427,0.7170514464378357,0.7182979583740234
2021-05-16,0.7243174910545349,0.7245001196861267,0.7183288931846619,0.7243909239768982
2021-05-17,0.7218809127807617,0.7270982265472412,0.721589207649231,0.7219122052192688
2021-05-18,0.7242000102996826,0.7247999906539917,0.717442512512207,0.7237984538078308
2021-05-19,0.7161497473716736,0.721547544002533,0.7158298492431641,0.7163118720054626
2021-05-20,0.7197403311729431,0.7221999764442444,0.7165017127990723,0.7196574807167053
2021-05-23,0.7172006368637085,0.7217819094657898,0.7161117792129517,0.7173189520835876
2021-05-24,0.7214798927307129,0.725100040435791,0.72104811668396,0.7214798927307129
2021-05-25,0.7224389910697937,0.7316680550575256,0.7224389910697937,0.7224389910697937
2021-05-26,0.727791428565979,0.7311384677886963,0.7267199158668518,0.7278285026550293
2021-05-27,0.7284382581710815,0.7285708785057068,0.7214382886886597,0.7284275889396667
2021-05-30,0.7242912650108337,0.7284997701644897,0.7232488393783569,0.7242912650108337
2021-05-31,0.7278125882148743,0.7288523316383362,0.7247584462165833,0.7277278900146484
2021-06-01,0.7253524661064148,0.7274002432823181,0.7210689187049866,0.7253314852714539
2021-06-02,0.723358690738678,0.7242388725280762,0.7139695286750793,0.7233482599258423
2021-06-03,0.7147094011306763,0.7209181785583496,0.7133787274360657,0.7148601412773132
2021-06-06,0.7207674384117126,0.7243998646736145,0.7192485332489014,0.7209701538085938
2021-06-07,0.7224389910697937,0.7233691811561584,0.7190313339233398,0.7225485444068909
2021-06-08,0.7190520167350769,0.7214590907096863,0.7171286344528198,0.7190313339233398
2021-06-09,0.717221200466156,0.7212821245193481,0.7166301608085632,0.7171800136566162
2021-06-10,0.7190210223197937,0.72104811668396,0.7117184400558472,0.7189486026763916
2021-06-13,0.7145000696182251,0.7153178453445435,0.7127787470817566,0.7138981223106384
2021-06-14,0.7145613431930542,0.7161015272140503,0.7106209397315979,0.7143775820732117
2021-06-15,0.7123217582702637,0.7154918313026428,0.7123202681541443,0.7122507095336914
2021-06-16,0.7070286273956299,0.7102524638175964,0.7001477479934692,0.7071185111999512
2021-06-17,0.7014589905738831,0.7017002105712891,0.6924296617507935,0.7015377879142761
2021-06-20,0.694791853427887,0.6992175579071045,0.6944589018821716,0.6949077248573303
2021-06-21,0.6984215378761292,0.7007806897163391,0.6964612603187561,0.6986313462257385
2021-06-22,0.7017396092414856,0.7069985866546631,0.6997313499450684,0.7017987370491028
2021-06-23,0.7046799659729004,0.7074286937713623,0.7043294906616211,0.7045577764511108
2021-06-24,0.7060202360153198,0.7096124291419983,0.7060202360153198,0.7063194513320923
2021-06-27,0.7069200873374939,0.7086418867111206,0.7034376859664917,0.70689857006073
2021-06-28,0.7049302458763123,0.7051201462745667,0.69810950756073,0.7048904895782471
2021-06-29,0.698978066444397,0.7007413506507874,0.6967087388038635,0.6989800930023193
2021-06-30,0.6994914412498474,0.7010017037391663,0.6972916722297668,0.6996676325798035
2021-07-01,0.6965000629425049,0.700829803943634,0.6952700614929199,0.6963691115379333
2021-07-04,0.7024198174476624,0.7032496929168701,0.7014787197113037,0.7025876045227051
2021-07-05,0.7052285671234131,0.7106108069419861,0.699188232421875,0.7052086591720581
2021-07-06,0.7015377879142761,0.7061797976493835,0.6991100311279297,0.7017691731452942
2021-07-07,0.7013409733772278,0.701499879360199,0.6937795877456665,0.7013409733772278
2021-07-08,0.6951202750205994,0.699349582195282,0.6924296617507935,0.6949077248573303
2021-07-11,0.7005794048309326,0.7005794048309326,0.6950815916061401,0.7006186246871948
2021-07-12,0.6988803744316101,0.7013001441955566,0.6919696927070618,0.6986606121063232
2021-07-13,0.6941022276878357,0.7044187784194946,0.6941022276878357,0.6944106817245483
2021-07-14,0.7038486003875732,0.7040716409683228,0.698460578918457,0.7038784027099609
2021-07-15,0.7015919089317322,0.7029481530189514,0.6991491317749023,0.7011492252349854
2021-07-18,0.699349582195282,0.7000002264976501,0.6924775838851929,0.6994816660881042
2021-07-19,0.6929094791412354,0.6954876780509949,0.6883923411369324,0.693600058555603
2021-07-20,0.6922379732131958,0.6975105404853821,0.6895505785942078,0.6923816800117493
2021-07-21,0.6960298418998718,0.6986508965492249,0.6948594450950623,0.696097731590271
2021-07-22,0.6983484029769897,0.6992713212966919,0.6961703896522522,0.69810950756073
2021-07-25,0.6982508897781372,0.7010704874992371,0.6950912475585938,0.6983678936958313
2021-07-26,0.7001477479934692,0.7006775736808777,0.6941214799880981,0.7004797458648682
2021-07-27,0.696548581123352,0.6970389485359192,0.6918308138847351,0.6963497400283813
2021-07-28,0.6960201263427734,0.701971173286438,0.6950622797012329,0.6960588693618774
2021-07-29,0.7012180089950562,0.7021387219429016,0.6975592374801636,0.7011098861694336
2021-08-01,0.6975494623184204,0.6993691921234131,0.6954103112220764,0.6974901556968689
2021-08-02,0.6987290382385254,0.7019317150115967,0.6984801292419434,0.6987192630767822
2021-08-03,0.7045776844024658,0.7089282274246216,0.70367032289505,0.7045776844024658
2021-08-04,0.7044187784194946,0.7074998021125793,0.7039278745651245,0.7044088840484619
2021-08-05,0.7049203515052795,0.7057810425758362,0.7003095149993896,0.7048507928848267
2021-08-08,0.699188232421875,0.7026814222335815,0.698611855506897,0.6993300318717957
2021-08-09,0.6992420554161072,0.7010017037391663,0.6969807147979736,0.6991980075836182
2021-08-10,0.7007806897163391,0.705651581287384,0.6993691921234131,0.7006480693817139
2021-08-11,0.7042005658149719,0.7049998641014099,0.6998101472854614,0.7041807174682617
2021-08-12,0.7004076242446899,0.7046521306037903,0.6995697617530823,0.7005204558372498
2021-08-15,0.7040998935699463,0.7043999433517456,0.701301634311676,0.703982412815094
2021-08-16,0.7028493285179138,0.7029481530189514,0.6906220316886902,0.7028493285179138
2021-08-17,0.6927510499954224,0.695099949836731,0.6876680254936218,0.6927894949913025
2021-08-18,0.6873608231544495,0.6875120401382446,0.6810086965560913,0.6874505877494812
2021-08-19,0.6821095943450928,0.6843409538269043,0.6807212829589844,0.6820305585861206
2021-08-22,0.6834102272987366,0.6894697546958923,0.6831488013267517,0.6830880641937256
2021-08-23,0.6894221901893616,0.6966699361801147,0.6880418062210083,0.6894079446792603
2021-08-24,0.6940684914588928,0.6967087388038635,0.6931688189506531,0.6938084959983826
2021-08-25,0.6972723007202148,0.6977588534355164,0.6948690414428711,0.6972820162773132
2021-08-26,0.6941503882408142,0.7012081742286682,0.6934091448783875,0.694531261920929
2021-08-29,0.7014787197113037,0.7018002271652222,0.698919415473938,0.7012377381324768
2021-08-30,0.7000693082809448,0.70689857006073,0.6997802257537842,0.6998194456100464
2021-08-31,0.7052499055862427,0.7074286937713623,0.7036802172660828,0.7051689028739929
2021-09-01,0.706848680973053,0.7120478749275208,0.7058707475662231,0.7065889835357666
2021-09-02,0.7109493613243103,0.7165787816047668,0.7107522487640381,0.7110706567764282
2021-09-05,0.7150825262069702,0.7154001593589783,0.7128803133964539,0.7151899337768555
2021-09-06,0.7136383056640625,0.7153894305229187,0.7089483737945557,0.7136587500572205
2021-09-07,0.7099096179008484,0.7115918397903442,0.7077791690826416,0.7097585201263428
2021-09-08,0.7095822095870972,0.7134296298027039,0.7083708047866821,0.7098290324211121
2021-09-09,0.7104694247245789,0.715660810470581,0.7091192603111267,0.7105098962783813
2021-09-12,0.7117083668708801,0.7123876810073853,0.7098591923713684,0.711657702922821
2021-09-13,0.7116424441337585,0.7151490449905396,0.7103180885314941,0.7114601731300354
2021-09-14,0.7095016241073608,0.711728572845459,0.7075488567352295,0.7095721364021301
2021-09-15,0.7128599882125854,0.7130582332611084,0.7061399221420288,0.7132006287574768
2021-09-16,0.707218587398529,0.7087875604629517,0.702750563621521,0.7070900201797485
2021-09-19,0.7034921646118164,0.7045001983642578,0.7007315754890442,0.7033585906028748
2021-09-20,0.7016509771347046,0.7056316137313843,0.6995306015014648,0.7017691731452942
2021-09-21,0.6997998356819153,0.7031705975532532,0.6996089220046997,0.6997313499450684
2021-09-22,0.6993398666381836,0.7093607783317566,0.6983386278152466,0.6991002559661865
2021-09-23,0.7067887187004089,0.7081200480461121,0.6998782157897949,0.7065390348434448
2021-09-26,0.7016804814338684,0.7033783197402954,0.6993202567100525,0.7016608715057373
2021-09-27,0.7007413506507874,0.702799916267395,0.6950719356536865,0.700790524482727
2021-09-28,0.695999801158905,0.696097731590271,0.6868320107460022,0.6960008144378662
2021-09-29,0.6870680451393127,0.6922091841697693,0.6861204504966736,0.6872379779815674
2021-09-30,0.6897122263908386,0.6945698857307434,0.6878288388252258,0.6896799206733704
2021-10-03,0.6941503882408142,0.6982703804969788,0.6928398013114929,0.6941889524459839
2021-10-04,0.696340024471283,0.6977003812789917,0.6930198669433594,0.6961801052093506
2021-10-05,0.6955118179321289,0.6978902220726013,0.6878004670143127,0.6956700682640076
2021-10-06,0.6917303800582886,0.6944396495819092,0.6910181641578674,0.6915820240974426
2021-10-07,0.6936977505683899,0.6959620714187622,0.6909799575805664,0.6938180923461914
2021-10-10,0.6920893788337708,0.6965388655662537,0.6920893788337708,0.6921613216400146
2021-10-11,0.6939914226531982,0.697009801864624,0.6924920082092285,0.6943287253379822
2021-10-12,0.6924105286598206,0.6961509585380554,0.6915294528007507,0.6925591230392456
2021-10-13,0.6973889470100403,0.7041311264038086,0.6969321370124817,0.6972284913063049
2021-10-14,0.7037099003791809,0.7077692151069641,0.7030124068260193,0.7035713195800781
2021-10-17,0.708611786365509,0.7089001536369324,0.7050694227218628,0.7084611654281616
2021-10-18,0.7094311714172363,0.7167790532112122,0.7092399597167969,0.7091901898384094
2021-10-19,0.715778648853302,0.7204974293708801,0.7151592373847961,0.7155686020851135
2021-10-20,0.7199994325637817,0.721870481967926,0.7164915204048157,0.71986985206604
2021-10-21,0.7155686020851135,0.7189124226570129,0.7133685350418091,0.7155993580818176
2021-10-24,0.7151387929916382,0.7178802490234375,0.7131599187850952,0.7150722742080688
2021-10-25,0.7166095972061157,0.719377875328064,0.7153996825218201,0.7166198492050171
2021-10-26,0.7168099284172058,0.7181483507156372,0.7133278250694275,0.7168099284172058
2021-10-27,0.7163682579994202,0.7217611074447632,0.7153024673461914,0.7163888216018677
2021-10-28,0.7194296717643738,0.7197299599647522,0.7136898040771484,0.7195124626159668
2021-11-01,0.7180091142654419,0.7198594808578491,0.7161989808082581,0.7176483869552612
2021-11-02,0.7180399894714355,0.7184785604476929,0.7101717591285706,0.7179214954376221
2021-11-03,0.7126212120056152,0.7148116230964661,0.7114703059196472,0.7125806212425232
2021-11-04,0.7178286910057068,0.7179523706436157,0.7096375823020935,0.7176278233528137
2021-11-05,0.7109493613243103,0.7124587893486023,0.7073986530303955,0.7109695672988892
2021-11-08,0.7108179330825806,0.7177308201789856,0.7105401754379272,0.7109189629554749
2021-11-09,0.7164709568023682,0.717509388923645,0.7111212611198425,0.7162498235702515
2021-11-10,0.7124902606010437,0.7133176326751709,0.7078192830085754,0.712520182132721
2021-11-11,0.7065789699554443,0.7071685194969177,0.7014688849449158,0.7066788077354431
2021-11-12,0.7020696997642517,0.7043002247810364,0.6998488306999207,0.7024001479148865
2021-11-15,0.7041807174682617,0.7081400752067566,0.7033090591430664,0.7043195366859436
2021-11-16,0.7043890357017517,0.7065090537071228,0.6992713212966919,0.704170823097229
2021-11-17,0.6989682912826538,0.7020795345306396,0.6981679797172546,0.6991999745368958
2021-11-18,0.7003880143165588,0.7053380012512207,0.6995991468429565,0.7003781795501709
2021-11-19,0.704170823097229,0.7046719789505005,0.6994082927703857,0.7042104601860046
2021-11-22,0.6991002559661865,0.7014294862747192,0.6965097784996033,0.6991393566131592
2021-11-23,0.6949801445007324,0.6960201263427734,0.6917494535446167,0.6949608325958252
2021-11-24,0.6952894330024719,0.6956618428230286,0.6866811513900757,0.6952894330024719
2021-11-25,0.6876680254936218,0.6895001530647278,0.684139609336853,0.6875309348106384
2021-11-26,0.6846782565116882,0.6851708889007568,0.6806193590164185,0.6844392418861389
2021-11-29,0.6829714775085449,0.6839711666107178,0.678900420665741,0.6826311349868774
2021-11-30,0.6829481720924377,0.6856688261032104,0.6773902177810669,0.6830694675445557
2021-12-01,0.6826590895652771,0.6868414878845215,0.6819514632225037,0.6824913620948792
2021-12-02,0.6814402937889099,0.6830694675445557,0.6800407767295837,0.6814100742340088
2021-12-03,0.6811292767524719,0.6811896562576294,0.675119161605835,0.6812081933021545
2021-12-06,0.6756711006164551,0.6764801144599915,0.6741997003555298,0.6757396459579468
2021-12-07,0.6749505400657654,0.6787299513816833,0.6737591028213501,0.6749687790870667
2021-12-08,0.6786884665489197,0.6811988949775696,0.6769101023674011,0.6786198616027832
2021-12-09,0.6808510422706604,0.682400107383728,0.6782281994819641,0.6808279156684875
2021-12-10,0.6795509457588196,0.6807907819747925,0.6770618557929993,0.6795694231987
2021-12-13,0.6796202063560486,0.680199921131134,0.674731969833374,0.6795879006385803
2021-12-14,0.6754201650619507,0.6771214008331299,0.6736910343170166,0.6752012372016907
2021-12-15,0.673681914806366,0.6760411262512207,0.6727890372276306,0.673632025718689
2021-12-16,0.6778098344802856,0.6834288835525513,0.6758720278739929,0.6778098344802856
2021-12-17,0.6797680854797363,0.6801000237464905,0.6745999455451965,0.6796294450759888
2021-12-20,0.6733099818229675,0.6740679144859314,0.67034912109375,0.6731604337692261
2021-12-21,0.671312153339386,0.6759588718414307,0.6705694198608398,0.671312153339386
2021-12-22,0.6766220331192017,0.6818305850028992,0.6740679144859314,0.6765991449356079
2021-12-23,0.6805406212806702,0.6841910481452942,0.6797495484352112,0.6805823445320129
2021-12-24,0.6815796494483948,0.6858000159263611,0.6811803579330444,0.6822212934494019
2021-12-27,0.6815006732940674,0.6827499270439148,0.6790202856063843,0.6815192699432373
2021-12-28,0.6815796494483948,0.6829481720924377,0.6790986657142639,0.6817998886108398
2021-12-29,0.6805823445320129,0.6842987537384033,0.678960382938385,0.6805600523948669
2021-12-30,0.6840179562568665,0.685781717300415,0.681760847568512,0.6839711666107178
2021-12-31,0.6830694675445557,0.6851286292076111,0.6821514964103699,0.6830414533615112
2022-01-03,0.6840506792068481,0.68572998046875,0.6775894165039062,0.6840693950653076
2022-01-04,0.6790710091590881,0.6824820637702942,0.6765808463096619,0.6789695620536804
2022-01-05,0.6814821362495422,0.6837513446807861,0.6796479821205139,0.6813613176345825
2022-01-06,0.6793893575668335,0.6794909238815308,0.6734777688980103,0.6793201565742493
2022-01-07,0.6741679310798645,0.6780998706817627,0.673681914806366,0.674040675163269
2022-01-10,0.6775498986244202,0.6783984303474426,0.6737899780273438,0.6775985956192017
2022-01-11,0.6769999265670776,0.6779293417930603,0.6742315292358398,0.6766495108604431
2022-01-12,0.6784490346908569,0.6848095655441284,0.6775113344192505,0.678380012512207
2022-01-13,0.6846782565116882,0.6890706419944763,0.6843409538269043,0.6846923232078552
2022-01-14,0.6861816644668579,0.6874600052833557,0.6808696389198303,0.6861910820007324
2022-01-17,0.6807907819747925,0.6819096207618713,0.6788681745529175,0.6808279156684875
2022-01-18,0.6796895265579224,0.6809002161026001,0.6759177446365356,0.6797999143600464
2022-01-19,0.6773278117179871,0.6811107993125916,0.6765716671943665,0.6771718859672546
2022-01-20,0.678048849105835,0.6805998682975769,0.6756802201271057,0.6780300140380859
2022-01-21,0.6752878427505493,0.6752878427505493,0.6709203124046326,0.6750781536102295
2022-01-24,0.6721378564834595,0.6728116869926453,0.6661781668663025,0.6722598671913147
2022-01-25,0.6704704761505127,0.6706593036651611,0.6662313938140869,0.6704614758491516
2022-01-26,0.6691697835922241,0.6698686480522156,0.6678687930107117,0.6690887808799744
2022-01-27,0.6660698652267456,0.6660698652267456,0.6587918996810913,0.666058361530304
2022-01-28,0.6584492325782776,0.6589481830596924,0.6534196734428406,0.6584405303001404
2022-01-31,0.6549603343009949,0.6597611904144287,0.6543817520141602,0.6551920771598816
2022-02-01,0.6576610803604126,0.6625500321388245,0.6567410826683044,0.657799482345581
2022-02-02,0.6637682318687439,0.6662003397941589,0.6625192761421204,0.6637285947799683
2022-02-03,0.6614281535148621,0.6681499481201172,0.6613494157791138,0.66118985414505
2022-02-04,0.6665511131286621,0.6683509349822998,0.6591088771820068,0.666640043258667
2022-02-07,0.6619491577148438,0.6638915538787842,0.6604409217834473,0.6619886159896851
2022-02-08,0.6638211011886597,0.6653094291687012,0.6629101634025574,0.663790225982666
2022-02-09,0.6648892164230347,0.6698192954063416,0.6642399430274963,0.6649501919746399
2022-02-10,0.667931318283081,0.6733190417289734,0.6656016707420349,0.667931318283081
2022-02-11,0.666640043258667,0.6693216562271118,0.6629321575164795,0.6667110919952393
2022-02-14,0.6647787094116211,0.664840579032898,0.6593914031982422,0.6646682024002075
2022-02-15,0.6617695689201355,0.6648582220077515,0.6603319048881531,0.6618002653121948
2022-02-16,0.6640018224716187,0.6673001646995544,0.6634291410446167,0.6640812158584595
2022-02-17,0.6680606603622437,0.6717301607131958,0.6661604046821594,0.6681097745895386
2022-02-18,0.669008195400238,0.6730018258094788,0.6688113212585449,0.6691021919250488
2022-02-21,0.6689813733100891,0.6733779907226562,0.6684715747833252,0.6689589619636536
2022-02-22,0.6697878837585449,0.6754794120788574,0.6693305969238281,0.6695995330810547
2022-02-23,0.6741815805435181,0.6809576749801636,0.6735503077507019,0.6741815805435181
2022-02-24,0.6772406101226807,0.6772406101226807,0.6632091403007507,0.6770801544189453
2022-02-25,0.6688783764839172,0.6749687790870667,0.6687487363815308,0.6687889695167542
2022-02-28,0.66869056224823,0.677629828453064,0.6677707433700562,0.6693216562271118
2022-03-01,0.6766998767852783,0.6791217923164368,0.6749778985977173,0.6769197583198547
2022-03-02,0.6767401695251465,0.678380012512207,0.67458176612854,0.6767502427101135
2022-03-03,0.6782498359680176,0.680971622467041,0.6762605905532837,0.6783018112182617
2022-03-04,0.680971622467041,0.6848892569541931,0.6769701838493347,0.680971622467041
2022-03-07,0.6874080300331116,0.6925303936004639,0.6823796033859253,0.6874505877494812
2022-03-08,0.6837513446807861,0.6850394606590271,0.6801379323005676,0.683821439743042
2022-03-09,0.6806517839431763,0.6852788329124451,0.6800222992897034,0.6804294586181641
2022-03-10,0.6840179562568665,0.6869783401489258,0.681319534778595,0.6838401556015015
2022-03-11,0.6872899532318115,0.6875200271606445,0.6816307306289673,0.6874411702156067
2022-03-14,0.6812685132026672,0.6813706159591675,0.6775205135345459,0.6812685132026672
2022-03-15,0.6749414801597595,0.6792786121368408,0.6730200052261353,0.674900472164154
2022-03-16,0.676030158996582,0.6826683878898621,0.6742501854896545,0.6762194037437439
2022-03-17,0.6830414533615112,0.6893699169158936,0.6825379729270935,0.6830694675445557
2022-03-18,0.6891893744468689,0.6910085678100586,0.6867707371711731,0.6892321705818176
2022-03-21,0.6900216341018677,0.6924105286598206,0.6878477931022644,0.689869225025177
2022-03-22,0.6877909898757935,0.6956183314323425,0.6865019798278809,0.6879708170890808
2022-03-23,0.6966019868850708,0.6975105404853821,0.6936977505683899,0.6964321732521057
2022-03-24,0.6977782845497131,0.6978415846824646,0.6943094730377197,0.6976322531700134
2022-03-25,0.6964612603187561,0.6987388134002686,0.6945505738258362,0.696548581123352
2022-03-27,0.6957489848136902,0.6963885426521301,0.6889187097549438,0.6957489848136902
2022-03-28,0.6907795071601868,0.6930391192436218,0.6878477931022644,0.6907795071601868
2022-03-29,0.6943190693855286,0.6998292207717896,0.6940010786056519,0.6943190693855286
2022-03-30,0.6970681548118591,0.6977003812789917,0.6929718852043152,0.6970681548118591
2022-03-31,0.6934000253677368,0.6948999762535095,0.6897788047790527,0.6934000253677368
2022-04-03,0.6907699704170227,0.6969078183174133,0.6906983256340027,0.6907699704170227
2022-04-04,0.6948497891426086,0.7034476399421692,0.694420337677002,0.6948497891426086
2022-04-05,0.6947677135467529,0.6967475414276123,0.6926119327545166,0.6947677135467529
2022-04-06,0.6911519169807434,0.6920415163040161,0.6883198022842407,0.6911519169807434
2022-04-07,0.6884918212890625,0.6892178654670715,0.6824122071266174,0.6884918212890625
2022-04-10,0.683218777179718,0.6853398680686951,0.681430995464325,0.6835409998893738
2022-04-11,0.6818305850028992,0.6890184283256531,0.6807119846343994,0.6817794442176819
2022-04-12,0.6856077313423157,0.6895695328712463,0.6758400797843933,0.6856500506401062
2022-04-13,0.6802813410758972,0.6833588480949402,0.6769197583198547,0.6800777912139893
2022-04-14,0.6783432364463806,0.6791402101516724,0.6768510341644287,0.6783432364463806
2022-04-17,0.6760411262512207,0.6761279702186584,0.6721288561820984,0.6760411262512207
2022-04-18,0.673632025718689,0.676429808139801,0.6721288561820984,0.673632025718689
2022-04-19,0.6746591329574585,0.6813381314277649,0.673681914806366,0.6746591329574585
2022-04-20,0.6783478260040283,0.6804711222648621,0.6734505891799927,0.6783478260040283
2022-04-21,0.6724497079849243,0.672748327255249,0.662778377532959,0.6724497079849243
2022-04-24,0.6625105142593384,0.6632707118988037,0.6584188938140869,0.6625105142593384
2022-04-25,0.6618615388870239,0.6646019816398621,0.6580419540405273,0.6618615388870239
2022-04-26,0.6575616598129272,0.659061074256897,0.6528608202934265,0.6575616598129272
2022-04-27,0.6542190313339233,0.6540907025337219,0.645448625087738,0.6542190313339233
2022-04-28,0.6493085026741028,0.654360294342041,0.6474084258079529,0.6493085026741028
2022-05-01,0.6456194519996643,0.6474713087081909,0.6420380473136902,0.6456194519996643
2022-05-02,0.6441307067871094,0.6475006341934204,0.6412188410758972,0.6441307067871094
2022-05-03,0.643430233001709,0.6463000178337097,0.64238041639328,0.643430233001709
2022-05-04,0.6551019549369812,0.6564221382141113,0.640541136264801,0.6551019549369812
2022-05-05,0.6430289149284363,0.6453486084938049,0.6397092938423157,0.6430289149284363
2022-05-08,0.6389204859733582,0.6390103101730347,0.6332480907440186,0.6389204859733582
2022-05-09,0.6323590874671936,0.6348803639411926,0.6280617713928223,0.6323590874671936
2022-05-10,0.6289980411529541,0.637860894203186,0.6283499002456665,0.6289980411529541
2022-05-11,0.6284801959991455,0.6297903656959534,0.6225796937942505,0.6284801959991455
2022-05-12,0.6247188448905945,0.6266881227493286,0.6226301193237305,0.6247188448905945
2022-05-15,0.6288912296295166,0.6296999454498291,0.6231306195259094,0.6288912296295166
2022-05-16,0.6311417818069458,0.6376006007194519,0.6307596564292908,0.6311417818069458
2022-05-17,0.6359097957611084,0.6371999979019165,0.6326591372489929,0.6359097957611084
2022-05-18,0.6295603513717651,0.6415314674377441,0.6295207142829895,0.6295603513717651
2022-05-19,0.6381499171257019,0.6412681937217712,0.6365696787834167,0.6381499171257019
2022-05-22,0.6421493887901306,0.6491103768348694,0.6420091986656189,0.6421493887901306
2022-05-23,0.6447494626045227,0.6459113955497742,0.642500102519989,0.6447494626045227
2022-05-24,0.6448908448219299,0.6514487862586975,0.6427189707756042,0.6448908448219299
2022-05-25,0.6479789614677429,0.6501020193099976,0.6448701024055481,0.6479789614677429
2022-05-26,0.6482393741607666,0.6550118327140808,0.6474587321281433,0.6482393741607666
2022-05-29,0.6534098386764526,0.6561291813850403,0.6532787680625916,0.6534098386764526
2022-05-30,0.6558279991149902,0.6564479470252991,0.6484495401382446,0.6558279991149902
2022-05-31,0.6518607139587402,0.6540992259979248,0.6466380953788757,0.6518607139587402
2022-06-01,0.6480587720870972,0.6556001305580139,0.6461492776870728,0.6480587720870972
2022-06-02,0.6560388207435608,0.6575702428817749,0.6505419015884399,0.6560388207435608
2022-06-05,0.6509103178977966,0.6537613868713379,0.6486388444900513,0.6509103178977966
2022-06-06,0.6485589146614075,0.6490893363952637,0.6424010396003723,0.6485589146614075
2022-06-07,0.6480713486671448,0.6486001014709473,0.6436290740966797,0.6480713486671448
2022-06-08,0.6443713903427124,0.6461284160614014,0.6399385929107666,0.6443713903427124
2022-06-09,0.6385695934295654,0.6434882283210754,0.6351787447929382,0.6385695934295654
2022-06-12,0.6337296366691589,0.6348480582237244,0.6259192824363708,0.6337296366691589
2022-06-13,0.6275415420532227,0.6291999220848083,0.621469259262085,0.6275415420532227
2022-06-14,0.6226804852485657,0.6263819336891174,0.6218518614768982,0.6226804852485657
2022-06-15,0.6292592883110046,0.6338702440261841,0.6234413981437683,0.6292592883110046
2022-06-16,0.6360716223716736,0.636079728603363,0.6270300149917603,0.6360716223716736
2022-06-19,0.632559061050415,0.6364116668701172,0.6306601762771606,0.632559061050415
2022-06-20,0.6337416768074036,0.6363509297370911,0.6318915486335754,0.6337416768074036
2022-06-21,0.631780207157135,0.6317718029022217,0.6245003938674927,0.631780207157135
2022-06-22,0.6271007657051086,0.6311218738555908,0.6249492168426514,0.6271007657051086
2022-06-23,0.6286184787750244,0.6326911449432373,0.6278488636016846,0.6286184787750244
2022-06-26,0.6314287781715393,0.6324790716171265,0.6283696293830872,0.6314287781715393
2022-06-27,0.6294097900390625,0.6313809156417847,0.6246700882911682,0.6294097900390625
2022-06-28,0.6237096786499023,0.6259702444076538,0.6205783486366272,0.6237096786499023
2022-06-29,0.6225099563598633,0.624851644039154,0.6199589371681213,0.6225099563598633
2022-06-30,0.6240288615226746,0.6247305870056152,0.6149191856384277,0.6240288615226746
2022-07-03,0.6208789348602295,0.6252305507659912,0.6197783946990967,0.6208789348602295
2022-07-04,0.6215696930885315,0.6226999163627625,0.6125799417495728,0.6215696930885315
2022-07-05,0.6165912747383118,0.6191490292549133,0.6133915781974792,0.6165912747383118
2022-07-06,0.6155001521110535,0.619490385055542,0.614129900932312,0.6155001521110535
2022-07-07,0.6179094910621643,0.620690107345581,0.613500714302063,0.6179094910621643
2022-07-10,0.6186090111732483,0.6185401678085327,0.6100388169288635,0.6186090111732483
2022-07-11,0.6122311353683472,0.614620566368103,0.6101393103599548,0.6122311353683472
2022-07-12,0.612321138381958,0.6172382235527039,0.6082391738891602,0.612321138381958
2022-07-13,0.6108586192131042,0.6134999394416809,0.6062185764312744,0.6108586192131042
2022-07-14,0.6130305528640747,0.6177605986595154,0.6119014620780945,0.6130305528640747
2022-07-17,0.6189689040184021,0.619809091091156,0.6150288581848145,0.6189689040184021
2022-07-18,0.6153202652931213,0.6240288615226746,0.6142506003379822,0.6153202652931213
2022-07-19,0.6233597993850708,0.6272581219673157,0.6231306195259094,0.6233597993850708
2022-07-20,0.6225215792655945,0.6242314577102661,0.6186204552650452,0.6225215792655945
2022-07-21,0.6243990063667297,0.6301792860031128,0.6212607622146606,0.6243990063667297
2022-07-24,0.6233908534049988,0.6279711127281189,0.6218905448913574,0.6233908534049988
2022-07-25,0.625840961933136,0.6280105113983154,0.6226107478141785,0.625840961933136
2022-07-26,0.624130129814148,0.6247305870056152,0.6197284460067749,0.624130129814148
2022-07-27,0.6260290145874023,0.6292790770530701,0.6252501010894775,0.6260290145874023
2022-07-28,0.6295682787895203,0.6329314112663269,0.6221110820770264,0.6295682787895203
2022-07-31,0.6279119849205017,0.6352795958518982,0.6279711127281189,0.6279119849205017
2022-08-01,0.6331799030303955,0.6343004107475281,0.6272187829017639,0.6331799030303955
2022-08-02,0.6221303939819336,0.6273013949394226,0.6213997602462769,0.6221303939819336
2022-08-03,0.6267392039299011,0.6315997838973999,0.6267313361167908,0.6267392039299011
2022-08-04,0.6297110319137573,0.631030261516571,0.621469259262085,0.6297110319137573
2022-08-07,0.6239704489707947,0.6303103566169739,0.6231616735458374,0.6239704489707947
2022-08-08,0.6289387345314026,0.6303500533103943,0.6272187829017639,0.6289387345314026
2022-08-09,0.6285789608955383,0.6430619955062866,0.6276084780693054,0.6285789608955383
2022-08-10,0.64063960313797,0.6461910009384155,0.6385300159454346,0.64063960313797
2022-08-11,0.6434219479560852,0.6467886567115784,0.6423391103744507,0.6434219479560852
2022-08-14,0.6449490785598755,0.6453486084938049,0.6356592178344727,0.6449490785598755
2022-08-15,0.6362901926040649,0.6370887160301208,0.6318796277046204,0.6362901926040649
2022-08-16,0.6343407034873962,0.6381010413169861,0.6259585022926331,0.6343407034873962
2022-08-17,0.6276084780693054,0.6310581564903259,0.6249608993530273,0.6276084780693054
2022-08-18,0.6245003938674927,0.6248906254768372,0.6172192096710205,0.6245003938674927
2022-08-21,0.6176198124885559,0.6212098598480225,0.6157301664352417,0.6176198124885559
2022-08-22,0.6176690459251404,0.6243717670440674,0.616108775138855,0.6176690459251404
2022-08-23,0.620728611946106,0.6239704489707947,0.6164506077766418,0.620728611946106
2022-08-24,0.6181692481040955,0.6251602172851562,0.6177911758422852,0.6181692481040955
2022-08-25,0.6216701865196228,0.6231694221496582,0.6157597899436951,0.6216701865196228
2022-08-28,0.6112992763519287,0.6167091131210327,0.6102994084358215,0.6112992763519287
2022-08-29,0.6160708069801331,0.6194098591804504,0.6124411225318909,0.6160708069801331
2022-08-30,0.6132185459136963,0.6154300570487976,0.6111797094345093,0.6132185459136963
2022-08-31,0.6111199259757996,0.6114898920059204,0.6061891913414001,0.6111199259757996
2022-09-01,0.6084908843040466,0.614039421081543,0.6051986813545227,0.6084908843040466
2022-09-04,0.6086316108703613,0.6105416417121887,0.6078990697860718,0.6086316108703613
2022-09-05,0.6105490922927856,0.6128615140914917,0.6037407517433167,0.6105490922927856
2022-09-06,0.6033000349998474,0.6040288805961609,0.5997598767280579,0.6033000349998474
2022-09-07,0.6062516570091248,0.6077882051467896,0.6032600402832031,0.6062516570091248
2022-09-08,0.6070399284362793,0.6152217984199524,0.6068881750106812,0.6070399284362793
2022-09-11,0.611291766166687,0.615748405456543,0.6098081469535828,0.611291766166687
2022-09-12,0.6146697402000427,0.6162112951278687,0.60117107629776,0.6146697402000427
2022-09-13,0.6005104780197144,0.6023914813995361,0.5978608727455139,0.6005104780197144
2022-09-14,0.6016883254051208,0.6020396947860718,0.5973608493804932,0.6016883254051208
2022-09-15,0.595770001411438,0.5988999009132385,0.5944101810455322,0.595770001411438
2022-09-18,0.5995599627494812,0.6000816226005554,0.5930916666984558,0.5995599627494812
2022-09-19,0.5966800451278687,0.5975714921951294,0.5888102054595947,0.5966800451278687
2022-09-20,0.5901898741722107,0.5906709432601929,0.5873301029205322,0.5901898741722107
2022-09-21,0.5829408168792725,0.5887200832366943,0.5805785059928894,0.5829408168792725
2022-09-22,0.5848295092582703,0.5856995582580566,0.5756290555000305,0.5848295092582703
2022-09-25,0.5741912722587585,0.5752713680267334,0.5660398602485657,0.5741912722587585
2022-09-26,0.5665497779846191,0.5722395181655884,0.5640507936477661,0.5665497779846191
2022-09-27,0.5631391406059265,0.5703107714653015,0.5568611025810242,0.5631391406059265
2022-09-28,0.5718501210212708,0.5720398426055908,0.5649015307426453,0.5718501210212708
2022-09-29,0.5742308497428894,0.5741286277770996,0.5641399025917053,0.5742308497428894
2022-10-02,0.5618608593940735,0.5731086134910583,0.5615390539169312,0.5618608593940735
2022-10-03,0.5719612836837769,0.5758113265037537,0.5682205557823181,0.5719612836837769
2022-10-04,0.5737300515174866,0.5800295472145081,0.5661808848381042,0.5737300515174866
2022-10-05,0.5776006579399109,0.581429123878479,0.5642799735069275,0.5776006579399109
2022-10-06,0.566068708896637,0.5673694610595703,0.5611987113952637,0.566068708896637
2022-10-09,0.56067955493927,0.562939465045929,0.554720401763916,0.56067955493927
2022-10-10,0.5572396516799927,0.5641812682151794,0.5536791682243347,0.5572396516799927
2022-10-11,0.5584813952445984,0.5615705847740173,0.5561395287513733,0.5584813952445984
2022-10-12,0.561138927936554,0.5637998580932617,0.5516998171806335,0.561138927936554
2022-10-13,0.5639108419418335,0.5681398510932922,0.5564489960670471,0.5639108419418335
2022-10-16,0.5576000809669495,0.5647611618041992,0.555348813533783,0.5576000809669495
2022-10-17,0.5656684637069702,0.5718501210212708,0.5646814107894897,0.5656684637069702
2022-10-18,0.5694792866706848,0.5707501769065857,0.5657401084899902,0.5694792866706848
2022-10-19,0.566270649433136,0.5739803314208984,0.5625815987586975,0.566270649433136
2022-10-20,0.5669191479682922,0.5755296349525452,0.5601707696914673,0.5669191479682922
2022-10-23,0.5763987898826599,0.5765084028244019,0.5658797025680542,0.5763987898826599
2022-10-24,0.5704994797706604,0.5779712200164795,0.5673984289169312,0.5704994797706604
2022-10-25,0.5743198990821838,0.5842691659927368,0.5727803111076355,0.5743198990821838
2022-10-26,0.5839995741844177,0.5870198011398315,0.5791997909545898,0.5839995741844177
2022-10-27,0.5828015208244324,0.5873094201087952,0.5784794092178345,0.5828015208244324
2022-10-31,0.5801911354064941,0.583611011505127,0.5776006579399109,0.5801911354064941
2022-11-01,0.5825197100639343,0.5902316570281982,0.5820891261100769,0.5825197100639343
2022-11-02,0.5847885012626648,0.5891016125679016,0.5840098261833191,0.5847885012626648
2022-11-03,0.5813412666320801,0.583869993686676,0.5742802619934082,0.5813412666320801
2022-11-04,0.5769208669662476,0.5916494727134705,0.5757914185523987,0.5769208669662476
2022-11-07,0.5894210338592529,0.5945409536361694,0.587530255317688,0.5894210338592529
2022-11-08,0.5940182209014893,0.5999700427055359,0.590120255947113,0.5940182209014893
2022-11-09,0.5963206887245178,0.5963206887245178,0.588408350944519,0.5963206887245178
2022-11-10,0.5886300206184387,0.6017317771911621,0.5842213034629822,0.5886300206184387
2022-11-11,0.6017788648605347,0.6111311316490173,0.5985909104347229,0.6017788648605347
2022-11-14,0.610530436038971,0.6121000051498413,0.6062884330749512,0.610530436038971
2022-11-15,0.6089985370635986,0.6199513077735901,0.6086612343788147,0.6089985370635986
2022-11-16,0.6165608167648315,0.6194712519645691,0.6131997108459473,0.6165608167648315
2022-11-17,0.6150288581848145,0.6168688535690308,0.606648862361908,0.6150288581848145
2022-11-18,0.6128915548324585,0.6205398440361023,0.6127713918685913,0.6128915548324585
2022-11-21,0.6167814135551453,0.6165988445281982,0.6089614629745483,0.6167814135551453
2022-11-22,0.6098490357398987,0.6161999106407166,0.6096706390380859,0.6098490357398987
2022-11-23,0.6156498193740845,0.6236591339111328,0.6140695810317993,0.6156498193740845
2022-11-24,0.6252813935279846,0.6289308071136475,0.6239315271377563,0.6252813935279846
2022-11-25,0.6259702444076538,0.6277306079864502,0.6219795346260071,0.6259702444076538
2022-11-28,0.6216701865196228,0.6244418621063232,0.6192717552185059,0.6216701865196228
2022-11-29,0.616401195526123,0.6253204941749573,0.6162986755371094,0.616401195526123
2022-11-30,0.6196900010108948,0.6249218583106995,0.6192399263381958,0.6196900010108948
2022-12-01,0.6314406991004944,0.6399590373039246,0.630871057510376,0.6314406991004944
2022-12-02,0.6369791626930237,0.6411818265914917,0.6330316066741943,0.6369791626930237
2022-12-05,0.6404590606689453,0.644500195980072,0.6306005120277405,0.6404590606689453
2022-12-06,0.6322599649429321,0.635469377040863,0.6305408477783203,0.6322599649429321
2022-12-07,0.6324390769004822,0.6383617520332336,0.6311298608779907,0.6324390769004822
2022-12-08,0.6354088187217712,0.6388102769851685,0.6328793168067932,0.6354088187217712
2022-12-09,0.637860894203186,0.6426404714584351,0.6368088126182556,0.637860894203186
2022-12-12,0.6393207907676697,0.6422194838523865,0.6367399096488953,0.6393207907676697
2022-12-13,0.638781726360321,0.6513088345527649,0.6375192999839783,0.638781726360321
2022-12-14,0.6453902721405029,0.6461993455886841,0.6433681845664978,0.6453902721405029
2022-12-15,0.6453902721405029,0.6464416980743408,0.6340309977531433,0.6453902721405029
2022-12-16,0.6343004107475281,0.6386797428131104,0.6342682242393494,0.6343004107475281
2022-12-19,0.6371496915817261,0.6409106254577637,0.6344010233879089,0.6371496915817261
2022-12-20,0.6361606121063232,0.6391981840133667,0.6302388906478882,0.6361606121063232
2022-12-21,0.6344292163848877,0.6347513794898987,0.6279119849205017,0.6344292163848877
2022-12-22,0.6289505958557129,0.6330997347831726,0.6245900988578796,0.6289505958557129
2022-12-23,0.6251992583274841,0.6304812431335449,0.6234608292579651,0.6251992583274841
2022-12-26,0.6292901635169983,0.6446800827980042,0.6256999969482422,0.6292901635169983
2022-12-27,0.6306999325752258,0.6318796277046204,0.6270811557769775,0.6306999325752258
2022-12-28,0.6273289918899536,0.6354612708091736,0.6259114742279053,0.6273289918899536
2022-12-29,0.6318396925926208,0.6353119015693665,0.630000650882721,0.6318396925926208
2022-12-30,0.6345902681350708,0.6371983289718628,0.6312015652656555,0.6345902681350708
2023-01-02,0.6374799013137817,0.6374599933624268,0.6317399144172668,0.6374799013137817
2023-01-03,0.6326391100883484,0.6362618803977966,0.6200900673866272,0.6326391100883484
2023-01-04,0.6247110962867737,0.6350980401039124,0.6247110962867737,0.6247110962867737
2023-01-05,0.6285117864608765,0.630851149559021,0.6212183237075806,0.6285117864608765
2023-01-06,0.6230801343917847,0.6339988112449646,0.6193215847015381,0.6230801343917847
2023-01-09,0.6359097957611084,0.6412106156349182,0.6346385478973389,0.6359097957611084
2023-01-10,0.6369507908821106,0.6389898657798767,0.6344412565231323,0.6369507908821106
2023-01-11,0.6371902227401733,0.638900101184845,0.6336413025856018,0.6371902227401733
2023-01-12,0.6367682814598083,0.6415891051292419,0.6328593492507935,0.6367682814598083
2023-01-13,0.638781726360321,0.6415603160858154,0.6336212158203125,0.638781726360321
2023-01-16,0.6385084390640259,0.6427106857299805,0.6362497210502625,0.6385084390640259
2023-01-17,0.6389898657798767,0.6437202095985413,0.636829137802124,0.6389898657798767
2023-01-18,0.6432895064353943,0.6527713537216187,0.6425703167915344,0.6432895064353943
2023-01-19,0.6445499658584595,0.6449282765388489,0.6366912722587585,0.6445499658584595
2023-01-20,0.6395497918128967,0.6467217803001404,0.6392512917518616,0.6395497918128967
2023-01-23,0.6489419341087341,0.6499583721160889,0.6439108848571777,0.648908257484436
2023-01-24,0.6490219235420227,0.6522306203842163,0.6466715335845947,0.6490219235420227
2023-01-25,0.6493295431137085,0.6498317122459412,0.6451113224029541,0.6493295431137085
2023-01-26,0.6484116911888123,0.6511815786361694,0.6458988189697266,0.6484116911888123
2023-01-27,0.6490893363952637,0.6512197256088257,0.6463706493377686,0.6490893363952637
2023-01-30,0.6492199301719666,0.6508297920227051,0.6473581194877625,0.6492199301719666
2023-01-31,0.6468890905380249,0.6478992104530334,0.6414203643798828,0.6468890905380249
2023-02-01,0.6438201069831848,0.6458404660224915,0.6418979167938232,0.6438201069831848
2023-02-02,0.6516398787498474,0.6538383364677429,0.6464793086051941,0.6516398787498474
2023-02-03,0.6477187275886536,0.6481805443763733,0.6344090700149536,0.6477187275886536
2023-02-06,0.6327711939811707,0.6334807276725769,0.627199113368988,0.6327711939811707
2023-02-07,0.6308802366256714,0.6341596245765686,0.6274706721305847,0.6308802366256714
2023-02-08,0.6321991682052612,0.6347715258598328,0.6297899484634399,0.6321991682052612
2023-02-09,0.6314606666564941,0.6389082074165344,0.6304613351821899,0.6314606666564941
2023-02-10,0.6327512264251709,0.6346909403800964,0.6303500533103943,0.6327512264251709
2023-02-13,0.6312298774719238,0.6364683508872986,0.6290614008903503,0.6312298774719238
2023-02-14,0.6361404061317444,0.6385695934295654,0.6298617720603943,0.6361404061317444
2023-02-15,0.6335489153862,0.6333283185958862,0.625390887260437,0.6335489153862
2023-02-16,0.6279789805412292,0.630978524684906,0.6236085891723633,0.6279789805412292
2023-02-17,0.6245394349098206,0.6249805092811584,0.6194712519645691,0.6245394349098206
2023-02-20,0.6236202716827393,0.6262995600700378,0.6223898530006409,0.6236202716827393
2023-02-21,0.6257705092430115,0.6261897683143616,0.6209290623664856,0.6257705092430115
2023-02-22,0.6216199398040771,0.6251211166381836,0.6207517385482788,0.6216199398040771
2023-02-23,0.6224014759063721,0.6251602172851562,0.620639979839325,0.6224014759063721
2023-02-24,0.6230801343917847,0.6244999766349792,0.6152786016464233,0.6230801343917847
2023-02-27,0.6165608167648315,0.6180316805839539,0.6132599115371704,0.6165608167648315
2023-02-28,0.6164202094078064,0.6207093596458435,0.6134592890739441,0.6164202094078064
2023-03-01,0.6186893582344055,0.6275809407234192,0.6166900992393494,0.6186893582344055
2023-03-02,0.6256999969482422,0.6256295442581177,0.6200512051582336,0.6256999969482422
2023-03-03,0.6221303939819336,0.6241807341575623,0.6194289922714233,0.6221303939819336
2023-03-06,0.6209598779678345,0.6226184964179993,0.6174211502075195,0.6209598779678345
2023-03-07,0.6198398470878601,0.6222310662269592,0.6123998761177063,0.6198398470878601
2023-03-08,0.6111199259757996,0.6137906312942505,0.6085909008979797,0.6111199259757996
2023-03-09,0.6114711761474609,0.6150515675544739,0.6099197268486023,0.6114711761474609
2023-03-10,0.6101207137107849,0.6176614165306091,0.6095814108848572,0.6101207137107849
2023-03-13,0.6160799264907837,0.6264212131500244,0.6143487095832825,0.6160799264907837
2023-03-14,0.6216315627098083,0.6247383952140808,0.6202011704444885,0.6216315627098083
2023-03-15,0.6230685114860535,0.6265114545822144,0.6175584197044373,0.6230685114860535
2023-03-16,0.6164582371711731,0.6182800531387329,0.6146810054779053,0.6164582371711731
2023-03-17,0.6203396916389465,0.6259192824363708,0.6194213032722473,0.6203396916389465
2023-03-20,0.6273211240768433,0.6279987096786499,0.6230413317680359,0.6273211240768433
2023-03-21,0.6242586970329285,0.6245394349098206,0.6168612837791443,0.6242586970329285
2023-03-22,0.6192985773086548,0.6225099563598633,0.6173715591430664,0.6192985773086548
2023-03-23,0.6232509613037109,0.6294692158699036,0.6228317618370056,0.6232509613037109
2023-03-24,0.6246915459632874,0.6248984336853027,0.6193215847015381,0.6246915459632874
2023-03-26,0.6211102604866028,0.6211990714073181,0.6182418465614319,0.6211102604866028
2023-03-27,0.620351254940033,0.6253204941749573,0.6202088594436646,0.620351254940033
2023-03-28,0.6253712773323059,0.6271401047706604,0.6215890049934387,0.6253712773323059
2023-03-29,0.6221303939819336,0.6259702444076538,0.6204513311386108,0.6221303939819336
2023-03-30,0.6269789338111877,0.6298101544380188,0.6241690516471863,0.6269789338111877
2023-04-02,0.6224905848503113,0.629830002784729,0.6209791302680969,0.6224905848503113
2023-04-03,0.6302706599235535,0.6314685940742493,0.6275888085365295,0.6302706599235535
2023-04-04,0.6315284371376038,0.6368088126182556,0.6286698579788208,0.6315284371376038
2023-04-05,0.6318516731262207,0.6320912837982178,0.6240288615226746,0.6318516731262207
2023-04-06,0.6245706081390381,0.6318699717521667,0.6213611364364624,0.6245706081390381
2023-04-09,0.6255004405975342,0.6256882548332214,0.6195287704467773,0.6255004405975342
2023-04-10,0.6227386593818665,0.6233986616134644,0.6194098591804504,0.6227386593818665
2023-04-11,0.6195096373558044,0.6239782571792603,0.6183488965034485,0.6195096373558044
2023-04-12,0.6218286752700806,0.6307318210601807,0.6204705238342285,0.6218286752700806
2023-04-13,0.6303500533103943,0.6315005421638489,0.6205514073371887,0.6303500533103943
2023-04-16,0.6201512217521667,0.6210716962814331,0.6162492632865906,0.6201512217521667
2023-04-17,0.618268609046936,0.6224789619445801,0.6180698871612549,0.618268609046936
2023-04-18,0.6215118169784546,0.6225603818893433,0.6173791885375977,0.6215118169784546
2023-04-19,0.6161999106407166,0.6202704310417175,0.6150704622268677,0.6161999106407166
2023-04-20,0.6179285645484924,0.6178789138793945,0.6128100752830505,0.6179285645484924
2023-04-23,0.614341139793396,0.6155399084091187,0.6126812696456909,0.614341139793396
2023-04-24,0.6175889372825623,0.6187085509300232,0.6143109798431396,0.6175889372825623
2023-04-25,0.6147415041923523,0.6150000691413879,0.6121411919593811,0.6147415041923523
2023-04-26,0.6120887398719788,0.6155892014503479,0.6115983724594116,0.6120887398719788
2023-04-27,0.6146394610404968,0.6185592412948608,0.6125912070274353,0.6146394610404968
2023-04-30,0.6172115802764893,0.6200200915336609,0.6166216731071472,0.6172115802764893
2023-05-01,0.6164810061454773,0.6218518614768982,0.6165494322776794,0.6164810061454773
2023-05-02,0.6226611733436584,0.6249101758003235,0.6213688850402832,0.6226611733436584
2023-05-03,0.6208904981613159,0.6285197138786316,0.6208403706550598,0.6208904981613159
2023-05-04,0.6290218234062195,0.6315204501152039,0.6267509460449219,0.6290218234062195
2023-05-07,0.6299212574958801,0.6359785795211792,0.6295682787895203,0.6299212574958801
2023-05-08,0.6338581442832947,0.6345016360282898,0.6320313215255737,0.6338581442832947
2023-05-09,0.6338782906532288,0.6380317807197571,0.6325110793113708,0.6338782906532288
2023-05-10,0.6371212005615234,0.6384187340736389,0.62904953956604,0.6371212005615234
2023-05-11,0.6294216513633728,0.630099892616272,0.6186816692352295,0.6294216513633728
2023-05-14,0.6195594668388367,0.6230490803718567,0.6188501715660095,0.6195594668388367
2023-05-15,0.6243288516998291,0.6261000037193298,0.6224983334541321,0.6243288516998291
2023-05-16,0.6237408518791199,0.6273013949394226,0.6229908466339111,0.6237408518791199
2023-05-17,0.624609649181366,0.6268609762191772,0.6204601526260376,0.624609649181366
2023-05-18,0.6235813498497009,0.6302507519721985,0.6230685114860535,0.6235813498497009
2023-05-21,0.6284209489822388,0.6292513608932495,0.6263387799263,0.6284209489822388
2023-05-22,0.6286303400993347,0.6303103566169739,0.6234996914863586,0.6286303400993347
2023-05-23,0.6250195503234863,0.6256608366966248,0.6104111671447754,0.6250195503234863
2023-05-24,0.610608696937561,0.6102882623672485,0.6045218110084534,0.610608696937561
2023-05-25,0.6053400635719299,0.6096594333648682,0.6034092307090759,0.6053400635719299
2023-05-28,0.6057815551757812,0.6072998642921448,0.6045985817909241,0.6057815551757812
2023-05-29,0.6044487357139587,0.6066083908081055,0.6026201844215393,0.6044487357139587
2023-05-30,0.6046789884567261,0.6048000454902649,0.5988884568214417,0.6046789884567261
2023-05-31,0.6025112867355347,0.6077216863632202,0.5992293953895569,0.6025112867355347
2023-06-01,0.6065789461135864,0.6111012697219849,0.6059394478797913,0.6065789461135864
2023-06-04,0.6058182716369629,0.6083390712738037,0.604299008846283,0.6058182716369629
2023-06-05,0.6070613265037537,0.6099792718887329,0.6046899557113647,0.6070613265037537
2023-06-06,0.6078399419784546,0.6097709536552429,0.6047484874725342,0.6078399419784546
2023-06-07,0.6042296290397644,0.6098602414131165,0.6042405366897583,0.6042296290397644
2023-06-08,0.609440267086029,0.6139488816261292,0.6085797548294067,0.609440267086029
2023-06-11,0.6130606532096863,0.6156001687049866,0.6107802987098694,0.6130606532096863
2023-06-12,0.6129103302955627,0.6177988052368164,0.6107504367828369,0.6129103302955627
2023-06-13,0.6159418225288391,0.6236591339111328,0.6143487095832825,0.6159418225288391
2023-06-14,0.6196900010108948,0.6227503418922424,0.616100013256073,0.6196900010108948
2023-06-15,0.623538613319397,0.6247383952140808,0.6211411356925964,0.623538613319397
2023-06-18,0.6232001185417175,0.623699963092804,0.6192908883094788,0.6232001185417175
2023-06-19,0.6202396750450134,0.6206284761428833,0.6135910153388977,0.6202396750450134
2023-06-20,0.6166787147521973,0.6195210814476013,0.6157786846160889,0.6166787147521973
2023-06-21,0.6207093596458435,0.6223084926605225,0.6184712648391724,0.6207093596458435
2023-06-22,0.6182800531387329,0.6190800070762634,0.6118303537368774,0.6182800531387329
2023-06-25,0.614870011806488,0.6177682876586914,0.6138999462127686,0.614870011806488
2023-06-26,0.6163100004196167,0.6200781464576721,0.6157597899436951,0.6163100004196167
2023-06-27,0.6157407760620117,0.6158090233802795,0.6070502996444702,0.6157407760620117
2023-06-28,0.6074300408363342,0.6102100610733032,0.6051913499832153,0.6074300408363342
2023-06-29,0.606678307056427,0.6138207912445068,0.6060312390327454,0.606678307056427
2023-07-02,0.6132185459136963,0.6168688535690308,0.6127601265907288,0.6132185459136963
2023-07-03,0.6156005859375,0.6211488842964172,0.6143487095832825,0.6156005859375
2023-07-04,0.619809091091156,0.620728611946106,0.6180813312530518,0.619809091091156
2023-07-05,0.6176995635032654,0.621999979019165,0.6134893894195557,0.6176995635032654
2023-07-06,0.616351842880249,0.6213001608848572,0.6154982447624207,0.616351842880249
2023-07-09,0.6205899715423584,0.6215195059776306,0.6167814135551453,0.6205899715423584
2023-07-10,0.6206515431404114,0.6224998831748962,0.6168308854103088,0.6206515431404114
2023-07-11,0.6199589371681213,0.6299808025360107,0.6183794736862183,0.6199589371681213
2023-07-12,0.6305209994316101,0.639499843120575,0.6301792860031128,0.6305209994316101
2023-07-13,0.6391900181770325,0.6412516832351685,0.6368007063865662,0.6391900181770325
2023-07-16,0.6365818381309509,0.6365818381309509,0.6309506297111511,0.6365818381309509
2023-07-17,0.6321192383766174,0.6344493627548218,0.6261583566665649,0.6321192383766174
2023-07-18,0.6296991109848022,0.6300284266471863,0.6227076649665833,0.6296991109848022
2023-07-19,0.6262878179550171,0.6307596564292908,0.6219292283058167,0.6262878179550171
2023-07-20,0.6230296492576599,0.6238770484924316,0.6170173287391663,0.6230296492576599
2023-07-23,0.6169000864028931,0.6215271949768066,0.6157066822052002,0.6169000864028931
2023-07-24,0.6200205087661743,0.6229287981987,0.6190800070762634,0.6200205087661743
2023-07-25,0.6216585636138916,0.6232470870018005,0.61912602186203,0.6216585636138916
2023-07-26,0.6212299466133118,0.6272974610328674,0.6192602515220642,0.6212299466133118
2023-07-27,0.6187467575073242,0.6189601421356201,0.6121899485588074,0.6187467575073242
2023-07-30,0.6160100698471069,0.6225875020027161,0.6157256364822388,0.6160100698471069
2023-07-31,0.6204898357391357,0.6217474937438965,0.6137077808380127,0.6204898357391357
2023-08-01,0.614148736000061,0.6139790415763855,0.6069176197052002,0.614148736000061
2023-08-02,0.6086301207542419,0.6092000007629395,0.6062884330749512,0.6086301207542419
2023-08-03,0.6082391738891602,0.6132298111915588,0.6070982217788696,0.6082391738891602
2023-08-06,0.6100090146064758,0.6117405295372009,0.6086093783378601,0.6100090146064758
2023-08-07,0.6106571555137634,0.6108287572860718,0.6035585999488831,0.6106571555137634
2023-08-08,0.6056678295135498,0.6095107793807983,0.6045437455177307,0.6056678295135498
2023-08-09,0.606207549571991,0.611332893371582,0.6051986813545227,0.606207549571991
2023-08-10,0.6013337969779968,0.6023406982421875,0.5976107716560364,0.6013337969779968
2023-08-13,0.5984584093093872,0.5990355610847473,0.594590425491333,0.5984584093093872
2023-08-14,0.5974786281585693,0.5996785759925842,0.5954968333244324,0.5974786281585693
2023-08-15,0.5957380533218384,0.5993407368659973,0.5932676196098328,0.5957380533218384
2023-08-16,0.5931304097175598,0.5963349342346191,0.5905174612998962,0.5931304097175598
2023-08-17,0.5925890803337097,0.5944278240203857,0.5910584926605225,0.5925890803337097
2023-08-20,0.5926803946495056,0.593408465385437,0.589730441570282,0.5926803946495056
2023-08-21,0.5929685831069946,0.597200334072113,0.5924100279808044,0.5929685831069946
2023-08-22,0.5940676331520081,0.5978143811225891,0.5928103923797607,0.5940676331520081
2023-08-23,0.5974286794662476,0.597989559173584,0.5919681787490845,0.5974286794662476
2023-08-24,0.591957688331604,0.5940676331520081,0.5889004468917847,0.591957688331604
2023-08-27,0.5910863876342773,0.5927000641822815,0.589629590511322,0.5910863876342773
2023-08-28,0.5907477140426636,0.5956954956054688,0.5889177322387695,0.5907477140426636
2023-08-29,0.5967476963996887,0.6006583571434021,0.5940464735031128,0.5967476963996887
2023-08-30,0.5952983498573303,0.5976786017417908,0.5932098627090454,0.5952983498573303
2023-08-31,0.5976964831352234,0.6011385917663574,0.5938101410865784,0.5976964831352234
2023-09-03,0.5942582488059998,0.5961500406265259,0.5933098196983337,0.5942582488059998
2023-09-04,0.5937396287918091,0.5939088463783264,0.5860702991485596,0.5937396287918091
2023-09-05,0.58841872215271,0.5904198288917542,0.5862283110618591,0.58841872215271
2023-09-06,0.5870990753173828,0.5894593000411987,0.5863314270973206,0.5870990753173828
2023-09-07,0.588200032711029,0.5917789936065674,0.5878514647483826,0.588200032711029
2023-09-10,0.5901411175727844,0.593489408493042,0.5898208618164062,0.5901411175727844
2023-09-11,0.5916810035705566,0.5922206044197083,0.5891710519790649,0.5916810035705566
2023-09-12,0.5909885764122009,0.592680037021637,0.58873051404953,0.5909885764122009
2023-09-13,0.5920312404632568,0.5943006873130798,0.5904686450958252,0.5920312404632568
2023-09-14,0.5906001329421997,0.593799889087677,0.5897095799446106,0.5906001329421997
2023-09-17,0.5905383825302124,0.5921999216079712,0.589591383934021,0.5905383825302124
2023-09-18,0.5921399593353271,0.5947991013526917,0.5912507176399231,0.5921399593353271
2023-09-19,0.5951495170593262,0.5978894829750061,0.5933485627174377,0.5951495170593262
2023-09-20,0.5925294160842896,0.5936902165412903,0.5897095799446106,0.5925294160842896
2023-09-21,0.5931796431541443,0.5989207625389099,0.5920312404632568,0.5931796431541443
2023-09-24,0.595710039138794,0.5974393486976624,0.5944596529006958,0.595710039138794
2023-09-25,0.5967299342155457,0.5974001288414001,0.5937184691429138,0.5967299342155457
2023-09-26,0.5947707891464233,0.5957096815109253,0.5921504497528076,0.5947707891464233
2023-09-27,0.591621458530426,0.5971004962921143,0.5917894840240479,0.591621458530426
2023-09-28,0.5964398384094238,0.6048691868782043,0.5963206887245178,0.5964398384094238
2023-10-01,0.5995886921882629,0.6008001565933228,0.5952097177505493,0.5995886921882629
2023-10-02,0.5941911935806274,0.5940888524055481,0.5888692140579224,0.5941911935806274
2023-10-03,0.5913485288619995,0.5923398733139038,0.587188720703125,0.5913485288619995
2023-10-04,0.5918700695037842,0.5954400897026062,0.5912507176399231,0.5918700695037842
2023-10-05,0.596640944480896,0.6000311970710754,0.5924696922302246,0.596640944480896
2023-10-08,0.5972787737846375,0.6008893251419067,0.5962815880775452,0.5972787737846375
2023-10-09,0.6031108498573303,0.6042296290397644,0.5999700427055359,0.6031108498573303
2023-10-10,0.6041894555091858,0.6055688261985779,0.6014313697814941,0.6041894555091858
2023-10-11,0.6019490957260132,0.6025693416595459,0.593859851360321,0.6019490957260132
2023-10-12,0.5921609997749329,0.5928595662117004,0.5888310670852661,0.5921609997749329
2023-10-15,0.5906604528427124,0.5929000377655029,0.5904302597045898,0.5906604528427124
2023-10-16,0.5901515483856201,0.5914499759674072,0.5872300863265991,0.5901515483856201
2023-10-17,0.5894801616668701,0.5919892191886902,0.5855315327644348,0.5894801616668701
2023-10-18,0.5853909850120544,0.5858999490737915,0.5816794633865356,0.5853909850120544
2023-10-19,0.5842998623847961,0.5840998888015747,0.5818791389465332,0.5842998623847961
2023-10-22,0.5829306244850159,0.5845184922218323,0.5808398127555847,0.5829306244850159
2023-10-23,0.5851101279258728,0.5872701406478882,0.5829985737800598,0.5851101279258728
2023-10-24,0.5846996307373047,0.5870715379714966,0.5810912847518921,0.5846996307373047
2023-10-25,0.5792199373245239,0.5828898549079895,0.5774205327033997,0.5792199373245239
2023-10-26,0.5828898549079895,0.5843989253044128,0.581138551235199,0.5828898549079895
2023-10-30,0.5808415412902832,0.5844398736953735,0.5806593894958496,0.5808415412902832
2023-10-31,0.584030270576477,0.5856893062591553,0.580470621585846,0.584030270576477
2023-11-01,0.5807403326034546,0.5858505368232727,0.5789985656738281,0.5807403326034546
2023-11-02,0.5879793763160706,0.5916984677314758,0.5875095129013062,0.5879793763160706
2023-11-03,0.5895808935165405,0.5993514657020569,0.5885884761810303,0.5895808935165405
2023-11-06,0.5996102690696716,0.6002184748649597,0.5967690944671631,0.5996102690696716
2023-11-07,0.5963000655174255,0.5964999794960022,0.5912507176399231,0.5963000655174255
2023-11-08,0.5936000347137451,0.5943999290466309,0.5912401676177979,0.5936000347137451
2023-11-09,0.5912017226219177,0.595528781414032,0.5907686352729797,0.5912017226219177
2023-11-10,0.5889298915863037,0.5905104875564575,0.5878998041152954,0.5889298915863037
2023-11-13,0.5894210338592529,0.5898998975753784,0.5871508121490479,0.5894210338592529
2023-11-14,0.5882906913757324,0.5988311171531677,0.5864689946174622,0.5882906913757324
2023-11-15,0.6004491448402405,0.6047411561012268,0.5998799800872803,0.6004491448402405
2023-11-16,0.6028890609741211,0.6029108762741089,0.5973001718521118,0.6028890609741211
2023-11-17,0.596530556678772,0.5997505187988281,0.5941594243049622,0.596530556678772
2023-11-20,0.599621057510376,0.6043683290481567,0.5989602208137512,0.599621057510376
2023-11-21,0.6039800047874451,0.6086316108703613,0.6037407517433167,0.6039800047874451
2023-11-22,0.6054185032844543,0.6063803434371948,0.5998799800872803,0.6054185032844543
2023-11-23,0.6021299958229065,0.6066893339157104,0.6021883487701416,0.6021299958229065
2023-11-24,0.604880154132843,0.6087998151779175,0.6045218110084534,0.604880154132843
2023-11-27,0.6077501177787781,0.6103292107582092,0.6061781644821167,0.6077501177787781
2023-11-28,0.6103999614715576,0.614620566368103,0.608109712600708,0.6103999614715576
2023-11-29,0.614601731300354,0.620728611946106,0.6136512756347656,0.614601731300354
2023-11-30,0.6155892014503479,0.6184000968933105,0.6122798919677734,0.6155892014503479
2023-12-01,0.6157673001289368,0.6199896931648254,0.6152294278144836,0.6157673001289368
2023-12-04,0.6215388178825378,0.622219443321228,0.6159190535545349,0.6215388178825378
2023-12-05,0.6165000200271606,0.6174097061157227,0.6126887798309326,0.6165000200271606
2023-12-06,0.613399088382721,0.6176881194114685,0.6133802533149719,0.613399088382721
2023-12-07,0.6140506863594055,0.6171315908432007,0.6114487648010254,0.6140506863594055
2023-12-08,0.616158127784729,0.617550790309906,0.6105416417121887,0.616158127784729
2023-12-11,0.6124711632728577,0.6132298111915588,0.610608696937561,0.6124711632728577
2023-12-12,0.612291157245636,0.6167205572128296,0.6107317805290222,0.612291157245636
2023-12-13,0.6137492060661316,0.6140002012252808,0.6084908843040466,0.6137492060661316
2023-12-14,0.6190800070762634,0.6249414086341858,0.6187812089920044,0.6190800070762634
2023-12-15,0.6213298439979553,0.6229792237281799,0.6179705858230591,0.6213298439979553
2023-12-18,0.6209907531738281,0.6251093745231628,0.620420515537262,0.6209907531738281
2023-12-19,0.6213804483413696,0.6273013949394226,0.6214801073074341,0.6213804483413696
2023-12-20,0.6270418167114258,0.6299014091491699,0.6258487701416016,0.6270418167114258
2023-12-21,0.6253986954689026,0.6295405626296997,0.6239704489707947,0.6253986954689026
2023-12-22,0.6294692158699036,0.6318396925926208,0.6277108788490295,0.6294692158699036
2023-12-25,0.6319299340248108,0.6654998064041138,0.6266999244689941,0.6319299340248108
2023-12-26,0.6306001543998718,0.6328000426292419,0.6302587389945984,0.6306001543998718
2023-12-27,0.6328513026237488,0.6349085569381714,0.6317518353462219,0.6328513026237488
2023-12-28,0.6349488496780396,0.6369507908821106,0.6327512264251709,0.6349488496780396
2023-12-29,0.6334887742996216,0.6360999345779419,0.6305686831474304,0.6334887742996216
2024-01-01,0.6319698691368103,0.6322999000549316,0.6319698691368103,0.6319698691368103
2024-01-02,0.6315284371376038,0.6321192383766174,0.6254612803459167,0.6315284371376038
2024-01-03,0.625,0.6277999877929688,0.6222116947174072,0.625
2024-01-04,0.6251289248466492,0.6284881234169006,0.6224014759063721,0.6251289248466492
2024-01-05,0.6231298446655273,0.6276597380638123,0.618268609046936,0.6231298446655273
2024-01-08,0.6248789429664612,0.6261309385299683,0.6213688850402832,0.6248789429664612
2024-01-09,0.6251797676086426,0.6266999244689941,0.6228589415550232,0.6251797676086426
2024-01-10,0.6238303184509277,0.6254417300224304,0.6218402981758118,0.6238303184509277
2024-01-11,0.6229597926139832,0.6258918642997742,0.6197898983955383,0.6229597926139832
2024-01-12,0.6242314577102661,0.6277897357940674,0.6230801343917847,0.6242314577102661
2024-01-15,0.6232999563217163,0.623219907283783,0.618601381778717,0.6232999563217163
2024-01-16,0.6190685629844666,0.6190493702888489,0.6137303709983826,0.6190685629844666
2024-01-17,0.6140884160995483,0.6151991486549377,0.6090207695960999,0.6140884160995483
2024-01-18,0.611340343952179,0.6136099100112915,0.6096000075340271,0.611340343952179
2024-01-19,0.6120250821113586,0.6127563714981079,0.6091617941856384,0.6120250821113586
2024-01-22,0.6118303537368774,0.6139112114906311,0.609718918800354,0.6118303537368774
2024-01-23,0.607389509677887,0.6117106080055237,0.606880784034729,0.607389509677887
2024-01-24,0.610340416431427,0.6148889064788818,0.6089614629745483,0.610340416431427
2024-01-25,0.6108586192131042,0.6131997108459473,0.6100797653198242,0.6108586192131042
2024-01-26,0.6108884811401367,0.6118603348731995,0.6093399524688721,0.6108884811401367
2024-01-29,0.609289824962616,0.6122000217437744,0.6088391542434692,0.609289824962616
2024-01-30,0.613481879234314,0.6149418354034424,0.6107205748558044,0.613481879234314
2024-01-31,0.613180935382843,0.6173791885375977,0.6109183430671692,0.613180935382843
2024-02-01,0.611190915107727,0.6140997409820557,0.608120858669281,0.611190915107727
2024-02-02,0.6145714521408081,0.6161201596260071,0.6062185764312744,0.6145714521408081
2024-02-05,0.6064502000808716,0.6082096099853516,0.6040106415748596,0.6064502000808716
2024-02-06,0.6053085327148438,0.6077513098716736,0.6047704219818115,0.6053085327148438
2024-02-07,0.6099792718887329,0.6124786734580994,0.6093102693557739,0.6099792718887329
2024-02-08,0.6109594106674194,0.612321138381958,0.6080210208892822,0.6109594106674194
2024-02-09,0.6107914447784424,0.6156498193740845,0.6107914447784424,0.6107914447784424
2024-02-12,0.6147717237472534,0.6152294278144836,0.6121487021446228,0.6147717237472534
2024-02-13,0.6127901673316956,0.6130001544952393,0.6055688261985779,0.6127901673316956
2024-02-14,0.6057815551757812,0.6089800596237183,0.6052682399749756,0.6057815551757812
2024-02-15,0.609061598777771,0.612730085849762,0.6080912351608276,0.609061598777771
2024-02-16,0.6111199259757996,0.6121000051498413,0.6088502407073975,0.6111199259757996
2024-02-19,0.6135082244873047,0.6152597069740295,0.6133012771606445,0.6136400103569031
2024-02-20,0.6142581701278687,0.6190915107727051,0.6131583452224731,0.6142581701278687
2024-02-21,0.616819441318512,0.6197707056999207,0.6165798306465149,0.616819441318512
2024-02-22,0.6180316805839539,0.6218712329864502,0.6178216934204102,0.6180316805839539
2024-02-23,0.6195287704467773,0.621121883392334,0.6181501150131226,0.6195287704467773
2024-02-26,0.6185401678085327,0.6188501715660095,0.6163214445114136,0.6186893582344055
2024-02-27,0.6167091131210327,0.6177999377250671,0.6152294278144836,0.6167091131210327
2024-02-28,0.6170287728309631,0.6178101897239685,0.6082798838615417,0.6170287728309631
2024-02-29,0.6097100377082825,0.611149787902832,0.6077882051467896,0.6097100377082825
2024-03-01,0.6085797548294067,0.6111610531806946,0.6079914569854736,0.6085797548294067
2024-03-04,0.6103813648223877,0.611190915107727,0.6088984608650208,0.6103813648223877
2024-03-05,0.6096594333648682,0.6107317805290222,0.6071903705596924,0.6096594333648682
2024-03-06,0.6087798476219177,0.6143714189529419,0.6071092486381531,0.6087798476219177
2024-03-07,0.6127901673316956,0.6176385283470154,0.612778902053833,0.6127901673316956
2024-03-08,0.6178789138793945,0.6216315627098083,0.616389811038971,0.6178789138793945
2024-03-11,0.6179400086402893,0.618268609046936,0.6161201596260071,0.6179400086402893
2024-03-12,0.6170782446861267,0.618268609046936,0.6136813759803772,0.6170782446861267
2024-03-13,0.614960789680481,0.6169983148574829,0.6145904064178467,0.614960789680481
2024-03-14,0.6165000200271606,0.617550790309906,0.6123886704444885,0.6165000200271606
2024-03-15,0.6124786734580994,0.6124298572540283,0.6085612773895264,0.6124786734580994
2024-03-18,0.608698308467865,0.6100499629974365,0.6080901622772217,0.608698308467865
2024-03-19,0.6082687973976135,0.6082391738891602,0.6035112142562866,0.6082687973976135
2024-03-20,0.6048984527587891,0.6056385040283203,0.6025911569595337,0.6048984527587891
2024-03-21,0.6089614629745483,0.61080002784729,0.6044816374778748,0.6089614629745483
2024-03-22,0.6046388149261475,0.6052001118659973,0.5993910431861877,0.6046388149261475
2024-03-25,0.5990211963653564,0.6013084053993225,0.5987600684165955,0.5990211963653564
2024-03-26,0.6001608371734619,0.6031108498573303,0.5997001528739929,0.6001608371734619
2024-03-27,0.6007593870162964,0.6010807752609253,0.598899245262146,0.6007593870162964
2024-03-28,0.5992509126663208,0.6004095077514648,0.5957203507423401,0.5992509126663208
2024-03-29,0.5974700450897217,0.5991999506950378,0.5969700217247009,0.5974700450897217
2024-03-31,0.5986589789390564,0.5993191599845886,0.5940711498260498,0.5986589789390564
2024-04-01,0.5952416062355042,0.5973501801490784,0.5944207906723022,0.5952416062355042
2024-04-02,0.5969401001930237,0.5999999046325684,0.5953586101531982,0.5969401001930237
2024-04-03,0.6014711856842041,0.6045584082603455,0.6012903451919556,0.6014711856842041
2024-04-04,0.6027800440788269,0.6031108498573303,0.5986912250518799,0.6027800440788269
2024-04-07,0.6004491448402405,0.6039084792137146,0.6001500487327576,0.6004491448402405
2024-04-08,0.6034383773803711,0.6076700091362,0.6034711599349976,0.6034383773803711
2024-04-09,0.6067924499511719,0.6080025434494019,0.5977286100387573,0.6067924499511719
2024-04-10,0.5974607467651367,0.6014784574508667,0.5970184803009033,0.5974607467651367
2024-04-11,0.600121259689331,0.601059079170227,0.593630313873291,0.600121259689331
2024-04-14,0.594558596611023,0.5953692197799683,0.5913695693016052,0.594558596611023
2024-04-15,0.5902804136276245,0.5907407402992249,0.5874301791191101,0.5902804136276245
2024-04-16,0.5892091989517212,0.5917404890060425,0.5894002318382263,0.5892091989517212
2024-04-17,0.5912995934486389,0.5933485627174377,0.5907512307167053,0.5912995934486389
2024-04-18,0.5903501510620117,0.5905907154083252,0.5854800939559937,0.5903501510620117
2024-04-21,0.5899983644485474,0.5928912162780762,0.5895392298698425,0.5900297164916992
2024-04-22,0.5921199917793274,0.5947283506393433,0.5903501510620117,0.5921199917793274
2024-04-23,0.5936902165412903,0.595181405544281,0.5921188592910767,0.5936902165412903
2024-04-24,0.593591570854187,0.5964985489845276,0.5921083688735962,0.593591570854187
2024-04-25,0.5958410501480103,0.5969793200492859,0.5930002331733704,0.5958410501480103
2024-04-28,0.5947707891464233,0.5982793569564819,0.5943183302879333,0.5947707891464233
2024-04-29,0.5971611142158508,0.5973715782165527,0.5908300876617432,0.5971611142158508
2024-04-30,0.5879517197608948,0.5905802845954895,0.5877512693405151,0.5879517197608948
2024-05-01,0.5930107831954956,0.5947389602661133,0.5916004180908203,0.5930107831954956
2024-05-02,0.5963882803916931,0.6043391227722168,0.5957310199737549,0.5963882803916931
2024-05-05,0.6007593870162964,0.6032381653785706,0.5997001528739929,0.6007593870162964
2024-05-06,0.6009507179260254,0.6024205088615417,0.6000888347625732,0.6009507179260254
2024-05-07,0.5997199416160583,0.6003482341766357,0.5982006192207336,0.5997199416160583
2024-05-08,0.6004202961921692,0.6025511622428894,0.5993514657020569,0.6004202961921692
2024-05-09,0.6036205291748047,0.6037006974220276,0.6009904146194458,0.6036205291748047
2024-05-12,0.6018512845039368,0.6030999422073364,0.6001104116439819,0.6018512845039368
2024-05-13,0.6023406982421875,0.6038392186164856,0.6004815697669983,0.6023406982421875
2024-05-14,0.6043282151222229,0.6107616424560547,0.6042807102203369,0.6043282151222229
2024-05-15,0.6130606532096863,0.6140884160995483,0.6096798777580261,0.6130606532096863
2024-05-16,0.6124201416969299,0.6135082244873047,0.6101802587509155,0.6124201416969299
2024-05-19,0.6136701107025146,0.6136813759803772,0.6097598075866699,0.6136701107025146
2024-05-20,0.6108101606369019,0.6110900640487671,0.6090096831321716,0.6108101606369019
2024-05-21,0.6093807816505432,0.6153013110160828,0.6093214154243469,0.6093807816505432
2024-05-22,0.6100090146064758,0.613399088382721,0.6099904179573059,0.6100090146064758
2024-05-23,0.609730064868927,0.6124186515808105,0.6088502407073975,0.609730064868927
2024-05-26,0.6121711730957031,0.6153505444526672,0.6121187210083008,0.6121711730957031
2024-05-27,0.6152294278144836,0.6170516014099121,0.6149300932884216,0.6152294278144836
2024-05-28,0.6140695810317993,0.6145488023757935,0.6115198135375977,0.6140695810317993
2024-05-29,0.6113590598106384,0.6131696701049805,0.6089614629745483,0.6113590598106384
2024-05-30,0.6116507053375244,0.6165988445281982,0.6115497350692749,0.6116507053375244
2024-06-02,0.6148586869239807,0.6188693642616272,0.6134405136108398,0.6148586869239807
2024-06-03,0.6193599700927734,0.6198590397834778,0.615668773651123,0.6193599700927734
2024-06-04,0.6174706816673279,0.6198782920837402,0.6171391606330872,0.6174706816673279
2024-06-05,0.6196286082267761,0.6215696930885315,0.6174783110618591,0.6196286082267761
2024-06-06,0.6197015643119812,0.6203897595405579,0.6106385588645935,0.6197015643119812
2024-06-09,0.6106199026107788,0.6125311255455017,0.6100611686706543,0.6106199026107788
2024-06-10,0.6128314733505249,0.6134104132652283,0.6118715405464172,0.6128314733505249
2024-06-11,0.614601731300354,0.6221497654914856,0.6135308146476746,0.614601731300354
2024-06-12,0.6186816692352295,0.6198590397834778,0.6162986755371094,0.6186816692352295
2024-06-13,0.6161011457443237,0.6162682175636292,0.6116994023323059,0.6161011457443237
2024-06-16,0.6137416958808899,0.6138207912445068,0.6105602383613586,0.6137416958808899
2024-06-17,0.613800048828125,0.6140205264091492,0.6098490357398987,0.613800048828125
2024-06-18,0.614058256149292,0.614300012588501,0.6130794286727905,0.614058256149292
2024-06-19,0.6139414310455322,0.6138810515403748,0.6119614243507385,0.6139414310455322
2024-06-20,0.6122798919677734,0.6134592890739441,0.6110116243362427,0.6122798919677734
2024-06-23,0.6111199259757996,0.614039421081543,0.6105900406837463,0.6111199259757996
2024-06-24,0.6120513081550598,0.613399863243103,0.610869824886322,0.6120513081550598
2024-06-25,0.6119089722633362,0.6126700043678284,0.6076810956001282,0.6119089722633362
2024-06-26,0.6080284118652344,0.6108511686325073,0.6069581508636475,0.6080284118652344
2024-06-27,0.6084686517715454,0.6101318597793579,0.6058512926101685,0.6084686517715454
2024-06-30,0.6099197268486023,0.6107914447784424,0.606648862361908,0.6099197268486023
2024-07-01,0.6064796447753906,0.607850968837738,0.6048399209976196,0.6064796447753906
2024-07-02,0.6082206964492798,0.6129103302955627,0.6070687174797058,0.6082206964492798
2024-07-03,0.6107205748558044,0.612321138381958,0.6106982231140137,0.6107205748558044
2024-07-04,0.611340343952179,0.6140016913414001,0.6113590598106384,0.611340343952179
2024-07-07,0.6141110062599182,0.6153808236122131,0.6130794286727905,0.6141110062599182
2024-07-08,0.6131207942962646,0.6133087873458862,0.6112992763519287,0.6131207942962646
2024-07-09,0.6127113103866577,0.6132298111915588,0.6066415309906006,0.6127113103866577
2024-07-10,0.6087983250617981,0.6134592890739441,0.6082984209060669,0.6087983250617981
2024-07-11,0.6094588041305542,0.6127000451087952,0.6076995730400085,0.6094588041305542
2024-07-14,0.6095516681671143,0.6104998588562012,0.6081985235214233,0.6095516681671143
2024-07-15,0.6076810956001282,0.6076700091362,0.6037101149559021,0.6076810956001282
2024-07-16,0.6069099307060242,0.6097486615180969,0.606571614742279,0.6069099307060242
2024-07-17,0.608061671257019,0.6081615090370178,0.6063913702964783,0.608061671257019
2024-07-18,0.6043793559074402,0.6043099164962769,0.6014096736907959,0.6043793559074402
2024-07-21,0.6024205088615417,0.602300763130188,0.5973109006881714,0.6024205088615417
2024-07-22,0.5978501439094543,0.5980396270751953,0.5952593684196472,0.5978501439094543
2024-07-23,0.595291256904602,0.595291256904602,0.5915199518203735,0.595291256904602
2024-07-24,0.5927295684814453,0.5926488041877747,0.588890016078949,0.5927295684814453
2024-07-25,0.5889801979064941,0.5906012058258057,0.5883910059928894,0.5889801979064941
2024-07-28,0.5889000296592712,0.5900784134864807,0.585871160030365,0.5889000296592712
2024-07-29,0.5877305269241333,0.5900889039039612,0.5868499875068665,0.5877305269241333
2024-07-30,0.5902003049850464,0.5948998928070068,0.5892196297645569,0.5902003049850464
2024-07-31,0.595181405544281,0.5980610847473145,0.5939088463783264,0.595181405544281
2024-08-01,0.5936197638511658,0.5984584093093872,0.5931409001350403,0.5936197638511658
2024-08-04,0.594700038433075,0.5970006585121155,0.5857407450675964,0.594700038433075
2024-08-05,0.5950503945350647,0.5979609489440918,0.5913905501365662,0.5950503945350647
2024-08-06,0.5974107980728149,0.6025403141975403,0.5972288846969604,0.5974107980728149
2024-08-07,0.5986088514328003,0.6009109616279602,0.5978501439094543,0.5986088514328003
2024-08-08,0.6007015705108643,0.6036999821662903,0.6003193855285645,0.6007015705108643
2024-08-11,0.5994916558265686,0.603270947933197,0.5993407368659973,0.5994916558265686
2024-08-12,0.6023406982421875,0.6063508987426758,0.6018186807632446,0.6023406982421875
2024-08-13,0.6079211831092834,0.608450174331665,0.6003590226173401,0.6079211831092834
2024-08-14,0.6000707745552063,0.6015182137489319,0.5975893139839172,0.6000707745552063
2024-08-15,0.5980896949768066,0.6034711599349976,0.5982793569564819,0.5980896949768066
2024-08-18,0.6057485342025757,0.6098490357398987,0.6055504679679871,0.6057485342025757
2024-08-19,0.6117704510688782,0.6152786016464233,0.611198365688324,0.6117704510688782
2024-08-20,0.6157407760620117,0.616599977016449,0.6133802533149719,0.6157407760620117
2024-08-21,0.6162492632865906,0.6170211434364319,0.6128690242767334,0.6162492632865906
2024-08-22,0.6143600344657898,0.62223881483078,0.6141713857650757,0.6143600344657898
2024-08-25,0.6224092245101929,0.6232587695121765,0.6198897361755371,0.6224092245101929
2024-08-26,0.6205514073371887,0.6237486004829407,0.6195517778396606,0.6205514073371887
2024-08-27,0.6244106888771057,0.6253008842468262,0.6225486993789673,0.6244106888771057
2024-08-28,0.6247500777244568,0.6298696398735046,0.6248399019241333,0.6247500777244568
2024-08-29,0.6263309121131897,0.6276999115943909,0.6237096786499023,0.6263309121131897
2024-09-01,0.625,0.6253087520599365,0.6221691370010376,0.625
2024-09-02,0.6230490803718567,0.6235502362251282,0.6183106303215027,0.6230490803718567
2024-09-03,0.618739128112793,0.6215812563896179,0.6169792413711548,0.618739128112793
2024-09-04,0.6186702251434326,0.6225680708885193,0.6179705858230591,0.6186702251434326
2024-09-05,0.6224402189254761,0.6254182457923889,0.6175088286399841,0.6224402189254761
2024-09-08,0.6171315908432007,0.6187000870704651,0.6125702261924744,0.6171315908432007
2024-09-09,0.6142317652702332,0.6165608167648315,0.6133012771606445,0.6142317652702332
2024-09-10,0.6150099039077759,0.615748405456543,0.6107802987098694,0.6150099039077759
2024-09-11,0.6132185459136963,0.6159190535545349,0.6129298806190491,0.6132185459136963
2024-09-12,0.6187008619308472,0.6194289922714233,0.6162800192832947,0.6187008619308472
2024-09-15,0.6164087653160095,0.6199896931648254,0.6155399084091187,0.6164087653160095
2024-09-16,0.6196094155311584,0.6211102604866028,0.6179018616676331,0.6196094155311584
2024-09-17,0.619398295879364,0.6232315897941589,0.619210422039032,0.619398295879364
2024-09-18,0.6208904981613159,0.6269081830978394,0.6182915568351746,0.6208904981613159
2024-09-19,0.6237019300460815,0.6259898543357849,0.621121883392334,0.6237019300460815
2024-09-22,0.6236202716827393,0.6273998022079468,0.6226494908332825,0.6236202716827393
2024-09-23,0.6267195343971252,0.6327711939811707,0.6260290145874023,0.6267195343971252
2024-09-24,0.6352190971374512,0.635509729385376,0.6277503371238708,0.6352190971374512
2024-09-25,0.6257195472717285,0.6332600712776184,0.6253283023834229,0.6257195472717285
2024-09-26,0.6331197619438171,0.6367480158805847,0.6297189593315125,0.6331197619438171
2024-09-29,0.634981095790863,0.6376615762710571,0.6347795724868774,0.634981095790863
2024-09-30,0.6345298290252686,0.6347715258598328,0.6275809407234192,0.6345298290252686
2024-10-01,0.6282985806465149,0.6313809156417847,0.6262485980987549,0.6282985806465149
2024-10-02,0.6261191964149475,0.6258997321128845,0.6213881969451904,0.6261191964149475
2024-10-03,0.6217281222343445,0.6219910979270935,0.6148511171340942,0.6217281222343445
2024-10-06,0.6160784363746643,0.6172001361846924,0.6119089722633362,0.6160784363746643
2024-10-07,0.6128502488136292,0.614541232585907,0.6109594106674194,0.6128502488136292
2024-10-08,0.6131395697593689,0.6136813759803772,0.6053598523139954,0.6131395697593689
2024-10-09,0.6070908308029175,0.6094105243682861,0.6064796447753906,0.6070908308029175
2024-10-10,0.6096000075340271,0.6114188432693481,0.6084612607955933,0.6096000075340271
2024-10-13,0.6091692447662354,0.6102808117866516,0.6071092486381531,0.6091692447662354
2024-10-14,0.6089614629745483,0.6105788946151733,0.6075112819671631,0.6089614629745483
2024-10-15,0.6056311726570129,0.6080284118652344,0.6040507555007935,0.6056311726570129
2024-10-16,0.6058696508407593,0.607548177242279,0.6045912504196167,0.6058696508407593
2024-10-17,0.6060715913772583,0.6079988479614258,0.6057485342025757,0.6060715913772583
2024-10-20,0.6076700091362,0.608700156211853,0.6030889749526978,0.6076700091362
2024-10-21,0.6023297905921936,0.6061010360717773,0.6022101044654846,0.6023297905921936
2024-10-22,0.604580283164978,0.6053305268287659,0.6003085374832153,0.604580283164978
2024-10-23,0.6006186604499817,0.6032381653785706,0.6001104116439819,0.6006186604499817
2024-10-24,0.6008387804031372,0.6013699173927307,0.5988382697105408,0.6008387804031372
2024-10-28,0.5979001522064209,0.5998008847236633,0.5958694219589233,0.5979001522064209
2024-10-29,0.5986300110816956,0.5990104079246521,0.5954099893569946,0.5986300110816956
2024-10-30,0.5971183180809021,0.6002292633056641,0.5952416062355042,0.5971183180809021
2024-10-31,0.5971112251281738,0.598329484462738,0.5940994024276733,0.5971112251281738
2024-11-01,0.5971503853797913,0.5998116731643677,0.5964202880859375,0.5971503853797913
2024-11-04,0.5987414717674255,0.6015616655349731,0.5974500775337219,0.5987414717674255
2024-11-05,0.5973715782165527,0.6010807752609253,0.5968296527862549,0.5973715782165527
2024-11-06,0.60165935754776,0.6020215749740601,0.5914010405540466,0.60165935754776
2024-11-07,0.5938806533813477,0.6038209795951843,0.5931901931762695,0.5938806533813477
2024-11-08,0.6022282242774963,0.6024495363235474,0.5960683226585388,0.6022282242774963
2024-11-11,0.5966302156448364,0.5981000661849976,0.5952593684196472,0.5966302156448364
2024-11-12,0.596911609172821,0.5971397161483765,0.59163898229599,0.596911609172821
2024-11-13,0.5923293828964233,0.594611644744873,0.5885191559791565,0.5923293828964233
2024-11-14,0.5882906913757324,0.5885001420974731,0.585151195526123,0.5882906913757324
2024-11-15,0.5849800705909729,0.5879517197608948,0.5841599106788635,0.5849800705909729
2024-11-18,0.5863211154937744,0.5881487727165222,0.5837098360061646,0.5863211154937744
2024-11-19,0.5890703797340393,0.5908000469207764,0.5875785946846008,0.5890703797340393
2024-11-20,0.5919612050056458,0.592241644859314,0.5865309238433838,0.5919612050056458
2024-11-21,0.5884000062942505,0.5886196494102478,0.5851409435272217,0.5884000062942505
2024-11-22,0.5857407450675964,0.5858093500137329,0.5817199945449829,0.5857407450675964
2024-11-25,0.5862111449241638,0.5868406891822815,0.5836485028266907,0.5862111449241638
2024-11-26,0.5811284184455872,0.5865997076034546,0.5798109769821167,0.5811284184455872
2024-11-27,0.5837098360061646,0.5908594131469727,0.5831583738327026,0.5837098360061646
2024-11-28,0.5893411636352539,0.5905593037605286,0.5881903171539307,0.5893411636352539
2024-11-29,0.5896400213241577,0.5928595662117004,0.5894384384155273,0.5896400213241577
2024-12-02,0.5906099081039429,0.5911003947257996,0.5864999294281006,0.5906500220298767
2024-12-03,0.5884395241737366,0.5905104875564575,0.5865997076034546,0.5884602665901184
2024-12-04,0.5882698893547058,0.5884706974029541,0.5830699801445007,0.5882110595703125
2024-12-05,0.585761308670044,0.5881592035293579,0.5853293538093567,0.5857201814651489
2024-12-06,0.5882595181465149,0.5882802605628967,0.5827913284301758,0.5882214307785034
2024-12-09,0.5835803747177124,0.5888102054595947,0.5805515646934509,0.5838802456855774
2024-12-10,0.5857716202735901,0.5858001112937927,0.5792803168296814,0.5858985781669617
2024-12-11,0.5801810026168823,0.5808786749839783,0.5762791633605957,0.58022141456604
2024-12-12,0.5793507695198059,0.5817911028862,0.5772305727005005,0.5794212818145752
2024-12-13,0.5768709182739258,0.5778008699417114,0.5755196809768677,0.5770307183265686
2024-12-16,0.5771805644035339,0.5786300301551819,0.5760999321937561,0.5770706534385681
2024-12-17,0.5792500972747803,0.5793406963348389,0.5752416253089905,0.5791997909545898
2024-12-18,0.5757715702056885,0.5760000348091125,0.5716702938079834,0.5758113265037537
2024-12-19,0.5619208812713623,0.5662513971328735,0.5608898997306824,0.5617314577102661
2024-12-20,0.5626290440559387,0.5664984583854675,0.561381459236145,0.562749981880188
2024-12-23,0.5651601552963257,0.5661584734916687,0.5633485317230225,0.5651601552963257
2024-12-24,0.5646113157272339,0.5654001235961914,0.5635104179382324,0.5646591186523438
2024-12-25,0.5648000836372375,0.5887801051139832,0.564300000667572,0.5648000836372375
2024-12-26,0.5651697516441345,0.5662001371383667,0.5622715950012207,0.5650898814201355
2024-12-27,0.5626005530357361,0.5645000338554382,0.5614697337150574,0.5625594258308411
2024-12-30,0.5638886094093323,0.5664984583854675,0.5629901885986328,0.5639394521713257
2024-12-31,0.5639998912811279,0.5647006034851074,0.5592904090881348,0.5639712810516357
2025-01-02,0.5598414540290833,0.5624898076057434,0.5591996908187866,0.5598414540290833
2025-01-03,0.5593999028205872,0.561331033706665,0.5593999028205872,0.5592997670173645
2025-01-06,0.5617314577102661,0.568449854850769,0.5614602565765381,0.5616084337234497
2025-01-07,0.5638313889503479,0.5692394375801086,0.5636501908302307,0.5639108419418335
2025-01-08,0.5634500980377197,0.5645000338554382,0.5590402483940125,0.5635485649108887
2025-01-09,0.5606198310852051,0.5606198310852051,0.5573110580444336,0.5605400204658508
2025-01-10,0.5593904852867126,0.5602899789810181,0.5545511841773987,0.5593501329421997
2025-01-13,0.556408703327179,0.5572303533554077,0.5543391108512878,0.5564799308776855
2025-01-14,0.5601895451545715,0.5631296634674072,0.5586498379707336,0.5604187846183777
2025-01-15,0.5602899789810181,0.5651505589485168,0.5597298741340637,0.5602993965148926
2025-01-16,0.562828540802002,0.5632914304733276,0.5585000514984131,0.562828540802002
2025-01-17,0.5607486963272095,0.5615800619125366,0.5564396977424622,0.5608084797859192
2025-01-20,0.5589902400970459,0.5679397583007812,0.5589215159416199,0.5587310194969177
2025-01-21,0.5681785941123962,0.5689188241958618,0.5618387460708618,0.5681785941123962
2025-01-22,0.5662097334861755,0.5688411593437195,0.5650100111961365,0.5660911202430725
2025-01-23,0.5663604140281677,0.5683013200759888,0.5650515556335449,0.5663604140281677
2025-01-24,0.5675497651100159,0.5722591876983643,0.5672310590744019,0.5675497651100159
2025-01-27,0.5694501399993896,0.5704897046089172,0.5677592158317566,0.5692297220230103
2025-01-28,0.5665305256843567,0.5672696828842163,0.5649398565292358,0.5668194890022278
2025-01-29,0.5664791464805603,0.5668613314628601,0.5635390281677246,0.566559374332428
2025-01-30,0.5666107535362244,0.5668484568595886,0.5639808177947998,0.5665208697319031
2025-01-31,0.5635707974433899,0.5667199492454529,0.5627303719520569,0.5636406540870667
2025-02-03,0.5570006370544434,0.5606292486190796,0.5517789125442505,0.5569603443145752
2025-02-04,0.5629299283027649,0.5651697516441345,0.5583098530769348,0.5626797080039978
2025-02-05,0.5648791790008545,0.570239245891571,0.5647006034851074,0.5648409128189087
2025-02-06,0.5688605904579163,0.5691487193107605,0.5653294920921326,0.5689285397529602
2025-02-07,0.5674789547920227,0.5695798993110657,0.5647197365760803,0.5674885511398315
2025-02-10,0.564620852470398,0.5664310455322266,0.564009428024292,0.5647388100624084
2025-02-11,0.5635199546813965,0.5659598112106323,0.563050389289856,0.5635008811950684
2025-02-12,0.5658989548683167,0.5672407150268555,0.5602899789810181,0.565930962562561
2025-02-13,0.5642385482788086,0.5662385821342468,0.5623601078987122,0.5641399025917053
2025-02-14,0.5681011080741882,0.5734800100326538,0.5676915049552917,0.5680010914802551
2025-02-17,0.5733188986778259,0.5750001668930054,0.5729608535766602,0.5732991695404053
2025-02-18,0.5731907486915588,0.5731907486915588,0.5695506930351257,0.5732301473617554
2025-02-19,0.5704897046089172,0.5732696056365967,0.567920446395874,0.5705190300941467
2025-02-20,0.5701807141304016,0.5759605765342712,0.5695506930351257,0.5701189637184143
2025-02-21,0.5765516757965088,0.5771999359130859,0.5747390389442444,0.5764286518096924
2025-02-24,0.5750199556350708,0.5770606398582458,0.573249876499176,0.5751191973686218
2025-02-25,0.5727409720420837,0.5739408135414124,0.5709196329116821,0.5726589560508728
2025-02-26,0.5731086134910583,0.5733287334442139,0.5689609050750732,0.5731086134910583
2025-02-27,0.5698915123939514,0.5699999928474426,0.5639299154281616,0.5699889063835144
2025-02-28,0.5627303719520569,0.562939465045929,0.559749960899353,0.5627208352088928
2025-03-03,0.5604313015937805,0.5635485649108887,0.5594499707221985,0.560519278049469
2025-03-04,0.5612491369247437,0.5644201040267944,0.5597599744796753,0.5613404512405396
2025-03-05,0.5661392211914062,0.5718305110931396,0.5638790130615234,0.5661584734916687
2025-03-06,0.5728787779808044,0.575761616230011,0.5721315145492554,0.5729608535766602
2025-03-07,0.5736214518547058,0.5741912722587585,0.5696999430656433,0.5736609101295471
2025-03-10,0.5709489583969116,0.574349582195282,0.5705710649490356,0.5710598230361938
2025-03-11,0.5696091055870056,0.5714383721351624,0.5678914189338684,0.5695084929466248
2025-03-12,0.5713012218475342,0.5739012360572815,0.569911003112793,0.5712099075317383
2025-03-13,0.5738189220428467,0.5742011666297913,0.568411111831665,0.5737004280090332
2025-03-14,0.5702899098396301,0.5749208331108093,0.5697096586227417,0.5703107714653015
2025-03-17,0.5751886963844299,0.5813615322113037,0.5747093558311462,0.5752515196800232
2025-03-18,0.5824382901191711,0.5831992030143738,0.5799387693405151,0.5824688673019409
2025-03-19,0.5819095969200134,0.5822999477386475,0.5777207612991333,0.5818588137626648
2025-03-20,0.5820315480232239,0.5821094512939453,0.5724491477012634,0.582160234451294
2025-03-21,0.576269268989563,0.5767911076545715,0.5728393793106079,0.5761895179748535
2025-03-24,0.5744914412498474,0.5750299096107483,0.5718991756439209,0.574540913105011
2025-03-25,0.5727409720420837,0.575139045715332,0.5712392330169678,0.5726786255836487
2025-03-26,0.5733714699745178,0.5763489603996277,0.5718305110931396,0.573309063911438
2025-03-27,0.5718598961830139,0.5756091475486755,0.5718598961830139,0.5718991756439209
2025-03-28,0.5735786557197571,0.5736411809921265,0.5711599588394165,0.5736411809921265
2025-03-30,0.570720911026001,0.5722984671592712,0.5650100111961365,0.570711076259613
2025-03-31,0.5669898390769958,0.5705287456512451,0.5663893222808838,0.5670509338378906
2025-04-01,0.571268618106842,0.5747998952865601,0.5703498125076294,0.571389377117157
2025-04-02,0.5727114081382751,0.5851614475250244,0.5721805691719055,0.5727606415748596
2025-04-03,0.5788711905479431,0.5797504782676697,0.5574602484703064,0.5786601901054382
2025-04-06,0.5550806522369385,0.5644901990890503,0.5522207617759705,0.5541394352912903
2025-04-07,0.5535811185836792,0.5626195669174194,0.5535811185836792,0.553709864616394
2025-04-08,0.5515202879905701,0.5593091249465942,0.549070417881012,0.5518489480018616
2025-04-09,0.5638313889503479,0.5752283334732056,0.5629489421844482,0.5637201070785522
2025-04-10,0.5748084783554077,0.5838802456855774,0.5746598243713379,0.5747886300086975
2025-04-13,0.5839995741844177,0.5892508625984192,0.5832298398017883,0.5836314558982849
2025-04-14,0.5865687131881714,0.5944596529006958,0.5865687131881714,0.5866995453834534
2025-04-15,0.5895392298698425,0.5930987000465393,0.5893099308013916,0.5895496606826782
2025-04-16,0.5936691164970398,0.597321629524231,0.5901198387145996,0.5935387015342712
2025-04-21,0.6000816226005554,0.6029799580574036,0.5983115434646606,0.600009560585022
2025-04-22,0.5961394309997559,0.6008712649345398,0.5961394309997559,0.5960683226585388
2025-04-23,0.595099925994873,0.5991898775100708,0.5943712592124939,0.5952416062355042
2025-04-24,0.598899245262146,0.5999591946601868,0.5950008034706116,0.5987988114356995
2025-04-27,0.5949583649635315,0.5982400178909302,0.5930107831954956,0.5949406027793884
2025-04-28,0.5971397161483765,0.5986410975456238,0.5928103923797607,0.597200334072113
2025-04-29,0.5939194560050964,0.5949299931526184,0.5900087952613831,0.5936691164970398
2025-04-30,0.5937713384628296,0.5951601266860962,0.5895808935165405,0.5938313007354736
2025-05-01,0.5912995934486389,0.5977214574813843,0.5908489227294922,0.5913485288619995
2025-05-04,0.5950114130973816,0.5996605753898621,0.5942406058311462,0.5952097177505493
2025-05-05,0.5961500406265259,0.60055011510849,0.594569206237793,0.5961394309997559
2025-05-06,0.6014711856842041,0.6022391319274902,0.5973501801490784,0.6015110015869141
2025-05-07,0.5939582586288452,0.597550094127655,0.5915689468383789,0.5940182209014893
2025-05-08,0.590130627155304,0.5920312404632568,0.5872783660888672,0.589918315410614
2025-05-11,0.5919016003608704,0.593799889087677,0.5861286520957947,0.5920698046684265
2025-05-12,0.58622145652771,0.5938313007354736,0.584850013256073,0.5861286520957947
2025-05-13,0.5937784314155579,0.5969293713569641,0.5911283493041992,0.593591570854187
2025-05-14,0.5897513031959534,0.5914115309715271,0.5862008333206177,0.5896400213241577
2025-05-15,0.5873197913169861,0.5918000340461731,0.5867098569869995,0.5873715281486511
2025-05-18,0.5887097120285034,0.593330979347229,0.5881211161613464,0.5886993408203125
2025-05-19,0.5930002331733704,0.5932711362838745,0.5895705223083496,0.5930987000465393
2025-05-20,0.59284907579422,0.5965092182159424,0.5925083160400391,0.5927401185035706
2025-05-21,0.5934295654296875,0.5941805839538574,0.5895808935165405,0.5933485627174377
2025-05-22,0.5898904800415039,0.5978394150733948,0.5897408723831177,0.5897617340087891
2025-05-25,0.599268913269043,0.6032490730285645,0.5991611480712891,0.5991683602333069
2025-05-26,0.5995203852653503,0.6007088422775269,0.594219446182251,0.5994700789451599
2025-05-27,0.5949193835258484,0.5979609489440918,0.5924907326698303,0.5948100686073303
2025-05-28,0.5955606698989868,0.5992796421051025,0.5927190184593201,0.5959084630012512
2025-05-29,0.5977214574813843,0.5990606546401978,0.5948910713195801,0.5978608727455139
2025-06-01,0.5976000428199768,0.6039705276489258,0.5976000428199768,0.5973109006881714
2025-06-02,0.6048911213874817,0.6055211424827576,0.5989817380905151,0.6047887206077576
2025-06-03,0.6006006002426147,0.6034602522850037,0.5993514657020569,0.6006113886833191
2025-06-04,0.6026892066001892,0.6080912351608276,0.6026892066001892,0.6027400493621826
2025-06-05,0.604251503944397,0.6053001284599304,0.6007485389709473,0.6042296290397644
2025-06-08,0.6023297905921936,0.6065899729728699,0.6015182137489319,0.6024205088615417
2025-06-09,0.6050412058830261,0.6060000061988831,0.6029199361801147,0.6050887703895569
2025-06-10,0.6060385704040527,0.6064906716346741,0.602558434009552,0.6059100031852722
2025-06-11,0.6037407517433167,0.6072013974189758,0.6006907820701599,0.6036598682403564
2025-06-12,0.6065899729728699,0.6066415309906006,0.5996785759925842,0.6065201163291931
2025-06-15,0.6017897129058838,0.6088094711303711,0.6005393266677856,0.603900134563446
2025-06-16,0.6053488850593567,0.6080210208892822,0.6045584082603455,0.6049203872680664
2025-06-17,0.6020506024360657,0.6049387454986572,0.6017716526985168,0.6019382476806641
2025-06-18,0.6029689908027649,0.6031217575073242,0.5960505604743958,0.6029508709907532
2025-06-19,0.6001500487327576,0.6008604168891907,0.5965412855148315,0.6000816226005554
2025-06-22,0.5963598489761353,0.5965590476989746,0.5884602665901184,0.5962104797363281
2025-06-23,0.599621057510376,0.6041091680526733,0.5989602208137512,0.5995383262634277
2025-06-24,0.601189136505127,0.6040689945220947,0.6011099815368652,0.6011313199996948
2025-06-25,0.6053781509399414,0.6074005365371704,0.6030490398406982,0.6055908203125
2025-06-26,0.6061707735061646,0.6078695058822632,0.6053305268287659,0.6058990359306335
2025-06-29,0.6064208149909973,0.6090801954269409,0.6058182716369629,0.6063987016677856
2025-06-30,0.6091803908348083,0.6121187210083008,0.6078583598136902,0.6092397570610046
2025-07-01,0.6100499629974365,0.610679566860199,0.6051583886146545,0.6100797653198242
2025-07-02,0.6090393662452698,0.609358549118042,0.6032490730285645,0.6089392304420471
2025-07-03,0.6079211831092834,0.6082798838615417,0.6051583886146545,0.608009934425354
2025-07-06,0.6048911213874817,0.6054001450538635,0.5989996790885925,0.6051217317581177
2025-07-07,0.6008893251419067,0.6029689908027649,0.5981111526489258,0.6007810235023499
2025-07-08,0.5993514657020569,0.6014784574508667,0.5977500677108765,0.5993586778640747
2025-07-09,0.5999591946601868,0.6025998592376709,0.5997098684310913,0.5998404622077942
2025-07-10,0.6042004227638245,0.6042004227638245,0.6002184748649597,0.6041712164878845
2025-07-13,0.6008604168891907,0.6016000509262085,0.5972110033035278,0.6006907820701599
2025-07-14,0.5971289873123169,0.6006186604499817,0.5940111875534058,0.5971896052360535
2025-07-15,0.5956884026527405,0.5969614386558533,0.5914010405540466,0.5954294800758362
2025-07-16,0.5945515632629395,0.5945515632629395,0.5908000469207764,0.594590425491333
2025-07-17,0.5945302844047546,0.5991288423538208,0.5943500995635986,0.5944314002990723
2025-07-20,0.5953196287155151,0.598569393157959,0.5940400958061218,0.5952805876731873
2025-07-21,0.5969899892807007,0.600121259689331,0.594219446182251,0.5969614386558533
2025-07-22,0.5999988317489624,0.6047704219818115,0.5995491147041321,0.600009560585022
2025-07-23,0.6048691868782043,0.6060999035835266,0.6037189364433289,0.604781448841095
2025-07-24,0.6037116050720215,0.6039194464683533,0.6000204086303711,0.6037116050720215
2025-07-27,0.6020795702934265,0.6032891273498535,0.5969300866127014,0.6019309759140015
2025-07-28,0.5971896052360535,0.5976715087890625,0.5943995714187622,0.5971896052360535
2025-07-29,0.5957487225532532,0.5971789360046387,0.5910305380821228,0.595461368560791
2025-07-30,0.590761661529541,0.5937501788139343,0.5891189575195312,0.5907686352729797
2025-07-31,0.5887686610221863,0.5929087996482849,0.5857887268066406,0.5888692140579224
2025-08-03,0.5915689468383789,0.5930213332176208,0.5904407501220703,0.5914185047149658
2025-08-04,0.5918490290641785,0.5922591686248779,0.5882595181465149,0.5916984677314758
2025-08-05,0.5908489227294922,0.5938488841056824,0.590569794178009,0.5909292101860046
2025-08-06,0.5928103923797607,0.5966907739639282,0.5924205780029297,0.59284907579422
2025-08-07,0.5970184803009033,0.5971611142158508,0.5949689149856567,0.597011387348175
2025-08-10,0.5948203206062317,0.5959688425064087,0.5926206707954407,0.5949299931526184
2025-08-11,0.5940711498260498,0.5966302156448364,0.5913698673248291,0.5940499901771545
2025-08-12,0.5958516597747803,0.5999001860618591,0.5945699214935303,0.5957806706428528
2025-08-13,0.5980900526046753,0.5991791486740112,0.5913310647010803,0.5981004238128662
2025-08-14,0.592241644859314,0.5939794182777405,0.5909013152122498,0.5921083688735962
2025-08-17,0.5930107831954956,0.5945999622344971,0.5910794138908386,0.5928595662117004
2025-08-18,0.5925188660621643,0.5931092500686646,0.590071439743042,0.5923784375190735
2025-08-19,0.5898904800415039,0.5898904800415039,0.5816083550453186,0.5897687077522278
2025-08-20,0.5828500986099243,0.5832604169845581,0.5812297463417053,0.5828185081481934
2025-08-21,0.5821704268455505,0.5876096487045288,0.5801204442977905,0.5822314620018005
2025-08-24,0.5865501761436462,0.5881384611129761,0.5853601694107056,0.5865412354469299
2025-08-25,0.5849595069885254,0.5865206122398376,0.5829000473022461,0.5849184393882751
2025-08-26,0.586100161075592,0.5861286520957947,0.5819400548934937,0.5858402848243713
2025-08-27,0.5862008333206177,0.5885988473892212,0.5855006575584412,0.5861183404922485
2025-08-28,0.5884201526641846,0.5906291007995605,0.5882698893547058,0.5885087847709656
2025-08-31,0.5897617340087891,0.5915409326553345,0.5890599489212036,0.5896887183189392
2025-09-01,0.5906709432601929,0.5908803939819336,0.5840098261833191,0.5906291007995605
2025-09-02,0.5862695574760437,0.5882595181465149,0.5842998623847961,0.5861698985099792
2025-09-03,0.5882214307785034,0.5889697670936584,0.5834305882453918,0.5881107449531555
2025-09-04,0.5851614475250244,0.5918000340461731,0.5851203799247742,0.5851101279258728
2025-09-07,0.5888310670852661,0.5946292877197266,0.5883495211601257,0.5888698697090149
2025-09-08,0.5945091247558594,0.5960292220115662,0.5927190184593201,0.5945091247558594
2025-09-09,0.5927084684371948,0.5964999794960022,0.5922310948371887,0.5925999879837036
2025-09-10,0.5943712592124939,0.5972716212272644,0.5923503637313843,0.5943783521652222
2025-09-11,0.5978394150733948,0.5978394150733948,0.594208836555481,0.5977801084518433
2025-09-14,0.5956103801727295,0.5972288846969604,0.595099925994873,0.5953408479690552
2025-09-15,0.5968403220176697,0.5983402132987976,0.5956898331642151,0.596911609172821
2025-09-16,0.5989888906478882,0.5990785956382751,0.5968296527862549,0.5989401340484619
2025-09-17,0.5934788584709167,0.593500018119812,0.5873887538909912,0.5934189558029175
2025-09-18,0.5892404317855835,0.5892404317855835,0.5854800939559937,0.5891293883323669
2025-09-21,0.5850416421890259,0.586630642414093,0.5843783617019653,0.5851306319236755
2025-09-22,0.5870094895362854,0.5870094895362854,0.5846790671348572,0.5868799686431885
2025-09-23,0.5857510566711426,0.5865790843963623,0.581040620803833,0.5856995582580566
2025-09-24,0.5817099213600159,0.5831890106201172,0.5771406292915344,0.5816601514816284
2025-09-25,0.5762791633605957,0.5773805379867554,0.5755792856216431,0.5763190388679504
2025-09-28,0.5777207612991333,0.5796294808387756,0.5772005915641785,0.577820897102356
2025-09-29,0.5780915021896362,0.5808111429214478,0.5774805545806885,0.5781516432762146
2025-09-30,0.5796294808387756,0.5831108093261719,0.5787405371665955,0.5795992612838745
2025-10-01,0.5821196436882019,0.5843408107757568,0.5805110931396484,0.5821806192398071
2025-10-02,0.5820010304450989,0.5838802456855774,0.5814700722694397,0.5819502472877502
2025-10-05,0.5825197100639343,0.5842213034629822,0.5811689496040344,0.5824688673019409
2025-10-06,0.5841394662857056,0.5841701626777649,0.5802786350250244,0.5840998888015747
2025-10-07,0.5797807574272156,0.5799387693405151,0.5738815069198608,0.5797706246376038
2025-10-08,0.5784392356872559,0.5808998942375183,0.5738815069198608,0.5783489346504211
2025-10-09,0.5753309726715088,0.5759008526802063,0.5725114345550537,0.5752912163734436
2025-10-12,0.572701632976532,0.574600338935852,0.5720398426055908,0.5726786255836487
2025-10-13,0.5719089508056641,0.5727213025093079,0.5683200359344482,0.5717487335205078
2025-10-14,0.5712196826934814,0.5732301473617554,0.5706915855407715,0.5715000629425049
2025-10-15,0.5714906454086304,0.5755494832992554,0.5714906454086304,0.5716115236282349
2025-10-16,0.5726589560508728,0.5743792653083801,0.5713306069374084,0.572701632976532
2025-10-19,0.5732399821281433,0.5753806233406067,0.5726884603500366,0.5731808543205261
2025-10-20,0.574349582195282,0.575400173664093,0.5711707472801208,0.5744485259056091
2025-10-21,0.574349582195282,0.5761497020721436,0.5738815069198608,0.5742605328559875
2025-10-22,0.5735688209533691,0.5754501819610596,0.5725599527359009,0.5736905336380005
2025-10-23,0.575599193572998,0.576801061630249,0.5739309191703796,0.5755196809768677
2025-10-27,0.5760203003883362,0.5771206021308899,0.5753210186958313,0.5760199427604675
2025-10-28,0.5774505734443665,0.5787907838821411,0.5760102868080139,0.5775506496429443
2025-10-29,0.5783690214157104,0.5802012085914612,0.5773305296897888,0.5783589482307434
2025-10-30,0.5765184164047241,0.5788611769676208,0.5727606415748596,0.5764286518096924
2025-10-31,0.5745805501937866,0.5745805501937866,0.5715298056602478,0.5745310187339783
2025-11-03,0.5723705291748047,0.5731999278068542,0.5693593621253967,0.5722787976264954
2025-11-04,0.5705287456512451,0.5705287456512451,0.5656300187110901,0.5707013010978699
2025-11-05,0.5642703771591187,0.5663508176803589,0.5632089376449585,0.5642401576042175
2025-11-06,0.5667295455932617,0.5670284628868103,0.5626698732376099,0.566899836063385
2025-11-07,0.5639394521713257,0.5641000866889954,0.5607612729072571,0.5639013051986694
2025-11-10,0.5628190636634827,0.5650994181632996,0.562239944934845,0.5627208352088928
2025-11-11,0.5643914341926575,0.5669512748718262,0.5632498860359192,0.5643786787986755
2025-11-12,0.5655788779258728,0.5667295455932617,0.5646910071372986,0.5657292604446411
2025-11-13,0.5662513971328735,0.5683303475379944,0.5636089444160461,0.566228985786438
2025-11-14,0.565038800239563,0.5692200064659119,0.5647292733192444,0.5650898814201355
2025-11-17,0.5675111413002014,0.5689706206321716,0.5658797025680542,0.5676302909851074
2025-11-18,0.565300703048706,0.5676999092102051,0.5639712810516357,0.5654797554016113
2025-11-19,0.5659501552581787,0.5659501552581787,0.5597912669181824,0.5659213662147522
2025-11-20,0.561561107635498,0.5638599991798401,0.5596503615379333,0.5614413619041443
2025-11-21,0.559090256690979,0.5609909296035767,0.5584189891815186,0.5591809153556824
2025-11-24,0.5613183975219727,0.5615390539169312,0.5596785545349121,0.5613183975219727
2025-11-25,0.5612396597862244,0.562239944934845,0.5593310594558716,0.561381459236145
2025-11-26,0.5626195669174194,0.5695701241493225,0.5624392032623291,0.5624499320983887
2025-11-27,0.5705287456512451,0.5732399821281433,0.5705287456512451,0.5707000494003296
2025-11-28,0.5730100870132446,0.5744485259056091,0.5705001354217529,0.5731000304222107
2025-12-01,0.5737004280090332,0.575168788433075,0.572659969329834,0.5736411809921265
2025-12-02,0.5726392865180969,0.5744914412498474,0.5712294578552246,0.572619616985321
2025-12-03,0.5742308497428894,0.5771805644035339,0.5736312866210938,0.574079155921936
2025-12-04,0.5773905515670776,0.5779411196708679,0.5760302543640137,0.5774205327033997
2025-12-05,0.5760401487350464,0.5787506103515625,0.5760203003883362,0.5759804248809814
2025-12-08,0.5775706171989441,0.5794998407363892,0.5759598612785339,0.5775999426841736
2025-12-09,0.5776807069778442,0.5795388221740723,0.5769008994102478,0.5776100158691406
2025-12-10,0.577991247177124,0.5790187120437622,0.5762293934822083,0.5779501795768738
2025-12-11,0.5816895365715027,0.583219587802887,0.578978419303894,0.5817199945449829
2025-12-12,0.581040620803833,0.5821399688720703,0.5789114236831665,0.5809191465377808
2025-12-15,0.5802315473556519,0.5811001062393188,0.5767212510108948,0.5802315473556519
2025-12-16,0.5786300301551819,0.5806189179420471,0.5759804248809814,0.5786099433898926
2025-12-17,0.5787000060081482,0.5794615745544434,0.5768609642982483,0.5785999298095703
2025-12-18,0.5769807696342468,0.5788611769676208,0.5755792856216431,0.5772998332977295
2025-12-19,0.5775806307792664,0.5784001350402832,0.5737201571464539,0.5776106715202332
2025-12-22,0.5757085680961609,0.5800497531890869,0.5757085680961609,0.57548987865448
2025-12-23,0.5796496272087097,0.584399938583374,0.5796496272087097,0.5797706246376038
2025-12-24,0.5843783617019653,0.5853293538093567,0.5833590626716614,0.5842998623847961
2025-12-26,0.5835906267166138,0.5842896103858948,0.581889271736145,0.5836417078971863
2025-12-29,0.5827913284301758,0.5833999514579773,0.5791192650794983,0.582610011100769
2025-12-30,0.580851674079895,0.5820416808128357,0.579109251499176,0.5808698534965515
2025-12-31,0.5791394114494324,0.5793004035949707,0.5741615891456604,0.5791494250297546
2026-01-02,0.5758312344551086,0.577820897102356,0.5752416253089905,0.5757914185523987
2026-01-05,0.5755892395973206,0.5791293382644653,0.5742902159690857,0.5755594372749329
2026-01-06,0.5787304639816284,0.5810507535934448,0.5770007371902466,0.5786300301551819
2026-01-07,0.5782385468482971,0.5794998407363892,0.5775206089019775,0.5781984925270081
2026-01-08,0.5774505734443665,0.5774805545806885,0.5739111304283142,0.5773905515670776
2026-01-09,0.5750199556350708,0.5750199556350708,0.5712490081787109,0.5750893950462341
2026-01-12,0.5729509592056274,0.5769608020782471,0.5727902054786682,0.572980523109436
2026-01-13,0.5773305296897888,0.578121542930603,0.5736312866210938,0.5773205757141113
2026-01-14,0.5739408135414124,0.5756489038467407,0.5731710195541382,0.5739309191703796
2026-01-15,0.5743297338485718,0.575400173664093,0.5727213025093079,0.5744815468788147
2026-01-16,0.5745013356208801,0.5768309831619263,0.5742802619934082,0.5743601322174072
2026-01-19,0.5764685869216919,0.5797998905181885,0.5755792856216431,0.5763389468193054
2026-01-20,0.5793507695198059,0.5851683020591736,0.5789985656738281,0.5793507695198059
2026-01-21,0.5827298760414124,0.5866891741752625,0.5822416543960571,0.5827301740646362
2026-01-22,0.5837711691856384,0.5904407501220703,0.5837609171867371,0.5838188529014587
2026-01-23,0.5916914343833923,0.593250036239624,0.5893203616142273,0.5916704535484314
2026-01-26,0.5960292220115662,0.5996893644332886,0.5954294800758362,0.596039891242981
2026-01-27,0.5969685912132263,0.602279007434845,0.5956387519836426,0.5970701575279236
2026-01-28,0.6029689908027649,0.6044487357139587,0.6009904146194458,0.6027800440788269
2026-01-29,0.6063803434371948,0.6093288064002991,0.6025112867355347,0.6065311431884766
2026-01-30,0.6077808141708374,0.6080394983291626,0.6033182144165039,0.6075703501701355
2026-02-02,0.6013482213020325,0.6034311056137085,0.5992186069488525,0.6014494895935059
2026-02-03,0.6013012528419495,0.6058109402656555,0.600719690322876,0.6010915637016296
2026-02-04,0.6041310429573059,0.6049387454986572,0.5993191599845886,0.6042186617851257
2026-02-05,0.5998188257217407,0.6009507179260254,0.5970006585121155,0.5998188257217407
2026-02-06,0.5938912630081177,0.602380633354187,0.5929404497146606,0.5938912630081177
2026-02-09,0.6031508445739746,0.6056788563728333,0.5999196171760559,0.6032381653785706
2026-02-10,0.6053415536880493,0.6062002182006836,0.6034383773803711,0.605279266834259
2026-02-11,0.6041200757026672,0.607389509677887,0.6031908988952637,0.6041712164878845
2026-02-12,0.604880154132843,0.6076515913009644,0.6037699580192566,0.6048911213874817
2026-02-13,0.6032090783119202,0.6044816374778748,0.6016702651977539,0.6032600402832031
2026-02-16,0.6033291816711426,0.604999840259552,0.6028999090194702,0.6033801436424255
2026-02-17,0.6032381653785706,0.6050814390182495,0.6006510853767395,0.6032018065452576
2026-02-18,0.604880154132843,0.6050814390182495,0.5978894829750061,0.6048911213874817
2026-02-19,0.5967797636985779,0.5991288423538208,0.5948203206062317,0.5967797636985779
2026-02-20,0.5971896052360535,0.5985407829284668,0.5939688086509705,0.5971004962921143
2026-02-23,0.6000816226005554,0.6002401113510132,0.5958197116851807,0.6003986597061157
2026-02-24,0.5960612297058105,0.5973715782165527,0.5943698883056641,0.596039891242981
2026-02-25,0.5964701175689697,0.5993514657020569,0.596039891242981,0.5965590476989746
2026-02-26,0.6000816226005554,0.6013193130493164,0.5960185527801514,0.6000888347625732
2026-02-27,0.5980789661407471,0.6004599332809448,0.5971789360046387,0.5980217456817627
2026-03-02,0.5958090424537659,0.5995383262634277,0.591821014881134,0.595770001411438
2026-03-03,0.5947991013526917,0.5956209897994995,0.5838291049003601,0.5948804616928101
2026-03-04,0.5887686610221863,0.5935211181640625,0.58622145652771,0.5889108180999756
2026-03-05,0.593679666519165,0.5948415398597717,0.5875509977340698,0.5937607288360596
2026-03-06,0.5896713137626648,0.59163898229599,0.5859397649765015,0.5897687077522278
2026-03-09,0.5852094292640686,0.592210054397583,0.5851888656616211,0.5850211381912231
2026-03-10,0.5926593542098999,0.5961891412734985,0.5908300876617432,0.5927084684371948
2026-03-11,0.5926382541656494,0.59486985206604,0.5908594131469727,0.5924416184425354
2026-03-12,0.5895287990570068,0.5914605259895325,0.5856412649154663,0.5895600914955139
2026-03-13,0.585411548614502,0.5862386226654053,0.580329179763794,0.5852998495101929
2026-03-16,0.5798614025115967,0.5858299732208252,0.5796698331832886,0.5797303318977356
2026-03-17,0.585260808467865,0.5865206122398376,0.5817999243736267,0.5853704214096069
2026-03-18,0.5858398675918579,0.5873404741287231,0.5815407037734985,0.585919201374054
2026-03-19,0.5794783234596252,0.5850399136543274,0.5794783234596252,0.5795589685440063
2026-03-20,0.5868716835975647,0.5892091989517212,0.5831992030143738,0.5868303775787354
2026-03-23,0.583450973033905,0.5886196494102478,0.5763887763023376,0.5831209421157837
2026-03-24,0.585490345954895,0.5859913229942322,0.5813885927200317,0.5853601694107056
2026-03-25,0.5836689472198486,0.5843510627746582,0.5807605981826782,0.5838086605072021
2026-03-26,0.5807403326034546,0.5809394121170044,0.5772398710250854,0.5806391835212708
2026-03-27,0.5762101411819458,0.5778610110282898,0.5750795006752014,0.5761796236038208
2026-03-29,0.57282954454422,0.5750100612640381,0.5700896978378296,0.5727902054786682
2026-03-30,0.5717389583587646,0.5737004280090332,0.5701709389686584,0.5717389583587646
2026-03-31,0.5753706693649292,0.5777808427810669,0.5731710195541382,0.5756091475486755
2026-04-01,0.5749803185462952,0.5756787061691284,0.5701189637184143,0.5750100612640381
2026-04-02,0.5719383955001831,0.572300136089325,0.5694501399993896,0.5717801451683044
2026-04-05,0.5687699913978577,0.5728984475135803,0.5687699913978577,0.5686697363853455
2026-04-06,0.5713502168655396,0.5722395181655884,0.5691292881965637,0.5714514255523682
2026-04-07,0.581300675868988,0.5858814120292664,0.5786601901054382,0.5809292793273926
2026-04-08,0.5826385021209717,0.5869612097740173,0.5817911028862,0.5825400948524475
2026-04-09,0.5851614475250244,0.5869715809822083,0.5833600759506226,0.585048496723175
2026-04-12,0.5802988409996033,0.5848910808563232,0.5801911354064941,0.5804302096366882
2026-04-13,0.5869991183280945,0.5920803546905518,0.5857990384101868,0.5871990919113159
2026-04-14,0.5904512405395508,0.5912611484527588,0.5892890691757202,0.5903501510620117
2026-04-15,0.5913205742835999,0.5922696590423584,0.5883806943893433,0.5912192463874817
2026-04-16,0.5885607600212097,0.5929685831069946,0.5881211161613464,0.5886092185974121
2026-04-19,0.5866203904151917,0.5896191596984863,0.5864483118057251,0.5865206122398376
2026-04-20,0.5908105373382568,0.5921399593353271,0.5897095799446106,0.590639591217041
2026-04-21,0.5901097655296326,0.5923398733139038,0.5899704694747925,0.5898104310035706
2026-04-22,0.5905104875564575,0.5910095572471619,0.5869888067245483,0.5905802845954895
2026-04-23,0.5856207013130188,0.5881314873695374,0.5841497182846069,0.5853807330131531
2026-04-26,0.5870715379714966,0.5924205780029297,0.5870715379714966,0.5870887637138367
2026-04-27,0.5913485288619995,0.5918490290641785,0.5867304801940918,0.5912611484527588
2026-04-28,0.5891501903533936,0.5892196297645569,0.583168625831604,0.588841438293457
2026-04-29,0.5840098261833191,0.5895113945007324,0.5822992920875549,0.584050714969635
2026-04-30,0.5907198190689087,0.5925012826919556,0.5887599587440491,0.5906988978385925
2026-05-03,0.590569794178009,0.5927084684371948,0.5870198011398315,0.5906500220298767
2026-05-04,0.5872507691383362,0.5906500220298767,0.5858608484268188,0.58724045753479
2026-05-05,0.590238630771637,0.5990283489227295,0.590238630771637,0.5903292298316956
2026-05-06,0.5954117774963379,0.5984190106391907,0.5951601266860962,0.5953586101531982
2026-05-07,0.5939194560050964,0.5969793200492859,0.5932887196540833,0.5938488841056824
2026-05-10,0.5950008034706116,0.5969507694244385,0.5940005779266357,0.5950397253036499
2026-05-11,0.5962993502616882,0.5964985489845276,0.5935493111610413,0.5965298414230347
2026-05-12,0.5953692197799683,0.5966694355010986,0.5921399593353271,0.5952416062355042
2026-05-13,0.5931701064109802,0.5942582488059998,0.5919016003608704,0.5931690335273743
2026-05-14,0.5904616713523865,0.5904791355133057,0.5838291049003601,0.5903501510620117
2026-05-17,0.5834101438522339,0.5881487727165222,0.5824484825134277,0.5832604169845581
2026-05-18,0.5874784588813782,0.5874784588813782,0.5818486213684082,0.5874301791191101
2026-05-19,0.583039402961731,0.5886889100074768,0.5816388130187988,0.5833386778831482
2026-05-20,0.5868200063705444,0.58749920129776,0.5847610831260681,0.5868303775787354
2026-05-21,0.5876407623291016,0.5878791213035583,0.5846209526062012,0.5878514647483826
2026-05-24,0.5873508453369141,0.5882595181465149,0.5863795876502991,0.5873000621795654
2026-05-25,0.586149275302887,0.5861905217170715,0.5834612250328064,0.5862111449241638
2026-05-26,0.5844193696975708,0.5911807417869568,0.5838802456855774,0.5842486619949341
2026-05-27,0.5892890691757202,0.5931585431098938,0.5865309238433838,0.5892404317855835
2026-05-28,0.5945409536361694,0.5994592905044556,0.5943889617919922,0.594569206237793
2026-05-31,0.5980503559112549,0.5981684327125549,0.5912611484527588,0.5981684327125549
2026-06-01,0.5936092138290405,0.594611644744873,0.5919892191886902,0.5935704112052917
2026-06-02,0.5922206044197083,0.5936092138290405,0.5867993831634521,0.5922486186027527
2026-06-03,0.5871094465255737,0.5887616872787476,0.5863383412361145,0.5871197581291199
2026-06-04,0.5870094895362854,0.5884984135627747,0.5807909369468689,0.5869888067245483
2026-06-07,0.5796093344688416,0.5836893916130066,0.5790689587593079,0.5796698331832886
2026-06-08,0.5803190469741821,0.5848192572593689,0.5800295472145081,0.5803594589233398
2026-06-09,0.5809394121170044,0.5832706093788147,0.5802112817764282,0.5807504653930664
2026-06-10,0.5797504782676697,0.5807706713676453,0.5771505832672119,0.5794313549995422
2026-06-11,0.5830291509628296,0.5839791297912598,0.581250011920929,0.5832808613777161
2026-06-14,0.5856412649154663,0.5863795876502991,0.5834799408912659,0.585538387298584
2026-06-15,0.5827403664588928,0.5842998623847961,0.5797303318977356,0.5827913284301758
2026-06-16,0.5830087661743164,0.5835906267166138,0.5808300375938416,0.5831209421157837
2026-06-17,0.5779210925102234,0.5799791216850281,0.5756389498710632,0.5774805545806885
2026-06-18,0.5757383704185486,0.5763289928436279,0.5724294781684875,0.57548987865448
2026-06-21,0.5735589265823364,0.5740890502929688,0.5719809532165527,0.5734602212905884
2026-06-22,0.5710011124610901,0.5710011124610901,0.5669191479682922,0.5711707472801208
2026-06-23,0.5666492581367493,0.567041277885437,0.5632184743881226,0.5664695501327515
2026-06-24,0.5642799735069275,0.5658605098724365,0.5635008811950684,0.5644615292549133
2026-06-25,0.5645092725753784,0.5658189058303833,0.5627588629722595,0.5643309354782104
2026-06-28,0.5639013051986694,0.5658989548683167,0.5632914304733276,0.5640698671340942
2026-06-29,0.565038800239563,0.5691292881965637,0.5641908049583435,0.5651313662528992
2026-06-30,0.567520797252655,0.5690191388130188,0.5658989548683167,0.5675304532051086
2026-07-01,0.5676100254058838,0.5717814564704895,0.5669094920158386,0.5675497651100159
2026-07-02,0.5693593621253967,0.5727606415748596,0.5690800547599792,0.5692912936210632
2026-07-05,0.5699986815452576,0.570431113243103,0.5678011178970337,0.5706000924110413
2026-07-06,0.5701384544372559,0.570711076259613,0.5683400630950928,0.5701611638069153
2026-07-07,0.5674209594726562,0.5720692873001099,0.5674209594726562,0.567659318447113
2026-07-08,0.5716310739517212,0.576159656047821,0.5716310739517212,0.5715788006782532
2026-07-09,0.5762393474578857,0.5793306231498718,0.5759207606315613,0.5762293934822083
2026-07-12,0.5758312344551086,0.5789315104484558,0.5749505758285522,0.5758709907531738
2026-07-13,0.5764585733413696,0.5841087102890015,0.5759904384613037,0.5763389468193054
2026-07-14,0.5813784599304199,0.5842384099960327,0.581040620803833,0.5813513994216919
2026-07-15,0.5849013924598694,0.585871160030365,0.5834799408912659,0.5847799181938171
2026-07-16,0.5842794179916382,0.5849390029907227,0.5826486945152283,0.5841804146766663
2026-07-19,0.5838086605072021,0.5863314270973206,0.5837984681129456,0.5839995741844177
2026-07-20,0.5853087306022644,0.5873301029205322,0.5824382901191711,0.5852916240692139
2026-07-21,0.5824891924858093,0.5834305882453918,0.581250011920929,0.5826215744018555
2026-07-22,0.581469714641571,0.5823908448219299,0.5763688683509827,0.581429123878479
2026-07-23,0.5774305462837219,0.5803594589233398,0.5773405432701111,0.5774105191230774
2026-07-26,0.5801911354064941,0.581030547618866,0.5778610110282898,0.5798513293266296
2026-07-27,0.5769109129905701,0.5797706246376038,0.5762991309165955,0.5770406723022461
2026-07-28,0.578081488609314,0.5795286893844604,0.5768110156059265,0.5782185196876526
2026-07-29,0.5803897976875305,0.5879309177398682,0.5795286893844604,0.5802584886550903
2026-07-30,0.5875198841094971,0.5888795852661133,0.5850690007209778,0.5875406265258789
2026-08-02,0.5897408723831177,0.5908489227294922,0.5862592458724976,0.5898382663726807
2026-08-03,0.5867201685905457,0.5895183682441711,0.5863108038902283,0.5866995453834534
2026-08-04,0.5876303911209106,0.5886889100074768,0.5860908627510071,0.5876303911209106
2026-08-05,0.5886611938476562,0.5895705223083496,0.5865309238433838,0.5887513160705566
2026-08-06,0.5867511630058289,0.5906813740730286,0.5863201022148132,0.5868303775787354
2026-08-09,0.5887513160705566,0.5900400876998901,0.5879896879196167,0.5887998342514038
2026-08-10,0.5888206362724304,0.5894801616668701,0.5869302153587341,0.5888206362724304
2026-08-11,0.5879517197608948,0.5885815024375916,0.5856995582580566,0.5880000591278076
2026-08-12,0.5859913229942322,0.5864002108573914,0.5822992920875549,0.5861115455627441
2026-08-13,0.585411548614502,0.5899113416671753,0.585411548614502,0.5854492783546448
2026-08-16,0.5894002318382263,0.5925890803337097,0.5894002318382263,0.5890911817550659
2026-08-17,0.5906398892402649,0.5908803939819336,0.5872901082038879,0.5905907154083252
2026-08-18,0.5872094035148621,0.5938594937324524,0.5861905217170715,0.5872901082038879
2026-08-19,0.5936197638511658,0.5964807868003845,0.5934189558029175,0.5935810208320618
2026-08-20,0.5954897403717041,0.5988813042640686,0.5952309966087341,0.5954011082649231
2026-08-23,0.5978100895881653,0.598329484462738,0.5955997109413147,0.5977500677108765
2026-08-24,0.5966907739639282,0.5974893569946289,0.594749927520752,0.5966017842292786
2026-08-25,0.5975893139839172,0.5978394150733948,0.5933802127838135,0.5976000428199768
2026-08-26,0.5947991013526917,0.5957806706428528,0.5937995314598083,0.5948415398597717
2026-08-27,0.595528781414032,0.5966587066650391,0.5913416147232056,0.5954897403717041
2026-08-31,0.5914709568023682,0.5924872159957886,0.5903884768486023,0.591750979423523
