date,open,high,low,close
2016-08-31,683.4000244140625,687.7000122070312,668.2999877929688,668.7000122070312
2016-09-01,674.0,674.0,661.25,661.25
2016-09-02,669.2999877929688,674.2000122070312,669.2999877929688,674.2000122070312
2016-09-06,679.5499877929688,701.2000122070312,679.5499877929688,701.2000122070312
2016-09-07,701.0,708.9500122070312,688.0999755859375,688.0999755859375
2016-09-08,695.5499877929688,695.5499877929688,684.9000244140625,687.7999877929688
2016-09-09,678.5,679.4500122070312,678.5,679.4500122070312
2016-09-12,678.75,678.75,656.7000122070312,656.7000122070312
2016-09-13,665.5499877929688,669.7000122070312,656.0999755859375,656.0999755859375
2016-09-14,656.5,656.5,656.5,656.5
2016-09-15,656.5999755859375,656.5999755859375,656.5999755859375,656.5999755859375
2016-09-16,672.8499755859375,672.8499755859375,672.8499755859375,672.8499755859375
2016-09-19,686.7000122070312,686.7000122070312,686.7000122070312,686.7000122070312
2016-09-20,683.9500122070312,683.9500122070312,683.9500122070312,683.9500122070312
2016-09-21,684.25,684.25,684.25,684.25
2016-09-22,695.6500244140625,701.0,691.4500122070312,701.0
2016-09-23,703.2999877929688,706.4000244140625,702.9500122070312,706.4000244140625
2016-09-26,696.0499877929688,696.0499877929688,696.0499877929688,696.0499877929688
2016-09-27,701.4000244140625,701.4000244140625,700.1500244140625,700.1500244140625
2016-09-28,710.0,713.5,710.0,713.5
2016-09-29,718.5,718.5,718.5,718.5
2016-09-30,720.5,720.5,720.5,720.5
2016-10-03,710.75,710.75,710.75,710.75
2016-10-04,704.0,704.0,698.5,698.5
2016-10-05,674.5499877929688,674.5499877929688,674.5499877929688,674.5499877929688
2016-10-06,665.0999755859375,665.0999755859375,665.0999755859375,665.0999755859375
2016-10-07,666.3499755859375,666.3499755859375,666.3499755859375,666.3499755859375
2016-10-11,647.0999755859375,647.0999755859375,647.0999755859375,647.0999755859375
2016-10-12,648.0499877929688,648.0499877929688,648.0499877929688,648.0499877929688
2016-10-13,635.7999877929688,635.7999877929688,635.7999877929688,635.7999877929688
2016-10-14,647.25,647.25,647.25,647.25
2016-10-17,636.75,636.75,636.75,636.75
2016-10-18,638.3499755859375,638.3499755859375,638.3499755859375,638.3499755859375
2016-10-19,634.4500122070312,634.4500122070312,634.4500122070312,634.4500122070312
2016-10-20,631.7999877929688,631.7999877929688,631.7999877929688,631.7999877929688
2016-10-21,619.7000122070312,619.7000122070312,619.7000122070312,619.7000122070312
2016-10-24,629.7000122070312,629.7000122070312,629.7000122070312,629.7000122070312
2016-10-25,633.7999877929688,633.7999877929688,633.7999877929688,633.7999877929688
2016-10-26,619.9000244140625,619.9000244140625,619.9000244140625,619.9000244140625
2016-10-27,612.1500244140625,612.1500244140625,612.1500244140625,612.1500244140625
2016-10-28,615.7999877929688,615.7999877929688,615.7999877929688,615.7999877929688
2016-10-31,617.4500122070312,617.4500122070312,617.4500122070312,617.4500122070312
2016-11-01,633.5499877929688,633.5499877929688,633.5499877929688,633.5499877929688
2016-11-02,630.4000244140625,633.9500122070312,628.75,633.9500122070312
2016-11-03,617.0499877929688,617.0499877929688,617.0499877929688,617.0499877929688
2016-11-04,624.25,624.25,624.25,624.25
2016-11-07,655.8499755859375,655.8499755859375,655.8499755859375,655.8499755859375
2016-11-08,664.9500122070312,664.9500122070312,664.9500122070312,664.9500122070312
2016-11-09,680.9000244140625,680.9000244140625,680.9000244140625,680.9000244140625
2016-11-10,695.9500122070312,695.9500122070312,695.9500122070312,695.9500122070312
2016-11-14,697.1500244140625,697.1500244140625,697.1500244140625,697.1500244140625
2016-11-15,700.0,705.4000244140625,700.0,705.4000244140625
2016-11-16,718.25,718.25,718.25,718.25
2016-11-17,729.0999755859375,729.0999755859375,729.0999755859375,729.0999755859375
2016-11-18,727.25,727.25,727.25,727.25
2016-11-21,726.0,726.0,726.0,726.0
2016-11-22,743.7000122070312,743.7000122070312,743.7000122070312,743.7000122070312
2016-11-23,736.8499755859375,736.8499755859375,736.8499755859375,736.8499755859375
2016-11-25,740.5,740.5,740.5,740.5
2016-11-28,755.7999877929688,755.7999877929688,755.7999877929688,755.7999877929688
2016-11-29,755.5499877929688,766.0,754.0,763.6500244140625
2016-11-30,763.7000122070312,774.75,763.25,771.6500244140625
2016-12-01,775.7000122070312,775.7000122070312,747.5,751.0
2016-12-02,755.4000244140625,755.4000244140625,738.9500122070312,744.7999877929688
2016-12-05,729.0,745.9500122070312,729.0,745.9500122070312
2016-12-06,746.75,746.9500122070312,733.5999755859375,734.5499877929688
2016-12-07,735.4500122070312,735.4500122070312,733.0,733.0
2016-12-08,736.5,739.2999877929688,726.5999755859375,739.2999877929688
2016-12-09,735.1500244140625,735.1500244140625,735.1500244140625,735.1500244140625
2016-12-12,727.3499755859375,727.3499755859375,727.3499755859375,727.3499755859375
2016-12-13,729.5999755859375,729.5999755859375,729.5999755859375,729.5999755859375
2016-12-14,731.5499877929688,731.5499877929688,731.5499877929688,731.5499877929688
2016-12-15,723.0,725.5499877929688,706.2999877929688,706.2999877929688
2016-12-16,686.0,697.9000244140625,681.0,697.9000244140625
2016-12-19,679.3499755859375,679.3499755859375,679.3499755859375,679.3499755859375
2016-12-20,671.3499755859375,671.3499755859375,671.3499755859375,671.3499755859375
2016-12-21,660.4000244140625,660.4000244140625,660.4000244140625,660.4000244140625
2016-12-22,657.0999755859375,657.0999755859375,657.0999755859375,657.0999755859375
2016-12-23,655.3499755859375,655.3499755859375,655.3499755859375,655.3499755859375
2016-12-27,660.9000244140625,676.0,659.0999755859375,674.2999877929688
2016-12-28,667.2999877929688,667.3499755859375,667.2999877929688,667.3499755859375
2016-12-29,675.0499877929688,675.0499877929688,675.0499877929688,675.0499877929688
2016-12-30,682.6500244140625,682.6500244140625,682.6500244140625,682.6500244140625
2017-01-03,709.2999877929688,709.2999877929688,709.2999877929688,709.2999877929688
2017-01-04,738.2000122070312,738.2000122070312,738.2000122070312,738.2000122070312
2017-01-05,740.1500244140625,740.1500244140625,737.5999755859375,737.5999755859375
2017-01-06,757.75,757.75,757.75,757.75
2017-01-09,756.5499877929688,756.5499877929688,756.5499877929688,756.5499877929688
2017-01-10,764.6500244140625,764.6500244140625,764.6500244140625,764.6500244140625
2017-01-11,753.2999877929688,753.2999877929688,753.2999877929688,753.2999877929688
2017-01-12,764.6500244140625,764.6500244140625,764.6500244140625,764.6500244140625
2017-01-13,748.5499877929688,748.5499877929688,748.5499877929688,748.5499877929688
2017-01-17,747.4000244140625,754.2999877929688,747.4000244140625,752.4000244140625
2017-01-18,750.4000244140625,750.4000244140625,750.4000244140625,750.4000244140625
2017-01-19,750.5499877929688,750.5499877929688,750.5499877929688,750.5499877929688
2017-01-20,787.7999877929688,787.7999877929688,787.7999877929688,787.7999877929688
2017-01-23,770.9000244140625,770.9000244140625,770.9000244140625,770.9000244140625
2017-01-24,795.25,795.25,795.25,795.25
2017-01-25,735.5,735.5,735.5,735.5
2017-01-26,723.8499755859375,723.8499755859375,723.8499755859375,723.8499755859375
2017-01-27,738.0,738.0,738.0,738.0
2017-01-30,738.5,738.5,738.5,738.5
2017-01-31,754.3499755859375,754.3499755859375,754.3499755859375,754.3499755859375
2017-02-01,762.9500122070312,762.9500122070312,762.9500122070312,762.9500122070312
2017-02-02,759.0999755859375,759.0999755859375,759.0999755859375,759.0999755859375
2017-02-03,749.0499877929688,749.0499877929688,749.0499877929688,749.0499877929688
2017-02-06,774.3499755859375,774.3499755859375,774.3499755859375,774.3499755859375
2017-02-07,764.5,764.5,764.5,764.5
2017-02-08,769.7999877929688,769.7999877929688,769.7999877929688,769.7999877929688
2017-02-09,772.5999755859375,772.5999755859375,772.5999755859375,772.5999755859375
2017-02-10,783.1500244140625,783.1500244140625,783.1500244140625,783.1500244140625
2017-02-13,775.0,775.0,775.0,775.0
2017-02-14,780.9500122070312,780.9500122070312,780.9500122070312,780.9500122070312
2017-02-15,784.5,787.0,784.5,786.25
2017-02-16,793.3499755859375,793.3499755859375,793.3499755859375,793.3499755859375
2017-02-17,779.25,779.25,779.25,779.25
2017-02-21,778.8499755859375,778.8499755859375,778.8499755859375,778.8499755859375
2017-02-22,769.0999755859375,769.0999755859375,769.0999755859375,769.0999755859375
2017-02-23,773.3499755859375,773.3499755859375,773.3499755859375,773.3499755859375
2017-02-24,771.7000122070312,771.7000122070312,771.7000122070312,771.7000122070312
2017-02-27,772.2000122070312,788.0,768.7999877929688,784.0499877929688
2017-02-28,783.2000122070312,785.75,768.0,770.7000122070312
2017-03-01,771.5,778.0499877929688,770.2999877929688,778.0499877929688
2017-03-02,774.0,776.4000244140625,767.0,769.25
2017-03-03,770.4500122070312,770.4500122070312,759.0,767.8499755859375
2017-03-06,772.3499755859375,774.0,767.2999877929688,774.0
2017-03-07,773.9000244140625,776.75,773.9000244140625,776.75
2017-03-08,771.4500122070312,774.0,770.0499877929688,772.4000244140625
2017-03-09,773.75,773.75,748.9000244140625,748.9000244140625
2017-03-10,753.0,753.0,746.0,746.0
2017-03-13,755.5,755.5,755.2999877929688,755.2999877929688
2017-03-14,750.3499755859375,750.3499755859375,742.6500244140625,742.6500244140625
2017-03-15,744.4000244140625,763.2999877929688,744.4000244140625,747.4500122070312
2017-03-16,775.6500244140625,775.6500244140625,768.6500244140625,768.6500244140625
2017-03-17,776.8499755859375,777.7999877929688,776.7999877929688,777.7999877929688
2017-03-20,783.6500244140625,783.6500244140625,783.6500244140625,783.6500244140625
2017-03-21,789.6500244140625,789.6500244140625,789.6500244140625,789.6500244140625
2017-03-22,788.2999877929688,791.4500122070312,788.2999877929688,791.4500122070312
2017-03-23,801.9000244140625,801.9000244140625,801.9000244140625,801.9000244140625
2017-03-24,815.0999755859375,815.0999755859375,815.0999755859375,815.0999755859375
2017-03-27,814.4500122070312,814.4500122070312,798.4000244140625,798.4500122070312
2017-03-28,792.0,796.5,789.5499877929688,794.5999755859375
2017-03-29,791.8499755859375,792.5,791.8499755859375,792.2000122070312
2017-03-30,788.0,803.4500122070312,788.0,797.5
2017-03-31,798.1500244140625,798.1500244140625,798.1500244140625,798.1500244140625
2017-04-03,802.5499877929688,802.5499877929688,802.5499877929688,802.5499877929688
2017-04-04,806.9500122070312,806.9500122070312,806.9500122070312,806.9500122070312
2017-04-05,807.75,807.75,807.75,807.75
2017-04-06,803.9500122070312,806.9500122070312,803.9500122070312,803.9500122070312
2017-04-07,803.5499877929688,803.5499877929688,803.5499877929688,803.5499877929688
2017-04-10,789.8499755859375,789.8499755859375,789.8499755859375,789.8499755859375
2017-04-11,802.9500122070312,802.9500122070312,802.9500122070312,802.9500122070312
2017-04-12,797.0,797.0,796.1500244140625,796.1500244140625
2017-04-13,795.75,795.75,795.75,795.75
2017-04-17,788.4000244140625,788.4000244140625,788.4000244140625,788.4000244140625
2017-04-18,770.8499755859375,770.8499755859375,770.8499755859375,770.8499755859375
2017-04-19,775.4500122070312,775.4500122070312,775.4500122070312,775.4500122070312
2017-04-20,802.75,802.75,802.75,802.75
2017-04-21,790.5999755859375,790.5999755859375,790.5999755859375,790.5999755859375
2017-04-24,795.2999877929688,795.2999877929688,795.2999877929688,795.2999877929688
2017-04-25,796.5,796.5,796.5,796.5
2017-04-26,805.0,805.0,805.0,805.0
2017-04-27,812.8499755859375,812.8499755859375,812.8499755859375,812.8499755859375
2017-04-28,826.5499877929688,826.5499877929688,826.5499877929688,826.5499877929688
2017-05-01,814.2999877929688,814.2999877929688,814.2999877929688,814.2999877929688
2017-05-02,813.4500122070312,813.4500122070312,813.4500122070312,813.4500122070312
2017-05-03,799.1500244140625,799.1500244140625,799.1500244140625,799.1500244140625
2017-05-04,800.5,800.5,800.5,800.5
2017-05-05,812.9000244140625,812.9000244140625,812.9000244140625,812.9000244140625
2017-05-08,805.4000244140625,805.4000244140625,805.4000244140625,805.4000244140625
2017-05-09,793.4500122070312,793.4500122070312,793.4500122070312,793.4500122070312
2017-05-10,799.2000122070312,799.2000122070312,799.2000122070312,799.2000122070312
2017-05-11,798.7999877929688,798.7999877929688,798.7999877929688,798.7999877929688
2017-05-12,803.3499755859375,803.3499755859375,803.3499755859375,803.3499755859375
2017-05-15,796.8499755859375,796.8499755859375,796.8499755859375,796.8499755859375
2017-05-16,791.8499755859375,791.8499755859375,791.8499755859375,791.8499755859375
2017-05-17,776.8499755859375,776.8499755859375,776.8499755859375,776.8499755859375
2017-05-18,765.2999877929688,765.2999877929688,765.2999877929688,765.2999877929688
2017-05-19,760.5499877929688,760.5499877929688,760.5499877929688,760.5499877929688
2017-05-22,758.9500122070312,758.9500122070312,758.9500122070312,758.9500122070312
2017-05-23,772.2000122070312,772.2000122070312,772.2000122070312,772.2000122070312
2017-05-24,761.5,761.5,761.5,761.5
2017-05-25,768.8499755859375,768.8499755859375,768.8499755859375,768.8499755859375
2017-05-26,786.9500122070312,786.9500122070312,786.9500122070312,786.9500122070312
2017-05-30,789.5,808.7000122070312,789.0,806.2000122070312
2017-05-31,806.5,822.7999877929688,806.5,819.8499755859375
2017-06-01,818.5,828.5499877929688,815.3499755859375,827.0
2017-06-02,829.6500244140625,842.5,829.6500244140625,837.9500122070312
2017-06-05,842.3499755859375,846.3499755859375,838.3499755859375,845.75
2017-06-06,851.9500122070312,855.2999877929688,851.9500122070312,852.2999877929688
2017-06-07,847.3499755859375,847.3499755859375,831.2999877929688,834.2000122070312
2017-06-08,833.7000122070312,857.0,833.7000122070312,854.9000244140625
2017-06-09,852.0,900.3499755859375,852.0,864.5999755859375
2017-06-12,875.2000122070312,883.5999755859375,872.6500244140625,872.6500244140625
2017-06-13,882.0,882.0,866.25,866.25
2017-06-14,862.7999877929688,869.5,862.7999877929688,863.2999877929688
2017-06-15,869.7000122070312,869.7000122070312,867.2999877929688,868.75
2017-06-16,887.8499755859375,893.9500122070312,887.8499755859375,888.6500244140625
2017-06-19,875.8499755859375,875.8499755859375,875.8499755859375,875.8499755859375
2017-06-20,875.75,885.9500122070312,865.0,885.1500244140625
2017-06-21,886.6500244140625,894.4500122070312,886.6500244140625,894.4500122070312
2017-06-22,899.5499877929688,903.2999877929688,888.0999755859375,898.4000244140625
2017-06-23,876.0999755859375,876.0999755859375,874.0499877929688,874.5499877929688
2017-06-26,868.0,880.8499755859375,868.0,880.8499755859375
2017-06-27,878.9500122070312,878.9500122070312,875.25,875.25
2017-06-28,871.5,871.5,871.5,871.5
2017-06-29,858.4500122070312,860.7999877929688,858.4500122070312,858.4500122070312
2017-06-30,860.4500122070312,860.5499877929688,849.0,849.0
2017-07-03,854.75,854.75,854.75,854.75
2017-07-05,847.4000244140625,847.7999877929688,846.75,846.75
2017-07-06,837.9000244140625,844.2000122070312,837.9000244140625,844.2000122070312
2017-07-07,843.25,843.25,843.25,843.25
2017-07-10,849.3499755859375,849.3499755859375,849.3499755859375,849.3499755859375
2017-07-11,857.9500122070312,857.9500122070312,857.9500122070312,857.9500122070312
2017-07-12,872.6500244140625,872.6500244140625,872.6500244140625,872.6500244140625
2017-07-13,865.8499755859375,865.8499755859375,865.8499755859375,865.8499755859375
2017-07-14,865.75,865.75,865.75,865.75
2017-07-17,870.5499877929688,870.5499877929688,870.5499877929688,870.5499877929688
2017-07-18,869.4000244140625,869.4000244140625,869.4000244140625,869.4000244140625
2017-07-19,865.75,865.75,864.1500244140625,864.1500244140625
2017-07-20,852.5999755859375,852.5999755859375,852.5999755859375,852.5999755859375
2017-07-21,849.3499755859375,849.3499755859375,849.3499755859375,849.3499755859375
2017-07-24,854.0499877929688,854.9000244140625,854.0499877929688,854.0499877929688
2017-07-25,864.0,865.0,861.9500122070312,861.9500122070312
2017-07-26,867.9000244140625,867.9000244140625,867.9000244140625,867.9000244140625
2017-07-27,881.9000244140625,881.9000244140625,881.9000244140625,881.9000244140625
2017-07-28,885.25,885.25,883.0,885.25
2017-07-31,890.5,890.5,885.0,890.5
2017-08-01,898.4000244140625,898.4000244140625,898.4000244140625,898.4000244140625
2017-08-02,897.2000122070312,897.2000122070312,897.2000122070312,897.2000122070312
2017-08-03,886.0,886.0,886.0,886.0
2017-08-04,879.7999877929688,879.7999877929688,879.7999877929688,879.7999877929688
2017-08-07,890.2000122070312,890.2000122070312,890.2000122070312,890.2000122070312
2017-08-08,903.4000244140625,903.4000244140625,903.4000244140625,903.4000244140625
2017-08-09,896.8499755859375,896.8499755859375,896.8499755859375,896.8499755859375
2017-08-10,902.0499877929688,902.0499877929688,902.0499877929688,902.0499877929688
2017-08-11,899.7000122070312,899.7000122070312,899.7000122070312,899.7000122070312
2017-08-14,903.1500244140625,903.1500244140625,903.1500244140625,903.1500244140625
2017-08-15,897.0499877929688,897.0499877929688,897.0499877929688,897.0499877929688
2017-08-16,912.7000122070312,912.7000122070312,912.7000122070312,912.7000122070312
2017-08-17,928.5499877929688,928.5499877929688,928.5499877929688,928.5499877929688
2017-08-18,929.5,929.5,929.5,929.5
2017-08-21,941.4000244140625,941.4000244140625,941.4000244140625,941.4000244140625
2017-08-22,934.75,934.75,934.75,934.75
2017-08-23,935.4000244140625,935.4000244140625,935.4000244140625,935.4000244140625
2017-08-24,938.5499877929688,938.5499877929688,938.5499877929688,938.5499877929688
2017-08-25,933.4500122070312,933.4500122070312,933.4500122070312,933.4500122070312
2017-08-28,936.5999755859375,936.5999755859375,936.5999755859375,936.5999755859375
2017-08-29,947.4500122070312,947.4500122070312,947.4500122070312,947.4500122070312
2017-08-30,944.2000122070312,945.5,926.6500244140625,931.3499755859375
2017-08-31,927.6500244140625,936.2000122070312,927.5,931.9500122070312
2017-09-01,939.9000244140625,983.2000122070312,939.9000244140625,981.1500244140625
2017-09-05,978.2999877929688,992.2000122070312,958.0,963.0499877929688
2017-09-06,963.5,963.5,938.1500244140625,938.1500244140625
2017-09-07,943.1500244140625,955.0999755859375,941.5,955.0999755859375
2017-09-08,961.0,961.0,934.2999877929688,936.9500122070312
2017-09-11,935.5,939.1500244140625,935.5,937.2999877929688
2017-09-12,936.0,955.8499755859375,936.0,949.0499877929688
2017-09-13,948.3499755859375,948.3499755859375,939.3499755859375,939.3499755859375
2017-09-14,937.2000122070312,937.2000122070312,919.9500122070312,919.9500122070312
2017-09-15,927.4000244140625,927.4000244140625,927.4000244140625,927.4000244140625
2017-09-18,934.9500122070312,934.9500122070312,934.9500122070312,934.9500122070312
2017-09-19,909.9000244140625,913.0,902.5,905.7000122070312
2017-09-20,909.0499877929688,911.5499877929688,909.0499877929688,911.5499877929688
2017-09-21,912.0,912.9500122070312,912.0,912.9500122070312
2017-09-22,918.0,920.5,918.0,920.5
2017-09-25,914.9500122070312,914.9500122070312,910.0499877929688,910.3499755859375
2017-09-26,910.75,914.7000122070312,910.75,914.7000122070312
2017-09-27,908.2000122070312,925.2000122070312,908.2000122070312,925.2000122070312
2017-09-28,928.9500122070312,928.9500122070312,928.9500122070312,928.9500122070312
2017-09-29,937.9500122070312,937.9500122070312,937.9500122070312,937.9500122070312
2017-10-02,912.4000244140625,912.4000244140625,912.4000244140625,912.4000244140625
2017-10-03,918.0,918.0,918.0,918.0
2017-10-04,920.75,920.75,920.75,920.75
2017-10-05,937.5999755859375,937.5999755859375,937.5999755859375,937.5999755859375
2017-10-06,920.0999755859375,920.0999755859375,920.0999755859375,920.0999755859375
2017-10-09,929.0999755859375,929.0999755859375,929.0999755859375,929.0999755859375
2017-10-10,934.75,934.75,934.75,934.75
2017-10-11,960.0499877929688,960.0499877929688,960.0499877929688,960.0499877929688
2017-10-12,974.7999877929688,974.7999877929688,974.7999877929688,974.7999877929688
2017-10-13,985.0,986.5999755859375,985.0,986.5999755859375
2017-10-16,977.4000244140625,977.4000244140625,977.4000244140625,977.4000244140625
2017-10-17,977.0499877929688,977.0499877929688,977.0499877929688,977.0499877929688
2017-10-18,954.0499877929688,954.0499877929688,954.0499877929688,954.0499877929688
2017-10-19,953.9000244140625,953.9000244140625,953.9000244140625,953.9000244140625
2017-10-20,970.9500122070312,970.9500122070312,970.9500122070312,970.9500122070312
2017-10-23,951.0499877929688,951.0499877929688,951.0499877929688,951.0499877929688
2017-10-24,962.2999877929688,962.2999877929688,962.2999877929688,962.2999877929688
2017-10-25,959.2000122070312,959.2000122070312,959.2000122070312,959.2000122070312
2017-10-26,969.2000122070312,969.2000122070312,969.2000122070312,969.2000122070312
2017-10-27,959.3499755859375,959.3499755859375,959.3499755859375,959.3499755859375
2017-10-30,964.0499877929688,964.0499877929688,964.0499877929688,964.0499877929688
2017-10-31,980.5499877929688,980.5499877929688,980.5499877929688,980.5499877929688
2017-11-01,999.5499877929688,999.5499877929688,999.5499877929688,999.5499877929688
2017-11-02,995.4000244140625,995.4000244140625,995.4000244140625,995.4000244140625
2017-11-03,992.9000244140625,992.9000244140625,992.9000244140625,992.9000244140625
2017-11-06,996.5,996.5,996.5,996.5
2017-11-07,995.5,995.5,995.5,995.5
2017-11-08,1017.2000122070312,1017.2000122070312,1017.2000122070312,1017.2000122070312
2017-11-09,1005.7999877929688,1005.7999877929688,1005.7999877929688,1005.7999877929688
2017-11-10,994.5,994.5,994.5,994.5
2017-11-13,991.0999755859375,991.0999755859375,991.0999755859375,991.0999755859375
2017-11-14,986.9500122070312,986.9500122070312,986.9500122070312,986.9500122070312
2017-11-15,986.5,986.5,986.5,986.5
2017-11-16,986.25,986.25,986.25,986.25
2017-11-17,994.2999877929688,994.2999877929688,994.2999877929688,994.2999877929688
2017-11-20,987.5,987.5,987.5,987.5
2017-11-21,997.9000244140625,997.9000244140625,997.9000244140625,997.9000244140625
2017-11-22,1003.3499755859375,1003.3499755859375,1003.3499755859375,1003.3499755859375
2017-11-24,995.0999755859375,995.0999755859375,995.0999755859375,995.0999755859375
2017-11-27,1002.4500122070312,1002.4500122070312,1002.4500122070312,1002.4500122070312
2017-11-28,1022.0499877929688,1022.0499877929688,1022.0499877929688,1022.0499877929688
2017-11-29,1023.2000122070312,1023.9500122070312,1008.2000122070312,1009.9500122070312
2017-11-30,1014.6500244140625,1014.6500244140625,1006.5999755859375,1006.5999755859375
2017-12-01,1009.75,1021.1500244140625,1008.5,1020.0499877929688
2017-12-04,1020.8499755859375,1024.4000244140625,998.75,998.75
2017-12-05,1003.4500122070312,1007.25,990.0,991.75
2017-12-06,997.25,1001.5499877929688,997.0499877929688,1001.5499877929688
2017-12-07,1004.9500122070312,1021.0,1004.9500122070312,1016.2999877929688
2017-12-08,1016.2999877929688,1016.2999877929688,1009.75,1009.75
2017-12-11,1012.2999877929688,1012.5999755859375,1011.6500244140625,1012.0999755859375
2017-12-12,1017.5,1020.0499877929688,1009.7999877929688,1015.7000122070312
2017-12-13,1017.4000244140625,1025.6500244140625,1017.4000244140625,1017.4000244140625
2017-12-14,1017.1500244140625,1042.050048828125,1017.1500244140625,1042.050048828125
2017-12-15,1035.0,1035.0,1028.75,1028.75
2017-12-18,1025.4000244140625,1025.4000244140625,1025.4000244140625,1025.4000244140625
2017-12-19,1031.949951171875,1035.5,1031.949951171875,1031.949951171875
2017-12-20,1044.5999755859375,1044.5999755859375,1037.949951171875,1037.949951171875
2017-12-21,1043.0,1043.0,1043.0,1043.0
2017-12-22,1044.8499755859375,1050.199951171875,1044.8499755859375,1044.8499755859375
2017-12-26,1056.75,1060.800048828125,1056.75,1057.75
2017-12-27,1071.6500244140625,1071.6500244140625,1071.6500244140625,1071.6500244140625
2017-12-28,1076.199951171875,1076.199951171875,1076.199951171875,1076.199951171875
2017-12-29,1073.75,1073.75,1073.75,1073.75
2018-01-02,1090.0,1090.0,1090.0,1090.0
2018-01-03,1086.0,1086.0,1086.0,1086.0
2018-01-04,1088.0,1097.4000244140625,1088.0,1097.4000244140625
2018-01-05,1084.8499755859375,1084.8499755859375,1084.8499755859375,1084.8499755859375
2018-01-08,1098.550048828125,1098.550048828125,1098.550048828125,1098.550048828125
2018-01-09,1100.800048828125,1100.800048828125,1100.800048828125,1100.800048828125
2018-01-10,1080.050048828125,1080.050048828125,1080.050048828125,1080.050048828125
2018-01-11,1078.9000244140625,1078.9000244140625,1078.9000244140625,1078.9000244140625
2018-01-12,1108.0,1108.0,1108.0,1108.0
2018-01-16,1090.800048828125,1090.800048828125,1090.800048828125,1090.800048828125
2018-01-17,1112.3499755859375,1112.3499755859375,1112.3499755859375,1112.3499755859375
2018-01-18,1095.949951171875,1095.949951171875,1095.949951171875,1095.949951171875
2018-01-19,1101.050048828125,1101.050048828125,1101.050048828125,1101.050048828125
2018-01-22,1094.949951171875,1094.949951171875,1094.949951171875,1094.949951171875
2018-01-23,1086.9000244140625,1086.9000244140625,1086.9000244140625,1086.9000244140625
2018-01-24,1109.0,1109.0,1109.0,1109.0
2018-01-25,1100.050048828125,1100.050048828125,1100.050048828125,1100.050048828125
2018-01-26,1087.699951171875,1087.699951171875,1087.699951171875,1087.699951171875
2018-01-30,1056.4000244140625,1056.4000244140625,1056.4000244140625,1056.4000244140625
2018-01-31,1027.5,1027.5,1027.5,1027.5
2018-02-01,1028.6500244140625,1028.6500244140625,1028.6500244140625,1028.6500244140625
2018-02-02,1048.9000244140625,1048.9000244140625,1048.9000244140625,1048.9000244140625
2018-02-05,1036.9000244140625,1036.9000244140625,1036.9000244140625,1036.9000244140625
2018-02-06,1006.4500122070312,1006.4500122070312,1006.4500122070312,1006.4500122070312
2018-02-07,988.5,988.5,988.5,988.5
2018-02-08,966.1500244140625,966.1500244140625,966.1500244140625,966.1500244140625
2018-02-09,967.2999877929688,967.2999877929688,967.2999877929688,967.2999877929688
2018-02-12,980.0999755859375,980.0999755859375,980.0999755859375,980.0999755859375
2018-02-13,984.6500244140625,984.6500244140625,984.6500244140625,984.6500244140625
2018-02-14,1001.25,1001.25,1001.25,1001.25
2018-02-15,1010.5999755859375,1010.5999755859375,1010.5999755859375,1010.5999755859375
2018-02-16,1037.6500244140625,1037.6500244140625,1037.6500244140625,1037.6500244140625
2018-02-20,1029.050048828125,1029.050048828125,1029.050048828125,1029.050048828125
2018-02-21,1024.4000244140625,1024.4000244140625,1024.4000244140625,1024.4000244140625
2018-02-22,1035.4000244140625,1035.4000244140625,1035.4000244140625,1035.4000244140625
2018-02-23,1043.050048828125,1043.050048828125,1043.050048828125,1043.050048828125
2018-02-26,1056.5,1056.5,1056.5,1056.5
2018-02-27,1054.25,1058.050048828125,1029.199951171875,1029.199951171875
2018-02-28,1042.0,1050.199951171875,1039.550048828125,1047.199951171875
2018-03-01,1032.0,1032.0,981.9500122070312,983.1500244140625
2018-03-02,990.4500122070312,995.4500122070312,985.75,995.4500122070312
2018-03-05,995.5999755859375,995.5999755859375,986.0499877929688,987.3499755859375
2018-03-06,987.1500244140625,988.1500244140625,981.0999755859375,988.1500244140625
2018-03-07,979.0,985.0499877929688,968.8499755859375,968.9000244140625
2018-03-08,984.9000244140625,984.9000244140625,975.4500122070312,975.4500122070312
2018-03-09,983.0499877929688,993.2999877929688,979.5,990.5999755859375
2018-03-12,979.0999755859375,979.0999755859375,971.4000244140625,971.4000244140625
2018-03-13,988.0,995.3499755859375,988.0,995.3499755859375
2018-03-14,988.5,988.5,988.5,988.5
2018-03-15,984.75,984.75,984.75,984.75
2018-03-16,992.2999877929688,992.2999877929688,992.2999877929688,992.2999877929688
2018-03-19,991.1500244140625,991.1500244140625,991.1500244140625,991.1500244140625
2018-03-20,979.6500244140625,979.6500244140625,979.6500244140625,979.6500244140625
2018-03-21,990.2000122070312,990.2000122070312,990.2000122070312,990.2000122070312
2018-03-22,985.5499877929688,985.5499877929688,985.5499877929688,985.5499877929688
2018-03-23,975.0499877929688,975.0499877929688,975.0499877929688,975.0499877929688
2018-03-26,970.3499755859375,970.3499755859375,970.3499755859375,970.3499755859375
2018-03-27,975.2999877929688,975.2999877929688,975.2999877929688,975.2999877929688
2018-03-28,964.2000122070312,964.2000122070312,964.2000122070312,964.2000122070312
2018-03-29,944.7999877929688,944.7999877929688,944.7999877929688,944.7999877929688
2018-04-02,928.5,928.5,928.5,928.5
2018-04-03,928.7999877929688,928.7999877929688,928.7999877929688,928.7999877929688
2018-04-04,918.9000244140625,918.9000244140625,918.9000244140625,918.9000244140625
2018-04-05,901.0999755859375,901.0999755859375,901.0999755859375,901.0999755859375
2018-04-06,896.1500244140625,896.1500244140625,896.1500244140625,896.1500244140625
2018-04-09,933.5,933.5,933.5,933.5
2018-04-10,950.75,950.75,950.75,950.75
2018-04-11,961.9500122070312,961.9500122070312,961.9500122070312,961.9500122070312
2018-04-12,960.1500244140625,960.1500244140625,960.1500244140625,960.1500244140625
2018-04-13,981.9500122070312,981.9500122070312,981.9500122070312,981.9500122070312
2018-04-16,1004.75,1004.75,1004.75,1004.75
2018-04-17,1006.0,1006.0,1006.0,1006.0
2018-04-18,1035.949951171875,1035.949951171875,1035.949951171875,1035.949951171875
2018-04-19,1027.449951171875,1027.449951171875,1027.449951171875,1027.449951171875
2018-04-20,1031.199951171875,1031.199951171875,1031.199951171875,1031.199951171875
2018-04-23,980.5499877929688,980.5499877929688,980.5499877929688,980.5499877929688
2018-04-24,972.6500244140625,972.6500244140625,972.6500244140625,972.6500244140625
2018-04-25,968.5,968.5,968.5,968.5
2018-04-26,980.0499877929688,980.0499877929688,980.0499877929688,980.0499877929688
2018-04-27,965.2000122070312,965.2000122070312,965.2000122070312,965.2000122070312
2018-04-30,962.75,962.75,962.75,962.75
2018-05-01,938.4500122070312,938.4500122070312,938.4500122070312,938.4500122070312
2018-05-02,962.3499755859375,962.3499755859375,962.3499755859375,962.3499755859375
2018-05-03,960.9000244140625,960.9000244140625,960.9000244140625,960.9000244140625
2018-05-04,959.4500122070312,959.4500122070312,959.4500122070312,959.4500122070312
2018-05-07,964.2999877929688,964.2999877929688,964.2999877929688,964.2999877929688
2018-05-08,965.5999755859375,965.5999755859375,965.5999755859375,965.5999755859375
2018-05-09,972.7999877929688,972.7999877929688,972.7999877929688,972.7999877929688
2018-05-10,996.0999755859375,996.0999755859375,996.0999755859375,996.0999755859375
2018-05-11,987.4000244140625,987.4000244140625,987.4000244140625,987.4000244140625
2018-05-14,997.9000244140625,997.9000244140625,997.9000244140625,997.9000244140625
2018-05-15,985.4000244140625,985.4000244140625,985.4000244140625,985.4000244140625
2018-05-16,984.7000122070312,984.7000122070312,984.7000122070312,984.7000122070312
2018-05-17,979.7000122070312,979.7000122070312,979.7000122070312,979.7000122070312
2018-05-18,962.4000244140625,962.4000244140625,962.4000244140625,962.4000244140625
2018-05-21,992.5999755859375,992.5999755859375,992.5999755859375,992.5999755859375
2018-05-22,989.0,989.0,989.0,989.0
2018-05-23,973.2999877929688,973.2999877929688,973.2999877929688,973.2999877929688
2018-05-24,969.7000122070312,969.7000122070312,969.7000122070312,969.7000122070312
2018-05-25,979.0,979.0,979.0,979.0
2018-05-29,974.5,974.5,974.5,974.5
2018-05-30,970.2999877929688,978.7000122070312,968.0999755859375,976.0
2018-05-31,980.0,988.9000244140625,980.0,988.9000244140625
2018-06-01,989.5,1004.2000122070312,988.7000122070312,1002.0999755859375
2018-06-04,1008.9000244140625,1009.5,999.7999877929688,1000.5
2018-06-05,986.7999877929688,998.7000122070312,986.7999877929688,998.7000122070312
2018-06-06,993.0,1027.0999755859375,992.5,1027.0999755859375
2018-06-07,1026.0,1026.0,1021.5,1021.5
2018-06-08,1012.4000244140625,1018.0,1012.4000244140625,1018.0
2018-06-11,1028.800048828125,1028.800048828125,1028.800048828125,1028.800048828125
2018-06-12,1029.0,1029.5,1027.5999755859375,1027.5999755859375
2018-06-13,1019.5,1019.5,1019.5,1019.5
2018-06-14,1018.9000244140625,1018.9000244140625,1018.9000244140625,1018.9000244140625
2018-06-15,1018.9000244140625,1018.9000244140625,993.7999877929688,993.7999877929688
2018-06-18,990.2999877929688,994.9000244140625,990.2999877929688,994.9000244140625
2018-06-19,985.0,985.0,970.2999877929688,970.2999877929688
2018-06-20,970.0,973.0,967.0,967.0999755859375
2018-06-21,955.5,961.5,955.5,955.5
2018-06-22,956.2999877929688,956.2999877929688,956.2999877929688,956.2999877929688
2018-06-25,945.2999877929688,945.2999877929688,945.2999877929688,945.2999877929688
2018-06-26,964.5999755859375,964.5999755859375,958.5,964.5999755859375
2018-06-27,953.7999877929688,953.7999877929688,953.7999877929688,953.7999877929688
2018-06-28,938.2999877929688,938.2999877929688,938.2999877929688,938.2999877929688
2018-06-29,958.2999877929688,958.2999877929688,958.2999877929688,958.2999877929688
2018-07-02,941.7999877929688,941.7999877929688,941.7999877929688,941.7999877929688
2018-07-03,945.4000244140625,945.4000244140625,945.4000244140625,945.4000244140625
2018-07-05,950.0999755859375,950.0999755859375,950.0999755859375,950.0999755859375
2018-07-06,955.0,955.0,955.0,955.0
2018-07-09,962.0999755859375,962.0999755859375,962.0999755859375,962.0999755859375
2018-07-10,945.0,945.0,945.0,945.0
2018-07-11,944.4000244140625,944.4000244140625,944.4000244140625,944.4000244140625
2018-07-12,956.2000122070312,956.2000122070312,956.2000122070312,956.2000122070312
2018-07-13,940.2000122070312,940.2000122070312,940.2000122070312,940.2000122070312
2018-07-16,920.9000244140625,920.9000244140625,920.9000244140625,920.9000244140625
2018-07-17,916.5999755859375,916.5999755859375,916.5999755859375,916.5999755859375
2018-07-18,909.2000122070312,909.2000122070312,909.2000122070312,909.2000122070312
2018-07-19,873.5999755859375,873.5999755859375,873.5999755859375,873.5999755859375
2018-07-20,896.2999877929688,896.2999877929688,896.2999877929688,896.2999877929688
2018-07-23,910.0,910.0,910.0,910.0
2018-07-24,916.0,916.0,916.0,916.0
2018-07-25,935.7000122070312,935.7000122070312,935.7000122070312,935.7000122070312
2018-07-26,941.0,941.0,941.0,941.0
2018-07-27,925.9000244140625,925.9000244140625,925.9000244140625,925.9000244140625
2018-07-30,930.5,930.5,930.5,930.5
2018-07-31,939.9000244140625,939.9000244140625,939.9000244140625,939.9000244140625
2018-08-01,919.9000244140625,919.9000244140625,919.9000244140625,919.9000244140625
2018-08-02,923.5,923.5,923.5,923.5
2018-08-03,915.9000244140625,915.9000244140625,915.9000244140625,915.9000244140625
2018-08-06,911.5999755859375,911.5999755859375,911.5999755859375,911.5999755859375
2018-08-07,910.9000244140625,910.9000244140625,910.9000244140625,910.9000244140625
2018-08-08,894.4000244140625,894.4000244140625,894.4000244140625,894.4000244140625
2018-08-09,906.4000244140625,906.4000244140625,906.4000244140625,906.4000244140625
2018-08-10,909.0999755859375,909.0999755859375,909.0999755859375,909.0999755859375
2018-08-13,888.9000244140625,888.9000244140625,888.9000244140625,888.9000244140625
2018-08-14,898.0,898.0,898.0,898.0
2018-08-15,845.2000122070312,845.2000122070312,845.2000122070312,845.2000122070312
2018-08-16,882.7999877929688,882.7999877929688,882.7999877929688,882.7999877929688
2018-08-17,892.7999877929688,892.7999877929688,892.7999877929688,892.7999877929688
2018-08-20,913.7000122070312,913.7000122070312,913.7000122070312,913.7000122070312
2018-08-21,925.0,925.0,925.0,925.0
2018-08-22,933.2000122070312,933.2000122070312,933.2000122070312,933.2000122070312
2018-08-23,926.2000122070312,926.2000122070312,926.2000122070312,926.2000122070312
2018-08-24,943.5999755859375,943.5999755859375,943.5999755859375,943.5999755859375
2018-08-27,956.9000244140625,956.9000244140625,956.9000244140625,956.9000244140625
2018-08-28,954.4000244140625,954.4000244140625,954.4000244140625,954.4000244140625
2018-08-29,973.5,973.5,973.5,973.5
2018-08-30,957.0,975.0,949.9000244140625,963.7000122070312
2018-08-31,959.7000122070312,980.2999877929688,959.7000122070312,980.2999877929688
2018-09-04,967.7999877929688,985.0,964.7000122070312,977.9000244140625
2018-09-05,971.0,971.5999755859375,971.0,971.5999755859375
2018-09-06,981.5999755859375,981.5999755859375,981.5999755859375,981.5999755859375
2018-09-07,987.7999877929688,987.7999877929688,987.7999877929688,987.7999877929688
2018-09-10,992.0,992.0,983.5999755859375,983.5999755859375
2018-09-11,976.4000244140625,984.0,976.4000244140625,980.9000244140625
2018-09-12,986.0999755859375,993.2999877929688,985.9000244140625,993.2999877929688
2018-09-13,996.5999755859375,999.9000244140625,996.0,997.0
2018-09-14,999.9000244140625,1004.0,998.7999877929688,998.7999877929688
2018-09-17,998.7999877929688,1005.2999877929688,998.7999877929688,1005.2999877929688
2018-09-18,1010.0999755859375,1027.4000244140625,1010.0999755859375,1027.4000244140625
2018-09-19,1038.0999755859375,1053.4000244140625,1038.0999755859375,1053.4000244140625
2018-09-20,1060.0,1066.800048828125,1060.0,1066.800048828125
2018-09-21,1066.9000244140625,1066.9000244140625,1066.9000244140625,1066.9000244140625
2018-09-24,1071.5999755859375,1071.5999755859375,1071.5999755859375,1071.5999755859375
2018-09-25,1068.5999755859375,1073.300048828125,1068.5999755859375,1073.300048828125
2018-09-26,1082.5999755859375,1082.5999755859375,1082.5999755859375,1082.5999755859375
2018-09-27,1089.199951171875,1089.199951171875,1089.199951171875,1089.199951171875
2018-09-28,1090.800048828125,1090.800048828125,1090.800048828125,1090.800048828125
2018-10-01,1074.4000244140625,1074.4000244140625,1074.4000244140625,1074.4000244140625
2018-10-02,1068.699951171875,1068.699951171875,1068.699951171875,1068.699951171875
2018-10-03,1071.0,1071.0,1071.0,1071.0
2018-10-04,1063.5,1063.5,1063.5,1063.5
2018-10-05,1075.0999755859375,1075.0999755859375,1075.0999755859375,1075.0999755859375
2018-10-08,1086.9000244140625,1086.9000244140625,1086.9000244140625,1086.9000244140625
2018-10-09,1080.0999755859375,1080.0999755859375,1080.0999755859375,1080.0999755859375
2018-10-10,1085.199951171875,1085.199951171875,1085.199951171875,1085.199951171875
2018-10-11,1093.199951171875,1093.199951171875,1093.199951171875,1093.199951171875
2018-10-12,1078.800048828125,1078.800048828125,1078.800048828125,1078.800048828125
2018-10-15,1096.199951171875,1096.199951171875,1096.199951171875,1096.199951171875
2018-10-16,1091.9000244140625,1091.9000244140625,1091.9000244140625,1091.9000244140625
2018-10-17,1085.5999755859375,1085.5999755859375,1085.5999755859375,1085.5999755859375
2018-10-18,1082.699951171875,1082.699951171875,1082.699951171875,1082.699951171875
2018-10-19,1087.9000244140625,1087.9000244140625,1087.9000244140625,1087.9000244140625
2018-10-22,1125.699951171875,1125.699951171875,1125.699951171875,1125.699951171875
2018-10-23,1140.800048828125,1140.800048828125,1140.800048828125,1140.800048828125
2018-10-24,1130.300048828125,1130.300048828125,1130.300048828125,1130.300048828125
2018-10-25,1105.5999755859375,1105.5999755859375,1105.5999755859375,1105.5999755859375
2018-10-26,1103.9000244140625,1103.9000244140625,1103.9000244140625,1103.9000244140625
2018-10-29,1097.300048828125,1097.300048828125,1097.300048828125,1097.300048828125
2018-10-30,1071.5999755859375,1071.5999755859375,1071.5999755859375,1071.5999755859375
2018-10-31,1085.0999755859375,1085.0999755859375,1085.0999755859375,1085.0999755859375
2018-11-01,1098.0,1098.0,1098.0,1098.0
2018-11-02,1121.0999755859375,1121.0999755859375,1121.0999755859375,1121.0999755859375
2018-11-05,1138.199951171875,1138.199951171875,1138.199951171875,1138.199951171875
2018-11-06,1111.9000244140625,1111.9000244140625,1111.9000244140625,1111.9000244140625
2018-11-07,1137.300048828125,1137.300048828125,1137.300048828125,1137.300048828125
2018-11-08,1132.699951171875,1132.699951171875,1132.699951171875,1132.699951171875
2018-11-09,1114.0999755859375,1114.0999755859375,1114.0999755859375,1114.0999755859375
2018-11-12,1102.199951171875,1102.199951171875,1102.199951171875,1102.199951171875
2018-11-13,1108.699951171875,1108.699951171875,1108.699951171875,1108.699951171875
2018-11-14,1126.800048828125,1126.800048828125,1126.800048828125,1126.800048828125
2018-11-15,1154.0,1154.0,1154.0,1154.0
2018-11-16,1171.199951171875,1171.199951171875,1171.199951171875,1171.199951171875
2018-11-19,1157.9000244140625,1157.9000244140625,1157.9000244140625,1157.9000244140625
2018-11-20,1142.699951171875,1142.699951171875,1142.699951171875,1142.699951171875
2018-11-21,1149.800048828125,1149.800048828125,1149.800048828125,1149.800048828125
2018-11-23,1131.0999755859375,1131.0999755859375,1131.0999755859375,1131.0999755859375
2018-11-26,1141.300048828125,1141.300048828125,1141.300048828125,1141.300048828125
2018-11-27,1148.4000244140625,1148.4000244140625,1148.4000244140625,1148.4000244140625
2018-11-28,1178.300048828125,1178.300048828125,1178.300048828125,1178.300048828125
2018-11-29,1162.199951171875,1180.4000244140625,1149.0,1163.4000244140625
2018-11-30,1188.0,1198.0,1168.5999755859375,1168.5999755859375
2018-12-03,1181.0,1196.699951171875,1181.0,1189.5999755859375
2018-12-04,1200.199951171875,1213.9000244140625,1200.199951171875,1204.199951171875
2018-12-06,1186.300048828125,1186.300048828125,1167.5,1167.5
2018-12-07,1166.0999755859375,1196.4000244140625,1166.0999755859375,1196.4000244140625
2018-12-10,1191.699951171875,1191.699951171875,1184.300048828125,1184.300048828125
2018-12-11,1208.699951171875,1208.699951171875,1202.9000244140625,1202.9000244140625
2018-12-12,1222.199951171875,1223.4000244140625,1220.0999755859375,1220.0999755859375
2018-12-13,1216.300048828125,1216.300048828125,1216.300048828125,1216.300048828125
2018-12-14,1204.0,1204.0,1198.5999755859375,1198.5999755859375
2018-12-17,1212.0,1212.0,1212.0,1212.0
2018-12-18,1228.9000244140625,1228.9000244140625,1218.0999755859375,1218.0999755859375
2018-12-19,1222.9000244140625,1240.199951171875,1222.9000244140625,1240.199951171875
2018-12-20,1245.0,1245.0,1230.0,1230.800048828125
2018-12-21,1243.5,1243.5,1207.699951171875,1207.699951171875
2018-12-24,1220.0,1225.0999755859375,1220.0,1225.0999755859375
2018-12-26,1234.9000244140625,1234.9000244140625,1234.9000244140625,1234.9000244140625
2018-12-27,1250.0999755859375,1253.4000244140625,1250.0999755859375,1253.4000244140625
2018-12-28,1240.0999755859375,1240.0999755859375,1240.0999755859375,1240.0999755859375
2018-12-31,1253.9000244140625,1253.9000244140625,1253.9000244140625,1253.9000244140625
2019-01-02,1255.5,1255.5,1255.5,1255.5
2019-01-03,1257.0,1257.0,1257.0,1257.0
2019-01-04,1291.0999755859375,1291.0999755859375,1291.0999755859375,1291.0999755859375
2019-01-07,1296.9000244140625,1296.9000244140625,1296.9000244140625,1296.9000244140625
2019-01-08,1318.0999755859375,1318.0999755859375,1318.0999755859375,1318.0999755859375
2019-01-09,1326.0999755859375,1326.0999755859375,1326.0999755859375,1326.0999755859375
2019-01-10,1274.4000244140625,1274.4000244140625,1270.699951171875,1270.699951171875
2019-01-11,1276.199951171875,1276.199951171875,1276.199951171875,1276.199951171875
2019-01-14,1279.5,1279.5,1279.5,1279.5
2019-01-15,1274.5999755859375,1274.5999755859375,1274.5999755859375,1274.5999755859375
2019-01-16,1316.0,1316.0,1316.0,1316.0
2019-01-17,1345.699951171875,1345.699951171875,1345.699951171875,1345.699951171875
2019-01-18,1374.0999755859375,1374.0999755859375,1374.0999755859375,1374.0999755859375
2019-01-22,1345.5,1345.5,1345.5,1345.5
2019-01-23,1347.199951171875,1347.199951171875,1347.199951171875,1347.199951171875
2019-01-24,1319.699951171875,1319.699951171875,1319.699951171875,1319.699951171875
2019-01-25,1358.800048828125,1358.800048828125,1358.800048828125,1358.800048828125
2019-01-28,1328.300048828125,1328.300048828125,1328.300048828125,1328.300048828125
2019-01-29,1342.5999755859375,1342.5999755859375,1342.5999755859375,1342.5999755859375
2019-01-30,1354.800048828125,1354.800048828125,1354.800048828125,1354.800048828125
2019-01-31,1338.300048828125,1338.300048828125,1338.300048828125,1338.300048828125
2019-02-01,1352.0,1352.0,1352.0,1352.0
2019-02-04,1368.800048828125,1368.800048828125,1368.800048828125,1368.800048828125
2019-02-05,1379.5999755859375,1379.5999755859375,1379.5999755859375,1379.5999755859375
2019-02-06,1390.0,1390.0,1390.0,1390.0
2019-02-07,1396.5,1396.5,1396.5,1396.5
2019-02-08,1409.5999755859375,1409.5999755859375,1409.5999755859375,1409.5999755859375
2019-02-11,1395.199951171875,1395.199951171875,1395.199951171875,1395.199951171875
2019-02-12,1413.800048828125,1413.800048828125,1413.800048828125,1413.800048828125
2019-02-13,1411.0,1411.0,1411.0,1411.0
2019-02-14,1424.300048828125,1424.300048828125,1424.300048828125,1424.300048828125
2019-02-15,1445.5999755859375,1445.5999755859375,1445.5999755859375,1445.5999755859375
2019-02-19,1492.300048828125,1492.300048828125,1460.699951171875,1492.300048828125
2019-02-20,1500.5,1500.5,1500.5,1500.5
2019-02-21,1455.199951171875,1455.199951171875,1455.199951171875,1455.199951171875
2019-02-22,1472.300048828125,1472.300048828125,1472.300048828125,1472.300048828125
2019-02-25,1506.5999755859375,1506.5999755859375,1506.5999755859375,1506.5999755859375
2019-02-26,1533.5999755859375,1533.5999755859375,1533.5999755859375,1533.5999755859375
2019-02-27,1528.199951171875,1537.4000244140625,1496.0,1523.4000244140625
2019-02-28,1506.300048828125,1553.0,1503.5,1532.0
2019-03-01,1543.0,1550.0,1528.5,1536.5999755859375
2019-03-04,1532.5,1535.800048828125,1515.5999755859375,1515.5999755859375
2019-03-05,1505.0,1511.0999755859375,1496.4000244140625,1496.4000244140625
2019-03-06,1512.199951171875,1519.800048828125,1501.5999755859375,1516.9000244140625
2019-03-07,1509.9000244140625,1512.4000244140625,1505.4000244140625,1512.4000244140625
2019-03-08,1502.4000244140625,1502.4000244140625,1489.0,1489.0
2019-03-11,1500.0999755859375,1510.0,1500.0999755859375,1503.699951171875
2019-03-12,1519.9000244140625,1519.9000244140625,1519.9000244140625,1519.9000244140625
2019-03-13,1535.699951171875,1535.699951171875,1525.0999755859375,1535.699951171875
2019-03-14,1530.0999755859375,1531.699951171875,1530.0999755859375,1531.699951171875
2019-03-15,1535.0,1535.5999755859375,1535.0,1535.5999755859375
2019-03-18,1556.800048828125,1556.800048828125,1556.800048828125,1556.800048828125
2019-03-19,1575.5999755859375,1575.699951171875,1569.699951171875,1569.699951171875
2019-03-20,1583.5,1589.0999755859375,1580.800048828125,1580.800048828125
2019-03-21,1599.0,1599.0,1578.300048828125,1578.300048828125
2019-03-22,1599.0999755859375,1599.0999755859375,1535.9000244140625,1535.9000244140625
2019-03-25,1563.800048828125,1563.800048828125,1563.800048828125,1563.800048828125
2019-03-26,1536.300048828125,1536.300048828125,1536.300048828125,1536.300048828125
2019-03-27,1523.0999755859375,1523.0999755859375,1441.9000244140625,1441.9000244140625
2019-03-28,1312.9000244140625,1312.9000244140625,1312.9000244140625,1312.9000244140625
2019-03-29,1345.0,1345.0,1345.0,1345.0
2019-04-01,1395.0,1395.0,1395.0,1395.0
2019-04-02,1403.5,1403.5,1403.5,1403.5
2019-04-03,1381.300048828125,1381.300048828125,1381.300048828125,1381.300048828125
2019-04-04,1335.5,1335.5,1335.5,1335.5
2019-04-05,1349.0999755859375,1349.0999755859375,1349.0999755859375,1349.0999755859375
2019-04-08,1356.300048828125,1356.300048828125,1356.300048828125,1356.300048828125
2019-04-09,1365.800048828125,1365.800048828125,1365.800048828125,1365.800048828125
2019-04-10,1366.4000244140625,1366.4000244140625,1366.4000244140625,1366.4000244140625
2019-04-11,1335.800048828125,1335.800048828125,1335.800048828125,1335.800048828125
2019-04-12,1345.199951171875,1355.199951171875,1345.199951171875,1355.199951171875
2019-04-15,1339.699951171875,1339.699951171875,1339.699951171875,1339.699951171875
2019-04-16,1333.4000244140625,1333.4000244140625,1333.4000244140625,1333.4000244140625
2019-04-17,1383.5999755859375,1383.5999755859375,1383.5999755859375,1383.5999755859375
2019-04-18,1403.5,1403.5,1403.5,1403.5
2019-04-22,1374.800048828125,1374.800048828125,1374.800048828125,1374.800048828125
2019-04-23,1380.5999755859375,1380.5999755859375,1380.5999755859375,1380.5999755859375
2019-04-24,1410.0999755859375,1410.0999755859375,1410.0999755859375,1410.0999755859375
2019-04-25,1411.9000244140625,1411.9000244140625,1411.9000244140625,1411.9000244140625
2019-04-26,1452.199951171875,1452.199951171875,1452.199951171875,1452.199951171875
2019-04-29,1366.699951171875,1366.699951171875,1366.699951171875,1366.699951171875
2019-04-30,1387.4000244140625,1387.4000244140625,1387.4000244140625,1387.4000244140625
2019-05-01,1349.0999755859375,1349.0999755859375,1349.0999755859375,1349.0999755859375
2019-05-02,1347.9000244140625,1347.9000244140625,1347.9000244140625,1347.9000244140625
2019-05-03,1362.699951171875,1362.699951171875,1362.699951171875,1362.699951171875
2019-05-06,1332.800048828125,1332.800048828125,1332.800048828125,1332.800048828125
2019-05-07,1328.0999755859375,1328.0999755859375,1328.0999755859375,1328.0999755859375
2019-05-08,1311.0999755859375,1311.0999755859375,1311.0999755859375,1311.0999755859375
2019-05-09,1287.699951171875,1287.699951171875,1287.699951171875,1287.699951171875
2019-05-10,1355.4000244140625,1355.4000244140625,1355.4000244140625,1355.4000244140625
2019-05-13,1321.5,1321.5,1321.5,1321.5
2019-05-14,1337.699951171875,1337.699951171875,1337.699951171875,1337.699951171875
2019-05-15,1337.5999755859375,1337.5999755859375,1337.5999755859375,1337.5999755859375
2019-05-16,1329.4000244140625,1329.4000244140625,1329.4000244140625,1329.4000244140625
2019-05-17,1310.5,1310.5,1310.5,1310.5
2019-05-20,1335.699951171875,1335.699951171875,1335.699951171875,1335.699951171875
2019-05-21,1317.199951171875,1317.199951171875,1317.199951171875,1317.199951171875
2019-05-22,1318.199951171875,1318.199951171875,1318.199951171875,1318.199951171875
2019-05-23,1312.5,1312.5,1312.5,1312.5
2019-05-24,1330.4000244140625,1330.4000244140625,1330.4000244140625,1330.4000244140625
2019-05-28,1344.199951171875,1344.199951171875,1344.199951171875,1344.199951171875
2019-05-29,1353.300048828125,1353.300048828125,1353.300048828125,1353.300048828125
2019-05-30,1345.699951171875,1378.9000244140625,1331.699951171875,1369.800048828125
2019-05-31,1366.5999755859375,1367.5999755859375,1324.0,1333.9000244140625
2019-06-03,1324.0,1336.0,1310.0999755859375,1313.699951171875
2019-06-04,1330.0,1341.300048828125,1330.0,1337.0999755859375
2019-06-05,1338.0,1338.0,1322.5,1322.5
2019-06-06,1325.9000244140625,1342.5999755859375,1325.9000244140625,1342.5999755859375
2019-06-07,1349.5,1349.5,1349.5,1349.5
2019-06-10,1350.0,1378.5999755859375,1350.0,1378.5999755859375
2019-06-11,1381.5,1381.5,1381.5,1381.5
2019-06-12,1384.9000244140625,1397.4000244140625,1377.0999755859375,1397.4000244140625
2019-06-13,1399.4000244140625,1432.5999755859375,1399.4000244140625,1429.5999755859375
2019-06-14,1430.800048828125,1452.699951171875,1430.0,1452.699951171875
2019-06-17,1446.5999755859375,1446.5999755859375,1446.5999755859375,1446.5999755859375
2019-06-18,1464.4000244140625,1464.4000244140625,1464.4000244140625,1464.4000244140625
2019-06-19,1484.0999755859375,1484.0999755859375,1484.0999755859375,1484.0999755859375
2019-06-20,1501.300048828125,1501.300048828125,1472.0999755859375,1472.0999755859375
2019-06-21,1491.300048828125,1491.300048828125,1491.300048828125,1491.300048828125
2019-06-24,1520.4000244140625,1520.4000244140625,1520.4000244140625,1520.4000244140625
2019-06-25,1521.800048828125,1521.800048828125,1521.800048828125,1521.800048828125
2019-06-26,1518.0,1518.0,1518.0,1518.0
2019-06-27,1532.199951171875,1532.199951171875,1532.199951171875,1532.199951171875
2019-06-28,1532.4000244140625,1532.4000244140625,1532.4000244140625,1532.4000244140625
2019-07-01,1539.0999755859375,1539.0999755859375,1539.0999755859375,1539.0999755859375
2019-07-02,1547.199951171875,1547.199951171875,1547.199951171875,1547.199951171875
2019-07-03,1559.800048828125,1559.800048828125,1559.800048828125,1559.800048828125
2019-07-05,1558.5999755859375,1558.5999755859375,1558.5999755859375,1558.5999755859375
2019-07-08,1552.5,1552.5,1552.5,1552.5
2019-07-09,1534.5999755859375,1534.5999755859375,1534.5999755859375,1534.5999755859375
2019-07-10,1584.5999755859375,1584.5999755859375,1584.5999755859375,1584.5999755859375
2019-07-11,1555.5999755859375,1555.5999755859375,1555.5999755859375,1555.5999755859375
2019-07-12,1538.9000244140625,1538.9000244140625,1538.9000244140625,1538.9000244140625
2019-07-15,1559.4000244140625,1559.4000244140625,1559.4000244140625,1559.4000244140625
2019-07-16,1512.800048828125,1512.800048828125,1512.800048828125,1512.800048828125
2019-07-17,1539.699951171875,1539.699951171875,1539.699951171875,1539.699951171875
2019-07-18,1508.4000244140625,1508.4000244140625,1508.4000244140625,1508.4000244140625
2019-07-19,1504.800048828125,1504.800048828125,1504.800048828125,1504.800048828125
2019-07-22,1525.699951171875,1525.699951171875,1525.699951171875,1525.699951171875
2019-07-23,1515.0999755859375,1515.0999755859375,1515.0999755859375,1515.0999755859375
2019-07-24,1535.0,1535.0,1535.0,1535.0
2019-07-25,1530.4000244140625,1530.4000244140625,1530.4000244140625,1530.4000244140625
2019-07-26,1527.5,1527.5,1527.5,1527.5
2019-07-29,1550.300048828125,1550.300048828125,1550.300048828125,1550.300048828125
2019-07-30,1503.9000244140625,1503.9000244140625,1503.9000244140625,1503.9000244140625
2019-07-31,1519.199951171875,1519.199951171875,1519.199951171875,1519.199951171875
2019-08-01,1409.0999755859375,1409.0999755859375,1409.0999755859375,1409.0999755859375
2019-08-02,1399.0,1399.0,1399.0,1399.0
2019-08-05,1411.0999755859375,1411.0999755859375,1411.0999755859375,1411.0999755859375
2019-08-06,1431.800048828125,1431.800048828125,1431.800048828125,1431.800048828125
2019-08-07,1405.0999755859375,1405.0999755859375,1405.0999755859375,1405.0999755859375
2019-08-08,1408.300048828125,1408.300048828125,1408.300048828125,1408.300048828125
2019-08-09,1414.0999755859375,1414.0999755859375,1414.0999755859375,1414.0999755859375
2019-08-12,1428.9000244140625,1428.9000244140625,1428.9000244140625,1428.9000244140625
2019-08-13,1450.5999755859375,1450.5999755859375,1450.5999755859375,1450.5999755859375
2019-08-14,1416.0,1416.0,1416.0,1416.0
2019-08-15,1439.0,1439.0,1437.0999755859375,1439.0
2019-08-16,1439.300048828125,1443.9000244140625,1439.300048828125,1439.300048828125
2019-08-19,1473.300048828125,1473.300048828125,1473.300048828125,1473.300048828125
2019-08-20,1480.5,1487.800048828125,1480.5,1487.800048828125
2019-08-21,1464.199951171875,1464.199951171875,1464.199951171875,1464.199951171875
2019-08-22,1484.0,1484.0,1480.0,1484.0
2019-08-23,1453.300048828125,1453.300048828125,1453.300048828125,1453.300048828125
2019-08-26,1471.300048828125,1471.300048828125,1471.300048828125,1471.300048828125
2019-08-27,1477.300048828125,1477.300048828125,1477.300048828125,1477.300048828125
2019-08-28,1459.800048828125,1459.800048828125,1459.800048828125,1459.800048828125
2019-08-29,1465.0,1480.5999755859375,1463.0,1469.0999755859375
2019-08-30,1470.199951171875,1539.0999755859375,1470.199951171875,1538.5999755859375
2019-09-03,1520.5,1535.0,1520.5,1533.199951171875
2019-09-04,1551.0999755859375,1551.0999755859375,1550.300048828125,1550.300048828125
2019-09-05,1549.0,1560.199951171875,1541.199951171875,1560.199951171875
2019-09-06,1544.0999755859375,1544.0999755859375,1535.0,1544.0999755859375
2019-09-09,1535.9000244140625,1539.9000244140625,1535.0,1535.9000244140625
2019-09-10,1552.4000244140625,1553.9000244140625,1552.4000244140625,1553.0
2019-09-11,1573.0,1573.0,1556.5999755859375,1556.5999755859375
2019-09-12,1604.5999755859375,1604.5999755859375,1604.5999755859375,1604.5999755859375
2019-09-13,1600.5,1600.5,1600.5,1600.5
2019-09-16,1591.5,1591.5,1591.5,1591.5
2019-09-17,1595.4000244140625,1595.4000244140625,1595.4000244140625,1595.4000244140625
2019-09-18,1579.300048828125,1579.300048828125,1579.300048828125,1579.300048828125
2019-09-19,1614.4000244140625,1614.4000244140625,1614.4000244140625,1614.4000244140625
2019-09-20,1631.4000244140625,1639.699951171875,1626.800048828125,1626.800048828125
2019-09-23,1627.4000244140625,1627.4000244140625,1627.4000244140625,1627.4000244140625
2019-09-24,1693.0,1693.0,1648.199951171875,1648.199951171875
2019-09-25,1625.0,1625.0,1613.5999755859375,1613.5999755859375
2019-09-26,1644.699951171875,1644.699951171875,1644.699951171875,1644.699951171875
2019-09-27,1654.300048828125,1654.300048828125,1654.300048828125,1654.300048828125
2019-09-30,1648.9000244140625,1648.9000244140625,1648.9000244140625,1648.9000244140625
2019-10-01,1632.0999755859375,1632.0999755859375,1632.0999755859375,1632.0999755859375
2019-10-02,1666.9000244140625,1666.9000244140625,1666.9000244140625,1666.9000244140625
2019-10-03,1631.5999755859375,1631.5999755859375,1631.5999755859375,1631.5999755859375
2019-10-04,1643.800048828125,1643.800048828125,1643.800048828125,1643.800048828125
2019-10-07,1647.699951171875,1647.699951171875,1647.699951171875,1647.699951171875
2019-10-08,1652.0999755859375,1652.0999755859375,1652.0999755859375,1652.0999755859375
2019-10-09,1656.0999755859375,1656.0999755859375,1656.0999755859375,1656.0999755859375
2019-10-10,1677.300048828125,1677.300048828125,1677.300048828125,1677.300048828125
2019-10-11,1671.5,1671.5,1671.5,1671.5
2019-10-14,1688.4000244140625,1688.4000244140625,1688.4000244140625,1688.4000244140625
2019-10-15,1698.0,1698.0,1698.0,1698.0
2019-10-16,1736.4000244140625,1736.4000244140625,1736.4000244140625,1736.4000244140625
2019-10-17,1732.0999755859375,1732.0999755859375,1732.0999755859375,1732.0999755859375
2019-10-18,1719.0,1719.0,1719.0,1719.0
2019-10-21,1726.699951171875,1726.699951171875,1726.699951171875,1726.699951171875
2019-10-22,1729.9000244140625,1729.9000244140625,1729.9000244140625,1729.9000244140625
2019-10-23,1716.0,1716.0,1716.0,1716.0
2019-10-24,1749.300048828125,1749.300048828125,1749.300048828125,1749.300048828125
2019-10-25,1745.5999755859375,1745.5999755859375,1745.5999755859375,1745.5999755859375
2019-10-28,1780.699951171875,1780.699951171875,1780.699951171875,1780.699951171875
2019-10-29,1756.5,1756.5,1756.5,1756.5
2019-10-30,1794.5999755859375,1794.5999755859375,1794.5999755859375,1794.5999755859375
2019-10-31,1758.0999755859375,1758.0999755859375,1758.0999755859375,1758.0999755859375
2019-11-01,1786.800048828125,1786.800048828125,1786.800048828125,1786.800048828125
2019-11-04,1755.300048828125,1755.300048828125,1755.300048828125,1755.300048828125
2019-11-05,1749.199951171875,1749.199951171875,1749.199951171875,1749.199951171875
2019-11-06,1763.5999755859375,1763.5999755859375,1763.5999755859375,1763.5999755859375
2019-11-07,1780.300048828125,1780.300048828125,1780.300048828125,1780.300048828125
2019-11-08,1711.0999755859375,1711.0999755859375,1711.0999755859375,1711.0999755859375
2019-11-11,1658.5,1658.5,1658.5,1658.5
2019-11-12,1672.5999755859375,1672.5999755859375,1672.5999755859375,1672.5999755859375
2019-11-13,1677.5999755859375,1677.5999755859375,1677.5999755859375,1677.5999755859375
2019-11-14,1704.5999755859375,1704.5999755859375,1704.5999755859375,1704.5999755859375
2019-11-15,1685.0,1685.0,1685.0,1685.0
2019-11-18,1706.9000244140625,1706.9000244140625,1706.9000244140625,1706.9000244140625
2019-11-19,1739.9000244140625,1739.9000244140625,1739.9000244140625,1739.9000244140625
2019-11-20,1744.300048828125,1744.300048828125,1744.300048828125,1744.300048828125
2019-11-21,1734.4000244140625,1734.4000244140625,1734.4000244140625,1734.4000244140625
2019-11-22,1745.9000244140625,1745.9000244140625,1745.9000244140625,1745.9000244140625
2019-11-25,1773.9000244140625,1773.9000244140625,1773.9000244140625,1773.9000244140625
2019-11-26,1784.800048828125,1784.800048828125,1784.800048828125,1784.800048828125
2019-11-27,1783.4000244140625,1816.9000244140625,1774.0,1811.4000244140625
2019-11-29,1813.5999755859375,1828.9000244140625,1808.5,1815.5999755859375
2019-12-02,1831.0999755859375,1831.0999755859375,1830.199951171875,1830.199951171875
2019-12-03,1840.0,1840.0,1828.199951171875,1828.199951171875
2019-12-04,1850.5,1850.5,1848.9000244140625,1848.9000244140625
2019-12-05,1839.4000244140625,1849.199951171875,1839.0999755859375,1849.199951171875
2019-12-06,1845.9000244140625,1845.9000244140625,1843.800048828125,1844.199951171875
2019-12-09,1861.0,1870.0,1854.199951171875,1858.800048828125
2019-12-10,1871.300048828125,1871.300048828125,1871.300048828125,1871.300048828125
2019-12-11,1887.300048828125,1887.300048828125,1887.300048828125,1887.300048828125
2019-12-12,1915.0,1915.0,1914.0999755859375,1914.0999755859375
2019-12-13,1890.4000244140625,1890.4000244140625,1890.4000244140625,1890.4000244140625
2019-12-16,1933.0,1963.5,1933.0,1963.5
2019-12-17,1963.0,1963.0,1918.5,1918.5
2019-12-18,1896.0999755859375,1896.0999755859375,1896.0999755859375,1896.0999755859375
2019-12-19,1900.9000244140625,1900.9000244140625,1900.9000244140625,1900.9000244140625
2019-12-20,1808.800048828125,1808.800048828125,1808.800048828125,1808.800048828125
2019-12-23,1848.9000244140625,1848.9000244140625,1848.9000244140625,1848.9000244140625
2019-12-24,1851.699951171875,1851.699951171875,1851.699951171875,1851.699951171875
2019-12-26,1868.5,1868.5,1868.5,1868.5
2019-12-27,1881.0999755859375,1881.0999755859375,1881.0999755859375,1881.0999755859375
2019-12-30,1880.300048828125,1880.300048828125,1880.300048828125,1880.300048828125
2019-12-31,1909.0999755859375,1909.0999755859375,1909.0999755859375,1909.0999755859375
2020-01-02,1927.800048828125,1927.800048828125,1927.800048828125,1927.800048828125
2020-01-03,1955.5,1955.5,1955.5,1955.5
2020-01-06,1989.4000244140625,1989.4000244140625,1989.4000244140625,1989.4000244140625
2020-01-07,2014.0999755859375,2014.0999755859375,2014.0999755859375,2014.0999755859375
2020-01-08,2061.199951171875,2061.199951171875,2061.199951171875,2061.199951171875
2020-01-09,2060.199951171875,2060.199951171875,2060.199951171875,2060.199951171875
2020-01-10,2072.699951171875,2072.699951171875,2072.699951171875,2072.699951171875
2020-01-13,2078.89990234375,2078.89990234375,2078.89990234375,2078.89990234375
2020-01-14,2123.300048828125,2123.300048828125,2123.300048828125,2123.300048828125
2020-01-15,2176.10009765625,2176.10009765625,2176.10009765625,2176.10009765625
2020-01-16,2188.800048828125,2188.800048828125,2188.800048828125,2188.800048828125
2020-01-17,2237.89990234375,2237.89990234375,2237.89990234375,2237.89990234375
2020-01-21,2245.699951171875,2245.699951171875,2245.699951171875,2245.699951171875
2020-01-22,2348.60009765625,2348.60009765625,2348.60009765625,2348.60009765625
2020-01-23,2342.0,2342.0,2342.0,2342.0
2020-01-24,2329.300048828125,2329.300048828125,2329.300048828125,2329.300048828125
2020-01-27,2208.60009765625,2208.60009765625,2208.60009765625,2208.60009765625
2020-01-28,2230.10009765625,2230.10009765625,2230.10009765625,2230.10009765625
2020-01-29,2247.199951171875,2247.199951171875,2247.199951171875,2247.199951171875
2020-01-30,2237.60009765625,2237.60009765625,2237.60009765625,2237.60009765625
2020-01-31,2246.60009765625,2246.60009765625,2246.60009765625,2246.60009765625
2020-02-03,2255.39990234375,2255.39990234375,2255.39990234375,2255.39990234375
2020-02-04,2357.5,2357.5,2357.5,2357.5
2020-02-05,2348.60009765625,2348.60009765625,2348.60009765625,2348.60009765625
2020-02-06,2259.10009765625,2259.10009765625,2259.10009765625,2259.10009765625
2020-02-07,2232.10009765625,2232.10009765625,2232.10009765625,2232.10009765625
2020-02-10,2271.699951171875,2271.699951171875,2271.699951171875,2271.699951171875
2020-02-11,2287.60009765625,2287.60009765625,2287.60009765625,2287.60009765625
2020-02-12,2344.39990234375,2344.39990234375,2344.39990234375,2344.39990234375
2020-02-13,2372.89990234375,2372.89990234375,2372.89990234375,2372.89990234375
2020-02-14,2338.60009765625,2338.60009765625,2338.60009765625,2338.60009765625
2020-02-18,2519.5,2519.5,2519.5,2519.5
2020-02-19,2593.10009765625,2593.10009765625,2593.10009765625,2593.10009765625
2020-02-20,2595.800048828125,2595.800048828125,2595.800048828125,2595.800048828125
2020-02-21,2627.300048828125,2627.300048828125,2627.300048828125,2627.300048828125
2020-02-24,2543.199951171875,2543.199951171875,2543.199951171875,2543.199951171875
2020-02-25,2669.699951171875,2669.699951171875,2669.699951171875,2669.699951171875
2020-02-26,2714.699951171875,2714.699951171875,2714.699951171875,2714.699951171875
2020-02-27,2713.199951171875,2815.5,2675.0,2744.699951171875
2020-02-28,2797.10009765625,2797.10009765625,2448.39990234375,2508.800048828125
2020-03-02,2535.0,2535.0,2445.39990234375,2445.39990234375
2020-03-03,2439.0,2440.0,2405.199951171875,2405.199951171875
2020-03-04,2400.39990234375,2426.199951171875,2399.800048828125,2402.699951171875
2020-03-05,2420.0,2487.10009765625,2420.0,2487.10009765625
2020-03-06,2551.10009765625,2571.10009765625,2456.89990234375,2456.89990234375
2020-03-09,2420.0,2423.39990234375,2390.0,2423.39990234375
2020-03-10,2380.0,2380.0,2335.10009765625,2347.5
2020-03-11,2350.0,2350.0,2259.39990234375,2259.39990234375
2020-03-12,2220.0,2220.0,1625.0,1945.0
2020-03-13,1539.199951171875,1539.199951171875,1539.199951171875,1539.199951171875
2020-03-16,1544.199951171875,1544.199951171875,1544.199951171875,1544.199951171875
2020-03-17,1539.699951171875,1539.699951171875,1539.699951171875,1539.699951171875
2020-03-18,1449.9000244140625,1449.9000244140625,1449.9000244140625,1449.9000244140625
2020-03-19,1559.5,1559.5,1559.5,1559.5
2020-03-20,1570.300048828125,1570.300048828125,1570.300048828125,1570.300048828125
2020-03-23,1587.0,1587.0,1587.0,1587.0
2020-03-24,1817.0,1817.0,1817.0,1817.0
2020-03-25,2277.699951171875,2277.699951171875,2277.699951171875,2277.699951171875
2020-03-26,2256.199951171875,2256.199951171875,2256.199951171875,2256.199951171875
2020-03-27,2226.89990234375,2226.89990234375,2226.800048828125,2226.800048828125
2020-03-30,2226.10009765625,2226.10009765625,2226.10009765625,2226.10009765625
2020-03-31,2333.300048828125,2333.300048828125,2333.300048828125,2333.300048828125
2020-04-01,2169.300048828125,2169.300048828125,2169.300048828125,2169.300048828125
2020-04-02,2150.199951171875,2150.199951171875,2150.199951171875,2150.199951171875
2020-04-03,2134.5,2134.5,2134.5,2134.5
2020-04-06,2105.300048828125,2105.300048828125,2105.300048828125,2105.300048828125
2020-04-07,2122.800048828125,2122.800048828125,2122.800048828125,2122.800048828125
2020-04-08,2123.699951171875,2123.699951171875,2123.699951171875,2123.699951171875
2020-04-09,2138.5,2138.5,2138.5,2138.5
2020-04-13,2199.199951171875,2199.199951171875,2199.199951171875,2199.199951171875
2020-04-14,2213.89990234375,2213.89990234375,2213.89990234375,2213.89990234375
2020-04-15,2182.10009765625,2182.10009765625,2182.10009765625,2182.10009765625
2020-04-16,2149.199951171875,2149.199951171875,2149.199951171875,2149.199951171875
2020-04-17,2159.39990234375,2159.39990234375,2159.39990234375,2159.39990234375
2020-04-20,2156.0,2156.0,2156.0,2156.0
2020-04-21,1936.0999755859375,1936.0999755859375,1936.0999755859375,1936.0999755859375
2020-04-22,1920.699951171875,1920.699951171875,1920.699951171875,1920.699951171875
2020-04-23,2029.5,2029.5,2029.5,2029.5
2020-04-24,2013.800048828125,2013.800048828125,2013.800048828125,2013.800048828125
2020-04-27,1903.0999755859375,1903.0999755859375,1903.0999755859375,1903.0999755859375
2020-04-28,1887.0,1887.0,1887.0,1887.0
2020-04-29,1913.5,1913.5,1913.5,1913.5
2020-04-30,1952.0999755859375,1952.0999755859375,1952.0999755859375,1952.0999755859375
2020-05-01,1883.5,1883.5,1883.5,1883.5
2020-05-04,1831.0,1831.0,1831.0,1831.0
2020-05-05,1752.199951171875,1752.199951171875,1752.199951171875,1752.199951171875
2020-05-06,1753.5999755859375,1753.5999755859375,1753.5999755859375,1753.5999755859375
2020-05-07,1830.4000244140625,1830.4000244140625,1830.4000244140625,1830.4000244140625
2020-05-08,1815.800048828125,1815.800048828125,1815.800048828125,1815.800048828125
2020-05-11,1822.800048828125,1822.800048828125,1822.800048828125,1822.800048828125
2020-05-12,1830.0999755859375,1830.0999755859375,1830.0999755859375,1830.0999755859375
2020-05-13,1785.4000244140625,1785.4000244140625,1785.4000244140625,1785.4000244140625
2020-05-14,1792.9000244140625,1792.9000244140625,1792.9000244140625,1792.9000244140625
2020-05-15,1852.5999755859375,1852.5999755859375,1852.5999755859375,1852.5999755859375
2020-05-18,2021.800048828125,2021.800048828125,2021.800048828125,2021.800048828125
2020-05-19,2069.39990234375,2069.39990234375,2069.39990234375,2069.39990234375
2020-05-20,2154.10009765625,2154.10009765625,2154.10009765625,2154.10009765625
2020-05-21,2057.0,2057.0,2057.0,2057.0
2020-05-22,1971.800048828125,1971.800048828125,1971.800048828125,1971.800048828125
2020-05-26,1983.800048828125,1983.800048828125,1983.800048828125,1983.800048828125
2020-05-27,1971.300048828125,1971.300048828125,1971.300048828125,1971.300048828125
2020-05-28,1974.9000244140625,1988.0,1860.0,1901.5999755859375
2020-05-29,1893.0999755859375,1934.5,1893.0999755859375,1934.5
2020-06-01,1941.300048828125,1963.4000244140625,1941.300048828125,1963.4000244140625
2020-06-02,1954.0,1954.0,1954.0,1954.0
2020-06-03,1948.5999755859375,1948.5999755859375,1933.4000244140625,1933.4000244140625
2020-06-04,1943.800048828125,1943.800048828125,1830.0,1902.5
2020-06-05,1932.800048828125,1932.800048828125,1929.9000244140625,1929.9000244140625
2020-06-08,1944.0999755859375,2019.199951171875,1944.0999755859375,2019.199951171875
2020-06-09,1924.9000244140625,1948.199951171875,1924.9000244140625,1948.199951171875
2020-06-10,1945.9000244140625,1994.9000244140625,1911.9000244140625,1911.9000244140625
2020-06-11,1926.300048828125,1926.300048828125,1889.9000244140625,1889.9000244140625
2020-06-12,1918.300048828125,1918.300048828125,1918.300048828125,1918.300048828125
2020-06-15,1879.0,1912.9000244140625,1879.0,1912.9000244140625
2020-06-16,1922.5,1922.5,1922.5,1922.5
2020-06-17,1905.300048828125,1905.300048828125,1905.300048828125,1905.300048828125
2020-06-18,1888.4000244140625,1888.4000244140625,1888.4000244140625,1888.4000244140625
2020-06-19,1896.9000244140625,1897.800048828125,1888.199951171875,1888.199951171875
2020-06-22,1921.9000244140625,1921.9000244140625,1921.9000244140625,1921.9000244140625
2020-06-23,1930.9000244140625,1930.9000244140625,1930.9000244140625,1930.9000244140625
2020-06-24,1868.300048828125,1868.300048828125,1868.300048828125,1868.300048828125
2020-06-25,1839.5999755859375,1839.5999755859375,1824.9000244140625,1824.9000244140625
2020-06-26,1874.199951171875,1874.199951171875,1874.199951171875,1874.199951171875
2020-06-29,1911.5999755859375,1911.5999755859375,1911.5999755859375,1911.5999755859375
2020-06-30,1945.4000244140625,1945.4000244140625,1945.4000244140625,1945.4000244140625
2020-07-01,1909.199951171875,1909.199951171875,1909.199951171875,1909.199951171875
2020-07-02,1906.0999755859375,1906.0999755859375,1906.0999755859375,1906.0999755859375
2020-07-06,1930.800048828125,1930.800048828125,1930.800048828125,1930.800048828125
2020-07-07,1930.0999755859375,1930.0999755859375,1930.0999755859375,1930.0999755859375
2020-07-08,1916.800048828125,1916.800048828125,1916.800048828125,1916.800048828125
2020-07-09,1941.699951171875,1941.699951171875,1941.699951171875,1941.699951171875
2020-07-10,1972.9000244140625,1972.9000244140625,1972.9000244140625,1972.9000244140625
2020-07-13,2036.699951171875,2082.10009765625,2019.4000244140625,2019.4000244140625
2020-07-14,1964.0999755859375,1964.0999755859375,1964.0999755859375,1964.0999755859375
2020-07-15,1988.5,1988.5,1988.5,1988.5
2020-07-16,2003.5999755859375,2003.5999755859375,2003.5999755859375,2003.5999755859375
2020-07-17,2050.199951171875,2050.199951171875,2050.199951171875,2050.199951171875
2020-07-20,2087.89990234375,2087.89990234375,2087.89990234375,2087.89990234375
2020-07-21,2166.699951171875,2166.699951171875,2166.699951171875,2166.699951171875
2020-07-22,2207.5,2207.5,2207.5,2207.5
2020-07-23,2218.300048828125,2218.300048828125,2218.300048828125,2218.300048828125
2020-07-24,2272.60009765625,2272.60009765625,2272.60009765625,2272.60009765625
2020-07-27,2348.199951171875,2348.199951171875,2348.199951171875,2348.199951171875
2020-07-28,2344.0,2344.0,2344.0,2344.0
2020-07-29,2239.699951171875,2239.699951171875,2239.699951171875,2239.699951171875
2020-07-30,2114.89990234375,2114.89990234375,2114.89990234375,2114.89990234375
2020-07-31,2135.300048828125,2135.300048828125,2135.300048828125,2135.300048828125
2020-08-03,2129.699951171875,2129.699951171875,2129.699951171875,2129.699951171875
2020-08-04,2161.0,2161.0,2161.0,2161.0
2020-08-05,2207.60009765625,2207.60009765625,2207.60009765625,2207.60009765625
2020-08-06,2251.800048828125,2251.800048828125,2251.800048828125,2251.800048828125
2020-08-07,2172.60009765625,2172.60009765625,2172.60009765625,2172.60009765625
2020-08-10,2265.199951171875,2265.199951171875,2265.199951171875,2265.199951171875
2020-08-11,2171.60009765625,2171.60009765625,2171.60009765625,2171.60009765625
2020-08-12,2164.800048828125,2164.800048828125,2164.800048828125,2164.800048828125
2020-08-13,2213.39990234375,2213.39990234375,2213.39990234375,2213.39990234375
2020-08-14,2140.39990234375,2140.39990234375,2140.39990234375,2140.39990234375
2020-08-17,2230.39990234375,2230.39990234375,2230.39990234375,2230.39990234375
2020-08-18,2225.199951171875,2225.199951171875,2225.199951171875,2225.199951171875
2020-08-19,2176.0,2176.0,2162.0,2176.0
2020-08-20,2183.800048828125,2183.800048828125,2183.800048828125,2183.800048828125
2020-08-21,2177.199951171875,2177.199951171875,2177.199951171875,2177.199951171875
2020-08-24,2162.60009765625,2162.60009765625,2162.60009765625,2162.60009765625
2020-08-25,2169.300048828125,2169.300048828125,2169.300048828125,2169.300048828125
2020-08-26,2188.199951171875,2188.199951171875,2188.199951171875,2188.199951171875
2020-08-27,2189.10009765625,2225.800048828125,2142.5,2159.199951171875
2020-08-28,2164.0,2201.0,2149.10009765625,2197.800048828125
2020-08-31,2207.699951171875,2268.0,2204.39990234375,2245.39990234375
2020-09-01,2277.199951171875,2277.199951171875,2277.199951171875,2277.199951171875
2020-09-02,2242.89990234375,2242.89990234375,2242.89990234375,2242.89990234375
2020-09-03,2297.0,2297.0,2297.0,2297.0
2020-09-04,2285.0,2318.60009765625,2285.0,2318.60009765625
2020-09-08,2300.0,2304.5,2281.10009765625,2281.199951171875
2020-09-09,2294.0,2294.0,2294.0,2294.0
2020-09-10,2307.39990234375,2307.39990234375,2307.39990234375,2307.39990234375
2020-09-11,2313.10009765625,2313.10009765625,2313.10009765625,2313.10009765625
2020-09-14,2306.699951171875,2306.699951171875,2306.699951171875,2306.699951171875
2020-09-15,2396.300048828125,2396.300048828125,2396.300048828125,2396.300048828125
2020-09-16,2399.89990234375,2399.89990234375,2390.0,2399.89990234375
2020-09-17,2361.5,2361.5,2317.60009765625,2317.60009765625
2020-09-18,2364.0,2364.0,2364.0,2364.0
2020-09-21,2266.10009765625,2266.10009765625,2266.10009765625,2266.10009765625
2020-09-22,2216.0,2216.0,2216.0,2216.0
2020-09-23,2244.699951171875,2244.699951171875,2244.699951171875,2244.699951171875
2020-09-24,2210.60009765625,2213.0,2210.60009765625,2213.0
2020-09-25,2207.699951171875,2207.699951171875,2207.699951171875,2207.699951171875
2020-09-28,2258.5,2258.5,2258.5,2258.5
2020-09-29,2320.10009765625,2320.10009765625,2320.10009765625,2320.10009765625
2020-09-30,2321.300048828125,2321.300048828125,2321.300048828125,2321.300048828125
2020-10-01,2319.0,2319.0,2319.0,2319.0
2020-10-02,2315.800048828125,2315.800048828125,2315.800048828125,2315.800048828125
2020-10-05,2369.199951171875,2369.199951171875,2369.199951171875,2369.199951171875
2020-10-06,2382.0,2382.0,2382.0,2382.0
2020-10-07,2372.89990234375,2372.89990234375,2372.89990234375,2372.89990234375
2020-10-08,2393.800048828125,2393.800048828125,2393.800048828125,2393.800048828125
2020-10-09,2454.0,2454.0,2454.0,2454.0
2020-10-12,2416.39990234375,2416.39990234375,2416.39990234375,2416.39990234375
2020-10-13,2335.10009765625,2335.10009765625,2335.10009765625,2335.10009765625
2020-10-14,2357.10009765625,2357.10009765625,2357.10009765625,2357.10009765625
2020-10-15,2357.89990234375,2357.89990234375,2357.89990234375,2357.89990234375
2020-10-16,2333.10009765625,2333.10009765625,2333.10009765625,2333.10009765625
2020-10-19,2348.300048828125,2348.300048828125,2348.300048828125,2348.300048828125
2020-10-20,2408.5,2408.5,2408.5,2408.5
2020-10-21,2406.0,2419.800048828125,2401.0,2419.800048828125
2020-10-22,2388.60009765625,2388.60009765625,2388.60009765625,2388.60009765625
2020-10-23,2391.39990234375,2391.39990234375,2391.39990234375,2391.39990234375
2020-10-26,2361.89990234375,2361.89990234375,2361.89990234375,2361.89990234375
2020-10-27,2347.300048828125,2347.300048828125,2347.300048828125,2347.300048828125
2020-10-28,2244.300048828125,2244.300048828125,2244.300048828125,2244.300048828125
2020-10-29,2191.39990234375,2191.39990234375,2191.39990234375,2191.39990234375
2020-10-30,2210.300048828125,2210.300048828125,2210.300048828125,2210.300048828125
2020-11-02,2214.300048828125,2214.300048828125,2214.300048828125,2214.300048828125
2020-11-03,2292.39990234375,2292.39990234375,2292.39990234375,2292.39990234375
2020-11-04,2302.300048828125,2302.300048828125,2302.300048828125,2302.300048828125
2020-11-05,2378.300048828125,2378.300048828125,2378.300048828125,2378.300048828125
2020-11-06,2495.199951171875,2495.199951171875,2495.199951171875,2495.199951171875
2020-11-09,2494.60009765625,2494.60009765625,2494.60009765625,2494.60009765625
2020-11-10,2467.199951171875,2467.199951171875,2467.199951171875,2467.199951171875
2020-11-11,2312.89990234375,2312.89990234375,2312.89990234375,2312.89990234375
2020-11-12,2338.39990234375,2338.39990234375,2338.39990234375,2338.39990234375
2020-11-13,2326.300048828125,2326.300048828125,2326.300048828125,2326.300048828125
2020-11-16,2342.199951171875,2342.199951171875,2342.199951171875,2342.199951171875
2020-11-17,2323.60009765625,2323.60009765625,2323.60009765625,2323.60009765625
2020-11-18,2351.300048828125,2351.300048828125,2351.300048828125,2351.300048828125
2020-11-19,2317.39990234375,2317.39990234375,2317.39990234375,2317.39990234375
2020-11-20,2321.199951171875,2321.199951171875,2321.199951171875,2321.199951171875
2020-11-23,2351.800048828125,2351.800048828125,2351.800048828125,2351.800048828125
2020-11-24,2350.10009765625,2350.10009765625,2350.10009765625,2350.10009765625
2020-11-25,2341.60009765625,2341.60009765625,2341.60009765625,2341.60009765625
2020-11-27,2349.199951171875,2428.5,2342.39990234375,2424.39990234375
2020-11-30,2417.300048828125,2420.5,2378.0,2392.800048828125
2020-12-01,2416.199951171875,2417.300048828125,2414.10009765625,2417.300048828125
2020-12-02,2393.0,2397.39990234375,2393.0,2397.39990234375
2020-12-03,2360.0,2360.0,2225.10009765625,2302.10009765625
2020-12-04,2319.60009765625,2355.0,2319.60009765625,2345.800048828125
2020-12-07,2339.89990234375,2339.89990234375,2339.89990234375,2339.89990234375
2020-12-08,2335.0,2335.0,2316.699951171875,2316.699951171875
2020-12-09,2298.5,2298.5,2280.300048828125,2280.300048828125
2020-12-10,2332.0,2333.5,2325.0,2325.0
2020-12-11,2331.0,2341.0,2316.5,2322.10009765625
2020-12-14,2307.89990234375,2307.89990234375,2307.89990234375,2307.89990234375
2020-12-15,2314.199951171875,2314.199951171875,2314.199951171875,2314.199951171875
2020-12-16,2338.699951171875,2338.699951171875,2327.5,2338.699951171875
2020-12-17,2335.0,2345.0,2335.0,2338.0
2020-12-18,2340.0,2360.89990234375,2340.0,2360.89990234375
2020-12-21,2375.0,2390.0,2294.5,2304.39990234375
2020-12-22,2311.10009765625,2311.10009765625,2311.10009765625,2311.10009765625
2020-12-23,2326.300048828125,2326.300048828125,2326.300048828125,2326.300048828125
2020-12-24,2333.10009765625,2333.10009765625,2333.10009765625,2333.10009765625
2020-12-28,2339.0,2339.0,2339.0,2339.0
2020-12-29,2331.5,2331.5,2331.5,2331.5
2020-12-30,2373.10009765625,2373.10009765625,2373.10009765625,2373.10009765625
2020-12-31,2448.5,2448.5,2448.5,2448.5
2021-01-04,2385.89990234375,2385.89990234375,2385.89990234375,2385.89990234375
2021-01-05,2488.10009765625,2488.10009765625,2488.10009765625,2488.10009765625
2021-01-06,2442.800048828125,2442.800048828125,2442.800048828125,2442.800048828125
2021-01-07,2426.300048828125,2426.300048828125,2426.300048828125,2426.300048828125
2021-01-08,2359.699951171875,2359.699951171875,2359.699951171875,2359.699951171875
2021-01-11,2373.5,2373.5,2373.5,2373.5
2021-01-12,2370.89990234375,2370.89990234375,2370.89990234375,2370.89990234375
2021-01-13,2391.800048828125,2391.800048828125,2391.800048828125,2391.800048828125
2021-01-14,2418.0,2418.0,2418.0,2418.0
2021-01-15,2389.800048828125,2389.800048828125,2389.800048828125,2389.800048828125
2021-01-19,2359.699951171875,2359.699951171875,2359.699951171875,2359.699951171875
2021-01-20,2397.89990234375,2397.89990234375,2397.89990234375,2397.89990234375
2021-01-21,2369.800048828125,2369.800048828125,2369.800048828125,2369.800048828125
2021-01-22,2359.89990234375,2359.89990234375,2359.89990234375,2359.89990234375
2021-01-25,2341.60009765625,2341.60009765625,2341.60009765625,2341.60009765625
2021-01-26,2319.699951171875,2319.699951171875,2319.699951171875,2319.699951171875
2021-01-27,2305.199951171875,2305.199951171875,2305.199951171875,2305.199951171875
2021-01-28,2321.0,2321.0,2321.0,2321.0
2021-01-29,2207.10009765625,2207.10009765625,2207.10009765625,2207.10009765625
2021-02-01,2240.39990234375,2240.39990234375,2240.39990234375,2240.39990234375
2021-02-02,2226.39990234375,2226.39990234375,2226.39990234375,2226.39990234375
2021-02-03,2275.300048828125,2275.300048828125,2275.300048828125,2275.300048828125
2021-02-04,2279.39990234375,2279.39990234375,2279.39990234375,2279.39990234375
2021-02-05,2325.0,2325.0,2325.0,2325.0
2021-02-08,2335.39990234375,2335.39990234375,2335.39990234375,2335.39990234375
2021-02-09,2319.300048828125,2319.300048828125,2319.300048828125,2319.300048828125
2021-02-10,2351.199951171875,2351.199951171875,2351.199951171875,2351.199951171875
2021-02-11,2345.699951171875,2345.699951171875,2345.699951171875,2345.699951171875
2021-02-12,2381.300048828125,2381.300048828125,2381.300048828125,2381.300048828125
2021-02-16,2386.89990234375,2386.89990234375,2386.89990234375,2386.89990234375
2021-02-17,2368.39990234375,2368.39990234375,2368.39990234375,2368.39990234375
2021-02-18,2347.5,2347.5,2347.5,2347.5
2021-02-19,2367.89990234375,2367.89990234375,2367.89990234375,2367.89990234375
2021-02-22,2390.800048828125,2390.800048828125,2390.800048828125,2390.800048828125
2021-02-23,2333.800048828125,2333.800048828125,2333.800048828125,2333.800048828125
2021-02-24,2420.800048828125,2420.800048828125,2420.800048828125,2420.800048828125
2021-02-25,2438.0,2480.0,2391.0,2407.300048828125
2021-02-26,2382.0,2418.0,2300.0,2310.10009765625
2021-03-01,2310.0,2347.5,2309.5,2344.60009765625
2021-03-02,2365.199951171875,2365.199951171875,2365.199951171875,2365.199951171875
2021-03-03,2350.89990234375,2350.89990234375,2350.89990234375,2350.89990234375
2021-03-04,2339.10009765625,2339.10009765625,2339.10009765625,2339.10009765625
2021-03-05,2325.699951171875,2325.699951171875,2325.699951171875,2325.699951171875
2021-03-08,2310.5,2310.5,2310.5,2310.5
2021-03-09,2288.800048828125,2288.800048828125,2288.800048828125,2288.800048828125
2021-03-10,2289.0,2289.0,2289.0,2289.0
2021-03-11,2337.5,2337.5,2337.5,2337.5
2021-03-12,2356.60009765625,2356.60009765625,2356.60009765625,2356.60009765625
2021-03-15,2369.60009765625,2369.60009765625,2369.60009765625,2369.60009765625
2021-03-16,2487.800048828125,2487.800048828125,2465.0,2487.800048828125
2021-03-17,2533.800048828125,2533.800048828125,2533.800048828125,2533.800048828125
2021-03-18,2658.300048828125,2658.300048828125,2658.300048828125,2658.300048828125
2021-03-19,2626.60009765625,2626.60009765625,2626.60009765625,2626.60009765625
2021-03-22,2595.89990234375,2595.89990234375,2595.89990234375,2595.89990234375
2021-03-23,2626.5,2626.5,2612.60009765625,2612.60009765625
2021-03-24,2632.0,2635.300048828125,2632.0,2635.300048828125
2021-03-25,2635.0,2635.0,2610.699951171875,2610.699951171875
2021-03-26,2660.0,2670.39990234375,2660.0,2670.39990234375
2021-03-29,2525.0,2525.0,2525.0,2525.0
2021-03-30,2566.60009765625,2566.60009765625,2566.60009765625,2566.60009765625
2021-03-31,2617.5,2617.5,2617.5,2617.5
2021-04-01,2653.39990234375,2653.39990234375,2653.39990234375,2653.39990234375
2021-04-05,2652.300048828125,2652.300048828125,2652.300048828125,2652.300048828125
2021-04-06,2687.800048828125,2687.800048828125,2687.800048828125,2687.800048828125
2021-04-07,2618.699951171875,2618.699951171875,2618.699951171875,2618.699951171875
2021-04-08,2623.0,2623.0,2623.0,2623.0
2021-04-09,2630.699951171875,2630.699951171875,2630.699951171875,2630.699951171875
2021-04-12,2666.60009765625,2666.60009765625,2666.60009765625,2666.60009765625
2021-04-13,2691.60009765625,2691.60009765625,2691.60009765625,2691.60009765625
2021-04-14,2674.10009765625,2674.10009765625,2674.10009765625,2674.10009765625
2021-04-15,2734.10009765625,2734.10009765625,2734.10009765625,2734.10009765625
2021-04-16,2769.39990234375,2769.39990234375,2769.39990234375,2769.39990234375
2021-04-19,2808.300048828125,2808.300048828125,2808.300048828125,2808.300048828125
2021-04-20,2752.10009765625,2752.10009765625,2752.10009765625,2752.10009765625
2021-04-21,2870.300048828125,2870.300048828125,2870.300048828125,2870.300048828125
2021-04-22,2837.60009765625,2837.60009765625,2837.60009765625,2837.60009765625
2021-04-23,2851.699951171875,2851.699951171875,2851.699951171875,2851.699951171875
2021-04-26,2904.0,2904.0,2904.0,2904.0
2021-04-27,2947.300048828125,2947.300048828125,2947.300048828125,2947.300048828125
2021-04-28,2924.89990234375,2924.89990234375,2924.89990234375,2924.89990234375
2021-04-29,2952.60009765625,2952.60009765625,2952.60009765625,2952.60009765625
2021-04-30,2957.699951171875,2957.699951171875,2957.699951171875,2957.699951171875
2021-05-03,2985.39990234375,2985.39990234375,2985.39990234375,2985.39990234375
2021-05-04,2981.60009765625,2981.60009765625,2981.60009765625,2981.60009765625
2021-05-05,2976.800048828125,2976.800048828125,2976.800048828125,2976.800048828125
2021-05-06,2951.39990234375,2951.39990234375,2951.39990234375,2951.39990234375
2021-05-07,2929.10009765625,2929.10009765625,2929.10009765625,2929.10009765625
2021-05-10,2972.10009765625,2972.10009765625,2972.10009765625,2972.10009765625
2021-05-11,2923.199951171875,2923.199951171875,2923.199951171875,2923.199951171875
2021-05-12,2846.0,2846.0,2846.0,2846.0
2021-05-13,2861.60009765625,2861.60009765625,2861.60009765625,2861.60009765625
2021-05-14,2891.60009765625,2891.60009765625,2891.60009765625,2891.60009765625
2021-05-17,2892.89990234375,2892.89990234375,2892.89990234375,2892.89990234375
2021-05-18,2903.39990234375,2903.39990234375,2903.39990234375,2903.39990234375
2021-05-19,2885.10009765625,2885.10009765625,2885.10009765625,2885.10009765625
2021-05-20,2870.5,2870.5,2870.5,2870.5
2021-05-21,2775.300048828125,2775.300048828125,2775.300048828125,2775.300048828125
2021-05-24,2730.10009765625,2730.10009765625,2730.10009765625,2730.10009765625
2021-05-25,2777.5,2777.5,2777.5,2777.5
2021-05-26,2748.5,2748.5,2748.5,2748.5
2021-05-27,2738.0,2834.0,2737.5,2802.300048828125
2021-05-28,2816.0,2834.0,2808.0,2824.199951171875
2021-06-01,2830.0,2856.699951171875,2830.0,2856.699951171875
2021-06-02,2862.0,2862.0,2862.0,2862.0
2021-06-03,2817.0,2822.699951171875,2804.0,2822.699951171875
2021-06-04,2827.0,2837.89990234375,2827.0,2837.89990234375
2021-06-07,2833.39990234375,2833.39990234375,2833.39990234375,2833.39990234375
2021-06-08,2802.60009765625,2802.60009765625,2802.60009765625,2802.60009765625
2021-06-09,2800.0,2800.0,2769.0,2770.0
2021-06-10,2768.0,2774.699951171875,2768.0,2774.699951171875
2021-06-11,2777.699951171875,2777.699951171875,2777.699951171875,2777.699951171875
2021-06-14,2753.60009765625,2753.60009765625,2753.60009765625,2753.60009765625
2021-06-15,2761.800048828125,2761.800048828125,2761.800048828125,2761.800048828125
2021-06-16,2805.5,2834.0,2805.5,2834.0
2021-06-17,2766.5,2769.0,2509.60009765625,2509.60009765625
2021-06-18,2516.0,2520.0,2461.0,2465.699951171875
2021-06-21,2540.0,2553.199951171875,2540.0,2553.199951171875
2021-06-22,2554.699951171875,2555.5,2550.0,2554.699951171875
2021-06-23,2587.5,2626.300048828125,2587.5,2626.300048828125
2021-06-24,2612.0,2639.800048828125,2597.5,2639.800048828125
2021-06-25,2633.300048828125,2633.300048828125,2633.300048828125,2633.300048828125
2021-06-28,2695.89990234375,2695.89990234375,2695.89990234375,2695.89990234375
2021-06-29,2679.39990234375,2679.39990234375,2679.39990234375,2679.39990234375
2021-06-30,2777.39990234375,2777.39990234375,2777.39990234375,2777.39990234375
2021-07-01,2767.10009765625,2767.10009765625,2767.10009765625,2767.10009765625
2021-07-02,2790.699951171875,2790.699951171875,2790.699951171875,2790.699951171875
2021-07-06,2794.300048828125,2794.300048828125,2794.300048828125,2794.300048828125
2021-07-07,2846.5,2846.5,2846.5,2846.5
2021-07-08,2808.39990234375,2808.39990234375,2808.39990234375,2808.39990234375
2021-07-09,2810.199951171875,2810.199951171875,2810.199951171875,2810.199951171875
2021-07-12,2857.5,2857.5,2857.5,2857.5
2021-07-13,2830.699951171875,2830.699951171875,2830.699951171875,2830.699951171875
2021-07-14,2824.5,2824.5,2824.5,2824.5
2021-07-15,2727.5,2727.5,2727.5,2727.5
2021-07-16,2635.5,2635.5,2635.5,2635.5
2021-07-19,2590.89990234375,2590.89990234375,2590.89990234375,2590.89990234375
2021-07-20,2638.60009765625,2638.60009765625,2638.60009765625,2638.60009765625
2021-07-21,2653.10009765625,2653.10009765625,2653.10009765625,2653.10009765625
2021-07-22,2702.800048828125,2702.800048828125,2702.800048828125,2702.800048828125
2021-07-23,2660.60009765625,2660.60009765625,2660.60009765625,2660.60009765625
2021-07-26,2676.300048828125,2676.300048828125,2676.300048828125,2676.300048828125
2021-07-27,2604.89990234375,2604.89990234375,2604.89990234375,2604.89990234375
2021-07-28,2620.800048828125,2620.800048828125,2620.800048828125,2620.800048828125
2021-07-29,2642.699951171875,2642.699951171875,2642.699951171875,2642.699951171875
2021-07-30,2655.800048828125,2655.800048828125,2655.800048828125,2655.800048828125
2021-08-02,2683.699951171875,2683.699951171875,2683.699951171875,2683.699951171875
2021-08-03,2644.89990234375,2644.89990234375,2644.89990234375,2644.89990234375
2021-08-04,2651.300048828125,2651.300048828125,2651.300048828125,2651.300048828125
2021-08-05,2654.699951171875,2654.699951171875,2654.699951171875,2654.699951171875
2021-08-06,2629.699951171875,2629.699951171875,2629.699951171875,2629.699951171875
2021-08-09,2601.699951171875,2601.699951171875,2601.699951171875,2601.699951171875
2021-08-10,2649.60009765625,2649.60009765625,2649.60009765625,2649.60009765625
2021-08-11,2632.39990234375,2632.39990234375,2632.39990234375,2632.39990234375
2021-08-12,2623.5,2623.5,2623.5,2623.5
2021-08-13,2656.10009765625,2656.10009765625,2656.10009765625,2656.10009765625
2021-08-16,2597.60009765625,2597.60009765625,2597.60009765625,2597.60009765625
2021-08-17,2493.800048828125,2493.800048828125,2493.800048828125,2493.800048828125
2021-08-18,2421.5,2421.5,2421.5,2421.5
2021-08-19,2296.10009765625,2296.10009765625,2296.10009765625,2296.10009765625
2021-08-20,2288.0,2288.0,2274.699951171875,2274.699951171875
2021-08-23,2383.300048828125,2383.300048828125,2383.300048828125,2383.300048828125
2021-08-24,2440.699951171875,2440.699951171875,2440.699951171875,2440.699951171875
2021-08-25,2428.89990234375,2428.89990234375,2428.89990234375,2428.89990234375
2021-08-26,2386.5,2386.5,2386.5,2386.5
2021-08-27,2402.199951171875,2402.199951171875,2402.199951171875,2402.199951171875
2021-08-30,2414.0,2495.5,2404.0,2476.10009765625
2021-08-31,2470.0,2489.5,2462.0,2468.300048828125
2021-09-01,2466.0,2485.5,2426.5,2438.39990234375
2021-09-02,2405.5,2405.5,2397.39990234375,2397.39990234375
2021-09-03,2399.0,2414.39990234375,2397.0,2414.39990234375
2021-09-07,2422.0,2422.0,2341.0,2351.199951171875
2021-09-08,2222.0,2235.5,2222.0,2235.5
2021-09-09,2139.800048828125,2139.800048828125,2139.800048828125,2139.800048828125
2021-09-10,2204.0,2204.0,2123.0,2123.0
2021-09-13,2100.0,2100.0,2063.0,2076.60009765625
2021-09-14,1979.0,1979.0,1972.5999755859375,1972.5999755859375
2021-09-15,1990.199951171875,1990.199951171875,1990.199951171875,1990.199951171875
2021-09-16,2018.9000244140625,2018.9000244140625,2018.9000244140625,2018.9000244140625
2021-09-17,1981.199951171875,1981.199951171875,1981.199951171875,1981.199951171875
2021-09-20,1880.0,1880.0,1860.5,1865.199951171875
2021-09-21,1885.0,1894.5,1885.0,1894.5
2021-09-22,2036.199951171875,2036.199951171875,2036.199951171875,2036.199951171875
2021-09-23,1971.800048828125,1971.800048828125,1971.800048828125,1971.800048828125
2021-09-24,1939.0,1951.0999755859375,1939.0,1951.0999755859375
2021-09-27,1947.699951171875,1947.699951171875,1947.699951171875,1947.699951171875
2021-09-28,1923.0,1923.0,1854.199951171875,1854.199951171875
2021-09-29,1853.5,1853.5,1833.0999755859375,1833.0999755859375
2021-09-30,1902.5999755859375,1902.5999755859375,1902.5999755859375,1902.5999755859375
2021-10-01,1906.5,1906.5,1906.5,1906.5
2021-10-04,1877.800048828125,1877.800048828125,1877.800048828125,1877.800048828125
2021-10-05,1902.199951171875,1902.199951171875,1902.199951171875,1902.199951171875
2021-10-06,1870.5999755859375,1870.5999755859375,1870.5999755859375,1870.5999755859375
2021-10-07,1957.800048828125,1957.800048828125,1957.800048828125,1957.800048828125
2021-10-08,2075.800048828125,2075.800048828125,2075.800048828125,2075.800048828125
2021-10-11,2122.300048828125,2122.300048828125,2122.300048828125,2122.300048828125
2021-10-12,2050.60009765625,2050.60009765625,2050.60009765625,2050.60009765625
2021-10-13,2108.89990234375,2108.89990234375,2108.89990234375,2108.89990234375
2021-10-14,2153.699951171875,2153.699951171875,2153.699951171875,2153.699951171875
2021-10-15,2079.39990234375,2079.39990234375,2079.39990234375,2079.39990234375
2021-10-18,2015.9000244140625,2015.9000244140625,2015.9000244140625,2015.9000244140625
2021-10-19,2103.699951171875,2103.699951171875,2103.699951171875,2103.699951171875
2021-10-20,2085.199951171875,2085.199951171875,2085.199951171875,2085.199951171875
2021-10-21,2020.9000244140625,2020.9000244140625,2020.9000244140625,2020.9000244140625
2021-10-22,2038.4000244140625,2038.4000244140625,2038.4000244140625,2038.4000244140625
2021-10-25,2051.0,2051.0,2051.0,2051.0
2021-10-26,2007.5999755859375,2007.5999755859375,2007.5999755859375,2007.5999755859375
2021-10-27,1977.0999755859375,1977.0999755859375,1977.0999755859375,1977.0999755859375
2021-10-28,1995.199951171875,1995.199951171875,1995.199951171875,1995.199951171875
2021-10-29,1986.0999755859375,1986.0999755859375,1986.0999755859375,1986.0999755859375
2021-11-01,2058.10009765625,2058.10009765625,2058.10009765625,2058.10009765625
2021-11-02,2013.199951171875,2013.199951171875,2013.199951171875,2013.199951171875
2021-11-03,1984.0999755859375,1984.0999755859375,1984.0999755859375,1984.0999755859375
2021-11-04,1993.300048828125,1993.300048828125,1993.300048828125,1993.300048828125
2021-11-05,2024.5,2024.5,2024.5,2024.5
2021-11-08,2074.60009765625,2074.60009765625,2074.60009765625,2074.60009765625
2021-11-09,2019.0,2019.0,2019.0,2019.0
2021-11-10,2035.800048828125,2035.800048828125,2035.800048828125,2035.800048828125
2021-11-11,2059.5,2059.5,2059.5,2059.5
2021-11-12,2114.60009765625,2114.60009765625,2114.60009765625,2114.60009765625
2021-11-15,2153.0,2153.0,2153.0,2153.0
2021-11-16,2164.5,2164.5,2164.5,2164.5
2021-11-17,2181.39990234375,2181.39990234375,2181.39990234375,2181.39990234375
2021-11-18,2134.300048828125,2134.300048828125,2134.300048828125,2134.300048828125
2021-11-19,2070.10009765625,2070.10009765625,2070.10009765625,2070.10009765625
2021-11-22,1947.5,1947.5,1947.5,1947.5
2021-11-23,1847.199951171875,1847.199951171875,1847.199951171875,1847.199951171875
2021-11-24,1844.800048828125,1844.800048828125,1844.800048828125,1844.800048828125
2021-11-26,1786.0,1786.0,1786.0,1786.0
2021-11-29,1727.0,1797.0,1727.0,1784.199951171875
2021-11-30,1749.5,1783.0,1703.0999755859375,1703.0999755859375
2021-12-01,1738.0,1751.0999755859375,1738.0,1751.0999755859375
2021-12-02,1740.0,1772.0,1740.0,1769.9000244140625
2021-12-03,1811.0999755859375,1811.0999755859375,1811.0999755859375,1811.0999755859375
2021-12-06,1844.199951171875,1844.199951171875,1844.199951171875,1844.199951171875
2021-12-07,1845.5,1845.5,1845.5,1845.5
2021-12-08,1851.0,1851.0,1851.0,1851.0
2021-12-09,1811.800048828125,1811.800048828125,1811.800048828125,1811.800048828125
2021-12-10,1770.5,1772.5,1748.0999755859375,1748.0999755859375
2021-12-13,1672.4000244140625,1672.4000244140625,1672.4000244140625,1672.4000244140625
2021-12-14,1620.5,1620.5,1620.5,1620.5
2021-12-15,1549.4000244140625,1549.4000244140625,1549.4000244140625,1549.4000244140625
2021-12-16,1720.5999755859375,1720.5999755859375,1720.5999755859375,1720.5999755859375
2021-12-17,1782.5999755859375,1782.5999755859375,1782.5999755859375,1782.5999755859375
2021-12-20,1743.699951171875,1743.699951171875,1743.699951171875,1743.699951171875
2021-12-21,1790.9000244140625,1790.9000244140625,1790.9000244140625,1790.9000244140625
2021-12-22,1887.0999755859375,1887.0999755859375,1887.0999755859375,1887.0999755859375
2021-12-23,1954.699951171875,1954.699951171875,1954.699951171875,1954.699951171875
2021-12-27,1944.300048828125,1944.300048828125,1944.300048828125,1944.300048828125
2021-12-28,1998.4000244140625,1998.4000244140625,1998.4000244140625,1998.4000244140625
2021-12-29,1984.800048828125,1984.800048828125,1984.800048828125,1984.800048828125
2021-12-30,1959.5,1979.199951171875,1959.5,1979.199951171875
2021-12-31,1908.0999755859375,1908.0999755859375,1908.0999755859375,1908.0999755859375
2022-01-03,1822.0,1822.0,1822.0,1822.0
2022-01-04,1855.699951171875,1855.699951171875,1855.699951171875,1855.699951171875
2022-01-05,1898.5999755859375,1898.5999755859375,1898.5999755859375,1898.5999755859375
2022-01-06,1869.9000244140625,1869.9000244140625,1869.9000244140625,1869.9000244140625
2022-01-07,1917.5999755859375,1917.5999755859375,1917.5999755859375,1917.5999755859375
2022-01-10,1905.199951171875,1905.199951171875,1905.199951171875,1905.199951171875
2022-01-11,1918.0999755859375,1918.0999755859375,1918.0999755859375,1918.0999755859375
2022-01-12,1911.800048828125,1911.800048828125,1911.800048828125,1911.800048828125
2022-01-13,1886.0,1886.0,1886.0,1886.0
2022-01-14,1874.199951171875,1874.199951171875,1874.199951171875,1874.199951171875
2022-01-18,1900.5999755859375,1900.5999755859375,1900.5999755859375,1900.5999755859375
2022-01-19,2004.4000244140625,2004.4000244140625,2004.4000244140625,2004.4000244140625
2022-01-20,2069.699951171875,2069.699951171875,2069.699951171875,2069.699951171875
2022-01-21,2100.300048828125,2100.300048828125,2100.300048828125,2100.300048828125
2022-01-24,2137.0,2137.0,2137.0,2137.0
2022-01-25,2184.89990234375,2184.89990234375,2184.89990234375,2184.89990234375
2022-01-26,2346.60009765625,2346.60009765625,2346.60009765625,2346.60009765625
2022-01-27,2362.5,2362.5,2362.5,2362.5
2022-01-28,2368.699951171875,2368.699951171875,2368.699951171875,2368.699951171875
2022-01-31,2349.199951171875,2349.199951171875,2349.199951171875,2349.199951171875
2022-02-01,2343.199951171875,2343.199951171875,2343.199951171875,2343.199951171875
2022-02-02,2366.199951171875,2366.199951171875,2366.199951171875,2366.199951171875
2022-02-03,2314.39990234375,2314.39990234375,2314.39990234375,2314.39990234375
2022-02-04,2287.39990234375,2287.39990234375,2287.39990234375,2287.39990234375
2022-02-07,2256.800048828125,2256.800048828125,2256.800048828125,2256.800048828125
2022-02-08,2260.89990234375,2260.89990234375,2260.89990234375,2260.89990234375
2022-02-09,2281.60009765625,2281.60009765625,2281.60009765625,2281.60009765625
2022-02-10,2261.800048828125,2261.800048828125,2261.800048828125,2261.800048828125
2022-02-11,2190.10009765625,2190.10009765625,2190.10009765625,2190.10009765625
2022-02-14,2342.5,2342.5,2342.5,2342.5
2022-02-15,2248.0,2248.0,2248.0,2248.0
2022-02-16,2268.300048828125,2268.300048828125,2268.300048828125,2268.300048828125
2022-02-17,2356.60009765625,2356.60009765625,2356.60009765625,2356.60009765625
2022-02-18,2335.39990234375,2335.39990234375,2335.39990234375,2335.39990234375
2022-02-22,2369.300048828125,2369.300048828125,2369.300048828125,2369.300048828125
2022-02-23,2438.10009765625,2438.10009765625,2438.10009765625,2438.10009765625
2022-02-24,2498.60009765625,2498.60009765625,2498.60009765625,2498.60009765625
2022-02-25,2388.5,2479.0,2322.5,2360.699951171875
2022-02-28,2536.5,2536.5,2455.5,2500.5
2022-03-01,2491.5,2706.5,2491.5,2532.5
2022-03-02,2662.60009765625,2662.60009765625,2662.60009765625,2662.60009765625
2022-03-03,2745.5,2745.5,2718.5,2728.800048828125
2022-03-04,2904.0,2979.89990234375,2904.0,2979.89990234375
2022-03-07,3380.5,3380.5,2899.89990234375,2899.89990234375
2022-03-08,3002.0,3028.0,2958.0,2966.5
2022-03-09,3005.5,3005.5,2908.5,2944.800048828125
2022-03-10,2921.5,2921.5,2917.0,2917.0
2022-03-11,2792.89990234375,2792.89990234375,2792.89990234375,2792.89990234375
2022-03-14,2628.0,2628.0,2412.199951171875,2412.199951171875
2022-03-15,2407.39990234375,2407.39990234375,2407.39990234375,2407.39990234375
2022-03-16,2363.39990234375,2363.39990234375,2363.39990234375,2363.39990234375
2022-03-17,2530.0,2530.0,2488.10009765625,2488.10009765625
2022-03-18,2536.0,2536.0,2489.10009765625,2489.10009765625
2022-03-21,2533.39990234375,2533.39990234375,2533.39990234375,2533.39990234375
2022-03-22,2493.0,2493.0,2472.60009765625,2472.60009765625
2022-03-23,2515.39990234375,2515.39990234375,2515.39990234375,2515.39990234375
2022-03-24,2526.699951171875,2526.699951171875,2526.699951171875,2526.699951171875
2022-03-25,2390.39990234375,2390.39990234375,2390.39990234375,2390.39990234375
2022-03-28,2238.5,2238.5,2238.5,2238.5
2022-03-29,2101.0,2108.800048828125,2101.0,2108.800048828125
2022-03-30,2243.0,2243.0,2243.0,2243.0
2022-03-31,2255.5,2255.5,2255.5,2255.5
2022-04-01,2267.39990234375,2267.39990234375,2267.39990234375,2267.39990234375
2022-04-04,2274.89990234375,2274.89990234375,2274.89990234375,2274.89990234375
2022-04-05,2235.199951171875,2235.199951171875,2235.199951171875,2235.199951171875
2022-04-06,2184.60009765625,2184.60009765625,2184.60009765625,2184.60009765625
2022-04-07,2223.0,2223.0,2223.0,2223.0
2022-04-08,2420.0,2420.0,2420.0,2420.0
2022-04-11,2500.0,2500.0,2416.39990234375,2416.39990234375
2022-04-12,2353.699951171875,2353.699951171875,2353.699951171875,2353.699951171875
2022-04-13,2338.800048828125,2338.800048828125,2338.800048828125,2338.800048828125
2022-04-14,2354.300048828125,2354.300048828125,2354.300048828125,2354.300048828125
2022-04-18,2444.0,2444.0,2444.0,2444.0
2022-04-19,2379.300048828125,2379.300048828125,2379.300048828125,2379.300048828125
2022-04-20,2453.5,2458.800048828125,2453.5,2458.800048828125
2022-04-21,2416.89990234375,2416.89990234375,2416.89990234375,2416.89990234375
2022-04-22,2373.0,2373.0,2373.0,2373.0
2022-04-25,2116.39990234375,2116.39990234375,2116.39990234375,2116.39990234375
2022-04-26,2172.89990234375,2172.89990234375,2172.89990234375,2172.89990234375
2022-04-27,2190.39990234375,2190.39990234375,2190.39990234375,2190.39990234375
2022-04-28,2208.60009765625,2208.60009765625,2208.60009765625,2208.60009765625
2022-04-29,2302.800048828125,2302.800048828125,2302.800048828125,2302.800048828125
2022-05-02,2213.300048828125,2213.300048828125,2213.300048828125,2213.300048828125
2022-05-03,2235.60009765625,2235.60009765625,2235.60009765625,2235.60009765625
2022-05-04,2233.300048828125,2233.300048828125,2233.300048828125,2233.300048828125
2022-05-05,2175.300048828125,2175.300048828125,2175.300048828125,2175.300048828125
2022-05-06,2021.199951171875,2021.199951171875,2021.199951171875,2021.199951171875
2022-05-09,2059.800048828125,2059.800048828125,2059.800048828125,2059.800048828125
2022-05-10,2042.0,2042.0,2042.0,2042.0
2022-05-11,2008.0999755859375,2008.0999755859375,2008.0999755859375,2008.0999755859375
2022-05-12,1861.0,1861.0,1861.0,1861.0
2022-05-13,1918.0999755859375,1918.0999755859375,1918.0999755859375,1918.0999755859375
2022-05-16,2003.0,2003.0,2003.0,2003.0
2022-05-17,2031.199951171875,2031.199951171875,2031.199951171875,2031.199951171875
2022-05-18,1991.5999755859375,1991.5999755859375,1991.5999755859375,1991.5999755859375
2022-05-19,1977.800048828125,1977.800048828125,1977.800048828125,1977.800048828125
2022-05-20,1939.199951171875,1939.199951171875,1939.199951171875,1939.199951171875
2022-05-23,1965.9000244140625,1965.9000244140625,1965.9000244140625,1965.9000244140625
2022-05-24,1985.9000244140625,1985.9000244140625,1985.9000244140625,1985.9000244140625
2022-05-25,1988.5999755859375,1988.5999755859375,1988.5999755859375,1988.5999755859375
2022-05-26,1992.800048828125,1992.800048828125,1992.800048828125,1992.800048828125
2022-05-27,2007.5,2053.5,1995.0,2044.699951171875
2022-05-31,2055.0,2062.5,1994.800048828125,1994.800048828125
2022-06-01,1998.5,1998.5,1983.0,1991.800048828125
2022-06-02,2006.0,2038.0,1987.5,2036.5
2022-06-03,2045.0,2045.0,1975.4000244140625,1975.4000244140625
2022-06-06,1991.0,1991.0,1981.0,1985.699951171875
2022-06-07,1955.699951171875,1955.699951171875,1955.699951171875,1955.699951171875
2022-06-08,1915.0,1929.5,1915.0,1928.5999755859375
2022-06-09,1924.0,1924.0,1906.199951171875,1906.199951171875
2022-06-10,1906.5,1906.5,1867.5,1897.699951171875
2022-06-13,1865.0,1877.5,1769.199951171875,1769.199951171875
2022-06-14,1772.300048828125,1772.300048828125,1772.300048828125,1772.300048828125
2022-06-15,1822.5,1826.0,1822.5,1826.0
2022-06-16,1832.5,1857.699951171875,1824.5,1857.699951171875
2022-06-17,1789.800048828125,1789.800048828125,1789.800048828125,1789.800048828125
2022-06-21,1853.800048828125,1853.800048828125,1853.800048828125,1853.800048828125
2022-06-22,1829.0,1829.0,1829.0,1829.0
2022-06-23,1815.199951171875,1815.199951171875,1815.199951171875,1815.199951171875
2022-06-24,1845.4000244140625,1845.4000244140625,1845.4000244140625,1845.4000244140625
2022-06-27,1850.5999755859375,1850.5999755859375,1850.5999755859375,1850.5999755859375
2022-06-28,1853.4000244140625,1853.4000244140625,1853.4000244140625,1853.4000244140625
2022-06-29,1939.5999755859375,1939.5999755859375,1939.5999755859375,1939.5999755859375
2022-06-30,1908.699951171875,1908.699951171875,1908.699951171875,1908.699951171875
2022-07-01,1930.800048828125,1930.800048828125,1930.800048828125,1930.800048828125
2022-07-05,1911.699951171875,1911.699951171875,1911.699951171875,1911.699951171875
2022-07-06,1889.199951171875,1889.199951171875,1889.199951171875,1889.199951171875
2022-07-07,1987.4000244140625,1987.4000244140625,1987.4000244140625,1987.4000244140625
2022-07-08,2151.199951171875,2151.199951171875,2151.199951171875,2151.199951171875
2022-07-11,2166.199951171875,2166.199951171875,2166.199951171875,2166.199951171875
2022-07-12,2010.199951171875,2010.199951171875,2010.199951171875,2010.199951171875
2022-07-13,1966.0,1966.0,1966.0,1966.0
2022-07-14,1892.699951171875,1892.699951171875,1892.699951171875,1892.699951171875
2022-07-15,1824.0,1824.0,1824.0,1824.0
2022-07-18,1843.699951171875,1843.699951171875,1843.699951171875,1843.699951171875
2022-07-19,1848.800048828125,1848.800048828125,1848.800048828125,1848.800048828125
2022-07-20,1856.0,1856.0,1856.0,1856.0
2022-07-21,1871.0999755859375,1871.0999755859375,1871.0999755859375,1871.0999755859375
2022-07-22,2013.199951171875,2013.199951171875,2013.199951171875,2013.199951171875
2022-07-25,1997.699951171875,1997.699951171875,1997.699951171875,1997.699951171875
2022-07-26,2005.800048828125,2005.800048828125,2005.800048828125,2005.800048828125
2022-07-27,1999.0,1999.0,1999.0,1999.0
2022-07-28,2079.39990234375,2079.39990234375,2079.39990234375,2079.39990234375
2022-07-29,2128.89990234375,2128.89990234375,2128.89990234375,2128.89990234375
2022-08-01,2198.60009765625,2198.60009765625,2198.60009765625,2198.60009765625
2022-08-02,2086.699951171875,2086.699951171875,2086.699951171875,2086.699951171875
2022-08-03,2004.4000244140625,2004.4000244140625,2004.4000244140625,2004.4000244140625
2022-08-04,2075.300048828125,2075.300048828125,2075.300048828125,2075.300048828125
2022-08-05,2126.300048828125,2126.300048828125,2126.300048828125,2126.300048828125
2022-08-08,2239.300048828125,2239.300048828125,2239.300048828125,2239.300048828125
2022-08-09,2216.60009765625,2216.60009765625,2216.60009765625,2216.60009765625
2022-08-10,2243.699951171875,2243.699951171875,2243.699951171875,2243.699951171875
2022-08-11,2285.800048828125,2285.800048828125,2285.800048828125,2285.800048828125
2022-08-12,2216.800048828125,2216.800048828125,2216.800048828125,2216.800048828125
2022-08-15,2155.89990234375,2155.89990234375,2155.89990234375,2155.89990234375
2022-08-16,2146.60009765625,2146.60009765625,2146.60009765625,2146.60009765625
2022-08-17,2134.300048828125,2134.300048828125,2134.300048828125,2134.300048828125
2022-08-18,2147.0,2147.0,2147.0,2147.0
2022-08-19,2129.0,2129.0,2129.0,2129.0
2022-08-22,1980.300048828125,1980.300048828125,1980.300048828125,1980.300048828125
2022-08-23,1971.4000244140625,1971.4000244140625,1971.4000244140625,1971.4000244140625
2022-08-24,2024.0999755859375,2024.0999755859375,2024.0999755859375,2024.0999755859375
2022-08-25,2138.300048828125,2138.300048828125,2138.300048828125,2138.300048828125
2022-08-26,2120.39990234375,2120.39990234375,2120.39990234375,2120.39990234375
2022-08-29,2123.300048828125,2123.300048828125,2123.300048828125,2123.300048828125
2022-08-30,2149.0,2160.0,2052.0,2079.60009765625
2022-08-31,2050.0,2068.0,2050.0,2066.60009765625
2022-09-01,2074.0,2074.0,1982.800048828125,1982.800048828125
2022-09-02,2004.0,2012.300048828125,2004.0,2012.300048828125
2022-09-06,2030.0,2030.0,1956.4000244140625,1956.4000244140625
2022-09-07,2007.9000244140625,2019.5,2007.9000244140625,2007.9000244140625
2022-09-08,2011.5,2143.5,2011.5,2132.0
2022-09-09,2162.699951171875,2162.699951171875,2162.699951171875,2162.699951171875
2022-09-12,2247.0,2259.199951171875,2227.0,2259.199951171875
2022-09-13,2095.699951171875,2095.699951171875,2095.699951171875,2095.699951171875
2022-09-14,2158.300048828125,2158.300048828125,2158.300048828125,2158.300048828125
2022-09-15,2134.0,2134.0,2131.300048828125,2131.300048828125
2022-09-16,2098.10009765625,2098.10009765625,2098.10009765625,2098.10009765625
2022-09-19,2201.0,2211.5,2201.0,2203.89990234375
2022-09-20,2188.0,2188.0,2156.10009765625,2156.10009765625
2022-09-21,2109.0,2109.10009765625,2109.0,2109.0
2022-09-22,2160.5,2160.699951171875,2160.5,2160.5
2022-09-23,2056.5,2056.5,2056.39990234375,2056.5
2022-09-26,2035.5,2035.5,2035.5,2035.5
2022-09-27,2076.89990234375,2076.89990234375,2076.89990234375,2076.89990234375
2022-09-28,2150.60009765625,2150.60009765625,2150.60009765625,2150.60009765625
2022-09-29,2202.10009765625,2202.10009765625,2202.10009765625,2202.10009765625
2022-09-30,2173.199951171875,2173.199951171875,2173.199951171875,2173.199951171875
2022-10-03,2223.199951171875,2223.199951171875,2223.199951171875,2223.199951171875
2022-10-04,2321.199951171875,2321.199951171875,2321.199951171875,2321.199951171875
2022-10-05,2246.89990234375,2246.89990234375,2246.89990234375,2246.89990234375
2022-10-06,2266.5,2266.5,2266.5,2266.5
2022-10-07,2182.300048828125,2182.300048828125,2182.300048828125,2182.300048828125
2022-10-10,2158.10009765625,2158.10009765625,2158.10009765625,2158.10009765625
2022-10-11,2140.60009765625,2140.60009765625,2140.60009765625,2140.60009765625
2022-10-12,2126.60009765625,2126.60009765625,2126.60009765625,2126.60009765625
2022-10-13,2107.39990234375,2107.39990234375,2107.39990234375,2107.39990234375
2022-10-14,1987.5,1987.5,1987.5,1987.5
2022-10-17,1990.0999755859375,1990.0999755859375,1990.0999755859375,1990.0999755859375
2022-10-18,2004.0999755859375,2004.0999755859375,2004.0999755859375,2004.0999755859375
2022-10-19,1985.699951171875,1985.699951171875,1985.699951171875,1985.699951171875
2022-10-20,2069.800048828125,2069.800048828125,2069.800048828125,2069.800048828125
2022-10-21,1995.699951171875,1995.699951171875,1995.699951171875,1995.699951171875
2022-10-24,1958.0,1958.0,1958.0,1958.0
2022-10-25,1909.0,1909.0,1909.0,1909.0
2022-10-26,1950.699951171875,1950.699951171875,1950.699951171875,1950.699951171875
2022-10-27,1928.4000244140625,1928.4000244140625,1928.4000244140625,1928.4000244140625
2022-10-28,1894.5999755859375,1894.5999755859375,1894.5999755859375,1894.5999755859375
2022-10-31,1829.0999755859375,1829.0999755859375,1829.0999755859375,1829.0999755859375
2022-11-01,1874.4000244140625,1874.4000244140625,1874.4000244140625,1874.4000244140625
2022-11-02,1847.5,1847.5,1847.5,1847.5
2022-11-03,1795.5,1795.5,1795.5,1795.5
2022-11-04,1836.9000244140625,1836.9000244140625,1836.9000244140625,1836.9000244140625
2022-11-07,1894.9000244140625,1894.9000244140625,1894.9000244140625,1894.9000244140625
2022-11-08,1930.0,1930.0,1930.0,1930.0
2022-11-09,1856.5999755859375,1856.5999755859375,1856.5999755859375,1856.5999755859375
2022-11-10,1951.5999755859375,1951.5999755859375,1951.5999755859375,1951.5999755859375
2022-11-11,2023.9000244140625,2023.9000244140625,2023.9000244140625,2023.9000244140625
2022-11-14,2036.9000244140625,2036.9000244140625,2036.9000244140625,2036.9000244140625
2022-11-15,2075.699951171875,2075.699951171875,2075.699951171875,2075.699951171875
2022-11-16,2078.699951171875,2078.699951171875,2078.699951171875,2078.699951171875
2022-11-17,2007.4000244140625,2007.4000244140625,2007.4000244140625,2007.4000244140625
2022-11-18,1936.300048828125,1936.300048828125,1936.300048828125,1936.300048828125
2022-11-21,1850.4000244140625,1850.4000244140625,1850.4000244140625,1850.4000244140625
2022-11-22,1854.9000244140625,1854.9000244140625,1854.9000244140625,1854.9000244140625
2022-11-23,1873.300048828125,1873.300048828125,1873.300048828125,1873.300048828125
2022-11-25,1818.9000244140625,1818.9000244140625,1818.9000244140625,1818.9000244140625
2022-11-28,1834.5,1834.5,1834.5,1834.5
2022-11-29,1848.0,1875.0,1812.0,1816.5
2022-11-30,1866.0,1911.0,1832.0,1845.0
2022-12-01,1873.0,1924.5999755859375,1873.0,1924.5999755859375
2022-12-02,1862.5,1879.4000244140625,1857.0,1879.4000244140625
2022-12-05,1839.5999755859375,1839.5999755859375,1839.5999755859375,1839.5999755859375
2022-12-06,1829.0999755859375,1829.0999755859375,1829.0999755859375,1829.0999755859375
2022-12-07,1831.9000244140625,1831.9000244140625,1831.9000244140625,1831.9000244140625
2022-12-08,1908.4000244140625,1908.4000244140625,1908.4000244140625,1908.4000244140625
2022-12-09,1946.4000244140625,1946.4000244140625,1946.4000244140625,1946.4000244140625
2022-12-12,1861.699951171875,1861.699951171875,1861.699951171875,1861.699951171875
2022-12-13,1914.300048828125,1914.300048828125,1914.300048828125,1914.300048828125
2022-12-14,1899.699951171875,1899.699951171875,1899.699951171875,1899.699951171875
2022-12-15,1791.199951171875,1791.199951171875,1752.5,1791.199951171875
2022-12-16,1795.0,1795.0,1684.199951171875,1684.199951171875
2022-12-19,1701.5,1701.5,1642.5,1642.5
2022-12-20,1711.0999755859375,1711.0999755859375,1711.0999755859375,1711.0999755859375
2022-12-21,1644.4000244140625,1644.4000244140625,1644.4000244140625,1644.4000244140625
2022-12-22,1650.0,1650.0,1650.0,1650.0
2022-12-23,1710.199951171875,1710.199951171875,1710.199951171875,1710.199951171875
2022-12-27,1804.5,1804.5,1804.5,1804.5
2022-12-28,1763.199951171875,1763.199951171875,1763.199951171875,1763.199951171875
2022-12-29,1807.9000244140625,1807.9000244140625,1807.9000244140625,1807.9000244140625
2022-12-30,1789.300048828125,1789.300048828125,1789.300048828125,1789.300048828125
2023-01-03,1684.199951171875,1684.199951171875,1684.199951171875,1684.199951171875
2023-01-04,1788.0,1788.0,1788.0,1788.0
2023-01-05,1724.0,1724.0,1724.0,1724.0
2023-01-06,1798.0,1798.0,1798.0,1798.0
2023-01-09,1766.699951171875,1768.0,1748.5,1766.699951171875
2023-01-10,1768.300048828125,1768.300048828125,1768.300048828125,1768.300048828125
2023-01-11,1771.300048828125,1771.300048828125,1771.300048828125,1771.300048828125
2023-01-12,1781.0999755859375,1781.0999755859375,1781.0999755859375,1781.0999755859375
2023-01-13,1777.5,1777.5,1777.5,1777.5
2023-01-17,1724.199951171875,1724.199951171875,1724.199951171875,1724.199951171875
2023-01-18,1696.199951171875,1696.199951171875,1696.199951171875,1696.199951171875
2023-01-19,1759.0,1759.0,1759.0,1759.0
2023-01-20,1713.699951171875,1713.699951171875,1713.699951171875,1713.699951171875
2023-01-23,1692.9000244140625,1692.9000244140625,1692.9000244140625,1692.9000244140625
2023-01-24,1727.0,1727.0,1727.0,1727.0
2023-01-25,1679.4000244140625,1679.4000244140625,1679.4000244140625,1679.4000244140625
2023-01-26,1655.300048828125,1655.300048828125,1655.300048828125,1655.300048828125
2023-01-27,1591.199951171875,1591.199951171875,1591.199951171875,1591.199951171875
2023-01-30,1622.0,1622.0,1622.0,1622.0
2023-01-31,1644.5,1644.5,1644.5,1644.5
2023-02-01,1628.800048828125,1628.800048828125,1628.800048828125,1628.800048828125
2023-02-02,1638.800048828125,1638.800048828125,1638.800048828125,1638.800048828125
2023-02-03,1614.5999755859375,1614.5999755859375,1614.5999755859375,1614.5999755859375
2023-02-06,1575.5999755859375,1575.5999755859375,1575.5999755859375,1575.5999755859375
2023-02-07,1638.5999755859375,1638.5999755859375,1638.5999755859375,1638.5999755859375
2023-02-08,1632.9000244140625,1632.9000244140625,1632.9000244140625,1632.9000244140625
2023-02-09,1613.699951171875,1613.699951171875,1613.699951171875,1613.699951171875
2023-02-10,1521.9000244140625,1521.9000244140625,1521.9000244140625,1521.9000244140625
2023-02-13,1533.5,1533.5,1533.5,1533.5
2023-02-14,1463.199951171875,1463.199951171875,1463.199951171875,1463.199951171875
2023-02-15,1449.0,1451.0,1441.5,1441.5
2023-02-16,1522.699951171875,1522.699951171875,1522.699951171875,1522.699951171875
2023-02-17,1489.5,1489.5,1489.5,1489.5
2023-02-21,1517.699951171875,1517.699951171875,1517.699951171875,1517.699951171875
2023-02-22,1479.199951171875,1479.199951171875,1479.199951171875,1479.199951171875
2023-02-23,1425.5999755859375,1425.5999755859375,1425.5999755859375,1425.5999755859375
2023-02-24,1374.300048828125,1374.300048828125,1374.300048828125,1374.300048828125
2023-02-27,1387.0,1455.0,1381.0,1410.5
2023-02-28,1409.0,1411.0,1370.5,1404.4000244140625
2023-03-01,1421.699951171875,1421.699951171875,1421.699951171875,1421.699951171875
2023-03-02,1428.9000244140625,1428.9000244140625,1428.9000244140625,1428.9000244140625
2023-03-03,1431.199951171875,1431.199951171875,1431.199951171875,1431.199951171875
2023-03-06,1407.4000244140625,1407.4000244140625,1407.4000244140625,1407.4000244140625
2023-03-07,1353.699951171875,1353.699951171875,1353.699951171875,1353.699951171875
2023-03-08,1353.5,1360.0,1339.0,1346.4000244140625
2023-03-09,1342.5,1359.4000244140625,1342.5,1359.4000244140625
2023-03-10,1348.0999755859375,1348.0999755859375,1348.0999755859375,1348.0999755859375
2023-03-13,1372.5,1461.699951171875,1367.0,1461.699951171875
2023-03-14,1469.5,1503.5,1469.5,1503.5
2023-03-15,1430.5999755859375,1430.5999755859375,1430.5999755859375,1430.5999755859375
2023-03-16,1443.0,1443.0,1395.800048828125,1395.800048828125
2023-03-17,1433.0,1435.0,1372.199951171875,1372.199951171875
2023-03-20,1390.5,1390.5,1386.5,1386.5
2023-03-21,1369.300048828125,1369.300048828125,1369.300048828125,1369.300048828125
2023-03-22,1360.0,1433.300048828125,1360.0,1433.300048828125
2023-03-23,1421.4000244140625,1421.4000244140625,1421.4000244140625,1421.4000244140625
2023-03-24,1403.300048828125,1403.300048828125,1403.300048828125,1403.300048828125
2023-03-27,1392.9000244140625,1392.9000244140625,1392.9000244140625,1392.9000244140625
2023-03-28,1403.5,1403.5,1403.5,1403.5
2023-03-29,1399.0,1425.9000244140625,1399.0,1425.9000244140625
2023-03-30,1464.5999755859375,1464.5999755859375,1464.5999755859375,1464.5999755859375
2023-03-31,1466.0,1466.0,1466.0,1466.0
2023-04-03,1456.0,1456.0,1456.0,1456.0
2023-04-04,1452.4000244140625,1452.4000244140625,1452.4000244140625,1452.4000244140625
2023-04-05,1422.0,1422.0,1422.0,1422.0
2023-04-06,1459.0999755859375,1459.0999755859375,1459.0999755859375,1459.0999755859375
2023-04-10,1404.300048828125,1404.300048828125,1404.300048828125,1404.300048828125
2023-04-11,1440.300048828125,1440.300048828125,1440.300048828125,1440.300048828125
2023-04-12,1452.5999755859375,1452.5999755859375,1452.5999755859375,1452.5999755859375
2023-04-13,1492.300048828125,1492.300048828125,1492.300048828125,1492.300048828125
2023-04-14,1493.0,1493.0,1493.0,1493.0
2023-04-17,1557.199951171875,1557.199951171875,1557.199951171875,1557.199951171875
2023-04-18,1639.5999755859375,1639.5999755859375,1639.5999755859375,1639.5999755859375
2023-04-19,1615.5,1615.5,1615.5,1615.5
2023-04-20,1585.4000244140625,1585.4000244140625,1585.4000244140625,1585.4000244140625
2023-04-21,1604.0999755859375,1604.0999755859375,1604.0999755859375,1604.0999755859375
2023-04-24,1531.0999755859375,1531.0999755859375,1531.0999755859375,1531.0999755859375
2023-04-25,1477.5999755859375,1477.5999755859375,1477.5999755859375,1477.5999755859375
2023-04-26,1505.0999755859375,1505.0999755859375,1505.0999755859375,1505.0999755859375
2023-04-27,1500.4000244140625,1500.4000244140625,1500.4000244140625,1500.4000244140625
2023-04-28,1517.9000244140625,1517.9000244140625,1517.9000244140625,1517.9000244140625
2023-05-01,1454.800048828125,1454.800048828125,1454.800048828125,1454.800048828125
2023-05-02,1429.0,1429.0,1429.0,1429.0
2023-05-03,1424.800048828125,1424.800048828125,1424.800048828125,1424.800048828125
2023-05-04,1449.5999755859375,1449.5999755859375,1449.5999755859375,1449.5999755859375
2023-05-05,1494.800048828125,1494.800048828125,1494.800048828125,1494.800048828125
2023-05-08,1571.4000244140625,1571.4000244140625,1571.4000244140625,1571.4000244140625
2023-05-09,1587.699951171875,1587.699951171875,1587.699951171875,1587.699951171875
2023-05-10,1613.0999755859375,1613.0999755859375,1613.0999755859375,1613.0999755859375
2023-05-11,1562.0,1562.0,1562.0,1562.0
2023-05-12,1521.800048828125,1521.800048828125,1521.800048828125,1521.800048828125
2023-05-15,1538.300048828125,1538.300048828125,1538.300048828125,1538.300048828125
2023-05-16,1507.5999755859375,1507.5999755859375,1507.5999755859375,1507.5999755859375
2023-05-17,1492.9000244140625,1492.9000244140625,1492.9000244140625,1492.9000244140625
2023-05-18,1458.199951171875,1458.199951171875,1458.199951171875,1458.199951171875
2023-05-19,1531.800048828125,1531.800048828125,1531.800048828125,1531.800048828125
2023-05-22,1500.199951171875,1500.199951171875,1500.199951171875,1500.199951171875
2023-05-23,1454.699951171875,1454.699951171875,1454.699951171875,1454.699951171875
2023-05-24,1406.0999755859375,1406.0999755859375,1406.0999755859375,1406.0999755859375
2023-05-25,1424.0,1424.0,1404.0,1423.5999755859375
2023-05-26,1431.5,1431.5,1431.5,1431.5
2023-05-30,1423.0,1430.0,1371.5,1378.5999755859375
2023-05-31,1394.0,1394.0,1340.0,1340.9000244140625
2023-06-01,1356.0,1384.0,1346.5,1375.9000244140625
2023-06-02,1386.800048828125,1386.800048828125,1386.800048828125,1386.800048828125
2023-06-05,1391.0,1396.5,1389.0,1395.5
2023-06-06,1403.5,1403.5,1396.5999755859375,1396.5999755859375
2023-06-07,1394.0,1400.0,1372.699951171875,1372.699951171875
2023-06-08,1379.0,1379.0,1343.0999755859375,1343.0999755859375
2023-06-09,1338.0,1338.0,1289.5,1289.5999755859375
2023-06-12,1325.9000244140625,1325.9000244140625,1325.9000244140625,1325.9000244140625
2023-06-13,1344.0999755859375,1344.0999755859375,1344.0999755859375,1344.0999755859375
2023-06-14,1387.9000244140625,1387.9000244140625,1387.9000244140625,1387.9000244140625
2023-06-15,1383.0,1383.0,1383.0,1383.0
2023-06-16,1401.800048828125,1401.800048828125,1401.800048828125,1401.800048828125
2023-06-20,1366.5,1366.5,1361.5,1363.199951171875
2023-06-21,1335.5,1337.0,1333.0,1335.5
2023-06-22,1261.699951171875,1261.699951171875,1261.699951171875,1261.699951171875
2023-06-23,1268.0999755859375,1268.0999755859375,1268.0999755859375,1268.0999755859375
2023-06-26,1300.0,1308.0,1291.800048828125,1291.800048828125
2023-06-27,1283.199951171875,1283.199951171875,1283.199951171875,1283.199951171875
2023-06-28,1236.0,1236.0,1236.0,1236.0
2023-06-29,1218.800048828125,1218.800048828125,1218.800048828125,1218.800048828125
2023-06-30,1213.4000244140625,1213.4000244140625,1213.4000244140625,1213.4000244140625
2023-07-03,1218.4000244140625,1218.4000244140625,1218.4000244140625,1218.4000244140625
2023-07-05,1249.300048828125,1249.300048828125,1249.300048828125,1249.300048828125
2023-07-06,1230.800048828125,1230.800048828125,1230.800048828125,1230.800048828125
2023-07-07,1236.5,1236.5,1236.5,1236.5
2023-07-10,1228.0999755859375,1228.0999755859375,1228.0999755859375,1228.0999755859375
2023-07-11,1239.300048828125,1239.300048828125,1239.300048828125,1239.300048828125
2023-07-12,1271.199951171875,1271.199951171875,1271.199951171875,1271.199951171875
2023-07-13,1283.199951171875,1283.199951171875,1283.199951171875,1283.199951171875
2023-07-14,1257.800048828125,1257.800048828125,1257.800048828125,1257.800048828125
2023-07-17,1276.199951171875,1276.199951171875,1276.199951171875,1276.199951171875
2023-07-18,1311.5999755859375,1311.5999755859375,1311.5999755859375,1311.5999755859375
2023-07-19,1302.5,1302.5,1302.5,1302.5
2023-07-20,1270.4000244140625,1270.4000244140625,1270.4000244140625,1270.4000244140625
2023-07-21,1281.5999755859375,1281.5999755859375,1281.5999755859375,1281.5999755859375
2023-07-24,1263.9000244140625,1263.9000244140625,1263.9000244140625,1263.9000244140625
2023-07-25,1276.300048828125,1276.300048828125,1276.300048828125,1276.300048828125
2023-07-26,1251.0,1251.0,1251.0,1251.0
2023-07-27,1231.699951171875,1231.699951171875,1231.699951171875,1231.699951171875
2023-07-28,1228.699951171875,1228.699951171875,1228.699951171875,1228.699951171875
2023-07-31,1264.699951171875,1264.699951171875,1264.699951171875,1264.699951171875
2023-08-01,1226.199951171875,1226.199951171875,1226.199951171875,1226.199951171875
2023-08-02,1230.9000244140625,1230.9000244140625,1230.9000244140625,1230.9000244140625
2023-08-03,1246.5,1246.5,1246.5,1246.5
2023-08-04,1253.699951171875,1253.699951171875,1253.699951171875,1253.699951171875
2023-08-07,1225.300048828125,1225.300048828125,1225.300048828125,1225.300048828125
2023-08-08,1207.199951171875,1207.199951171875,1207.199951171875,1207.199951171875
2023-08-09,1220.5999755859375,1220.5999755859375,1220.5999755859375,1220.5999755859375
2023-08-10,1294.5999755859375,1294.5999755859375,1294.5999755859375,1294.5999755859375
2023-08-11,1298.199951171875,1298.199951171875,1298.199951171875,1298.199951171875
2023-08-14,1262.0,1262.0,1262.0,1262.0
2023-08-15,1227.699951171875,1227.699951171875,1227.699951171875,1227.699951171875
2023-08-16,1201.5,1201.5,1201.5,1201.5
2023-08-17,1209.5999755859375,1209.5999755859375,1209.5999755859375,1209.5999755859375
2023-08-18,1249.0999755859375,1249.0999755859375,1249.0999755859375,1249.0999755859375
2023-08-21,1228.199951171875,1228.199951171875,1228.199951171875,1228.199951171875
2023-08-22,1253.9000244140625,1253.9000244140625,1253.9000244140625,1253.9000244140625
2023-08-23,1270.5,1270.5,1270.5,1270.5
2023-08-24,1233.699951171875,1233.699951171875,1233.699951171875,1233.699951171875
2023-08-25,1218.199951171875,1218.199951171875,1218.199951171875,1218.199951171875
2023-08-28,1245.4000244140625,1245.4000244140625,1245.4000244140625,1245.4000244140625
2023-08-29,1232.800048828125,1232.800048828125,1232.800048828125,1232.800048828125
2023-08-30,1236.5,1241.0,1203.0,1216.9000244140625
2023-08-31,1228.0,1228.0,1207.800048828125,1207.800048828125
2023-09-01,1217.199951171875,1217.199951171875,1217.199951171875,1217.199951171875
2023-09-05,1204.0,1204.0,1204.0,1204.0
2023-09-06,1200.4000244140625,1200.4000244140625,1200.4000244140625,1200.4000244140625
2023-09-07,1198.5,1205.9000244140625,1198.5,1205.9000244140625
2023-09-08,1207.0,1209.0,1183.199951171875,1183.199951171875
2023-09-11,1203.5,1210.0999755859375,1197.0,1210.0999755859375
2023-09-12,1236.199951171875,1236.199951171875,1236.199951171875,1236.199951171875
2023-09-13,1252.199951171875,1252.199951171875,1252.199951171875,1252.199951171875
2023-09-14,1246.9000244140625,1246.9000244140625,1246.9000244140625,1246.9000244140625
2023-09-15,1243.800048828125,1243.800048828125,1243.800048828125,1243.800048828125
2023-09-18,1221.0,1236.699951171875,1221.0,1236.699951171875
2023-09-19,1235.5,1257.0999755859375,1235.5,1257.0999755859375
2023-09-20,1271.5999755859375,1271.5999755859375,1271.5999755859375,1271.5999755859375
2023-09-21,1260.0,1260.0,1260.0,1260.0
2023-09-22,1242.0,1245.199951171875,1242.0,1245.199951171875
2023-09-25,1223.300048828125,1223.300048828125,1223.300048828125,1223.300048828125
2023-09-26,1217.0,1217.0,1217.0,1217.0
2023-09-27,1215.0,1215.0,1215.0,1215.0
2023-09-28,1277.9000244140625,1277.9000244140625,1277.9000244140625,1277.9000244140625
2023-09-29,1255.199951171875,1255.199951171875,1255.199951171875,1255.199951171875
2023-10-02,1205.0999755859375,1205.0999755859375,1205.0999755859375,1205.0999755859375
2023-10-03,1193.4000244140625,1193.4000244140625,1193.4000244140625,1193.4000244140625
2023-10-04,1172.699951171875,1172.699951171875,1172.699951171875,1172.699951171875
2023-10-05,1145.800048828125,1145.800048828125,1145.800048828125,1145.800048828125
2023-10-06,1164.199951171875,1164.199951171875,1164.199951171875,1164.199951171875
2023-10-09,1135.4000244140625,1135.4000244140625,1135.4000244140625,1135.4000244140625
2023-10-10,1162.4000244140625,1162.4000244140625,1162.4000244140625,1162.4000244140625
2023-10-11,1173.9000244140625,1173.9000244140625,1173.9000244140625,1173.9000244140625
2023-10-12,1139.300048828125,1139.300048828125,1139.300048828125,1139.300048828125
2023-10-13,1148.699951171875,1148.699951171875,1148.699951171875,1148.699951171875
2023-10-16,1138.800048828125,1138.800048828125,1138.800048828125,1138.800048828125
2023-10-17,1149.9000244140625,1149.9000244140625,1149.9000244140625,1149.9000244140625
2023-10-18,1126.5,1126.5,1126.5,1126.5
2023-10-19,1121.699951171875,1121.699951171875,1121.699951171875,1121.699951171875
2023-10-20,1104.0,1104.0,1104.0,1104.0
2023-10-23,1132.0,1132.0,1132.0,1132.0
2023-10-24,1130.699951171875,1130.699951171875,1130.699951171875,1130.699951171875
2023-10-25,1127.0,1127.0,1127.0,1127.0
2023-10-26,1146.0,1146.0,1146.0,1146.0
2023-10-27,1124.199951171875,1124.199951171875,1124.199951171875,1124.199951171875
2023-10-30,1134.4000244140625,1134.4000244140625,1134.4000244140625,1134.4000244140625
2023-10-31,1122.199951171875,1122.199951171875,1122.199951171875,1122.199951171875
2023-11-01,1110.300048828125,1110.300048828125,1110.300048828125,1110.300048828125
2023-11-02,1106.699951171875,1106.699951171875,1106.699951171875,1106.699951171875
2023-11-03,1124.4000244140625,1124.4000244140625,1124.4000244140625,1124.4000244140625
2023-11-06,1110.4000244140625,1110.4000244140625,1110.4000244140625,1110.4000244140625
2023-11-07,1058.9000244140625,1058.9000244140625,1058.9000244140625,1058.9000244140625
2023-11-08,1056.5,1056.5,1056.5,1056.5
2023-11-09,1005.2000122070312,1005.2000122070312,1005.2000122070312,1005.2000122070312
2023-11-10,974.9000244140625,974.9000244140625,974.9000244140625,974.9000244140625
2023-11-13,978.4000244140625,978.4000244140625,978.4000244140625,978.4000244140625
2023-11-14,1022.7000122070312,1022.7000122070312,1022.7000122070312,1022.7000122070312
2023-11-15,1036.4000244140625,1036.4000244140625,1036.4000244140625,1036.4000244140625
2023-11-16,1047.199951171875,1047.199951171875,1047.199951171875,1047.199951171875
2023-11-17,1056.5,1056.5,1056.5,1056.5
2023-11-20,1089.9000244140625,1089.9000244140625,1089.9000244140625,1089.9000244140625
2023-11-21,1093.0999755859375,1093.0999755859375,1093.0999755859375,1093.0999755859375
2023-11-22,1054.199951171875,1054.199951171875,1054.199951171875,1054.199951171875
2023-11-24,1072.800048828125,1072.800048828125,1072.800048828125,1072.800048828125
2023-11-27,1060.5,1060.5,1060.5,1060.5
2023-11-28,1057.4000244140625,1057.4000244140625,1057.4000244140625,1057.4000244140625
2023-11-29,1057.0,1065.5,1016.0,1026.5999755859375
2023-11-30,1021.5,1021.5,1006.0,1009.0999755859375
2023-12-01,1000.0,1000.0,1000.0,1000.0
2023-12-04,975.0,982.0,968.2999877929688,968.2999877929688
2023-12-05,959.0,962.0,930.2000122070312,930.2000122070312
2023-12-06,941.0999755859375,950.5,941.0999755859375,941.0999755859375
2023-12-07,970.5999755859375,970.5999755859375,970.5999755859375,970.5999755859375
2023-12-08,979.5,979.5,941.4000244140625,941.4000244140625
2023-12-11,955.0,955.0,955.0,955.0
2023-12-12,972.5,972.5,972.5,972.5
2023-12-13,959.5,959.5,959.5,959.5
2023-12-14,1111.699951171875,1111.699951171875,1111.699951171875,1111.699951171875
2023-12-15,1198.0999755859375,1198.0999755859375,1198.0999755859375,1198.0999755859375
2023-12-18,1195.0999755859375,1195.0999755859375,1195.0999755859375,1195.0999755859375
2023-12-19,1229.800048828125,1229.800048828125,1229.800048828125,1229.800048828125
2023-12-20,1215.4000244140625,1215.4000244140625,1215.4000244140625,1215.4000244140625
2023-12-21,1216.699951171875,1216.699951171875,1216.699951171875,1216.699951171875
2023-12-22,1212.199951171875,1212.199951171875,1212.199951171875,1212.199951171875
2023-12-26,1177.9000244140625,1177.9000244140625,1177.9000244140625,1177.9000244140625
2023-12-27,1144.800048828125,1144.800048828125,1144.800048828125,1144.800048828125
2023-12-28,1133.800048828125,1133.800048828125,1133.800048828125,1133.800048828125
2023-12-29,1104.0,1104.0,1104.0,1104.0
2024-01-02,1079.0999755859375,1079.0999755859375,1079.0999755859375,1079.0999755859375
2024-01-03,1071.5,1071.5,1065.9000244140625,1065.9000244140625
2024-01-04,1033.0,1033.0,1033.0,1033.0
2024-01-05,1032.300048828125,1032.300048828125,1032.300048828125,1032.300048828125
2024-01-08,993.9000244140625,993.9000244140625,993.9000244140625,993.9000244140625
2024-01-09,969.5,972.0,969.5,972.0
2024-01-10,987.0,990.4000244140625,984.5,990.4000244140625
2024-01-11,974.2999877929688,974.2999877929688,974.2999877929688,974.2999877929688
2024-01-12,972.4000244140625,972.4000244140625,972.4000244140625,972.4000244140625
2024-01-16,931.4000244140625,931.4000244140625,931.4000244140625,931.4000244140625
2024-01-17,913.2000122070312,913.2000122070312,913.2000122070312,913.2000122070312
2024-01-18,936.9000244140625,936.9000244140625,936.9000244140625,936.9000244140625
2024-01-19,941.7999877929688,941.7999877929688,941.7999877929688,941.7999877929688
2024-01-22,934.0,934.0,934.0,934.0
2024-01-23,939.0999755859375,939.0999755859375,939.0999755859375,939.0999755859375
2024-01-24,967.2999877929688,967.2999877929688,967.2999877929688,967.2999877929688
2024-01-25,936.4000244140625,936.4000244140625,936.4000244140625,936.4000244140625
2024-01-26,955.0999755859375,955.0999755859375,955.0999755859375,955.0999755859375
2024-01-29,974.2999877929688,974.2999877929688,974.2999877929688,974.2999877929688
2024-01-30,975.7999877929688,975.7999877929688,974.0,975.7999877929688
2024-01-31,992.9000244140625,992.9000244140625,992.9000244140625,992.9000244140625
2024-02-01,967.7000122070312,967.7000122070312,967.7000122070312,967.7000122070312
2024-02-02,945.7000122070312,945.7000122070312,945.7000122070312,945.7000122070312
2024-02-05,952.7999877929688,952.7999877929688,952.7999877929688,952.7999877929688
2024-02-06,948.0,948.0,948.0,948.0
2024-02-07,896.9000244140625,896.9000244140625,896.9000244140625,896.9000244140625
2024-02-08,865.0,888.5999755859375,865.0,888.5999755859375
2024-02-09,865.0,865.9000244140625,865.0,865.9000244140625
2024-02-12,898.0,898.0,893.5,893.5
2024-02-13,898.0,907.5,856.0,857.4000244140625
2024-02-14,930.7999877929688,930.7999877929688,930.7999877929688,930.7999877929688
2024-02-15,948.7000122070312,948.7000122070312,948.7000122070312,948.7000122070312
2024-02-16,948.7000122070312,948.7000122070312,948.7000122070312,948.7000122070312
2024-02-20,979.2999877929688,979.2999877929688,979.2999877929688,979.2999877929688
2024-02-21,946.0999755859375,946.0999755859375,946.0999755859375,946.0999755859375
2024-02-22,966.9000244140625,966.9000244140625,966.9000244140625,966.9000244140625
2024-02-23,985.2000122070312,985.2000122070312,985.2000122070312,985.2000122070312
2024-02-26,953.7000122070312,953.7000122070312,953.7000122070312,953.7000122070312
2024-02-27,939.0999755859375,939.0999755859375,939.0999755859375,939.0999755859375
2024-02-28,934.5,938.0,904.5,918.0
2024-02-29,933.5,940.5,929.5,933.5
2024-03-01,941.0,952.7999877929688,941.0,952.7999877929688
2024-03-04,956.5,964.9000244140625,956.0,964.9000244140625
2024-03-05,938.5999755859375,938.5999755859375,938.5999755859375,938.5999755859375
2024-03-06,956.5,1037.9000244140625,956.5,1037.9000244140625
2024-03-07,1031.0,1031.0,1031.0,1031.0
2024-03-08,1016.0,1016.0,1016.0,1016.0
2024-03-11,1032.5999755859375,1032.5999755859375,1032.5999755859375,1032.5999755859375
2024-03-12,1041.0999755859375,1041.0999755859375,1041.0999755859375,1041.0999755859375
2024-03-13,1055.0,1080.5,1055.0,1062.800048828125
2024-03-14,1080.0,1080.0,1071.800048828125,1071.800048828125
2024-03-15,1083.5,1083.5,1083.5,1083.5
2024-03-18,1035.5999755859375,1035.5999755859375,1035.5999755859375,1035.5999755859375
2024-03-19,993.9000244140625,993.9000244140625,993.9000244140625,993.9000244140625
2024-03-20,994.7000122070312,994.7000122070312,994.7000122070312,994.7000122070312
2024-03-21,1013.4000244140625,1013.4000244140625,1013.4000244140625,1013.4000244140625
2024-03-22,992.7999877929688,992.7999877929688,992.7999877929688,992.7999877929688
2024-03-25,1007.7999877929688,1007.7999877929688,1007.7999877929688,1007.7999877929688
2024-03-26,992.7000122070312,992.7000122070312,992.7000122070312,992.7000122070312
2024-03-27,979.0,979.0,979.0,979.0
2024-03-28,1009.5,1009.5,1009.5,1009.5
2024-04-01,992.0,992.0,992.0,992.0
2024-04-02,992.2999877929688,992.2999877929688,992.2999877929688,992.2999877929688
2024-04-03,1009.7000122070312,1009.7000122070312,1009.7000122070312,1009.7000122070312
2024-04-04,1029.300048828125,1029.300048828125,1029.300048828125,1029.300048828125
2024-04-05,995.4000244140625,995.4000244140625,995.4000244140625,995.4000244140625
2024-04-08,1038.5,1038.5,1038.5,1038.5
2024-04-09,1074.0999755859375,1074.0999755859375,1074.0999755859375,1074.0999755859375
2024-04-10,1051.699951171875,1051.699951171875,1051.699951171875,1051.699951171875
2024-04-11,1038.9000244140625,1038.9000244140625,1038.9000244140625,1038.9000244140625
2024-04-12,1057.699951171875,1057.699951171875,1057.699951171875,1057.699951171875
2024-04-15,1042.0999755859375,1042.0999755859375,1042.0999755859375,1042.0999755859375
2024-04-16,1029.4000244140625,1029.4000244140625,1029.4000244140625,1029.4000244140625
2024-04-17,1029.0,1029.0,1029.0,1029.0
2024-04-18,1037.5999755859375,1037.5999755859375,1037.5999755859375,1037.5999755859375
2024-04-19,1025.5,1025.5,1025.5,1025.5
2024-04-22,1014.7000122070312,1014.7000122070312,1014.7000122070312,1014.7000122070312
2024-04-23,1025.9000244140625,1025.9000244140625,1025.9000244140625,1025.9000244140625
2024-04-24,1007.4000244140625,1007.4000244140625,1007.4000244140625,1007.4000244140625
2024-04-25,981.0999755859375,981.0999755859375,981.0999755859375,981.0999755859375
2024-04-26,957.4000244140625,957.4000244140625,957.4000244140625,957.4000244140625
2024-04-29,976.7000122070312,976.7000122070312,972.5,976.7000122070312
2024-04-30,951.9000244140625,951.9000244140625,951.9000244140625,951.9000244140625
2024-05-01,947.7000122070312,947.7000122070312,947.7000122070312,947.7000122070312
2024-05-02,938.2000122070312,938.2000122070312,938.2000122070312,938.2000122070312
2024-05-03,947.5,947.5,947.5,947.5
2024-05-06,982.2999877929688,982.2999877929688,982.2999877929688,982.2999877929688
2024-05-07,978.7999877929688,978.7999877929688,978.7999877929688,978.7999877929688
2024-05-08,955.4000244140625,955.4000244140625,955.4000244140625,955.4000244140625
2024-05-09,970.4000244140625,970.4000244140625,970.4000244140625,970.4000244140625
2024-05-10,980.7999877929688,980.7999877929688,980.7999877929688,980.7999877929688
2024-05-13,964.9000244140625,964.9000244140625,964.9000244140625,964.9000244140625
2024-05-14,981.5,981.5,981.5,981.5
2024-05-15,1014.0999755859375,1014.0999755859375,1014.0999755859375,1014.0999755859375
2024-05-16,997.5,997.5,997.5,997.5
2024-05-17,1009.9000244140625,1009.9000244140625,1009.9000244140625,1009.9000244140625
2024-05-20,1030.699951171875,1030.699951171875,1030.699951171875,1030.699951171875
2024-05-21,1029.4000244140625,1029.4000244140625,1029.4000244140625,1029.4000244140625
2024-05-22,1002.9000244140625,1002.9000244140625,1002.9000244140625,1002.9000244140625
2024-05-23,973.2999877929688,973.2999877929688,973.2999877929688,973.2999877929688
2024-05-24,969.0999755859375,969.0999755859375,969.0999755859375,969.0999755859375
2024-05-28,976.7000122070312,976.7000122070312,976.7000122070312,976.7000122070312
2024-05-29,963.0999755859375,963.0999755859375,963.0999755859375,963.0999755859375
2024-05-30,955.0,957.5,929.0,944.2999877929688
2024-05-31,942.0,950.0,899.2000122070312,899.2000122070312
2024-06-03,913.0,913.0,913.0,913.0
2024-06-04,904.5,910.2999877929688,902.0,910.2999877929688
2024-06-05,909.5,924.5,909.5,924.5
2024-06-06,923.7999877929688,923.7999877929688,923.7999877929688,923.7999877929688
2024-06-07,909.5,909.5,909.5,909.5
2024-06-10,896.4000244140625,896.4000244140625,896.4000244140625,896.4000244140625
2024-06-11,876.9000244140625,876.9000244140625,876.9000244140625,876.9000244140625
2024-06-12,878.0,900.0,878.0,899.7999877929688
2024-06-13,881.5,881.5,876.5,877.4000244140625
2024-06-14,890.5999755859375,890.5999755859375,890.5999755859375,890.5999755859375
2024-06-17,876.5,883.5999755859375,876.5,883.5999755859375
2024-06-18,880.9000244140625,880.9000244140625,880.9000244140625,880.9000244140625
2024-06-20,905.0,915.5,905.0,905.4000244140625
2024-06-21,940.5,950.0,918.0999755859375,918.0999755859375
2024-06-24,981.5,981.5,976.0999755859375,976.0999755859375
2024-06-25,933.7000122070312,933.7000122070312,933.7000122070312,933.7000122070312
2024-06-26,949.5,950.0,922.7000122070312,922.7000122070312
2024-06-27,927.5999755859375,927.5999755859375,927.5999755859375,927.5999755859375
2024-06-28,977.9000244140625,977.9000244140625,977.9000244140625,977.9000244140625
2024-07-01,979.0,979.0,972.4000244140625,972.4000244140625
2024-07-02,1020.2000122070312,1020.2000122070312,1020.2000122070312,1020.2000122070312
2024-07-03,1019.0,1040.5,1011.0,1034.199951171875
2024-07-05,1035.800048828125,1035.800048828125,1035.800048828125,1035.800048828125
2024-07-08,1011.5,1011.5,1011.5,1011.5
2024-07-09,982.5,982.5,982.5,982.5
2024-07-10,987.5999755859375,987.5999755859375,987.5999755859375,987.5999755859375
2024-07-11,993.4000244140625,993.4000244140625,993.4000244140625,993.4000244140625
2024-07-12,969.0999755859375,969.0999755859375,969.0999755859375,969.0999755859375
2024-07-15,946.7000122070312,946.7000122070312,946.7000122070312,946.7000122070312
2024-07-16,953.0,953.0,953.0,953.0
2024-07-17,950.5,950.5,950.5,950.5
2024-07-18,926.2999877929688,926.2999877929688,926.2999877929688,926.2999877929688
2024-07-19,899.0999755859375,899.0999755859375,899.0999755859375,899.0999755859375
2024-07-22,889.2000122070312,889.2000122070312,889.2000122070312,889.2000122070312
2024-07-23,909.0999755859375,909.0999755859375,909.0999755859375,909.0999755859375
2024-07-24,922.0,922.0,922.0,922.0
2024-07-25,894.0,894.0,894.0,894.0
2024-07-26,884.9000244140625,884.9000244140625,884.9000244140625,884.9000244140625
2024-07-29,885.7999877929688,885.7999877929688,885.7999877929688,885.7999877929688
2024-07-30,878.0,878.0,873.5,878.0
2024-07-31,922.5999755859375,922.5999755859375,922.5999755859375,922.5999755859375
2024-08-01,891.7999877929688,891.7999877929688,891.7999877929688,891.7999877929688
2024-08-02,879.2000122070312,879.2000122070312,879.2000122070312,879.2000122070312
2024-08-05,836.0,846.0,822.7999877929688,822.7999877929688
2024-08-06,857.0999755859375,857.0999755859375,857.0999755859375,857.0999755859375
2024-08-07,883.7999877929688,883.7999877929688,883.7999877929688,883.7999877929688
2024-08-08,905.9000244140625,905.9000244140625,905.9000244140625,905.9000244140625
2024-08-09,893.5,893.5,893.5,893.5
2024-08-12,896.5,896.5,896.5,896.5
2024-08-13,921.5999755859375,921.5999755859375,921.5999755859375,921.5999755859375
2024-08-14,919.7999877929688,919.7999877929688,919.7999877929688,919.7999877929688
2024-08-15,935.5999755859375,935.5999755859375,935.5999755859375,935.5999755859375
2024-08-16,941.7000122070312,941.7000122070312,941.7000122070312,941.7000122070312
2024-08-19,918.7000122070312,918.7000122070312,918.7000122070312,918.7000122070312
2024-08-20,913.9000244140625,913.9000244140625,913.9000244140625,913.9000244140625
2024-08-21,940.5999755859375,940.5999755859375,940.5999755859375,940.5999755859375
2024-08-22,920.0,920.0,920.0,920.0
2024-08-23,942.5,942.5,942.5,942.5
2024-08-26,960.2000122070312,960.2000122070312,960.2000122070312,960.2000122070312
2024-08-27,958.5,958.5,958.5,958.5
2024-08-28,933.9000244140625,933.9000244140625,933.9000244140625,933.9000244140625
2024-08-29,933.5,976.0,932.5,972.5
2024-08-30,979.0,989.0,961.0999755859375,961.0999755859375
2024-09-03,974.0,974.5,931.0999755859375,931.0999755859375
2024-09-04,927.2000122070312,927.2000122070312,927.2000122070312,927.2000122070312
2024-09-05,929.0,935.0,929.0,934.7000122070312
2024-09-06,939.0,939.0,896.2999877929688,896.2999877929688
2024-09-09,913.0,936.7999877929688,899.5,936.7999877929688
2024-09-10,960.0,960.0,960.0,960.0
2024-09-11,1014.0,1014.0,1010.2000122070312,1010.2000122070312
2024-09-12,1016.0,1053.800048828125,1016.0,1053.800048828125
2024-09-13,1076.0,1076.0,1076.0,1076.0
2024-09-16,1084.4000244140625,1084.4000244140625,1084.4000244140625,1084.4000244140625
2024-09-17,1104.699951171875,1104.699951171875,1104.699951171875,1104.699951171875
2024-09-18,1087.5,1087.5,1068.300048828125,1068.300048828125
2024-09-19,1100.4000244140625,1100.4000244140625,1100.4000244140625,1100.4000244140625
2024-09-20,1079.9000244140625,1079.9000244140625,1079.9000244140625,1079.9000244140625
2024-09-23,1046.9000244140625,1046.9000244140625,1046.9000244140625,1046.9000244140625
2024-09-24,1056.5,1061.9000244140625,1056.5,1061.9000244140625
2024-09-25,1033.300048828125,1033.300048828125,1033.300048828125,1033.300048828125
2024-09-26,1060.0,1060.0,1044.300048828125,1044.300048828125
2024-09-27,1014.0,1014.0,1014.0,1014.0
2024-09-30,998.9000244140625,998.9000244140625,998.9000244140625,998.9000244140625
2024-10-01,993.5999755859375,993.5999755859375,993.5999755859375,993.5999755859375
2024-10-02,1016.4000244140625,1016.4000244140625,1016.4000244140625,1016.4000244140625
2024-10-03,997.2999877929688,997.2999877929688,997.2999877929688,997.2999877929688
2024-10-04,995.2000122070312,995.2000122070312,995.2000122070312,995.2000122070312
2024-10-07,1023.0,1023.0,1023.0,1023.0
2024-10-08,1003.5999755859375,1003.5999755859375,1003.5999755859375,1003.5999755859375
2024-10-09,1036.9000244140625,1036.9000244140625,1036.9000244140625,1036.9000244140625
2024-10-10,1065.4000244140625,1065.4000244140625,1065.4000244140625,1065.4000244140625
2024-10-11,1061.800048828125,1061.800048828125,1061.800048828125,1061.800048828125
2024-10-14,1023.0999755859375,1023.0999755859375,1023.0999755859375,1023.0999755859375
2024-10-15,1004.2000122070312,1004.2000122070312,1004.2000122070312,1004.2000122070312
2024-10-16,1019.0,1019.0,1019.0,1019.0
2024-10-17,1038.300048828125,1038.300048828125,1038.300048828125,1038.300048828125
2024-10-18,1077.699951171875,1077.699951171875,1077.699951171875,1077.699951171875
2024-10-21,1048.4000244140625,1048.4000244140625,1048.4000244140625,1048.4000244140625
2024-10-22,1074.199951171875,1074.199951171875,1074.199951171875,1074.199951171875
2024-10-23,1057.5,1057.5,1057.5,1057.5
2024-10-24,1161.0,1161.0,1161.0,1161.0
2024-10-25,1199.699951171875,1199.699951171875,1199.699951171875,1199.699951171875
2024-10-28,1222.0,1222.0,1222.0,1222.0
2024-10-29,1227.0,1227.0,1227.0,1227.0
2024-10-30,1151.5,1154.5,1149.0,1149.0
2024-10-31,1106.5,1106.5,1106.5,1106.5
2024-11-01,1103.800048828125,1103.800048828125,1103.800048828125,1103.800048828125
2024-11-04,1066.4000244140625,1066.4000244140625,1066.4000244140625,1066.4000244140625
2024-11-05,1076.9000244140625,1076.9000244140625,1076.9000244140625,1076.9000244140625
2024-11-06,1036.0999755859375,1036.0999755859375,1036.0999755859375,1036.0999755859375
2024-11-07,1017.4000244140625,1017.4000244140625,1017.4000244140625,1017.4000244140625
2024-11-08,988.9000244140625,988.9000244140625,988.9000244140625,988.9000244140625
2024-11-11,979.4000244140625,979.4000244140625,979.4000244140625,979.4000244140625
2024-11-12,938.2999877929688,938.2999877929688,938.2999877929688,938.2999877929688
2024-11-13,929.5,929.5,929.5,929.5
2024-11-14,923.4000244140625,923.4000244140625,923.4000244140625,923.4000244140625
2024-11-15,941.2999877929688,941.2999877929688,941.2999877929688,941.2999877929688
2024-11-18,1006.2000122070312,1006.2000122070312,1006.2000122070312,1006.2000122070312
2024-11-19,1035.300048828125,1035.300048828125,1035.300048828125,1035.300048828125
2024-11-20,1023.9000244140625,1023.9000244140625,1023.9000244140625,1023.9000244140625
2024-11-21,1042.5999755859375,1042.5999755859375,1042.5999755859375,1042.5999755859375
2024-11-22,1025.0,1040.0,1017.0,1017.0
2024-11-25,979.7999877929688,979.7999877929688,979.7999877929688,979.7999877929688
2024-11-26,987.2000122070312,987.2000122070312,987.2000122070312,987.2000122070312
2024-11-27,986.5,1001.5,973.5,982.7999877929688
2024-11-29,993.0,995.0,970.5,990.2000122070312
2024-12-02,975.0,1004.5,975.0,991.9000244140625
2024-12-03,1003.0,1003.0,978.0,983.7000122070312
2024-12-04,966.0,988.7999877929688,961.0,988.7999877929688
2024-12-05,970.0999755859375,971.5,970.0999755859375,970.0999755859375
2024-12-06,960.2999877929688,960.2999877929688,960.2999877929688,960.2999877929688
2024-12-09,980.5,991.5,979.0,988.5999755859375
2024-12-10,974.5999755859375,974.5999755859375,974.5999755859375,974.5999755859375
2024-12-11,991.5,1002.7000122070312,991.5,1002.7000122070312
2024-12-12,983.0,983.0,983.0,983.0
2024-12-13,953.0999755859375,953.0999755859375,953.0999755859375,953.0999755859375
2024-12-16,944.7999877929688,944.7999877929688,944.7999877929688,944.7999877929688
2024-12-17,932.5999755859375,932.5999755859375,932.5999755859375,932.5999755859375
2024-12-18,920.0,920.0,919.5999755859375,919.5999755859375
2024-12-19,897.0999755859375,897.0999755859375,897.0999755859375,897.0999755859375
2024-12-20,906.5999755859375,906.5999755859375,906.5999755859375,906.5999755859375
2024-12-23,915.2999877929688,915.2999877929688,915.2999877929688,915.2999877929688
2024-12-24,930.0,938.2999877929688,930.0,938.2999877929688
2024-12-26,906.4000244140625,906.4000244140625,906.4000244140625,906.4000244140625
2024-12-27,893.5999755859375,893.5999755859375,893.5999755859375,893.5999755859375
2024-12-30,893.5,894.2000122070312,893.5,894.2000122070312
2024-12-31,902.9000244140625,902.9000244140625,902.9000244140625,902.9000244140625
2025-01-02,905.2000122070312,905.2000122070312,905.2000122070312,905.2000122070312
2025-01-03,915.5999755859375,915.5999755859375,915.5999755859375,915.5999755859375
2025-01-06,909.5999755859375,909.5999755859375,909.5999755859375,909.5999755859375
2025-01-07,921.2999877929688,921.2999877929688,921.2999877929688,921.2999877929688
2025-01-08,921.5,921.5,921.5,921.5
2025-01-09,923.9000244140625,923.9000244140625,923.9000244140625,923.9000244140625
2025-01-10,961.7000122070312,961.7000122070312,961.7000122070312,961.7000122070312
2025-01-13,934.7999877929688,934.7999877929688,934.7999877929688,934.7999877929688
2025-01-14,940.7000122070312,940.7000122070312,940.7000122070312,940.7000122070312
2025-01-15,965.5,965.5,965.5,965.5
2025-01-16,950.2999877929688,950.2999877929688,950.2999877929688,950.2999877929688
2025-01-17,960.5,960.5,960.5,960.5
2025-01-21,972.5,972.5,972.5,972.5
2025-01-22,998.4000244140625,998.4000244140625,998.4000244140625,998.4000244140625
2025-01-23,1010.2000122070312,1010.2000122070312,1010.2000122070312,1010.2000122070312
2025-01-24,1001.2000122070312,1001.2000122070312,1001.2000122070312,1001.2000122070312
2025-01-27,963.5999755859375,963.5999755859375,963.5999755859375,963.5999755859375
2025-01-28,954.5999755859375,954.5999755859375,954.5999755859375,954.5999755859375
2025-01-29,966.5999755859375,966.5999755859375,966.5999755859375,966.5999755859375
2025-01-30,975.5,1004.5999755859375,975.5,1004.5999755859375
2025-01-31,1066.9000244140625,1066.9000244140625,1066.9000244140625,1066.9000244140625
2025-02-03,1039.199951171875,1039.199951171875,1039.199951171875,1039.199951171875
2025-02-04,1027.0,1030.0,1009.7000122070312,1009.7000122070312
2025-02-05,1014.4000244140625,1014.4000244140625,1014.4000244140625,1014.4000244140625
2025-02-06,989.2999877929688,989.2999877929688,989.2999877929688,989.2999877929688
2025-02-07,977.7999877929688,977.7999877929688,977.7999877929688,977.7999877929688
2025-02-10,998.7000122070312,998.7000122070312,998.7000122070312,998.7000122070312
2025-02-11,987.5999755859375,987.5999755859375,987.5999755859375,987.5999755859375
2025-02-12,982.5999755859375,982.5999755859375,982.5999755859375,982.5999755859375
2025-02-13,1015.2999877929688,1015.2999877929688,1015.2999877929688,1015.2999877929688
2025-02-14,1005.0,1005.0,1005.0,1005.0
2025-02-18,1008.7000122070312,1008.7000122070312,1008.7000122070312,1008.7000122070312
2025-02-19,1009.0,1009.0,987.2999877929688,987.2999877929688
2025-02-20,1004.9000244140625,1004.9000244140625,1004.9000244140625,1004.9000244140625
2025-02-21,988.0999755859375,988.0999755859375,988.0999755859375,988.0999755859375
2025-02-24,940.5999755859375,940.5999755859375,940.5999755859375,940.5999755859375
2025-02-25,920.5,920.5,920.5,920.5
2025-02-26,920.5,920.5,920.5,920.5
2025-02-27,923.5,925.0,899.0,901.2999877929688
2025-02-28,900.0,900.0,890.0,899.7000122070312
2025-03-03,951.2000122070312,951.2000122070312,951.2000122070312,951.2000122070312
2025-03-04,946.2999877929688,946.2999877929688,946.2999877929688,946.2999877929688
2025-03-05,939.4000244140625,939.4000244140625,939.4000244140625,939.4000244140625
2025-03-06,942.0,942.0,942.0,942.0
2025-03-07,952.0,952.0,945.7999877929688,945.7999877929688
2025-03-10,959.0,959.0,939.7999877929688,939.7999877929688
2025-03-11,938.2000122070312,938.2000122070312,938.2000122070312,938.2000122070312
2025-03-12,943.2000122070312,943.2000122070312,943.2000122070312,943.2000122070312
2025-03-13,953.0,953.0,953.0,953.0
2025-03-14,959.0,980.0,959.0,962.2999877929688
2025-03-17,963.5999755859375,963.5999755859375,963.5999755859375,963.5999755859375
2025-03-18,966.2000122070312,966.2000122070312,966.2000122070312,966.2000122070312
2025-03-19,949.2000122070312,949.2000122070312,949.2000122070312,949.2000122070312
2025-03-20,946.0,946.0,939.0999755859375,939.0999755859375
2025-03-21,951.2000122070312,951.2000122070312,951.2000122070312,951.2000122070312
2025-03-24,948.0,949.5,947.7000122070312,947.7000122070312
2025-03-25,961.5,961.5,948.5,953.7999877929688
2025-03-26,962.5,962.5,962.5,962.5
2025-03-27,969.0,974.0,969.0,973.7999877929688
2025-03-28,965.0,974.2999877929688,965.0,974.2999877929688
2025-03-31,991.2000122070312,991.2000122070312,991.2000122070312,991.2000122070312
2025-04-01,991.2999877929688,991.2999877929688,991.2999877929688,991.2999877929688
2025-04-02,974.5,974.5,974.5,974.5
2025-04-03,919.0999755859375,919.0999755859375,919.0999755859375,919.0999755859375
2025-04-04,896.2000122070312,896.2000122070312,896.2000122070312,896.2000122070312
2025-04-07,876.5999755859375,876.5999755859375,876.5999755859375,876.5999755859375
2025-04-08,877.9000244140625,877.9000244140625,877.9000244140625,877.9000244140625
2025-04-09,878.0999755859375,878.0999755859375,878.0999755859375,878.0999755859375
2025-04-10,888.9000244140625,888.9000244140625,888.9000244140625,888.9000244140625
2025-04-11,896.7999877929688,896.7999877929688,896.7999877929688,896.7999877929688
2025-04-14,946.5999755859375,946.5999755859375,946.5999755859375,946.5999755859375
2025-04-15,968.2000122070312,968.2000122070312,968.2000122070312,968.2000122070312
2025-04-16,969.7999877929688,969.7999877929688,969.7999877929688,969.7999877929688
2025-04-17,955.4000244140625,955.4000244140625,955.4000244140625,955.4000244140625
2025-04-21,925.7000122070312,925.7000122070312,925.7000122070312,925.7000122070312
2025-04-22,928.7999877929688,928.7999877929688,928.7999877929688,928.7999877929688
2025-04-23,937.7000122070312,937.7000122070312,937.7000122070312,937.7000122070312
2025-04-24,947.9000244140625,947.9000244140625,947.9000244140625,947.9000244140625
2025-04-25,931.0,931.0,931.0,931.0
2025-04-28,954.0,965.5,943.4000244140625,943.4000244140625
2025-04-29,932.5,932.5,932.5,932.5
2025-04-30,930.2000122070312,930.2000122070312,930.2000122070312,930.2000122070312
2025-05-01,939.7000122070312,939.7000122070312,939.7000122070312,939.7000122070312
2025-05-02,946.9000244140625,946.9000244140625,946.9000244140625,946.9000244140625
2025-05-05,938.5,938.5,938.5,938.5
2025-05-06,976.2999877929688,976.2999877929688,976.2999877929688,976.2999877929688
2025-05-07,978.2999877929688,978.2999877929688,978.2999877929688,978.2999877929688
2025-05-08,979.4000244140625,979.4000244140625,979.4000244140625,979.4000244140625
2025-05-09,978.0,978.0,978.0,978.0
2025-05-12,938.0,938.0,938.0,938.0
2025-05-13,952.2000122070312,952.2000122070312,952.2000122070312,952.2000122070312
2025-05-14,950.2999877929688,950.2999877929688,950.2999877929688,950.2999877929688
2025-05-15,964.2000122070312,964.2000122070312,964.2000122070312,964.2000122070312
2025-05-16,956.7999877929688,956.7999877929688,956.7999877929688,956.7999877929688
2025-05-19,979.2000122070312,979.2000122070312,979.2000122070312,979.2000122070312
2025-05-20,1021.5999755859375,1021.5999755859375,1021.5999755859375,1021.5999755859375
2025-05-21,1046.5999755859375,1046.5999755859375,1046.5999755859375,1046.5999755859375
2025-05-22,1024.0,1024.0,1024.0,1024.0
2025-05-23,1001.5,1001.5,1001.5,1001.5
2025-05-27,977.2999877929688,977.2999877929688,977.2999877929688,977.2999877929688
2025-05-28,962.2000122070312,962.2000122070312,962.2000122070312,962.2000122070312
2025-05-29,962.0,977.0,958.0,967.2999877929688
2025-05-30,960.0,961.2999877929688,957.0,961.2999877929688
2025-06-02,977.0,996.0,977.0,988.5999755859375
2025-06-03,1015.0,1015.0,1015.0,1015.0
2025-06-04,1010.0,1014.0,1000.2999877929688,1000.2999877929688
2025-06-05,1038.5,1038.5,1002.5,1006.5
2025-06-06,1060.5999755859375,1060.5999755859375,1060.5999755859375,1060.5999755859375
2025-06-09,1079.5,1106.0,1079.5,1084.4000244140625
2025-06-10,1074.0,1074.5,1068.0,1068.0
2025-06-11,1087.0999755859375,1087.0999755859375,1087.0999755859375,1087.0999755859375
2025-06-12,1062.0999755859375,1062.0999755859375,1062.0999755859375,1062.0999755859375
2025-06-13,1039.5999755859375,1039.5999755859375,1039.5999755859375,1039.5999755859375
2025-06-16,1055.5,1055.5,1032.0,1036.699951171875
2025-06-17,1062.300048828125,1062.300048828125,1062.300048828125,1062.300048828125
2025-06-18,1057.0,1067.0,1057.0,1061.800048828125
2025-06-20,1046.0,1052.800048828125,1046.0,1052.800048828125
2025-06-23,1088.5999755859375,1096.0,1088.5999755859375,1088.5999755859375
2025-06-24,1067.0,1067.0,1067.0,1067.0
2025-06-25,1065.4000244140625,1065.4000244140625,1065.4000244140625,1065.4000244140625
2025-06-26,1137.300048828125,1137.300048828125,1137.300048828125,1137.300048828125
2025-06-27,1145.5999755859375,1145.5999755859375,1145.5999755859375,1145.5999755859375
2025-06-30,1102.0999755859375,1102.0999755859375,1102.0999755859375,1102.0999755859375
2025-07-01,1105.5,1105.5,1105.5,1105.5
2025-07-02,1157.0,1157.0,1157.0,1157.0
2025-07-03,1136.5,1136.5,1136.5,1136.5
2025-07-07,1103.699951171875,1103.699951171875,1103.699951171875,1103.699951171875
2025-07-08,1110.9000244140625,1110.9000244140625,1110.9000244140625,1110.9000244140625
2025-07-09,1130.800048828125,1130.800048828125,1130.800048828125,1130.800048828125
2025-07-10,1183.5,1214.5,1183.5,1186.9000244140625
2025-07-11,1273.0,1273.0,1273.0,1273.0
2025-07-14,1230.5,1230.5,1230.5,1230.5
2025-07-15,1239.0,1239.0,1239.0,1239.0
2025-07-16,1278.0,1278.0,1278.0,1278.0
2025-07-17,1282.5,1300.0,1282.5,1291.0
2025-07-18,1360.0,1360.0,1291.9000244140625,1291.9000244140625
2025-07-21,1291.4000244140625,1291.4000244140625,1291.4000244140625,1291.4000244140625
2025-07-22,1312.9000244140625,1312.9000244140625,1312.9000244140625,1312.9000244140625
2025-07-23,1315.5999755859375,1315.5999755859375,1315.5999755859375,1315.5999755859375
2025-07-24,1277.0,1277.0,1277.0,1277.0
2025-07-25,1243.4000244140625,1243.4000244140625,1243.4000244140625,1243.4000244140625
2025-07-28,1280.5,1280.5,1280.5,1280.5
2025-07-29,1268.199951171875,1268.199951171875,1268.199951171875,1268.199951171875
2025-07-30,1255.199951171875,1255.199951171875,1255.199951171875,1255.199951171875
2025-07-31,1196.0999755859375,1196.0999755859375,1196.0999755859375,1196.0999755859375
2025-08-01,1207.9000244140625,1207.9000244140625,1207.9000244140625,1207.9000244140625
2025-08-04,1194.800048828125,1194.800048828125,1194.800048828125,1194.800048828125
2025-08-05,1193.5,1193.5,1193.5,1193.5
2025-08-06,1137.4000244140625,1137.4000244140625,1137.4000244140625,1137.4000244140625
2025-08-07,1160.9000244140625,1160.9000244140625,1160.9000244140625,1160.9000244140625
2025-08-08,1133.199951171875,1133.199951171875,1133.199951171875,1133.199951171875
2025-08-11,1149.4000244140625,1149.4000244140625,1149.4000244140625,1149.4000244140625
2025-08-12,1131.199951171875,1131.199951171875,1131.199951171875,1131.199951171875
2025-08-13,1121.0999755859375,1121.0999755859375,1121.0999755859375,1121.0999755859375
2025-08-14,1144.5,1144.5,1144.5,1144.5
2025-08-15,1107.5999755859375,1107.5999755859375,1107.5999755859375,1107.5999755859375
2025-08-18,1121.4000244140625,1121.4000244140625,1121.4000244140625,1121.4000244140625
2025-08-19,1101.800048828125,1101.800048828125,1101.800048828125,1101.800048828125
2025-08-20,1111.199951171875,1111.199951171875,1111.199951171875,1111.199951171875
2025-08-21,1105.5,1105.5,1105.5,1105.5
2025-08-22,1123.5,1123.5,1123.5,1123.5
2025-08-25,1087.5,1087.5,1087.5,1087.5
2025-08-26,1084.199951171875,1084.199951171875,1084.199951171875,1084.199951171875
2025-08-27,1082.0,1082.0,1082.0,1082.0
2025-08-28,1093.0,1115.0,1089.5,1104.5999755859375
2025-08-29,1086.0,1105.199951171875,1084.5,1105.199951171875
2025-09-02,1130.0,1156.0,1124.5,1136.4000244140625
2025-09-03,1136.0,1168.5,1136.0,1168.5
2025-09-04,1125.5,1125.5,1125.5,1125.5
2025-09-05,1135.0,1135.5,1111.5999755859375,1111.5999755859375
2025-09-08,1121.5,1139.4000244140625,1121.5,1139.4000244140625
2025-09-09,1124.699951171875,1124.699951171875,1124.699951171875,1124.699951171875
2025-09-10,1195.5,1196.5,1194.300048828125,1194.300048828125
2025-09-11,1198.5,1219.5999755859375,1198.5,1219.5999755859375
2025-09-12,1212.5,1244.0,1212.5,1229.300048828125
2025-09-15,1204.0,1204.0,1204.0,1204.0
2025-09-16,1179.9000244140625,1179.9000244140625,1179.9000244140625,1179.9000244140625
2025-09-17,1154.4000244140625,1154.4000244140625,1154.4000244140625,1154.4000244140625
2025-09-18,1168.0,1168.0,1168.0,1168.0
2025-09-19,1150.800048828125,1150.800048828125,1150.800048828125,1150.800048828125
2025-09-22,1155.0,1193.699951171875,1155.0,1193.699951171875
2025-09-23,1232.300048828125,1232.300048828125,1232.300048828125,1232.300048828125
2025-09-24,1221.4000244140625,1221.4000244140625,1221.4000244140625,1221.4000244140625
2025-09-25,1264.4000244140625,1264.4000244140625,1264.4000244140625,1264.4000244140625
2025-09-26,1291.4000244140625,1291.4000244140625,1291.4000244140625,1291.4000244140625
2025-09-29,1298.0,1301.5,1265.699951171875,1265.699951171875
2025-09-30,1263.5,1263.5,1263.5,1263.5
2025-10-01,1250.5,1250.5,1250.5,1250.5
2025-10-02,1239.800048828125,1239.800048828125,1239.800048828125,1239.800048828125
2025-10-03,1278.5,1278.5,1272.5,1273.0
2025-10-06,1287.5,1326.800048828125,1280.0,1326.800048828125
2025-10-07,1329.0,1375.0,1323.0,1347.5999755859375
2025-10-08,1413.0,1465.0,1399.0,1454.199951171875
2025-10-09,1430.5,1430.5,1430.5,1430.5
2025-10-10,1485.5,1493.0,1447.5999755859375,1447.5999755859375
2025-10-13,1509.4000244140625,1509.4000244140625,1509.4000244140625,1509.4000244140625
2025-10-14,1569.4000244140625,1569.4000244140625,1559.0,1569.4000244140625
2025-10-15,1569.0999755859375,1569.0999755859375,1569.0999755859375,1569.0999755859375
2025-10-16,1655.0,1655.0,1655.0,1655.0
2025-10-17,1499.199951171875,1499.199951171875,1499.199951171875,1499.199951171875
2025-10-20,1514.800048828125,1514.800048828125,1514.800048828125,1514.800048828125
2025-10-21,1412.5999755859375,1412.5999755859375,1412.5999755859375,1412.5999755859375
2025-10-22,1439.699951171875,1439.699951171875,1439.699951171875,1439.699951171875
2025-10-23,1470.9000244140625,1470.9000244140625,1470.9000244140625,1470.9000244140625
2025-10-24,1463.5999755859375,1463.5999755859375,1463.5999755859375,1463.5999755859375
2025-10-27,1415.9000244140625,1415.9000244140625,1415.9000244140625,1415.9000244140625
2025-10-28,1402.699951171875,1402.699951171875,1402.699951171875,1402.699951171875
2025-10-29,1429.5,1429.5,1429.5,1429.5
2025-10-30,1452.5,1461.5,1452.5,1461.5
2025-10-31,1473.0,1473.0,1444.699951171875,1444.699951171875
2025-11-03,1446.9000244140625,1446.9000244140625,1446.9000244140625,1446.9000244140625
2025-11-04,1412.9000244140625,1412.9000244140625,1412.9000244140625,1412.9000244140625
2025-11-05,1442.4000244140625,1442.4000244140625,1442.4000244140625,1442.4000244140625
2025-11-06,1388.0999755859375,1388.0999755859375,1388.0999755859375,1388.0999755859375
2025-11-07,1397.300048828125,1397.300048828125,1397.300048828125,1397.300048828125
2025-11-10,1443.0999755859375,1443.0999755859375,1443.0999755859375,1443.0999755859375
2025-11-11,1467.5999755859375,1467.5999755859375,1467.5999755859375,1467.5999755859375
2025-11-12,1499.9000244140625,1499.9000244140625,1499.9000244140625,1499.9000244140625
2025-11-13,1497.0,1517.0,1470.4000244140625,1470.4000244140625
2025-11-14,1416.5,1425.5,1416.0,1420.699951171875
2025-11-17,1413.9000244140625,1413.9000244140625,1413.9000244140625,1413.9000244140625
2025-11-18,1419.4000244140625,1419.4000244140625,1419.4000244140625,1419.4000244140625
2025-11-19,1402.0999755859375,1402.0999755859375,1402.0999755859375,1402.0999755859375
2025-11-20,1382.4000244140625,1382.4000244140625,1382.4000244140625,1382.4000244140625
2025-11-21,1383.5999755859375,1383.5999755859375,1383.5999755859375,1383.5999755859375
2025-11-24,1387.5,1403.0999755859375,1387.5,1403.0999755859375
2025-11-25,1402.199951171875,1402.199951171875,1402.199951171875,1402.199951171875
2025-11-26,1400.0,1431.0,1399.0,1422.5
2025-11-28,1427.0,1468.5999755859375,1418.5,1468.5999755859375
2025-12-01,1478.5,1478.5,1444.800048828125,1444.800048828125
2025-12-02,1470.9000244140625,1470.9000244140625,1470.9000244140625,1470.9000244140625
2025-12-03,1470.5,1476.800048828125,1470.5,1476.800048828125
2025-12-04,1449.5,1451.9000244140625,1449.5,1451.9000244140625
2025-12-05,1472.0,1479.0,1469.0,1472.4000244140625
2025-12-08,1495.5,1500.0,1483.5999755859375,1483.5999755859375
2025-12-09,1511.4000244140625,1511.4000244140625,1511.4000244140625,1511.4000244140625
2025-12-10,1458.300048828125,1458.300048828125,1458.300048828125,1458.300048828125
2025-12-11,1494.0,1512.699951171875,1494.0,1512.699951171875
2025-12-12,1555.5,1555.5,1514.199951171875,1514.199951171875
2025-12-15,1592.800048828125,1592.800048828125,1592.800048828125,1592.800048828125
2025-12-16,1626.5999755859375,1626.5999755859375,1626.5999755859375,1626.5999755859375
2025-12-17,1655.5,1684.199951171875,1646.0,1684.199951171875
2025-12-18,1728.5,1747.5,1723.0,1737.9000244140625
2025-12-19,1749.0,1749.0,1725.0,1749.0
2025-12-22,1815.0,1818.0,1793.4000244140625,1793.4000244140625
2025-12-23,1855.0,1925.5,1855.0,1918.5999755859375
2025-12-24,1766.300048828125,1766.300048828125,1766.300048828125,1766.300048828125
2025-12-26,1984.699951171875,1984.699951171875,1984.699951171875,1984.699951171875
2025-12-29,1648.300048828125,1648.300048828125,1648.300048828125,1648.300048828125
2025-12-30,1650.5,1706.699951171875,1650.5,1706.699951171875
2025-12-31,1629.199951171875,1629.199951171875,1629.199951171875,1629.199951171875
2026-01-02,1668.0,1668.0,1668.0,1668.0
2026-01-05,1700.0,1768.5,1680.0,1742.199951171875
2026-01-06,1865.5999755859375,1865.5999755859375,1865.5999755859375,1865.5999755859375
2026-01-07,1767.199951171875,1767.199951171875,1767.199951171875,1767.199951171875
2026-01-08,1781.0999755859375,1781.0999755859375,1781.0999755859375,1781.0999755859375
2026-01-09,1853.0,1853.0,1853.0,1853.0
2026-01-12,1921.300048828125,1921.300048828125,1921.300048828125,1921.300048828125
2026-01-13,1900.4000244140625,1900.4000244140625,1900.4000244140625,1900.4000244140625
2026-01-14,1886.9000244140625,1886.9000244140625,1886.9000244140625,1886.9000244140625
2026-01-15,1859.0,1859.0,1859.0,1859.0
2026-01-16,1805.199951171875,1805.199951171875,1805.199951171875,1805.199951171875
2026-01-20,1890.9000244140625,1890.9000244140625,1890.9000244140625,1890.9000244140625
2026-01-21,1865.199951171875,1865.199951171875,1865.199951171875,1865.199951171875
2026-01-22,1910.300048828125,1910.300048828125,1910.300048828125,1910.300048828125
2026-01-23,2010.0,2033.5,2010.0,2010.0
2026-01-26,2064.5,2169.89990234375,2064.5,2169.89990234375
2026-01-27,1861.800048828125,1861.800048828125,1861.800048828125,1861.800048828125
2026-01-28,2025.4000244140625,2025.4000244140625,2025.4000244140625,2025.4000244140625
2026-01-29,2150.0,2150.0,2000.5999755859375,2000.5999755859375
2026-01-30,1826.0,1832.0,1688.300048828125,1688.300048828125
2026-02-02,1643.5,1689.9000244140625,1625.0,1689.9000244140625
2026-02-03,1746.0999755859375,1746.0999755859375,1746.0999755859375,1746.0999755859375
2026-02-04,1726.199951171875,1726.199951171875,1726.199951171875,1726.199951171875
2026-02-05,1688.9000244140625,1688.9000244140625,1688.9000244140625,1688.9000244140625
2026-02-06,1549.5,1732.699951171875,1549.5,1732.699951171875
2026-02-09,1737.0999755859375,1737.0999755859375,1737.0999755859375,1737.0999755859375
2026-02-10,1722.699951171875,1722.699951171875,1722.699951171875,1722.699951171875
2026-02-11,1735.300048828125,1735.300048828125,1735.300048828125,1735.300048828125
2026-02-12,1650.300048828125,1650.300048828125,1650.300048828125,1650.300048828125
2026-02-13,1697.5,1732.0,1697.5,1697.5
2026-02-17,1675.199951171875,1675.199951171875,1675.199951171875,1675.199951171875
2026-02-18,1751.300048828125,1751.300048828125,1751.300048828125,1751.300048828125
2026-02-19,1690.4000244140625,1690.4000244140625,1690.4000244140625,1690.4000244140625
2026-02-20,1774.199951171875,1774.199951171875,1774.199951171875,1774.199951171875
2026-02-23,1772.199951171875,1772.199951171875,1772.199951171875,1772.199951171875
2026-02-24,1813.5,1813.5,1813.5,1813.5
2026-02-25,1834.0999755859375,1834.0999755859375,1834.0999755859375,1834.0999755859375
2026-02-26,1809.0,1812.0,1727.5,1748.5999755859375
2026-02-27,1774.5,1842.0,1774.5,1792.199951171875
2026-03-02,1766.5,1767.5,1757.0,1762.5999755859375
2026-03-03,1650.5,1650.5,1627.0,1635.0
2026-03-04,1667.800048828125,1667.800048828125,1667.800048828125,1667.800048828125
2026-03-05,1660.0,1660.0,1620.199951171875,1620.199951171875
2026-03-06,1631.699951171875,1631.699951171875,1631.699951171875,1631.699951171875
2026-03-09,1591.5,1662.199951171875,1564.0,1662.199951171875
2026-03-10,1668.699951171875,1668.699951171875,1668.699951171875,1668.699951171875
2026-03-11,1624.4000244140625,1624.4000244140625,1614.5,1624.4000244140625
2026-03-12,1621.9000244140625,1621.9000244140625,1621.9000244140625,1621.9000244140625
2026-03-13,1554.0999755859375,1554.0999755859375,1554.0999755859375,1554.0999755859375
2026-03-16,1584.5,1584.5,1584.5,1584.5
2026-03-17,1614.0,1614.0,1614.0,1614.0
2026-03-18,1517.0999755859375,1517.0999755859375,1517.0999755859375,1517.0999755859375
2026-03-19,1434.5999755859375,1435.0,1434.5999755859375,1434.5999755859375
2026-03-20,1392.5,1424.800048828125,1387.0,1424.800048828125
2026-03-23,1371.0,1411.300048828125,1371.0,1411.300048828125
2026-03-24,1416.0,1422.0,1405.5,1411.199951171875
2026-03-25,1416.0,1416.0,1416.0,1416.0
2026-03-26,1341.300048828125,1341.300048828125,1341.300048828125,1341.300048828125
2026-03-27,1390.9000244140625,1390.9000244140625,1390.9000244140625,1390.9000244140625
2026-03-30,1413.5,1418.0,1402.5,1418.0
2026-03-31,1471.199951171875,1471.199951171875,1471.199951171875,1471.199951171875
2026-04-01,1478.4000244140625,1478.4000244140625,1478.4000244140625,1478.4000244140625
2026-04-02,1491.4000244140625,1491.4000244140625,1491.4000244140625,1491.4000244140625
2026-04-06,1476.199951171875,1476.199951171875,1476.199951171875,1476.199951171875
2026-04-07,1442.0,1442.0,1442.0,1442.0
2026-04-08,1586.9000244140625,1586.9000244140625,1586.9000244140625,1586.9000244140625
2026-04-09,1553.0,1553.0,1553.0,1553.0
2026-04-10,1528.0999755859375,1528.0999755859375,1528.0999755859375,1528.0999755859375
2026-04-13,1526.5,1569.800048828125,1525.0,1569.800048828125
2026-04-14,1587.0,1587.0,1579.4000244140625,1579.4000244140625
2026-04-15,1578.0999755859375,1578.0999755859375,1578.0999755859375,1578.0999755859375
2026-04-16,1570.5,1570.5,1570.5,1570.5
2026-04-17,1590.4000244140625,1590.4000244140625,1590.4000244140625,1590.4000244140625
2026-04-20,1559.5999755859375,1559.5999755859375,1559.5999755859375,1559.5999755859375
2026-04-21,1531.699951171875,1531.699951171875,1531.699951171875,1531.699951171875
2026-04-22,1547.0999755859375,1547.0999755859375,1547.0999755859375,1547.0999755859375
2026-04-23,1484.5999755859375,1484.5999755859375,1484.5999755859375,1484.5999755859375
2026-04-24,1501.5,1501.5,1501.5,1501.5
2026-04-27,1477.699951171875,1477.699951171875,1477.699951171875,1477.699951171875
2026-04-28,1461.0999755859375,1461.0999755859375,1461.0999755859375,1461.0999755859375
2026-04-29,1461.800048828125,1461.800048828125,1461.800048828125,1461.800048828125
2026-04-30,1526.4000244140625,1526.4000244140625,1526.4000244140625,1526.4000244140625
2026-05-01,1539.199951171875,1539.199951171875,1539.199951171875,1539.199951171875
2026-05-04,1494.0,1494.0,1474.699951171875,1474.699951171875
2026-05-05,1505.0,1507.0999755859375,1505.0,1507.0999755859375
2026-05-06,1546.0,1546.0,1546.0,1546.0
2026-05-07,1517.800048828125,1517.800048828125,1491.0,1517.800048828125
2026-05-08,1482.5999755859375,1482.5999755859375,1482.5999755859375,1482.5999755859375
2026-05-11,1513.800048828125,1513.800048828125,1513.800048828125,1513.800048828125
2026-05-12,1485.699951171875,1485.699951171875,1485.699951171875,1485.699951171875
2026-05-13,1531.0,1531.0,1531.0,1531.0
2026-05-14,1456.5999755859375,1456.5999755859375,1456.5999755859375,1456.5999755859375
2026-05-15,1422.9000244140625,1422.9000244140625,1422.9000244140625,1422.9000244140625
2026-05-18,1417.800048828125,1417.800048828125,1417.800048828125,1417.800048828125
2026-05-19,1360.199951171875,1360.199951171875,1360.199951171875,1360.199951171875
2026-05-20,1373.800048828125,1373.800048828125,1373.800048828125,1373.800048828125
2026-05-21,1383.4000244140625,1383.4000244140625,1383.4000244140625,1383.4000244140625
2026-05-22,1358.0,1358.0,1358.0,1358.0
2026-05-26,1388.0,1393.0,1385.800048828125,1385.800048828125
2026-05-27,1395.5999755859375,1395.5999755859375,1395.5999755859375,1395.5999755859375
2026-05-28,1391.0,1402.0,1337.5,1377.5999755859375
2026-05-29,1380.0,1380.0,1341.5,1361.0
2026-06-01,1353.5,1368.5,1339.0,1360.5
2026-06-02,1386.5,1386.5,1368.5,1373.0999755859375
2026-06-03,1372.0,1372.0,1314.0,1317.0999755859375
2026-06-04,1318.800048828125,1318.800048828125,1318.800048828125,1318.800048828125
2026-06-05,1286.0,1287.0,1234.5,1247.0999755859375
2026-06-08,1202.5,1210.0,1200.9000244140625,1200.9000244140625
2026-06-09,1213.5999755859375,1213.5999755859375,1213.5999755859375,1213.5999755859375
2026-06-10,1230.800048828125,1230.800048828125,1230.800048828125,1230.800048828125
2026-06-11,1234.5999755859375,1234.5999755859375,1234.5999755859375,1234.5999755859375
2026-06-12,1276.199951171875,1276.199951171875,1276.199951171875,1276.199951171875
2026-06-15,1346.800048828125,1346.800048828125,1346.800048828125,1346.800048828125
2026-06-16,1355.9000244140625,1355.9000244140625,1355.9000244140625,1355.9000244140625
2026-06-17,1349.0999755859375,1349.0999755859375,1349.0999755859375,1349.0999755859375
2026-06-18,1274.5,1274.5,1274.5,1274.5
2026-06-22,1257.0999755859375,1257.0999755859375,1257.0999755859375,1257.0999755859375
2026-06-23,1230.699951171875,1230.699951171875,1230.699951171875,1230.699951171875
2026-06-24,1161.300048828125,1161.300048828125,1161.300048828125,1161.300048828125
2026-06-25,1179.0,1194.0,1173.0,1180.199951171875
2026-06-26,1209.0,1209.0,1209.0,1209.0
2026-06-29,1202.0,1210.4000244140625,1200.0,1210.4000244140625
2026-06-30,1200.0,1200.0,1200.0,1200.0
2026-07-01,1212.800048828125,1212.800048828125,1212.800048828125,1212.800048828125
2026-07-02,1261.9000244140625,1261.9000244140625,1261.9000244140625,1261.9000244140625
2026-07-06,1260.4000244140625,1260.4000244140625,1260.4000244140625,1260.4000244140625
2026-07-07,1270.5999755859375,1270.5999755859375,1270.5999755859375,1270.5999755859375
2026-07-08,1213.4000244140625,1213.4000244140625,1213.4000244140625,1213.4000244140625
2026-07-09,1243.9000244140625,1243.9000244140625,1243.9000244140625,1243.9000244140625
2026-07-10,1266.300048828125,1266.300048828125,1266.300048828125,1266.300048828125
2026-07-13,1242.699951171875,1242.699951171875,1242.699951171875,1242.699951171875
2026-07-14,1298.5999755859375,1298.5999755859375,1298.5999755859375,1298.5999755859375
2026-07-15,1283.199951171875,1283.199951171875,1283.199951171875,1283.199951171875
2026-07-16,1263.5,1263.5,1263.5,1263.5
2026-07-17,1244.0,1244.0,1244.0,1244.0
2026-07-20,1261.0,1261.0,1261.0,1261.0
2026-07-21,1279.5,1279.5,1279.5,1279.5
2026-07-22,1302.9000244140625,1302.9000244140625,1302.9000244140625,1302.9000244140625
2026-07-23,1255.300048828125,1255.300048828125,1255.300048828125,1255.300048828125
2026-07-24,1246.699951171875,1246.699951171875,1246.699951171875,1246.699951171875
2026-07-27,1289.5999755859375,1289.5999755859375,1289.5999755859375,1289.5999755859375
2026-07-28,1266.5,1266.5,1266.5,1266.5
2026-07-29,1245.699951171875,1245.699951171875,1245.699951171875,1245.699951171875
2026-07-30,1244.5,1302.199951171875,1244.5,1302.199951171875
2026-07-31,1275.5999755859375,1275.5999755859375,1275.5999755859375,1275.5999755859375
2026-08-03,1250.9000244140625,1250.9000244140625,1250.9000244140625,1250.9000244140625
2026-08-04,1355.300048828125,1355.300048828125,1355.300048828125,1355.300048828125
2026-08-05,1364.699951171875,1364.699951171875,1364.699951171875,1364.699951171875
2026-08-06,1372.9000244140625,1372.9000244140625,1372.9000244140625,1372.9000244140625
2026-08-07,1370.0,1378.0,1363.5,1374.0999755859375
2026-08-10,1377.199951171875,1377.199951171875,1377.199951171875,1377.199951171875
2026-08-11,1366.0999755859375,1366.0999755859375,1366.0999755859375,1366.0999755859375
2026-08-12,1370.199951171875,1370.199951171875,1370.199951171875,1370.199951171875
2026-08-13,1322.5999755859375,1322.5999755859375,1322.5999755859375,1322.5999755859375
2026-08-14,1322.5,1322.5,1322.5,1322.5
2026-08-17,1334.0999755859375,1334.0999755859375,1334.0999755859375,1334.0999755859375
2026-08-18,1291.199951171875,1291.199951171875,1291.199951171875,1291.199951171875
2026-08-19,1331.9000244140625,1331.9000244140625,1331.9000244140625,1331.9000244140625
2026-08-20,1336.300048828125,1336.300048828125,1336.300048828125,1336.300048828125
2026-08-21,1348.5,1348.5,1348.5,1348.5
2026-08-24,1361.800048828125,1361.800048828125,1361.800048828125,1361.800048828125
2026-08-25,1331.9000244140625,1331.9000244140625,1331.9000244140625,1331.9000244140625
2026-08-26,1325.0999755859375,1325.0999755859375,1325.0999755859375,1325.0999755859375
2026-08-27,1337.5999755859375,1337.5999755859375,1337.5999755859375,1337.5999755859375
2026-08-28,1353.0,1469.5,1348.5,1428.5999755859375
2026-08-31,1446.0,1461.5,1373.5,1383.0
