date,open,high,low,close
2016-08-31,1056.0999755859375,1056.0999755859375,1050.800048828125,1050.800048828125
2016-09-01,1046.199951171875,1046.199951171875,1046.199951171875,1046.199951171875
2016-09-02,1059.5,1059.5,1059.5,1059.5
2016-09-06,1069.9000244140625,1100.0,1069.9000244140625,1100.0
2016-09-07,1098.300048828125,1100.199951171875,1091.199951171875,1091.199951171875
2016-09-08,1083.0999755859375,1083.0999755859375,1083.0999755859375,1083.0999755859375
2016-09-09,1065.9000244140625,1065.9000244140625,1065.9000244140625,1065.9000244140625
2016-09-12,1041.300048828125,1041.300048828125,1041.300048828125,1041.300048828125
2016-09-13,1034.4000244140625,1034.4000244140625,1034.4000244140625,1034.4000244140625
2016-09-14,1039.300048828125,1039.300048828125,1039.300048828125,1039.300048828125
2016-09-15,1032.199951171875,1032.199951171875,1032.199951171875,1032.199951171875
2016-09-16,1016.0,1016.0,1016.0,1016.0
2016-09-19,1022.0999755859375,1022.0999755859375,1022.0999755859375,1022.0999755859375
2016-09-20,1030.5,1030.5,1030.5,1030.5
2016-09-21,1047.5,1047.5,1047.5,1047.5
2016-09-22,1062.4000244140625,1062.4000244140625,1062.4000244140625,1062.4000244140625
2016-09-23,1062.4000244140625,1062.4000244140625,1056.5999755859375,1056.5999755859375
2016-09-26,1042.5,1042.5,1042.5,1042.5
2016-09-27,1024.800048828125,1024.800048828125,1024.800048828125,1024.800048828125
2016-09-28,1021.9000244140625,1021.9000244140625,1021.9000244140625,1021.9000244140625
2016-09-29,1030.4000244140625,1041.699951171875,1020.0,1030.800048828125
2016-09-30,1026.0,1040.0,1025.0,1028.5999755859375
2016-10-03,1024.5,1024.5,1003.7000122070312,1003.7000122070312
2016-10-04,1005.7999877929688,1005.7999877929688,984.0,984.7000122070312
2016-10-05,992.5,992.5,970.4000244140625,972.2999877929688
2016-10-06,980.5,980.5,960.4000244140625,962.2999877929688
2016-10-07,966.2999877929688,970.9000244140625,958.7999877929688,958.7999877929688
2016-10-11,964.0,965.0999755859375,945.7999877929688,945.7999877929688
2016-10-12,949.0,950.2999877929688,938.4000244140625,938.4000244140625
2016-10-13,940.5,941.2000122070312,928.9000244140625,928.9000244140625
2016-10-14,936.2000122070312,936.2000122070312,932.0999755859375,935.9000244140625
2016-10-17,932.7000122070312,932.7000122070312,932.7000122070312,932.7000122070312
2016-10-18,943.7000122070312,950.5,943.0,943.0
2016-10-19,941.0,942.2999877929688,940.0999755859375,940.0999755859375
2016-10-20,943.2999877929688,943.2999877929688,930.5,931.2000122070312
2016-10-21,926.0,931.2999877929688,926.0,928.5999755859375
2016-10-24,944.4000244140625,944.7999877929688,932.7000122070312,935.4000244140625
2016-10-25,961.9000244140625,961.9000244140625,961.9000244140625,961.9000244140625
2016-10-26,960.5,960.5,960.5,960.5
2016-10-27,959.7999877929688,961.7000122070312,959.7999877929688,961.7000122070312
2016-10-28,969.5,978.5999755859375,966.0,978.2000122070312
2016-10-31,979.0,979.0,975.7999877929688,975.7999877929688
2016-11-01,995.0999755859375,995.0999755859375,995.0999755859375,995.0999755859375
2016-11-02,998.2000122070312,998.2000122070312,998.2000122070312,998.2000122070312
2016-11-03,991.5999755859375,991.5999755859375,991.5999755859375,991.5999755859375
2016-11-04,1001.7000122070312,1001.7000122070312,1001.7000122070312,1001.7000122070312
2016-11-07,998.5999755859375,998.5999755859375,998.5999755859375,998.5999755859375
2016-11-08,1005.7999877929688,1005.7999877929688,1005.7999877929688,1005.7999877929688
2016-11-09,1000.5,1000.5,997.7999877929688,1000.5
2016-11-10,1003.0,1003.5,979.5,979.5
2016-11-14,931.7000122070312,931.7000122070312,931.7000122070312,931.7000122070312
2016-11-15,932.7999877929688,932.7999877929688,932.7999877929688,932.7999877929688
2016-11-16,944.5,944.5,944.5,944.5
2016-11-17,942.5999755859375,942.5999755859375,942.5999755859375,942.5999755859375
2016-11-18,919.5,919.5,919.5,919.5
2016-11-21,933.7000122070312,933.7000122070312,933.7000122070312,933.7000122070312
2016-11-22,941.4000244140625,941.4000244140625,941.4000244140625,941.4000244140625
2016-11-23,929.5999755859375,929.5999755859375,929.5999755859375,929.5999755859375
2016-11-25,906.7999877929688,906.7999877929688,906.7999877929688,906.7999877929688
2016-11-28,921.2999877929688,921.2999877929688,921.2999877929688,921.2999877929688
2016-11-29,918.2999877929688,921.2000122070312,918.2999877929688,918.9000244140625
2016-11-30,908.0999755859375,908.0999755859375,908.0999755859375,908.0999755859375
2016-12-01,909.5999755859375,909.5999755859375,909.5999755859375,909.5999755859375
2016-12-02,931.0,931.0,931.0,931.0
2016-12-05,937.0,937.0,937.0,937.0
2016-12-06,934.0999755859375,934.0999755859375,934.0999755859375,934.0999755859375
2016-12-07,941.7000122070312,941.7000122070312,941.7000122070312,941.7000122070312
2016-12-08,942.4000244140625,942.4000244140625,942.4000244140625,942.4000244140625
2016-12-09,913.7000122070312,913.7000122070312,913.7000122070312,913.7000122070312
2016-12-12,932.5,932.5,932.5,932.5
2016-12-13,935.5,935.5,935.5,935.5
2016-12-14,939.5999755859375,939.5999755859375,939.5999755859375,939.5999755859375
2016-12-15,892.4000244140625,892.4000244140625,892.4000244140625,892.4000244140625
2016-12-16,933.0,933.0,933.0,933.0
2016-12-19,916.2000122070312,916.2000122070312,916.2000122070312,916.2000122070312
2016-12-20,922.9000244140625,922.9000244140625,922.9000244140625,922.9000244140625
2016-12-21,917.5,917.5,912.5999755859375,913.2999877929688
2016-12-22,906.4000244140625,906.4000244140625,906.4000244140625,906.4000244140625
2016-12-23,892.4000244140625,892.4000244140625,892.4000244140625,892.4000244140625
2016-12-27,903.2999877929688,903.2999877929688,903.2999877929688,903.2999877929688
2016-12-28,898.7999877929688,898.7999877929688,898.7999877929688,898.7999877929688
2016-12-29,900.7000122070312,907.4000244140625,896.0,897.7999877929688
2016-12-30,899.9000244140625,906.7000122070312,898.2000122070312,901.5999755859375
2017-01-03,911.4000244140625,943.0,908.2999877929688,939.2999877929688
2017-01-04,926.0,948.4000244140625,926.0,943.2999877929688
2017-01-05,952.0,973.4000244140625,950.9000244140625,972.0999755859375
2017-01-06,965.5999755859375,967.0999755859375,960.0,966.5
2017-01-09,970.2999877929688,979.9000244140625,965.0,978.5
2017-01-10,970.5,978.4000244140625,969.5,978.4000244140625
2017-01-11,970.5,972.5999755859375,967.0,972.2000122070312
2017-01-12,988.0,988.2999877929688,978.5,980.9000244140625
2017-01-13,981.2999877929688,986.2000122070312,981.2999877929688,982.4000244140625
2017-01-17,988.2999877929688,988.2999877929688,979.0999755859375,979.0999755859375
2017-01-18,968.0,968.0,968.0,968.0
2017-01-19,952.7999877929688,952.7999877929688,952.7999877929688,952.7999877929688
2017-01-20,963.2999877929688,979.5999755859375,960.7000122070312,972.2000122070312
2017-01-23,976.0999755859375,976.0999755859375,976.0999755859375,976.0999755859375
2017-01-24,982.5,1003.7999877929688,982.5,1003.7999877929688
2017-01-25,991.9000244140625,993.0,978.0,978.0
2017-01-26,977.0999755859375,977.9000244140625,977.0999755859375,977.9000244140625
2017-01-27,979.4000244140625,979.4000244140625,979.4000244140625,979.4000244140625
2017-01-30,978.7999877929688,989.7999877929688,978.7999877929688,989.7999877929688
2017-01-31,993.0,993.0,993.0,993.0
2017-02-01,996.2999877929688,996.2999877929688,996.2999877929688,996.2999877929688
2017-02-02,996.0999755859375,996.0999755859375,996.0999755859375,996.0999755859375
2017-02-03,1003.2000122070312,1003.2000122070312,1003.2000122070312,1003.2000122070312
2017-02-06,1010.5999755859375,1010.5999755859375,1010.5999755859375,1010.5999755859375
2017-02-07,1009.5,1009.5,1009.5,1009.5
2017-02-08,1016.4000244140625,1016.4000244140625,1016.4000244140625,1016.4000244140625
2017-02-09,1019.2000122070312,1019.2000122070312,1019.2000122070312,1019.2000122070312
2017-02-10,1008.7999877929688,1008.7999877929688,1008.7999877929688,1008.7999877929688
2017-02-13,998.2000122070312,998.2000122070312,998.2000122070312,998.2000122070312
2017-02-14,1000.0999755859375,1000.0999755859375,1000.0999755859375,1000.0999755859375
2017-02-15,1007.7999877929688,1007.7999877929688,1007.7999877929688,1007.7999877929688
2017-02-16,1013.0,1013.0,1013.0,1013.0
2017-02-17,1003.5,1003.5,1003.5,1003.5
2017-02-21,1003.5,1003.5,1003.5,1003.5
2017-02-22,1002.0,1002.0,1000.0,1000.5
2017-02-23,1009.7999877929688,1009.7999877929688,1009.7999877929688,1009.7999877929688
2017-02-24,1026.5,1026.5,1026.5,1026.5
2017-02-27,1034.0,1043.699951171875,1025.199951171875,1037.4000244140625
2017-02-28,1029.5,1029.5,1025.0,1029.5
2017-03-01,1027.4000244140625,1027.4000244140625,1017.4000244140625,1017.4000244140625
2017-03-02,1013.9000244140625,1015.7999877929688,988.4000244140625,988.4000244140625
2017-03-03,992.5999755859375,992.5999755859375,992.5999755859375,992.5999755859375
2017-03-06,976.7000122070312,976.7000122070312,976.7000122070312,976.7000122070312
2017-03-07,977.0999755859375,977.0999755859375,959.5999755859375,959.5999755859375
2017-03-08,948.2000122070312,948.2000122070312,948.2000122070312,948.2000122070312
2017-03-09,935.9000244140625,935.9000244140625,935.9000244140625,935.9000244140625
2017-03-10,936.9000244140625,936.9000244140625,936.9000244140625,936.9000244140625
2017-03-13,939.9000244140625,939.9000244140625,939.9000244140625,939.9000244140625
2017-03-14,937.7000122070312,937.7000122070312,937.7000122070312,937.7000122070312
2017-03-15,935.5999755859375,935.5999755859375,935.5999755859375,935.5999755859375
2017-03-16,957.2999877929688,957.2999877929688,957.2999877929688,957.2999877929688
2017-03-17,962.0,962.0,962.0,962.0
2017-03-20,971.4000244140625,971.4000244140625,971.4000244140625,971.4000244140625
2017-03-21,970.5999755859375,970.5999755859375,970.5999755859375,970.5999755859375
2017-03-22,961.0999755859375,961.0999755859375,961.0999755859375,961.0999755859375
2017-03-23,963.0999755859375,963.0999755859375,963.0999755859375,963.0999755859375
2017-03-24,964.0,967.2000122070312,964.0,967.2000122070312
2017-03-27,968.4000244140625,968.4000244140625,968.4000244140625,968.4000244140625
2017-03-28,956.9000244140625,956.9000244140625,956.9000244140625,956.9000244140625
2017-03-29,952.0999755859375,952.0999755859375,952.0999755859375,952.0999755859375
2017-03-30,954.0999755859375,959.5999755859375,946.0999755859375,951.5999755859375
2017-03-31,949.2999877929688,950.2000122070312,940.0,948.2000122070312
2017-04-03,953.0999755859375,955.9000244140625,950.2999877929688,954.7000122070312
2017-04-04,958.9000244140625,961.2999877929688,956.7000122070312,961.2000122070312
2017-04-05,960.2999877929688,964.4000244140625,955.5999755859375,956.4000244140625
2017-04-06,953.9000244140625,955.7000122070312,953.0999755859375,955.7000122070312
2017-04-07,959.0,959.0,959.0,959.0
2017-04-10,947.4000244140625,947.4000244140625,937.5,937.5
2017-04-11,943.5,965.9000244140625,943.5,965.9000244140625
2017-04-12,966.4000244140625,966.9000244140625,962.0,964.9000244140625
2017-04-13,973.0,977.2999877929688,971.2999877929688,973.7000122070312
2017-04-17,976.2000122070312,987.5,972.7000122070312,987.5
2017-04-18,983.0999755859375,983.0999755859375,975.7999877929688,975.7999877929688
2017-04-19,976.5999755859375,976.9000244140625,967.5,967.5
2017-04-20,974.0,979.9000244140625,974.0,978.0
2017-04-21,975.0,976.5,974.5,974.5
2017-04-24,957.2000122070312,957.2000122070312,957.2000122070312,957.2000122070312
2017-04-25,954.5,954.5999755859375,954.5,954.5999755859375
2017-04-26,952.5,952.5,945.9000244140625,945.9000244140625
2017-04-27,946.4000244140625,946.4000244140625,946.4000244140625,946.4000244140625
2017-04-28,946.2999877929688,946.2999877929688,946.2999877929688,946.2999877929688
2017-05-01,929.7999877929688,929.7999877929688,929.7999877929688,929.7999877929688
2017-05-02,923.5999755859375,923.5999755859375,923.5999755859375,923.5999755859375
2017-05-03,902.0,902.0,902.0,902.0
2017-05-04,905.2999877929688,905.2999877929688,905.2999877929688,905.2999877929688
2017-05-05,907.7000122070312,907.7000122070312,907.7000122070312,907.7000122070312
2017-05-08,917.0999755859375,918.0,917.0999755859375,917.0999755859375
2017-05-09,902.0,902.0,898.4000244140625,898.4000244140625
2017-05-10,907.4000244140625,907.4000244140625,907.4000244140625,907.4000244140625
2017-05-11,915.2000122070312,915.2000122070312,915.2000122070312,915.2000122070312
2017-05-12,915.0,915.0,915.0,915.0
2017-05-15,930.7000122070312,930.7000122070312,926.2000122070312,926.2000122070312
2017-05-16,934.5,934.5,934.5,934.5
2017-05-17,943.5999755859375,943.5999755859375,943.5999755859375,943.5999755859375
2017-05-18,934.2999877929688,934.2999877929688,934.2999877929688,934.2999877929688
2017-05-19,937.7000122070312,937.7000122070312,937.7000122070312,937.7000122070312
2017-05-22,947.7999877929688,947.7999877929688,947.7999877929688,947.7999877929688
2017-05-23,946.9000244140625,946.9000244140625,946.9000244140625,946.9000244140625
2017-05-24,944.5999755859375,944.5999755859375,944.5999755859375,944.5999755859375
2017-05-25,949.7999877929688,949.7999877929688,949.7999877929688,949.7999877929688
2017-05-26,959.7999877929688,959.7999877929688,959.7999877929688,959.7999877929688
2017-05-30,961.2999877929688,961.2999877929688,939.0,939.2999877929688
2017-05-31,948.5,948.5,948.5,948.5
2017-06-01,925.0,931.2999877929688,925.0,927.2999877929688
2017-06-02,931.0,951.7000122070312,931.0,951.7000122070312
2017-06-05,956.2999877929688,956.2999877929688,954.0999755859375,956.2999877929688
2017-06-06,962.0999755859375,962.0999755859375,962.0999755859375,962.0999755859375
2017-06-07,946.4000244140625,946.4000244140625,946.4000244140625,946.4000244140625
2017-06-08,936.9000244140625,936.9000244140625,936.9000244140625,936.9000244140625
2017-06-09,939.0999755859375,939.0999755859375,939.0999755859375,939.0999755859375
2017-06-12,943.2999877929688,943.2999877929688,943.2999877929688,943.2999877929688
2017-06-13,923.0,923.0,923.0,923.0
2017-06-14,925.4000244140625,950.7000122070312,925.4000244140625,950.7000122070312
2017-06-15,920.2999877929688,920.2999877929688,920.2999877929688,920.2999877929688
2017-06-16,925.9000244140625,925.9000244140625,925.9000244140625,925.9000244140625
2017-06-19,926.0,926.0,926.0,926.0
2017-06-20,920.5999755859375,920.5999755859375,920.5999755859375,920.5999755859375
2017-06-21,926.0999755859375,926.0999755859375,926.0999755859375,926.0999755859375
2017-06-22,924.7000122070312,924.7000122070312,924.7000122070312,924.7000122070312
2017-06-23,928.5,928.5,928.5,928.5
2017-06-26,915.7000122070312,915.7000122070312,915.7000122070312,915.7000122070312
2017-06-27,917.7999877929688,917.7999877929688,917.7999877929688,917.7999877929688
2017-06-28,920.7000122070312,920.7000122070312,920.7000122070312,920.7000122070312
2017-06-29,920.9000244140625,925.4000244140625,909.5999755859375,919.0
2017-06-30,919.0,927.5999755859375,919.0,923.7000122070312
2017-07-03,929.2999877929688,929.2999877929688,903.4000244140625,903.7999877929688
2017-07-05,905.7999877929688,906.7000122070312,902.5,905.7000122070312
2017-07-06,906.5,907.2000122070312,904.9000244140625,907.2000122070312
2017-07-07,907.2999877929688,910.7000122070312,900.0999755859375,901.0999755859375
2017-07-10,899.4000244140625,899.4000244140625,898.2999877929688,899.2999877929688
2017-07-11,900.2999877929688,901.0999755859375,890.2999877929688,896.0
2017-07-12,901.9000244140625,916.2999877929688,901.4000244140625,916.2999877929688
2017-07-13,917.9000244140625,917.9000244140625,904.5,904.5
2017-07-14,904.0999755859375,920.9000244140625,904.0999755859375,920.9000244140625
2017-07-17,927.5,927.5999755859375,927.2000122070312,927.5999755859375
2017-07-18,926.4000244140625,929.0,926.4000244140625,927.7000122070312
2017-07-19,924.5,924.9000244140625,920.0999755859375,921.5999755859375
2017-07-20,920.0,930.5,920.0,930.5
2017-07-21,934.7000122070312,934.7000122070312,934.7000122070312,934.7000122070312
2017-07-24,929.4000244140625,929.4000244140625,929.4000244140625,929.4000244140625
2017-07-25,929.2999877929688,929.2999877929688,928.5999755859375,928.9000244140625
2017-07-26,919.5,919.5,919.5,919.5
2017-07-27,923.2000122070312,923.2000122070312,923.2000122070312,923.2000122070312
2017-07-28,933.2000122070312,933.2000122070312,933.2000122070312,933.2000122070312
2017-07-31,937.7000122070312,937.7000122070312,937.7000122070312,937.7000122070312
2017-08-01,946.5,946.5,946.5,946.5
2017-08-02,950.7999877929688,950.7999877929688,950.7999877929688,950.7999877929688
2017-08-03,961.5999755859375,961.5999755859375,961.5999755859375,961.5999755859375
2017-08-04,962.5999755859375,966.0,962.5999755859375,966.0
2017-08-07,963.0,968.5999755859375,963.0,968.5999755859375
2017-08-08,971.7000122070312,971.7000122070312,971.7000122070312,971.7000122070312
2017-08-09,973.2999877929688,973.2999877929688,973.2999877929688,973.2999877929688
2017-08-10,983.4000244140625,983.4000244140625,983.4000244140625,983.4000244140625
2017-08-11,987.2000122070312,987.2000122070312,987.2000122070312,987.2000122070312
2017-08-14,972.4000244140625,972.4000244140625,972.4000244140625,972.4000244140625
2017-08-15,964.9000244140625,964.9000244140625,964.9000244140625,964.9000244140625
2017-08-16,972.0,972.0,972.0,972.0
2017-08-17,978.9000244140625,978.9000244140625,978.9000244140625,978.9000244140625
2017-08-18,979.5999755859375,979.5999755859375,979.5999755859375,979.5999755859375
2017-08-21,982.7000122070312,982.7000122070312,982.7000122070312,982.7000122070312
2017-08-22,978.5,978.5,978.5,978.5
2017-08-23,978.0999755859375,978.0999755859375,978.0999755859375,978.0999755859375
2017-08-24,979.7999877929688,979.7999877929688,979.7999877929688,979.7999877929688
2017-08-25,976.2999877929688,976.2999877929688,976.2999877929688,976.2999877929688
2017-08-28,986.5,986.5,986.5,986.5
2017-08-29,1000.7000122070312,1000.7000122070312,1000.7000122070312,1000.7000122070312
2017-08-30,993.5,993.5,993.5,993.5
2017-08-31,996.7999877929688,996.7999877929688,996.7999877929688,996.7999877929688
2017-09-01,1007.2999877929688,1007.2999877929688,1007.2999877929688,1007.2999877929688
2017-09-05,1007.4000244140625,1007.4000244140625,1007.4000244140625,1007.4000244140625
2017-09-06,1005.5999755859375,1005.5999755859375,1005.5999755859375,1005.5999755859375
2017-09-07,1015.2999877929688,1015.2999877929688,1015.2999877929688,1015.2999877929688
2017-09-08,1011.0999755859375,1011.0999755859375,1011.0999755859375,1011.0999755859375
2017-09-11,997.9000244140625,997.9000244140625,997.9000244140625,997.9000244140625
2017-09-12,986.0,987.0,985.5999755859375,985.5999755859375
2017-09-13,991.2000122070312,991.2000122070312,982.2999877929688,982.2999877929688
2017-09-14,980.0999755859375,980.0999755859375,980.0999755859375,980.0999755859375
2017-09-15,971.0,971.0,971.0,971.0
2017-09-18,960.2999877929688,960.2999877929688,960.2999877929688,960.2999877929688
2017-09-19,950.4000244140625,950.4000244140625,950.4000244140625,950.4000244140625
2017-09-20,944.9000244140625,944.9000244140625,944.9000244140625,944.9000244140625
2017-09-21,939.4000244140625,939.4000244140625,939.4000244140625,939.4000244140625
2017-09-22,931.7999877929688,931.7999877929688,931.7999877929688,931.7999877929688
2017-09-25,940.0,940.0,940.0,940.0
2017-09-26,924.5,924.5,924.5,924.5
2017-09-27,921.2999877929688,921.2999877929688,921.2999877929688,921.2999877929688
2017-09-28,921.2999877929688,924.5999755859375,914.0,921.0
2017-09-29,922.0,922.2999877929688,910.2999877929688,910.2999877929688
2017-10-02,910.0,913.0999755859375,906.7999877929688,911.5999755859375
2017-10-03,910.7999877929688,912.7999877929688,910.7999877929688,911.0999755859375
2017-10-04,912.5999755859375,912.5999755859375,910.5999755859375,910.5999755859375
2017-10-05,910.0,914.2000122070312,910.0,914.2000122070312
2017-10-06,911.5999755859375,915.5,905.2000122070312,912.9000244140625
2017-10-09,913.5,914.4000244140625,913.5,914.4000244140625
2017-10-10,931.9000244140625,933.0999755859375,931.9000244140625,933.0999755859375
2017-10-11,930.4000244140625,932.2000122070312,930.4000244140625,930.4000244140625
2017-10-12,939.0999755859375,939.0999755859375,939.0999755859375,939.0999755859375
2017-10-13,938.7999877929688,945.2000122070312,937.5,945.2000122070312
2017-10-16,940.0,940.0,939.4000244140625,939.4000244140625
2017-10-17,932.0999755859375,934.5,932.0999755859375,932.0999755859375
2017-10-18,930.0,930.0,921.9000244140625,921.9000244140625
2017-10-19,918.5999755859375,923.2000122070312,918.5999755859375,923.2000122070312
2017-10-20,921.0999755859375,925.0999755859375,917.5,924.0999755859375
2017-10-23,924.5,924.5,924.5,924.5
2017-10-24,921.2000122070312,922.7999877929688,921.2000122070312,922.7999877929688
2017-10-25,924.0,924.0,924.0,924.0
2017-10-26,920.2000122070312,920.2000122070312,918.2000122070312,918.2000122070312
2017-10-27,910.5999755859375,910.5999755859375,910.5999755859375,910.5999755859375
2017-10-30,914.4000244140625,918.9000244140625,914.0,918.9000244140625
2017-10-31,915.7999877929688,915.7999877929688,915.7999877929688,915.7999877929688
2017-11-01,933.0,933.0,933.0,933.0
2017-11-02,924.0999755859375,924.0999755859375,924.0999755859375,924.0999755859375
2017-11-03,918.5,918.5,918.5,918.5
2017-11-06,931.7000122070312,933.7999877929688,931.0,931.0
2017-11-07,928.2999877929688,928.7000122070312,922.0999755859375,922.0999755859375
2017-11-08,934.5999755859375,934.5999755859375,934.5999755859375,934.5999755859375
2017-11-09,937.2999877929688,937.2999877929688,937.2999877929688,937.2999877929688
2017-11-10,928.9000244140625,928.9000244140625,928.9000244140625,928.9000244140625
2017-11-13,932.4000244140625,932.4000244140625,932.4000244140625,932.4000244140625
2017-11-14,924.0999755859375,924.0999755859375,924.0999755859375,924.0999755859375
2017-11-15,928.2000122070312,929.9000244140625,926.4000244140625,929.9000244140625
2017-11-16,933.0,933.0,933.0,933.0
2017-11-17,951.4000244140625,951.4000244140625,951.4000244140625,951.4000244140625
2017-11-20,920.4000244140625,920.4000244140625,920.4000244140625,920.4000244140625
2017-11-21,934.7999877929688,934.7999877929688,934.7999877929688,934.7999877929688
2017-11-22,937.5999755859375,937.5999755859375,937.5999755859375,937.5999755859375
2017-11-24,942.2999877929688,942.2999877929688,942.2999877929688,942.2999877929688
2017-11-27,947.9000244140625,947.9000244140625,947.9000244140625,947.9000244140625
2017-11-28,950.0999755859375,950.0999755859375,950.0999755859375,950.0999755859375
2017-11-29,940.0,940.0,940.0,940.0
2017-11-30,941.2999877929688,941.2999877929688,941.2999877929688,941.2999877929688
2017-12-01,939.4000244140625,939.4000244140625,939.4000244140625,939.4000244140625
2017-12-04,924.7999877929688,927.7999877929688,924.7999877929688,924.7999877929688
2017-12-05,917.5999755859375,917.5999755859375,915.9000244140625,916.2999877929688
2017-12-06,915.4000244140625,915.4000244140625,901.9000244140625,901.9000244140625
2017-12-07,893.5999755859375,893.5999755859375,893.5999755859375,893.5999755859375
2017-12-08,882.7999877929688,882.7999877929688,882.7999877929688,882.7999877929688
2017-12-11,891.9000244140625,891.9000244140625,891.9000244140625,891.9000244140625
2017-12-12,874.7999877929688,874.7999877929688,874.7999877929688,874.7999877929688
2017-12-13,874.5,874.5,874.5,874.5
2017-12-14,880.2999877929688,880.2999877929688,880.2999877929688,880.2999877929688
2017-12-15,888.5,888.5,888.5,888.5
2017-12-18,912.2999877929688,912.2999877929688,912.2999877929688,912.2999877929688
2017-12-19,913.2000122070312,913.2000122070312,913.2000122070312,913.2000122070312
2017-12-20,920.5999755859375,920.5999755859375,920.5999755859375,920.5999755859375
2017-12-21,918.7999877929688,918.7999877929688,918.7999877929688,918.7999877929688
2017-12-22,922.0999755859375,922.0999755859375,922.0999755859375,922.0999755859375
2017-12-26,922.5999755859375,922.5999755859375,922.5999755859375,922.5999755859375
2017-12-27,922.7999877929688,922.7999877929688,922.7999877929688,922.7999877929688
2017-12-28,923.2000122070312,928.5,921.9000244140625,926.9000244140625
2017-12-29,926.9000244140625,935.2000122070312,926.9000244140625,934.2000122070312
2018-01-02,937.9000244140625,945.7999877929688,937.9000244140625,943.7999877929688
2018-01-03,941.5,959.9000244140625,941.5,957.7999877929688
2018-01-04,955.5,967.0,947.2000122070312,966.0999755859375
2018-01-05,963.0,971.2000122070312,963.0,971.2000122070312
2018-01-08,970.7999877929688,972.2999877929688,970.7999877929688,972.2999877929688
2018-01-09,967.9000244140625,967.9000244140625,967.9000244140625,967.9000244140625
2018-01-10,974.4000244140625,974.4000244140625,974.4000244140625,974.4000244140625
2018-01-11,986.9000244140625,986.9000244140625,984.0,986.9000244140625
2018-01-12,992.0,993.5,991.2000122070312,991.2000122070312
2018-01-16,1000.2000122070312,1000.2000122070312,1000.2000122070312,1000.2000122070312
2018-01-17,1004.7000122070312,1006.2000122070312,1002.5,1006.2000122070312
2018-01-18,1004.5,1005.0,1004.5,1005.0
2018-01-19,1012.4000244140625,1017.2999877929688,1010.0999755859375,1016.2000122070312
2018-01-22,997.0,998.5999755859375,994.0,994.2999877929688
2018-01-23,1005.2999877929688,1005.2999877929688,1005.2999877929688,1005.2999877929688
2018-01-24,1013.2999877929688,1013.2999877929688,1013.2999877929688,1013.2999877929688
2018-01-25,1022.5999755859375,1029.300048828125,1022.5999755859375,1029.300048828125
2018-01-26,1015.0,1015.0,1015.0,1015.0
2018-01-30,997.4000244140625,997.4000244140625,997.4000244140625,997.4000244140625
2018-01-31,1001.5999755859375,1001.5999755859375,1001.2999877929688,1001.2999877929688
2018-02-01,1004.7999877929688,1004.7999877929688,1004.7999877929688,1004.7999877929688
2018-02-02,996.4000244140625,996.4000244140625,996.4000244140625,996.4000244140625
2018-02-05,992.5,992.5,989.9000244140625,992.5
2018-02-06,991.2999877929688,991.2999877929688,991.2999877929688,991.2999877929688
2018-02-07,978.7000122070312,979.7999877929688,978.7000122070312,978.7000122070312
2018-02-08,975.4000244140625,975.4000244140625,975.4000244140625,975.4000244140625
2018-02-09,958.5,958.5,958.5,958.5
2018-02-12,969.7999877929688,969.7999877929688,969.7999877929688,969.7999877929688
2018-02-13,972.7000122070312,972.7000122070312,972.7000122070312,972.7000122070312
2018-02-14,996.0999755859375,996.0999755859375,996.0999755859375,996.0999755859375
2018-02-15,998.0999755859375,998.0999755859375,998.0999755859375,998.0999755859375
2018-02-16,1009.2999877929688,1009.2999877929688,1009.2999877929688,1009.2999877929688
2018-02-20,1001.0,1001.0,1001.0,1001.0
2018-02-21,994.4000244140625,998.0,993.5999755859375,993.5999755859375
2018-02-22,996.4000244140625,996.4000244140625,996.4000244140625,996.4000244140625
2018-02-23,995.7999877929688,995.7999877929688,995.7999877929688,995.7999877929688
2018-02-26,998.7999877929688,998.7999877929688,998.7999877929688,998.7999877929688
2018-02-27,984.7000122070312,984.7000122070312,983.0999755859375,983.0999755859375
2018-02-28,986.5999755859375,986.5999755859375,986.5999755859375,986.5999755859375
2018-03-01,956.2999877929688,956.2999877929688,956.2999877929688,956.2999877929688
2018-03-02,963.5999755859375,963.5999755859375,963.5999755859375,963.5999755859375
2018-03-05,960.5999755859375,960.5999755859375,960.5999755859375,960.5999755859375
2018-03-06,969.0999755859375,969.0999755859375,969.0999755859375,969.0999755859375
2018-03-07,951.7000122070312,951.7000122070312,951.7000122070312,951.7000122070312
2018-03-08,950.7999877929688,950.7999877929688,950.7999877929688,950.7999877929688
2018-03-09,962.7000122070312,962.7000122070312,962.7000122070312,962.7000122070312
2018-03-12,961.4000244140625,961.4000244140625,961.4000244140625,961.4000244140625
2018-03-13,965.7999877929688,965.7999877929688,965.7999877929688,965.7999877929688
2018-03-14,960.0,960.0,960.0,960.0
2018-03-15,955.4000244140625,955.4000244140625,955.4000244140625,955.4000244140625
2018-03-16,948.7000122070312,948.7000122070312,948.7000122070312,948.7000122070312
2018-03-19,952.9000244140625,952.9000244140625,952.9000244140625,952.9000244140625
2018-03-20,943.5,943.5,943.5,943.5
2018-03-21,949.0999755859375,949.0999755859375,949.0999755859375,949.0999755859375
2018-03-22,947.5999755859375,947.5999755859375,947.5999755859375,947.5999755859375
2018-03-23,946.9000244140625,946.9000244140625,946.9000244140625,946.9000244140625
2018-03-26,948.9000244140625,948.9000244140625,948.9000244140625,948.9000244140625
2018-03-27,945.2000122070312,945.2000122070312,945.2000122070312,945.2000122070312
2018-03-28,944.9000244140625,947.7000122070312,933.4000244140625,934.7000122070312
2018-03-29,938.0,938.0,927.2999877929688,927.2999877929688
2018-04-02,934.2999877929688,934.2999877929688,930.0,930.7000122070312
2018-04-03,933.9000244140625,933.9000244140625,918.7999877929688,925.2999877929688
2018-04-04,912.0999755859375,912.0999755859375,912.0999755859375,912.0999755859375
2018-04-05,908.7000122070312,909.7999877929688,906.5,909.7999877929688
2018-04-06,907.5,912.0,905.5,912.0
2018-04-09,933.9000244140625,933.9000244140625,933.9000244140625,933.9000244140625
2018-04-10,931.7000122070312,933.7999877929688,927.5999755859375,927.5999755859375
2018-04-11,929.5,929.5,928.7999877929688,928.7999877929688
2018-04-12,929.0,929.0,929.0,929.0
2018-04-13,927.2999877929688,927.2999877929688,927.2999877929688,927.2999877929688
2018-04-16,925.7000122070312,925.7000122070312,925.7000122070312,925.7000122070312
2018-04-17,933.9000244140625,933.9000244140625,933.9000244140625,933.9000244140625
2018-04-18,942.2000122070312,942.2000122070312,939.5,939.5
2018-04-19,947.7999877929688,947.7999877929688,933.7000122070312,933.7000122070312
2018-04-20,925.9000244140625,925.9000244140625,925.5999755859375,925.5999755859375
2018-04-23,919.2999877929688,919.2999877929688,916.2999877929688,916.2999877929688
2018-04-24,928.9000244140625,928.9000244140625,928.9000244140625,928.9000244140625
2018-04-25,906.5999755859375,906.5999755859375,906.5999755859375,906.5999755859375
2018-04-26,907.5999755859375,908.0,904.0,904.0
2018-04-27,910.0,911.0,908.7999877929688,911.0
2018-04-30,898.2000122070312,899.0,898.2000122070312,899.0
2018-05-01,888.7999877929688,888.7999877929688,888.7999877929688,888.7999877929688
2018-05-02,888.5,888.5,888.5,888.5
2018-05-03,898.7000122070312,898.7000122070312,898.7000122070312,898.7000122070312
2018-05-04,905.0,905.0,905.0,905.0
2018-05-07,908.0,908.0,908.0,908.0
2018-05-08,907.0999755859375,907.0999755859375,907.0999755859375,907.0999755859375
2018-05-09,911.5999755859375,911.5999755859375,911.5999755859375,911.5999755859375
2018-05-10,920.5,920.5,920.5,920.5
2018-05-11,922.4000244140625,922.4000244140625,922.4000244140625,922.4000244140625
2018-05-14,911.5,911.5,911.5,911.5
2018-05-15,893.7999877929688,893.7999877929688,893.7999877929688,893.7999877929688
2018-05-16,886.5,886.5,886.5,886.5
2018-05-17,889.0,889.0,889.0,889.0
2018-05-18,883.4000244140625,883.4000244140625,883.4000244140625,883.4000244140625
2018-05-21,896.7000122070312,896.7000122070312,896.7000122070312,896.7000122070312
2018-05-22,905.7000122070312,905.7000122070312,905.7000122070312,905.7000122070312
2018-05-23,897.7000122070312,897.7000122070312,897.7000122070312,897.7000122070312
2018-05-24,909.5,909.5,909.5,909.5
2018-05-25,898.2000122070312,898.2000122070312,898.2000122070312,898.2000122070312
2018-05-29,902.7999877929688,902.7999877929688,902.7999877929688,902.7999877929688
2018-05-30,902.7000122070312,908.5999755859375,902.7000122070312,906.5
2018-05-31,908.0999755859375,908.0999755859375,908.0999755859375,908.0999755859375
2018-06-01,904.7000122070312,904.7000122070312,904.7000122070312,904.7000122070312
2018-06-04,901.5,901.5,901.5,901.5
2018-06-05,899.2999877929688,899.2999877929688,899.2999877929688,899.2999877929688
2018-06-06,905.5999755859375,905.5999755859375,905.5999755859375,905.5999755859375
2018-06-07,898.2999877929688,898.2999877929688,898.2999877929688,898.2999877929688
2018-06-08,903.7000122070312,903.7000122070312,903.7000122070312,903.7000122070312
2018-06-11,904.4000244140625,904.4000244140625,904.4000244140625,904.4000244140625
2018-06-12,899.5,899.5,899.5,899.5
2018-06-13,900.5,900.5,900.5,900.5
2018-06-14,908.9000244140625,908.9000244140625,908.9000244140625,908.9000244140625
2018-06-15,908.9000244140625,908.9000244140625,885.7999877929688,885.7999877929688
2018-06-18,881.9000244140625,881.9000244140625,881.9000244140625,881.9000244140625
2018-06-19,862.9000244140625,862.9000244140625,862.9000244140625,862.9000244140625
2018-06-20,872.0999755859375,872.0999755859375,872.0999755859375,872.0999755859375
2018-06-21,861.2000122070312,861.2000122070312,861.2000122070312,861.2000122070312
2018-06-22,871.2999877929688,871.2999877929688,871.2999877929688,871.2999877929688
2018-06-25,866.7999877929688,866.7999877929688,866.7999877929688,866.7999877929688
2018-06-26,869.2999877929688,869.2999877929688,869.2999877929688,869.2999877929688
2018-06-27,856.2999877929688,856.2999877929688,856.2999877929688,856.2999877929688
2018-06-28,858.7999877929688,858.7999877929688,844.2999877929688,850.2999877929688
2018-06-29,849.7000122070312,852.4000244140625,844.0999755859375,852.4000244140625
2018-07-02,838.9000244140625,838.9000244140625,809.0,809.0
2018-07-03,817.0,844.0,796.9000244140625,841.7999877929688
2018-07-05,837.0999755859375,838.2999877929688,837.0999755859375,837.0999755859375
2018-07-06,844.2000122070312,844.2000122070312,842.5,844.2000122070312
2018-07-09,853.5,854.4000244140625,849.0,849.0
2018-07-10,851.0,851.0,842.0,842.0
2018-07-11,837.0,837.0,831.0,831.0
2018-07-12,842.2999877929688,842.2999877929688,842.2999877929688,842.2999877929688
2018-07-13,826.9000244140625,830.5999755859375,826.2000122070312,826.2000122070312
2018-07-16,820.7999877929688,822.2999877929688,820.7999877929688,822.2999877929688
2018-07-17,815.7999877929688,815.7999877929688,815.7999877929688,815.7999877929688
2018-07-18,813.7000122070312,813.7000122070312,813.7000122070312,813.7000122070312
2018-07-19,814.4000244140625,814.4000244140625,798.0,800.5999755859375
2018-07-20,825.5,826.5,823.5999755859375,823.5999755859375
2018-07-23,825.7999877929688,825.7999877929688,825.7999877929688,825.7999877929688
2018-07-24,829.5999755859375,829.5999755859375,829.5999755859375,829.5999755859375
2018-07-25,833.7999877929688,833.7999877929688,833.7999877929688,833.7999877929688
2018-07-26,826.5,832.7000122070312,826.5,832.4000244140625
2018-07-27,827.5,827.9000244140625,826.4000244140625,826.4000244140625
2018-07-30,825.0999755859375,829.2000122070312,824.4000244140625,826.5999755859375
2018-07-31,840.9000244140625,840.9000244140625,840.9000244140625,840.9000244140625
2018-08-01,812.4000244140625,812.4000244140625,812.4000244140625,812.4000244140625
2018-08-02,823.4000244140625,823.4000244140625,823.4000244140625,823.4000244140625
2018-08-03,832.0999755859375,832.0999755859375,832.0999755859375,832.0999755859375
2018-08-06,821.5,821.5,821.5,821.5
2018-08-07,826.5999755859375,826.5999755859375,826.5999755859375,826.5999755859375
2018-08-08,824.7000122070312,824.7000122070312,824.7000122070312,824.7000122070312
2018-08-09,829.2999877929688,829.2999877929688,829.2999877929688,829.2999877929688
2018-08-10,824.7999877929688,824.7999877929688,824.7999877929688,824.7999877929688
2018-08-13,794.5999755859375,794.5999755859375,794.5999755859375,794.5999755859375
2018-08-14,798.5,798.5,798.5,798.5
2018-08-15,768.7000122070312,768.7000122070312,768.7000122070312,768.7000122070312
2018-08-16,781.2999877929688,781.2999877929688,781.2999877929688,781.2999877929688
2018-08-17,774.0999755859375,774.0999755859375,774.0999755859375,774.0999755859375
2018-08-20,790.7000122070312,790.7000122070312,790.7000122070312,790.7000122070312
2018-08-21,789.7999877929688,789.7999877929688,789.7999877929688,789.7999877929688
2018-08-22,790.5,790.5,790.5,790.5
2018-08-23,777.5,777.5,773.4000244140625,775.2000122070312
2018-08-24,786.4000244140625,786.4000244140625,786.4000244140625,786.4000244140625
2018-08-27,801.2000122070312,801.2000122070312,801.2000122070312,801.2000122070312
2018-08-28,793.5,793.5,793.5,793.5
2018-08-29,794.7999877929688,794.7999877929688,794.7999877929688,794.7999877929688
2018-08-30,792.2000122070312,792.2000122070312,790.5,790.5
2018-08-31,785.9000244140625,785.9000244140625,785.9000244140625,785.9000244140625
2018-09-04,777.0,777.0,777.0,777.0
2018-09-05,783.0999755859375,783.0999755859375,781.0,783.0999755859375
2018-09-06,793.7999877929688,793.7999877929688,789.7000122070312,789.7000122070312
2018-09-07,779.2000122070312,779.2000122070312,779.2000122070312,779.2000122070312
2018-09-10,799.0999755859375,799.0999755859375,788.7999877929688,788.7999877929688
2018-09-11,788.0999755859375,788.0999755859375,788.0999755859375,788.0999755859375
2018-09-12,798.7000122070312,798.7000122070312,798.7000122070312,798.7000122070312
2018-09-13,802.0999755859375,802.0999755859375,802.0999755859375,802.0999755859375
2018-09-14,797.4000244140625,797.4000244140625,797.4000244140625,797.4000244140625
2018-09-17,799.7000122070312,799.7000122070312,799.7000122070312,799.7000122070312
2018-09-18,813.7000122070312,813.7000122070312,813.7000122070312,813.7000122070312
2018-09-19,820.7000122070312,820.7000122070312,820.7000122070312,820.7000122070312
2018-09-20,833.0999755859375,833.0999755859375,833.0999755859375,833.0999755859375
2018-09-21,828.5,828.5,828.5,828.5
2018-09-24,828.2000122070312,828.2000122070312,828.2000122070312,828.2000122070312
2018-09-25,821.7999877929688,821.7999877929688,821.7999877929688,821.7999877929688
2018-09-26,824.5,824.5,824.5,824.5
2018-09-27,823.0,831.9000244140625,806.0,810.2999877929688
2018-09-28,809.0,820.0,805.7999877929688,818.7000122070312
2018-10-01,812.0,824.0,812.0,824.0
2018-10-02,818.5,832.9000244140625,818.5,830.0999755859375
2018-10-03,832.2999877929688,834.7999877929688,827.2000122070312,832.2000122070312
2018-10-04,830.4000244140625,830.4000244140625,821.0,821.0
2018-10-05,821.4000244140625,821.4000244140625,821.0999755859375,821.0999755859375
2018-10-08,821.7999877929688,821.7999877929688,809.5,814.0999755859375
2018-10-09,819.0,825.5999755859375,819.0,825.5999755859375
2018-10-10,825.0,825.0,823.5,824.0999755859375
2018-10-11,842.7999877929688,842.7999877929688,842.7999877929688,842.7999877929688
2018-10-12,836.2000122070312,836.2000122070312,836.2000122070312,836.2000122070312
2018-10-15,844.7999877929688,845.2999877929688,842.5,842.5
2018-10-16,843.0999755859375,843.0999755859375,843.0999755859375,843.0999755859375
2018-10-17,839.9000244140625,839.9000244140625,836.9000244140625,836.9000244140625
2018-10-18,829.4000244140625,829.4000244140625,827.7999877929688,827.7999877929688
2018-10-19,833.2000122070312,836.0999755859375,832.2999877929688,832.2999877929688
2018-10-22,833.2000122070312,833.2000122070312,819.0,819.0
2018-10-23,821.0,834.9000244140625,820.0,832.4000244140625
2018-10-24,828.7000122070312,828.7000122070312,828.7000122070312,828.7000122070312
2018-10-25,828.7000122070312,828.7000122070312,828.7000122070312,828.7000122070312
2018-10-26,829.5,829.5,829.5,829.5
2018-10-29,832.0,832.0,832.0,832.0
2018-10-30,834.5999755859375,834.5999755859375,831.7000122070312,834.5999755859375
2018-10-31,839.4000244140625,839.4000244140625,839.4000244140625,839.4000244140625
2018-11-01,858.2999877929688,858.2999877929688,858.2999877929688,858.2999877929688
2018-11-02,871.9000244140625,871.9000244140625,871.9000244140625,871.9000244140625
2018-11-05,865.0,865.0,865.0,865.0
2018-11-06,872.0999755859375,872.0999755859375,867.7000122070312,867.7000122070312
2018-11-07,875.0999755859375,875.0999755859375,875.0999755859375,875.0999755859375
2018-11-08,866.7000122070312,866.7000122070312,866.7000122070312,866.7000122070312
2018-11-09,852.4000244140625,852.4000244140625,852.4000244140625,852.4000244140625
2018-11-12,841.7000122070312,841.7000122070312,841.7000122070312,841.7000122070312
2018-11-13,837.0999755859375,837.0999755859375,837.0999755859375,837.0999755859375
2018-11-14,830.7999877929688,830.7999877929688,830.7999877929688,830.7999877929688
2018-11-15,842.2999877929688,842.2999877929688,842.2999877929688,842.2999877929688
2018-11-16,843.5999755859375,843.5999755859375,843.5999755859375,843.5999755859375
2018-11-19,855.5,855.5,855.5,855.5
2018-11-20,844.9000244140625,844.9000244140625,844.9000244140625,844.9000244140625
2018-11-21,848.0999755859375,848.0999755859375,848.0999755859375,848.0999755859375
2018-11-23,842.9000244140625,842.9000244140625,842.9000244140625,842.9000244140625
2018-11-26,845.7000122070312,845.7000122070312,845.7000122070312,845.7000122070312
2018-11-27,833.2000122070312,833.2000122070312,833.2000122070312,833.2000122070312
2018-11-28,824.2000122070312,824.2000122070312,824.2000122070312,824.2000122070312
2018-11-29,822.7000122070312,824.5999755859375,819.0999755859375,819.0999755859375
2018-11-30,801.0,801.0,798.0,798.0
2018-12-03,808.9000244140625,808.9000244140625,808.9000244140625,808.9000244140625
2018-12-04,802.4000244140625,802.4000244140625,802.4000244140625,802.4000244140625
2018-12-06,787.7999877929688,787.7999877929688,787.7999877929688,787.7999877929688
2018-12-07,788.5999755859375,788.5999755859375,788.5999755859375,788.5999755859375
2018-12-10,780.2999877929688,780.2999877929688,780.2999877929688,780.2999877929688
2018-12-11,783.7000122070312,783.7000122070312,783.7000122070312,783.7000122070312
2018-12-12,805.2999877929688,805.2999877929688,805.2999877929688,805.2999877929688
2018-12-13,795.7000122070312,795.7000122070312,795.7000122070312,795.7000122070312
2018-12-14,783.5,783.5,783.5,783.5
2018-12-17,794.0999755859375,794.0999755859375,794.0999755859375,794.0999755859375
2018-12-18,793.0,793.0,789.5,793.0
2018-12-19,794.5999755859375,796.0,793.4000244140625,794.5999755859375
2018-12-20,794.5999755859375,794.5999755859375,794.5999755859375,794.5999755859375
2018-12-21,794.5999755859375,794.5999755859375,794.5999755859375,794.5999755859375
2018-12-24,788.7999877929688,788.7999877929688,788.7999877929688,788.7999877929688
2018-12-26,799.5,799.5,799.5,799.5
2018-12-27,795.2000122070312,795.5,795.2000122070312,795.5
2018-12-28,796.7000122070312,800.2999877929688,787.7999877929688,789.5999755859375
2018-12-31,790.2000122070312,796.0999755859375,788.5,795.9000244140625
2019-01-02,791.9000244140625,800.2000122070312,787.2999877929688,799.0999755859375
2019-01-03,795.7000122070312,796.7999877929688,791.9000244140625,794.5
2019-01-04,796.5999755859375,822.9000244140625,796.5999755859375,822.0
2019-01-07,824.2000122070312,825.4000244140625,818.4000244140625,818.4000244140625
2019-01-08,822.0,822.0,816.5,816.5
2019-01-09,821.7000122070312,823.7999877929688,820.0,820.0
2019-01-10,822.5,822.5,821.2000122070312,821.2999877929688
2019-01-11,813.0,813.0,813.0,813.0
2019-01-14,801.0,804.0999755859375,798.7999877929688,798.7999877929688
2019-01-15,795.5999755859375,797.5999755859375,795.5999755859375,795.5999755859375
2019-01-16,803.2000122070312,803.4000244140625,803.2000122070312,803.4000244140625
2019-01-17,807.7999877929688,807.7999877929688,807.7999877929688,807.7999877929688
2019-01-18,797.7999877929688,797.7999877929688,797.7999877929688,797.7999877929688
2019-01-22,786.5,787.5999755859375,786.5,786.5
2019-01-23,790.0,792.2999877929688,790.0,792.2999877929688
2019-01-24,789.0999755859375,799.0,789.0999755859375,799.0
2019-01-25,800.7999877929688,815.0999755859375,800.7999877929688,813.5
2019-01-28,809.7000122070312,809.7000122070312,809.7000122070312,809.7000122070312
2019-01-29,810.9000244140625,812.2999877929688,809.9000244140625,809.9000244140625
2019-01-30,812.0,812.0,812.0,812.0
2019-01-31,820.5,820.5,820.5,820.5
2019-02-01,822.5999755859375,823.0,822.5999755859375,822.5999755859375
2019-02-04,818.7000122070312,818.7000122070312,818.7000122070312,818.7000122070312
2019-02-05,815.7999877929688,815.7999877929688,815.7999877929688,815.7999877929688
2019-02-06,809.7999877929688,809.7999877929688,809.7999877929688,809.7999877929688
2019-02-07,793.2999877929688,793.2999877929688,793.2999877929688,793.2999877929688
2019-02-08,799.2999877929688,799.2999877929688,799.2999877929688,799.2999877929688
2019-02-11,782.7000122070312,782.7000122070312,782.7000122070312,782.7000122070312
2019-02-12,785.7000122070312,785.7000122070312,785.7000122070312,785.7000122070312
2019-02-13,788.0,788.0,788.0,788.0
2019-02-14,785.7000122070312,786.7999877929688,785.7000122070312,785.7000122070312
2019-02-15,803.4000244140625,803.4000244140625,803.4000244140625,803.4000244140625
2019-02-19,817.2999877929688,817.2999877929688,817.2999877929688,817.2999877929688
2019-02-20,830.5,830.5,830.5,830.5
2019-02-21,822.5999755859375,822.5999755859375,822.5999755859375,822.5999755859375
2019-02-22,842.2000122070312,842.2000122070312,842.2000122070312,842.2000122070312
2019-02-25,850.0,850.0,850.0,850.0
2019-02-26,857.0,857.0,857.0,857.0
2019-02-27,861.7999877929688,873.5,861.7999877929688,867.7999877929688
2019-02-28,869.7999877929688,873.0,868.5,873.0
2019-03-01,861.5999755859375,861.5999755859375,861.5999755859375,861.5999755859375
2019-03-04,836.7999877929688,836.7999877929688,836.7999877929688,836.7999877929688
2019-03-05,840.2000122070312,840.2000122070312,835.9000244140625,835.9000244140625
2019-03-06,828.2999877929688,828.4000244140625,826.2000122070312,826.2000122070312
2019-03-07,825.0,825.0,815.2999877929688,815.2999877929688
2019-03-08,814.0,817.9000244140625,814.0,816.0
2019-03-11,815.2000122070312,815.2000122070312,815.2000122070312,815.2000122070312
2019-03-12,831.0,831.0,831.0,831.0
2019-03-13,840.7999877929688,840.7999877929688,840.7999877929688,840.7999877929688
2019-03-14,825.5999755859375,825.5999755859375,825.5999755859375,825.5999755859375
2019-03-15,830.2999877929688,830.2999877929688,830.2999877929688,830.2999877929688
2019-03-18,832.5999755859375,832.5999755859375,832.5999755859375,832.5999755859375
2019-03-19,851.2000122070312,851.2000122070312,851.2000122070312,851.2000122070312
2019-03-20,855.2000122070312,858.5999755859375,855.2000122070312,858.2000122070312
2019-03-21,859.7000122070312,859.7000122070312,859.7000122070312,859.7000122070312
2019-03-22,847.2000122070312,847.2000122070312,847.2000122070312,847.2000122070312
2019-03-25,856.5,856.5,856.5,856.5
2019-03-26,858.9000244140625,858.9000244140625,858.9000244140625,858.9000244140625
2019-03-27,855.5999755859375,855.5999755859375,855.5999755859375,855.5999755859375
2019-03-28,853.4000244140625,864.4000244140625,833.4000244140625,838.2000122070312
2019-03-29,840.9000244140625,855.0,840.9000244140625,848.9000244140625
2019-04-01,849.9000244140625,856.2000122070312,847.7999877929688,850.0999755859375
2019-04-02,850.0999755859375,851.7999877929688,848.2000122070312,848.2000122070312
2019-04-03,849.7000122070312,870.0,848.9000244140625,869.4000244140625
2019-04-04,867.9000244140625,900.0,867.7000122070312,900.0
2019-04-05,901.0,901.0,901.0,901.0
2019-04-08,905.5,907.5999755859375,904.0,907.5999755859375
2019-04-09,901.2000122070312,901.2000122070312,892.0,893.9000244140625
2019-04-10,900.0,903.2000122070312,900.0,903.2000122070312
2019-04-11,890.7000122070312,893.0,890.2999877929688,890.2999877929688
2019-04-12,893.2000122070312,893.2000122070312,893.2000122070312,893.2000122070312
2019-04-15,890.2000122070312,890.2000122070312,890.2000122070312,890.2000122070312
2019-04-16,882.2999877929688,888.2999877929688,880.2000122070312,880.2000122070312
2019-04-17,886.7999877929688,886.7999877929688,886.7999877929688,886.7999877929688
2019-04-18,894.2000122070312,899.7999877929688,894.2000122070312,899.7999877929688
2019-04-22,907.9000244140625,907.9000244140625,897.5,897.5
2019-04-23,889.0999755859375,889.0999755859375,889.0999755859375,889.0999755859375
2019-04-24,883.9000244140625,883.9000244140625,883.9000244140625,883.9000244140625
2019-04-25,885.2999877929688,885.2999877929688,885.2999877929688,885.2999877929688
2019-04-26,897.9000244140625,898.2000122070312,897.9000244140625,898.2000122070312
2019-04-29,897.7000122070312,897.7000122070312,894.2999877929688,897.7000122070312
2019-04-30,888.0999755859375,888.0999755859375,888.0999755859375,888.0999755859375
2019-05-01,874.2000122070312,874.2000122070312,874.2000122070312,874.2000122070312
2019-05-02,851.0,851.0,851.0,851.0
2019-05-03,871.5999755859375,871.5999755859375,871.5999755859375,871.5999755859375
2019-05-06,877.7000122070312,877.7000122070312,877.7000122070312,877.7000122070312
2019-05-07,870.2000122070312,870.2000122070312,870.2000122070312,870.2000122070312
2019-05-08,861.2000122070312,861.2000122070312,861.2000122070312,861.2000122070312
2019-05-09,848.5999755859375,848.5999755859375,848.5999755859375,848.5999755859375
2019-05-10,862.4000244140625,862.4000244140625,862.4000244140625,862.4000244140625
2019-05-13,852.2999877929688,852.2999877929688,852.2999877929688,852.2999877929688
2019-05-14,856.5,856.5,856.5,856.5
2019-05-15,845.0,845.0,845.0,845.0
2019-05-16,830.9000244140625,830.9000244140625,830.9000244140625,830.9000244140625
2019-05-17,818.4000244140625,818.4000244140625,818.4000244140625,818.4000244140625
2019-05-20,811.5,811.5,811.5,811.5
2019-05-21,812.7000122070312,812.7000122070312,812.7000122070312,812.7000122070312
2019-05-22,802.7999877929688,802.7999877929688,802.7999877929688,802.7999877929688
2019-05-23,797.2000122070312,797.2000122070312,797.2000122070312,797.2000122070312
2019-05-24,800.5999755859375,800.5999755859375,800.5999755859375,800.5999755859375
2019-05-28,795.0,795.0,795.0,795.0
2019-05-29,789.5999755859375,789.5999755859375,789.5999755859375,789.5999755859375
2019-05-30,788.5,793.2000122070312,788.4000244140625,792.5
2019-05-31,792.5999755859375,792.5999755859375,792.5999755859375,792.5999755859375
2019-06-03,819.2000122070312,819.2000122070312,819.2000122070312,819.2000122070312
2019-06-04,817.4000244140625,817.4000244140625,817.4000244140625,817.4000244140625
2019-06-05,801.0999755859375,801.0999755859375,801.0999755859375,801.0999755859375
2019-06-06,802.2000122070312,802.2000122070312,802.2000122070312,802.2000122070312
2019-06-07,804.5999755859375,804.5999755859375,804.5999755859375,804.5999755859375
2019-06-10,803.7000122070312,803.7000122070312,803.7000122070312,803.7000122070312
2019-06-11,812.7999877929688,812.7999877929688,812.7999877929688,812.7999877929688
2019-06-12,809.0999755859375,809.0999755859375,809.0999755859375,809.0999755859375
2019-06-13,808.0,808.0,808.0,808.0
2019-06-14,803.2999877929688,803.2999877929688,803.2999877929688,803.2999877929688
2019-06-17,793.9000244140625,793.9000244140625,793.9000244140625,793.9000244140625
2019-06-18,796.0,801.4000244140625,796.0,801.4000244140625
2019-06-19,805.0999755859375,805.0999755859375,805.0999755859375,805.0999755859375
2019-06-20,804.5999755859375,804.5999755859375,804.5999755859375,804.5999755859375
2019-06-21,811.5,811.5,811.5,811.5
2019-06-24,812.2000122070312,812.2000122070312,812.2000122070312,812.2000122070312
2019-06-25,810.2999877929688,810.2999877929688,810.2999877929688,810.2999877929688
2019-06-26,817.0999755859375,817.0999755859375,817.0999755859375,817.0999755859375
2019-06-27,814.2000122070312,816.4000244140625,806.5999755859375,812.5999755859375
2019-06-28,814.2999877929688,837.5999755859375,812.2000122070312,835.5
2019-07-01,830.7000122070312,840.0,829.9000244140625,831.0999755859375
2019-07-02,830.9000244140625,836.5,824.7000122070312,827.2000122070312
2019-07-03,830.0,841.0999755859375,830.0,837.2000122070312
2019-07-05,820.7999877929688,820.7999877929688,805.2000122070312,805.2000122070312
2019-07-08,815.7000122070312,815.7000122070312,814.2999877929688,814.2999877929688
2019-07-09,809.0999755859375,809.0999755859375,809.0999755859375,809.0999755859375
2019-07-10,824.0999755859375,824.0999755859375,824.0999755859375,824.0999755859375
2019-07-11,825.0,825.0,825.0,825.0
2019-07-12,828.4000244140625,828.4000244140625,828.4000244140625,828.4000244140625
2019-07-15,839.5,839.5,839.5,839.5
2019-07-16,840.7000122070312,844.7000122070312,840.7000122070312,841.5
2019-07-17,841.7000122070312,841.7000122070312,841.7000122070312,841.7000122070312
2019-07-18,850.0,850.0,843.7000122070312,843.7000122070312
2019-07-19,845.9000244140625,845.9000244140625,845.9000244140625,845.9000244140625
2019-07-22,845.2999877929688,847.2999877929688,845.2999877929688,847.2999877929688
2019-07-23,855.7999877929688,855.7999877929688,855.7999877929688,855.7999877929688
2019-07-24,875.2000122070312,875.2000122070312,875.2000122070312,875.2000122070312
2019-07-25,880.0,881.0,868.4000244140625,868.4000244140625
2019-07-26,868.7999877929688,868.7999877929688,862.7000122070312,862.7000122070312
2019-07-29,877.7000122070312,877.7000122070312,876.7999877929688,876.7999877929688
2019-07-30,880.7000122070312,883.7999877929688,869.7999877929688,869.7999877929688
2019-07-31,876.0999755859375,876.0999755859375,876.0999755859375,876.0999755859375
2019-08-01,848.5,848.5,848.5,848.5
2019-08-02,850.2000122070312,850.2000122070312,850.2000122070312,850.2000122070312
2019-08-05,855.2000122070312,855.2000122070312,855.2000122070312,855.2000122070312
2019-08-06,850.5,850.5,850.5,850.5
2019-08-07,868.2999877929688,868.2999877929688,868.2999877929688,868.2999877929688
2019-08-08,864.7999877929688,864.7999877929688,864.7999877929688,864.7999877929688
2019-08-09,861.0999755859375,861.0999755859375,861.0999755859375,861.0999755859375
2019-08-12,861.0,861.0,861.0,861.0
2019-08-13,857.0,857.0,857.0,857.0
2019-08-14,845.2999877929688,845.2999877929688,845.2999877929688,845.2999877929688
2019-08-15,839.2999877929688,839.2999877929688,839.2999877929688,839.2999877929688
2019-08-16,848.7999877929688,848.7999877929688,848.7999877929688,848.7999877929688
2019-08-19,854.0999755859375,854.0999755859375,854.0999755859375,854.0999755859375
2019-08-20,850.0999755859375,850.0999755859375,850.0999755859375,850.0999755859375
2019-08-21,854.0999755859375,854.0999755859375,854.0999755859375,854.0999755859375
2019-08-22,855.0,859.2999877929688,855.0,859.2999877929688
2019-08-23,852.5,852.5,852.5,852.5
2019-08-26,855.0,855.0,855.0,855.0
2019-08-27,865.4000244140625,865.4000244140625,865.4000244140625,865.4000244140625
2019-08-28,906.0999755859375,906.0999755859375,906.0999755859375,906.0999755859375
2019-08-29,901.0,932.5,901.0,917.5
2019-08-30,934.0,937.4000244140625,929.5999755859375,929.5999755859375
2019-09-03,951.5999755859375,953.5999755859375,951.5999755859375,953.5999755859375
2019-09-04,977.2000122070312,988.5999755859375,977.2000122070312,982.5999755859375
2019-09-05,982.5999755859375,982.5999755859375,962.0999755859375,962.0999755859375
2019-09-06,956.9000244140625,956.9000244140625,956.9000244140625,956.9000244140625
2019-09-09,951.0999755859375,951.0999755859375,951.0999755859375,951.0999755859375
2019-09-10,935.2000122070312,935.2000122070312,935.2000122070312,935.2000122070312
2019-09-11,938.7999877929688,938.7999877929688,938.7999877929688,938.7999877929688
2019-09-12,951.7000122070312,951.7000122070312,951.7000122070312,951.7000122070312
2019-09-13,951.2999877929688,951.2999877929688,951.2999877929688,951.2999877929688
2019-09-16,938.2999877929688,938.2999877929688,938.2999877929688,938.2999877929688
2019-09-17,943.2999877929688,943.2999877929688,943.2999877929688,943.2999877929688
2019-09-18,933.7000122070312,933.7000122070312,933.7000122070312,933.7000122070312
2019-09-19,941.5,941.5,941.5,941.5
2019-09-20,941.7999877929688,941.7999877929688,941.7999877929688,941.7999877929688
2019-09-23,952.2999877929688,952.2999877929688,952.2999877929688,952.2999877929688
2019-09-24,953.7999877929688,953.7999877929688,953.7999877929688,953.7999877929688
2019-09-25,926.2999877929688,926.2999877929688,926.2999877929688,926.2999877929688
2019-09-26,935.0,935.0,935.0,935.0
2019-09-27,933.2999877929688,936.4000244140625,919.7000122070312,931.0
2019-09-30,934.2000122070312,935.2999877929688,880.0,883.4000244140625
2019-10-01,879.5,883.5999755859375,873.9000244140625,879.5999755859375
2019-10-02,878.7000122070312,888.2999877929688,878.7000122070312,888.2999877929688
2019-10-03,887.5,897.0,887.5,889.0
2019-10-04,881.7000122070312,881.7000122070312,881.7000122070312,881.7000122070312
2019-10-07,883.2000122070312,883.2000122070312,883.2000122070312,883.2000122070312
2019-10-08,890.0,890.0999755859375,885.2999877929688,885.2999877929688
2019-10-09,891.9000244140625,891.9000244140625,891.9000244140625,891.9000244140625
2019-10-10,903.0999755859375,903.0999755859375,903.0999755859375,903.0999755859375
2019-10-11,895.5,895.5,895.5,895.5
2019-10-14,894.5999755859375,894.5999755859375,894.5999755859375,894.5999755859375
2019-10-15,884.4000244140625,884.4000244140625,884.4000244140625,884.4000244140625
2019-10-16,879.2999877929688,886.5,879.0,886.5
2019-10-17,889.0,889.0,889.0,889.0
2019-10-18,887.2000122070312,893.4000244140625,887.2000122070312,892.2999877929688
2019-10-21,896.2000122070312,896.2000122070312,888.5,888.5
2019-10-22,892.2999877929688,892.2999877929688,892.2999877929688,892.2999877929688
2019-10-23,916.0,918.4000244140625,916.0,918.4000244140625
2019-10-24,924.7000122070312,924.7000122070312,921.5999755859375,921.5999755859375
2019-10-25,929.0999755859375,929.0999755859375,929.0999755859375,929.0999755859375
2019-10-28,929.0,931.7999877929688,914.7000122070312,914.7000122070312
2019-10-29,920.7000122070312,920.7000122070312,920.7000122070312,920.7000122070312
2019-10-30,926.5999755859375,926.5999755859375,923.0,926.5999755859375
2019-10-31,930.0,930.0,930.0,930.0
2019-11-01,950.2999877929688,950.2999877929688,950.2999877929688,950.2999877929688
2019-11-04,935.0999755859375,935.0999755859375,935.0999755859375,935.0999755859375
2019-11-05,926.7999877929688,926.7999877929688,926.7999877929688,926.7999877929688
2019-11-06,928.2999877929688,928.2999877929688,928.2999877929688,928.2999877929688
2019-11-07,910.5999755859375,910.5999755859375,910.5999755859375,910.5999755859375
2019-11-08,889.4000244140625,889.4000244140625,889.4000244140625,889.4000244140625
2019-11-11,877.2999877929688,877.2999877929688,877.2999877929688,877.2999877929688
2019-11-12,866.5999755859375,866.5999755859375,866.5999755859375,866.5999755859375
2019-11-13,871.5,871.5,871.5,871.5
2019-11-14,879.7999877929688,879.7999877929688,879.7999877929688,879.7999877929688
2019-11-15,891.5,891.5,891.5,891.5
2019-11-18,892.2000122070312,892.2000122070312,892.2000122070312,892.2000122070312
2019-11-19,909.0999755859375,909.0999755859375,909.0999755859375,909.0999755859375
2019-11-20,917.2000122070312,917.2000122070312,917.2000122070312,917.2000122070312
2019-11-21,914.7000122070312,914.7000122070312,914.7000122070312,914.7000122070312
2019-11-22,889.7999877929688,889.7999877929688,889.7999877929688,889.7999877929688
2019-11-25,897.5,897.5,897.5,897.5
2019-11-26,908.7999877929688,908.7999877929688,908.7999877929688,908.7999877929688
2019-11-27,892.9000244140625,892.9000244140625,892.9000244140625,892.9000244140625
2019-11-29,897.9000244140625,897.9000244140625,897.9000244140625,897.9000244140625
2019-12-02,897.2999877929688,897.2999877929688,897.2999877929688,897.2999877929688
2019-12-03,909.2000122070312,909.2000122070312,909.2000122070312,909.2000122070312
2019-12-04,899.5,899.5,899.5,899.5
2019-12-05,898.5,898.5,898.5,898.5
2019-12-06,896.7999877929688,896.7999877929688,896.7999877929688,896.7999877929688
2019-12-09,896.4000244140625,896.4000244140625,896.4000244140625,896.4000244140625
2019-12-10,920.5,920.5,920.5,920.5
2019-12-11,937.4000244140625,937.4000244140625,937.4000244140625,937.4000244140625
2019-12-12,942.7000122070312,942.7000122070312,942.7000122070312,942.7000122070312
2019-12-13,926.7000122070312,926.7000122070312,926.7000122070312,926.7000122070312
2019-12-16,929.2999877929688,929.2999877929688,929.2999877929688,929.2999877929688
2019-12-17,927.7999877929688,927.7999877929688,927.7999877929688,927.7999877929688
2019-12-18,933.7000122070312,933.7000122070312,933.7000122070312,933.7000122070312
2019-12-19,933.5,933.5,933.5,933.5
2019-12-20,933.5,933.5999755859375,912.0999755859375,912.0999755859375
2019-12-23,936.7000122070312,936.7000122070312,936.7000122070312,936.7000122070312
2019-12-24,941.2999877929688,941.2999877929688,941.2999877929688,941.2999877929688
2019-12-26,952.0999755859375,952.0999755859375,952.0999755859375,952.0999755859375
2019-12-27,949.2999877929688,949.2999877929688,949.2999877929688,949.2999877929688
2019-12-30,947.2000122070312,960.5999755859375,945.5999755859375,957.7000122070312
2019-12-31,959.7999877929688,981.0999755859375,959.7999877929688,971.4000244140625
2020-01-02,985.0,990.0,978.5999755859375,978.5999755859375
2020-01-03,986.5,987.2000122070312,980.5999755859375,984.5
2020-01-06,985.7999877929688,985.7999877929688,960.0,960.4000244140625
2020-01-07,965.2999877929688,973.0,959.9000244140625,966.0
2020-01-08,968.9000244140625,968.9000244140625,956.0,959.0
2020-01-09,967.0999755859375,967.0999755859375,967.0999755859375,967.0999755859375
2020-01-10,972.0,981.5,972.0,981.2000122070312
2020-01-13,978.7999877929688,978.7999877929688,970.0999755859375,977.2999877929688
2020-01-14,982.2000122070312,982.2000122070312,981.5,982.2000122070312
2020-01-15,993.4000244140625,1020.4000244140625,993.4000244140625,1020.4000244140625
2020-01-16,1035.0,1035.0,995.7000122070312,995.7000122070312
2020-01-17,1016.4000244140625,1019.4000244140625,1013.2999877929688,1019.4000244140625
2020-01-21,1002.0,1002.0,1002.0,1002.0
2020-01-22,1015.7999877929688,1015.7999877929688,1015.7999877929688,1015.7999877929688
2020-01-23,1001.7000122070312,1001.7000122070312,1001.7000122070312,1001.7000122070312
2020-01-24,1005.2000122070312,1005.2000122070312,1005.2000122070312,1005.2000122070312
2020-01-27,985.9000244140625,985.9000244140625,984.2999877929688,985.9000244140625
2020-01-28,990.0999755859375,990.0999755859375,990.0999755859375,990.0999755859375
2020-01-29,968.5999755859375,968.5999755859375,968.5999755859375,968.5999755859375
2020-01-30,973.7000122070312,977.0999755859375,973.7000122070312,977.0999755859375
2020-01-31,959.2000122070312,959.2000122070312,959.2000122070312,959.2000122070312
2020-02-03,968.0,968.0,968.0,968.0
2020-02-04,963.4000244140625,963.4000244140625,963.4000244140625,963.4000244140625
2020-02-05,984.4000244140625,984.4000244140625,984.4000244140625,984.4000244140625
2020-02-06,964.7000122070312,964.7000122070312,964.7000122070312,964.7000122070312
2020-02-07,966.5999755859375,966.5999755859375,966.5999755859375,966.5999755859375
2020-02-10,964.2999877929688,964.2999877929688,964.2999877929688,964.2999877929688
2020-02-11,970.9000244140625,970.9000244140625,970.9000244140625,970.9000244140625
2020-02-12,964.5,964.5,964.5,964.5
2020-02-13,971.9000244140625,971.9000244140625,971.9000244140625,971.9000244140625
2020-02-14,966.0,966.0,966.0,966.0
2020-02-18,991.2999877929688,991.2999877929688,991.2999877929688,991.2999877929688
2020-02-19,1001.7000122070312,1001.7000122070312,1001.7000122070312,1001.7000122070312
2020-02-20,976.2000122070312,976.2000122070312,976.2000122070312,976.2000122070312
2020-02-21,973.4000244140625,973.4000244140625,973.4000244140625,973.4000244140625
2020-02-24,971.7000122070312,971.7000122070312,971.7000122070312,971.7000122070312
2020-02-25,929.7999877929688,929.7999877929688,929.7999877929688,929.7999877929688
2020-02-26,912.2999877929688,912.2999877929688,912.2999877929688,912.2999877929688
2020-02-27,903.5999755859375,903.5999755859375,903.5999755859375,903.5999755859375
2020-02-28,862.7999877929688,862.7999877929688,862.7999877929688,862.7999877929688
2020-03-02,858.2999877929688,858.2999877929688,858.2999877929688,858.2999877929688
2020-03-03,868.2000122070312,868.2000122070312,868.2000122070312,868.2000122070312
2020-03-04,874.0999755859375,874.0999755859375,874.0999755859375,874.0999755859375
2020-03-05,864.5999755859375,864.5999755859375,864.5999755859375,864.5999755859375
2020-03-06,895.2999877929688,895.2999877929688,895.2999877929688,895.2999877929688
2020-03-09,861.7000122070312,861.7000122070312,861.7000122070312,861.7000122070312
2020-03-10,868.5,868.5,868.5,868.5
2020-03-11,867.2999877929688,867.2999877929688,867.2999877929688,867.2999877929688
2020-03-12,780.9000244140625,780.9000244140625,780.9000244140625,780.9000244140625
2020-03-13,743.0,743.0,743.0,743.0
2020-03-16,656.7000122070312,656.7000122070312,656.7000122070312,656.7000122070312
2020-03-17,664.4000244140625,664.4000244140625,664.4000244140625,664.4000244140625
2020-03-18,604.0999755859375,604.0999755859375,604.0999755859375,604.0999755859375
2020-03-19,595.9000244140625,595.9000244140625,595.9000244140625,595.9000244140625
2020-03-20,621.5999755859375,621.5999755859375,621.5999755859375,621.5999755859375
2020-03-23,617.4000244140625,627.5,609.2000122070312,627.5
2020-03-24,701.7000122070312,701.7000122070312,701.7000122070312,701.7000122070312
2020-03-25,745.5,745.5,745.5,745.5
2020-03-26,737.0,737.0,737.0,737.0
2020-03-27,732.2999877929688,740.0,732.2999877929688,740.0
2020-03-30,739.0999755859375,742.2000122070312,709.7000122070312,723.9000244140625
2020-03-31,717.7000122070312,724.4000244140625,713.0999755859375,724.4000244140625
2020-04-01,717.0,721.9000244140625,708.9000244140625,712.2999877929688
2020-04-02,721.0,726.0,721.0,726.0
2020-04-03,721.7999877929688,722.0,714.0999755859375,714.0999755859375
2020-04-06,720.7999877929688,728.0,719.5,728.0
2020-04-07,741.0,741.0,741.0,741.0
2020-04-08,729.5999755859375,731.2999877929688,729.5999755859375,729.5999755859375
2020-04-09,738.4000244140625,744.5999755859375,738.4000244140625,744.5999755859375
2020-04-13,745.7999877929688,745.7999877929688,745.7999877929688,745.7999877929688
2020-04-14,764.5999755859375,815.7000122070312,764.5999755859375,815.7000122070312
2020-04-15,800.5999755859375,800.5999755859375,800.5999755859375,800.5999755859375
2020-04-16,789.2999877929688,803.5999755859375,789.2999877929688,789.2999877929688
2020-04-17,781.2999877929688,781.2999877929688,781.2999877929688,781.2999877929688
2020-04-20,792.0,792.0,792.0,792.0
2020-04-21,758.0,758.0,758.0,758.0
2020-04-22,764.9000244140625,764.9000244140625,764.9000244140625,764.9000244140625
2020-04-23,787.5999755859375,787.5999755859375,787.5999755859375,787.5999755859375
2020-04-24,773.4000244140625,773.4000244140625,773.4000244140625,773.4000244140625
2020-04-27,776.5999755859375,776.5999755859375,776.5999755859375,776.5999755859375
2020-04-28,792.0,792.0,792.0,792.0
2020-04-29,795.4000244140625,795.4000244140625,795.4000244140625,795.4000244140625
2020-04-30,807.5999755859375,809.5,807.5999755859375,809.5
2020-05-01,769.9000244140625,769.9000244140625,769.9000244140625,769.9000244140625
2020-05-04,774.2000122070312,774.2000122070312,774.2000122070312,774.2000122070312
2020-05-05,780.0999755859375,780.0999755859375,780.0999755859375,780.0999755859375
2020-05-06,760.9000244140625,760.9000244140625,760.9000244140625,760.9000244140625
2020-05-07,777.5,777.5,777.5,777.5
2020-05-08,784.7000122070312,784.7000122070312,784.7000122070312,784.7000122070312
2020-05-11,776.7000122070312,776.7000122070312,776.7000122070312,776.7000122070312
2020-05-12,772.7999877929688,772.7999877929688,772.7999877929688,772.7999877929688
2020-05-13,765.2000122070312,765.2000122070312,765.2000122070312,765.2000122070312
2020-05-14,770.4000244140625,770.4000244140625,770.4000244140625,770.4000244140625
2020-05-15,812.5,812.5,812.5,812.5
2020-05-18,864.7000122070312,864.7000122070312,864.7000122070312,864.7000122070312
2020-05-19,885.0,885.0,885.0,885.0
2020-05-20,929.9000244140625,929.9000244140625,929.9000244140625,929.9000244140625
2020-05-21,861.9000244140625,861.9000244140625,861.9000244140625,861.9000244140625
2020-05-22,881.7000122070312,881.7000122070312,881.7000122070312,881.7000122070312
2020-05-26,868.7000122070312,868.7000122070312,868.7000122070312,868.7000122070312
2020-05-27,873.5,873.5,873.5,873.5
2020-05-28,867.7000122070312,867.7000122070312,864.0,864.0
2020-05-29,870.5,870.5,870.5,870.5
2020-06-01,897.0,897.0,897.0,897.0
2020-06-02,864.5999755859375,864.5999755859375,864.5999755859375,864.5999755859375
2020-06-03,857.7999877929688,857.7999877929688,857.7999877929688,857.7999877929688
2020-06-04,862.7999877929688,862.7999877929688,862.7999877929688,862.7999877929688
2020-06-05,830.0999755859375,830.0999755859375,830.0999755859375,830.0999755859375
2020-06-08,860.7000122070312,860.7000122070312,860.7000122070312,860.7000122070312
2020-06-09,862.2999877929688,862.2999877929688,862.2999877929688,862.2999877929688
2020-06-10,849.5,849.5,849.5,849.5
2020-06-11,826.0999755859375,826.0999755859375,826.0999755859375,826.0999755859375
2020-06-12,820.5999755859375,820.5999755859375,820.5999755859375,820.5999755859375
2020-06-15,823.2999877929688,823.2999877929688,823.2999877929688,823.2999877929688
2020-06-16,845.5,845.5,845.5,845.5
2020-06-17,839.7999877929688,839.7999877929688,839.7999877929688,839.7999877929688
2020-06-18,813.7999877929688,813.7999877929688,813.7999877929688,813.7999877929688
2020-06-19,828.9000244140625,828.9000244140625,828.9000244140625,828.9000244140625
2020-06-22,845.2999877929688,845.2999877929688,845.2999877929688,845.2999877929688
2020-06-23,847.5999755859375,847.5999755859375,847.5999755859375,847.5999755859375
2020-06-24,805.7999877929688,805.7999877929688,805.7999877929688,805.7999877929688
2020-06-25,803.9000244140625,803.9000244140625,803.9000244140625,803.9000244140625
2020-06-26,811.0999755859375,811.0999755859375,811.0999755859375,811.0999755859375
2020-06-29,807.5,819.0,805.4000244140625,816.7999877929688
2020-06-30,819.5,843.5,816.2999877929688,840.7000122070312
2020-07-01,845.0,845.0,817.9000244140625,825.2999877929688
2020-07-02,828.0,829.2000122070312,817.7999877929688,822.5
2020-07-06,820.0,840.0,820.0,827.7999877929688
2020-07-07,835.7999877929688,853.7999877929688,830.4000244140625,853.7999877929688
2020-07-08,851.5999755859375,874.0,851.5999755859375,874.0
2020-07-09,874.9000244140625,881.2000122070312,834.0,836.5999755859375
2020-07-10,844.5,845.0,836.5999755859375,836.5999755859375
2020-07-13,836.7999877929688,859.0,836.7999877929688,854.0999755859375
2020-07-14,841.2000122070312,842.5999755859375,817.5,828.2000122070312
2020-07-15,834.2999877929688,838.7000122070312,832.0,835.0
2020-07-16,838.2999877929688,839.0,828.7999877929688,828.7999877929688
2020-07-17,824.0999755859375,843.7999877929688,824.0999755859375,841.9000244140625
2020-07-20,847.0,850.7000122070312,847.0,850.7000122070312
2020-07-21,863.2000122070312,911.4000244140625,863.2000122070312,911.4000244140625
2020-07-22,920.0,949.2999877929688,900.5,949.2999877929688
2020-07-23,949.5999755859375,964.0,939.5,955.0999755859375
2020-07-24,939.7999877929688,949.0999755859375,939.7999877929688,947.9000244140625
2020-07-27,951.7000122070312,965.5999755859375,951.7000122070312,958.5999755859375
2020-07-28,954.5999755859375,979.4000244140625,942.9000244140625,977.9000244140625
2020-07-29,950.5999755859375,950.5999755859375,950.5999755859375,950.5999755859375
2020-07-30,905.9000244140625,905.9000244140625,905.9000244140625,905.9000244140625
2020-07-31,912.2000122070312,912.2000122070312,912.2000122070312,912.2000122070312
2020-08-03,924.9000244140625,924.9000244140625,924.9000244140625,924.9000244140625
2020-08-04,949.0999755859375,949.0999755859375,949.0999755859375,949.0999755859375
2020-08-05,976.9000244140625,983.4000244140625,976.9000244140625,983.4000244140625
2020-08-06,1002.4000244140625,1009.5999755859375,993.7999877929688,1009.5999755859375
2020-08-07,965.0999755859375,965.0999755859375,965.0999755859375,965.0999755859375
2020-08-10,997.5,997.5,997.5,997.5
2020-08-11,966.5999755859375,966.5999755859375,966.5999755859375,966.5999755859375
2020-08-12,954.4000244140625,954.4000244140625,954.4000244140625,954.4000244140625
2020-08-13,978.0999755859375,978.0999755859375,978.0999755859375,978.0999755859375
2020-08-14,954.4000244140625,954.4000244140625,954.4000244140625,954.4000244140625
2020-08-17,963.2999877929688,963.2999877929688,963.2999877929688,963.2999877929688
2020-08-18,971.0999755859375,971.0999755859375,971.0999755859375,971.0999755859375
2020-08-19,952.0,952.0,952.0,952.0
2020-08-20,923.0999755859375,923.0999755859375,923.0999755859375,923.0999755859375
2020-08-21,922.2999877929688,922.2999877929688,922.2999877929688,922.2999877929688
2020-08-24,920.7999877929688,920.7999877929688,920.7999877929688,920.7999877929688
2020-08-25,930.5999755859375,930.5999755859375,930.5999755859375,930.5999755859375
2020-08-26,936.4000244140625,936.4000244140625,936.4000244140625,936.4000244140625
2020-08-27,925.5999755859375,925.5999755859375,925.5999755859375,925.5999755859375
2020-08-28,937.5,937.5,937.5,937.5
2020-08-31,935.5999755859375,940.5999755859375,931.2999877929688,935.7000122070312
2020-09-01,950.5,950.5,950.5,950.5
2020-09-02,917.7999877929688,917.7999877929688,902.0,902.0
2020-09-03,907.5999755859375,907.5999755859375,887.5999755859375,887.5999755859375
2020-09-04,896.2999877929688,896.2999877929688,896.2999877929688,896.2999877929688
2020-09-08,908.4000244140625,908.4000244140625,908.4000244140625,908.4000244140625
2020-09-09,923.0999755859375,923.0999755859375,923.0999755859375,923.0999755859375
2020-09-10,939.4000244140625,939.4000244140625,939.4000244140625,939.4000244140625
2020-09-11,938.0,938.0,938.0,938.0
2020-09-14,957.0999755859375,957.0999755859375,957.0999755859375,957.0999755859375
2020-09-15,980.7999877929688,980.7999877929688,980.7999877929688,980.7999877929688
2020-09-16,972.2999877929688,972.2999877929688,972.2999877929688,972.2999877929688
2020-09-17,930.0,930.0,930.0,930.0
2020-09-18,937.5,937.5,937.5,937.5
2020-09-21,875.0999755859375,875.0999755859375,875.0999755859375,875.0999755859375
2020-09-22,880.5,880.5,856.5,856.5
2020-09-23,842.2999877929688,842.2999877929688,842.2999877929688,842.2999877929688
2020-09-24,837.0999755859375,837.0999755859375,837.0999755859375,837.0999755859375
2020-09-25,841.0999755859375,841.0999755859375,841.0999755859375,841.0999755859375
2020-09-28,881.9000244140625,881.9000244140625,881.9000244140625,881.9000244140625
2020-09-29,880.0999755859375,889.2000122070312,871.5,887.5
2020-09-30,884.0,904.4000244140625,866.0,901.0
2020-10-01,896.0,908.4000244140625,894.5999755859375,898.2000122070312
2020-10-02,890.0999755859375,890.4000244140625,880.9000244140625,883.4000244140625
2020-10-05,880.7000122070312,905.5,875.4000244140625,897.2000122070312
2020-10-06,900.0,900.0,856.7000122070312,863.9000244140625
2020-10-07,859.5,869.2000122070312,854.4000244140625,861.2000122070312
2020-10-08,863.5,863.5,857.4000244140625,858.2000122070312
2020-10-09,870.0,892.5,870.0,887.9000244140625
2020-10-12,884.0,888.0,870.0,870.0
2020-10-13,870.0,874.4000244140625,861.5,867.2000122070312
2020-10-14,875.2000122070312,875.2000122070312,853.5999755859375,858.0999755859375
2020-10-15,852.0,856.2999877929688,849.2999877929688,856.2999877929688
2020-10-16,856.4000244140625,868.2000122070312,853.5,864.2999877929688
2020-10-19,863.0999755859375,873.5999755859375,851.7000122070312,858.5999755859375
2020-10-20,851.0999755859375,872.4000244140625,848.4000244140625,872.4000244140625
2020-10-21,889.0999755859375,889.0999755859375,887.5999755859375,889.0999755859375
2020-10-22,879.0,879.0,879.0,879.0
2020-10-23,915.5,918.5,901.7000122070312,901.7000122070312
2020-10-26,872.9000244140625,872.9000244140625,872.5,872.5
2020-10-27,881.4000244140625,884.5,879.2999877929688,882.0999755859375
2020-10-28,854.7000122070312,870.2999877929688,854.7000122070312,870.2999877929688
2020-10-29,871.0,871.0,845.4000244140625,845.4000244140625
2020-10-30,842.7999877929688,845.7999877929688,840.2999877929688,844.5999755859375
2020-11-02,844.5,855.7999877929688,843.9000244140625,855.7999877929688
2020-11-03,868.0999755859375,871.4000244140625,868.0999755859375,871.4000244140625
2020-11-04,849.5,866.7000122070312,849.0,866.7000122070312
2020-11-05,896.7999877929688,896.7999877929688,896.7999877929688,896.7999877929688
2020-11-06,891.0,896.0,890.0,896.0
2020-11-09,884.4000244140625,884.4000244140625,847.5,864.5999755859375
2020-11-10,890.0,890.0,890.0,890.0
2020-11-11,870.0,870.0,865.0999755859375,865.0999755859375
2020-11-12,881.0999755859375,881.0999755859375,881.0999755859375,881.0999755859375
2020-11-13,893.4000244140625,893.4000244140625,893.4000244140625,893.4000244140625
2020-11-16,925.0,925.0,925.0,925.0
2020-11-17,934.5999755859375,934.5999755859375,934.5999755859375,934.5999755859375
2020-11-18,946.7000122070312,946.7000122070312,946.7000122070312,946.7000122070312
2020-11-19,948.2000122070312,948.2000122070312,948.2000122070312,948.2000122070312
2020-11-20,954.0999755859375,954.0999755859375,954.0999755859375,954.0999755859375
2020-11-23,929.0999755859375,929.0999755859375,929.0999755859375,929.0999755859375
2020-11-24,955.7000122070312,955.7000122070312,955.7000122070312,955.7000122070312
2020-11-25,967.2999877929688,967.2999877929688,967.2999877929688,967.2999877929688
2020-11-27,963.0,963.0,963.0,963.0
2020-11-30,964.0999755859375,964.0999755859375,964.0999755859375,964.0999755859375
2020-12-01,1002.2000122070312,1002.2000122070312,1002.2000122070312,1002.2000122070312
2020-12-02,1010.4000244140625,1010.4000244140625,1010.4000244140625,1010.4000244140625
2020-12-03,1037.0,1037.0,1037.0,1037.0
2020-12-04,1071.199951171875,1071.199951171875,1071.199951171875,1071.199951171875
2020-12-07,1047.199951171875,1047.199951171875,1047.199951171875,1047.199951171875
2020-12-08,1035.0,1035.0,1035.0,1035.0
2020-12-09,1016.9000244140625,1016.9000244140625,1016.9000244140625,1016.9000244140625
2020-12-10,1026.199951171875,1026.199951171875,1026.199951171875,1026.199951171875
2020-12-11,1020.5999755859375,1020.5999755859375,1020.5999755859375,1020.5999755859375
2020-12-14,1014.4000244140625,1014.4000244140625,1014.4000244140625,1014.4000244140625
2020-12-15,1038.0999755859375,1038.0999755859375,1038.0999755859375,1038.0999755859375
2020-12-16,1034.199951171875,1034.199951171875,1034.199951171875,1034.199951171875
2020-12-17,1048.9000244140625,1048.9000244140625,1048.9000244140625,1048.9000244140625
2020-12-18,1040.4000244140625,1041.9000244140625,1040.4000244140625,1041.9000244140625
2020-12-21,1015.0,1015.0,1015.0,1015.0
2020-12-22,1008.5,1008.5,1008.5,1008.5
2020-12-23,1016.2000122070312,1016.2000122070312,1016.2000122070312,1016.2000122070312
2020-12-24,1028.0,1028.0,1028.0,1028.0
2020-12-28,1042.199951171875,1042.199951171875,1042.199951171875,1042.199951171875
2020-12-29,1055.699951171875,1055.699951171875,1055.699951171875,1055.699951171875
2020-12-30,1058.5,1075.199951171875,1053.800048828125,1072.5999755859375
2020-12-31,1069.800048828125,1082.800048828125,1069.800048828125,1075.4000244140625
2021-01-04,1085.4000244140625,1117.5,1052.300048828125,1066.0
2021-01-05,1074.800048828125,1115.300048828125,1066.199951171875,1114.699951171875
2021-01-06,1108.0,1115.0,1098.0,1105.699951171875
2021-01-07,1098.5999755859375,1125.300048828125,1094.0,1119.699951171875
2021-01-08,1109.0,1117.0,1065.699951171875,1065.699951171875
2021-01-11,1044.800048828125,1045.5999755859375,1039.5999755859375,1039.5999755859375
2021-01-12,1063.5999755859375,1067.699951171875,1049.4000244140625,1062.9000244140625
2021-01-13,1105.9000244140625,1105.9000244140625,1105.9000244140625,1105.9000244140625
2021-01-14,1121.5999755859375,1121.5999755859375,1121.5999755859375,1121.5999755859375
2021-01-15,1115.5999755859375,1116.0999755859375,1078.9000244140625,1085.699951171875
2021-01-19,1083.0,1088.4000244140625,1083.0,1088.4000244140625
2021-01-20,1112.9000244140625,1113.199951171875,1112.0,1112.800048828125
2021-01-21,1124.199951171875,1128.5,1124.199951171875,1124.199951171875
2021-01-22,1127.199951171875,1127.199951171875,1108.199951171875,1108.199951171875
2021-01-25,1107.0,1113.300048828125,1101.199951171875,1101.199951171875
2021-01-26,1103.800048828125,1103.800048828125,1103.800048828125,1103.800048828125
2021-01-27,1075.5,1075.5,1075.5,1075.5
2021-01-28,1060.699951171875,1094.5999755859375,1060.699951171875,1068.699951171875
2021-01-29,1075.800048828125,1075.800048828125,1075.800048828125,1075.800048828125
2021-02-01,1092.9000244140625,1135.5,1092.9000244140625,1135.5
2021-02-02,1092.699951171875,1092.699951171875,1092.699951171875,1092.699951171875
2021-02-03,1111.5999755859375,1111.5999755859375,1111.5999755859375,1111.5999755859375
2021-02-04,1100.0999755859375,1100.0999755859375,1100.0999755859375,1100.0999755859375
2021-02-05,1130.300048828125,1130.300048828125,1130.300048828125,1130.300048828125
2021-02-08,1172.4000244140625,1172.4000244140625,1172.4000244140625,1172.4000244140625
2021-02-09,1191.4000244140625,1191.4000244140625,1191.4000244140625,1191.4000244140625
2021-02-10,1244.199951171875,1244.199951171875,1244.199951171875,1244.199951171875
2021-02-11,1250.699951171875,1250.699951171875,1244.4000244140625,1244.4000244140625
2021-02-12,1256.4000244140625,1256.4000244140625,1256.4000244140625,1256.4000244140625
2021-02-16,1277.0,1277.0,1277.0,1277.0
2021-02-17,1255.300048828125,1255.300048828125,1255.300048828125,1255.300048828125
2021-02-18,1272.4000244140625,1272.4000244140625,1272.4000244140625,1272.4000244140625
2021-02-19,1290.5999755859375,1290.5999755859375,1290.5999755859375,1290.5999755859375
2021-02-22,1280.0,1280.0,1280.0,1280.0
2021-02-23,1237.4000244140625,1237.4000244140625,1237.4000244140625,1237.4000244140625
2021-02-24,1255.5999755859375,1255.5999755859375,1255.5999755859375,1255.5999755859375
2021-02-25,1229.699951171875,1229.699951171875,1229.699951171875,1229.699951171875
2021-02-26,1183.5,1183.5,1183.5,1183.5
2021-03-01,1189.5999755859375,1189.5999755859375,1189.5999755859375,1189.5999755859375
2021-03-02,1212.699951171875,1212.699951171875,1212.699951171875,1212.699951171875
2021-03-03,1180.4000244140625,1180.4000244140625,1180.4000244140625,1180.4000244140625
2021-03-04,1134.199951171875,1134.199951171875,1134.199951171875,1134.199951171875
2021-03-05,1127.0999755859375,1127.0999755859375,1127.0999755859375,1127.0999755859375
2021-03-08,1151.0999755859375,1151.0999755859375,1151.0999755859375,1151.0999755859375
2021-03-09,1174.199951171875,1174.199951171875,1174.199951171875,1174.199951171875
2021-03-10,1188.0,1200.5999755859375,1188.0,1200.5999755859375
2021-03-11,1201.0999755859375,1201.0999755859375,1201.0999755859375,1201.0999755859375
2021-03-12,1199.0999755859375,1204.199951171875,1199.0999755859375,1199.0999755859375
2021-03-15,1208.300048828125,1208.300048828125,1208.300048828125,1208.300048828125
2021-03-16,1217.9000244140625,1217.9000244140625,1217.0999755859375,1217.9000244140625
2021-03-17,1198.0999755859375,1198.0999755859375,1198.0999755859375,1198.0999755859375
2021-03-18,1216.199951171875,1216.199951171875,1216.199951171875,1216.199951171875
2021-03-19,1198.9000244140625,1198.9000244140625,1198.9000244140625,1198.9000244140625
2021-03-22,1182.800048828125,1182.800048828125,1182.800048828125,1182.800048828125
2021-03-23,1176.5,1176.5,1170.5,1173.800048828125
2021-03-24,1179.5999755859375,1179.5999755859375,1179.5999755859375,1179.5999755859375
2021-03-25,1153.699951171875,1153.699951171875,1153.699951171875,1153.699951171875
2021-03-26,1177.5,1177.5,1177.5,1177.5
2021-03-29,1181.300048828125,1181.300048828125,1181.300048828125,1181.300048828125
2021-03-30,1177.0,1186.0,1153.199951171875,1157.699951171875
2021-03-31,1158.9000244140625,1193.800048828125,1158.800048828125,1188.5
2021-04-01,1188.4000244140625,1211.800048828125,1185.0,1206.199951171875
2021-04-05,1212.800048828125,1222.9000244140625,1206.699951171875,1207.0
2021-04-06,1211.0,1240.0999755859375,1211.0,1237.800048828125
2021-04-07,1245.9000244140625,1246.0,1228.699951171875,1229.300048828125
2021-04-08,1236.5,1236.800048828125,1230.300048828125,1233.300048828125
2021-04-09,1207.300048828125,1207.300048828125,1207.300048828125,1207.300048828125
2021-04-12,1170.4000244140625,1172.199951171875,1168.0,1172.199951171875
2021-04-13,1163.5,1180.300048828125,1155.0,1155.0
2021-04-14,1157.5,1181.699951171875,1156.4000244140625,1175.199951171875
2021-04-15,1197.800048828125,1197.800048828125,1197.800048828125,1197.800048828125
2021-04-16,1206.199951171875,1206.199951171875,1202.800048828125,1206.199951171875
2021-04-19,1218.4000244140625,1218.4000244140625,1204.0,1204.0
2021-04-20,1199.4000244140625,1199.4000244140625,1188.5999755859375,1193.800048828125
2021-04-21,1212.199951171875,1212.199951171875,1212.199951171875,1212.199951171875
2021-04-22,1209.9000244140625,1209.9000244140625,1205.9000244140625,1206.0
2021-04-23,1241.5,1241.5,1228.800048828125,1230.5
2021-04-26,1236.5,1242.5999755859375,1236.5,1242.5999755859375
2021-04-27,1246.9000244140625,1246.9000244140625,1246.9000244140625,1246.9000244140625
2021-04-28,1209.4000244140625,1209.4000244140625,1209.4000244140625,1209.4000244140625
2021-04-29,1195.0999755859375,1195.0999755859375,1195.0999755859375,1195.0999755859375
2021-04-30,1203.0,1203.0,1203.0,1203.0
2021-05-03,1227.9000244140625,1227.9000244140625,1227.9000244140625,1227.9000244140625
2021-05-04,1229.5999755859375,1229.5999755859375,1229.5999755859375,1229.5999755859375
2021-05-05,1226.5999755859375,1226.5999755859375,1226.5999755859375,1226.5999755859375
2021-05-06,1255.5,1255.5,1255.5,1255.5
2021-05-07,1252.300048828125,1252.300048828125,1252.300048828125,1252.300048828125
2021-05-10,1263.0,1263.0,1263.0,1263.0
2021-05-11,1238.699951171875,1238.699951171875,1238.699951171875,1238.699951171875
2021-05-12,1241.0,1241.0,1223.5,1223.5
2021-05-13,1204.5999755859375,1204.5999755859375,1204.5999755859375,1204.5999755859375
2021-05-14,1220.800048828125,1220.800048828125,1220.800048828125,1220.800048828125
2021-05-17,1242.5,1242.5,1242.5,1242.5
2021-05-18,1223.4000244140625,1223.4000244140625,1223.4000244140625,1223.4000244140625
2021-05-19,1195.0,1199.800048828125,1195.0,1199.800048828125
2021-05-20,1203.199951171875,1203.199951171875,1203.199951171875,1203.199951171875
2021-05-21,1167.800048828125,1167.800048828125,1167.800048828125,1167.800048828125
2021-05-24,1175.800048828125,1175.800048828125,1175.800048828125,1175.800048828125
2021-05-25,1195.0999755859375,1195.0999755859375,1195.0999755859375,1195.0999755859375
2021-05-26,1198.4000244140625,1198.4000244140625,1198.4000244140625,1198.4000244140625
2021-05-27,1172.300048828125,1177.4000244140625,1172.0,1177.4000244140625
2021-05-28,1180.800048828125,1180.800048828125,1180.800048828125,1180.800048828125
2021-06-01,1198.4000244140625,1198.4000244140625,1198.4000244140625,1198.4000244140625
2021-06-02,1191.4000244140625,1191.4000244140625,1191.4000244140625,1191.4000244140625
2021-06-03,1161.300048828125,1161.300048828125,1161.300048828125,1161.300048828125
2021-06-04,1163.199951171875,1163.199951171875,1163.199951171875,1163.199951171875
2021-06-07,1173.5999755859375,1173.5999755859375,1173.5999755859375,1173.5999755859375
2021-06-08,1161.5999755859375,1161.5999755859375,1161.5999755859375,1161.5999755859375
2021-06-09,1150.5999755859375,1150.5999755859375,1150.5999755859375,1150.5999755859375
2021-06-10,1144.800048828125,1144.800048828125,1144.800048828125,1144.800048828125
2021-06-11,1149.9000244140625,1149.9000244140625,1149.9000244140625,1149.9000244140625
2021-06-14,1164.0999755859375,1164.0999755859375,1164.0999755859375,1164.0999755859375
2021-06-15,1147.5999755859375,1147.5999755859375,1147.5999755859375,1147.5999755859375
2021-06-16,1141.0,1141.0,1141.0,1141.0
2021-06-17,1054.300048828125,1054.300048828125,1054.300048828125,1054.300048828125
2021-06-18,1040.0999755859375,1040.0999755859375,1040.0999755859375,1040.0999755859375
2021-06-21,1049.699951171875,1049.699951171875,1049.699951171875,1049.699951171875
2021-06-22,1069.300048828125,1069.300048828125,1069.300048828125,1069.300048828125
2021-06-23,1085.699951171875,1085.699951171875,1085.699951171875,1085.699951171875
2021-06-24,1093.0999755859375,1093.0999755859375,1093.0999755859375,1093.0999755859375
2021-06-25,1102.800048828125,1102.800048828125,1102.800048828125,1102.800048828125
2021-06-28,1096.9000244140625,1096.9000244140625,1096.9000244140625,1096.9000244140625
2021-06-29,1091.300048828125,1093.0999755859375,1057.5999755859375,1067.5
2021-06-30,1057.0,1070.5,1048.199951171875,1070.5
2021-07-01,1063.199951171875,1086.9000244140625,1063.199951171875,1078.4000244140625
2021-07-02,1082.5999755859375,1092.0,1079.5999755859375,1085.4000244140625
2021-07-06,1094.0,1114.5999755859375,1075.199951171875,1081.9000244140625
2021-07-07,1087.199951171875,1096.800048828125,1072.5999755859375,1080.199951171875
2021-07-08,1069.9000244140625,1079.300048828125,1062.199951171875,1073.199951171875
2021-07-09,1072.0999755859375,1094.4000244140625,1067.9000244140625,1094.4000244140625
2021-07-12,1099.800048828125,1121.699951171875,1099.800048828125,1121.699951171875
2021-07-13,1109.800048828125,1110.5,1102.199951171875,1109.800048828125
2021-07-14,1105.9000244140625,1128.800048828125,1103.5999755859375,1126.5
2021-07-15,1142.9000244140625,1142.9000244140625,1136.0,1136.0
2021-07-16,1110.0,1110.0,1104.0,1107.0
2021-07-19,1092.800048828125,1092.800048828125,1068.199951171875,1069.300048828125
2021-07-20,1076.5999755859375,1076.5999755859375,1052.800048828125,1064.300048828125
2021-07-21,1073.5999755859375,1073.5999755859375,1073.5999755859375,1073.5999755859375
2021-07-22,1088.800048828125,1088.800048828125,1088.800048828125,1088.800048828125
2021-07-23,1059.5999755859375,1059.5999755859375,1059.5999755859375,1059.5999755859375
2021-07-26,1060.5,1068.699951171875,1060.5,1068.699951171875
2021-07-27,1059.800048828125,1062.5,1047.800048828125,1047.800048828125
2021-07-28,1056.0999755859375,1056.0999755859375,1056.0999755859375,1056.0999755859375
2021-07-29,1071.199951171875,1074.699951171875,1063.0,1065.5
2021-07-30,1046.9000244140625,1046.9000244140625,1046.9000244140625,1046.9000244140625
2021-08-02,1054.9000244140625,1054.9000244140625,1054.9000244140625,1054.9000244140625
2021-08-03,1045.800048828125,1045.800048828125,1045.800048828125,1045.800048828125
2021-08-04,1020.4000244140625,1020.4000244140625,1020.4000244140625,1020.4000244140625
2021-08-05,1010.9000244140625,1010.9000244140625,1005.5,1005.5
2021-08-06,972.2999877929688,972.2999877929688,972.2999877929688,972.2999877929688
2021-08-09,965.0999755859375,970.9000244140625,965.0999755859375,970.9000244140625
2021-08-10,987.2000122070312,987.2000122070312,987.2000122070312,987.2000122070312
2021-08-11,1015.5,1015.5,1015.5,1015.5
2021-08-12,1017.2999877929688,1017.2999877929688,1017.2999877929688,1017.2999877929688
2021-08-13,1025.5,1025.5,1025.5,1025.5
2021-08-16,1020.5,1020.5,1020.5,1020.5
2021-08-17,993.4000244140625,993.4000244140625,993.4000244140625,993.4000244140625
2021-08-18,995.7999877929688,995.7999877929688,995.7999877929688,995.7999877929688
2021-08-19,970.5999755859375,970.5999755859375,970.5999755859375,970.5999755859375
2021-08-20,993.5,993.5,993.5,993.5
2021-08-23,1013.4000244140625,1013.4000244140625,1013.4000244140625,1013.4000244140625
2021-08-24,1009.4000244140625,1009.4000244140625,1009.4000244140625,1009.4000244140625
2021-08-25,992.7999877929688,992.7999877929688,992.7999877929688,992.7999877929688
2021-08-26,975.0,975.0,975.0,975.0
2021-08-27,1005.7999877929688,1005.7999877929688,1005.7999877929688,1005.7999877929688
2021-08-30,1010.0,1010.0,995.5,1001.9000244140625
2021-08-31,1006.5,1013.9000244140625,1006.5,1013.9000244140625
2021-09-01,1001.7000122070312,1001.9000244140625,1000.0,1000.0
2021-09-02,993.9000244140625,993.9000244140625,993.9000244140625,993.9000244140625
2021-09-03,1021.2000122070312,1021.2000122070312,1021.2000122070312,1021.2000122070312
2021-09-07,995.4000244140625,995.4000244140625,995.4000244140625,995.4000244140625
2021-09-08,975.2999877929688,975.2999877929688,975.2999877929688,975.2999877929688
2021-09-09,973.7999877929688,973.7999877929688,973.7999877929688,973.7999877929688
2021-09-10,969.0,973.5,956.0,956.7000122070312
2021-09-13,955.0,957.7000122070312,953.5,957.7000122070312
2021-09-14,939.0999755859375,939.0999755859375,939.0999755859375,939.0999755859375
2021-09-15,932.4000244140625,932.4000244140625,932.4000244140625,932.4000244140625
2021-09-16,925.2000122070312,925.2000122070312,925.2000122070312,925.2000122070312
2021-09-17,932.5,932.5,932.5,932.5
2021-09-20,912.0,917.0,900.7999877929688,900.7999877929688
2021-09-21,951.9000244140625,951.9000244140625,951.9000244140625,951.9000244140625
2021-09-22,983.5,1001.2999877929688,980.0999755859375,1001.2999877929688
2021-09-23,997.2000122070312,997.2000122070312,997.2000122070312,997.2000122070312
2021-09-24,980.9000244140625,980.9000244140625,980.9000244140625,980.9000244140625
2021-09-27,985.7000122070312,986.9000244140625,979.7999877929688,982.5999755859375
2021-09-28,960.5999755859375,960.5999755859375,960.5999755859375,960.5999755859375
2021-09-29,962.0999755859375,969.2000122070312,939.0,944.2999877929688
2021-09-30,946.5999755859375,966.9000244140625,946.5,960.9000244140625
2021-10-01,957.7000122070312,976.0,957.7000122070312,972.0999755859375
2021-10-04,960.0,963.7999877929688,951.2000122070312,960.2000122070312
2021-10-05,963.7999877929688,963.7999877929688,955.7999877929688,959.0
2021-10-06,957.2999877929688,975.9000244140625,949.2000122070312,975.7999877929688
2021-10-07,986.0999755859375,995.0,977.7000122070312,983.9000244140625
2021-10-08,1012.7999877929688,1030.5999755859375,1012.7999877929688,1026.5999755859375
2021-10-11,1004.9000244140625,1007.0999755859375,1004.9000244140625,1004.9000244140625
2021-10-12,1010.2000122070312,1010.2000122070312,1003.9000244140625,1009.7000122070312
2021-10-13,1022.2999877929688,1022.2999877929688,1022.2999877929688,1022.2999877929688
2021-10-14,1033.5,1058.0,1033.5,1050.5
2021-10-15,1057.300048828125,1057.4000244140625,1053.5999755859375,1056.699951171875
2021-10-18,1035.9000244140625,1035.9000244140625,1035.9000244140625,1035.9000244140625
2021-10-19,1044.5999755859375,1044.5999755859375,1044.5999755859375,1044.5999755859375
2021-10-20,1041.0999755859375,1054.0999755859375,1041.0999755859375,1050.199951171875
2021-10-21,1039.0,1047.699951171875,1038.800048828125,1047.699951171875
2021-10-22,1064.300048828125,1064.300048828125,1050.199951171875,1050.199951171875
2021-10-25,1059.699951171875,1062.199951171875,1059.699951171875,1062.199951171875
2021-10-26,1032.199951171875,1032.199951171875,1032.199951171875,1032.199951171875
2021-10-27,1018.0,1018.4000244140625,1017.0,1018.4000244140625
2021-10-28,1018.4000244140625,1025.0,1015.4000244140625,1022.7000122070312
2021-10-29,1019.5999755859375,1021.7999877929688,1019.5999755859375,1019.5999755859375
2021-11-01,1066.300048828125,1066.300048828125,1066.300048828125,1066.300048828125
2021-11-02,1038.199951171875,1039.0999755859375,1038.199951171875,1038.199951171875
2021-11-03,1021.2999877929688,1021.2999877929688,1021.2999877929688,1021.2999877929688
2021-11-04,1028.199951171875,1028.199951171875,1027.800048828125,1028.199951171875
2021-11-05,1034.699951171875,1034.699951171875,1034.699951171875,1034.699951171875
2021-11-08,1058.9000244140625,1058.9000244140625,1058.9000244140625,1058.9000244140625
2021-11-09,1060.199951171875,1060.199951171875,1060.199951171875,1060.199951171875
2021-11-10,1075.800048828125,1075.800048828125,1075.800048828125,1075.800048828125
2021-11-11,1093.300048828125,1093.300048828125,1093.300048828125,1093.300048828125
2021-11-12,1088.0999755859375,1088.0999755859375,1088.0999755859375,1088.0999755859375
2021-11-15,1095.800048828125,1095.800048828125,1095.800048828125,1095.800048828125
2021-11-16,1073.0,1073.0,1073.0,1073.0
2021-11-17,1067.699951171875,1067.699951171875,1067.699951171875,1067.699951171875
2021-11-18,1055.0,1055.0,1055.0,1055.0
2021-11-19,1034.5999755859375,1034.5999755859375,1034.5999755859375,1034.5999755859375
2021-11-22,1030.0,1030.0,1014.0,1014.0
2021-11-23,1002.0,1002.0,963.0999755859375,963.0999755859375
2021-11-24,974.2999877929688,974.2999877929688,974.2999877929688,974.2999877929688
2021-11-26,953.4000244140625,953.4000244140625,953.4000244140625,953.4000244140625
2021-11-29,962.7999877929688,970.0,957.2000122070312,963.5999755859375
2021-11-30,926.5999755859375,926.5999755859375,926.5999755859375,926.5999755859375
2021-12-01,934.5,934.5,934.5,934.5
2021-12-02,932.4000244140625,932.4000244140625,932.4000244140625,932.4000244140625
2021-12-03,925.5,925.5,925.5,925.5
2021-12-06,935.9000244140625,935.9000244140625,935.9000244140625,935.9000244140625
2021-12-07,949.2999877929688,949.2999877929688,949.2999877929688,949.2999877929688
2021-12-08,955.2000122070312,955.2000122070312,955.2000122070312,955.2000122070312
2021-12-09,937.2999877929688,937.2999877929688,937.2999877929688,937.2999877929688
2021-12-10,933.7999877929688,933.7999877929688,933.7999877929688,933.7999877929688
2021-12-13,924.0999755859375,924.0999755859375,924.0999755859375,924.0999755859375
2021-12-14,910.2999877929688,910.2999877929688,910.2999877929688,910.2999877929688
2021-12-15,893.5999755859375,893.5999755859375,893.5999755859375,893.5999755859375
2021-12-16,928.2999877929688,928.2999877929688,928.2999877929688,928.2999877929688
2021-12-17,933.9000244140625,933.9000244140625,933.9000244140625,933.9000244140625
2021-12-20,911.7000122070312,926.2000122070312,911.7000122070312,926.2000122070312
2021-12-21,927.5,927.5,927.5,927.5
2021-12-22,968.0999755859375,968.0999755859375,968.0999755859375,968.0999755859375
2021-12-23,974.5999755859375,974.5999755859375,974.5999755859375,974.5999755859375
2021-12-27,968.9000244140625,968.9000244140625,968.9000244140625,968.9000244140625
2021-12-28,979.0999755859375,979.0999755859375,979.0999755859375,979.0999755859375
2021-12-29,968.2000122070312,968.2000122070312,968.2000122070312,968.2000122070312
2021-12-30,967.2999877929688,971.0,955.7999877929688,963.5999755859375
2021-12-31,962.5,965.2999877929688,949.5999755859375,964.4000244140625
2022-01-03,978.2000122070312,978.2000122070312,928.7000122070312,953.7000122070312
2022-01-04,950.9000244140625,975.0,950.9000244140625,970.4000244140625
2022-01-05,980.0,1001.9000244140625,978.7999877929688,1001.9000244140625
2022-01-06,964.0,973.5999755859375,960.5,960.5999755859375
2022-01-07,970.2000122070312,970.2000122070312,957.0,957.0
2022-01-10,924.0,934.4000244140625,924.0,934.4000244140625
2022-01-11,947.5,973.7999877929688,947.5,973.7999877929688
2022-01-12,964.7000122070312,979.9000244140625,964.7000122070312,979.9000244140625
2022-01-13,971.9000244140625,971.9000244140625,971.9000244140625,971.9000244140625
2022-01-14,964.4000244140625,964.4000244140625,964.4000244140625,964.4000244140625
2022-01-18,971.5999755859375,979.2999877929688,963.4000244140625,979.2999877929688
2022-01-19,1027.0999755859375,1028.199951171875,1026.800048828125,1028.199951171875
2022-01-20,1053.4000244140625,1053.4000244140625,1050.5999755859375,1050.5999755859375
2022-01-21,1036.4000244140625,1036.9000244140625,1027.0,1034.699951171875
2022-01-24,1019.0,1019.9000244140625,1017.5,1019.9000244140625
2022-01-25,1021.4000244140625,1031.699951171875,1012.7999877929688,1023.7999877929688
2022-01-26,1046.0999755859375,1046.0999755859375,1046.0999755859375,1046.0999755859375
2022-01-27,1021.7000122070312,1021.7000122070312,1021.7000122070312,1021.7000122070312
2022-01-28,1027.5,1027.5,1000.0999755859375,1004.9000244140625
2022-01-31,1019.2000122070312,1019.2000122070312,1019.2000122070312,1019.2000122070312
2022-02-01,1021.7999877929688,1021.7999877929688,1021.7999877929688,1021.7999877929688
2022-02-02,1042.300048828125,1042.300048828125,1042.300048828125,1042.300048828125
2022-02-03,1028.9000244140625,1028.9000244140625,1028.9000244140625,1028.9000244140625
2022-02-04,1022.7999877929688,1022.7999877929688,1022.7999877929688,1022.7999877929688
2022-02-07,1018.9000244140625,1018.9000244140625,1018.9000244140625,1018.9000244140625
2022-02-08,1035.199951171875,1035.199951171875,1035.199951171875,1035.199951171875
2022-02-09,1036.0,1036.0,1036.0,1036.0
2022-02-10,1041.0999755859375,1041.0999755859375,1041.0999755859375,1041.0999755859375
2022-02-11,1017.2999877929688,1017.2999877929688,1017.2999877929688,1017.2999877929688
2022-02-14,1026.5999755859375,1026.5999755859375,1026.5999755859375,1026.5999755859375
2022-02-15,1019.0,1019.0,1019.0,1019.0
2022-02-16,1059.0,1062.199951171875,1059.0,1062.199951171875
2022-02-17,1091.199951171875,1091.199951171875,1091.199951171875,1091.199951171875
2022-02-18,1075.300048828125,1075.300048828125,1075.300048828125,1075.300048828125
2022-02-22,1084.5,1084.5,1084.5,1084.5
2022-02-23,1090.0999755859375,1090.0999755859375,1090.0999755859375,1090.0999755859375
2022-02-24,1060.4000244140625,1060.4000244140625,1060.4000244140625,1060.4000244140625
2022-02-25,1048.9000244140625,1048.9000244140625,1048.9000244140625,1048.9000244140625
2022-02-28,1063.9000244140625,1063.9000244140625,1037.800048828125,1037.800048828125
2022-03-01,1051.0999755859375,1051.0999755859375,1051.0999755859375,1051.0999755859375
2022-03-02,1056.199951171875,1067.5999755859375,1053.4000244140625,1067.5999755859375
2022-03-03,1080.0999755859375,1080.0999755859375,1080.0999755859375,1080.0999755859375
2022-03-04,1116.0999755859375,1116.0999755859375,1116.0999755859375,1116.0999755859375
2022-03-07,1148.800048828125,1154.0,1115.9000244140625,1115.9000244140625
2022-03-08,1152.5,1152.5,1152.5,1152.5
2022-03-09,1106.699951171875,1106.699951171875,1106.699951171875,1106.699951171875
2022-03-10,1094.4000244140625,1094.4000244140625,1094.4000244140625,1094.4000244140625
2022-03-11,1087.800048828125,1087.800048828125,1087.800048828125,1087.800048828125
2022-03-14,1051.5,1051.5,1051.5,1051.5
2022-03-15,1001.7999877929688,1001.7999877929688,1001.7999877929688,1001.7999877929688
2022-03-16,1003.5999755859375,1007.4000244140625,1003.5999755859375,1007.4000244140625
2022-03-17,1030.5999755859375,1030.5999755859375,1030.5999755859375,1030.5999755859375
2022-03-18,1035.199951171875,1035.199951171875,1035.199951171875,1035.199951171875
2022-03-21,1044.4000244140625,1044.4000244140625,1044.4000244140625,1044.4000244140625
2022-03-22,1024.800048828125,1024.800048828125,1024.800048828125,1024.800048828125
2022-03-23,1020.7000122070312,1020.9000244140625,1020.5999755859375,1020.7000122070312
2022-03-24,1030.5,1030.5,1030.5,1030.5
2022-03-25,1007.7999877929688,1007.7999877929688,1007.7999877929688,1007.7999877929688
2022-03-28,990.4000244140625,990.4000244140625,990.4000244140625,990.4000244140625
2022-03-29,972.2999877929688,972.2999877929688,972.2999877929688,972.2999877929688
2022-03-30,982.2000122070312,1004.7999877929688,981.2000122070312,996.7999877929688
2022-03-31,995.4000244140625,995.4000244140625,980.0999755859375,992.5
2022-04-01,992.7999877929688,998.2999877929688,982.7000122070312,985.0
2022-04-04,985.0,986.5,985.0,986.5
2022-04-05,979.2999877929688,979.2999877929688,969.4000244140625,969.4000244140625
2022-04-06,960.2999877929688,964.0,948.7999877929688,950.0999755859375
2022-04-07,953.0,954.9000244140625,942.5999755859375,954.9000244140625
2022-04-08,983.7000122070312,984.2000122070312,971.2999877929688,972.2000122070312
2022-04-11,978.7000122070312,989.2999877929688,973.7000122070312,973.9000244140625
2022-04-12,960.2000122070312,974.0,960.2000122070312,969.0
2022-04-13,970.0,986.0,970.0,985.2000122070312
2022-04-14,986.2999877929688,989.5999755859375,986.2999877929688,989.5999755859375
2022-04-18,1012.5999755859375,1015.4000244140625,1012.5999755859375,1015.4000244140625
2022-04-19,1016.2000122070312,1016.2000122070312,983.9000244140625,984.4000244140625
2022-04-20,982.7999877929688,982.7999877929688,982.7999877929688,982.7999877929688
2022-04-21,965.2999877929688,965.2999877929688,965.2999877929688,965.2999877929688
2022-04-22,958.9000244140625,958.9000244140625,925.0999755859375,925.0999755859375
2022-04-25,903.7000122070312,903.7000122070312,899.4000244140625,902.2999877929688
2022-04-26,912.7000122070312,913.5,902.5,911.9000244140625
2022-04-27,910.0999755859375,910.0999755859375,910.0999755859375,910.0999755859375
2022-04-28,906.5999755859375,910.4000244140625,902.2000122070312,910.4000244140625
2022-04-29,922.2000122070312,937.5999755859375,922.0999755859375,937.5999755859375
2022-05-02,930.5999755859375,930.5999755859375,930.5999755859375,930.5999755859375
2022-05-03,956.5,956.5,956.5,956.5
2022-05-04,978.2000122070312,979.5,978.2000122070312,978.2000122070312
2022-05-05,971.7999877929688,971.7999877929688,971.7999877929688,971.7999877929688
2022-05-06,954.5999755859375,954.5999755859375,954.5999755859375,954.5999755859375
2022-05-09,938.5,938.5,938.5,938.5
2022-05-10,958.7999877929688,958.7999877929688,953.5,953.5
2022-05-11,995.7000122070312,995.7000122070312,995.7000122070312,995.7000122070312
2022-05-12,936.9000244140625,936.9000244140625,936.9000244140625,936.9000244140625
2022-05-13,936.4000244140625,936.4000244140625,936.4000244140625,936.4000244140625
2022-05-16,929.0,929.0,929.0,929.0
2022-05-17,947.0999755859375,947.0999755859375,947.0999755859375,947.0999755859375
2022-05-18,927.9000244140625,927.9000244140625,927.9000244140625,927.9000244140625
2022-05-19,957.5,957.5,957.5,957.5
2022-05-20,946.2000122070312,946.2000122070312,946.2000122070312,946.2000122070312
2022-05-23,955.5,955.5,955.5,955.5
2022-05-24,946.7999877929688,946.7999877929688,946.7999877929688,946.7999877929688
2022-05-25,933.4000244140625,933.4000244140625,933.4000244140625,933.4000244140625
2022-05-26,941.5,941.5,941.5,941.5
2022-05-27,944.5,945.5,944.5,945.5
2022-05-31,969.2999877929688,969.2999877929688,969.2999877929688,969.2999877929688
2022-06-01,997.2000122070312,997.2000122070312,997.2000122070312,997.2000122070312
2022-06-02,1029.199951171875,1029.199951171875,1029.199951171875,1029.199951171875
2022-06-03,1017.2000122070312,1017.2000122070312,1017.2000122070312,1017.2000122070312
2022-06-06,1030.800048828125,1030.800048828125,1030.800048828125,1030.800048828125
2022-06-07,1013.7000122070312,1013.7000122070312,1013.7000122070312,1013.7000122070312
2022-06-08,1012.4000244140625,1012.4000244140625,1012.4000244140625,1012.4000244140625
2022-06-09,976.7000122070312,976.7000122070312,976.7000122070312,976.7000122070312
2022-06-10,971.7999877929688,971.7999877929688,971.7999877929688,971.7999877929688
2022-06-13,933.0999755859375,933.0999755859375,933.0999755859375,933.0999755859375
2022-06-14,911.5,911.5,911.5,911.5
2022-06-15,925.4000244140625,925.4000244140625,925.4000244140625,925.4000244140625
2022-06-16,951.9000244140625,951.9000244140625,951.9000244140625,951.9000244140625
2022-06-17,931.0,931.0,931.0,931.0
2022-06-21,940.0,940.0,940.0,940.0
2022-06-22,927.4000244140625,927.4000244140625,927.4000244140625,927.4000244140625
2022-06-23,904.9000244140625,904.9000244140625,904.9000244140625,904.9000244140625
2022-06-24,904.5,904.5,904.5,904.5
2022-06-27,904.9000244140625,904.9000244140625,903.2999877929688,904.9000244140625
2022-06-28,911.2000122070312,911.5,910.5999755859375,910.5999755859375
2022-06-29,908.7999877929688,932.7999877929688,907.5,910.7999877929688
2022-06-30,912.7999877929688,912.7999877929688,888.0999755859375,898.4000244140625
2022-07-01,880.0,892.4000244140625,861.0,875.4000244140625
2022-07-05,890.9000244140625,890.9000244140625,856.7999877929688,856.7999877929688
2022-07-06,853.0999755859375,853.0999755859375,847.7999877929688,847.7999877929688
2022-07-07,882.0,882.0,876.4000244140625,876.4000244140625
2022-07-08,872.5,894.0,872.5,894.0
2022-07-11,872.2000122070312,872.2000122070312,872.2000122070312,872.2000122070312
2022-07-12,839.7000122070312,839.7000122070312,839.7000122070312,839.7000122070312
2022-07-13,849.9000244140625,849.9000244140625,849.9000244140625,849.9000244140625
2022-07-14,830.5999755859375,830.5999755859375,830.5999755859375,830.5999755859375
2022-07-15,845.0,845.0,843.0,844.2000122070312
2022-07-18,864.7999877929688,864.7999877929688,864.7999877929688,864.7999877929688
2022-07-19,880.2999877929688,880.2999877929688,867.5999755859375,867.5999755859375
2022-07-20,855.0,855.0,842.0,851.5
2022-07-21,857.0999755859375,857.0999755859375,857.0999755859375,857.0999755859375
2022-07-22,861.2000122070312,861.2000122070312,861.2000122070312,861.2000122070312
2022-07-25,864.2999877929688,864.2999877929688,864.2999877929688,864.2999877929688
2022-07-26,859.0999755859375,859.0999755859375,859.0999755859375,859.0999755859375
2022-07-27,871.7999877929688,871.7999877929688,871.7999877929688,871.7999877929688
2022-07-28,884.2999877929688,884.2999877929688,865.7999877929688,871.9000244140625
2022-07-29,887.5999755859375,887.5999755859375,884.9000244140625,884.9000244140625
2022-08-01,896.7000122070312,896.7000122070312,896.7000122070312,896.7000122070312
2022-08-02,900.0999755859375,900.0999755859375,900.0999755859375,900.0999755859375
2022-08-03,885.5999755859375,885.5999755859375,883.7999877929688,885.5999755859375
2022-08-04,922.4000244140625,922.4000244140625,922.4000244140625,922.4000244140625
2022-08-05,921.9000244140625,921.9000244140625,921.9000244140625,921.9000244140625
2022-08-08,937.2999877929688,937.2999877929688,937.2999877929688,937.2999877929688
2022-08-09,931.9000244140625,931.9000244140625,931.9000244140625,931.9000244140625
2022-08-10,945.0,945.0,945.0,945.0
2022-08-11,958.2999877929688,958.2999877929688,958.2999877929688,958.2999877929688
2022-08-12,958.2999877929688,958.2999877929688,958.2999877929688,958.2999877929688
2022-08-15,932.5,932.5,932.5,932.5
2022-08-16,929.9000244140625,929.9000244140625,929.9000244140625,929.9000244140625
2022-08-17,918.0,918.0,918.0,918.0
2022-08-18,903.5999755859375,903.5999755859375,903.5999755859375,903.5999755859375
2022-08-19,886.9000244140625,886.9000244140625,886.9000244140625,886.9000244140625
2022-08-22,866.9000244140625,866.9000244140625,866.9000244140625,866.9000244140625
2022-08-23,875.2999877929688,875.2999877929688,875.2999877929688,875.2999877929688
2022-08-24,872.0,874.5,865.2000122070312,866.2999877929688
2022-08-25,873.2999877929688,873.2999877929688,873.2999877929688,873.2999877929688
2022-08-26,854.5999755859375,854.5999755859375,854.5999755859375,854.5999755859375
2022-08-29,853.5,853.5,853.5,853.5
2022-08-30,830.5999755859375,830.5999755859375,830.5999755859375,830.5999755859375
2022-08-31,826.4000244140625,826.4000244140625,826.4000244140625,826.4000244140625
2022-09-01,804.0,804.0,804.0,804.0
2022-09-02,809.7999877929688,817.0999755859375,806.4000244140625,817.0999755859375
2022-09-06,832.7000122070312,832.7000122070312,832.7000122070312,832.7000122070312
2022-09-07,846.0,846.0,846.0,846.0
2022-09-08,865.2000122070312,865.2000122070312,865.2000122070312,865.2000122070312
2022-09-09,876.0,876.0,876.0,876.0
2022-09-12,903.2999877929688,903.2999877929688,903.2999877929688,903.2999877929688
2022-09-13,882.7999877929688,882.7999877929688,882.7999877929688,882.7999877929688
2022-09-14,904.5,904.5,904.5,904.5
2022-09-15,905.0,905.0,905.0,905.0
2022-09-16,900.5,900.5,900.5,900.5
2022-09-19,918.0,918.0,918.0,918.0
2022-09-20,922.0,922.0,922.0,922.0
2022-09-21,915.9000244140625,915.9000244140625,915.9000244140625,915.9000244140625
2022-09-22,905.7999877929688,905.7999877929688,905.7999877929688,905.7999877929688
2022-09-23,859.2999877929688,859.2999877929688,853.7999877929688,858.5
2022-09-26,849.9000244140625,849.9000244140625,849.9000244140625,849.9000244140625
2022-09-27,847.9000244140625,847.9000244140625,847.9000244140625,847.9000244140625
2022-09-28,871.0999755859375,871.0999755859375,871.0999755859375,871.0999755859375
2022-09-29,870.5,877.4000244140625,846.2000122070312,871.2999877929688
2022-09-30,869.0,883.4000244140625,866.0,870.0
2022-10-03,895.0,915.2000122070312,895.0,911.2999877929688
2022-10-04,911.2999877929688,950.0,911.2999877929688,943.7000122070312
2022-10-05,946.4000244140625,946.4000244140625,918.9000244140625,924.5999755859375
2022-10-06,931.7000122070312,931.7000122070312,931.7000122070312,931.7000122070312
2022-10-07,945.0,945.0,929.2000122070312,929.2000122070312
2022-10-10,913.2000122070312,913.2000122070312,906.2000122070312,906.2000122070312
2022-10-11,902.7999877929688,909.5,899.0,909.5
2022-10-12,891.4000244140625,891.4000244140625,891.4000244140625,891.4000244140625
2022-10-13,890.0,906.7999877929688,890.0,906.7999877929688
2022-10-14,916.7999877929688,916.7999877929688,905.2999877929688,905.2999877929688
2022-10-17,924.0,924.0,924.0,924.0
2022-10-18,924.5999755859375,924.5999755859375,917.7000122070312,917.7000122070312
2022-10-19,891.5,891.5,891.5,891.5
2022-10-20,939.9000244140625,939.9000244140625,930.0999755859375,930.0999755859375
2022-10-21,954.5999755859375,960.0,949.2999877929688,954.5999755859375
2022-10-24,947.2999877929688,947.2999877929688,947.2999877929688,947.2999877929688
2022-10-25,934.0999755859375,939.7000122070312,934.0999755859375,939.7000122070312
2022-10-26,960.2999877929688,982.5,954.0999755859375,982.5
2022-10-27,987.4000244140625,987.4000244140625,987.4000244140625,987.4000244140625
2022-10-28,958.4000244140625,958.4000244140625,958.4000244140625,958.4000244140625
2022-10-31,939.4000244140625,939.4000244140625,939.4000244140625,939.4000244140625
2022-11-01,959.7999877929688,959.7999877929688,959.7999877929688,959.7999877929688
2022-11-02,960.2000122070312,960.2000122070312,960.2000122070312,960.2000122070312
2022-11-03,933.4000244140625,933.4000244140625,933.4000244140625,933.4000244140625
2022-11-04,969.7999877929688,969.7999877929688,969.7999877929688,969.7999877929688
2022-11-07,998.7000122070312,998.7000122070312,998.7000122070312,998.7000122070312
2022-11-08,1023.7999877929688,1023.7999877929688,1023.7999877929688,1023.7999877929688
2022-11-09,1006.5999755859375,1006.5999755859375,1006.5999755859375,1006.5999755859375
2022-11-10,1064.300048828125,1064.300048828125,1064.300048828125,1064.300048828125
2022-11-11,1047.4000244140625,1047.4000244140625,1047.4000244140625,1047.4000244140625
2022-11-14,1042.300048828125,1042.300048828125,1042.300048828125,1042.300048828125
2022-11-15,1031.699951171875,1031.699951171875,1031.699951171875,1031.699951171875
2022-11-16,1025.5,1025.5,1025.5,1025.5
2022-11-17,1000.7999877929688,1000.7999877929688,1000.7999877929688,1000.7999877929688
2022-11-18,1002.0,1002.0,1002.0,1002.0
2022-11-21,1005.5999755859375,1005.5999755859375,1005.5999755859375,1005.5999755859375
2022-11-22,1013.4000244140625,1013.4000244140625,1013.4000244140625,1013.4000244140625
2022-11-23,1014.5,1014.5,1014.5,1014.5
2022-11-25,1005.5,1005.5,1005.5,1005.5
2022-11-28,1017.0,1017.0,1017.0,1017.0
2022-11-29,1021.5999755859375,1021.5999755859375,1021.5999755859375,1021.5999755859375
2022-11-30,1052.300048828125,1052.300048828125,1052.300048828125,1052.300048828125
2022-12-01,1067.9000244140625,1067.9000244140625,1067.9000244140625,1067.9000244140625
2022-12-02,1039.5999755859375,1039.5999755859375,1039.5999755859375,1039.5999755859375
2022-12-05,1020.5,1020.5,1020.5,1020.5
2022-12-06,1008.4000244140625,1008.4000244140625,1008.4000244140625,1008.4000244140625
2022-12-07,1024.5,1024.5,1024.5,1024.5
2022-12-08,1027.5999755859375,1027.5999755859375,1027.5999755859375,1027.5999755859375
2022-12-09,1049.199951171875,1049.199951171875,1049.199951171875,1049.199951171875
2022-12-12,1021.0,1021.0,1021.0,1021.0
2022-12-13,1051.9000244140625,1051.9000244140625,1051.9000244140625,1051.9000244140625
2022-12-14,1051.699951171875,1051.699951171875,1051.699951171875,1051.699951171875
2022-12-15,1026.199951171875,1026.199951171875,1026.199951171875,1026.199951171875
2022-12-16,1013.0,1013.0,1013.0,1013.0
2022-12-19,1000.7000122070312,1000.7000122070312,1000.7000122070312,1000.7000122070312
2022-12-20,1026.0,1026.0,1026.0,1026.0
2022-12-21,1015.0,1015.0,1015.0,1015.0
2022-12-22,997.5999755859375,997.5999755859375,997.5999755859375,997.5999755859375
2022-12-23,1042.5999755859375,1042.5999755859375,1042.5999755859375,1042.5999755859375
2022-12-27,1042.699951171875,1042.699951171875,1042.699951171875,1042.699951171875
2022-12-28,1029.800048828125,1029.800048828125,1029.800048828125,1029.800048828125
2022-12-29,1013.2999877929688,1058.0999755859375,1010.2999877929688,1049.699951171875
2022-12-30,1055.800048828125,1077.5,1052.0999755859375,1073.699951171875
2023-01-03,1078.699951171875,1092.9000244140625,1074.5,1082.0
2023-01-04,1100.0,1100.5,1080.699951171875,1080.699951171875
2023-01-05,1079.0,1079.0,1059.0999755859375,1059.0999755859375
2023-01-06,1063.800048828125,1096.4000244140625,1063.800048828125,1092.5999755859375
2023-01-09,1093.699951171875,1093.699951171875,1086.300048828125,1086.300048828125
2023-01-10,1078.0,1078.0,1074.5,1076.5999755859375
2023-01-11,1080.0,1091.0,1073.800048828125,1073.800048828125
2023-01-12,1068.0,1074.5999755859375,1064.0,1074.5999755859375
2023-01-13,1067.300048828125,1067.300048828125,1049.0,1063.699951171875
2023-01-17,1056.0,1056.0,1037.5,1037.5
2023-01-18,1052.699951171875,1052.699951171875,1034.5,1034.5
2023-01-19,1042.0,1042.0,1014.0,1032.0
2023-01-20,1028.5,1044.199951171875,1028.5,1038.0999755859375
2023-01-23,1046.699951171875,1046.699951171875,1046.0,1046.699951171875
2023-01-24,1057.699951171875,1057.699951171875,1057.699951171875,1057.699951171875
2023-01-25,1040.4000244140625,1041.0,1035.199951171875,1037.0
2023-01-26,1013.5999755859375,1013.5999755859375,1013.5999755859375,1013.5999755859375
2023-01-27,1007.4000244140625,1007.4000244140625,1007.4000244140625,1007.4000244140625
2023-01-30,1011.4000244140625,1011.4000244140625,1011.4000244140625,1011.4000244140625
2023-01-31,1012.0,1012.0,1012.0,1012.0
2023-02-01,992.5999755859375,992.5999755859375,992.5999755859375,992.5999755859375
2023-02-02,1023.5,1023.5,1023.5,1023.5
2023-02-03,971.7999877929688,971.7999877929688,971.7999877929688,971.7999877929688
2023-02-06,966.0999755859375,966.0999755859375,966.0999755859375,966.0999755859375
2023-02-07,977.7000122070312,977.7000122070312,977.7000122070312,977.7000122070312
2023-02-08,978.7000122070312,978.7000122070312,978.7000122070312,978.7000122070312
2023-02-09,957.9000244140625,957.9000244140625,957.9000244140625,957.9000244140625
2023-02-10,957.5,967.5,945.5999755859375,945.5999755859375
2023-02-13,953.2999877929688,953.2999877929688,953.2999877929688,953.2999877929688
2023-02-14,933.0999755859375,933.0999755859375,933.0999755859375,933.0999755859375
2023-02-15,911.7000122070312,911.7000122070312,911.7000122070312,911.7000122070312
2023-02-16,903.4000244140625,925.0999755859375,903.4000244140625,925.0999755859375
2023-02-17,915.0,915.5,915.0,915.5
2023-02-21,942.7000122070312,942.7000122070312,942.7000122070312,942.7000122070312
2023-02-22,947.4000244140625,947.4000244140625,947.4000244140625,947.4000244140625
2023-02-23,939.5999755859375,939.5999755859375,939.5999755859375,939.5999755859375
2023-02-24,902.0,902.0,902.0,902.0
2023-02-27,941.5999755859375,941.5999755859375,941.5999755859375,941.5999755859375
2023-02-28,955.2000122070312,955.2000122070312,955.2000122070312,955.2000122070312
2023-03-01,961.5,961.5,961.5,961.5
2023-03-02,962.9000244140625,962.9000244140625,962.9000244140625,962.9000244140625
2023-03-03,977.2000122070312,977.2000122070312,977.2000122070312,977.2000122070312
2023-03-06,976.0999755859375,976.0999755859375,976.0999755859375,976.0999755859375
2023-03-07,933.4000244140625,933.4000244140625,933.4000244140625,933.4000244140625
2023-03-08,938.0999755859375,938.0999755859375,938.0999755859375,938.0999755859375
2023-03-09,946.7999877929688,946.7999877929688,946.7999877929688,946.7999877929688
2023-03-10,959.7000122070312,959.7000122070312,959.7000122070312,959.7000122070312
2023-03-13,1002.5,1002.5,1002.5,1002.5
2023-03-14,994.9000244140625,994.9000244140625,994.9000244140625,994.9000244140625
2023-03-15,967.9000244140625,967.9000244140625,967.5999755859375,967.9000244140625
2023-03-16,974.7000122070312,974.7000122070312,974.7000122070312,974.7000122070312
2023-03-17,976.7000122070312,976.7000122070312,976.7000122070312,976.7000122070312
2023-03-20,994.9000244140625,994.9000244140625,994.9000244140625,994.9000244140625
2023-03-21,974.7999877929688,974.7999877929688,974.7999877929688,974.7999877929688
2023-03-22,985.0999755859375,985.0999755859375,985.0999755859375,985.0999755859375
2023-03-23,991.0,991.0,991.0,991.0
2023-03-24,982.0,982.0,982.0,982.0
2023-03-27,975.2000122070312,975.2000122070312,975.2000122070312,975.2000122070312
2023-03-28,961.5,961.5,961.5,961.5
2023-03-29,963.5999755859375,963.5999755859375,963.5999755859375,963.5999755859375
2023-03-30,967.5,987.7000122070312,962.0,985.2000122070312
2023-03-31,984.2000122070312,997.0,979.4000244140625,994.0999755859375
2023-04-03,985.0,989.2000122070312,985.0,986.9000244140625
2023-04-04,986.0999755859375,1021.0,986.0999755859375,1018.7000122070312
2023-04-05,1016.7999877929688,1023.2000122070312,996.0,997.5
2023-04-06,999.4000244140625,1006.9000244140625,999.4000244140625,1006.9000244140625
2023-04-10,993.0999755859375,993.0999755859375,993.0999755859375,993.0999755859375
2023-04-11,996.5,996.5,995.5999755859375,995.5999755859375
2023-04-12,1018.0,1018.0,1018.0,1018.0
2023-04-13,1043.0,1056.0999755859375,1043.0,1056.0999755859375
2023-04-14,1044.5999755859375,1044.5999755859375,1044.5999755859375,1044.5999755859375
2023-04-17,1050.4000244140625,1050.4000244140625,1050.4000244140625,1050.4000244140625
2023-04-18,1086.5,1087.9000244140625,1086.5,1087.9000244140625
2023-04-19,1062.300048828125,1096.699951171875,1062.300048828125,1096.699951171875
2023-04-20,1098.699951171875,1101.699951171875,1098.699951171875,1098.699951171875
2023-04-21,1129.800048828125,1129.800048828125,1129.800048828125,1129.800048828125
2023-04-24,1088.800048828125,1088.800048828125,1088.800048828125,1088.800048828125
2023-04-25,1089.300048828125,1089.300048828125,1089.300048828125,1089.300048828125
2023-04-26,1097.0999755859375,1097.0999755859375,1097.0999755859375,1097.0999755859375
2023-04-27,1091.300048828125,1091.300048828125,1091.300048828125,1091.300048828125
2023-04-28,1088.199951171875,1088.199951171875,1088.199951171875,1088.199951171875
2023-05-01,1062.800048828125,1062.800048828125,1062.800048828125,1062.800048828125
2023-05-02,1076.4000244140625,1076.4000244140625,1076.4000244140625,1076.4000244140625
2023-05-03,1059.9000244140625,1059.9000244140625,1059.9000244140625,1059.9000244140625
2023-05-04,1048.4000244140625,1048.4000244140625,1048.4000244140625,1048.4000244140625
2023-05-05,1066.4000244140625,1066.4000244140625,1066.4000244140625,1066.4000244140625
2023-05-08,1088.800048828125,1088.800048828125,1088.800048828125,1088.800048828125
2023-05-09,1117.0999755859375,1117.0999755859375,1117.0999755859375,1117.0999755859375
2023-05-10,1122.199951171875,1122.199951171875,1122.199951171875,1122.199951171875
2023-05-11,1108.0999755859375,1108.0999755859375,1108.0999755859375,1108.0999755859375
2023-05-12,1070.0999755859375,1070.0999755859375,1070.0999755859375,1070.0999755859375
2023-05-15,1077.800048828125,1077.800048828125,1077.800048828125,1077.800048828125
2023-05-16,1070.0,1070.0,1070.0,1070.0
2023-05-17,1085.699951171875,1085.699951171875,1085.699951171875,1085.699951171875
2023-05-18,1061.300048828125,1061.300048828125,1061.300048828125,1061.300048828125
2023-05-19,1078.800048828125,1078.800048828125,1078.800048828125,1078.800048828125
2023-05-22,1080.4000244140625,1080.4000244140625,1080.4000244140625,1080.4000244140625
2023-05-23,1060.699951171875,1060.699951171875,1060.699951171875,1060.699951171875
2023-05-24,1032.5999755859375,1032.5999755859375,1032.5999755859375,1032.5999755859375
2023-05-25,1029.4000244140625,1029.4000244140625,1029.4000244140625,1029.4000244140625
2023-05-26,1031.199951171875,1031.199951171875,1031.199951171875,1031.199951171875
2023-05-30,1030.0,1030.0,1030.0,1030.0
2023-05-31,1007.0999755859375,1007.0999755859375,1007.0999755859375,1007.0999755859375
2023-06-01,1018.2000122070312,1018.2000122070312,1018.2000122070312,1018.2000122070312
2023-06-02,1011.5999755859375,1011.5999755859375,1011.5999755859375,1011.5999755859375
2023-06-05,1044.5,1044.5,1044.5,1044.5
2023-06-06,1046.800048828125,1046.800048828125,1046.800048828125,1046.800048828125
2023-06-07,1032.699951171875,1032.699951171875,1032.699951171875,1032.699951171875
2023-06-08,1022.0,1022.0,1022.0,1022.0
2023-06-09,1020.9000244140625,1020.9000244140625,1020.9000244140625,1020.9000244140625
2023-06-12,1003.4000244140625,1003.4000244140625,1003.4000244140625,1003.4000244140625
2023-06-13,990.0,990.0,990.0,990.0
2023-06-14,988.0999755859375,988.0999755859375,988.0999755859375,988.0999755859375
2023-06-15,1000.0,1000.0,1000.0,1000.0
2023-06-16,995.4000244140625,995.4000244140625,995.4000244140625,995.4000244140625
2023-06-20,976.0999755859375,976.0999755859375,976.0999755859375,976.0999755859375
2023-06-21,957.0999755859375,957.0999755859375,957.0999755859375,957.0999755859375
2023-06-22,934.5999755859375,934.5999755859375,934.5999755859375,934.5999755859375
2023-06-23,931.7999877929688,931.7999877929688,931.7999877929688,931.7999877929688
2023-06-26,936.7000122070312,936.7000122070312,936.7000122070312,936.7000122070312
2023-06-27,936.5999755859375,936.5999755859375,936.5999755859375,936.5999755859375
2023-06-28,923.4000244140625,923.4000244140625,923.4000244140625,923.4000244140625
2023-06-29,910.9000244140625,919.7000122070312,887.2999877929688,897.7999877929688
2023-06-30,899.2000122070312,904.5,884.0,904.5
2023-07-03,900.0,911.0,900.0,909.2999877929688
2023-07-05,917.0999755859375,918.0999755859375,909.7999877929688,918.0999755859375
2023-07-06,899.0999755859375,904.5,899.0999755859375,904.5
2023-07-07,897.7999877929688,910.9000244140625,897.7999877929688,910.0999755859375
2023-07-10,913.0,929.2000122070312,913.0,929.2000122070312
2023-07-11,922.5,929.2999877929688,922.5,925.5999755859375
2023-07-12,948.9000244140625,948.9000244140625,948.9000244140625,948.9000244140625
2023-07-13,974.4000244140625,975.2999877929688,974.4000244140625,975.2999877929688
2023-07-14,973.5,974.0,967.0,974.0
2023-07-17,965.2000122070312,977.7999877929688,965.0,977.7999877929688
2023-07-18,985.2000122070312,985.2000122070312,985.2000122070312,985.2000122070312
2023-07-19,975.4000244140625,975.4000244140625,975.4000244140625,975.4000244140625
2023-07-20,954.7000122070312,954.7000122070312,954.7000122070312,954.7000122070312
2023-07-21,963.0999755859375,963.0999755859375,963.0999755859375,963.0999755859375
2023-07-24,960.5,960.5,960.5,960.5
2023-07-25,967.7000122070312,967.7000122070312,967.7000122070312,967.7000122070312
2023-07-26,964.0,964.0,964.0,964.0
2023-07-27,937.0,937.0,937.0,937.0
2023-07-28,922.2999877929688,937.5999755859375,922.2999877929688,937.5999755859375
2023-07-31,949.7000122070312,949.7000122070312,949.7000122070312,949.7000122070312
2023-08-01,931.4000244140625,931.4000244140625,931.4000244140625,931.4000244140625
2023-08-02,921.2999877929688,921.2999877929688,921.2999877929688,921.2999877929688
2023-08-03,912.7999877929688,912.7999877929688,912.7999877929688,912.7999877929688
2023-08-04,908.5999755859375,919.4000244140625,908.4000244140625,919.4000244140625
2023-08-07,921.5,921.5,921.5,921.5
2023-08-08,897.9000244140625,897.9000244140625,897.9000244140625,897.9000244140625
2023-08-09,886.2000122070312,886.2000122070312,886.2000122070312,886.2000122070312
2023-08-10,908.2000122070312,908.2000122070312,908.2000122070312,908.2000122070312
2023-08-11,907.9000244140625,907.9000244140625,907.9000244140625,907.9000244140625
2023-08-14,900.0999755859375,900.0999755859375,900.0999755859375,900.0999755859375
2023-08-15,885.9000244140625,885.9000244140625,885.9000244140625,885.9000244140625
2023-08-16,885.2999877929688,885.2999877929688,885.2999877929688,885.2999877929688
2023-08-17,889.5999755859375,889.5999755859375,889.5999755859375,889.5999755859375
2023-08-18,909.2000122070312,909.2000122070312,909.2000122070312,909.2000122070312
2023-08-21,908.0,908.0,908.0,908.0
2023-08-22,919.5,919.5,919.5,919.5
2023-08-23,932.7000122070312,932.7000122070312,931.7000122070312,932.7000122070312
2023-08-24,939.0999755859375,939.0999755859375,939.0999755859375,939.0999755859375
2023-08-25,944.2999877929688,944.2999877929688,944.2999877929688,944.2999877929688
2023-08-28,968.2999877929688,968.2999877929688,968.2999877929688,968.2999877929688
2023-08-29,982.2000122070312,982.2000122070312,982.2000122070312,982.2000122070312
2023-08-30,980.2000122070312,980.2000122070312,980.2000122070312,980.2000122070312
2023-08-31,971.2999877929688,971.2999877929688,971.2999877929688,971.2999877929688
2023-09-01,965.5999755859375,965.5999755859375,965.5999755859375,965.5999755859375
2023-09-05,930.4000244140625,930.4000244140625,930.4000244140625,930.4000244140625
2023-09-06,912.2000122070312,912.2000122070312,912.2000122070312,912.2000122070312
2023-09-07,906.5,906.5,906.5,906.5
2023-09-08,891.7000122070312,891.7000122070312,891.7000122070312,891.7000122070312
2023-09-11,899.2000122070312,899.2000122070312,899.2000122070312,899.2000122070312
2023-09-12,909.7000122070312,909.7000122070312,909.7000122070312,909.7000122070312
2023-09-13,902.0999755859375,902.0999755859375,902.0999755859375,902.0999755859375
2023-09-14,908.0,908.0,908.0,908.0
2023-09-15,926.4000244140625,926.4000244140625,926.4000244140625,926.4000244140625
2023-09-18,938.2999877929688,938.2999877929688,938.2999877929688,938.2999877929688
2023-09-19,948.4000244140625,948.4000244140625,948.4000244140625,948.4000244140625
2023-09-20,942.2999877929688,942.2999877929688,942.2999877929688,942.2999877929688
2023-09-21,924.5999755859375,924.5999755859375,924.5999755859375,924.5999755859375
2023-09-22,934.0999755859375,934.0999755859375,934.0999755859375,934.0999755859375
2023-09-25,917.5,917.5,917.5,917.5
2023-09-26,906.5,906.5,906.5,906.5
2023-09-27,886.7999877929688,886.7999877929688,886.7999877929688,886.7999877929688
2023-09-28,888.5999755859375,908.4000244140625,884.7000122070312,905.2999877929688
2023-09-29,904.4000244140625,920.9000244140625,902.7999877929688,906.7999877929688
2023-10-02,909.5,910.4000244140625,875.0,876.9000244140625
2023-10-03,874.7999877929688,877.2999877929688,864.0,868.2999877929688
2023-10-04,866.5999755859375,867.0,858.9000244140625,864.5
2023-10-05,867.7999877929688,867.9000244140625,852.7999877929688,852.7999877929688
2023-10-06,854.5,871.7000122070312,850.5,871.7000122070312
2023-10-09,876.4000244140625,880.7000122070312,876.4000244140625,879.2000122070312
2023-10-10,880.5,880.5,880.5,880.5
2023-10-11,881.5999755859375,881.5999755859375,881.5999755859375,881.5999755859375
2023-10-12,875.5,875.5,867.0,867.0
2023-10-13,875.5,875.5,875.5,875.5
2023-10-16,890.4000244140625,890.4000244140625,890.4000244140625,890.4000244140625
2023-10-17,896.9000244140625,896.9000244140625,896.9000244140625,896.9000244140625
2023-10-18,901.2999877929688,901.2999877929688,884.5999755859375,884.5999755859375
2023-10-19,889.2999877929688,889.2999877929688,889.2999877929688,889.2999877929688
2023-10-20,896.7000122070312,896.7000122070312,896.7000122070312,896.7000122070312
2023-10-23,896.5999755859375,896.5999755859375,896.5999755859375,896.5999755859375
2023-10-24,883.4000244140625,884.5999755859375,881.2999877929688,884.5999755859375
2023-10-25,904.7999877929688,904.7999877929688,904.7999877929688,904.7999877929688
2023-10-26,900.0999755859375,900.0999755859375,900.0999755859375,900.0999755859375
2023-10-27,904.7000122070312,905.5,897.2000122070312,897.2000122070312
2023-10-30,931.7999877929688,931.7999877929688,931.7999877929688,931.7999877929688
2023-10-31,936.5,936.5,936.5,936.5
2023-11-01,922.5999755859375,922.5999755859375,922.5999755859375,922.5999755859375
2023-11-02,922.5,922.5,922.5,922.5
2023-11-03,936.5999755859375,936.5999755859375,936.5999755859375,936.5999755859375
2023-11-06,910.2000122070312,910.2000122070312,910.2000122070312,910.2000122070312
2023-11-07,891.5,891.5,891.5,891.5
2023-11-08,865.4000244140625,865.4000244140625,865.4000244140625,865.4000244140625
2023-11-09,856.5999755859375,856.5999755859375,856.5999755859375,856.5999755859375
2023-11-10,838.5999755859375,838.5999755859375,838.5999755859375,838.5999755859375
2023-11-13,857.0,857.0,857.0,857.0
2023-11-14,886.2000122070312,886.2000122070312,886.2000122070312,886.2000122070312
2023-11-15,895.2999877929688,895.2999877929688,895.2999877929688,895.2999877929688
2023-11-16,897.0999755859375,897.0999755859375,897.0999755859375,897.0999755859375
2023-11-17,894.7000122070312,894.7000122070312,894.7000122070312,894.7000122070312
2023-11-20,921.5,921.5,921.5,921.5
2023-11-21,940.0,940.0,940.0,940.0
2023-11-22,924.5999755859375,924.5999755859375,924.5999755859375,924.5999755859375
2023-11-24,931.0999755859375,931.0999755859375,931.0999755859375,931.0999755859375
2023-11-27,917.0999755859375,917.0999755859375,917.0999755859375,917.0999755859375
2023-11-28,944.0999755859375,944.0999755859375,944.0999755859375,944.0999755859375
2023-11-29,930.2000122070312,936.4000244140625,930.2000122070312,936.4000244140625
2023-11-30,931.2000122070312,931.2000122070312,931.2000122070312,931.2000122070312
2023-12-01,932.0,932.0,932.0,932.0
2023-12-04,921.0999755859375,921.0999755859375,921.0999755859375,921.0999755859375
2023-12-05,902.5999755859375,902.5999755859375,902.5999755859375,902.5999755859375
2023-12-06,889.7000122070312,889.7000122070312,889.7000122070312,889.7000122070312
2023-12-07,908.0999755859375,908.0999755859375,908.0999755859375,908.0999755859375
2023-12-08,916.2000122070312,916.2000122070312,916.2000122070312,916.2000122070312
2023-12-11,912.0999755859375,912.0999755859375,912.0999755859375,912.0999755859375
2023-12-12,927.4000244140625,927.4000244140625,927.4000244140625,927.4000244140625
2023-12-13,918.5,918.5,918.5,918.5
2023-12-14,965.0999755859375,965.0999755859375,965.0999755859375,965.0999755859375
2023-12-15,949.7999877929688,949.7999877929688,949.7999877929688,949.7999877929688
2023-12-18,951.5,951.5,951.5,951.5
2023-12-19,963.0,963.0,963.0,963.0
2023-12-20,971.2999877929688,971.2999877929688,971.2999877929688,971.2999877929688
2023-12-21,967.5999755859375,967.5999755859375,967.5999755859375,967.5999755859375
2023-12-22,979.5,979.5,979.5,979.5
2023-12-26,980.0999755859375,980.0999755859375,980.0999755859375,980.0999755859375
2023-12-27,981.5,1000.0999755859375,981.5,1000.0999755859375
2023-12-28,1003.0999755859375,1016.0,998.5,1007.4000244140625
2023-12-29,1005.5,1006.7000122070312,993.5,995.0
2024-01-02,990.0,998.2999877929688,985.4000244140625,985.5
2024-01-03,974.7000122070312,975.7999877929688,965.2999877929688,974.4000244140625
2024-01-04,966.0,966.4000244140625,953.9000244140625,953.9000244140625
2024-01-05,949.7999877929688,965.7000122070312,944.5,959.2999877929688
2024-01-08,945.0,946.7000122070312,945.0,946.7000122070312
2024-01-09,944.4000244140625,944.4000244140625,931.0,931.0
2024-01-10,927.5,927.5,918.7999877929688,918.7999877929688
2024-01-11,907.2999877929688,909.0,907.2000122070312,909.0
2024-01-12,910.0999755859375,910.0999755859375,910.0999755859375,910.0999755859375
2024-01-16,895.0999755859375,896.7999877929688,893.0999755859375,895.0999755859375
2024-01-17,894.2000122070312,894.2000122070312,878.7999877929688,882.7999877929688
2024-01-18,903.2999877929688,903.2999877929688,903.2999877929688,903.2999877929688
2024-01-19,897.2999877929688,898.0,897.2999877929688,897.2999877929688
2024-01-22,894.4000244140625,894.4000244140625,894.4000244140625,894.4000244140625
2024-01-23,896.2000122070312,896.2000122070312,896.2000122070312,896.2000122070312
2024-01-24,902.0999755859375,906.7000122070312,902.0,905.5999755859375
2024-01-25,887.4000244140625,887.4000244140625,887.4000244140625,887.4000244140625
2024-01-26,911.2999877929688,911.2999877929688,911.2999877929688,911.2999877929688
2024-01-29,928.5999755859375,928.5999755859375,928.5999755859375,928.5999755859375
2024-01-30,915.7000122070312,926.0,915.7000122070312,923.2999877929688
2024-01-31,924.4000244140625,924.4000244140625,924.4000244140625,924.4000244140625
2024-02-01,914.0,914.0,914.0,914.0
2024-02-02,893.7999877929688,893.7999877929688,893.7999877929688,893.7999877929688
2024-02-05,895.9000244140625,895.9000244140625,895.9000244140625,895.9000244140625
2024-02-06,903.2000122070312,903.2000122070312,903.2000122070312,903.2000122070312
2024-02-07,879.4000244140625,879.4000244140625,879.4000244140625,879.4000244140625
2024-02-08,886.5999755859375,886.5999755859375,886.5999755859375,886.5999755859375
2024-02-09,871.4000244140625,871.4000244140625,871.4000244140625,871.4000244140625
2024-02-12,891.0999755859375,891.0999755859375,891.0999755859375,891.0999755859375
2024-02-13,872.7000122070312,872.7000122070312,872.7000122070312,872.7000122070312
2024-02-14,891.2000122070312,891.2000122070312,891.2000122070312,891.2000122070312
2024-02-15,899.0999755859375,899.0999755859375,899.0999755859375,899.0999755859375
2024-02-16,907.5999755859375,907.5999755859375,907.5999755859375,907.5999755859375
2024-02-20,909.7000122070312,909.7000122070312,909.7000122070312,909.7000122070312
2024-02-21,885.0,885.0,885.0,885.0
2024-02-22,901.7000122070312,901.7000122070312,901.7000122070312,901.7000122070312
2024-02-23,906.0,906.0,906.0,906.0
2024-02-26,876.7999877929688,876.7999877929688,876.7999877929688,876.7999877929688
2024-02-27,892.7999877929688,892.7999877929688,892.7999877929688,892.7999877929688
2024-02-28,881.9000244140625,881.9000244140625,877.5999755859375,880.7000122070312
2024-02-29,879.9000244140625,879.9000244140625,879.9000244140625,879.9000244140625
2024-03-01,884.2000122070312,884.2000122070312,884.2000122070312,884.2000122070312
2024-03-04,900.5,900.5,900.5,900.5
2024-03-05,883.2999877929688,883.2999877929688,883.2999877929688,883.2999877929688
2024-03-06,910.7000122070312,910.7000122070312,910.7000122070312,910.7000122070312
2024-03-07,920.0999755859375,920.0999755859375,920.0999755859375,920.0999755859375
2024-03-08,912.0,912.0,912.0,912.0
2024-03-11,937.7000122070312,937.7000122070312,937.7000122070312,937.7000122070312
2024-03-12,925.4000244140625,925.4000244140625,925.4000244140625,925.4000244140625
2024-03-13,942.2999877929688,942.2999877929688,942.2999877929688,942.2999877929688
2024-03-14,933.4000244140625,933.4000244140625,933.4000244140625,933.4000244140625
2024-03-15,941.2000122070312,941.2000122070312,941.2000122070312,941.2000122070312
2024-03-18,918.5,918.5,918.5,918.5
2024-03-19,898.9000244140625,898.9000244140625,898.9000244140625,898.9000244140625
2024-03-20,897.0999755859375,897.0999755859375,897.0999755859375,897.0999755859375
2024-03-21,910.7000122070312,910.7000122070312,910.7000122070312,910.7000122070312
2024-03-22,896.0999755859375,896.0999755859375,896.0999755859375,896.0999755859375
2024-03-25,906.7000122070312,906.7000122070312,906.7000122070312,906.7000122070312
2024-03-26,908.5999755859375,908.5999755859375,908.5999755859375,908.5999755859375
2024-03-27,903.7999877929688,907.7999877929688,888.7999877929688,895.9000244140625
2024-03-28,897.9000244140625,909.0999755859375,891.9000244140625,907.7000122070312
2024-04-01,909.0,911.2999877929688,894.5,900.9000244140625
2024-04-02,910.9000244140625,924.7000122070312,910.9000244140625,922.2000122070312
2024-04-03,927.0,938.7999877929688,927.0,934.0
2024-04-04,940.0,943.2999877929688,939.7999877929688,939.7999877929688
2024-04-05,929.0,929.5,928.5,928.5
2024-04-08,961.9000244140625,965.5,961.9000244140625,961.9000244140625
2024-04-09,969.9000244140625,982.2999877929688,969.9000244140625,972.4000244140625
2024-04-10,966.0,966.0,958.7000122070312,964.5999755859375
2024-04-11,976.0999755859375,976.0999755859375,976.0999755859375,976.0999755859375
2024-04-12,990.5,990.5,990.5,990.5
2024-04-15,969.7999877929688,969.7999877929688,969.7999877929688,969.7999877929688
2024-04-16,964.0,964.0,964.0,964.0
2024-04-17,942.7000122070312,942.7000122070312,942.7000122070312,942.7000122070312
2024-04-18,942.2999877929688,946.0999755859375,940.0,945.2999877929688
2024-04-19,944.0999755859375,944.0999755859375,934.0999755859375,934.0999755859375
2024-04-22,922.2000122070312,922.2000122070312,922.2000122070312,922.2000122070312
2024-04-23,915.0999755859375,926.0,913.7000122070312,913.7000122070312
2024-04-24,910.5,910.5,908.0999755859375,910.0
2024-04-25,905.4000244140625,913.7000122070312,905.4000244140625,913.7000122070312
2024-04-26,914.2999877929688,914.2999877929688,914.2999877929688,914.2999877929688
2024-04-29,939.7999877929688,954.0999755859375,939.7999877929688,954.0999755859375
2024-04-30,941.2000122070312,941.2000122070312,941.2000122070312,941.2000122070312
2024-05-01,950.4000244140625,950.4000244140625,949.0,949.0
2024-05-02,956.7000122070312,956.7000122070312,956.7000122070312,956.7000122070312
2024-05-03,959.5999755859375,959.5999755859375,959.5999755859375,959.5999755859375
2024-05-06,959.2999877929688,959.2999877929688,959.2999877929688,959.2999877929688
2024-05-07,960.2000122070312,981.4000244140625,960.0,981.4000244140625
2024-05-08,973.7999877929688,978.5999755859375,973.7999877929688,978.5999755859375
2024-05-09,984.7000122070312,984.7000122070312,984.7000122070312,984.7000122070312
2024-05-10,1001.0999755859375,1001.0999755859375,1001.0999755859375,1001.0999755859375
2024-05-13,1005.2999877929688,1005.2999877929688,1005.2999877929688,1005.2999877929688
2024-05-14,1039.300048828125,1039.300048828125,1039.300048828125,1039.300048828125
2024-05-15,1055.0,1063.300048828125,1055.0,1063.300048828125
2024-05-16,1065.4000244140625,1065.4000244140625,1065.4000244140625,1065.4000244140625
2024-05-17,1084.5999755859375,1084.5999755859375,1084.5999755859375,1084.5999755859375
2024-05-20,1059.699951171875,1059.699951171875,1059.699951171875,1059.699951171875
2024-05-21,1056.699951171875,1056.699951171875,1056.699951171875,1056.699951171875
2024-05-22,1044.0999755859375,1044.0999755859375,1044.0999755859375,1044.0999755859375
2024-05-23,1025.699951171875,1025.699951171875,1025.699951171875,1025.699951171875
2024-05-24,1034.800048828125,1034.800048828125,1034.800048828125,1034.800048828125
2024-05-28,1061.699951171875,1061.699951171875,1061.699951171875,1061.699951171875
2024-05-29,1042.699951171875,1042.699951171875,1042.699951171875,1042.699951171875
2024-05-30,1034.800048828125,1038.300048828125,1032.699951171875,1032.9000244140625
2024-05-31,1028.0,1037.699951171875,1028.0,1037.699951171875
2024-06-03,1018.5,1018.5,1018.5,1018.5
2024-06-04,991.5999755859375,991.5999755859375,991.5999755859375,991.5999755859375
2024-06-05,996.0,996.0,996.0,996.0
2024-06-06,1008.2999877929688,1008.2999877929688,1008.2999877929688,1008.2999877929688
2024-06-07,967.7999877929688,967.7999877929688,967.7999877929688,967.7999877929688
2024-06-10,972.5,972.5,972.5,972.5
2024-06-11,955.5999755859375,955.5999755859375,955.5999755859375,955.5999755859375
2024-06-12,968.2000122070312,968.2000122070312,968.2000122070312,968.2000122070312
2024-06-13,951.2999877929688,951.2999877929688,951.2999877929688,951.2999877929688
2024-06-14,955.2999877929688,955.2999877929688,955.2999877929688,955.2999877929688
2024-06-17,963.2000122070312,967.7999877929688,961.2000122070312,967.7999877929688
2024-06-18,974.0999755859375,974.0999755859375,974.0999755859375,974.0999755859375
2024-06-20,981.5999755859375,981.5999755859375,981.5999755859375,981.5999755859375
2024-06-21,993.7000122070312,993.7000122070312,993.7000122070312,993.7000122070312
2024-06-24,999.0999755859375,999.0999755859375,999.0999755859375,999.0999755859375
2024-06-25,983.7000122070312,983.7000122070312,983.7000122070312,983.7000122070312
2024-06-26,1020.7000122070312,1020.7000122070312,1020.7000122070312,1020.7000122070312
2024-06-27,1016.5,1016.7000122070312,986.4000244140625,991.7000122070312
2024-06-28,988.9000244140625,1012.4000244140625,987.5,1001.9000244140625
2024-07-01,983.2000122070312,990.7999877929688,978.2999877929688,978.2999877929688
2024-07-02,998.2000122070312,1003.5999755859375,998.2000122070312,998.2000122070312
2024-07-03,1002.0,1002.0,1002.0,1002.0
2024-07-05,1039.0999755859375,1039.199951171875,1032.300048828125,1035.300048828125
2024-07-08,1003.7000122070312,1003.7000122070312,1003.7000122070312,1003.7000122070312
2024-07-09,996.2999877929688,996.2999877929688,989.7000122070312,989.7000122070312
2024-07-10,997.5,997.5,997.5,997.5
2024-07-11,994.5,1012.4000244140625,994.5,1005.5
2024-07-12,1004.5,1004.5,996.0999755859375,999.0
2024-07-15,990.4000244140625,1015.2000122070312,990.4000244140625,998.5
2024-07-16,1000.0,1010.0,1000.0,1000.0
2024-07-17,996.9000244140625,996.9000244140625,996.9000244140625,996.9000244140625
2024-07-18,974.7000122070312,974.7000122070312,974.7000122070312,974.7000122070312
2024-07-19,963.0,963.0,962.5,962.5
2024-07-22,961.0,961.0,945.4000244140625,945.4000244140625
2024-07-23,945.0,945.0,945.0,945.0
2024-07-24,958.7999877929688,958.7999877929688,958.7999877929688,958.7999877929688
2024-07-25,941.2000122070312,941.2000122070312,934.9000244140625,934.9000244140625
2024-07-26,934.0999755859375,934.0999755859375,934.0999755859375,934.0999755859375
2024-07-29,949.0,949.0,949.0,949.0
2024-07-30,955.0,965.0,955.0,965.0
2024-07-31,982.2000122070312,982.2000122070312,982.2000122070312,982.2000122070312
2024-08-01,965.4000244140625,965.4000244140625,965.4000244140625,965.4000244140625
2024-08-02,967.2000122070312,967.2000122070312,962.7000122070312,962.7000122070312
2024-08-05,911.0,911.0,911.0,911.0
2024-08-06,911.2999877929688,915.4000244140625,911.2999877929688,915.4000244140625
2024-08-07,924.0999755859375,924.0999755859375,924.0999755859375,924.0999755859375
2024-08-08,934.2999877929688,934.2999877929688,934.2999877929688,934.2999877929688
2024-08-09,928.2999877929688,928.2999877929688,927.5999755859375,927.5999755859375
2024-08-12,945.0999755859375,945.0999755859375,945.0999755859375,945.0999755859375
2024-08-13,943.0999755859375,943.0999755859375,943.0999755859375,943.0999755859375
2024-08-14,927.5999755859375,927.5999755859375,927.5999755859375,927.5999755859375
2024-08-15,960.0,960.0,960.0,960.0
2024-08-16,957.2999877929688,957.2999877929688,957.2999877929688,957.2999877929688
2024-08-19,958.9000244140625,958.9000244140625,958.9000244140625,958.9000244140625
2024-08-20,951.5999755859375,951.5999755859375,951.5999755859375,951.5999755859375
2024-08-21,969.4000244140625,980.2000122070312,968.2000122070312,968.2000122070312
2024-08-22,948.5999755859375,948.5999755859375,948.5999755859375,948.5999755859375
2024-08-23,960.4000244140625,960.4000244140625,960.4000244140625,960.4000244140625
2024-08-26,968.5999755859375,968.5999755859375,968.5999755859375,968.5999755859375
2024-08-27,959.0,959.0,959.0,959.0
2024-08-28,933.7000122070312,933.7000122070312,933.7000122070312,933.7000122070312
2024-08-29,936.4000244140625,943.2000122070312,936.4000244140625,941.4000244140625
2024-08-30,927.7999877929688,927.7999877929688,927.7999877929688,927.7999877929688
2024-09-03,905.2999877929688,905.2999877929688,905.2999877929688,905.2999877929688
2024-09-04,903.7999877929688,903.7999877929688,903.7999877929688,903.7999877929688
2024-09-05,925.9000244140625,925.9000244140625,925.9000244140625,925.9000244140625
2024-09-06,914.2999877929688,914.2999877929688,914.2999877929688,914.2999877929688
2024-09-09,942.5,942.5,942.5,942.5
2024-09-10,939.9000244140625,939.9000244140625,939.9000244140625,939.9000244140625
2024-09-11,952.4000244140625,952.4000244140625,952.4000244140625,952.4000244140625
2024-09-12,971.7000122070312,981.9000244140625,971.7000122070312,981.9000244140625
2024-09-13,1006.5,1006.5,1006.5,1006.5
2024-09-16,987.9000244140625,987.9000244140625,987.9000244140625,987.9000244140625
2024-09-17,994.7999877929688,994.7999877929688,982.7999877929688,982.7999877929688
2024-09-18,974.7999877929688,974.7999877929688,974.7999877929688,974.7999877929688
2024-09-19,994.0999755859375,994.0999755859375,994.0999755859375,994.0999755859375
2024-09-20,981.5999755859375,981.5999755859375,981.5999755859375,981.5999755859375
2024-09-23,961.5,961.5,961.5,961.5
2024-09-24,987.4000244140625,987.4000244140625,987.4000244140625,987.4000244140625
2024-09-25,991.4000244140625,991.4000244140625,991.4000244140625,991.4000244140625
2024-09-26,1011.0999755859375,1011.0999755859375,1011.0999755859375,1011.0999755859375
2024-09-27,1011.7999877929688,1018.5999755859375,998.0,1008.5
2024-09-30,1007.7999877929688,1008.4000244140625,969.7000122070312,979.0
2024-10-01,977.5999755859375,993.0999755859375,977.5999755859375,988.4000244140625
2024-10-02,1004.4000244140625,1004.4000244140625,1004.4000244140625,1004.4000244140625
2024-10-03,980.0999755859375,993.2000122070312,978.0,993.2000122070312
2024-10-04,990.0,994.0,989.2000122070312,989.7999877929688
2024-10-07,981.0,981.0,971.2999877929688,977.0
2024-10-08,965.9000244140625,965.9000244140625,951.7000122070312,951.7000122070312
2024-10-09,948.0,952.2000122070312,948.0,948.7000122070312
2024-10-10,967.7000122070312,967.7000122070312,967.7000122070312,967.7000122070312
2024-10-11,985.0,985.0,985.0,985.0
2024-10-14,994.9000244140625,994.9000244140625,994.9000244140625,994.9000244140625
2024-10-15,987.7000122070312,987.7000122070312,987.7000122070312,987.7000122070312
2024-10-16,993.7999877929688,993.7999877929688,993.7999877929688,993.7999877929688
2024-10-17,997.0,997.0,997.0,997.0
2024-10-18,1006.9000244140625,1015.0999755859375,1006.9000244140625,1015.0999755859375
2024-10-21,1010.7000122070312,1010.7000122070312,1007.5999755859375,1007.5999755859375
2024-10-22,1033.0,1033.0,1033.0,1033.0
2024-10-23,1024.0999755859375,1024.0999755859375,1019.7999877929688,1019.7999877929688
2024-10-24,1024.199951171875,1024.199951171875,1024.199951171875,1024.199951171875
2024-10-25,1027.199951171875,1027.199951171875,1027.0,1027.199951171875
2024-10-28,1036.9000244140625,1040.0,1036.9000244140625,1037.300048828125
2024-10-29,1050.0,1051.0,1050.0,1051.0
2024-10-30,1053.800048828125,1053.800048828125,1013.0999755859375,1013.0999755859375
2024-10-31,991.5999755859375,991.5999755859375,991.5999755859375,991.5999755859375
2024-11-01,995.0999755859375,995.0999755859375,995.0999755859375,995.0999755859375
2024-11-04,982.4000244140625,982.4000244140625,982.4000244140625,982.4000244140625
2024-11-05,1000.4000244140625,1000.4000244140625,1000.4000244140625,1000.4000244140625
2024-11-06,986.0,986.0,986.0,986.0
2024-11-07,986.7999877929688,992.7999877929688,986.7999877929688,992.7999877929688
2024-11-08,973.5999755859375,973.5999755859375,973.5999755859375,973.5999755859375
2024-11-11,979.7999877929688,979.7999877929688,964.2999877929688,964.2999877929688
2024-11-12,942.9000244140625,942.9000244140625,942.9000244140625,942.9000244140625
2024-11-13,938.0999755859375,938.0999755859375,938.0999755859375,938.0999755859375
2024-11-14,938.7000122070312,938.7000122070312,938.7000122070312,938.7000122070312
2024-11-15,939.7999877929688,939.7999877929688,939.7999877929688,939.7999877929688
2024-11-18,969.0999755859375,969.0999755859375,969.0999755859375,969.0999755859375
2024-11-19,973.2999877929688,973.2999877929688,973.2999877929688,973.2999877929688
2024-11-20,960.7000122070312,960.7000122070312,960.7000122070312,960.7000122070312
2024-11-21,965.2000122070312,965.2000122070312,965.2000122070312,965.2000122070312
2024-11-22,969.7000122070312,969.7000122070312,969.7000122070312,969.7000122070312
2024-11-25,938.7999877929688,938.7999877929688,938.7999877929688,938.7999877929688
2024-11-26,923.2999877929688,923.2999877929688,923.2999877929688,923.2999877929688
2024-11-27,924.7999877929688,938.0,924.7999877929688,926.9000244140625
2024-11-29,949.9000244140625,949.9000244140625,949.5,949.5
2024-12-02,945.9000244140625,945.9000244140625,945.9000244140625,945.9000244140625
2024-12-03,955.7999877929688,955.7999877929688,955.7999877929688,955.7999877929688
2024-12-04,948.9000244140625,948.9000244140625,948.9000244140625,948.9000244140625
2024-12-05,937.2000122070312,937.2000122070312,937.2000122070312,937.2000122070312
2024-12-06,930.0,930.0,930.0,930.0
2024-12-09,950.2000122070312,950.2000122070312,950.2000122070312,950.2000122070312
2024-12-10,945.2999877929688,945.2999877929688,945.2999877929688,945.2999877929688
2024-12-11,947.0,947.0,947.0,947.0
2024-12-12,937.0,937.0,936.0999755859375,936.5999755859375
2024-12-13,921.2999877929688,921.2999877929688,921.2999877929688,921.2999877929688
2024-12-16,938.2999877929688,938.2999877929688,938.2999877929688,938.2999877929688
2024-12-17,941.5,941.5,941.5,941.5
2024-12-18,932.5999755859375,932.5999755859375,932.5999755859375,932.5999755859375
2024-12-19,921.5,921.5,921.5,921.5
2024-12-20,932.0,934.4000244140625,932.0,934.4000244140625
2024-12-23,946.9000244140625,946.9000244140625,946.9000244140625,946.9000244140625
2024-12-24,958.5,958.5,958.5,958.5
2024-12-26,952.2000122070312,952.2000122070312,952.2000122070312,952.2000122070312
2024-12-27,917.5,917.5,917.5,917.5
2024-12-30,920.0,925.2000122070312,896.5,902.4000244140625
2024-12-31,898.0999755859375,900.5,893.5,894.0
2025-01-02,894.2000122070312,913.5,894.2000122070312,908.9000244140625
2025-01-03,934.5999755859375,934.5999755859375,934.5999755859375,934.5999755859375
2025-01-06,930.7000122070312,936.2000122070312,929.2999877929688,929.2999877929688
2025-01-07,956.2000122070312,965.5,956.2000122070312,962.7999877929688
2025-01-08,968.4000244140625,969.7999877929688,968.0,969.7999877929688
2025-01-09,965.0999755859375,970.2999877929688,965.0999755859375,970.2999877929688
2025-01-10,983.0,983.2000122070312,982.0,982.0999755859375
2025-01-13,963.9000244140625,963.9000244140625,962.0999755859375,962.0999755859375
2025-01-14,936.2000122070312,936.2000122070312,936.2000122070312,936.2000122070312
2025-01-15,935.5,938.2999877929688,931.2999877929688,931.2999877929688
2025-01-16,934.2999877929688,934.2999877929688,934.2999877929688,934.2999877929688
2025-01-17,950.7999877929688,951.0999755859375,950.7999877929688,951.0999755859375
2025-01-21,947.5,959.9000244140625,946.5999755859375,957.2000122070312
2025-01-22,956.0,959.0999755859375,956.0,958.2000122070312
2025-01-23,957.0999755859375,957.0999755859375,957.0999755859375,957.0999755859375
2025-01-24,958.9000244140625,959.4000244140625,957.5999755859375,957.5999755859375
2025-01-27,959.4000244140625,959.4000244140625,946.4000244140625,946.9000244140625
2025-01-28,947.0,947.0,947.0,947.0
2025-01-29,971.5999755859375,971.7000122070312,965.4000244140625,965.4000244140625
2025-01-30,978.4000244140625,1018.0,977.9000244140625,1016.5
2025-01-31,1033.199951171875,1033.199951171875,1033.199951171875,1033.199951171875
2025-02-03,991.7999877929688,991.7999877929688,991.7999877929688,991.7999877929688
2025-02-04,1002.5,1002.5,1002.5,1002.5
2025-02-05,1015.5999755859375,1015.5999755859375,1015.5999755859375,1015.5999755859375
2025-02-06,1013.7000122070312,1013.7000122070312,1013.7000122070312,1013.7000122070312
2025-02-07,1011.0999755859375,1011.0999755859375,1011.0999755859375,1011.0999755859375
2025-02-10,1022.5,1022.5,1022.5,1022.5
2025-02-11,1026.9000244140625,1026.9000244140625,1026.9000244140625,1026.9000244140625
2025-02-12,1033.199951171875,1038.699951171875,1033.199951171875,1038.699951171875
2025-02-13,1033.699951171875,1033.699951171875,1033.699951171875,1033.699951171875
2025-02-14,1009.7999877929688,1009.7999877929688,1009.7999877929688,1009.7999877929688
2025-02-18,996.5999755859375,996.5999755859375,996.5999755859375,996.5999755859375
2025-02-19,976.7000122070312,976.7000122070312,976.7000122070312,976.7000122070312
2025-02-20,987.7999877929688,987.7999877929688,987.7999877929688,987.7999877929688
2025-02-21,978.2999877929688,978.2999877929688,978.2999877929688,978.2999877929688
2025-02-24,961.2000122070312,961.2000122070312,961.2000122070312,961.2000122070312
2025-02-25,960.5999755859375,960.5999755859375,960.5999755859375,960.5999755859375
2025-02-26,967.7999877929688,967.7999877929688,967.7999877929688,967.7999877929688
2025-02-27,962.7000122070312,962.7000122070312,951.9000244140625,951.9000244140625
2025-02-28,932.2999877929688,932.2999877929688,932.2999877929688,932.2999877929688
2025-03-03,966.5999755859375,966.5999755859375,966.5999755859375,966.5999755859375
2025-03-04,966.5,966.5,966.5,966.5
2025-03-05,969.4000244140625,969.4000244140625,969.4000244140625,969.4000244140625
2025-03-06,974.7999877929688,974.7999877929688,974.7999877929688,974.7999877929688
2025-03-07,976.5,976.5,961.5999755859375,961.5999755859375
2025-03-10,962.0,962.0,962.0,962.0
2025-03-11,975.4000244140625,975.4000244140625,975.4000244140625,975.4000244140625
2025-03-12,992.2000122070312,992.2000122070312,992.2000122070312,992.2000122070312
2025-03-13,1002.5,1002.5,1002.5,1002.5
2025-03-14,1010.0,1010.0,1010.0,1010.0
2025-03-17,1023.5,1023.5,1023.5,1023.5
2025-03-18,1020.5,1020.5,1020.5,1020.5
2025-03-19,1006.2999877929688,1006.2999877929688,1006.2999877929688,1006.2999877929688
2025-03-20,989.5,989.5,989.5,989.5
2025-03-21,976.2000122070312,976.2000122070312,976.2000122070312,976.2000122070312
2025-03-24,962.5999755859375,962.5999755859375,962.5999755859375,962.5999755859375
2025-03-25,973.0999755859375,973.0999755859375,973.0999755859375,973.0999755859375
2025-03-26,967.9000244140625,967.9000244140625,967.9000244140625,967.9000244140625
2025-03-27,983.2000122070312,983.2000122070312,983.2000122070312,983.2000122070312
2025-03-28,989.5,994.2999877929688,969.7000122070312,977.7000122070312
2025-03-31,984.7999877929688,1011.2000122070312,984.7999877929688,1009.7000122070312
2025-04-01,1005.5999755859375,1005.5999755859375,986.0999755859375,987.0999755859375
2025-04-02,988.7999877929688,992.4000244140625,977.9000244140625,977.9000244140625
2025-04-03,975.2999877929688,975.5999755859375,936.0,942.5
2025-04-04,936.2999877929688,936.2999877929688,899.9000244140625,902.0
2025-04-07,888.0,909.7000122070312,884.5,894.0
2025-04-08,906.7000122070312,906.7999877929688,899.5999755859375,899.5999755859375
2025-04-09,903.7000122070312,908.5999755859375,903.7000122070312,908.5999755859375
2025-04-10,926.9000244140625,927.2999877929688,922.4000244140625,922.4000244140625
2025-04-11,928.7000122070312,937.0,928.7000122070312,934.2999877929688
2025-04-14,950.7999877929688,950.7999877929688,948.5999755859375,948.5999755859375
2025-04-15,960.7000122070312,960.7000122070312,960.2000122070312,960.2000122070312
2025-04-16,957.7000122070312,969.7000122070312,957.7000122070312,969.7000122070312
2025-04-17,967.2999877929688,967.2999877929688,967.2999877929688,967.2999877929688
2025-04-21,957.7999877929688,957.7999877929688,957.7999877929688,957.7999877929688
2025-04-22,955.0,955.0,953.4000244140625,953.4000244140625
2025-04-23,970.7000122070312,970.7000122070312,970.7000122070312,970.7000122070312
2025-04-24,971.5999755859375,971.5999755859375,971.5999755859375,971.5999755859375
2025-04-25,964.7999877929688,964.7999877929688,964.7999877929688,964.7999877929688
2025-04-28,982.7000122070312,987.4000244140625,979.2999877929688,987.4000244140625
2025-04-29,987.2000122070312,989.9000244140625,976.2000122070312,978.7000122070312
2025-04-30,964.4000244140625,966.7999877929688,960.7000122070312,963.7999877929688
2025-05-01,964.7000122070312,964.7999877929688,964.7000122070312,964.7999877929688
2025-05-02,976.7000122070312,977.2000122070312,962.9000244140625,962.9000244140625
2025-05-05,957.5,957.5,957.5,957.5
2025-05-06,987.7999877929688,987.7999877929688,987.7999877929688,987.7999877929688
2025-05-07,979.7999877929688,979.7999877929688,979.7999877929688,979.7999877929688
2025-05-08,976.2999877929688,976.2999877929688,976.2999877929688,976.2999877929688
2025-05-09,998.5,998.5,998.5,998.5
2025-05-12,974.2999877929688,974.2999877929688,974.2999877929688,974.2999877929688
2025-05-13,991.0,991.0,991.0,991.0
2025-05-14,982.7000122070312,983.5,980.7999877929688,980.7999877929688
2025-05-15,996.5,996.5,996.5,996.5
2025-05-16,990.2000122070312,990.2000122070312,990.2000122070312,990.2000122070312
2025-05-19,1004.5,1004.5,1004.5,1004.5
2025-05-20,1053.800048828125,1053.800048828125,1053.800048828125,1053.800048828125
2025-05-21,1082.5999755859375,1082.5999755859375,1082.5999755859375,1082.5999755859375
2025-05-22,1078.199951171875,1078.199951171875,1078.199951171875,1078.199951171875
2025-05-23,1087.4000244140625,1087.4000244140625,1087.4000244140625,1087.4000244140625
2025-05-27,1075.5999755859375,1075.5999755859375,1075.5999755859375,1075.5999755859375
2025-05-28,1070.5999755859375,1070.5999755859375,1070.5999755859375,1070.5999755859375
2025-05-29,1079.199951171875,1080.300048828125,1074.699951171875,1074.699951171875
2025-05-30,1051.699951171875,1051.699951171875,1051.699951171875,1051.699951171875
2025-06-02,1060.300048828125,1060.300048828125,1060.300048828125,1060.300048828125
2025-06-03,1052.300048828125,1071.300048828125,1051.699951171875,1071.300048828125
2025-06-04,1076.300048828125,1089.5,1076.300048828125,1088.699951171875
2025-06-05,1085.9000244140625,1133.699951171875,1085.9000244140625,1133.699951171875
2025-06-06,1155.0,1169.9000244140625,1155.0,1166.699951171875
2025-06-09,1177.0999755859375,1213.5999755859375,1177.0999755859375,1213.5999755859375
2025-06-10,1225.0,1225.0,1209.800048828125,1209.800048828125
2025-06-11,1267.199951171875,1267.699951171875,1258.0999755859375,1258.0999755859375
2025-06-12,1272.699951171875,1272.699951171875,1272.699951171875,1272.699951171875
2025-06-13,1230.699951171875,1231.0,1210.0,1210.800048828125
2025-06-16,1251.5,1251.5,1247.9000244140625,1251.5
2025-06-17,1260.0999755859375,1260.0999755859375,1260.0999755859375,1260.0999755859375
2025-06-18,1311.5,1311.5,1311.5,1311.5
2025-06-20,1337.699951171875,1345.800048828125,1263.699951171875,1263.699951171875
2025-06-23,1283.4000244140625,1283.4000244140625,1283.4000244140625,1283.4000244140625
2025-06-24,1304.199951171875,1304.199951171875,1304.199951171875,1304.199951171875
2025-06-25,1329.5999755859375,1329.5999755859375,1329.5999755859375,1329.5999755859375
2025-06-26,1399.800048828125,1399.800048828125,1399.800048828125,1399.800048828125
2025-06-27,1413.199951171875,1425.199951171875,1320.0,1340.9000244140625
2025-06-30,1346.0,1376.199951171875,1334.0,1334.0
2025-07-01,1363.0,1365.800048828125,1343.699951171875,1345.9000244140625
2025-07-02,1367.9000244140625,1428.5999755859375,1367.9000244140625,1421.0
2025-07-03,1418.0,1418.0,1351.699951171875,1372.0
2025-07-04,1385.800048828125,1385.800048828125,1382.5,1382.5
2025-07-07,1387.0,1389.300048828125,1351.699951171875,1361.800048828125
2025-07-08,1374.9000244140625,1384.5999755859375,1354.300048828125,1376.5999755859375
2025-07-09,1362.9000244140625,1370.5999755859375,1362.9000244140625,1370.5999755859375
2025-07-10,1409.800048828125,1409.800048828125,1394.800048828125,1394.9000244140625
2025-07-11,1395.4000244140625,1457.0999755859375,1393.800048828125,1452.0
2025-07-14,1431.0,1431.0,1398.5,1399.699951171875
2025-07-15,1395.0,1395.0,1395.0,1395.0
2025-07-16,1417.0999755859375,1417.0999755859375,1417.0999755859375,1417.0999755859375
2025-07-17,1422.300048828125,1471.9000244140625,1415.300048828125,1454.4000244140625
2025-07-18,1472.0,1487.300048828125,1438.5,1438.5
2025-07-21,1491.199951171875,1491.199951171875,1477.699951171875,1477.699951171875
2025-07-22,1464.0,1465.5,1464.0,1465.5
2025-07-23,1463.4000244140625,1463.4000244140625,1437.699951171875,1437.699951171875
2025-07-24,1424.5999755859375,1424.5999755859375,1424.5999755859375,1424.5999755859375
2025-07-25,1410.0,1410.0999755859375,1398.0,1407.4000244140625
2025-07-28,1404.0999755859375,1404.0999755859375,1404.0999755859375,1404.0999755859375
2025-07-29,1404.0,1404.0,1404.0,1404.0
2025-07-30,1406.699951171875,1406.699951171875,1276.199951171875,1360.699951171875
2025-07-31,1303.800048828125,1303.800048828125,1286.4000244140625,1286.4000244140625
2025-08-01,1289.0,1315.199951171875,1284.5,1304.0
2025-08-04,1323.4000244140625,1351.199951171875,1323.4000244140625,1326.4000244140625
2025-08-05,1317.9000244140625,1317.9000244140625,1317.199951171875,1317.199951171875
2025-08-06,1326.0,1338.300048828125,1326.0,1326.0
2025-08-07,1339.9000244140625,1339.9000244140625,1339.9000244140625,1339.9000244140625
2025-08-08,1325.5999755859375,1325.5999755859375,1325.5999755859375,1325.5999755859375
2025-08-11,1329.9000244140625,1329.9000244140625,1329.9000244140625,1329.9000244140625
2025-08-12,1341.9000244140625,1341.9000244140625,1341.9000244140625,1341.9000244140625
2025-08-13,1331.5,1331.5,1331.5,1331.5
2025-08-14,1350.300048828125,1350.300048828125,1350.300048828125,1350.300048828125
2025-08-15,1334.300048828125,1334.300048828125,1334.300048828125,1334.300048828125
2025-08-18,1326.4000244140625,1326.4000244140625,1326.4000244140625,1326.4000244140625
2025-08-19,1302.300048828125,1302.300048828125,1302.300048828125,1302.300048828125
2025-08-20,1334.0,1334.0,1334.0,1334.0
2025-08-21,1351.199951171875,1351.199951171875,1351.199951171875,1351.199951171875
2025-08-22,1355.4000244140625,1355.4000244140625,1355.4000244140625,1355.4000244140625
2025-08-25,1331.5999755859375,1331.5999755859375,1331.5999755859375,1331.5999755859375
2025-08-26,1342.4000244140625,1342.4000244140625,1342.4000244140625,1342.4000244140625
2025-08-27,1341.4000244140625,1341.4000244140625,1341.4000244140625,1341.4000244140625
2025-08-28,1356.4000244140625,1356.4000244140625,1356.4000244140625,1356.4000244140625
2025-08-29,1365.699951171875,1365.699951171875,1365.699951171875,1365.699951171875
2025-09-02,1405.800048828125,1405.800048828125,1405.800048828125,1405.800048828125
2025-09-03,1448.5999755859375,1448.5999755859375,1448.5999755859375,1448.5999755859375
2025-09-04,1371.199951171875,1371.199951171875,1371.199951171875,1371.199951171875
2025-09-05,1381.699951171875,1381.699951171875,1381.699951171875,1381.699951171875
2025-09-08,1380.800048828125,1380.800048828125,1380.800048828125,1380.800048828125
2025-09-09,1367.300048828125,1367.300048828125,1367.300048828125,1367.300048828125
2025-09-10,1392.9000244140625,1392.9000244140625,1392.9000244140625,1392.9000244140625
2025-09-11,1395.4000244140625,1395.4000244140625,1395.4000244140625,1395.4000244140625
2025-09-12,1407.300048828125,1407.300048828125,1407.300048828125,1407.300048828125
2025-09-15,1412.800048828125,1412.800048828125,1412.800048828125,1412.800048828125
2025-09-16,1398.5,1398.5,1398.5,1398.5
2025-09-17,1372.699951171875,1372.699951171875,1372.699951171875,1372.699951171875
2025-09-18,1397.4000244140625,1397.4000244140625,1397.4000244140625,1397.4000244140625
2025-09-19,1414.300048828125,1414.300048828125,1414.300048828125,1414.300048828125
2025-09-22,1423.699951171875,1423.699951171875,1423.699951171875,1423.699951171875
2025-09-23,1504.199951171875,1504.199951171875,1504.199951171875,1504.199951171875
2025-09-24,1484.5,1484.5,1484.5,1484.5
2025-09-25,1515.0,1530.699951171875,1515.0,1530.699951171875
2025-09-26,1581.800048828125,1582.699951171875,1581.800048828125,1582.699951171875
2025-09-29,1592.199951171875,1629.4000244140625,1588.0,1609.300048828125
2025-09-30,1617.0999755859375,1628.4000244140625,1567.0,1584.5999755859375
2025-10-01,1593.300048828125,1598.0,1563.699951171875,1569.9000244140625
2025-10-02,1581.0,1590.0,1543.699951171875,1563.800048828125
2025-10-03,1590.4000244140625,1623.0,1590.4000244140625,1619.300048828125
2025-10-06,1624.9000244140625,1650.199951171875,1616.0,1634.9000244140625
2025-10-07,1614.5,1640.5,1614.4000244140625,1626.5999755859375
2025-10-08,1681.800048828125,1681.800048828125,1678.0,1678.0
2025-10-09,1661.800048828125,1700.699951171875,1634.0999755859375,1634.0999755859375
2025-10-10,1636.4000244140625,1642.5999755859375,1600.0,1600.699951171875
2025-10-13,1660.0,1682.9000244140625,1660.0,1669.5999755859375
2025-10-14,1666.199951171875,1674.0999755859375,1631.800048828125,1655.0999755859375
2025-10-15,1662.0999755859375,1668.699951171875,1662.0999755859375,1668.699951171875
2025-10-16,1656.699951171875,1741.199951171875,1656.699951171875,1734.9000244140625
2025-10-17,1675.0,1675.0,1602.300048828125,1602.300048828125
2025-10-20,1580.0,1634.9000244140625,1580.0,1634.9000244140625
2025-10-21,1591.699951171875,1591.699951171875,1504.0,1504.0
2025-10-22,1477.0999755859375,1536.0,1477.0999755859375,1536.0
2025-10-23,1583.800048828125,1588.5,1583.800048828125,1587.5999755859375
2025-10-24,1593.9000244140625,1593.9000244140625,1593.9000244140625,1593.9000244140625
2025-10-27,1583.0,1586.199951171875,1578.4000244140625,1578.4000244140625
2025-10-28,1577.0,1577.0,1577.0,1577.0
2025-10-29,1591.300048828125,1591.300048828125,1591.300048828125,1591.300048828125
2025-10-30,1587.0999755859375,1608.300048828125,1587.0999755859375,1608.300048828125
2025-10-31,1569.800048828125,1569.800048828125,1569.800048828125,1569.800048828125
2025-11-03,1574.0,1574.0,1574.0,1574.0
2025-11-04,1542.300048828125,1542.300048828125,1542.300048828125,1542.300048828125
2025-11-05,1553.5,1553.5,1553.5,1553.5
2025-11-06,1528.300048828125,1528.300048828125,1528.300048828125,1528.300048828125
2025-11-07,1539.300048828125,1539.300048828125,1539.300048828125,1539.300048828125
2025-11-10,1591.0999755859375,1591.0999755859375,1591.0999755859375,1591.0999755859375
2025-11-11,1589.4000244140625,1589.4000244140625,1589.4000244140625,1589.4000244140625
2025-11-12,1622.300048828125,1622.300048828125,1622.300048828125,1622.300048828125
2025-11-13,1603.9000244140625,1603.9000244140625,1603.9000244140625,1603.9000244140625
2025-11-14,1555.199951171875,1555.199951171875,1555.199951171875,1555.199951171875
2025-11-17,1545.699951171875,1545.699951171875,1545.699951171875,1545.699951171875
2025-11-18,1545.199951171875,1554.0,1545.199951171875,1545.199951171875
2025-11-19,1557.4000244140625,1590.5,1546.9000244140625,1546.9000244140625
2025-11-20,1506.199951171875,1506.199951171875,1506.199951171875,1506.199951171875
2025-11-21,1513.800048828125,1513.800048828125,1513.800048828125,1513.800048828125
2025-11-24,1542.5,1542.5,1542.5,1542.5
2025-11-25,1556.9000244140625,1556.9000244140625,1556.9000244140625,1556.9000244140625
2025-11-26,1552.4000244140625,1591.0,1552.4000244140625,1578.9000244140625
2025-11-28,1677.699951171875,1677.699951171875,1677.699951171875,1677.699951171875
2025-12-01,1670.0999755859375,1670.0999755859375,1670.0999755859375,1670.0999755859375
2025-12-02,1644.0,1644.0,1644.0,1644.0
2025-12-03,1656.5,1656.5,1656.5,1656.5
2025-12-04,1654.4000244140625,1654.4000244140625,1654.4000244140625,1654.4000244140625
2025-12-05,1655.0,1655.0,1655.0,1655.0
2025-12-08,1655.0,1655.0,1655.0,1655.0
2025-12-09,1695.0999755859375,1695.0999755859375,1695.0999755859375,1695.0999755859375
2025-12-10,1641.800048828125,1641.800048828125,1641.800048828125,1641.800048828125
2025-12-11,1707.800048828125,1707.800048828125,1707.800048828125,1707.800048828125
2025-12-12,1757.0999755859375,1757.0999755859375,1757.0999755859375,1757.0999755859375
2025-12-15,1810.5,1810.5,1810.0,1810.5
2025-12-16,1870.0999755859375,1870.0999755859375,1870.0999755859375,1870.0999755859375
2025-12-17,1932.699951171875,1932.699951171875,1932.699951171875,1932.699951171875
2025-12-18,1955.5,1955.5,1955.5,1955.5
2025-12-19,2013.199951171875,2013.199951171875,2013.199951171875,2013.199951171875
2025-12-22,2104.5,2119.89990234375,2084.0,2084.0
2025-12-23,2282.0,2282.0,2282.0,2282.0
2025-12-24,2242.39990234375,2242.39990234375,2242.39990234375,2242.39990234375
2025-12-26,2467.699951171875,2467.699951171875,2467.699951171875,2467.699951171875
2025-12-29,2104.800048828125,2104.800048828125,2104.800048828125,2104.800048828125
2025-12-30,2065.0,2242.10009765625,2055.199951171875,2232.300048828125
2025-12-31,2162.0,2162.0,1978.9000244140625,2034.5
2026-01-02,2104.0,2143.0,2090.0,2125.699951171875
2026-01-05,2242.800048828125,2284.60009765625,2242.60009765625,2269.5
2026-01-06,2332.800048828125,2434.0,2298.699951171875,2434.0
2026-01-07,2358.199951171875,2372.5,2253.39990234375,2253.39990234375
2026-01-08,2251.699951171875,2251.699951171875,2251.699951171875,2251.699951171875
2026-01-09,2260.0,2278.300048828125,2260.0,2278.300048828125
2026-01-12,2359.60009765625,2359.60009765625,2359.60009765625,2359.60009765625
2026-01-13,2320.60009765625,2376.5,2317.800048828125,2333.800048828125
2026-01-14,2367.10009765625,2400.0,2367.10009765625,2367.10009765625
2026-01-15,2390.0,2390.0,2390.0,2390.0
2026-01-16,2285.800048828125,2303.800048828125,2240.5,2303.800048828125
2026-01-20,2418.0,2431.5,2406.300048828125,2431.5
2026-01-21,2477.199951171875,2480.39990234375,2463.0,2480.39990234375
2026-01-22,2561.800048828125,2561.800048828125,2561.800048828125,2561.800048828125
2026-01-23,2645.800048828125,2722.10009765625,2640.5,2722.10009765625
2026-01-26,2852.39990234375,2852.39990234375,2852.39990234375,2852.39990234375
2026-01-27,2513.199951171875,2513.199951171875,2513.199951171875,2513.199951171875
2026-01-28,2605.699951171875,2605.699951171875,2605.699951171875,2605.699951171875
2026-01-29,2597.39990234375,2597.39990234375,2597.39990234375,2597.39990234375
2026-01-30,2470.0,2470.0,2102.800048828125,2102.800048828125
2026-02-02,2096.699951171875,2105.0,2082.89990234375,2093.5
2026-02-03,2195.60009765625,2195.60009765625,2195.60009765625,2195.60009765625
2026-02-04,2245.0,2282.39990234375,2162.699951171875,2162.699951171875
2026-02-05,2080.0,2080.0,2061.60009765625,2061.60009765625
2026-02-06,2093.300048828125,2093.300048828125,2093.300048828125,2093.300048828125
2026-02-09,2108.89990234375,2108.89990234375,2108.89990234375,2108.89990234375
2026-02-10,2091.60009765625,2091.60009765625,2091.60009765625,2091.60009765625
2026-02-11,2137.89990234375,2137.89990234375,2137.89990234375,2137.89990234375
2026-02-12,2014.0,2014.0,2014.0,2014.0
2026-02-13,2071.199951171875,2071.199951171875,2071.199951171875,2071.199951171875
2026-02-17,2012.5,2012.5,2012.5,2012.5
2026-02-18,2106.39990234375,2106.39990234375,2106.39990234375,2106.39990234375
2026-02-19,2062.300048828125,2062.300048828125,2062.300048828125,2062.300048828125
2026-02-20,2169.699951171875,2169.699951171875,2169.699951171875,2169.699951171875
2026-02-23,2146.39990234375,2146.39990234375,2146.39990234375,2146.39990234375
2026-02-24,2181.10009765625,2181.10009765625,2181.10009765625,2181.10009765625
2026-02-25,2325.60009765625,2325.60009765625,2325.60009765625,2325.60009765625
2026-02-26,2291.5,2291.5,2230.699951171875,2230.699951171875
2026-02-27,2358.300048828125,2365.60009765625,2357.39990234375,2365.60009765625
2026-03-02,2311.89990234375,2311.89990234375,2311.89990234375,2311.89990234375
2026-03-03,2074.800048828125,2074.800048828125,2074.800048828125,2074.800048828125
2026-03-04,2154.699951171875,2154.699951171875,2154.699951171875,2154.699951171875
2026-03-05,2130.0,2130.0,2130.0,2130.0
2026-03-06,2142.39990234375,2142.39990234375,2142.39990234375,2142.39990234375
2026-03-09,2169.60009765625,2169.60009765625,2169.60009765625,2169.60009765625
2026-03-10,2235.0,2235.0,2235.0,2235.0
2026-03-11,2205.0,2205.0,2205.0,2205.0
2026-03-12,2160.0,2160.0,2160.0,2160.0
2026-03-13,2036.5999755859375,2036.5999755859375,2036.5999755859375,2036.5999755859375
2026-03-16,2070.699951171875,2105.800048828125,2070.699951171875,2089.5
2026-03-17,2131.800048828125,2131.800048828125,2131.800048828125,2131.800048828125
2026-03-18,2052.0,2052.0,2052.0,2052.0
2026-03-19,1910.0,1939.199951171875,1910.0,1939.199951171875
2026-03-20,1970.5999755859375,1970.5999755859375,1970.5999755859375,1970.5999755859375
2026-03-23,1860.300048828125,1860.300048828125,1860.300048828125,1860.300048828125
2026-03-24,1892.0,1892.0,1892.0,1892.0
2026-03-25,1925.199951171875,1925.199951171875,1925.199951171875,1925.199951171875
2026-03-26,1838.300048828125,1838.300048828125,1838.300048828125,1838.300048828125
2026-03-27,1870.5999755859375,1870.5999755859375,1870.5999755859375,1870.5999755859375
2026-03-30,1843.300048828125,1915.0999755859375,1822.5,1885.5999755859375
2026-03-31,1870.0,1950.0,1870.0,1950.0
2026-04-01,1959.0999755859375,1969.300048828125,1930.5999755859375,1969.300048828125
2026-04-02,1890.300048828125,1963.800048828125,1890.300048828125,1963.800048828125
2026-04-06,1958.199951171875,1958.199951171875,1958.199951171875,1958.199951171875
2026-04-07,1940.0,1943.0999755859375,1929.0999755859375,1929.0999755859375
2026-04-08,1974.199951171875,2075.0,1964.800048828125,2050.60009765625
2026-04-09,2004.0,2106.89990234375,2004.0,2096.60009765625
2026-04-10,2036.0,2049.10009765625,2036.0,2049.10009765625
2026-04-13,2033.0,2061.800048828125,2026.0,2061.800048828125
2026-04-14,2078.300048828125,2091.5,2075.10009765625,2084.60009765625
2026-04-15,2126.300048828125,2132.199951171875,2093.10009765625,2112.89990234375
2026-04-16,2094.10009765625,2094.10009765625,2094.10009765625,2094.10009765625
2026-04-17,2124.5,2124.5,2109.5,2124.5
2026-04-20,2074.0,2074.0,2070.699951171875,2070.699951171875
2026-04-21,2024.300048828125,2024.300048828125,2024.300048828125,2024.300048828125
2026-04-22,2072.60009765625,2072.60009765625,2072.60009765625,2072.60009765625
2026-04-23,2003.0,2022.5999755859375,2003.0,2022.5999755859375
2026-04-24,2015.0,2015.0,2015.0,2015.0
2026-04-27,2008.300048828125,2011.0,1981.0999755859375,1981.0999755859375
2026-04-28,1942.300048828125,1942.300048828125,1942.300048828125,1942.300048828125
2026-04-29,1929.9000244140625,1933.0,1876.0,1885.300048828125
2026-04-30,1891.9000244140625,1979.0,1891.9000244140625,1979.0
2026-05-01,1996.5999755859375,1996.5999755859375,1996.5999755859375,1996.5999755859375
2026-05-04,1946.9000244140625,1946.9000244140625,1946.9000244140625,1946.9000244140625
2026-05-05,1960.699951171875,1960.699951171875,1960.699951171875,1960.699951171875
2026-05-06,2058.10009765625,2058.10009765625,2048.699951171875,2048.699951171875
2026-05-07,2068.199951171875,2068.199951171875,2048.10009765625,2048.10009765625
2026-05-08,2042.0,2047.199951171875,2042.0,2047.199951171875
2026-05-11,2115.5,2115.5,2115.5,2115.5
2026-05-12,2110.0,2110.0,2110.0,2110.0
2026-05-13,2133.199951171875,2197.60009765625,2133.199951171875,2187.10009765625
2026-05-14,2083.5,2083.5,2083.5,2083.5
2026-05-15,1981.300048828125,1981.300048828125,1981.300048828125,1981.300048828125
2026-05-18,1968.0999755859375,1968.0999755859375,1968.0999755859375,1968.0999755859375
2026-05-19,1933.800048828125,1933.800048828125,1933.800048828125,1933.800048828125
2026-05-20,1949.800048828125,1949.800048828125,1949.800048828125,1949.800048828125
2026-05-21,1955.0999755859375,1955.0999755859375,1955.0999755859375,1955.0999755859375
2026-05-22,1931.5999755859375,1931.5999755859375,1931.5999755859375,1931.5999755859375
2026-05-26,1942.199951171875,1942.199951171875,1942.199951171875,1942.199951171875
2026-05-27,1914.199951171875,1918.699951171875,1911.0999755859375,1918.699951171875
2026-05-28,1899.4000244140625,1948.699951171875,1885.199951171875,1921.5999755859375
2026-05-29,1922.199951171875,1922.199951171875,1922.199951171875,1922.199951171875
2026-06-01,1922.4000244140625,1922.4000244140625,1922.4000244140625,1922.4000244140625
2026-06-02,1937.4000244140625,1937.4000244140625,1937.4000244140625,1937.4000244140625
2026-06-03,1868.699951171875,1868.699951171875,1868.699951171875,1868.699951171875
2026-06-04,1894.0,1894.0,1894.0,1894.0
2026-06-05,1792.0,1792.0,1792.0,1792.0
2026-06-08,1749.4000244140625,1749.4000244140625,1749.4000244140625,1749.4000244140625
2026-06-09,1708.5999755859375,1708.5999755859375,1708.5999755859375,1708.5999755859375
2026-06-10,1688.0,1688.0,1688.0,1688.0
2026-06-11,1682.0999755859375,1682.0999755859375,1662.5999755859375,1662.5999755859375
2026-06-12,1709.199951171875,1709.199951171875,1709.199951171875,1709.199951171875
2026-06-15,1770.0,1770.0,1770.0,1770.0
2026-06-16,1812.0999755859375,1812.0999755859375,1812.0999755859375,1812.0999755859375
2026-06-17,1790.699951171875,1790.699951171875,1790.699951171875,1790.699951171875
2026-06-18,1705.199951171875,1705.199951171875,1705.199951171875,1705.199951171875
2026-06-22,1670.300048828125,1670.300048828125,1670.300048828125,1670.300048828125
2026-06-23,1660.9000244140625,1660.9000244140625,1660.9000244140625,1660.9000244140625
2026-06-24,1580.5999755859375,1580.5999755859375,1580.5999755859375,1580.5999755859375
2026-06-25,1601.699951171875,1601.699951171875,1601.699951171875,1601.699951171875
2026-06-26,1630.9000244140625,1630.9000244140625,1630.9000244140625,1630.9000244140625
2026-06-29,1612.0999755859375,1621.5,1566.0,1574.5
2026-06-30,1574.0999755859375,1588.199951171875,1550.0,1550.199951171875
2026-07-01,1531.300048828125,1588.9000244140625,1530.699951171875,1588.9000244140625
2026-07-02,1625.0999755859375,1625.0999755859375,1616.5999755859375,1616.5999755859375
2026-07-06,1664.300048828125,1666.4000244140625,1626.800048828125,1631.699951171875
2026-07-07,1651.199951171875,1651.199951171875,1651.199951171875,1651.199951171875
2026-07-08,1627.0,1627.0,1576.4000244140625,1576.4000244140625
2026-07-09,1620.0,1620.0,1618.800048828125,1618.800048828125
2026-07-10,1618.0999755859375,1618.0999755859375,1618.0999755859375,1618.0999755859375
2026-07-13,1602.199951171875,1602.199951171875,1602.199951171875,1602.199951171875
2026-07-14,1635.0,1639.699951171875,1631.5,1631.5
2026-07-15,1631.5,1631.5,1631.5,1631.5
2026-07-16,1645.5,1654.300048828125,1635.5,1635.699951171875
2026-07-17,1610.199951171875,1610.199951171875,1593.800048828125,1605.800048828125
2026-07-20,1592.199951171875,1592.199951171875,1592.199951171875,1592.199951171875
2026-07-21,1626.0999755859375,1626.0999755859375,1626.0999755859375,1626.0999755859375
2026-07-22,1643.199951171875,1643.199951171875,1643.199951171875,1643.199951171875
2026-07-23,1599.0999755859375,1599.0999755859375,1599.0999755859375,1599.0999755859375
2026-07-24,1593.4000244140625,1593.4000244140625,1593.4000244140625,1593.4000244140625
2026-07-27,1620.5999755859375,1620.5999755859375,1620.5999755859375,1620.5999755859375
2026-07-28,1630.0,1630.0,1612.199951171875,1612.199951171875
2026-07-29,1590.0999755859375,1590.0999755859375,1590.0999755859375,1590.0999755859375
2026-07-30,1612.0999755859375,1651.9000244140625,1612.0999755859375,1651.9000244140625
2026-07-31,1650.300048828125,1650.300048828125,1650.300048828125,1650.300048828125
2026-08-03,1618.0,1618.0,1618.0,1618.0
2026-08-04,1747.300048828125,1747.300048828125,1747.300048828125,1747.300048828125
2026-08-05,1737.4000244140625,1737.4000244140625,1737.4000244140625,1737.4000244140625
2026-08-06,1729.0,1729.0,1729.0,1729.0
2026-08-07,1750.0999755859375,1750.0999755859375,1750.0999755859375,1750.0999755859375
2026-08-10,1744.5,1744.5,1744.5,1744.5
2026-08-11,1745.800048828125,1745.800048828125,1745.800048828125,1745.800048828125
2026-08-12,1761.0999755859375,1761.0999755859375,1761.0999755859375,1761.0999755859375
2026-08-13,1725.199951171875,1725.199951171875,1725.199951171875,1725.199951171875
2026-08-14,1750.0,1750.0,1750.0,1750.0
2026-08-17,1781.5,1781.5,1781.5,1781.5
2026-08-18,1726.4000244140625,1726.4000244140625,1726.4000244140625,1726.4000244140625
2026-08-19,1802.5999755859375,1802.5999755859375,1802.5999755859375,1802.5999755859375
2026-08-20,1831.0,1831.0,1831.0,1831.0
2026-08-21,1887.300048828125,1887.300048828125,1887.300048828125,1887.300048828125
2026-08-24,1880.0999755859375,1880.0999755859375,1880.0999755859375,1880.0999755859375
2026-08-25,1852.5999755859375,1852.5999755859375,1852.5999755859375,1852.5999755859375
2026-08-26,1835.699951171875,1835.699951171875,1835.699951171875,1835.699951171875
2026-08-27,1845.300048828125,1845.300048828125,1845.300048828125,1845.300048828125
2026-08-28,1853.0,1887.9000244140625,1847.5999755859375,1847.5999755859375
2026-08-31,1840.199951171875,1850.0,1780.5,1800.5
