date,open,high,low,close
2016-08-31,20.59000015258789,20.600000381469727,19.969999313354492,20.059999465942383
2016-09-01,20.030000686645508,20.200000762939453,19.530000686645508,19.59000015258789
2016-09-02,19.600000381469727,20.440000534057617,19.600000381469727,20.18000030517578
2016-09-06,20.299999237060547,20.350000381469727,19.75,20.219999313354492
2016-09-07,20.219999313354492,20.530000686645508,19.989999771118164,20.290000915527344
2016-09-08,20.239999771118164,20.270000457763672,19.959999084472656,20.219999313354492
2016-09-09,20.190000534057617,20.399999618530273,19.940000534057617,19.989999771118164
2016-09-12,19.959999084472656,20.290000915527344,19.809999465942383,20.239999771118164
2016-09-13,20.229999542236328,20.579999923706055,20.200000762939453,20.43000030517578
2016-09-14,20.440000534057617,20.450000762939453,20.049999237060547,20.1299991607666
2016-09-15,20.190000534057617,20.6299991607666,20.079999923706055,20.479999542236328
2016-09-16,20.540000915527344,22.200000762939453,20.450000762939453,21.780000686645508
2016-09-19,21.639999389648438,22.290000915527344,21.639999389648438,22.100000381469727
2016-09-20,22.06999969482422,22.290000915527344,21.809999465942383,22.1299991607666
2016-09-21,22.25,22.280000686645508,21.920000076293945,22.200000762939453
2016-09-22,22.299999237060547,23.450000762939453,22.030000686645508,22.170000076293945
2016-09-23,22.139999389648438,22.3700008392334,21.760000228881836,22.1299991607666
2016-09-26,22.100000381469727,22.600000381469727,22.0,22.540000915527344
2016-09-27,22.639999389648438,23.1200008392334,22.3700008392334,23.020000457763672
2016-09-28,23.200000762939453,23.360000610351562,22.950000762939453,23.270000457763672
2016-09-29,23.290000915527344,23.600000381469727,22.68000030517578,22.760000228881836
2016-09-30,22.799999237060547,23.110000610351562,22.489999771118164,22.530000686645508
2016-10-03,22.799999237060547,23.1299991607666,22.520000457763672,22.670000076293945
2016-10-04,22.6200008392334,23.469999313354492,22.559999465942383,23.260000228881836
2016-10-05,23.350000381469727,23.860000610351562,23.25,23.809999465942383
2016-10-06,23.899999618530273,23.899999618530273,22.829999923706055,23.110000610351562
2016-10-07,23.020000457763672,23.690000534057617,22.920000076293945,23.420000076293945
2016-10-11,23.0,23.399999618530273,22.65999984741211,23.290000915527344
2016-10-12,23.420000076293945,23.59000015258789,22.8700008392334,23.149999618530273
2016-10-13,23.149999618530273,23.299999237060547,22.8799991607666,22.920000076293945
2016-10-14,22.950000762939453,23.329999923706055,22.729999542236328,22.90999984741211
2016-10-17,23.1200008392334,23.290000915527344,22.709999084472656,23.15999984741211
2016-10-18,23.139999389648438,23.18000030517578,22.829999923706055,23.020000457763672
2016-10-19,22.899999618530273,23.100000381469727,22.799999237060547,22.950000762939453
2016-10-20,22.90999984741211,22.979999542236328,22.350000381469727,22.6200008392334
2016-10-21,22.670000076293945,22.75,22.440000534057617,22.709999084472656
2016-10-24,22.75,23.31999969482422,22.719999313354492,23.200000762939453
2016-10-25,23.139999389648438,23.200000762939453,22.760000228881836,22.93000030517578
2016-10-26,22.899999618530273,22.950000762939453,22.6200008392334,22.670000076293945
2016-10-27,22.600000381469727,22.700000762939453,22.440000534057617,22.59000015258789
2016-10-28,22.6299991607666,22.649999618530273,22.1200008392334,22.15999984741211
2016-10-31,22.200000762939453,22.200000762939453,21.549999237060547,21.56999969482422
2016-11-01,21.520000457763672,21.56999969482422,21.110000610351562,21.190000534057617
2016-11-02,21.190000534057617,21.850000381469727,21.079999923706055,21.700000762939453
2016-11-03,21.799999237060547,21.850000381469727,21.34000015258789,21.479999542236328
2016-11-04,21.479999542236328,21.809999465942383,21.280000686645508,21.729999542236328
2016-11-07,21.829999923706055,22.59000015258789,21.729999542236328,22.270000457763672
2016-11-08,22.270000457763672,22.31999969482422,21.90999984741211,21.969999313354492
2016-11-09,21.5,22.200000762939453,21.34000015258789,22.110000610351562
2016-11-10,22.25,22.5,21.56999969482422,21.649999618530273
2016-11-14,21.850000381469727,21.899999618530273,21.579999923706055,21.6299991607666
2016-11-15,21.790000915527344,21.829999923706055,20.770000457763672,21.149999618530273
2016-11-16,21.149999618530273,21.170000076293945,20.309999465942383,20.360000610351562
2016-11-17,20.309999465942383,20.530000686645508,20.18000030517578,20.219999313354492
2016-11-18,20.200000762939453,20.5,20.049999237060547,20.149999618530273
2016-11-21,20.280000686645508,20.469999313354492,20.209999084472656,20.350000381469727
2016-11-22,20.3799991607666,20.450000762939453,19.649999618530273,19.75
2016-11-23,19.75,19.889999389648438,19.56999969482422,19.579999923706055
2016-11-25,19.719999313354492,20.049999237060547,19.579999923706055,19.84000015258789
2016-11-28,19.979999542236328,20.149999618530273,19.809999465942383,19.940000534057617
2016-11-29,20.149999618530273,20.31999969482422,19.579999923706055,19.65999984741211
2016-11-30,19.65999984741211,19.850000381469727,19.5,19.809999465942383
2016-12-01,19.8799991607666,19.989999771118164,19.329999923706055,19.360000610351562
2016-12-02,19.309999465942383,19.3799991607666,18.8799991607666,19.1200008392334
2016-12-05,19.190000534057617,19.200000762939453,18.889999389648438,18.940000534057617
2016-12-06,19.0,19.860000610351562,18.799999237060547,19.510000228881836
2016-12-07,19.530000686645508,19.760000228881836,19.219999313354492,19.6299991607666
2016-12-08,19.6299991607666,19.81999969482422,19.329999923706055,19.450000762939453
2016-12-09,19.510000228881836,19.579999923706055,19.06999969482422,19.239999771118164
2016-12-12,19.34000015258789,19.84000015258789,19.170000076293945,19.25
2016-12-13,19.25,19.270000457763672,18.510000228881836,18.600000381469727
2016-12-14,18.5,18.600000381469727,17.959999084472656,18.030000686645508
2016-12-15,17.90999984741211,18.690000534057617,17.84000015258789,18.559999465942383
2016-12-16,18.65999984741211,18.719999313354492,17.959999084472656,18.219999313354492
2016-12-19,18.209999084472656,18.549999237060547,18.1299991607666,18.229999542236328
2016-12-20,18.3700008392334,18.3700008392334,18.100000381469727,18.25
2016-12-21,18.280000686645508,18.450000762939453,18.1200008392334,18.200000762939453
2016-12-22,18.239999771118164,18.309999465942383,18.1299991607666,18.15999984741211
2016-12-23,18.190000534057617,18.309999465942383,18.139999389648438,18.149999618530273
2016-12-27,18.149999618530273,18.940000534057617,18.149999618530273,18.540000915527344
2016-12-28,18.649999618530273,19.1299991607666,18.56999969482422,18.989999771118164
2016-12-29,19.040000915527344,19.719999313354492,19.010000228881836,19.489999771118164
2016-12-30,19.579999923706055,19.690000534057617,19.399999618530273,19.510000228881836
2017-01-03,19.6299991607666,20.549999237060547,19.579999923706055,20.510000228881836
2017-01-04,20.549999237060547,20.940000534057617,20.40999984741211,20.889999389648438
2017-01-05,20.889999389648438,21.18000030517578,20.65999984741211,20.780000686645508
2017-01-06,20.65999984741211,20.84000015258789,20.299999237060547,20.75
2017-01-09,20.739999771118164,20.75,20.360000610351562,20.420000076293945
2017-01-10,20.5,20.559999465942383,20.149999618530273,20.479999542236328
2017-01-11,20.549999237060547,20.889999389648438,20.479999542236328,20.559999465942383
2017-01-12,20.600000381469727,20.8799991607666,20.579999923706055,20.760000228881836
2017-01-13,20.850000381469727,20.93000030517578,20.479999542236328,20.520000457763672
2017-01-17,20.56999969482422,20.829999923706055,20.520000457763672,20.729999542236328
2017-01-18,20.75,21.0,20.549999237060547,20.979999542236328
2017-01-19,21.0,21.3799991607666,20.049999237060547,20.18000030517578
2017-01-20,20.100000381469727,20.540000915527344,20.049999237060547,20.18000030517578
2017-01-23,20.350000381469727,20.719999313354492,20.239999771118164,20.639999389648438
2017-01-24,20.639999389648438,20.989999771118164,20.540000915527344,20.579999923706055
2017-01-25,20.530000686645508,20.739999771118164,20.260000228881836,20.34000015258789
2017-01-26,20.399999618530273,20.649999618530273,20.260000228881836,20.360000610351562
2017-01-27,20.3799991607666,20.530000686645508,20.299999237060547,20.329999923706055
2017-01-30,20.40999984741211,20.469999313354492,20.1299991607666,20.309999465942383
2017-01-31,20.3700008392334,20.530000686645508,20.25,20.450000762939453
2017-02-01,20.5,20.8799991607666,20.450000762939453,20.84000015258789
2017-02-02,20.8700008392334,21.200000762939453,20.350000381469727,20.549999237060547
2017-02-03,20.440000534057617,21.399999618530273,20.3799991607666,21.110000610351562
2017-02-06,21.280000686645508,21.489999771118164,21.040000915527344,21.18000030517578
2017-02-07,21.200000762939453,21.31999969482422,20.670000076293945,20.719999313354492
2017-02-08,20.739999771118164,20.940000534057617,20.610000610351562,20.760000228881836
2017-02-09,20.739999771118164,21.030000686645508,20.6200008392334,20.649999618530273
2017-02-10,20.65999984741211,20.739999771118164,20.309999465942383,20.420000076293945
2017-02-13,20.5,20.610000610351562,19.90999984741211,20.0
2017-02-14,20.040000915527344,20.520000457763672,20.040000915527344,20.469999313354492
2017-02-15,20.5,20.84000015258789,20.420000076293945,20.479999542236328
2017-02-16,20.549999237060547,20.549999237060547,20.049999237060547,20.360000610351562
2017-02-17,20.389999389648438,20.420000076293945,20.15999984741211,20.299999237060547
2017-02-21,20.420000076293945,20.8799991607666,20.350000381469727,20.799999237060547
2017-02-22,20.850000381469727,21.0,20.639999389648438,20.709999084472656
2017-02-23,20.719999313354492,20.739999771118164,20.1200008392334,20.15999984741211
2017-02-24,20.149999618530273,20.239999771118164,19.760000228881836,19.799999237060547
2017-02-27,19.760000228881836,19.81999969482422,19.049999237060547,19.09000015258789
2017-02-28,19.110000610351562,19.469999313354492,19.049999237060547,19.309999465942383
2017-03-01,19.309999465942383,19.530000686645508,19.100000381469727,19.479999542236328
2017-03-02,19.520000457763672,19.690000534057617,19.350000381469727,19.65999984741211
2017-03-03,19.510000228881836,19.770000457763672,19.420000076293945,19.520000457763672
2017-03-06,19.6299991607666,19.84000015258789,19.1200008392334,19.149999618530273
2017-03-07,19.149999618530273,19.149999618530273,18.360000610351562,18.399999618530273
2017-03-08,18.40999984741211,18.559999465942383,18.139999389648438,18.399999618530273
2017-03-09,18.5,18.729999542236328,17.979999542236328,18.0
2017-03-10,18.09000015258789,18.34000015258789,17.959999084472656,18.219999313354492
2017-03-13,18.31999969482422,18.389999389648438,18.049999237060547,18.18000030517578
2017-03-14,18.290000915527344,18.329999923706055,18.100000381469727,18.15999984741211
2017-03-15,18.200000762939453,18.290000915527344,18.1299991607666,18.229999542236328
2017-03-16,18.329999923706055,18.530000686645508,18.18000030517578,18.25
2017-03-17,18.299999237060547,18.3799991607666,17.5,18.170000076293945
2017-03-20,18.270000457763672,18.360000610351562,17.649999618530273,17.700000762939453
2017-03-21,17.700000762939453,17.700000762939453,17.049999237060547,17.290000915527344
2017-03-22,17.270000457763672,17.440000534057617,17.020000457763672,17.299999237060547
2017-03-23,17.309999465942383,17.649999618530273,17.149999618530273,17.600000381469727
2017-03-24,17.670000076293945,17.969999313354492,17.540000915527344,17.709999084472656
2017-03-27,17.649999618530273,17.899999618530273,17.450000762939453,17.700000762939453
2017-03-28,17.719999313354492,18.170000076293945,17.479999542236328,17.559999465942383
2017-03-29,17.579999923706055,17.59000015258789,17.0,17.1200008392334
2017-03-30,17.0,17.059999465942383,16.579999923706055,16.809999465942383
2017-03-31,16.809999465942383,16.989999771118164,16.690000534057617,16.760000228881836
2017-04-03,16.93000030517578,17.18000030517578,16.469999313354492,16.540000915527344
2017-04-04,16.489999771118164,16.56999969482422,16.1200008392334,16.15999984741211
2017-04-05,16.6299991607666,16.950000762939453,16.049999237060547,16.100000381469727
2017-04-06,16.100000381469727,16.540000915527344,16.079999923706055,16.450000762939453
2017-04-07,16.579999923706055,16.84000015258789,16.479999542236328,16.770000457763672
2017-04-10,16.799999237060547,16.940000534057617,16.559999465942383,16.6299991607666
2017-04-11,16.600000381469727,16.850000381469727,16.209999084472656,16.719999313354492
2017-04-12,16.809999465942383,16.93000030517578,16.56999969482422,16.700000762939453
2017-04-13,16.75,17.15999984741211,16.559999465942383,16.600000381469727
2017-04-17,16.700000762939453,16.93000030517578,16.420000076293945,16.469999313354492
2017-04-18,16.520000457763672,16.889999389648438,16.170000076293945,16.700000762939453
2017-04-19,16.850000381469727,16.899999618530273,16.360000610351562,16.420000076293945
2017-04-20,16.43000030517578,16.700000762939453,16.309999465942383,16.329999923706055
2017-04-21,16.3799991607666,16.600000381469727,16.260000228881836,16.40999984741211
2017-04-24,16.489999771118164,16.579999923706055,16.079999923706055,16.239999771118164
2017-04-25,16.239999771118164,16.399999618530273,16.1299991607666,16.18000030517578
2017-04-26,16.209999084472656,16.260000228881836,15.319999694824219,15.380000114440918
2017-04-27,15.449999809265137,15.6899995803833,15.119999885559082,15.180000305175781
2017-04-28,15.1899995803833,15.8100004196167,15.1899995803833,16.040000915527344
2017-05-01,16.200000762939453,16.40999984741211,15.930000305175781,16.18000030517578
2017-05-02,16.190000534057617,16.489999771118164,15.800000190734863,15.880000114440918
2017-05-03,15.819999694824219,15.90999984741211,15.59000015258789,15.770000457763672
2017-05-04,15.770000457763672,15.789999961853027,15.279999732971191,15.369999885559082
2017-05-05,15.369999885559082,15.680000305175781,15.239999771118164,15.3100004196167
2017-05-08,15.40999984741211,15.529999732971191,15.279999732971191,15.380000114440918
2017-05-09,15.470000267028809,15.729999542236328,15.359999656677246,15.4399995803833
2017-05-10,15.479999542236328,15.890000343322754,15.449999809265137,15.84000015258789
2017-05-11,15.899999618530273,15.930000305175781,15.59000015258789,15.630000114440918
2017-05-12,15.630000114440918,15.84000015258789,15.460000038146973,15.510000228881836
2017-05-15,15.529999732971191,16.0,15.5,15.609999656677246
2017-05-16,15.75,16.0,15.729999542236328,15.880000114440918
2017-05-17,16.010000228881836,16.34000015258789,15.869999885559082,16.299999237060547
2017-05-18,16.0,16.190000534057617,15.579999923706055,16.030000686645508
2017-05-19,16.0,16.440000534057617,15.90999984741211,16.3799991607666
2017-05-22,16.280000686645508,16.59000015258789,16.229999542236328,16.510000228881836
2017-05-23,16.3799991607666,16.420000076293945,15.779999732971191,15.869999885559082
2017-05-24,15.899999618530273,15.949999809265137,15.369999885559082,15.670000076293945
2017-05-25,15.699999809265137,15.739999771118164,15.4399995803833,15.65999984741211
2017-05-26,15.600000381469727,15.600000381469727,15.010000228881836,15.050000190734863
2017-05-30,15.199999809265137,15.199999809265137,14.729999542236328,15.020000457763672
2017-05-31,15.029999732971191,15.15999984741211,14.75,14.869999885559082
2017-06-01,15.0,15.010000228881836,14.199999809265137,14.229999542236328
2017-06-02,14.260000228881836,14.350000381469727,13.630000114440918,13.739999771118164
2017-06-05,13.819999694824219,14.270000457763672,13.800000190734863,13.890000343322754
2017-06-06,13.979999542236328,14.229999542236328,13.680000305175781,13.979999542236328
2017-06-07,14.0,14.319999694824219,13.75,14.140000343322754
2017-06-08,14.180000305175781,14.449999809265137,14.069999694824219,14.34000015258789
2017-06-09,14.390000343322754,14.430000305175781,14.180000305175781,14.270000457763672
2017-06-12,14.3100004196167,14.539999961853027,13.979999542236328,14.020000457763672
2017-06-13,14.020000457763672,14.050000190734863,13.729999542236328,13.789999961853027
2017-06-14,13.739999771118164,13.8100004196167,13.359999656677246,13.619999885559082
2017-06-15,13.550000190734863,13.670000076293945,13.430000305175781,13.470000267028809
2017-06-16,13.5,13.65999984741211,13.289999961853027,13.4399995803833
2017-06-19,13.449999809265137,13.5600004196167,13.34000015258789,13.460000038146973
2017-06-20,13.470000267028809,13.699999809265137,13.350000381469727,13.609999656677246
2017-06-21,13.609999656677246,13.65999984741211,13.029999732971191,13.0600004196167
2017-06-22,13.119999885559082,13.119999885559082,12.8100004196167,12.84000015258789
2017-06-23,12.84000015258789,13.029999732971191,12.760000228881836,12.970000267028809
2017-06-26,13.0,13.029999732971191,12.579999923706055,12.609999656677246
2017-06-27,12.609999656677246,12.720000267028809,12.529999732971191,12.649999618530273
2017-06-28,12.720000267028809,12.829999923706055,12.529999732971191,12.550000190734863
2017-06-29,12.579999923706055,13.399999618530273,12.539999961853027,13.300000190734863
2017-06-30,13.479999542236328,13.829999923706055,13.4399995803833,13.680000305175781
2017-07-03,13.670000076293945,13.979999542236328,13.279999732971191,13.920000076293945
2017-07-05,13.949999809265137,13.970000267028809,13.479999542236328,13.720000267028809
2017-07-06,13.649999618530273,13.9399995803833,13.529999732971191,13.920000076293945
2017-07-07,13.930000305175781,14.300000190734863,13.619999885559082,14.149999618530273
2017-07-10,14.100000381469727,14.390000343322754,13.510000228881836,13.5600004196167
2017-07-11,13.600000381469727,13.710000038146973,13.210000038146973,13.4399995803833
2017-07-12,13.4399995803833,13.680000305175781,13.270000457763672,13.489999771118164
2017-07-13,13.5,14.180000305175781,13.5,14.140000343322754
2017-07-14,14.119999885559082,14.3100004196167,13.819999694824219,14.300000190734863
2017-07-17,14.270000457763672,14.380000114440918,13.90999984741211,14.09000015258789
2017-07-18,14.130000114440918,14.279999732971191,13.90999984741211,14.100000381469727
2017-07-19,14.109999656677246,14.600000381469727,14.079999923706055,14.5
2017-07-20,14.600000381469727,14.630000114440918,14.329999923706055,14.40999984741211
2017-07-21,14.5,14.6899995803833,14.279999732971191,14.399999618530273
2017-07-24,14.380000114440918,14.479999542236328,14.180000305175781,14.399999618530273
2017-07-25,14.420000076293945,14.479999542236328,13.880000114440918,13.899999618530273
2017-07-26,13.819999694824219,14.34000015258789,13.729999542236328,14.229999542236328
2017-07-27,14.239999771118164,14.640000343322754,14.229999542236328,14.430000305175781
2017-07-28,14.479999542236328,14.550000190734863,14.119999885559082,14.369999885559082
2017-07-31,14.5,14.989999771118164,14.40999984741211,14.90999984741211
2017-08-01,14.90999984741211,15.15999984741211,14.779999732971191,14.880000114440918
2017-08-02,14.800000190734863,14.960000038146973,14.609999656677246,14.789999961853027
2017-08-03,14.779999732971191,14.819999694824219,13.920000076293945,14.3100004196167
2017-08-04,14.430000305175781,14.449999809265137,14.069999694824219,14.140000343322754
2017-08-07,14.1899995803833,14.270000457763672,13.789999961853027,13.869999885559082
2017-08-08,13.970000267028809,14.100000381469727,13.75,13.779999732971191
2017-08-09,13.800000190734863,13.899999618530273,13.59000015258789,13.640000343322754
2017-08-10,13.619999885559082,13.720000267028809,13.199999809265137,13.239999771118164
2017-08-11,13.300000190734863,13.390000343322754,13.109999656677246,13.199999809265137
2017-08-14,13.300000190734863,13.579999923706055,13.109999656677246,13.5
2017-08-15,13.489999771118164,13.529999732971191,13.109999656677246,13.130000114440918
2017-08-16,13.199999809265137,13.420000076293945,12.920000076293945,12.9399995803833
2017-08-17,12.970000267028809,13.369999885559082,12.920000076293945,13.289999961853027
2017-08-18,13.399999618530273,13.550000190734863,13.1899995803833,13.40999984741211
2017-08-21,13.420000076293945,13.649999618530273,13.420000076293945,13.520000457763672
2017-08-22,13.510000228881836,13.550000190734863,13.260000228881836,13.510000228881836
2017-08-23,13.539999961853027,13.779999732971191,13.380000114440918,13.670000076293945
2017-08-24,13.800000190734863,14.0600004196167,13.699999809265137,14.020000457763672
2017-08-25,14.100000381469727,14.109999656677246,13.899999618530273,14.029999732971191
2017-08-28,14.029999732971191,14.350000381469727,13.84000015258789,14.3100004196167
2017-08-29,14.260000228881836,14.329999923706055,13.720000267028809,13.819999694824219
2017-08-30,13.819999694824219,13.979999542236328,13.630000114440918,13.90999984741211
2017-08-31,13.760000228881836,14.4399995803833,13.760000228881836,14.399999618530273
2017-09-01,14.25,14.380000114440918,13.710000038146973,13.75
2017-09-05,13.859999656677246,14.130000114440918,13.670000076293945,14.029999732971191
2017-09-06,14.010000228881836,14.319999694824219,13.890000343322754,14.289999961853027
2017-09-07,14.25,14.300000190734863,13.970000267028809,14.029999732971191
2017-09-08,14.079999923706055,14.270000457763672,13.989999771118164,14.09000015258789
2017-09-11,14.09000015258789,14.359999656677246,13.800000190734863,14.289999961853027
2017-09-12,14.279999732971191,14.390000343322754,13.970000267028809,14.020000457763672
2017-09-13,14.020000457763672,14.350000381469727,13.989999771118164,14.329999923706055
2017-09-14,14.3100004196167,14.350000381469727,14.069999694824219,14.270000457763672
2017-09-15,14.199999809265137,14.579999923706055,14.109999656677246,14.550000190734863
2017-09-18,14.529999732971191,14.550000190734863,14.069999694824219,14.3100004196167
2017-09-19,14.270000457763672,14.350000381469727,13.720000267028809,13.760000228881836
2017-09-20,13.75,14.15999984741211,13.75,14.069999694824219
2017-09-21,14.100000381469727,14.109999656677246,13.899999618530273,14.050000190734863
2017-09-22,14.09000015258789,14.25,13.920000076293945,13.979999542236328
2017-09-25,13.979999542236328,14.109999656677246,13.630000114440918,13.739999771118164
2017-09-26,13.800000190734863,13.880000114440918,13.109999656677246,13.210000038146973
2017-09-27,13.399999618530273,13.479999542236328,13.010000228881836,13.079999923706055
2017-09-28,13.100000381469727,13.25,13.050000190734863,13.229999542236328
2017-09-29,13.270000457763672,13.5600004196167,13.149999618530273,13.539999961853027
2017-10-02,14.100000381469727,14.449999809265137,13.850000381469727,14.3100004196167
2017-10-03,14.329999923706055,14.380000114440918,14.010000228881836,14.039999961853027
2017-10-04,14.079999923706055,14.350000381469727,14.039999961853027,14.25
2017-10-05,14.289999961853027,14.569999694824219,14.15999984741211,14.390000343322754
2017-10-06,14.380000114440918,14.420000076293945,13.829999923706055,13.979999542236328
2017-10-09,14.09000015258789,14.180000305175781,13.84000015258789,14.0
2017-10-10,14.050000190734863,14.270000457763672,13.90999984741211,14.170000076293945
2017-10-11,14.140000343322754,14.369999885559082,14.130000114440918,14.300000190734863
2017-10-12,14.239999771118164,14.34000015258789,13.960000038146973,14.279999732971191
2017-10-13,14.329999923706055,14.430000305175781,14.09000015258789,14.40999984741211
2017-10-16,14.420000076293945,14.420000076293945,14.109999656677246,14.180000305175781
2017-10-17,14.109999656677246,14.329999923706055,13.989999771118164,14.029999732971191
2017-10-18,14.079999923706055,14.220000267028809,14.020000457763672,14.079999923706055
2017-10-19,14.050000190734863,14.350000381469727,14.050000190734863,14.130000114440918
2017-10-20,14.130000114440918,14.229999542236328,13.899999618530273,14.0
2017-10-23,14.020000457763672,14.119999885559082,13.84000015258789,13.880000114440918
2017-10-24,13.930000305175781,14.289999961853027,13.869999885559082,14.279999732971191
2017-10-25,14.300000190734863,14.369999885559082,14.140000343322754,14.180000305175781
2017-10-26,14.270000457763672,14.3100004196167,14.0,14.109999656677246
2017-10-27,14.039999961853027,14.699999809265137,14.029999732971191,14.630000114440918
2017-10-30,14.699999809265137,14.819999694824219,14.579999923706055,14.729999542236328
2017-10-31,14.649999618530273,14.789999961853027,14.59000015258789,14.739999771118164
2017-11-01,14.720000267028809,14.84000015258789,14.569999694824219,14.609999656677246
2017-11-02,14.649999618530273,14.649999618530273,14.149999618530273,14.229999542236328
2017-11-03,14.270000457763672,14.680000305175781,14.199999809265137,14.380000114440918
2017-11-06,14.380000114440918,14.579999923706055,14.229999542236328,14.5600004196167
2017-11-07,14.5600004196167,14.760000228881836,14.430000305175781,14.720000267028809
2017-11-08,14.699999809265137,14.859999656677246,14.619999885559082,14.84000015258789
2017-11-09,14.829999923706055,14.9399995803833,14.739999771118164,14.880000114440918
2017-11-10,14.880000114440918,14.989999771118164,14.8100004196167,14.960000038146973
2017-11-13,14.989999771118164,15.180000305175781,14.859999656677246,15.130000114440918
2017-11-14,15.170000076293945,15.180000305175781,14.949999809265137,15.100000381469727
2017-11-15,15.050000190734863,15.119999885559082,14.899999618530273,15.09000015258789
2017-11-16,15.09000015258789,15.279999732971191,14.9399995803833,15.260000228881836
2017-11-17,15.260000228881836,15.460000038146973,15.199999809265137,15.369999885559082
2017-11-20,15.300000190734863,15.300000190734863,14.920000076293945,14.979999542236328
2017-11-21,14.979999542236328,15.069999694824219,14.729999542236328,14.880000114440918
2017-11-22,14.920000076293945,15.3100004196167,14.899999618530273,15.279999732971191
2017-11-24,15.279999732971191,15.489999771118164,15.220000267028809,15.449999809265137
2017-11-27,15.449999809265137,15.489999771118164,15.289999961853027,15.390000343322754
2017-11-28,15.350000381469727,15.380000114440918,15.010000228881836,15.039999961853027
2017-11-29,15.140000343322754,15.239999771118164,14.920000076293945,15.069999694824219
2017-11-30,15.069999694824219,15.300000190734863,15.039999961853027,15.079999923706055
2017-12-01,15.0600004196167,15.210000038146973,14.949999809265137,14.979999542236328
2017-12-04,15.020000457763672,15.149999618530273,14.84000015258789,15.0600004196167
2017-12-05,15.039999961853027,15.149999618530273,14.869999885559082,14.899999618530273
2017-12-06,14.890000343322754,14.890000343322754,14.4399995803833,14.449999809265137
2017-12-07,14.520000457763672,14.59000015258789,14.1899995803833,14.3100004196167
2017-12-08,14.350000381469727,14.390000343322754,13.970000267028809,14.050000190734863
2017-12-11,14.050000190734863,14.140000343322754,13.899999618530273,13.949999809265137
2017-12-12,13.989999771118164,14.039999961853027,13.699999809265137,13.770000457763672
2017-12-13,13.930000305175781,14.020000457763672,13.75,13.850000381469727
2017-12-14,13.789999961853027,13.9399995803833,13.720000267028809,13.770000457763672
2017-12-15,13.8100004196167,13.9399995803833,13.640000343322754,13.65999984741211
2017-12-18,13.760000228881836,13.960000038146973,13.710000038146973,13.760000228881836
2017-12-19,13.800000190734863,14.430000305175781,13.779999732971191,14.40999984741211
2017-12-20,14.399999618530273,14.600000381469727,14.329999923706055,14.569999694824219
2017-12-21,14.59000015258789,14.819999694824219,14.40999984741211,14.770000457763672
2017-12-22,14.770000457763672,14.800000190734863,14.470000267028809,14.600000381469727
2017-12-26,14.600000381469727,14.75,14.569999694824219,14.699999809265137
2017-12-27,14.640000343322754,14.9399995803833,14.550000190734863,14.930000305175781
2017-12-28,14.859999656677246,15.050000190734863,14.859999656677246,15.0
2017-12-29,14.899999618530273,15.180000305175781,14.890000343322754,15.15999984741211
2018-01-02,15.079999923706055,15.34000015258789,15.039999961853027,15.329999923706055
2018-01-03,15.350000381469727,15.369999885559082,15.180000305175781,15.3100004196167
2018-01-04,15.270000457763672,15.34000015258789,14.850000381469727,15.25
2018-01-05,15.180000305175781,15.239999771118164,14.979999542236328,15.079999923706055
2018-01-08,14.989999771118164,15.050000190734863,14.539999961853027,14.779999732971191
2018-01-09,14.739999771118164,14.770000457763672,14.420000076293945,14.729999542236328
2018-01-10,14.699999809265137,14.850000381469727,14.529999732971191,14.649999618530273
2018-01-11,14.539999961853027,14.579999923706055,14.109999656677246,14.180000305175781
2018-01-12,14.25,14.289999961853027,13.960000038146973,14.180000305175781
2018-01-16,14.100000381469727,14.109999656677246,13.569999694824219,13.59000015258789
2018-01-17,13.640000343322754,13.739999771118164,13.350000381469727,13.420000076293945
2018-01-18,13.460000038146973,13.59000015258789,13.020000457763672,13.079999923706055
2018-01-19,13.149999618530273,13.449999809265137,13.020000457763672,13.25
2018-01-22,13.3100004196167,13.470000267028809,13.15999984741211,13.170000076293945
2018-01-23,13.100000381469727,13.279999732971191,13.100000381469727,13.1899995803833
2018-01-24,13.1899995803833,13.25,13.039999961853027,13.15999984741211
2018-01-25,13.229999542236328,13.380000114440918,13.09000015258789,13.239999771118164
2018-01-26,13.289999961853027,13.449999809265137,13.210000038146973,13.359999656677246
2018-01-29,13.449999809265137,13.699999809265137,13.399999618530273,13.670000076293945
2018-01-30,13.6899995803833,13.75,13.479999542236328,13.720000267028809
2018-01-31,13.720000267028809,13.720000267028809,13.170000076293945,13.229999542236328
2018-02-01,13.229999542236328,13.4399995803833,13.229999542236328,13.369999885559082
2018-02-02,13.399999618530273,13.65999984741211,13.359999656677246,13.630000114440918
2018-02-05,13.65999984741211,13.920000076293945,13.279999732971191,13.899999618530273
2018-02-06,13.899999618530273,14.039999961853027,13.699999809265137,13.84000015258789
2018-02-07,13.84000015258789,14.039999961853027,13.619999885559082,14.0
2018-02-08,14.0,14.029999732971191,13.550000190734863,13.579999923706055
2018-02-09,13.619999885559082,13.880000114440918,13.5600004196167,13.670000076293945
2018-02-12,13.729999542236328,13.84000015258789,13.600000381469727,13.729999542236328
2018-02-13,13.649999618530273,13.699999809265137,13.350000381469727,13.479999542236328
2018-02-14,13.479999542236328,13.600000381469727,13.350000381469727,13.399999618530273
2018-02-15,13.479999542236328,13.760000228881836,13.4399995803833,13.619999885559082
2018-02-16,13.649999618530273,13.699999809265137,13.300000190734863,13.380000114440918
2018-02-20,13.5,13.539999961853027,13.329999923706055,13.359999656677246
2018-02-21,13.34000015258789,13.470000267028809,13.300000190734863,13.380000114440918
2018-02-22,13.399999618530273,13.739999771118164,13.399999618530273,13.710000038146973
2018-02-23,13.710000038146973,13.770000457763672,13.59000015258789,13.680000305175781
2018-02-26,13.619999885559082,13.770000457763672,13.5600004196167,13.65999984741211
2018-02-27,13.619999885559082,13.6899995803833,12.960000038146973,13.010000228881836
2018-02-28,13.0,13.619999885559082,12.979999542236328,13.479999542236328
2018-03-01,13.449999809265137,13.720000267028809,13.279999732971191,13.710000038146973
2018-03-02,13.680000305175781,13.800000190734863,13.319999694824219,13.420000076293945
2018-03-05,13.399999618530273,13.640000343322754,13.350000381469727,13.5600004196167
2018-03-06,13.510000228881836,13.649999618530273,13.399999618530273,13.449999809265137
2018-03-07,13.359999656677246,13.359999656677246,12.760000228881836,12.789999961853027
2018-03-08,12.899999618530273,13.109999656677246,12.8100004196167,12.890000343322754
2018-03-09,12.920000076293945,12.970000267028809,12.75,12.84000015258789
2018-03-12,12.859999656677246,12.960000038146973,12.779999732971191,12.930000305175781
2018-03-13,12.930000305175781,12.949999809265137,12.529999732971191,12.619999885559082
2018-03-14,12.640000343322754,12.829999923706055,12.579999923706055,12.760000228881836
2018-03-15,12.84000015258789,12.869999885559082,12.5600004196167,12.739999771118164
2018-03-16,12.729999542236328,12.739999771118164,12.600000381469727,12.649999618530273
2018-03-19,12.649999618530273,12.899999618530273,12.300000190734863,12.890000343322754
2018-03-20,12.890000343322754,12.90999984741211,12.539999961853027,12.5600004196167
2018-03-21,12.569999694824219,12.84000015258789,12.5600004196167,12.670000076293945
2018-03-22,12.640000343322754,12.8100004196167,12.600000381469727,12.770000457763672
2018-03-23,12.760000228881836,12.859999656677246,12.5,12.569999694824219
2018-03-26,12.5600004196167,12.770000457763672,12.40999984741211,12.420000076293945
2018-03-27,12.420000076293945,12.579999923706055,12.350000381469727,12.539999961853027
2018-03-28,12.479999542236328,12.479999542236328,12.180000305175781,12.210000038146973
2018-03-29,12.25,12.380000114440918,12.1899995803833,12.350000381469727
2018-04-02,12.329999923706055,12.550000190734863,12.270000457763672,12.520000457763672
2018-04-03,12.399999618530273,12.510000228881836,12.229999542236328,12.470000267028809
2018-04-04,12.449999809265137,12.449999809265137,12.220000267028809,12.270000457763672
2018-04-05,12.25,12.380000114440918,12.229999542236328,12.350000381469727
2018-04-06,12.359999656677246,12.420000076293945,12.279999732971191,12.34000015258789
2018-04-09,12.34000015258789,12.40999984741211,12.289999961853027,12.359999656677246
2018-04-10,12.34000015258789,12.350000381469727,11.960000038146973,12.130000114440918
2018-04-11,12.130000114440918,12.270000457763672,11.930000305175781,12.0600004196167
2018-04-12,12.039999961853027,12.149999618530273,11.970000267028809,12.050000190734863
2018-04-13,12.050000190734863,12.300000190734863,12.020000457763672,12.079999923706055
2018-04-16,12.119999885559082,12.260000228881836,11.960000038146973,11.979999542236328
2018-04-17,11.949999809265137,11.970000267028809,11.649999618530273,11.649999618530273
2018-04-18,11.710000038146973,11.760000228881836,11.600000381469727,11.739999771118164
2018-04-19,11.680000305175781,11.8100004196167,11.630000114440918,11.75
2018-04-20,11.739999771118164,11.779999732971191,11.569999694824219,11.640000343322754
2018-04-23,11.670000076293945,11.680000305175781,11.180000305175781,11.210000038146973
2018-04-24,11.199999809265137,11.289999961853027,10.960000038146973,11.140000343322754
2018-04-25,11.140000343322754,11.149999618530273,10.6899995803833,10.859999656677246
2018-04-26,10.819999694824219,11.050000190734863,10.779999732971191,10.970000267028809
2018-04-27,10.989999771118164,11.380000114440918,10.819999694824219,11.220000267028809
2018-04-30,11.289999961853027,11.399999618530273,11.25,11.520000457763672
2018-05-01,11.800000190734863,11.800000190734863,11.520000457763672,11.6899995803833
2018-05-02,11.5,11.890000343322754,11.289999961853027,11.75
2018-05-03,11.699999809265137,11.779999732971191,11.600000381469727,11.6899995803833
2018-05-04,11.739999771118164,11.75,11.479999542236328,11.510000228881836
2018-05-07,11.5600004196167,11.569999694824219,11.300000190734863,11.319999694824219
2018-05-08,11.359999656677246,11.59000015258789,11.319999694824219,11.5600004196167
2018-05-09,11.539999961853027,11.539999961853027,11.239999771118164,11.289999961853027
2018-05-10,11.289999961853027,11.3100004196167,11.140000343322754,11.270000457763672
2018-05-11,11.270000457763672,11.270000457763672,11.119999885559082,11.220000267028809
2018-05-14,11.220000267028809,11.279999732971191,11.15999984741211,11.260000228881836
2018-05-15,11.239999771118164,11.539999961853027,11.220000267028809,11.520000457763672
2018-05-16,11.5,11.619999885559082,11.380000114440918,11.609999656677246
2018-05-17,11.59000015258789,11.75,11.510000228881836,11.5600004196167
2018-05-18,11.569999694824219,11.710000038146973,11.460000038146973,11.65999984741211
2018-05-21,11.699999809265137,12.239999771118164,11.670000076293945,12.100000381469727
2018-05-22,12.100000381469727,12.289999961853027,12.039999961853027,12.149999618530273
2018-05-23,12.170000076293945,12.4399995803833,12.119999885559082,12.350000381469727
2018-05-24,12.350000381469727,12.619999885559082,12.229999542236328,12.380000114440918
2018-05-25,12.220000267028809,12.479999542236328,12.15999984741211,12.460000038146973
2018-05-29,12.5,12.569999694824219,12.390000343322754,12.460000038146973
2018-05-30,12.289999961853027,12.619999885559082,12.239999771118164,12.600000381469727
2018-05-31,12.579999923706055,12.850000381469727,12.569999694824219,12.789999961853027
2018-06-01,12.789999961853027,12.970000267028809,12.430000305175781,12.520000457763672
2018-06-04,12.5,12.539999961853027,11.859999656677246,11.899999618530273
2018-06-05,11.930000305175781,12.199999809265137,11.880000114440918,12.020000457763672
2018-06-06,12.020000457763672,12.270000457763672,11.960000038146973,12.199999809265137
2018-06-07,12.239999771118164,12.350000381469727,11.699999809265137,11.729999542236328
2018-06-08,11.800000190734863,12.270000457763672,11.600000381469727,12.25
2018-06-11,12.319999694824219,12.5600004196167,12.140000343322754,12.350000381469727
2018-06-12,12.380000114440918,12.550000190734863,12.220000267028809,12.350000381469727
2018-06-13,12.350000381469727,12.539999961853027,12.239999771118164,12.510000228881836
2018-06-14,12.489999771118164,12.520000457763672,12.199999809265137,12.229999542236328
2018-06-15,12.199999809265137,12.270000457763672,11.930000305175781,12.020000457763672
2018-06-18,12.050000190734863,12.1899995803833,11.949999809265137,11.989999771118164
2018-06-19,12.0,12.0,11.699999809265137,11.84000015258789
2018-06-20,11.880000114440918,12.119999885559082,11.850000381469727,11.890000343322754
2018-06-21,11.850000381469727,12.020000457763672,11.850000381469727,11.869999885559082
2018-06-22,11.869999885559082,12.149999618530273,11.869999885559082,12.050000190734863
2018-06-25,12.09000015258789,12.15999984741211,11.960000038146973,12.0
2018-06-26,12.010000228881836,12.329999923706055,11.979999542236328,12.119999885559082
2018-06-27,12.100000381469727,12.180000305175781,11.710000038146973,11.720000267028809
2018-06-28,11.729999542236328,12.020000457763672,11.729999542236328,11.880000114440918
2018-06-29,11.880000114440918,11.880000114440918,11.760000228881836,11.859999656677246
2018-07-02,12.210000038146973,12.239999771118164,11.510000228881836,11.5600004196167
2018-07-03,11.649999618530273,11.6899995803833,11.239999771118164,11.390000343322754
2018-07-05,11.449999809265137,11.739999771118164,11.289999961853027,11.479999542236328
2018-07-06,11.470000267028809,11.550000190734863,11.34000015258789,11.510000228881836
2018-07-09,11.529999732971191,11.609999656677246,11.369999885559082,11.399999618530273
2018-07-10,11.40999984741211,11.520000457763672,11.300000190734863,11.40999984741211
2018-07-11,11.390000343322754,11.430000305175781,11.25,11.289999961853027
2018-07-12,11.279999732971191,11.279999732971191,10.949999809265137,11.079999923706055
2018-07-13,11.100000381469727,11.140000343322754,10.90999984741211,10.960000038146973
2018-07-16,10.930000305175781,11.390000343322754,10.859999656677246,11.140000343322754
2018-07-17,11.149999618530273,11.210000038146973,11.010000228881836,11.130000114440918
2018-07-18,11.09000015258789,11.1899995803833,11.039999961853027,11.079999923706055
2018-07-19,11.079999923706055,11.109999656677246,10.930000305175781,10.970000267028809
2018-07-20,10.9399995803833,11.260000228881836,10.9399995803833,11.119999885559082
2018-07-23,11.180000305175781,11.300000190734863,11.010000228881836,11.079999923706055
2018-07-24,11.079999923706055,11.260000228881836,11.079999923706055,11.1899995803833
2018-07-25,11.229999542236328,11.350000381469727,11.09000015258789,11.1899995803833
2018-07-26,11.199999809265137,11.260000228881836,10.829999923706055,11.029999732971191
2018-07-27,11.020000457763672,11.119999885559082,10.850000381469727,10.880000114440918
2018-07-30,10.949999809265137,11.0,10.800000190734863,10.819999694824219
2018-07-31,10.829999923706055,10.850000381469727,10.449999809265137,10.550000190734863
2018-08-01,10.5600004196167,10.6899995803833,10.390000343322754,10.479999542236328
2018-08-02,10.569999694824219,10.800000190734863,10.369999885559082,10.59000015258789
2018-08-03,10.579999923706055,11.050000190734863,10.5600004196167,10.850000381469727
2018-08-06,10.930000305175781,11.130000114440918,10.890000343322754,10.979999542236328
2018-08-07,10.960000038146973,11.09000015258789,10.84000015258789,10.880000114440918
2018-08-08,10.899999618530273,10.899999618530273,10.729999542236328,10.8100004196167
2018-08-09,10.819999694824219,11.010000228881836,10.779999732971191,10.84000015258789
2018-08-10,10.789999961853027,10.829999923706055,10.430000305175781,10.539999961853027
2018-08-13,10.550000190734863,10.550000190734863,10.210000038146973,10.300000190734863
2018-08-14,10.279999732971191,10.489999771118164,10.260000228881836,10.34000015258789
2018-08-15,10.350000381469727,10.460000038146973,10.220000267028809,10.229999542236328
2018-08-16,10.25,10.430000305175781,10.25,10.300000190734863
2018-08-17,10.300000190734863,10.359999656677246,10.109999656677246,10.180000305175781
2018-08-20,10.220000267028809,10.260000228881836,9.979999542236328,10.09000015258789
2018-08-21,10.050000190734863,10.220000267028809,9.989999771118164,10.170000076293945
2018-08-22,10.100000381469727,10.229999542236328,9.90999984741211,10.180000305175781
2018-08-23,10.140000343322754,10.210000038146973,10.029999732971191,10.119999885559082
2018-08-24,10.079999923706055,10.479999542236328,10.079999923706055,10.229999542236328
2018-08-27,10.3100004196167,10.5600004196167,10.3100004196167,10.510000228881836
2018-08-28,10.470000267028809,10.520000457763672,10.220000267028809,10.3100004196167
2018-08-29,10.300000190734863,10.460000038146973,10.239999771118164,10.369999885559082
2018-08-30,10.3100004196167,10.6899995803833,10.3100004196167,10.569999694824219
2018-08-31,10.569999694824219,10.729999542236328,10.449999809265137,10.600000381469727
2018-09-04,10.640000343322754,10.720000267028809,10.510000228881836,10.640000343322754
2018-09-05,10.640000343322754,10.970000267028809,10.489999771118164,10.890000343322754
2018-09-06,10.75,10.920000076293945,10.720000267028809,10.800000190734863
2018-09-07,10.800000190734863,11.029999732971191,10.770000457763672,11.010000228881836
2018-09-10,11.050000190734863,11.270000457763672,11.039999961853027,11.199999809265137
2018-09-11,11.210000038146973,11.270000457763672,11.079999923706055,11.180000305175781
2018-09-12,11.15999984741211,11.710000038146973,11.130000114440918,11.670000076293945
2018-09-13,11.640000343322754,11.800000190734863,11.539999961853027,11.680000305175781
2018-09-14,11.640000343322754,11.680000305175781,11.0,11.15999984741211
2018-09-17,11.09000015258789,11.119999885559082,10.600000381469727,10.630000114440918
2018-09-18,10.699999809265137,10.829999923706055,10.430000305175781,10.520000457763672
2018-09-19,10.539999961853027,10.890000343322754,10.529999732971191,10.760000228881836
2018-09-20,10.800000190734863,11.100000381469727,10.739999771118164,10.800000190734863
2018-09-21,10.90999984741211,10.979999542236328,10.720000267028809,10.84000015258789
2018-09-24,10.850000381469727,10.859999656677246,10.270000457763672,10.380000114440918
2018-09-25,10.449999809265137,10.550000190734863,10.300000190734863,10.359999656677246
2018-09-26,10.359999656677246,10.430000305175781,9.880000114440918,9.899999618530273
2018-09-27,9.880000114440918,10.130000114440918,9.829999923706055,10.050000190734863
2018-09-28,10.0,10.479999542236328,10.0,10.420000076293945
2018-10-01,11.170000076293945,11.789999961853027,11.029999732971191,11.609999656677246
2018-10-02,11.609999656677246,12.260000228881836,11.569999694824219,12.069999694824219
2018-10-03,12.09000015258789,12.380000114440918,11.90999984741211,12.229999542236328
2018-10-04,12.229999542236328,12.359999656677246,12.050000190734863,12.329999923706055
2018-10-05,12.329999923706055,12.699999809265137,12.319999694824219,12.630000114440918
2018-10-08,12.710000038146973,12.979999542236328,12.699999809265137,12.9399995803833
2018-10-09,12.9399995803833,12.989999771118164,12.729999542236328,12.970000267028809
2018-10-10,12.920000076293945,13.140000343322754,12.619999885559082,12.850000381469727
2018-10-11,12.819999694824219,13.079999923706055,12.630000114440918,12.920000076293945
2018-10-12,12.949999809265137,13.279999732971191,12.949999809265137,13.069999694824219
2018-10-15,13.100000381469727,13.550000190734863,13.039999961853027,13.430000305175781
2018-10-16,13.430000305175781,13.449999809265137,13.1899995803833,13.25
2018-10-17,13.25,13.760000228881836,13.229999542236328,13.729999542236328
2018-10-18,13.729999542236328,13.949999809265137,13.529999732971191,13.869999885559082
2018-10-19,13.819999694824219,13.899999618530273,13.65999984741211,13.890000343322754
2018-10-22,13.850000381469727,13.949999809265137,13.75,13.819999694824219
2018-10-23,13.819999694824219,13.90999984741211,13.680000305175781,13.8100004196167
2018-10-24,13.729999542236328,14.239999771118164,13.710000038146973,14.010000228881836
2018-10-25,14.020000457763672,14.220000267028809,13.850000381469727,13.970000267028809
2018-10-26,13.899999618530273,13.970000267028809,13.720000267028809,13.84000015258789
2018-10-29,13.84000015258789,14.050000190734863,13.449999809265137,13.5
2018-10-30,13.5,13.5,13.170000076293945,13.319999694824219
2018-10-31,13.300000190734863,13.369999885559082,13.140000343322754,13.1899995803833
2018-11-01,13.119999885559082,13.539999961853027,13.079999923706055,13.1899995803833
2018-11-02,13.229999542236328,13.5,13.180000305175781,13.4399995803833
2018-11-05,13.4399995803833,13.4399995803833,13.130000114440918,13.149999618530273
2018-11-06,13.119999885559082,13.229999542236328,12.890000343322754,12.960000038146973
2018-11-07,13.010000228881836,13.170000076293945,12.949999809265137,13.010000228881836
2018-11-08,13.010000228881836,13.109999656677246,12.779999732971191,12.84000015258789
2018-11-09,12.800000190734863,12.84000015258789,12.649999618530273,12.729999542236328
2018-11-12,12.8100004196167,13.15999984741211,12.760000228881836,12.9399995803833
2018-11-13,12.90999984741211,12.90999984741211,12.569999694824219,12.609999656677246
2018-11-14,12.5600004196167,12.789999961853027,12.529999732971191,12.649999618530273
2018-11-15,12.739999771118164,12.880000114440918,12.579999923706055,12.649999618530273
2018-11-16,12.649999618530273,12.779999732971191,12.609999656677246,12.6899995803833
2018-11-19,12.6899995803833,12.979999542236328,12.630000114440918,12.800000190734863
2018-11-20,12.890000343322754,12.90999984741211,12.359999656677246,12.460000038146973
2018-11-21,12.569999694824219,12.779999732971191,12.40999984741211,12.680000305175781
2018-11-23,12.579999923706055,12.640000343322754,12.329999923706055,12.470000267028809
2018-11-26,12.510000228881836,12.640000343322754,12.390000343322754,12.479999542236328
2018-11-27,12.489999771118164,12.5,12.319999694824219,12.34000015258789
2018-11-28,12.380000114440918,12.869999885559082,12.359999656677246,12.84000015258789
2018-11-29,12.819999694824219,13.210000038146973,12.720000267028809,12.869999885559082
2018-11-30,12.869999885559082,13.029999732971191,12.619999885559082,12.84000015258789
2018-12-03,12.949999809265137,13.069999694824219,12.800000190734863,12.90999984741211
2018-12-04,12.90999984741211,13.0,12.680000305175781,12.75
2018-12-06,12.710000038146973,12.800000190734863,12.489999771118164,12.640000343322754
2018-12-07,12.65999984741211,13.069999694824219,12.569999694824219,12.869999885559082
2018-12-10,12.829999923706055,12.84000015258789,12.619999885559082,12.720000267028809
2018-12-11,12.720000267028809,12.880000114440918,12.65999984741211,12.829999923706055
2018-12-12,12.850000381469727,12.899999618530273,12.670000076293945,12.739999771118164
2018-12-13,12.720000267028809,12.800000190734863,12.430000305175781,12.75
2018-12-14,12.75,12.779999732971191,12.579999923706055,12.649999618530273
2018-12-17,12.649999618530273,12.789999961853027,12.470000267028809,12.489999771118164
2018-12-18,12.489999771118164,12.5,12.260000228881836,12.300000190734863
2018-12-19,12.300000190734863,12.880000114440918,12.270000457763672,12.470000267028809
2018-12-20,12.470000267028809,12.489999771118164,12.329999923706055,12.430000305175781
2018-12-21,12.430000305175781,12.470000267028809,12.229999542236328,12.34000015258789
2018-12-24,12.34000015258789,12.5,12.319999694824219,12.399999618530273
2018-12-26,12.399999618530273,12.510000228881836,12.329999923706055,12.390000343322754
2018-12-27,12.390000343322754,12.4399995803833,12.229999542236328,12.25
2018-12-28,12.270000457763672,12.449999809265137,12.180000305175781,12.390000343322754
2018-12-31,12.390000343322754,12.40999984741211,12.029999732971191,12.029999732971191
2019-01-02,12.100000381469727,12.109999656677246,11.829999923706055,11.930000305175781
2019-01-03,11.880000114440918,11.920000076293945,11.6899995803833,11.6899995803833
2019-01-04,11.75,11.970000267028809,11.729999542236328,11.930000305175781
2019-01-07,11.949999809265137,12.670000076293945,11.9399995803833,12.649999618530273
2019-01-08,12.65999984741211,12.850000381469727,12.59000015258789,12.760000228881836
2019-01-09,12.779999732971191,12.9399995803833,12.630000114440918,12.869999885559082
2019-01-10,12.850000381469727,12.880000114440918,12.619999885559082,12.670000076293945
2019-01-11,12.699999809265137,12.90999984741211,12.680000305175781,12.779999732971191
2019-01-14,12.75,12.84000015258789,12.630000114440918,12.75
2019-01-15,12.760000228881836,13.1899995803833,12.720000267028809,13.15999984741211
2019-01-16,13.15999984741211,13.270000457763672,13.0600004196167,13.170000076293945
2019-01-17,13.119999885559082,13.149999618530273,12.829999923706055,12.850000381469727
2019-01-18,12.850000381469727,13.079999923706055,12.850000381469727,13.029999732971191
2019-01-22,13.079999923706055,13.079999923706055,12.819999694824219,12.930000305175781
2019-01-23,12.90999984741211,13.0,12.859999656677246,12.970000267028809
2019-01-24,12.970000267028809,13.069999694824219,12.949999809265137,12.979999542236328
2019-01-25,12.989999771118164,13.010000228881836,12.369999885559082,12.4399995803833
2019-01-28,12.470000267028809,12.930000305175781,12.460000038146973,12.789999961853027
2019-01-29,12.789999961853027,12.850000381469727,12.579999923706055,12.6899995803833
2019-01-30,12.729999542236328,12.779999732971191,12.470000267028809,12.529999732971191
2019-01-31,12.550000190734863,12.850000381469727,12.539999961853027,12.729999542236328
2019-02-01,12.699999809265137,12.770000457763672,12.569999694824219,12.600000381469727
2019-02-04,12.640000343322754,12.890000343322754,12.510000228881836,12.850000381469727
2019-02-05,12.880000114440918,12.930000305175781,12.75,12.819999694824219
2019-02-06,12.770000457763672,12.90999984741211,12.770000457763672,12.899999618530273
2019-02-07,12.899999618530273,12.899999618530273,12.680000305175781,12.729999542236328
2019-02-08,12.739999771118164,12.850000381469727,12.6899995803833,12.710000038146973
2019-02-11,12.720000267028809,12.760000228881836,12.569999694824219,12.670000076293945
2019-02-12,12.699999809265137,12.920000076293945,12.699999809265137,12.850000381469727
2019-02-13,12.869999885559082,12.890000343322754,12.720000267028809,12.75
2019-02-14,12.770000457763672,12.800000190734863,12.520000457763672,12.609999656677246
2019-02-15,12.670000076293945,13.25,12.649999618530273,13.140000343322754
2019-02-19,13.140000343322754,13.380000114440918,13.140000343322754,13.350000381469727
2019-02-20,13.34000015258789,13.5,13.170000076293945,13.4399995803833
2019-02-21,13.399999618530273,13.420000076293945,13.15999984741211,13.239999771118164
2019-02-22,13.199999809265137,13.420000076293945,13.1899995803833,13.369999885559082
2019-02-25,13.369999885559082,13.40999984741211,13.050000190734863,13.100000381469727
2019-02-26,13.100000381469727,13.170000076293945,12.859999656677246,12.880000114440918
2019-02-27,12.899999618530273,12.949999809265137,12.819999694824219,12.90999984741211
2019-02-28,12.920000076293945,12.920000076293945,12.640000343322754,12.729999542236328
2019-03-01,12.850000381469727,12.880000114440918,12.609999656677246,12.619999885559082
2019-03-04,12.619999885559082,12.729999542236328,12.350000381469727,12.359999656677246
2019-03-05,12.390000343322754,12.5600004196167,12.380000114440918,12.4399995803833
2019-03-06,12.470000267028809,12.470000267028809,12.149999618530273,12.15999984741211
2019-03-07,12.199999809265137,12.260000228881836,12.079999923706055,12.140000343322754
2019-03-08,12.1899995803833,12.25,12.109999656677246,12.180000305175781
2019-03-11,12.210000038146973,12.470000267028809,12.199999809265137,12.289999961853027
2019-03-12,12.289999961853027,12.460000038146973,12.170000076293945,12.329999923706055
2019-03-13,12.350000381469727,12.380000114440918,12.239999771118164,12.359999656677246
2019-03-14,12.369999885559082,12.6899995803833,12.279999732971191,12.40999984741211
2019-03-15,12.4399995803833,12.579999923706055,12.260000228881836,12.520000457763672
2019-03-18,12.600000381469727,12.869999885559082,12.5600004196167,12.84000015258789
2019-03-19,12.829999923706055,12.829999923706055,12.640000343322754,12.779999732971191
2019-03-20,12.760000228881836,12.800000190734863,12.680000305175781,12.739999771118164
2019-03-21,12.739999771118164,12.739999771118164,12.449999809265137,12.5
2019-03-22,12.5,12.699999809265137,12.430000305175781,12.569999694824219
2019-03-25,12.59000015258789,12.609999656677246,12.329999923706055,12.479999542236328
2019-03-26,12.520000457763672,12.640000343322754,12.399999618530273,12.59000015258789
2019-03-27,12.59000015258789,12.729999542236328,12.489999771118164,12.579999923706055
2019-03-28,12.569999694824219,12.609999656677246,12.470000267028809,12.529999732971191
2019-03-29,12.550000190734863,12.649999618530273,12.489999771118164,12.529999732971191
2019-04-01,12.529999732971191,12.6899995803833,12.289999961853027,12.670000076293945
2019-04-02,12.65999984741211,12.770000457763672,12.569999694824219,12.65999984741211
2019-04-03,12.649999618530273,12.6899995803833,12.380000114440918,12.420000076293945
2019-04-04,12.479999542236328,12.800000190734863,12.399999618530273,12.710000038146973
2019-04-05,12.720000267028809,12.84000015258789,12.680000305175781,12.760000228881836
2019-04-08,12.720000267028809,12.760000228881836,12.489999771118164,12.569999694824219
2019-04-09,12.579999923706055,12.800000190734863,12.520000457763672,12.779999732971191
2019-04-10,12.779999732971191,12.829999923706055,12.699999809265137,12.8100004196167
2019-04-11,12.770000457763672,12.8100004196167,12.649999618530273,12.65999984741211
2019-04-12,12.670000076293945,12.770000457763672,12.609999656677246,12.770000457763672
2019-04-15,12.739999771118164,12.789999961853027,12.640000343322754,12.65999984741211
2019-04-16,12.680000305175781,12.680000305175781,12.430000305175781,12.510000228881836
2019-04-17,12.539999961853027,12.640000343322754,12.3100004196167,12.350000381469727
2019-04-18,12.359999656677246,12.789999961853027,12.329999923706055,12.760000228881836
2019-04-22,12.720000267028809,12.800000190734863,12.5,12.539999961853027
2019-04-23,12.5,12.729999542236328,12.479999542236328,12.699999809265137
2019-04-24,12.680000305175781,12.720000267028809,12.529999732971191,12.680000305175781
2019-04-25,12.65999984741211,12.699999809265137,12.350000381469727,12.359999656677246
2019-04-26,12.390000343322754,12.449999809265137,12.1899995803833,12.260000228881836
2019-04-29,12.300000190734863,12.300000190734863,11.600000381469727,11.630000114440918
2019-04-30,11.550000190734863,12.039999961853027,11.550000190734863,11.989999771118164
2019-05-01,12.380000114440918,12.390000343322754,12.100000381469727,12.210000038146973
2019-05-02,12.25,12.329999923706055,12.149999618530273,12.229999542236328
2019-05-03,12.239999771118164,12.25,11.970000267028809,12.010000228881836
2019-05-06,11.949999809265137,12.010000228881836,11.84000015258789,11.880000114440918
2019-05-07,11.890000343322754,12.0600004196167,11.850000381469727,11.949999809265137
2019-05-08,12.0,12.0,11.640000343322754,11.649999618530273
2019-05-09,11.65999984741211,11.90999984741211,11.649999618530273,11.779999732971191
2019-05-10,11.829999923706055,12.149999618530273,11.710000038146973,11.720000267028809
2019-05-13,11.729999542236328,11.869999885559082,11.65999984741211,11.84000015258789
2019-05-14,11.829999923706055,11.989999771118164,11.739999771118164,11.9399995803833
2019-05-15,12.0,12.0600004196167,11.770000457763672,11.850000381469727
2019-05-16,11.8100004196167,11.880000114440918,11.699999809265137,11.779999732971191
2019-05-17,11.75,11.760000228881836,11.430000305175781,11.550000190734863
2019-05-20,11.609999656677246,11.739999771118164,11.569999694824219,11.619999885559082
2019-05-21,11.630000114440918,11.850000381469727,11.359999656677246,11.8100004196167
2019-05-22,11.869999885559082,11.949999809265137,11.579999923706055,11.619999885559082
2019-05-23,11.619999885559082,11.770000457763672,11.420000076293945,11.569999694824219
2019-05-24,11.640000343322754,11.770000457763672,11.5600004196167,11.65999984741211
2019-05-28,11.729999542236328,11.8100004196167,11.619999885559082,11.75
2019-05-29,11.800000190734863,12.010000228881836,11.760000228881836,11.869999885559082
2019-05-30,11.829999923706055,11.949999809265137,11.729999542236328,11.760000228881836
2019-05-31,11.729999542236328,12.130000114440918,11.600000381469727,12.100000381469727
2019-06-03,12.130000114440918,12.220000267028809,11.949999809265137,12.1899995803833
2019-06-04,12.199999809265137,12.449999809265137,12.079999923706055,12.420000076293945
2019-06-05,12.420000076293945,12.529999732971191,12.149999618530273,12.210000038146973
2019-06-06,12.199999809265137,12.520000457763672,12.09000015258789,12.510000228881836
2019-06-07,12.489999771118164,12.520000457763672,12.420000076293945,12.5
2019-06-10,12.489999771118164,12.489999771118164,12.350000381469727,12.399999618530273
2019-06-11,12.4399995803833,12.539999961853027,12.270000457763672,12.539999961853027
2019-06-12,12.510000228881836,12.630000114440918,12.460000038146973,12.619999885559082
2019-06-13,12.600000381469727,12.75,12.600000381469727,12.75
2019-06-14,12.739999771118164,12.779999732971191,12.6899995803833,12.75
2019-06-17,12.75,12.770000457763672,12.609999656677246,12.65999984741211
2019-06-18,12.65999984741211,12.65999984741211,12.510000228881836,12.609999656677246
2019-06-19,12.539999961853027,12.569999694824219,12.40999984741211,12.5
2019-06-20,12.430000305175781,12.5,12.430000305175781,12.430000305175781
2019-06-21,12.399999618530273,12.449999809265137,12.170000076293945,12.220000267028809
2019-06-24,12.119999885559082,12.420000076293945,12.109999656677246,12.270000457763672
2019-06-25,12.3100004196167,12.449999809265137,12.270000457763672,12.329999923706055
2019-06-26,12.380000114440918,12.430000305175781,11.979999542236328,12.029999732971191
2019-06-27,12.050000190734863,12.569999694824219,12.0,12.529999732971191
2019-06-28,12.569999694824219,12.609999656677246,12.449999809265137,12.319999694824219
2019-07-01,12.710000038146973,12.819999694824219,12.5,12.569999694824219
2019-07-02,12.539999961853027,12.609999656677246,12.25,12.350000381469727
2019-07-03,12.350000381469727,12.619999885559082,12.300000190734863,12.539999961853027
2019-07-05,12.569999694824219,12.649999618530273,12.329999923706055,12.359999656677246
2019-07-08,12.380000114440918,12.550000190734863,12.34000015258789,12.449999809265137
2019-07-09,12.430000305175781,12.430000305175781,12.260000228881836,12.350000381469727
2019-07-10,12.399999618530273,12.539999961853027,12.3100004196167,12.5
2019-07-11,12.5,12.619999885559082,12.359999656677246,12.380000114440918
2019-07-12,12.380000114440918,12.420000076293945,12.279999732971191,12.300000190734863
2019-07-15,12.300000190734863,12.319999694824219,11.949999809265137,12.0600004196167
2019-07-16,12.0600004196167,12.069999694824219,11.899999618530273,11.989999771118164
2019-07-17,12.050000190734863,12.140000343322754,11.760000228881836,11.789999961853027
2019-07-18,11.8100004196167,11.84000015258789,11.529999732971191,11.550000190734863
2019-07-19,11.59000015258789,11.699999809265137,11.5600004196167,11.59000015258789
2019-07-22,11.609999656677246,11.65999984741211,11.539999961853027,11.5600004196167
2019-07-23,11.5600004196167,11.989999771118164,11.390000343322754,11.979999542236328
2019-07-24,11.9399995803833,12.229999542236328,11.850000381469727,12.0600004196167
2019-07-25,12.119999885559082,12.199999809265137,11.930000305175781,12.0
2019-07-26,12.020000457763672,12.109999656677246,11.930000305175781,12.020000457763672
2019-07-29,12.039999961853027,12.210000038146973,12.0,12.069999694824219
2019-07-30,12.069999694824219,12.300000190734863,12.050000190734863,12.149999618530273
2019-07-31,12.149999618530273,12.229999542236328,12.029999732971191,12.210000038146973
2019-08-01,12.15999984741211,12.220000267028809,12.010000228881836,12.119999885559082
2019-08-02,12.109999656677246,12.119999885559082,11.890000343322754,12.020000457763672
2019-08-05,11.970000267028809,12.039999961853027,11.6899995803833,11.819999694824219
2019-08-06,11.779999732971191,12.0,11.699999809265137,11.729999542236328
2019-08-07,11.75,11.779999732971191,11.270000457763672,11.34000015258789
2019-08-08,11.369999885559082,11.5,11.329999923706055,11.430000305175781
2019-08-09,11.430000305175781,11.899999618530273,11.430000305175781,11.859999656677246
2019-08-12,11.890000343322754,11.960000038146973,11.479999542236328,11.5600004196167
2019-08-13,11.600000381469727,11.829999923706055,11.5,11.720000267028809
2019-08-14,11.720000267028809,11.8100004196167,11.569999694824219,11.609999656677246
2019-08-15,11.619999885559082,11.739999771118164,11.510000228881836,11.630000114440918
2019-08-16,11.619999885559082,11.6899995803833,11.5600004196167,11.640000343322754
2019-08-19,11.600000381469727,11.609999656677246,11.40999984741211,11.470000267028809
2019-08-20,11.430000305175781,11.550000190734863,11.369999885559082,11.4399995803833
2019-08-21,11.4399995803833,11.539999961853027,11.369999885559082,11.390000343322754
2019-08-22,11.40999984741211,11.640000343322754,11.380000114440918,11.579999923706055
2019-08-23,11.609999656677246,11.649999618530273,11.4399995803833,11.470000267028809
2019-08-26,11.449999809265137,11.609999656677246,11.40999984741211,11.430000305175781
2019-08-27,11.420000076293945,11.479999542236328,11.15999984741211,11.239999771118164
2019-08-28,11.260000228881836,11.460000038146973,11.09000015258789,11.369999885559082
2019-08-29,11.380000114440918,11.449999809265137,11.149999618530273,11.210000038146973
2019-08-30,11.199999809265137,11.300000190734863,11.050000190734863,11.140000343322754
2019-09-03,11.199999809265137,11.399999618530273,11.079999923706055,11.1899995803833
2019-09-04,11.15999984741211,11.270000457763672,11.0,11.010000228881836
2019-09-05,11.039999961853027,11.140000343322754,10.859999656677246,10.970000267028809
2019-09-06,11.0,11.069999694824219,10.90999984741211,11.020000457763672
2019-09-09,11.050000190734863,11.100000381469727,10.899999618530273,10.920000076293945
2019-09-10,10.890000343322754,11.069999694824219,10.850000381469727,10.880000114440918
2019-09-11,10.880000114440918,10.920000076293945,10.729999542236328,10.8100004196167
2019-09-12,10.800000190734863,10.829999923706055,10.680000305175781,10.760000228881836
2019-09-13,10.729999542236328,10.979999542236328,10.720000267028809,10.890000343322754
2019-09-16,11.079999923706055,11.34000015258789,11.039999961853027,11.09000015258789
2019-09-17,11.079999923706055,11.229999542236328,10.90999984741211,10.9399995803833
2019-09-18,10.899999618530273,11.069999694824219,10.880000114440918,11.0
2019-09-19,11.010000228881836,11.100000381469727,10.920000076293945,10.989999771118164
2019-09-20,11.0,11.109999656677246,10.970000267028809,11.09000015258789
2019-09-23,11.100000381469727,11.25,11.100000381469727,11.220000267028809
2019-09-24,11.1899995803833,11.569999694824219,11.1899995803833,11.5
2019-09-25,11.5,11.84000015258789,11.479999542236328,11.800000190734863
2019-09-26,11.84000015258789,11.859999656677246,11.5600004196167,11.630000114440918
2019-09-27,11.600000381469727,11.739999771118164,11.399999618530273,11.529999732971191
2019-09-30,11.510000228881836,12.020000457763672,11.510000228881836,11.920000076293945
2019-10-01,12.649999618530273,12.899999618530273,12.630000114440918,12.880000114440918
2019-10-02,12.880000114440918,12.930000305175781,12.779999732971191,12.890000343322754
2019-10-03,12.869999885559082,12.890000343322754,12.59000015258789,12.739999771118164
2019-10-04,12.720000267028809,12.829999923706055,12.6899995803833,12.760000228881836
2019-10-07,12.710000038146973,12.710000038146973,12.3100004196167,12.520000457763672
2019-10-08,12.59000015258789,12.59000015258789,12.359999656677246,12.460000038146973
2019-10-09,12.430000305175781,12.550000190734863,12.380000114440918,12.40999984741211
2019-10-10,12.390000343322754,12.479999542236328,12.319999694824219,12.40999984741211
2019-10-11,12.399999618530273,12.479999542236328,12.220000267028809,12.40999984741211
2019-10-14,12.4399995803833,12.59000015258789,12.430000305175781,12.520000457763672
2019-10-15,12.5,12.619999885559082,12.350000381469727,12.59000015258789
2019-10-16,12.529999732971191,12.550000190734863,12.279999732971191,12.350000381469727
2019-10-17,12.34000015258789,12.460000038146973,12.210000038146973,12.239999771118164
2019-10-18,12.210000038146973,12.34000015258789,12.199999809265137,12.319999694824219
2019-10-21,12.34000015258789,12.390000343322754,12.199999809265137,12.270000457763672
2019-10-22,12.270000457763672,12.279999732971191,12.100000381469727,12.180000305175781
2019-10-23,12.130000114440918,12.25,12.050000190734863,12.149999618530273
2019-10-24,12.170000076293945,12.329999923706055,12.170000076293945,12.300000190734863
2019-10-25,12.25,12.390000343322754,12.229999542236328,12.350000381469727
2019-10-28,12.350000381469727,12.59000015258789,12.34000015258789,12.539999961853027
2019-10-29,12.529999732971191,12.550000190734863,12.279999732971191,12.34000015258789
2019-10-30,12.34000015258789,12.4399995803833,12.239999771118164,12.40999984741211
2019-10-31,12.420000076293945,12.520000457763672,12.3100004196167,12.479999542236328
2019-11-01,12.470000267028809,12.520000457763672,12.34000015258789,12.479999542236328
2019-11-04,12.479999542236328,12.569999694824219,12.4399995803833,12.510000228881836
2019-11-05,12.510000228881836,12.729999542236328,12.489999771118164,12.710000038146973
2019-11-06,12.710000038146973,12.710000038146973,12.539999961853027,12.5600004196167
2019-11-07,12.5600004196167,12.5600004196167,12.350000381469727,12.390000343322754
2019-11-08,12.359999656677246,12.609999656677246,12.289999961853027,12.569999694824219
2019-11-11,12.5600004196167,12.670000076293945,12.460000038146973,12.569999694824219
2019-11-12,12.619999885559082,12.630000114440918,12.510000228881836,12.59000015258789
2019-11-13,12.619999885559082,12.90999984741211,12.569999694824219,12.850000381469727
2019-11-14,12.829999923706055,12.890000343322754,12.770000457763672,12.8100004196167
2019-11-15,12.8100004196167,12.84000015258789,12.680000305175781,12.729999542236328
2019-11-18,12.729999542236328,12.800000190734863,12.600000381469727,12.760000228881836
2019-11-19,12.680000305175781,12.75,12.65999984741211,12.6899995803833
2019-11-20,12.6899995803833,12.8100004196167,12.680000305175781,12.75
2019-11-21,12.739999771118164,12.770000457763672,12.569999694824219,12.609999656677246
2019-11-22,12.630000114440918,12.869999885559082,12.619999885559082,12.829999923706055
2019-11-25,12.779999732971191,12.859999656677246,12.739999771118164,12.819999694824219
2019-11-26,12.800000190734863,12.890000343322754,12.65999984741211,12.779999732971191
2019-11-27,12.739999771118164,12.829999923706055,12.720000267028809,12.789999961853027
2019-11-29,12.800000190734863,13.010000228881836,12.779999732971191,12.9399995803833
2019-12-02,12.970000267028809,12.970000267028809,12.729999542236328,12.75
2019-12-03,12.75,12.920000076293945,12.739999771118164,12.859999656677246
2019-12-04,12.890000343322754,13.100000381469727,12.880000114440918,13.0600004196167
2019-12-05,13.0600004196167,13.170000076293945,13.0,13.079999923706055
2019-12-06,13.079999923706055,13.210000038146973,13.069999694824219,13.180000305175781
2019-12-09,13.210000038146973,13.420000076293945,13.1899995803833,13.380000114440918
2019-12-10,13.380000114440918,13.489999771118164,13.3100004196167,13.460000038146973
2019-12-11,13.460000038146973,13.510000228881836,13.279999732971191,13.420000076293945
2019-12-12,13.380000114440918,13.550000190734863,13.34000015258789,13.520000457763672
2019-12-13,13.520000457763672,13.670000076293945,13.470000267028809,13.5
2019-12-16,13.449999809265137,13.579999923706055,13.220000267028809,13.289999961853027
2019-12-17,13.319999694824219,13.40999984741211,13.229999542236328,13.270000457763672
2019-12-18,13.270000457763672,13.5,13.260000228881836,13.430000305175781
2019-12-19,13.399999618530273,13.619999885559082,13.390000343322754,13.550000190734863
2019-12-20,13.550000190734863,13.59000015258789,13.470000267028809,13.539999961853027
2019-12-23,13.539999961853027,13.569999694824219,13.40999984741211,13.449999809265137
2019-12-24,13.470000267028809,13.489999771118164,13.359999656677246,13.369999885559082
2019-12-26,13.369999885559082,13.529999732971191,13.359999656677246,13.4399995803833
2019-12-27,13.479999542236328,13.600000381469727,13.420000076293945,13.539999961853027
2019-12-30,13.539999961853027,13.579999923706055,13.449999809265137,13.529999732971191
2019-12-31,13.539999961853027,13.5600004196167,13.390000343322754,13.420000076293945
2020-01-02,13.470000267028809,13.529999732971191,13.100000381469727,13.130000114440918
2020-01-03,13.229999542236328,13.399999618530273,13.199999809265137,13.3100004196167
2020-01-06,13.369999885559082,13.760000228881836,13.369999885559082,13.729999542236328
2020-01-07,13.75,13.789999961853027,13.550000190734863,13.59000015258789
2020-01-08,13.6899995803833,13.739999771118164,13.40999984741211,13.470000267028809
2020-01-09,13.489999771118164,13.760000228881836,13.399999618530273,13.710000038146973
2020-01-10,13.6899995803833,14.119999885559082,13.630000114440918,14.069999694824219
2020-01-13,14.09000015258789,14.239999771118164,13.979999542236328,14.15999984741211
2020-01-14,14.180000305175781,14.529999732971191,14.130000114440918,14.319999694824219
2020-01-15,14.279999732971191,14.569999694824219,14.220000267028809,14.520000457763672
2020-01-16,14.510000228881836,14.579999923706055,14.319999694824219,14.430000305175781
2020-01-17,14.460000038146973,14.5,14.34000015258789,14.449999809265137
2020-01-21,14.5,14.59000015258789,14.399999618530273,14.550000190734863
2020-01-22,14.550000190734863,14.789999961853027,14.529999732971191,14.65999984741211
2020-01-23,14.65999984741211,14.899999618530273,14.5,14.569999694824219
2020-01-24,14.569999694824219,14.6899995803833,14.260000228881836,14.390000343322754
2020-01-27,14.34000015258789,14.34000015258789,14.100000381469727,14.210000038146973
2020-01-28,14.1899995803833,14.75,14.050000190734863,14.539999961853027
2020-01-29,14.539999961853027,14.869999885559082,14.420000076293945,14.489999771118164
2020-01-30,14.430000305175781,14.720000267028809,14.359999656677246,14.59000015258789
2020-01-31,14.640000343322754,14.8100004196167,14.520000457763672,14.609999656677246
2020-02-03,14.539999961853027,15.010000228881836,14.420000076293945,14.890000343322754
2020-02-04,14.949999809265137,15.130000114440918,14.640000343322754,14.710000038146973
2020-02-05,14.710000038146973,14.859999656677246,14.59000015258789,14.729999542236328
2020-02-06,14.770000457763672,14.800000190734863,14.539999961853027,14.739999771118164
2020-02-07,14.75,15.0,14.6899995803833,14.920000076293945
2020-02-10,14.949999809265137,15.100000381469727,14.920000076293945,15.039999961853027
2020-02-11,15.0,15.460000038146973,14.989999771118164,15.40999984741211
2020-02-12,15.369999885559082,15.899999618530273,15.34000015258789,15.779999732971191
2020-02-13,15.75,15.84000015258789,15.119999885559082,15.15999984741211
2020-02-14,15.229999542236328,15.369999885559082,14.890000343322754,15.0600004196167
2020-02-18,15.0600004196167,15.329999923706055,15.050000190734863,15.279999732971191
2020-02-19,15.300000190734863,15.760000228881836,15.300000190734863,15.579999923706055
2020-02-20,15.609999656677246,15.65999984741211,15.359999656677246,15.399999618530273
2020-02-21,15.449999809265137,15.649999618530273,15.34000015258789,15.59000015258789
2020-02-24,15.539999961853027,15.579999923706055,15.229999542236328,15.270000457763672
2020-02-25,15.34000015258789,15.489999771118164,15.109999656677246,15.149999618530273
2020-02-26,15.119999885559082,15.119999885559082,14.6899995803833,14.789999961853027
2020-02-27,14.729999542236328,14.770000457763672,14.229999542236328,14.390000343322754
2020-02-28,14.149999618530273,14.380000114440918,14.029999732971191,14.460000038146973
2020-03-02,14.25,14.399999618530273,13.770000457763672,13.8100004196167
2020-03-03,13.850000381469727,13.890000343322754,13.619999885559082,13.760000228881836
2020-03-04,13.699999809265137,13.789999961853027,13.430000305175781,13.470000267028809
2020-03-05,13.5,13.539999961853027,13.350000381469727,13.420000076293945
2020-03-06,13.520000457763672,13.520000457763672,12.949999809265137,13.020000457763672
2020-03-09,12.5,12.739999771118164,12.180000305175781,12.609999656677246
2020-03-10,12.819999694824219,12.930000305175781,12.380000114440918,12.59000015258789
2020-03-11,12.59000015258789,12.65999984741211,12.229999542236328,12.260000228881836
2020-03-12,12.100000381469727,12.109999656677246,11.529999732971191,11.619999885559082
2020-03-13,11.800000190734863,12.100000381469727,11.65999984741211,11.699999809265137
2020-03-16,11.600000381469727,11.619999885559082,10.949999809265137,11.09000015258789
2020-03-17,11.149999618530273,11.170000076293945,10.850000381469727,10.890000343322754
2020-03-18,10.779999732971191,10.970000267028809,10.640000343322754,10.670000076293945
2020-03-19,10.680000305175781,10.859999656677246,10.4399995803833,10.59000015258789
2020-03-20,10.850000381469727,11.1899995803833,10.819999694824219,10.90999984741211
2020-03-23,10.770000457763672,11.149999618530273,10.720000267028809,11.039999961853027
2020-03-24,11.229999542236328,11.550000190734863,11.210000038146973,11.270000457763672
2020-03-25,11.420000076293945,11.680000305175781,11.3100004196167,11.40999984741211
2020-03-26,11.520000457763672,11.59000015258789,11.260000228881836,11.329999923706055
2020-03-27,11.329999923706055,11.449999809265137,11.0600004196167,11.100000381469727
2020-03-30,11.010000228881836,11.180000305175781,10.680000305175781,10.729999542236328
2020-03-31,10.75,10.779999732971191,10.399999618530273,10.420000076293945
2020-04-01,10.390000343322754,10.420000076293945,10.020000457763672,10.039999961853027
2020-04-02,10.170000076293945,10.859999656677246,10.050000190734863,10.289999961853027
2020-04-03,10.279999732971191,10.670000076293945,10.239999771118164,10.3100004196167
2020-04-06,10.460000038146973,10.5600004196167,10.289999961853027,10.449999809265137
2020-04-07,10.5,10.59000015258789,10.3100004196167,10.380000114440918
2020-04-08,10.34000015258789,10.460000038146973,10.220000267028809,10.369999885559082
2020-04-09,10.420000076293945,10.600000381469727,10.270000457763672,10.430000305175781
2020-04-13,10.550000190734863,10.569999694824219,10.119999885559082,10.170000076293945
2020-04-14,10.229999542236328,10.25,9.989999771118164,10.050000190734863
2020-04-15,9.989999771118164,10.199999809265137,9.960000038146973,10.15999984741211
2020-04-16,10.220000267028809,10.300000190734863,10.109999656677246,10.15999984741211
2020-04-17,10.199999809265137,10.470000267028809,10.15999984741211,10.369999885559082
2020-04-20,10.369999885559082,10.369999885559082,10.029999732971191,10.0600004196167
2020-04-21,9.989999771118164,9.989999771118164,9.550000190734863,9.75
2020-04-22,9.6899995803833,10.020000457763672,9.680000305175781,9.829999923706055
2020-04-23,9.930000305175781,10.0,9.75,9.84000015258789
2020-04-24,9.819999694824219,9.859999656677246,9.600000381469727,9.729999542236328
2020-04-27,9.579999923706055,9.75,9.170000076293945,9.210000038146973
2020-04-28,9.210000038146973,9.4399995803833,9.050000190734863,9.34000015258789
2020-04-29,9.390000343322754,9.869999885559082,9.390000343322754,9.760000228881836
2020-04-30,9.960000038146973,10.15999984741211,9.960000038146973,10.390000343322754
2020-05-01,10.5,11.010000228881836,10.25,10.970000267028809
2020-05-04,10.800000190734863,10.899999618530273,10.329999923706055,10.399999618530273
2020-05-05,10.420000076293945,10.859999656677246,10.369999885559082,10.779999732971191
2020-05-06,10.630000114440918,10.739999771118164,10.239999771118164,10.270000457763672
2020-05-07,10.300000190734863,10.550000190734863,10.270000457763672,10.329999923706055
2020-05-08,10.329999923706055,10.390000343322754,10.109999656677246,10.289999961853027
2020-05-11,10.329999923706055,10.449999809265137,10.100000381469727,10.119999885559082
2020-05-12,10.119999885559082,10.369999885559082,10.050000190734863,10.25
2020-05-13,10.25,10.329999923706055,10.100000381469727,10.260000228881836
2020-05-14,10.300000190734863,10.619999885559082,10.289999961853027,10.460000038146973
2020-05-15,10.5600004196167,10.680000305175781,10.289999961853027,10.380000114440918
2020-05-18,10.520000457763672,10.829999923706055,10.470000267028809,10.800000190734863
2020-05-19,10.84000015258789,10.979999542236328,10.720000267028809,10.850000381469727
2020-05-20,10.850000381469727,11.300000190734863,10.850000381469727,11.1899995803833
2020-05-21,11.210000038146973,11.319999694824219,10.869999885559082,10.979999542236328
2020-05-22,10.829999923706055,11.0,10.65999984741211,10.930000305175781
2020-05-26,11.109999656677246,11.199999809265137,10.880000114440918,11.050000190734863
2020-05-27,11.0600004196167,11.119999885559082,10.720000267028809,10.800000190734863
2020-05-28,10.760000228881836,10.880000114440918,10.550000190734863,10.800000190734863
2020-05-29,10.829999923706055,10.960000038146973,10.670000076293945,10.90999984741211
2020-06-01,10.970000267028809,11.130000114440918,10.829999923706055,11.0
2020-06-02,11.029999732971191,11.279999732971191,11.010000228881836,11.220000267028809
2020-06-03,11.300000190734863,11.640000343322754,11.220000267028809,11.619999885559082
2020-06-04,11.609999656677246,11.739999771118164,11.4399995803833,11.729999542236328
2020-06-05,11.739999771118164,12.0600004196167,11.729999542236328,12.020000457763672
2020-06-08,12.109999656677246,12.270000457763672,11.890000343322754,11.9399995803833
2020-06-09,11.899999618530273,12.029999732971191,11.800000190734863,12.0
2020-06-10,12.0,12.25,11.9399995803833,12.229999542236328
2020-06-11,12.170000076293945,12.180000305175781,11.880000114440918,11.9399995803833
2020-06-12,11.84000015258789,12.09000015258789,11.600000381469727,11.869999885559082
2020-06-15,11.770000457763672,12.0600004196167,11.619999885559082,12.039999961853027
2020-06-16,12.100000381469727,12.25,12.010000228881836,12.1899995803833
2020-06-17,12.09000015258789,12.180000305175781,11.930000305175781,12.109999656677246
2020-06-18,12.09000015258789,12.140000343322754,11.8100004196167,11.890000343322754
2020-06-19,11.899999618530273,12.170000076293945,11.899999618530273,12.050000190734863
2020-06-22,12.039999961853027,12.109999656677246,11.819999694824219,11.920000076293945
2020-06-23,11.949999809265137,11.960000038146973,11.760000228881836,11.789999961853027
2020-06-24,11.800000190734863,12.050000190734863,11.649999618530273,11.75
2020-06-25,11.770000457763672,11.829999923706055,11.649999618530273,11.8100004196167
2020-06-26,11.770000457763672,11.869999885559082,11.449999809265137,11.550000190734863
2020-06-29,11.460000038146973,11.770000457763672,11.329999923706055,11.710000038146973
2020-06-30,11.6899995803833,11.899999618530273,11.680000305175781,11.84000015258789
2020-07-01,12.029999732971191,12.25,12.010000228881836,12.170000076293945
2020-07-02,12.180000305175781,12.25,12.020000457763672,12.239999771118164
2020-07-06,12.199999809265137,12.270000457763672,11.899999618530273,11.930000305175781
2020-07-07,11.880000114440918,12.229999542236328,11.779999732971191,12.180000305175781
2020-07-08,12.140000343322754,12.289999961853027,11.970000267028809,12.079999923706055
2020-07-09,12.109999656677246,12.149999618530273,11.819999694824219,11.84000015258789
2020-07-10,11.8100004196167,11.930000305175781,11.680000305175781,11.760000228881836
2020-07-13,11.710000038146973,11.75,11.529999732971191,11.579999923706055
2020-07-14,11.489999771118164,11.550000190734863,11.270000457763672,11.319999694824219
2020-07-15,11.380000114440918,11.899999618530273,11.359999656677246,11.819999694824219
2020-07-16,11.890000343322754,11.970000267028809,11.680000305175781,11.789999961853027
2020-07-17,11.770000457763672,11.869999885559082,11.680000305175781,11.729999542236328
2020-07-20,11.6899995803833,11.760000228881836,11.520000457763672,11.720000267028809
2020-07-21,11.770000457763672,11.9399995803833,11.630000114440918,11.670000076293945
2020-07-22,11.699999809265137,11.880000114440918,11.640000343322754,11.859999656677246
2020-07-23,11.890000343322754,11.890000343322754,11.720000267028809,11.770000457763672
2020-07-24,11.670000076293945,11.729999542236328,11.479999542236328,11.489999771118164
2020-07-27,11.510000228881836,12.1899995803833,11.510000228881836,12.119999885559082
2020-07-28,12.199999809265137,12.270000457763672,11.949999809265137,12.010000228881836
2020-07-29,12.050000190734863,12.100000381469727,11.84000015258789,12.010000228881836
2020-07-30,11.899999618530273,12.1899995803833,11.890000343322754,12.109999656677246
2020-07-31,12.119999885559082,12.720000267028809,12.109999656677246,12.640000343322754
2020-08-03,12.670000076293945,12.800000190734863,12.390000343322754,12.720000267028809
2020-08-04,12.670000076293945,12.800000190734863,12.550000190734863,12.779999732971191
2020-08-05,12.800000190734863,12.960000038146973,12.489999771118164,12.539999961853027
2020-08-06,12.649999618530273,12.979999542236328,12.510000228881836,12.9399995803833
2020-08-07,12.949999809265137,13.0,12.630000114440918,12.670000076293945
2020-08-10,12.59000015258789,12.819999694824219,12.40999984741211,12.550000190734863
2020-08-11,12.529999732971191,12.819999694824219,12.430000305175781,12.739999771118164
2020-08-12,12.739999771118164,12.930000305175781,12.649999618530273,12.84000015258789
2020-08-13,12.869999885559082,13.140000343322754,12.84000015258789,13.109999656677246
2020-08-14,13.140000343322754,13.279999732971191,13.0600004196167,13.100000381469727
2020-08-17,13.100000381469727,13.25,13.010000228881836,13.0600004196167
2020-08-18,13.0600004196167,13.119999885559082,12.739999771118164,12.890000343322754
2020-08-19,12.920000076293945,13.260000228881836,12.899999618530273,13.239999771118164
2020-08-20,13.229999542236328,13.229999542236328,12.970000267028809,13.010000228881836
2020-08-21,13.039999961853027,13.079999923706055,12.800000190734863,12.829999923706055
2020-08-24,12.829999923706055,12.970000267028809,12.649999618530273,12.710000038146973
2020-08-25,12.710000038146973,12.869999885559082,12.600000381469727,12.760000228881836
2020-08-26,12.779999732971191,12.869999885559082,12.539999961853027,12.579999923706055
2020-08-27,12.609999656677246,12.819999694824219,12.5,12.770000457763672
2020-08-28,12.819999694824219,12.84000015258789,12.579999923706055,12.600000381469727
2020-08-31,12.649999618530273,12.739999771118164,12.5600004196167,12.65999984741211
2020-09-01,12.65999984741211,12.800000190734863,12.539999961853027,12.600000381469727
2020-09-02,12.600000381469727,12.640000343322754,12.420000076293945,12.4399995803833
2020-09-03,12.40999984741211,12.4399995803833,11.899999618530273,12.069999694824219
2020-09-04,12.09000015258789,12.140000343322754,11.859999656677246,11.930000305175781
2020-09-08,11.989999771118164,12.109999656677246,11.779999732971191,12.039999961853027
2020-09-09,12.069999694824219,12.170000076293945,11.930000305175781,12.029999732971191
2020-09-10,12.0,12.029999732971191,11.850000381469727,11.90999984741211
2020-09-11,11.930000305175781,11.979999542236328,11.760000228881836,11.920000076293945
2020-09-14,11.90999984741211,11.979999542236328,11.729999542236328,11.760000228881836
2020-09-15,11.770000457763672,12.100000381469727,11.739999771118164,12.079999923706055
2020-09-16,12.149999618530273,12.430000305175781,12.0600004196167,12.350000381469727
2020-09-17,12.300000190734863,12.6899995803833,12.220000267028809,12.619999885559082
2020-09-18,12.619999885559082,12.789999961853027,12.5,12.770000457763672
2020-09-21,12.800000190734863,12.850000381469727,12.460000038146973,12.550000190734863
2020-09-22,12.510000228881836,12.949999809265137,12.510000228881836,12.890000343322754
2020-09-23,12.890000343322754,13.0600004196167,12.770000457763672,12.819999694824219
2020-09-24,12.819999694824219,12.930000305175781,12.710000038146973,12.84000015258789
2020-09-25,12.829999923706055,13.029999732971191,12.829999923706055,13.0
2020-09-28,13.050000190734863,13.180000305175781,12.569999694824219,12.59000015258789
2020-09-29,12.619999885559082,13.069999694824219,12.489999771118164,12.989999771118164
2020-09-30,13.0,13.100000381469727,12.829999923706055,13.069999694824219
2020-10-01,13.510000228881836,13.770000457763672,13.359999656677246,13.579999923706055
2020-10-02,13.520000457763672,13.680000305175781,13.3100004196167,13.550000190734863
2020-10-05,13.550000190734863,13.75,13.489999771118164,13.609999656677246
2020-10-06,13.609999656677246,13.899999618530273,13.5600004196167,13.880000114440918
2020-10-07,13.829999923706055,14.180000305175781,13.770000457763672,14.140000343322754
2020-10-08,14.09000015258789,14.239999771118164,14.079999923706055,14.170000076293945
2020-10-09,14.149999618530273,14.3100004196167,14.029999732971191,14.229999542236328
2020-10-12,14.279999732971191,14.550000190734863,13.779999732971191,13.84000015258789
2020-10-13,13.859999656677246,14.149999618530273,13.850000381469727,14.010000228881836
2020-10-14,13.960000038146973,14.260000228881836,13.930000305175781,14.199999809265137
2020-10-15,14.220000267028809,14.489999771118164,14.020000457763672,14.180000305175781
2020-10-16,14.210000038146973,14.460000038146973,14.149999618530273,14.430000305175781
2020-10-19,14.470000267028809,14.75,14.359999656677246,14.720000267028809
2020-10-20,14.699999809265137,14.739999771118164,14.510000228881836,14.539999961853027
2020-10-21,14.529999732971191,14.59000015258789,14.300000190734863,14.5
2020-10-22,14.5,14.9399995803833,14.470000267028809,14.779999732971191
2020-10-23,14.779999732971191,14.880000114440918,14.59000015258789,14.720000267028809
2020-10-26,14.65999984741211,14.850000381469727,14.369999885559082,14.770000457763672
2020-10-27,14.829999923706055,15.039999961853027,14.680000305175781,14.829999923706055
2020-10-28,14.710000038146973,14.949999809265137,14.619999885559082,14.890000343322754
2020-10-29,14.8100004196167,14.84000015258789,14.34000015258789,14.399999618530273
2020-10-30,14.359999656677246,14.4399995803833,13.9399995803833,14.359999656677246
2020-11-02,14.239999771118164,15.039999961853027,14.229999542236328,14.970000267028809
2020-11-03,15.0,15.229999542236328,14.65999984741211,14.720000267028809
2020-11-04,14.649999618530273,14.8100004196167,14.420000076293945,14.649999618530273
2020-11-05,14.699999809265137,14.829999923706055,14.380000114440918,14.479999542236328
2020-11-06,14.380000114440918,15.0,14.270000457763672,14.90999984741211
2020-11-09,14.970000267028809,15.050000190734863,14.579999923706055,14.880000114440918
2020-11-10,14.880000114440918,14.920000076293945,14.529999732971191,14.680000305175781
2020-11-11,14.65999984741211,14.680000305175781,14.420000076293945,14.489999771118164
2020-11-12,14.510000228881836,15.0,14.5,14.920000076293945
2020-11-13,14.859999656677246,15.079999923706055,14.789999961853027,14.960000038146973
2020-11-16,14.960000038146973,15.579999923706055,14.960000038146973,15.470000267028809
2020-11-17,15.460000038146973,15.65999984741211,15.220000267028809,15.3100004196167
2020-11-18,15.319999694824219,15.5600004196167,15.3100004196167,15.449999809265137
2020-11-19,15.449999809265137,15.520000457763672,15.220000267028809,15.279999732971191
2020-11-20,15.3100004196167,15.399999618530273,14.869999885559082,15.210000038146973
2020-11-23,15.300000190734863,15.489999771118164,15.079999923706055,15.149999618530273
2020-11-24,15.079999923706055,15.130000114440918,14.920000076293945,15.039999961853027
2020-11-25,15.0600004196167,15.149999618530273,14.65999984741211,14.770000457763672
2020-11-27,14.880000114440918,15.180000305175781,14.760000228881836,14.819999694824219
2020-11-30,14.819999694824219,14.90999984741211,14.40999984741211,14.510000228881836
2020-12-01,14.550000190734863,14.850000381469727,14.399999618530273,14.510000228881836
2020-12-02,14.630000114440918,14.739999771118164,14.329999923706055,14.600000381469727
2020-12-03,14.619999885559082,14.890000343322754,14.579999923706055,14.710000038146973
2020-12-04,14.75,14.770000457763672,14.390000343322754,14.4399995803833
2020-12-07,14.399999618530273,14.65999984741211,14.300000190734863,14.449999809265137
2020-12-08,14.460000038146973,14.529999732971191,14.34000015258789,14.390000343322754
2020-12-09,14.449999809265137,14.989999771118164,14.40999984741211,14.970000267028809
2020-12-10,14.920000076293945,15.069999694824219,14.600000381469727,14.65999984741211
2020-12-11,14.65999984741211,14.699999809265137,14.380000114440918,14.430000305175781
2020-12-14,14.430000305175781,14.449999809265137,14.09000015258789,14.119999885559082
2020-12-15,14.149999618530273,14.319999694824219,14.09000015258789,14.210000038146973
2020-12-16,14.279999732971191,14.539999961853027,14.239999771118164,14.489999771118164
2020-12-17,14.489999771118164,14.720000267028809,14.449999809265137,14.680000305175781
2020-12-18,14.680000305175781,14.760000228881836,14.390000343322754,14.4399995803833
2020-12-21,14.359999656677246,14.630000114440918,14.279999732971191,14.529999732971191
2020-12-22,14.550000190734863,14.640000343322754,14.399999618530273,14.539999961853027
2020-12-23,14.59000015258789,14.899999618530273,14.5600004196167,14.829999923706055
2020-12-24,14.890000343322754,15.0,14.739999771118164,14.899999618530273
2020-12-28,14.930000305175781,15.130000114440918,14.829999923706055,14.979999542236328
2020-12-29,15.029999732971191,15.069999694824219,14.850000381469727,15.039999961853027
2020-12-30,15.069999694824219,15.449999809265137,14.979999542236328,15.279999732971191
2020-12-31,15.279999732971191,15.529999732971191,15.15999984741211,15.489999771118164
2021-01-04,15.649999618530273,16.1299991607666,15.550000190734863,15.760000228881836
2021-01-05,15.75,16.149999618530273,15.640000343322754,16.1200008392334
2021-01-06,16.1200008392334,16.31999969482422,16.020000457763672,16.25
2021-01-07,16.329999923706055,16.329999923706055,15.550000190734863,15.600000381469727
2021-01-08,15.699999809265137,15.869999885559082,15.539999961853027,15.600000381469727
2021-01-11,15.550000190734863,15.75,15.399999618530273,15.670000076293945
2021-01-12,15.75,15.9399995803833,15.4399995803833,15.460000038146973
2021-01-13,15.550000190734863,15.979999542236328,15.510000228881836,15.84000015258789
2021-01-14,15.949999809265137,16.75,15.949999809265137,16.670000076293945
2021-01-15,16.670000076293945,16.709999084472656,16.270000457763672,16.450000762939453
2021-01-19,16.5,16.700000762939453,16.059999465942383,16.100000381469727
2021-01-20,16.100000381469727,16.559999465942383,16.020000457763672,16.270000457763672
2021-01-21,16.299999237060547,16.3799991607666,15.8100004196167,16.049999237060547
2021-01-22,15.989999771118164,16.040000915527344,15.729999542236328,15.869999885559082
2021-01-25,15.9399995803833,16.100000381469727,15.720000267028809,15.739999771118164
2021-01-26,15.739999771118164,15.859999656677246,15.619999885559082,15.739999771118164
2021-01-27,15.84000015258789,16.190000534057617,15.65999984741211,15.800000190734863
2021-01-28,15.779999732971191,16.0,15.569999694824219,15.59000015258789
2021-01-29,15.569999694824219,16.030000686645508,15.550000190734863,15.829999923706055
2021-02-01,15.930000305175781,16.270000457763672,15.869999885559082,16.149999618530273
2021-02-02,16.25,16.479999542236328,16.079999923706055,16.290000915527344
2021-02-03,16.290000915527344,16.3799991607666,15.960000038146973,16.040000915527344
2021-02-04,16.139999389648438,16.15999984741211,15.819999694824219,16.049999237060547
2021-02-05,16.170000076293945,16.520000457763672,16.06999969482422,16.420000076293945
2021-02-08,16.459999084472656,16.610000610351562,16.260000228881836,16.270000457763672
2021-02-09,16.350000381469727,16.579999923706055,16.209999084472656,16.440000534057617
2021-02-10,16.530000686645508,17.049999237060547,16.3700008392334,16.709999084472656
2021-02-11,16.700000762939453,16.81999969482422,16.469999313354492,16.549999237060547
2021-02-12,16.510000228881836,16.59000015258789,16.299999237060547,16.3799991607666
2021-02-16,16.540000915527344,16.770000457763672,16.489999771118164,16.729999542236328
2021-02-17,16.850000381469727,17.09000015258789,16.799999237060547,16.959999084472656
2021-02-18,17.0,17.540000915527344,17.0,17.510000228881836
2021-02-19,17.65999984741211,17.959999084472656,17.600000381469727,17.790000915527344
2021-02-22,17.889999389648438,18.889999389648438,17.639999389648438,18.780000686645508
2021-02-23,18.760000228881836,18.940000534057617,18.25,18.40999984741211
2021-02-24,18.399999618530273,18.5,18.100000381469727,18.15999984741211
2021-02-25,18.1200008392334,18.3799991607666,17.700000762939453,17.84000015258789
2021-02-26,17.780000686645508,17.780000686645508,17.31999969482422,17.530000686645508
2021-03-01,16.549999237060547,16.700000762939453,16.170000076293945,16.209999084472656
2021-03-02,16.200000762939453,16.530000686645508,16.020000457763672,16.43000030517578
2021-03-03,16.5,16.530000686645508,16.06999969482422,16.139999389648438
2021-03-04,16.1299991607666,16.40999984741211,15.960000038146973,16.260000228881836
2021-03-05,16.260000228881836,16.559999465942383,16.079999923706055,16.399999618530273
2021-03-08,16.5,16.540000915527344,16.149999618530273,16.200000762939453
2021-03-09,16.1299991607666,16.15999984741211,15.850000381469727,15.899999618530273
2021-03-10,15.949999809265137,16.1299991607666,15.90999984741211,15.960000038146973
2021-03-11,16.059999465942383,16.40999984741211,16.0,16.360000610351562
2021-03-12,16.290000915527344,16.299999237060547,16.06999969482422,16.1299991607666
2021-03-15,16.200000762939453,16.280000686645508,15.90999984741211,16.1200008392334
2021-03-16,16.200000762939453,16.549999237060547,16.06999969482422,16.299999237060547
2021-03-17,16.229999542236328,16.280000686645508,15.9399995803833,15.989999771118164
2021-03-18,16.049999237060547,16.100000381469727,15.8100004196167,15.890000343322754
2021-03-19,15.8100004196167,15.890000343322754,15.550000190734863,15.760000228881836
2021-03-22,15.760000228881836,15.859999656677246,15.510000228881836,15.529999732971191
2021-03-23,15.520000457763672,15.539999961853027,15.050000190734863,15.430000305175781
2021-03-24,15.399999618530273,15.670000076293945,15.279999732971191,15.630000114440918
2021-03-25,15.539999961853027,15.630000114440918,15.010000228881836,15.09000015258789
2021-03-26,15.119999885559082,15.289999961853027,15.09000015258789,15.1899995803833
2021-03-29,15.130000114440918,15.15999984741211,14.84000015258789,14.920000076293945
2021-03-30,15.0,15.140000343322754,14.869999885559082,14.920000076293945
2021-03-31,14.9399995803833,15.029999732971191,14.670000076293945,14.770000457763672
2021-04-01,14.710000038146973,14.9399995803833,14.680000305175781,14.710000038146973
2021-04-05,14.739999771118164,14.960000038146973,14.6899995803833,14.84000015258789
2021-04-06,14.800000190734863,15.210000038146973,14.789999961853027,15.15999984741211
2021-04-07,15.180000305175781,15.34000015258789,14.989999771118164,15.140000343322754
2021-04-08,15.130000114440918,15.390000343322754,15.130000114440918,15.180000305175781
2021-04-09,15.260000228881836,15.720000267028809,15.220000267028809,15.460000038146973
2021-04-12,15.479999542236328,15.630000114440918,15.319999694824219,15.350000381469727
2021-04-13,15.34000015258789,15.640000343322754,15.34000015258789,15.430000305175781
2021-04-14,15.5,15.930000305175781,15.5,15.859999656677246
2021-04-15,15.970000267028809,16.420000076293945,15.869999885559082,16.3799991607666
2021-04-16,16.3799991607666,16.799999237060547,16.219999313354492,16.719999313354492
2021-04-19,16.670000076293945,16.719999313354492,16.260000228881836,16.290000915527344
2021-04-20,16.329999923706055,16.8799991607666,16.329999923706055,16.770000457763672
2021-04-21,16.709999084472656,16.989999771118164,16.6200008392334,16.940000534057617
2021-04-22,16.899999618530273,17.06999969482422,16.809999465942383,16.920000076293945
2021-04-23,16.90999984741211,17.079999923706055,16.829999923706055,16.90999984741211
2021-04-26,16.950000762939453,17.239999771118164,16.81999969482422,17.170000076293945
2021-04-27,17.170000076293945,17.979999542236328,17.15999984741211,17.940000534057617
2021-04-28,17.860000610351562,17.860000610351562,17.139999389648438,17.299999237060547
2021-04-29,17.290000915527344,17.520000457763672,16.6299991607666,17.079999923706055
2021-04-30,17.06999969482422,17.770000457763672,16.770000457763672,17.440000534057617
2021-05-03,17.020000457763672,17.31999969482422,16.690000534057617,16.729999542236328
2021-05-04,16.760000228881836,17.270000457763672,16.760000228881836,17.1200008392334
2021-05-05,17.239999771118164,17.579999923706055,17.18000030517578,17.530000686645508
2021-05-06,17.56999969482422,17.889999389648438,17.34000015258789,17.549999237060547
2021-05-07,17.549999237060547,17.690000534057617,17.31999969482422,17.489999771118164
2021-05-10,17.350000381469727,17.75,17.260000228881836,17.489999771118164
2021-05-11,17.489999771118164,18.139999389648438,17.399999618530273,18.100000381469727
2021-05-12,18.170000076293945,18.25,17.780000686645508,17.84000015258789
2021-05-13,17.799999237060547,17.799999237060547,17.010000228881836,17.110000610351562
2021-05-14,17.200000762939453,17.450000762939453,16.920000076293945,16.959999084472656
2021-05-17,17.0,17.1200008392334,16.799999237060547,16.989999771118164
2021-05-18,17.049999237060547,17.360000610351562,16.959999084472656,17.209999084472656
2021-05-19,17.100000381469727,17.100000381469727,16.850000381469727,16.950000762939453
2021-05-20,16.959999084472656,17.1200008392334,16.889999389648438,17.040000915527344
2021-05-21,16.979999542236328,17.020000457763672,16.600000381469727,16.670000076293945
2021-05-24,16.65999984741211,16.920000076293945,16.540000915527344,16.829999923706055
2021-05-25,16.8799991607666,17.270000457763672,16.860000610351562,17.040000915527344
2021-05-26,17.079999923706055,17.1299991607666,16.6299991607666,16.780000686645508
2021-05-27,16.799999237060547,17.200000762939453,16.780000686645508,17.1200008392334
2021-05-28,17.200000762939453,17.690000534057617,17.200000762939453,17.360000610351562
2021-06-01,17.510000228881836,17.889999389648438,17.510000228881836,17.690000534057617
2021-06-02,17.770000457763672,17.93000030517578,17.489999771118164,17.68000030517578
2021-06-03,17.739999771118164,17.739999771118164,17.290000915527344,17.43000030517578
2021-06-04,17.43000030517578,17.81999969482422,17.43000030517578,17.709999084472656
2021-06-07,17.729999542236328,17.829999923706055,17.31999969482422,17.3799991607666
2021-06-08,17.34000015258789,17.760000228881836,17.299999237060547,17.709999084472656
2021-06-09,17.709999084472656,17.899999618530273,17.559999465942383,17.729999542236328
2021-06-10,17.65999984741211,17.84000015258789,17.579999923706055,17.65999984741211
2021-06-11,17.65999984741211,17.690000534057617,17.360000610351562,17.540000915527344
2021-06-14,17.5,17.5,16.93000030517578,17.290000915527344
2021-06-15,17.34000015258789,17.459999084472656,16.93000030517578,17.049999237060547
2021-06-16,17.0,17.309999465942383,16.959999084472656,17.040000915527344
2021-06-17,16.90999984741211,16.950000762939453,16.520000457763672,16.549999237060547
2021-06-18,16.610000610351562,16.780000686645508,16.31999969482422,16.43000030517578
2021-06-21,16.420000076293945,16.90999984741211,16.190000534057617,16.780000686645508
2021-06-22,16.729999542236328,16.770000457763672,16.299999237060547,16.43000030517578
2021-06-23,16.5,16.850000381469727,16.489999771118164,16.690000534057617
2021-06-24,16.6299991607666,16.989999771118164,16.5,16.93000030517578
2021-06-25,16.959999084472656,17.0,16.729999542236328,16.899999618530273
2021-06-28,16.979999542236328,17.260000228881836,16.799999237060547,17.229999542236328
2021-06-29,17.239999771118164,17.299999237060547,16.920000076293945,17.229999542236328
2021-06-30,17.25,17.579999923706055,17.059999465942383,17.6299991607666
2021-07-01,17.920000076293945,18.489999771118164,17.729999542236328,17.940000534057617
2021-07-02,18.0,18.34000015258789,17.889999389648438,18.149999618530273
2021-07-06,18.350000381469727,18.43000030517578,17.81999969482422,17.8700008392334
2021-07-07,17.889999389648438,18.110000610351562,17.450000762939453,17.75
2021-07-08,17.780000686645508,17.809999465942383,17.31999969482422,17.450000762939453
2021-07-09,17.329999923706055,17.459999084472656,17.170000076293945,17.280000686645508
2021-07-12,17.239999771118164,17.25,16.93000030517578,16.989999771118164
2021-07-13,17.100000381469727,17.219999313354492,16.729999542236328,17.079999923706055
2021-07-14,17.239999771118164,17.25,16.84000015258789,16.93000030517578
2021-07-15,16.860000610351562,17.3700008392334,16.829999923706055,17.329999923706055
2021-07-16,17.329999923706055,17.780000686645508,17.239999771118164,17.709999084472656
2021-07-19,17.700000762939453,17.790000915527344,17.049999237060547,17.06999969482422
2021-07-20,17.200000762939453,17.530000686645508,17.200000762939453,17.40999984741211
2021-07-21,17.549999237060547,17.690000534057617,17.270000457763672,17.670000076293945
2021-07-22,17.700000762939453,17.739999771118164,17.469999313354492,17.6200008392334
2021-07-23,17.649999618530273,18.280000686645508,17.649999618530273,18.170000076293945
2021-07-26,18.219999313354492,18.639999389648438,17.770000457763672,18.420000076293945
2021-07-27,18.649999618530273,18.729999542236328,18.260000228881836,18.350000381469727
2021-07-28,18.399999618530273,18.690000534057617,18.100000381469727,18.610000610351562
2021-07-29,18.700000762939453,18.809999465942383,18.229999542236328,18.299999237060547
2021-07-30,18.299999237060547,18.450000762939453,17.799999237060547,17.90999984741211
2021-08-02,17.860000610351562,18.149999618530273,17.860000610351562,17.950000762939453
2021-08-03,17.920000076293945,18.239999771118164,17.739999771118164,17.979999542236328
2021-08-04,18.079999923706055,18.200000762939453,17.90999984741211,17.93000030517578
2021-08-05,18.0,18.690000534057617,17.829999923706055,18.6200008392334
2021-08-06,18.559999465942383,18.920000076293945,18.5,18.68000030517578
2021-08-09,18.59000015258789,18.700000762939453,18.360000610351562,18.469999313354492
2021-08-10,18.6299991607666,19.75,18.540000915527344,19.59000015258789
2021-08-11,19.65999984741211,19.670000076293945,19.299999237060547,19.469999313354492
2021-08-12,19.450000762939453,19.639999389648438,19.329999923706055,19.540000915527344
2021-08-13,19.600000381469727,20.100000381469727,19.530000686645508,19.950000762939453
2021-08-16,19.989999771118164,20.170000076293945,19.889999389648438,20.030000686645508
2021-08-17,20.020000457763672,20.3700008392334,19.93000030517578,20.020000457763672
2021-08-18,20.010000228881836,20.309999465942383,19.989999771118164,20.170000076293945
2021-08-19,20.09000015258789,20.09000015258789,19.709999084472656,19.790000915527344
2021-08-20,19.790000915527344,19.979999542236328,19.469999313354492,19.579999923706055
2021-08-23,19.579999923706055,19.790000915527344,19.5,19.579999923706055
2021-08-24,19.68000030517578,19.8799991607666,19.510000228881836,19.579999923706055
2021-08-25,19.520000457763672,19.829999923706055,19.420000076293945,19.729999542236328
2021-08-26,19.780000686645508,19.8700008392334,19.489999771118164,19.68000030517578
2021-08-27,19.68000030517578,20.100000381469727,19.6200008392334,20.040000915527344
2021-08-30,20.040000915527344,20.299999237060547,20.010000228881836,20.219999313354492
2021-08-31,20.299999237060547,20.299999237060547,19.729999542236328,19.84000015258789
2021-09-01,19.93000030517578,20.049999237060547,19.610000610351562,19.670000076293945
2021-09-02,19.670000076293945,19.940000534057617,19.6200008392334,19.899999618530273
2021-09-03,19.899999618530273,19.90999984741211,19.549999237060547,19.6200008392334
2021-09-07,19.6299991607666,19.719999313354492,19.440000534057617,19.479999542236328
2021-09-08,19.5,19.760000228881836,19.450000762939453,19.489999771118164
2021-09-09,19.510000228881836,19.549999237060547,19.100000381469727,19.239999771118164
2021-09-10,19.25,19.25,18.729999542236328,18.790000915527344
2021-09-13,18.809999465942383,19.020000457763672,18.56999969482422,18.979999542236328
2021-09-14,19.059999465942383,19.18000030517578,18.799999237060547,18.959999084472656
2021-09-15,18.989999771118164,19.649999618530273,18.959999084472656,19.520000457763672
2021-09-16,19.520000457763672,19.700000762939453,19.299999237060547,19.489999771118164
2021-09-17,19.520000457763672,19.59000015258789,19.040000915527344,19.18000030517578
2021-09-20,19.0,19.100000381469727,18.809999465942383,18.860000610351562
2021-09-21,18.889999389648438,19.239999771118164,18.81999969482422,18.969999313354492
2021-09-22,19.040000915527344,19.3799991607666,19.020000457763672,19.329999923706055
2021-09-23,19.399999618530273,19.540000915527344,19.290000915527344,19.489999771118164
2021-09-24,19.549999237060547,19.549999237060547,19.049999237060547,19.100000381469727
2021-09-27,19.239999771118164,19.290000915527344,18.719999313354492,18.729999542236328
2021-09-28,18.760000228881836,19.049999237060547,18.489999771118164,18.979999542236328
2021-09-29,18.959999084472656,19.31999969482422,18.8700008392334,18.940000534057617
2021-09-30,19.079999923706055,19.93000030517578,18.729999542236328,19.829999923706055
2021-10-01,20.309999465942383,20.350000381469727,20.020000457763672,20.059999465942383
2021-10-04,20.030000686645508,20.100000381469727,19.6299991607666,19.690000534057617
2021-10-05,19.739999771118164,20.040000915527344,19.6200008392334,19.850000381469727
2021-10-06,19.799999237060547,19.8700008392334,19.649999618530273,19.770000457763672
2021-10-07,19.770000457763672,20.020000457763672,19.760000228881836,19.84000015258789
2021-10-08,19.889999389648438,20.34000015258789,19.84000015258789,20.290000915527344
2021-10-11,20.34000015258789,20.610000610351562,20.219999313354492,20.329999923706055
2021-10-12,20.31999969482422,20.3799991607666,20.030000686645508,20.06999969482422
2021-10-13,20.110000610351562,20.149999618530273,19.829999923706055,19.860000610351562
2021-10-14,19.8799991607666,20.010000228881836,19.479999542236328,19.59000015258789
2021-10-15,19.600000381469727,19.969999313354492,19.59000015258789,19.799999237060547
2021-10-18,19.770000457763672,19.799999237060547,19.139999389648438,19.350000381469727
2021-10-19,19.350000381469727,19.440000534057617,18.81999969482422,18.8700008392334
2021-10-20,19.010000228881836,19.110000610351562,18.84000015258789,18.969999313354492
2021-10-21,19.0,19.190000534057617,18.8700008392334,18.940000534057617
2021-10-22,19.030000686645508,19.149999618530273,18.920000076293945,19.079999923706055
2021-10-25,19.149999618530273,19.440000534057617,18.979999542236328,19.389999389648438
2021-10-26,19.3700008392334,19.690000534057617,19.31999969482422,19.65999984741211
2021-10-27,19.600000381469727,19.860000610351562,19.530000686645508,19.700000762939453
2021-10-28,19.700000762939453,19.829999923706055,19.5,19.6200008392334
2021-10-29,19.6200008392334,19.700000762939453,19.209999084472656,19.270000457763672
2021-11-01,19.280000686645508,19.540000915527344,19.190000534057617,19.3700008392334
2021-11-02,19.3700008392334,19.649999618530273,19.290000915527344,19.540000915527344
2021-11-03,19.530000686645508,19.530000686645508,19.329999923706055,19.3799991607666
2021-11-04,19.420000076293945,19.829999923706055,19.3799991607666,19.6299991607666
2021-11-05,19.65999984741211,19.989999771118164,19.559999465942383,19.940000534057617
2021-11-08,19.989999771118164,20.100000381469727,19.8799991607666,19.920000076293945
2021-11-09,19.940000534057617,20.100000381469727,19.799999237060547,19.899999618530273
2021-11-10,19.899999618530273,19.979999542236328,19.520000457763672,19.600000381469727
2021-11-11,19.6200008392334,20.149999618530273,19.6200008392334,20.1200008392334
2021-11-12,20.110000610351562,20.170000076293945,19.920000076293945,20.010000228881836
2021-11-15,20.010000228881836,20.1200008392334,19.639999389648438,19.739999771118164
2021-11-16,19.700000762939453,20.010000228881836,19.670000076293945,19.989999771118164
2021-11-17,19.989999771118164,20.510000228881836,19.959999084472656,20.420000076293945
2021-11-18,20.459999084472656,20.690000534057617,20.100000381469727,20.18000030517578
2021-11-19,20.18000030517578,20.290000915527344,19.889999389648438,19.989999771118164
2021-11-22,19.989999771118164,20.100000381469727,19.68000030517578,19.760000228881836
2021-11-23,19.700000762939453,20.149999618530273,19.600000381469727,20.110000610351562
2021-11-24,20.010000228881836,20.190000534057617,19.799999237060547,19.93000030517578
2021-11-26,19.700000762939453,19.729999542236328,19.149999618530273,19.350000381469727
2021-11-29,19.559999465942383,19.65999984741211,19.149999618530273,19.190000534057617
2021-11-30,19.1200008392334,19.190000534057617,18.549999237060547,18.600000381469727
2021-12-01,18.860000610351562,18.8799991607666,18.559999465942383,18.600000381469727
2021-12-02,18.690000534057617,18.780000686645508,18.459999084472656,18.6200008392334
2021-12-03,18.68000030517578,18.959999084472656,18.670000076293945,18.75
2021-12-06,18.84000015258789,19.25,18.760000228881836,19.15999984741211
2021-12-07,19.219999313354492,19.510000228881836,19.200000762939453,19.479999542236328
2021-12-08,19.399999618530273,19.899999618530273,19.360000610351562,19.81999969482422
2021-12-09,19.81999969482422,19.8700008392334,19.530000686645508,19.690000534057617
2021-12-10,19.65999984741211,19.84000015258789,19.520000457763672,19.709999084472656
2021-12-13,19.760000228881836,19.850000381469727,19.579999923706055,19.639999389648438
2021-12-14,19.719999313354492,19.790000915527344,19.610000610351562,19.649999618530273
2021-12-15,19.579999923706055,19.59000015258789,19.18000030517578,19.290000915527344
2021-12-16,19.399999618530273,19.530000686645508,19.190000534057617,19.399999618530273
2021-12-17,19.34000015258789,19.389999389648438,19.010000228881836,19.110000610351562
2021-12-20,18.950000762939453,18.950000762939453,18.520000457763672,18.59000015258789
2021-12-21,18.68000030517578,18.780000686645508,18.56999969482422,18.739999771118164
2021-12-22,18.799999237060547,19.3799991607666,18.739999771118164,19.260000228881836
2021-12-23,19.229999542236328,19.3799991607666,19.1200008392334,19.239999771118164
2021-12-27,19.149999618530273,19.290000915527344,19.049999237060547,19.209999084472656
2021-12-28,19.219999313354492,19.360000610351562,18.90999984741211,18.959999084472656
2021-12-29,18.969999313354492,19.170000076293945,18.829999923706055,19.100000381469727
2021-12-30,19.100000381469727,19.100000381469727,18.6200008392334,18.780000686645508
2021-12-31,18.780000686645508,18.979999542236328,18.75,18.8799991607666
2022-01-03,18.940000534057617,19.010000228881836,18.68000030517578,18.739999771118164
2022-01-04,18.75,18.850000381469727,18.6200008392334,18.75
2022-01-05,18.799999237060547,18.799999237060547,18.31999969482422,18.34000015258789
2022-01-06,18.309999465942383,18.389999389648438,18.149999618530273,18.190000534057617
2022-01-07,18.260000228881836,18.440000534057617,17.989999771118164,18.049999237060547
2022-01-10,18.149999618530273,18.200000762939453,17.600000381469727,17.829999923706055
2022-01-11,17.950000762939453,18.209999084472656,17.850000381469727,18.110000610351562
2022-01-12,18.190000534057617,18.469999313354492,18.149999618530273,18.34000015258789
2022-01-13,18.34000015258789,18.420000076293945,17.940000534057617,18.09000015258789
2022-01-14,18.100000381469727,18.3700008392334,18.030000686645508,18.309999465942383
2022-01-18,18.5,18.790000915527344,18.450000762939453,18.65999984741211
2022-01-19,18.75,19.149999618530273,18.700000762939453,19.06999969482422
2022-01-20,19.010000228881836,19.290000915527344,18.8700008392334,18.93000030517578
2022-01-21,18.809999465942383,19.110000610351562,18.68000030517578,18.899999618530273
2022-01-24,18.84000015258789,18.979999542236328,18.510000228881836,18.809999465942383
2022-01-25,18.850000381469727,18.950000762939453,18.6200008392334,18.780000686645508
2022-01-26,18.75,18.809999465942383,18.3799991607666,18.489999771118164
2022-01-27,18.389999389648438,18.530000686645508,18.309999465942383,18.40999984741211
2022-01-28,18.420000076293945,18.5,18.09000015258789,18.200000762939453
2022-01-31,18.299999237060547,18.360000610351562,17.899999618530273,18.219999313354492
2022-02-01,18.290000915527344,18.559999465942383,18.170000076293945,18.479999542236328
2022-02-02,18.5,18.5,17.860000610351562,17.93000030517578
2022-02-03,17.93000030517578,18.1200008392334,17.770000457763672,17.989999771118164
2022-02-04,18.010000228881836,18.299999237060547,17.979999542236328,18.229999542236328
2022-02-07,18.15999984741211,18.299999237060547,17.969999313354492,18.049999237060547
2022-02-08,18.010000228881836,18.139999389648438,17.84000015258789,18.079999923706055
2022-02-09,18.079999923706055,18.68000030517578,18.020000457763672,18.479999542236328
2022-02-10,18.479999542236328,18.540000915527344,18.219999313354492,18.299999237060547
2022-02-11,18.229999542236328,18.350000381469727,18.06999969482422,18.260000228881836
2022-02-14,18.219999313354492,18.399999618530273,18.010000228881836,18.1200008392334
2022-02-15,18.190000534057617,18.270000457763672,17.959999084472656,18.06999969482422
2022-02-16,18.149999618530273,18.25,18.040000915527344,18.06999969482422
2022-02-17,18.049999237060547,18.350000381469727,18.049999237060547,18.280000686645508
2022-02-18,18.25,18.479999542236328,18.110000610351562,18.200000762939453
2022-02-22,18.299999237060547,18.5,18.270000457763672,18.479999542236328
2022-02-23,18.479999542236328,18.600000381469727,18.450000762939453,18.530000686645508
2022-02-24,18.690000534057617,18.8700008392334,18.25,18.31999969482422
2022-02-25,18.329999923706055,18.3799991607666,17.950000762939453,17.989999771118164
2022-02-28,18.190000534057617,18.190000534057617,17.84000015258789,18.0
2022-03-01,17.719999313354492,18.43000030517578,17.700000762939453,18.34000015258789
2022-03-02,18.5,18.670000076293945,18.280000686645508,18.639999389648438
2022-03-03,18.649999618530273,18.979999542236328,18.450000762939453,18.93000030517578
2022-03-04,18.899999618530273,19.479999542236328,18.809999465942383,19.350000381469727
2022-03-07,19.579999923706055,19.889999389648438,19.219999313354492,19.270000457763672
2022-03-08,19.200000762939453,19.729999542236328,19.010000228881836,19.43000030517578
2022-03-09,19.43000030517578,19.6299991607666,18.90999984741211,18.940000534057617
2022-03-10,19.020000457763672,19.59000015258789,18.959999084472656,19.100000381469727
2022-03-11,19.1200008392334,19.290000915527344,18.8700008392334,19.239999771118164
2022-03-14,19.200000762939453,19.200000762939453,19.0,19.1299991607666
2022-03-15,18.850000381469727,18.899999618530273,18.56999969482422,18.729999542236328
2022-03-16,18.799999237060547,18.850000381469727,18.510000228881836,18.559999465942383
2022-03-17,18.6200008392334,18.969999313354492,18.559999465942383,18.690000534057617
2022-03-18,18.739999771118164,19.0,18.56999969482422,18.93000030517578
2022-03-21,19.0,19.34000015258789,18.979999542236328,19.280000686645508
2022-03-22,19.329999923706055,19.329999923706055,19.1200008392334,19.149999618530273
2022-03-23,19.149999618530273,19.3700008392334,19.030000686645508,19.239999771118164
2022-03-24,19.209999084472656,19.5,19.200000762939453,19.260000228881836
2022-03-25,19.309999465942383,19.649999618530273,19.209999084472656,19.610000610351562
2022-03-28,19.520000457763672,19.639999389648438,19.3700008392334,19.59000015258789
2022-03-29,19.59000015258789,19.600000381469727,18.84000015258789,19.110000610351562
2022-03-30,19.229999542236328,19.59000015258789,19.200000762939453,19.469999313354492
2022-03-31,19.309999465942383,19.540000915527344,19.239999771118164,19.489999771118164
2022-04-01,19.420000076293945,19.520000457763672,19.25,19.3700008392334
2022-04-04,19.3700008392334,19.770000457763672,19.3700008392334,19.610000610351562
2022-04-05,19.709999084472656,19.809999465942383,19.540000915527344,19.649999618530273
2022-04-06,19.700000762939453,19.760000228881836,19.450000762939453,19.59000015258789
2022-04-07,19.600000381469727,20.040000915527344,19.59000015258789,19.84000015258789
2022-04-08,19.93000030517578,20.450000762939453,19.84000015258789,20.40999984741211
2022-04-11,20.329999923706055,20.3700008392334,20.059999465942383,20.309999465942383
2022-04-12,20.389999389648438,20.479999542236328,20.15999984741211,20.219999313354492
2022-04-13,20.219999313354492,20.510000228881836,20.020000457763672,20.100000381469727
2022-04-14,20.149999618530273,20.350000381469727,19.90999984741211,20.059999465942383
2022-04-18,20.139999389648438,20.31999969482422,19.979999542236328,20.260000228881836
2022-04-19,20.200000762939453,20.209999084472656,19.719999313354492,19.739999771118164
2022-04-20,19.799999237060547,19.850000381469727,19.610000610351562,19.6200008392334
2022-04-21,19.700000762939453,19.940000534057617,19.56999969482422,19.8700008392334
2022-04-22,19.799999237060547,19.850000381469727,19.209999084472656,19.239999771118164
2022-04-25,19.149999618530273,19.149999618530273,18.8700008392334,18.950000762939453
2022-04-26,19.020000457763672,19.190000534057617,18.899999618530273,18.989999771118164
2022-04-27,18.989999771118164,19.399999618530273,18.799999237060547,19.020000457763672
2022-04-28,19.059999465942383,19.469999313354492,18.940000534057617,19.420000076293945
2022-04-29,19.43000030517578,19.549999237060547,19.350000381469727,19.350000381469727
2022-05-02,19.06999969482422,19.100000381469727,18.690000534057617,18.850000381469727
2022-05-03,18.850000381469727,18.920000076293945,18.59000015258789,18.6200008392334
2022-05-04,18.700000762939453,18.90999984741211,18.540000915527344,18.6200008392334
2022-05-05,18.739999771118164,18.8799991607666,18.610000610351562,18.780000686645508
2022-05-06,18.84000015258789,19.209999084472656,18.56999969482422,19.15999984741211
2022-05-09,19.0,19.030000686645508,18.559999465942383,18.65999984741211
2022-05-10,18.649999618530273,18.770000457763672,18.510000228881836,18.540000915527344
2022-05-11,18.6200008392334,18.729999542236328,18.440000534057617,18.549999237060547
2022-05-12,18.469999313354492,18.709999084472656,18.299999237060547,18.639999389648438
2022-05-13,18.719999313354492,19.200000762939453,18.68000030517578,19.170000076293945
2022-05-16,19.700000762939453,19.700000762939453,19.280000686645508,19.68000030517578
2022-05-17,19.65999984741211,20.239999771118164,19.56999969482422,20.0
2022-05-18,19.950000762939453,20.1299991607666,19.739999771118164,19.829999923706055
2022-05-19,19.760000228881836,19.8799991607666,19.510000228881836,19.770000457763672
2022-05-20,19.81999969482422,20.100000381469727,19.729999542236328,19.950000762939453
2022-05-23,20.049999237060547,20.09000015258789,19.719999313354492,19.770000457763672
2022-05-24,19.700000762939453,19.989999771118164,19.450000762939453,19.75
2022-05-25,19.81999969482422,19.93000030517578,19.540000915527344,19.68000030517578
2022-05-26,19.399999618530273,19.6200008392334,19.270000457763672,19.540000915527344
2022-05-27,19.510000228881836,19.729999542236328,19.399999618530273,19.610000610351562
2022-05-31,19.799999237060547,19.920000076293945,19.329999923706055,19.399999618530273
2022-06-01,19.399999618530273,19.68000030517578,19.280000686645508,19.440000534057617
2022-06-02,19.3799991607666,19.59000015258789,19.229999542236328,19.350000381469727
2022-06-03,19.350000381469727,19.420000076293945,19.25,19.290000915527344
2022-06-06,19.450000762939453,19.760000228881836,19.450000762939453,19.559999465942383
2022-06-07,19.399999618530273,19.40999984741211,18.940000534057617,18.969999313354492
2022-06-08,18.969999313354492,19.170000076293945,18.84000015258789,18.979999542236328
2022-06-09,18.989999771118164,19.450000762939453,18.81999969482422,19.290000915527344
2022-06-10,19.299999237060547,19.350000381469727,18.84000015258789,18.8700008392334
2022-06-13,18.799999237060547,18.809999465942383,18.610000610351562,18.709999084472656
2022-06-14,18.709999084472656,18.860000610351562,18.579999923706055,18.700000762939453
2022-06-15,18.65999984741211,18.729999542236328,18.3799991607666,18.459999084472656
2022-06-16,18.530000686645508,18.639999389648438,18.389999389648438,18.579999923706055
2022-06-17,18.719999313354492,18.959999084472656,18.56999969482422,18.600000381469727
2022-06-21,18.600000381469727,19.0,18.600000381469727,18.65999984741211
2022-06-22,18.600000381469727,18.600000381469727,18.420000076293945,18.450000762939453
2022-06-23,18.420000076293945,18.549999237060547,18.31999969482422,18.3799991607666
2022-06-24,18.389999389648438,18.43000030517578,18.229999542236328,18.3700008392334
2022-06-27,18.389999389648438,18.549999237060547,18.200000762939453,18.299999237060547
2022-06-28,18.489999771118164,18.6299991607666,18.3799991607666,18.530000686645508
2022-06-29,18.559999465942383,18.639999389648438,18.309999465942383,18.549999237060547
2022-06-30,18.520000457763672,18.90999984741211,18.520000457763672,18.829999923706055
2022-07-01,18.450000762939453,18.540000915527344,18.059999465942383,18.06999969482422
2022-07-05,18.200000762939453,18.290000915527344,17.709999084472656,17.799999237060547
2022-07-06,17.899999618530273,18.030000686645508,17.75,17.989999771118164
2022-07-07,18.040000915527344,18.59000015258789,17.979999542236328,18.520000457763672
2022-07-08,18.489999771118164,19.149999618530273,18.450000762939453,19.020000457763672
2022-07-11,19.049999237060547,19.1200008392334,18.84000015258789,18.860000610351562
2022-07-12,18.799999237060547,18.899999618530273,18.600000381469727,18.690000534057617
2022-07-13,18.690000534057617,19.200000762939453,18.690000534057617,19.139999389648438
2022-07-14,19.139999389648438,19.190000534057617,18.81999969482422,18.969999313354492
2022-07-15,18.969999313354492,19.3799991607666,18.93000030517578,19.25
2022-07-18,19.270000457763672,19.59000015258789,19.239999771118164,19.40999984741211
2022-07-19,19.309999465942383,19.389999389648438,18.799999237060547,18.84000015258789
2022-07-20,18.8700008392334,18.940000534057617,18.6299991607666,18.670000076293945
2022-07-21,18.700000762939453,18.739999771118164,18.260000228881836,18.350000381469727
2022-07-22,18.420000076293945,18.43000030517578,17.8700008392334,17.889999389648438
2022-07-25,17.860000610351562,17.889999389648438,17.440000534057617,17.469999313354492
2022-07-26,17.579999923706055,17.81999969482422,17.350000381469727,17.469999313354492
2022-07-27,17.510000228881836,17.6200008392334,17.31999969482422,17.399999618530273
2022-07-28,17.549999237060547,17.969999313354492,17.489999771118164,17.719999313354492
2022-07-29,17.809999465942383,17.889999389648438,17.520000457763672,17.540000915527344
2022-08-01,17.579999923706055,17.649999618530273,17.200000762939453,17.600000381469727
2022-08-02,17.670000076293945,17.780000686645508,17.360000610351562,17.690000534057617
2022-08-03,17.610000610351562,18.030000686645508,17.5,17.770000457763672
2022-08-04,17.6299991607666,17.860000610351562,17.530000686645508,17.549999237060547
2022-08-05,17.65999984741211,17.979999542236328,17.579999923706055,17.940000534057617
2022-08-08,17.959999084472656,18.139999389648438,17.790000915527344,17.959999084472656
2022-08-09,17.93000030517578,18.06999969482422,17.75,17.979999542236328
2022-08-10,17.979999542236328,18.399999618530273,17.959999084472656,18.280000686645508
2022-08-11,18.280000686645508,18.5,18.18000030517578,18.489999771118164
2022-08-12,18.489999771118164,18.649999618530273,18.389999389648438,18.600000381469727
2022-08-15,18.559999465942383,18.700000762939453,18.43000030517578,18.540000915527344
2022-08-16,18.5,18.540000915527344,18.219999313354492,18.270000457763672
2022-08-17,18.260000228881836,18.43000030517578,18.139999389648438,18.239999771118164
2022-08-18,18.280000686645508,18.280000686645508,17.75,17.770000457763672
2022-08-19,17.780000686645508,18.200000762939453,17.610000610351562,18.09000015258789
2022-08-22,17.940000534057617,18.09000015258789,17.739999771118164,17.940000534057617
2022-08-23,18.0,18.040000915527344,17.799999237060547,17.889999389648438
2022-08-24,17.93000030517578,18.239999771118164,17.899999618530273,18.040000915527344
2022-08-25,18.09000015258789,18.190000534057617,17.709999084472656,17.899999618530273
2022-08-26,17.90999984741211,18.489999771118164,17.850000381469727,18.469999313354492
2022-08-29,18.469999313354492,18.510000228881836,18.209999084472656,18.440000534057617
2022-08-30,18.440000534057617,18.520000457763672,18.059999465942383,18.100000381469727
2022-08-31,18.209999084472656,18.25,17.850000381469727,17.889999389648438
2022-09-01,17.860000610351562,18.06999969482422,17.75,17.989999771118164
2022-09-02,18.059999465942383,18.31999969482422,18.030000686645508,18.149999618530273
2022-09-06,18.239999771118164,18.280000686645508,17.93000030517578,17.979999542236328
2022-09-07,17.979999542236328,18.34000015258789,17.920000076293945,18.049999237060547
2022-09-08,18.049999237060547,18.239999771118164,17.850000381469727,17.93000030517578
2022-09-09,18.010000228881836,18.260000228881836,17.93000030517578,18.219999313354492
2022-09-12,18.260000228881836,18.520000457763672,18.1299991607666,18.350000381469727
2022-09-13,18.399999618530273,18.59000015258789,18.219999313354492,18.3799991607666
2022-09-14,18.399999618530273,18.549999237060547,18.239999771118164,18.270000457763672
2022-09-15,18.360000610351562,18.3799991607666,18.15999984741211,18.18000030517578
2022-09-16,18.18000030517578,18.209999084472656,17.8700008392334,17.8799991607666
2022-09-19,17.889999389648438,17.90999984741211,17.5,17.690000534057617
2022-09-20,17.809999465942383,18.260000228881836,17.65999984741211,18.190000534057617
2022-09-21,18.25,18.350000381469727,18.079999923706055,18.219999313354492
2022-09-22,18.200000762939453,18.520000457763672,18.200000762939453,18.489999771118164
2022-09-23,18.5,18.549999237060547,18.040000915527344,18.280000686645508
2022-09-26,18.260000228881836,18.75,18.149999618530273,18.350000381469727
2022-09-27,18.420000076293945,18.670000076293945,18.149999618530273,18.190000534057617
2022-09-28,18.229999542236328,18.479999542236328,18.100000381469727,18.290000915527344
2022-09-29,18.270000457763672,18.479999542236328,18.219999313354492,18.440000534057617
2022-09-30,18.5,18.600000381469727,18.260000228881836,18.420000076293945
2022-10-03,17.790000915527344,17.829999923706055,17.360000610351562,17.420000076293945
2022-10-04,17.520000457763672,17.989999771118164,17.40999984741211,17.90999984741211
2022-10-05,17.950000762939453,18.100000381469727,17.889999389648438,17.950000762939453
2022-10-06,17.969999313354492,18.5,17.950000762939453,18.459999084472656
2022-10-07,18.309999465942383,18.729999542236328,18.309999465942383,18.68000030517578
2022-10-10,18.68000030517578,18.780000686645508,18.530000686645508,18.610000610351562
2022-10-11,18.59000015258789,18.75,18.350000381469727,18.739999771118164
2022-10-12,18.739999771118164,18.940000534057617,18.56999969482422,18.68000030517578
2022-10-13,18.690000534057617,18.829999923706055,18.40999984741211,18.809999465942383
2022-10-14,18.829999923706055,18.899999618530273,18.75,18.84000015258789
2022-10-17,18.809999465942383,18.920000076293945,18.670000076293945,18.770000457763672
2022-10-18,18.770000457763672,18.770000457763672,18.530000686645508,18.670000076293945
2022-10-19,18.729999542236328,18.729999542236328,18.450000762939453,18.649999618530273
2022-10-20,18.639999389648438,18.65999984741211,18.360000610351562,18.389999389648438
2022-10-21,18.3799991607666,18.56999969482422,18.260000228881836,18.3799991607666
2022-10-24,18.31999969482422,18.3700008392334,18.100000381469727,18.1299991607666
2022-10-25,18.15999984741211,18.200000762939453,18.059999465942383,18.110000610351562
2022-10-26,18.100000381469727,18.110000610351562,17.850000381469727,17.860000610351562
2022-10-27,17.8799991607666,17.93000030517578,17.690000534057617,17.709999084472656
2022-10-28,17.719999313354492,17.729999542236328,17.549999237060547,17.579999923706055
2022-10-31,17.700000762939453,18.0,17.670000076293945,17.969999313354492
2022-11-01,18.049999237060547,18.5,18.049999237060547,18.43000030517578
2022-11-02,18.450000762939453,18.489999771118164,18.149999618530273,18.469999313354492
2022-11-03,18.350000381469727,18.489999771118164,18.200000762939453,18.469999313354492
2022-11-04,18.5,18.81999969482422,18.479999542236328,18.709999084472656
2022-11-07,18.5,18.799999237060547,18.40999984741211,18.68000030517578
2022-11-08,18.700000762939453,19.030000686645508,18.59000015258789,19.0
2022-11-09,18.950000762939453,19.43000030517578,18.850000381469727,19.3799991607666
2022-11-10,19.260000228881836,19.43000030517578,19.079999923706055,19.40999984741211
2022-11-11,19.450000762939453,19.850000381469727,19.440000534057617,19.639999389648438
2022-11-14,19.59000015258789,19.979999542236328,19.5,19.829999923706055
2022-11-15,19.860000610351562,20.329999923706055,19.739999771118164,20.290000915527344
2022-11-16,20.299999237060547,20.479999542236328,20.219999313354492,20.270000457763672
2022-11-17,20.110000610351562,20.200000762939453,19.68000030517578,19.729999542236328
2022-11-18,19.600000381469727,20.34000015258789,19.59000015258789,20.049999237060547
2022-11-21,19.979999542236328,20.0,19.729999542236328,19.860000610351562
2022-11-22,19.940000534057617,20.06999969482422,19.68000030517578,19.739999771118164
2022-11-23,19.739999771118164,19.780000686645508,19.450000762939453,19.549999237060547
2022-11-25,19.780000686645508,19.829999923706055,19.280000686645508,19.329999923706055
2022-11-28,19.25,19.450000762939453,19.049999237060547,19.3799991607666
2022-11-29,19.520000457763672,19.780000686645508,19.059999465942383,19.530000686645508
2022-11-30,19.520000457763672,19.940000534057617,19.489999771118164,19.6299991607666
2022-12-01,19.700000762939453,19.729999542236328,19.40999984741211,19.6200008392334
2022-12-02,19.65999984741211,19.68000030517578,19.350000381469727,19.479999542236328
2022-12-05,19.549999237060547,19.940000534057617,19.520000457763672,19.549999237060547
2022-12-06,19.540000915527344,19.68000030517578,19.360000610351562,19.389999389648438
2022-12-07,19.450000762939453,19.540000915527344,19.270000457763672,19.479999542236328
2022-12-08,19.56999969482422,19.850000381469727,19.520000457763672,19.68000030517578
2022-12-09,19.729999542236328,19.8700008392334,19.559999465942383,19.600000381469727
2022-12-12,19.68000030517578,19.709999084472656,19.309999465942383,19.3799991607666
2022-12-13,19.469999313354492,19.829999923706055,19.309999465942383,19.760000228881836
2022-12-14,19.65999984741211,20.40999984741211,19.59000015258789,20.290000915527344
2022-12-15,20.280000686645508,20.729999542236328,19.860000610351562,19.979999542236328
2022-12-16,19.8799991607666,20.290000915527344,19.799999237060547,20.09000015258789
2022-12-19,20.100000381469727,20.43000030517578,20.030000686645508,20.139999389648438
2022-12-20,20.149999618530273,20.700000762939453,20.139999389648438,20.579999923706055
2022-12-21,20.649999618530273,20.989999771118164,20.600000381469727,20.75
2022-12-22,20.75,21.030000686645508,20.600000381469727,20.889999389648438
2022-12-23,20.950000762939453,21.18000030517578,20.809999465942383,20.979999542236328
2022-12-27,20.979999542236328,20.989999771118164,20.229999542236328,20.31999969482422
2022-12-28,20.270000457763672,20.489999771118164,20.100000381469727,20.15999984741211
2022-12-29,20.229999542236328,20.440000534057617,20.1299991607666,20.290000915527344
2022-12-30,20.399999618530273,20.43000030517578,20.010000228881836,20.040000915527344
2023-01-03,20.0,20.020000457763672,19.639999389648438,19.700000762939453
2023-01-04,19.700000762939453,19.709999084472656,19.510000228881836,19.540000915527344
2023-01-05,19.600000381469727,19.6299991607666,19.31999969482422,19.34000015258789
2023-01-06,19.3799991607666,19.3799991607666,18.940000534057617,18.959999084472656
2023-01-09,19.020000457763672,19.280000686645508,18.920000076293945,19.170000076293945
2023-01-10,19.170000076293945,19.829999923706055,19.1299991607666,19.639999389648438
2023-01-11,19.549999237060547,20.040000915527344,19.540000915527344,19.649999618530273
2023-01-12,19.649999618530273,19.809999465942383,19.450000762939453,19.59000015258789
2023-01-13,19.6299991607666,19.809999465942383,19.459999084472656,19.729999542236328
2023-01-17,19.84000015258789,20.190000534057617,19.68000030517578,20.139999389648438
2023-01-18,20.09000015258789,20.25,19.68000030517578,19.81999969482422
2023-01-19,19.799999237060547,19.989999771118164,19.579999923706055,19.68000030517578
2023-01-20,19.760000228881836,19.81999969482422,19.5,19.719999313354492
2023-01-23,19.6299991607666,19.920000076293945,19.600000381469727,19.700000762939453
2023-01-24,19.700000762939453,19.940000534057617,19.56999969482422,19.8799991607666
2023-01-25,19.93000030517578,20.149999618530273,19.729999542236328,20.110000610351562
2023-01-26,20.079999923706055,20.850000381469727,20.06999969482422,20.68000030517578
2023-01-27,20.760000228881836,21.030000686645508,20.549999237060547,20.959999084472656
2023-01-30,21.010000228881836,21.329999923706055,20.889999389648438,21.209999084472656
2023-01-31,21.25,21.81999969482422,21.170000076293945,21.760000228881836
2023-02-01,21.799999237060547,21.860000610351562,21.329999923706055,21.3700008392334
2023-02-02,21.360000610351562,21.770000457763672,21.299999237060547,21.65999984741211
2023-02-03,21.690000534057617,21.709999084472656,21.18000030517578,21.239999771118164
2023-02-06,21.25,21.3700008392334,20.579999923706055,20.65999984741211
2023-02-07,20.780000686645508,21.049999237060547,20.5,20.84000015258789
2023-02-08,20.84000015258789,21.290000915527344,20.649999618530273,21.200000762939453
2023-02-09,21.290000915527344,21.729999542236328,21.239999771118164,21.450000762939453
2023-02-10,21.489999771118164,21.889999389648438,21.260000228881836,21.579999923706055
2023-02-13,21.56999969482422,21.65999984741211,21.1200008392334,21.200000762939453
2023-02-14,21.270000457763672,21.600000381469727,21.18000030517578,21.56999969482422
2023-02-15,21.479999542236328,21.5,21.25,21.3799991607666
2023-02-16,21.479999542236328,21.649999618530273,21.270000457763672,21.450000762939453
2023-02-17,21.450000762939453,21.690000534057617,21.350000381469727,21.40999984741211
2023-02-21,21.5,21.709999084472656,21.309999465942383,21.329999923706055
2023-02-22,21.360000610351562,21.489999771118164,21.25,21.290000915527344
2023-02-23,21.34000015258789,21.700000762939453,21.280000686645508,21.579999923706055
2023-02-24,21.700000762939453,21.780000686645508,21.229999542236328,21.280000686645508
2023-02-27,21.3700008392334,22.139999389648438,21.270000457763672,22.09000015258789
2023-02-28,22.110000610351562,22.360000610351562,22.0,22.079999923706055
2023-03-01,20.09000015258789,20.649999618530273,20.040000915527344,20.56999969482422
2023-03-02,20.56999969482422,20.6200008392334,20.200000762939453,20.309999465942383
2023-03-03,20.350000381469727,21.040000915527344,20.31999969482422,20.920000076293945
2023-03-06,20.93000030517578,20.959999084472656,20.6299991607666,20.8700008392334
2023-03-07,20.8700008392334,21.25,20.809999465942383,21.020000457763672
2023-03-08,21.0,21.030000686645508,20.770000457763672,20.8799991607666
2023-03-09,20.81999969482422,21.329999923706055,20.709999084472656,21.149999618530273
2023-03-10,21.040000915527344,21.219999313354492,20.65999984741211,21.15999984741211
2023-03-13,21.229999542236328,21.270000457763672,20.700000762939453,20.799999237060547
2023-03-14,20.860000610351562,21.020000457763672,20.649999618530273,20.68000030517578
2023-03-15,20.639999389648438,20.700000762939453,20.389999389648438,20.5
2023-03-16,20.610000610351562,20.850000381469727,20.350000381469727,20.760000228881836
2023-03-17,20.790000915527344,20.940000534057617,20.530000686645508,20.670000076293945
2023-03-20,20.5,20.690000534057617,20.420000076293945,20.479999542236328
2023-03-21,20.600000381469727,20.920000076293945,20.489999771118164,20.799999237060547
2023-03-22,20.850000381469727,21.3799991607666,20.780000686645508,21.139999389648438
2023-03-23,21.149999618530273,21.34000015258789,20.809999465942383,20.889999389648438
2023-03-24,20.969999313354492,20.989999771118164,20.649999618530273,20.81999969482422
2023-03-27,20.90999984741211,21.149999618530273,20.739999771118164,20.93000030517578
2023-03-28,20.989999771118164,21.450000762939453,20.959999084472656,21.309999465942383
2023-03-29,21.3799991607666,21.420000076293945,21.049999237060547,21.25
2023-03-30,21.299999237060547,22.0,21.299999237060547,21.959999084472656
2023-03-31,21.989999771118164,22.360000610351562,21.780000686645508,22.25
2023-04-03,22.350000381469727,22.6299991607666,22.190000534057617,22.399999618530273
2023-04-04,22.25,22.600000381469727,22.219999313354492,22.469999313354492
2023-04-05,22.479999542236328,23.010000228881836,22.40999984741211,22.950000762939453
2023-04-06,23.010000228881836,23.68000030517578,22.709999084472656,23.610000610351562
2023-04-10,23.559999465942383,23.81999969482422,23.440000534057617,23.559999465942383
2023-04-11,23.729999542236328,24.450000762939453,23.6200008392334,24.3700008392334
2023-04-12,24.649999618530273,24.850000381469727,23.920000076293945,24.049999237060547
2023-04-13,24.0,24.700000762939453,23.899999618530273,24.040000915527344
2023-04-14,23.920000076293945,24.270000457763672,23.75,24.100000381469727
2023-04-17,24.25,24.5,24.1200008392334,24.440000534057617
2023-04-18,24.440000534057617,24.690000534057617,24.100000381469727,24.540000915527344
2023-04-19,24.459999084472656,24.899999618530273,24.299999237060547,24.3700008392334
2023-04-20,24.260000228881836,25.3700008392334,24.190000534057617,25.25
2023-04-21,25.6200008392334,25.6200008392334,24.670000076293945,24.829999923706055
2023-04-24,24.770000457763672,25.989999771118164,24.600000381469727,25.90999984741211
2023-04-25,25.899999618530273,26.8700008392334,25.59000015258789,26.649999618530273
2023-04-26,26.700000762939453,27.06999969482422,26.3700008392334,26.510000228881836
2023-04-27,26.40999984741211,27.40999984741211,26.270000457763672,26.989999771118164
2023-04-28,27.0,27.049999237060547,26.5,26.989999771118164
2023-05-01,26.389999389648438,26.479999542236328,25.43000030517578,25.540000915527344
2023-05-02,25.5,26.059999465942383,25.06999969482422,25.139999389648438
2023-05-03,25.079999923706055,25.440000534057617,24.8799991607666,25.170000076293945
2023-05-04,25.170000076293945,25.65999984741211,24.950000762939453,25.520000457763672
2023-05-05,25.600000381469727,26.450000762939453,25.59000015258789,26.31999969482422
2023-05-08,26.420000076293945,26.479999542236328,26.010000228881836,26.09000015258789
2023-05-09,26.059999465942383,26.43000030517578,25.93000030517578,26.190000534057617
2023-05-10,26.170000076293945,26.739999771118164,26.010000228881836,26.65999984741211
2023-05-11,26.6200008392334,26.739999771118164,25.989999771118164,26.020000457763672
2023-05-12,26.06999969482422,26.389999389648438,26.0,26.219999313354492
2023-05-15,26.299999237060547,26.43000030517578,25.829999923706055,26.290000915527344
2023-05-16,26.260000228881836,26.6299991607666,26.010000228881836,26.06999969482422
2023-05-17,26.139999389648438,26.149999618530273,25.799999237060547,25.90999984741211
2023-05-18,25.8799991607666,25.969999313354492,25.459999084472656,25.610000610351562
2023-05-19,25.649999618530273,26.09000015258789,25.59000015258789,25.780000686645508
2023-05-22,25.75,26.049999237060547,25.579999923706055,25.989999771118164
2023-05-23,25.989999771118164,26.219999313354492,25.770000457763672,25.809999465942383
2023-05-24,25.770000457763672,25.93000030517578,25.459999084472656,25.489999771118164
2023-05-25,25.399999618530273,25.450000762939453,24.610000610351562,24.829999923706055
2023-05-26,24.950000762939453,25.639999389648438,24.709999084472656,25.3700008392334
2023-05-30,25.3799991607666,25.829999923706055,25.190000534057617,25.329999923706055
2023-05-31,25.299999237060547,25.440000534057617,25.020000457763672,25.059999465942383
2023-06-01,25.100000381469727,25.399999618530273,24.739999771118164,24.8799991607666
2023-06-02,24.8799991607666,24.8799991607666,24.56999969482422,24.729999542236328
2023-06-05,24.850000381469727,25.079999923706055,24.329999923706055,24.399999618530273
2023-06-06,24.440000534057617,24.75,24.229999542236328,24.579999923706055
2023-06-07,24.68000030517578,24.889999389648438,24.3799991607666,24.5
2023-06-08,24.489999771118164,25.68000030517578,24.420000076293945,25.479999542236328
2023-06-09,25.700000762939453,26.149999618530273,25.350000381469727,25.3799991607666
2023-06-12,25.3799991607666,26.0,25.219999313354492,25.469999313354492
2023-06-13,25.459999084472656,25.6299991607666,25.030000686645508,25.15999984741211
2023-06-14,25.190000534057617,25.8799991607666,25.1200008392334,25.84000015258789
2023-06-15,25.84000015258789,26.40999984741211,25.600000381469727,26.0
2023-06-16,26.06999969482422,26.489999771118164,25.959999084472656,26.43000030517578
2023-06-20,26.25,26.479999542236328,25.93000030517578,26.219999313354492
2023-06-21,26.25,26.3799991607666,25.829999923706055,25.8799991607666
2023-06-22,25.889999389648438,25.889999389648438,24.899999618530273,24.93000030517578
2023-06-23,24.959999084472656,24.979999542236328,24.1299991607666,24.18000030517578
2023-06-26,24.530000686645508,24.739999771118164,23.670000076293945,23.719999313354492
2023-06-27,23.719999313354492,23.829999923706055,22.860000610351562,23.030000686645508
2023-06-28,23.280000686645508,23.290000915527344,22.459999084472656,22.56999969482422
2023-06-29,22.6299991607666,22.6299991607666,21.809999465942383,22.06999969482422
2023-06-30,22.299999237060547,22.959999084472656,22.280000686645508,22.889999389648438
2023-07-03,22.8700008392334,23.610000610351562,22.780000686645508,23.31999969482422
2023-07-05,23.399999618530273,23.719999313354492,23.059999465942383,23.530000686645508
2023-07-06,23.5,23.579999923706055,23.200000762939453,23.25
2023-07-07,23.149999618530273,23.829999923706055,23.110000610351562,23.530000686645508
2023-07-10,23.479999542236328,23.5,23.200000762939453,23.440000534057617
2023-07-11,23.469999313354492,23.709999084472656,23.15999984741211,23.530000686645508
2023-07-12,23.530000686645508,24.0,23.309999465942383,23.90999984741211
2023-07-13,23.90999984741211,24.25,23.760000228881836,24.010000228881836
2023-07-14,24.079999923706055,24.399999618530273,24.010000228881836,24.31999969482422
2023-07-17,24.360000610351562,24.389999389648438,23.639999389648438,23.799999237060547
2023-07-18,23.709999084472656,24.059999465942383,23.59000015258789,23.860000610351562
2023-07-19,23.860000610351562,24.3700008392334,23.700000762939453,24.209999084472656
2023-07-20,24.299999237060547,24.700000762939453,24.15999984741211,24.670000076293945
2023-07-21,24.549999237060547,25.100000381469727,24.34000015258789,25.010000228881836
2023-07-24,25.0,25.299999237060547,24.84000015258789,24.920000076293945
2023-07-25,24.8799991607666,24.8799991607666,24.540000915527344,24.690000534057617
2023-07-26,24.649999618530273,24.809999465942383,24.149999618530273,24.389999389648438
2023-07-27,24.420000076293945,24.579999923706055,24.020000457763672,24.43000030517578
2023-07-28,24.399999618530273,24.43000030517578,23.8700008392334,23.920000076293945
2023-07-31,23.950000762939453,24.190000534057617,23.84000015258789,24.110000610351562
2023-08-01,24.110000610351562,24.56999969482422,23.989999771118164,24.389999389648438
2023-08-02,24.389999389648438,24.610000610351562,24.09000015258789,24.200000762939453
2023-08-03,24.209999084472656,24.420000076293945,23.709999084472656,24.020000457763672
2023-08-04,24.06999969482422,24.110000610351562,23.56999969482422,23.690000534057617
2023-08-07,23.690000534057617,24.030000686645508,23.399999618530273,23.739999771118164
2023-08-08,23.700000762939453,23.709999084472656,23.290000915527344,23.450000762939453
2023-08-09,23.649999618530273,23.799999237060547,23.469999313354492,23.709999084472656
2023-08-10,23.850000381469727,24.200000762939453,23.65999984741211,23.950000762939453
2023-08-11,23.989999771118164,24.420000076293945,23.719999313354492,24.329999923706055
2023-08-14,24.299999237060547,24.40999984741211,23.93000030517578,24.049999237060547
2023-08-15,24.030000686645508,24.280000686645508,23.700000762939453,23.770000457763672
2023-08-16,23.770000457763672,24.299999237060547,23.6299991607666,24.190000534057617
2023-08-17,24.25,24.739999771118164,23.940000534057617,24.0
2023-08-18,24.0,24.030000686645508,23.670000076293945,23.760000228881836
2023-08-21,23.799999237060547,24.15999984741211,23.3799991607666,23.399999618530273
2023-08-22,23.479999542236328,23.709999084472656,23.309999465942383,23.399999618530273
2023-08-23,23.34000015258789,24.229999542236328,23.079999923706055,23.850000381469727
2023-08-24,23.989999771118164,24.3700008392334,23.639999389648438,24.290000915527344
2023-08-25,24.290000915527344,24.889999389648438,24.100000381469727,24.829999923706055
2023-08-28,24.899999618530273,25.639999389648438,24.780000686645508,25.56999969482422
2023-08-29,25.530000686645508,25.68000030517578,25.219999313354492,25.450000762939453
2023-08-30,25.389999389648438,25.899999618530273,25.229999542236328,25.34000015258789
2023-08-31,25.309999465942383,25.6299991607666,25.020000457763672,25.059999465942383
2023-09-01,25.110000610351562,25.8700008392334,25.049999237060547,25.809999465942383
2023-09-05,25.81999969482422,26.940000534057617,25.65999984741211,26.649999618530273
2023-09-06,26.559999465942383,26.899999618530273,25.989999771118164,26.219999313354492
2023-09-07,26.209999084472656,26.889999389648438,25.940000534057617,26.68000030517578
2023-09-08,26.8700008392334,27.100000381469727,26.110000610351562,26.309999465942383
2023-09-11,26.34000015258789,26.489999771118164,25.959999084472656,26.399999618530273
2023-09-12,26.360000610351562,27.260000228881836,26.09000015258789,26.829999923706055
2023-09-13,26.75,26.899999618530273,26.440000534057617,26.540000915527344
2023-09-14,26.700000762939453,27.139999389648438,26.610000610351562,26.979999542236328
2023-09-15,26.93000030517578,27.59000015258789,26.760000228881836,26.90999984741211
2023-09-18,26.829999923706055,27.260000228881836,26.450000762939453,27.110000610351562
2023-09-19,27.100000381469727,27.6200008392334,27.020000457763672,27.440000534057617
2023-09-20,27.280000686645508,27.31999969482422,26.65999984741211,26.790000915527344
2023-09-21,26.780000686645508,26.989999771118164,26.559999465942383,26.93000030517578
2023-09-22,26.899999618530273,27.270000457763672,26.709999084472656,26.969999313354492
2023-09-25,27.0,27.020000457763672,26.229999542236328,26.309999465942383
2023-09-26,26.25,26.5,25.969999313354492,26.020000457763672
2023-09-27,26.139999389648438,26.40999984741211,25.959999084472656,26.1299991607666
2023-09-28,26.239999771118164,26.850000381469727,25.950000762939453,26.729999542236328
2023-09-29,26.770000457763672,26.799999237060547,26.200000762939453,26.270000457763672
2023-10-02,26.540000915527344,26.790000915527344,26.25,26.350000381469727
2023-10-03,26.329999923706055,26.440000534057617,25.59000015258789,25.670000076293945
2023-10-04,25.670000076293945,26.270000457763672,25.280000686645508,25.93000030517578
2023-10-05,25.93000030517578,26.40999984741211,25.770000457763672,26.15999984741211
2023-10-06,26.299999237060547,26.829999923706055,26.1299991607666,26.739999771118164
2023-10-09,26.860000610351562,27.280000686645508,26.68000030517578,27.18000030517578
2023-10-10,27.170000076293945,27.239999771118164,26.780000686645508,27.049999237060547
2023-10-11,27.049999237060547,27.18000030517578,26.299999237060547,26.399999618530273
2023-10-12,26.399999618530273,26.75,26.25,26.350000381469727
2023-10-13,26.440000534057617,27.18000030517578,26.350000381469727,27.030000686645508
2023-10-16,27.09000015258789,27.100000381469727,26.799999237060547,27.049999237060547
2023-10-17,26.989999771118164,27.56999969482422,26.959999084472656,27.489999771118164
2023-10-18,27.559999465942383,27.670000076293945,27.170000076293945,27.479999542236328
2023-10-19,27.360000610351562,27.40999984741211,26.850000381469727,27.290000915527344
2023-10-20,27.239999771118164,27.25,26.799999237060547,26.850000381469727
2023-10-23,26.850000381469727,27.579999923706055,26.489999771118164,27.479999542236328
2023-10-24,27.549999237060547,27.75,27.31999969482422,27.530000686645508
2023-10-25,27.600000381469727,28.0,27.280000686645508,27.6299991607666
2023-10-26,27.670000076293945,27.790000915527344,27.0,27.040000915527344
2023-10-27,27.040000915527344,27.5,27.0,27.34000015258789
2023-10-30,27.5,27.530000686645508,26.649999618530273,26.75
2023-10-31,26.829999923706055,27.149999618530273,26.690000534057617,27.09000015258789
2023-11-01,27.15999984741211,27.690000534057617,27.1299991607666,27.510000228881836
2023-11-02,27.559999465942383,27.719999313354492,27.100000381469727,27.479999542236328
2023-11-03,27.559999465942383,27.829999923706055,27.329999923706055,27.770000457763672
2023-11-06,27.649999618530273,28.079999923706055,27.59000015258789,27.950000762939453
2023-11-07,27.920000076293945,28.139999389648438,27.520000457763672,27.59000015258789
2023-11-08,27.56999969482422,27.579999923706055,27.18000030517578,27.209999084472656
2023-11-09,27.25,27.920000076293945,27.200000762939453,27.780000686645508
2023-11-10,27.75,27.8700008392334,27.200000762939453,27.290000915527344
2023-11-13,27.299999237060547,27.75,27.15999984741211,27.709999084472656
2023-11-14,27.709999084472656,27.809999465942383,27.1299991607666,27.18000030517578
2023-11-15,27.200000762939453,27.3700008392334,27.020000457763672,27.149999618530273
2023-11-16,27.100000381469727,27.420000076293945,27.010000228881836,27.190000534057617
2023-11-17,27.149999618530273,27.31999969482422,27.0,27.18000030517578
2023-11-20,27.229999542236328,27.600000381469727,27.06999969482422,27.559999465942383
2023-11-21,27.639999389648438,27.780000686645508,27.479999542236328,27.75
2023-11-22,27.770000457763672,27.770000457763672,27.15999984741211,27.219999313354492
2023-11-23,27.770000457763672,27.770000457763672,27.15999984741211,27.219999313354492
2023-11-24,27.280000686645508,27.3799991607666,26.809999465942383,26.979999542236328
2023-11-27,26.979999542236328,27.299999237060547,26.799999237060547,27.200000762939453
2023-11-28,27.170000076293945,27.25,26.799999237060547,26.989999771118164
2023-11-29,27.040000915527344,27.1200008392334,26.799999237060547,26.860000610351562
2023-11-30,26.829999923706055,26.850000381469727,25.899999618530273,26.040000915527344
2023-12-01,26.149999618530273,26.170000076293945,24.950000762939453,25.09000015258789
2023-12-04,25.059999465942383,25.979999542236328,24.579999923706055,25.809999465942383
2023-12-05,25.899999618530273,25.899999618530273,24.809999465942383,24.959999084472656
2023-12-06,24.920000076293945,24.920000076293945,22.940000534057617,23.0
2023-12-07,23.389999389648438,23.93000030517578,22.799999237060547,23.030000686645508
2023-12-08,23.100000381469727,23.600000381469727,23.100000381469727,23.360000610351562
2023-12-11,23.440000534057617,23.489999771118164,22.170000076293945,22.469999313354492
2023-12-12,22.469999313354492,22.65999984741211,21.479999542236328,22.59000015258789
2023-12-13,22.559999465942383,23.1200008392334,21.81999969482422,21.969999313354492
2023-12-14,21.969999313354492,22.309999465942383,21.15999984741211,22.18000030517578
2023-12-15,22.299999237060547,22.59000015258789,21.75,21.989999771118164
2023-12-18,21.979999542236328,21.989999771118164,21.25,21.309999465942383
2023-12-19,21.399999618530273,21.6200008392334,20.850000381469727,21.43000030517578
2023-12-20,21.389999389648438,21.670000076293945,20.809999465942383,20.920000076293945
2023-12-21,20.799999237060547,20.829999923706055,20.1200008392334,20.239999771118164
2023-12-22,20.3799991607666,21.079999923706055,20.229999542236328,20.6200008392334
2023-12-26,20.600000381469727,20.770000457763672,20.030000686645508,20.530000686645508
2023-12-27,20.56999969482422,20.93000030517578,20.149999618530273,20.600000381469727
2023-12-28,20.510000228881836,21.90999984741211,20.459999084472656,21.760000228881836
2023-12-29,21.760000228881836,21.8799991607666,20.329999923706055,20.579999923706055
2024-01-02,20.600000381469727,21.3799991607666,20.600000381469727,20.899999618530273
2024-01-03,20.899999618530273,21.399999618530273,20.709999084472656,20.850000381469727
2024-01-04,20.979999542236328,21.25,20.860000610351562,21.079999923706055
2024-01-05,21.1299991607666,21.209999084472656,20.600000381469727,21.110000610351562
2024-01-08,21.110000610351562,21.790000915527344,21.110000610351562,21.739999771118164
2024-01-09,21.799999237060547,21.959999084472656,21.540000915527344,21.700000762939453
2024-01-10,21.579999923706055,21.940000534057617,21.360000610351562,21.40999984741211
2024-01-11,21.40999984741211,21.90999984741211,21.31999969482422,21.760000228881836
2024-01-12,21.889999389648438,21.950000762939453,21.559999465942383,21.610000610351562
2024-01-16,21.850000381469727,22.639999389648438,21.850000381469727,22.520000457763672
2024-01-17,22.549999237060547,22.690000534057617,22.209999084472656,22.350000381469727
2024-01-18,22.350000381469727,23.200000762939453,22.290000915527344,23.040000915527344
2024-01-19,23.100000381469727,23.75,23.040000915527344,23.56999969482422
2024-01-22,23.559999465942383,23.739999771118164,23.420000076293945,23.5
2024-01-23,23.479999542236328,23.8799991607666,23.25,23.75
2024-01-24,23.700000762939453,24.540000915527344,23.450000762939453,24.459999084472656
2024-01-25,24.479999542236328,24.6200008392334,23.920000076293945,24.040000915527344
2024-01-26,24.0,24.329999923706055,23.639999389648438,23.770000457763672
2024-01-29,23.770000457763672,24.299999237060547,23.420000076293945,23.530000686645508
2024-01-30,23.420000076293945,24.020000457763672,23.290000915527344,23.90999984741211
2024-01-31,23.93000030517578,24.18000030517578,23.770000457763672,24.1299991607666
2024-02-01,24.1299991607666,24.239999771118164,23.450000762939453,23.559999465942383
2024-02-02,23.440000534057617,24.020000457763672,23.309999465942383,23.889999389648438
2024-02-05,23.940000534057617,23.989999771118164,23.43000030517578,23.530000686645508
2024-02-06,23.520000457763672,23.920000076293945,23.020000457763672,23.559999465942383
2024-02-07,23.700000762939453,24.40999984741211,23.639999389648438,23.8799991607666
2024-02-08,23.8700008392334,24.049999237060547,23.549999237060547,23.979999542236328
2024-02-09,24.0,24.420000076293945,23.860000610351562,24.020000457763672
2024-02-12,23.950000762939453,23.989999771118164,23.520000457763672,23.559999465942383
2024-02-13,23.6200008392334,23.639999389648438,23.229999542236328,23.299999237060547
2024-02-14,23.299999237060547,23.56999969482422,22.790000915527344,23.3700008392334
2024-02-15,23.3700008392334,23.3799991607666,22.75,22.81999969482422
2024-02-16,22.850000381469727,23.389999389648438,22.709999084472656,23.079999923706055
2024-02-20,23.0,23.0,22.489999771118164,22.75
2024-02-21,22.780000686645508,22.93000030517578,22.469999313354492,22.770000457763672
2024-02-22,22.770000457763672,22.950000762939453,22.110000610351562,22.829999923706055
2024-02-23,22.700000762939453,23.079999923706055,22.559999465942383,22.6200008392334
2024-02-26,22.670000076293945,23.450000762939453,22.450000762939453,23.149999618530273
2024-02-27,23.239999771118164,24.06999969482422,23.1200008392334,23.84000015258789
2024-02-28,23.799999237060547,24.15999984741211,23.670000076293945,24.010000228881836
2024-02-29,23.850000381469727,23.989999771118164,22.5,22.579999923706055
2024-03-01,21.829999923706055,21.8799991607666,20.959999084472656,21.09000015258789
2024-03-04,21.1299991607666,21.43000030517578,20.549999237060547,20.600000381469727
2024-03-05,20.690000534057617,21.15999984741211,20.530000686645508,20.8700008392334
2024-03-06,20.8700008392334,21.68000030517578,20.719999313354492,21.450000762939453
2024-03-07,21.469999313354492,21.479999542236328,20.860000610351562,21.280000686645508
2024-03-08,21.290000915527344,21.399999618530273,21.010000228881836,21.149999618530273
2024-03-11,21.18000030517578,21.989999771118164,21.1299991607666,21.950000762939453
2024-03-12,21.899999618530273,22.100000381469727,21.770000457763672,21.889999389648438
2024-03-13,22.0,22.18000030517578,21.360000610351562,21.93000030517578
2024-03-14,22.0,22.229999542236328,21.65999984741211,21.770000457763672
2024-03-15,21.75,22.149999618530273,21.719999313354492,22.1200008392334
2024-03-18,22.200000762939453,22.350000381469727,21.940000534057617,22.15999984741211
2024-03-19,22.149999618530273,22.219999313354492,21.479999542236328,21.639999389648438
2024-03-20,21.579999923706055,21.799999237060547,21.1299991607666,21.770000457763672
2024-03-21,21.889999389648438,22.18000030517578,21.81999969482422,22.059999465942383
2024-03-22,21.969999313354492,22.229999542236328,21.75,21.850000381469727
2024-03-25,21.780000686645508,22.1299991607666,21.719999313354492,21.950000762939453
2024-03-26,21.940000534057617,22.479999542236328,21.93000030517578,22.389999389648438
2024-03-27,22.34000015258789,22.389999389648438,21.760000228881836,22.190000534057617
2024-03-28,22.190000534057617,22.59000015258789,22.059999465942383,22.520000457763672
2024-04-01,22.649999618530273,22.90999984741211,22.530000686645508,22.719999313354492
2024-04-02,22.649999618530273,22.90999984741211,22.270000457763672,22.31999969482422
2024-04-03,22.31999969482422,22.6299991607666,22.040000915527344,22.219999313354492
2024-04-04,22.290000915527344,22.469999313354492,22.1200008392334,22.360000610351562
2024-04-05,22.3700008392334,22.479999542236328,21.799999237060547,21.989999771118164
2024-04-08,21.93000030517578,22.229999542236328,21.549999237060547,21.59000015258789
2024-04-09,21.540000915527344,21.709999084472656,21.3799991607666,21.489999771118164
2024-04-10,21.690000534057617,21.829999923706055,21.399999618530273,21.459999084472656
2024-04-11,21.450000762939453,21.559999465942383,20.809999465942383,20.850000381469727
2024-04-12,20.850000381469727,20.969999313354492,20.40999984741211,20.450000762939453
2024-04-15,20.510000228881836,20.600000381469727,20.0,20.020000457763672
2024-04-16,20.049999237060547,20.049999237060547,19.280000686645508,19.6299991607666
2024-04-17,19.56999969482422,19.6299991607666,19.170000076293945,19.31999969482422
2024-04-18,19.5,19.770000457763672,19.25,19.59000015258789
2024-04-19,19.799999237060547,19.84000015258789,19.450000762939453,19.729999542236328
2024-04-22,19.8799991607666,20.149999618530273,19.709999084472656,19.799999237060547
2024-04-23,19.799999237060547,19.989999771118164,19.729999542236328,19.90999984741211
2024-04-24,19.90999984741211,20.040000915527344,19.770000457763672,20.0
2024-04-25,19.899999618530273,19.920000076293945,19.25,19.479999542236328
2024-04-26,19.440000534057617,20.0,19.350000381469727,19.399999618530273
2024-04-29,19.3700008392334,20.229999542236328,19.3700008392334,20.200000762939453
2024-04-30,20.209999084472656,20.229999542236328,19.579999923706055,19.709999084472656
2024-05-01,19.479999542236328,19.479999542236328,19.09000015258789,19.219999313354492
2024-05-02,19.350000381469727,19.489999771118164,19.100000381469727,19.25
2024-05-03,19.299999237060547,19.520000457763672,19.18000030517578,19.280000686645508
2024-05-06,19.299999237060547,19.520000457763672,19.149999618530273,19.479999542236328
2024-05-07,19.5,20.0,19.3799991607666,19.950000762939453
2024-05-08,19.950000762939453,19.950000762939453,19.510000228881836,19.600000381469727
2024-05-09,19.600000381469727,19.8700008392334,19.399999618530273,19.579999923706055
2024-05-10,19.579999923706055,19.610000610351562,19.25,19.299999237060547
2024-05-13,19.239999771118164,19.34000015258789,18.579999923706055,18.6299991607666
2024-05-14,18.600000381469727,18.950000762939453,18.309999465942383,18.8700008392334
2024-05-15,18.899999618530273,18.959999084472656,18.5,18.649999618530273
2024-05-16,18.649999618530273,18.649999618530273,17.950000762939453,18.329999923706055
2024-05-17,18.350000381469727,18.450000762939453,18.059999465942383,18.1299991607666
2024-05-20,18.079999923706055,18.790000915527344,18.049999237060547,18.68000030517578
2024-05-21,18.670000076293945,18.760000228881836,18.40999984741211,18.559999465942383
2024-05-22,18.559999465942383,18.600000381469727,18.200000762939453,18.229999542236328
2024-05-23,18.229999542236328,18.56999969482422,18.229999542236328,18.260000228881836
2024-05-24,18.260000228881836,18.479999542236328,18.030000686645508,18.40999984741211
2024-05-28,18.670000076293945,18.799999237060547,18.530000686645508,18.729999542236328
2024-05-29,18.700000762939453,18.729999542236328,18.219999313354492,18.350000381469727
2024-05-30,18.31999969482422,18.3700008392334,18.149999618530273,18.190000534057617
2024-05-31,18.18000030517578,18.459999084472656,18.030000686645508,18.299999237060547
2024-06-03,18.299999237060547,18.850000381469727,18.209999084472656,18.780000686645508
2024-06-04,18.770000457763672,18.899999618530273,18.6200008392334,18.860000610351562
2024-06-05,18.8700008392334,19.170000076293945,18.729999542236328,19.1299991607666
2024-06-06,19.149999618530273,19.329999923706055,19.079999923706055,19.219999313354492
2024-06-07,19.200000762939453,19.3700008392334,18.760000228881836,19.0
2024-06-10,18.950000762939453,19.299999237060547,18.600000381469727,18.6299991607666
2024-06-11,18.700000762939453,18.950000762939453,18.59000015258789,18.790000915527344
2024-06-12,18.75,19.190000534057617,18.729999542236328,19.100000381469727
2024-06-13,19.049999237060547,19.639999389648438,19.049999237060547,19.59000015258789
2024-06-14,19.489999771118164,19.600000381469727,19.270000457763672,19.43000030517578
2024-06-17,19.31999969482422,19.31999969482422,18.809999465942383,18.979999542236328
2024-06-18,18.93000030517578,19.190000534057617,18.809999465942383,18.920000076293945
2024-06-20,19.100000381469727,19.43000030517578,18.81999969482422,18.889999389648438
2024-06-21,18.920000076293945,19.059999465942383,18.809999465942383,18.969999313354492
2024-06-24,18.920000076293945,19.440000534057617,18.81999969482422,19.40999984741211
2024-06-25,19.469999313354492,19.469999313354492,18.84000015258789,19.100000381469727
2024-06-26,19.100000381469727,19.309999465942383,18.90999984741211,19.239999771118164
2024-06-27,19.290000915527344,20.15999984741211,19.229999542236328,20.1200008392334
2024-06-28,20.1200008392334,20.329999923706055,19.899999618530273,20.309999465942383
2024-07-01,20.25,20.40999984741211,20.059999465942383,20.229999542236328
2024-07-02,20.139999389648438,20.780000686645508,19.93000030517578,20.610000610351562
2024-07-03,20.610000610351562,20.729999542236328,20.450000762939453,20.530000686645508
2024-07-05,20.530000686645508,20.670000076293945,20.079999923706055,20.139999389648438
2024-07-08,20.1299991607666,20.3700008392334,19.829999923706055,20.1299991607666
2024-07-09,20.309999465942383,20.309999465942383,19.610000610351562,19.6200008392334
2024-07-10,19.690000534057617,20.1200008392334,19.520000457763672,19.809999465942383
2024-07-11,19.790000915527344,19.899999618530273,19.389999389648438,19.43000030517578
2024-07-12,19.450000762939453,19.530000686645508,19.18000030517578,19.200000762939453
2024-07-15,19.149999618530273,19.81999969482422,19.09000015258789,19.760000228881836
2024-07-16,19.81999969482422,19.8799991607666,19.540000915527344,19.6200008392334
2024-07-17,19.600000381469727,19.600000381469727,19.149999618530273,19.360000610351562
2024-07-18,19.360000610351562,19.3799991607666,18.809999465942383,18.940000534057617
2024-07-19,19.0,19.0,18.549999237060547,18.65999984741211
2024-07-22,18.65999984741211,18.739999771118164,18.25,18.299999237060547
2024-07-23,18.299999237060547,18.40999984741211,18.079999923706055,18.15999984741211
2024-07-24,18.200000762939453,18.309999465942383,17.860000610351562,17.90999984741211
2024-07-25,18.0,18.700000762939453,17.920000076293945,18.65999984741211
2024-07-26,18.700000762939453,18.739999771118164,18.31999969482422,18.420000076293945
2024-07-29,18.5,19.049999237060547,18.469999313354492,19.010000228881836
2024-07-30,19.059999465942383,19.139999389648438,18.809999465942383,19.1200008392334
2024-07-31,19.18000030517578,19.31999969482422,18.75,18.940000534057617
2024-08-01,19.0,19.219999313354492,18.389999389648438,18.5
2024-08-02,18.530000686645508,18.670000076293945,18.0,18.100000381469727
2024-08-05,18.049999237060547,18.350000381469727,17.639999389648438,18.079999923706055
2024-08-06,18.100000381469727,18.1299991607666,17.770000457763672,17.8700008392334
2024-08-07,17.8700008392334,18.260000228881836,17.799999237060547,18.139999389648438
2024-08-08,18.079999923706055,18.850000381469727,17.950000762939453,18.56999969482422
2024-08-09,18.5,18.8799991607666,18.309999465942383,18.479999542236328
2024-08-12,18.520000457763672,18.729999542236328,18.229999542236328,18.290000915527344
2024-08-13,18.350000381469727,18.700000762939453,18.299999237060547,18.389999389648438
2024-08-14,18.360000610351562,18.440000534057617,17.90999984741211,17.969999313354492
2024-08-15,17.979999542236328,18.09000015258789,17.809999465942383,17.8799991607666
2024-08-16,17.850000381469727,18.3700008392334,17.84000015258789,18.030000686645508
2024-08-19,18.0,18.1299991607666,17.920000076293945,18.020000457763672
2024-08-20,18.09000015258789,18.1200008392334,17.520000457763672,17.56999969482422
2024-08-21,17.600000381469727,17.739999771118164,17.520000457763672,17.649999618530273
2024-08-22,17.68000030517578,18.059999465942383,17.639999389648438,17.850000381469727
2024-08-23,17.90999984741211,18.43000030517578,17.889999389648438,18.389999389648438
2024-08-26,18.5,19.170000076293945,18.5,19.040000915527344
2024-08-27,19.18000030517578,19.68000030517578,18.520000457763672,19.600000381469727
2024-08-28,19.610000610351562,19.65999984741211,19.1200008392334,19.540000915527344
2024-08-29,19.559999465942383,19.979999542236328,19.450000762939453,19.889999389648438
2024-08-30,19.8799991607666,19.950000762939453,19.280000686645508,19.3799991607666
2024-09-03,19.1200008392334,19.770000457763672,19.020000457763672,19.489999771118164
2024-09-04,19.399999618530273,19.540000915527344,19.06999969482422,19.239999771118164
2024-09-05,19.25,19.56999969482422,19.149999618530273,19.219999313354492
2024-09-06,19.290000915527344,19.610000610351562,18.84000015258789,18.90999984741211
2024-09-09,18.920000076293945,19.040000915527344,18.600000381469727,18.829999923706055
2024-09-10,18.829999923706055,18.8700008392334,18.43000030517578,18.469999313354492
2024-09-11,18.5,18.979999542236328,18.440000534057617,18.729999542236328
2024-09-12,18.700000762939453,19.239999771118164,18.690000534057617,19.06999969482422
2024-09-13,19.049999237060547,19.420000076293945,18.920000076293945,19.010000228881836
2024-09-16,18.989999771118164,19.43000030517578,18.84000015258789,19.18000030517578
2024-09-17,19.18000030517578,20.149999618530273,19.059999465942383,19.979999542236328
2024-09-18,19.920000076293945,21.399999618530273,19.84000015258789,21.15999984741211
2024-09-19,21.0,22.079999923706055,20.969999313354492,21.93000030517578
2024-09-20,21.950000762939453,23.1299991607666,21.950000762939453,22.65999984741211
2024-09-23,22.40999984741211,23.170000076293945,22.280000686645508,22.549999237060547
2024-09-24,22.5,23.299999237060547,22.3799991607666,23.1200008392334
2024-09-25,22.989999771118164,23.56999969482422,22.899999618530273,23.420000076293945
2024-09-26,23.579999923706055,23.709999084472656,23.229999542236328,23.309999465942383
2024-09-27,23.219999313354492,23.219999313354492,22.510000228881836,22.790000915527344
2024-09-30,22.700000762939453,22.84000015258789,22.100000381469727,22.670000076293945
2024-10-01,22.5,23.06999969482422,22.239999771118164,22.969999313354492
2024-10-02,23.0,23.170000076293945,22.459999084472656,22.68000030517578
2024-10-03,22.540000915527344,23.34000015258789,22.389999389648438,23.239999771118164
2024-10-04,23.299999237060547,23.450000762939453,22.729999542236328,23.010000228881836
2024-10-07,23.0,23.139999389648438,22.31999969482422,22.549999237060547
2024-10-08,22.459999084472656,22.690000534057617,22.200000762939453,22.489999771118164
2024-10-09,22.510000228881836,22.540000915527344,21.770000457763672,22.040000915527344
2024-10-10,22.079999923706055,22.350000381469727,21.860000610351562,22.15999984741211
2024-10-11,22.149999618530273,22.68000030517578,21.90999984741211,22.239999771118164
2024-10-14,22.229999542236328,22.579999923706055,22.030000686645508,22.389999389648438
2024-10-15,22.280000686645508,22.8700008392334,22.18000030517578,22.81999969482422
2024-10-16,22.75,22.950000762939453,21.969999313354492,22.0
2024-10-17,22.06999969482422,22.31999969482422,21.709999084472656,22.15999984741211
2024-10-18,22.18000030517578,22.639999389648438,22.100000381469727,22.18000030517578
2024-10-21,22.219999313354492,22.350000381469727,21.6299991607666,21.829999923706055
2024-10-22,21.829999923706055,22.040000915527344,21.549999237060547,21.729999542236328
2024-10-23,22.0,22.43000030517578,21.850000381469727,22.34000015258789
2024-10-24,22.440000534057617,22.579999923706055,22.1200008392334,22.200000762939453
2024-10-25,22.25,22.31999969482422,21.920000076293945,22.139999389648438
2024-10-28,22.079999923706055,22.15999984741211,21.670000076293945,21.959999084472656
2024-10-29,22.010000228881836,22.229999542236328,21.889999389648438,22.079999923706055
2024-10-30,22.15999984741211,22.43000030517578,21.860000610351562,22.219999313354492
2024-10-31,22.200000762939453,22.81999969482422,22.100000381469727,22.739999771118164
2024-11-01,22.790000915527344,23.0,21.969999313354492,22.06999969482422
2024-11-04,22.1200008392334,22.229999542236328,21.579999923706055,21.93000030517578
2024-11-05,21.93000030517578,22.010000228881836,21.65999984741211,21.899999618530273
2024-11-06,21.75,22.100000381469727,21.600000381469727,22.030000686645508
2024-11-07,22.110000610351562,22.489999771118164,22.059999465942383,22.200000762939453
2024-11-08,22.200000762939453,22.329999923706055,21.75,21.81999969482422
2024-11-11,21.8700008392334,21.959999084472656,21.1200008392334,21.360000610351562
2024-11-12,21.360000610351562,21.6299991607666,21.200000762939453,21.350000381469727
2024-11-13,21.350000381469727,21.549999237060547,20.860000610351562,21.170000076293945
2024-11-14,21.170000076293945,21.81999969482422,20.860000610351562,21.559999465942383
2024-11-15,21.559999465942383,21.920000076293945,21.420000076293945,21.579999923706055
2024-11-18,21.59000015258789,22.31999969482422,21.59000015258789,22.200000762939453
2024-11-19,22.25,22.420000076293945,21.780000686645508,22.020000457763672
2024-11-20,21.969999313354492,22.079999923706055,21.489999771118164,21.649999618530273
2024-11-21,21.700000762939453,21.770000457763672,21.260000228881836,21.3799991607666
2024-11-22,21.40999984741211,21.610000610351562,21.260000228881836,21.360000610351562
2024-11-25,21.399999618530273,21.43000030517578,21.110000610351562,21.149999618530273
2024-11-26,21.149999618530273,21.770000457763672,21.1299991607666,21.56999969482422
2024-11-27,21.68000030517578,22.0,21.540000915527344,21.690000534057617
2024-11-29,21.649999618530273,21.690000534057617,21.010000228881836,21.079999923706055
2024-12-02,21.09000015258789,21.260000228881836,20.700000762939453,21.06999969482422
2024-12-03,21.139999389648438,21.59000015258789,21.079999923706055,21.3700008392334
2024-12-04,21.420000076293945,21.420000076293945,21.15999984741211,21.260000228881836
2024-12-05,21.149999618530273,21.280000686645508,20.81999969482422,21.200000762939453
2024-12-06,21.299999237060547,21.860000610351562,21.1200008392334,21.809999465942383
2024-12-09,21.809999465942383,21.899999618530273,21.350000381469727,21.5
2024-12-10,21.5,21.520000457763672,20.81999969482422,21.040000915527344
2024-12-11,21.020000457763672,21.3700008392334,20.81999969482422,21.280000686645508
2024-12-12,21.34000015258789,21.420000076293945,20.719999313354492,20.889999389648438
2024-12-13,20.950000762939453,20.969999313354492,20.56999969482422,20.719999313354492
2024-12-16,20.770000457763672,20.889999389648438,20.43000030517578,20.68000030517578
2024-12-17,20.68000030517578,20.729999542236328,19.760000228881836,19.84000015258789
2024-12-18,19.850000381469727,19.920000076293945,19.549999237060547,19.649999618530273
2024-12-19,19.549999237060547,19.68000030517578,19.260000228881836,19.399999618530273
2024-12-20,19.479999542236328,19.600000381469727,19.299999237060547,19.510000228881836
2024-12-23,19.600000381469727,19.790000915527344,19.420000076293945,19.540000915527344
2024-12-24,19.600000381469727,19.81999969482422,19.5,19.540000915527344
2024-12-26,19.510000228881836,19.540000915527344,19.170000076293945,19.260000228881836
2024-12-27,19.239999771118164,19.450000762939453,19.18000030517578,19.3700008392334
2024-12-30,19.3700008392334,19.65999984741211,19.049999237060547,19.1299991607666
2024-12-31,19.110000610351562,19.350000381469727,19.040000915527344,19.260000228881836
2025-01-02,19.309999465942383,19.940000534057617,19.200000762939453,19.729999542236328
2025-01-03,19.6200008392334,19.760000228881836,19.420000076293945,19.649999618530273
2025-01-06,19.690000534057617,19.799999237060547,19.299999237060547,19.329999923706055
2025-01-07,19.34000015258789,19.68000030517578,19.299999237060547,19.450000762939453
2025-01-08,19.510000228881836,19.540000915527344,19.170000076293945,19.239999771118164
2025-01-09,19.25,19.270000457763672,18.84000015258789,19.100000381469727
2025-01-10,19.149999618530273,19.479999542236328,18.959999084472656,19.219999313354492
2025-01-13,19.219999313354492,19.219999313354492,18.700000762939453,18.899999618530273
2025-01-14,18.8799991607666,18.920000076293945,18.239999771118164,18.31999969482422
2025-01-15,18.270000457763672,18.440000534057617,17.920000076293945,18.010000228881836
2025-01-16,18.149999618530273,18.709999084472656,18.110000610351562,18.40999984741211
2025-01-17,18.420000076293945,18.459999084472656,18.020000457763672,18.219999313354492
2025-01-21,18.06999969482422,18.25,17.56999969482422,17.790000915527344
2025-01-22,17.790000915527344,18.280000686645508,17.739999771118164,18.15999984741211
2025-01-23,18.18000030517578,18.760000228881836,18.1299991607666,18.690000534057617
2025-01-24,18.639999389648438,19.149999618530273,18.6299991607666,19.020000457763672
2025-01-27,19.0,19.579999923706055,18.8799991607666,19.170000076293945
2025-01-28,19.100000381469727,19.399999618530273,18.90999984741211,19.229999542236328
2025-01-29,19.270000457763672,19.5,19.209999084472656,19.450000762939453
2025-01-30,19.469999313354492,19.559999465942383,19.200000762939453,19.469999313354492
2025-01-31,19.469999313354492,19.489999771118164,19.100000381469727,19.350000381469727
2025-02-03,19.399999618530273,19.530000686645508,18.969999313354492,19.260000228881836
2025-02-04,19.18000030517578,19.709999084472656,19.18000030517578,19.65999984741211
2025-02-05,19.700000762939453,19.780000686645508,19.549999237060547,19.760000228881836
2025-02-06,19.700000762939453,20.190000534057617,19.510000228881836,19.56999969482422
2025-02-07,19.56999969482422,19.770000457763672,19.299999237060547,19.360000610351562
2025-02-10,19.3700008392334,19.790000915527344,19.299999237060547,19.5
2025-02-11,19.540000915527344,19.940000534057617,19.520000457763672,19.8700008392334
2025-02-12,19.889999389648438,20.079999923706055,19.690000534057617,19.760000228881836
2025-02-13,19.81999969482422,20.239999771118164,19.780000686645508,20.170000076293945
2025-02-14,20.149999618530273,20.450000762939453,20.049999237060547,20.420000076293945
2025-02-18,20.5,20.719999313354492,20.469999313354492,20.520000457763672
2025-02-19,20.450000762939453,20.770000457763672,20.3700008392334,20.690000534057617
2025-02-20,20.68000030517578,21.100000381469727,20.6200008392334,21.049999237060547
2025-02-21,21.049999237060547,21.350000381469727,20.950000762939453,21.309999465942383
2025-02-24,21.31999969482422,21.450000762939453,21.030000686645508,21.09000015258789
2025-02-25,21.059999465942383,21.56999969482422,20.959999084472656,21.459999084472656
2025-02-26,21.40999984741211,21.43000030517578,20.540000915527344,20.639999389648438
2025-02-27,20.75,20.850000381469727,19.610000610351562,19.690000534057617
2025-02-28,19.850000381469727,19.850000381469727,19.229999542236328,19.510000228881836
2025-03-03,18.520000457763672,18.559999465942383,18.139999389648438,18.219999313354492
2025-03-04,18.200000762939453,18.280000686645508,17.940000534057617,18.100000381469727
2025-03-05,18.209999084472656,18.510000228881836,18.1299991607666,18.200000762939453
2025-03-06,18.200000762939453,18.299999237060547,17.84000015258789,18.1299991607666
2025-03-07,18.280000686645508,18.450000762939453,18.219999313354492,18.309999465942383
2025-03-10,18.469999313354492,19.0,18.34000015258789,18.850000381469727
2025-03-11,18.940000534057617,19.040000915527344,18.56999969482422,18.670000076293945
2025-03-12,18.81999969482422,19.1200008392334,18.690000534057617,18.860000610351562
2025-03-13,18.84000015258789,19.270000457763672,18.760000228881836,19.25
2025-03-14,19.170000076293945,19.31999969482422,18.75,19.190000534057617
2025-03-17,19.25,20.0,19.219999313354492,19.969999313354492
2025-03-18,19.899999618530273,20.09000015258789,19.6299991607666,19.989999771118164
2025-03-19,19.860000610351562,20.049999237060547,19.540000915527344,19.690000534057617
2025-03-20,19.649999618530273,20.059999465942383,19.559999465942383,20.0
2025-03-21,19.950000762939453,20.06999969482422,19.65999984741211,19.719999313354492
2025-03-24,19.719999313354492,19.719999313354492,19.229999542236328,19.260000228881836
2025-03-25,19.309999465942383,19.600000381469727,19.200000762939453,19.510000228881836
2025-03-26,19.549999237060547,19.6299991607666,19.219999313354492,19.350000381469727
2025-03-27,19.299999237060547,19.360000610351562,18.940000534057617,19.09000015258789
2025-03-28,19.09000015258789,19.209999084472656,18.90999984741211,18.959999084472656
2025-03-31,19.0,19.31999969482422,18.719999313354492,18.860000610351562
2025-04-01,18.889999389648438,19.399999618530273,18.850000381469727,19.350000381469727
2025-04-02,19.360000610351562,19.6299991607666,19.079999923706055,19.59000015258789
2025-04-03,19.34000015258789,19.540000915527344,18.950000762939453,19.110000610351562
2025-04-04,19.06999969482422,19.110000610351562,18.760000228881836,18.84000015258789
2025-04-07,18.75,19.049999237060547,18.6200008392334,18.68000030517578
2025-04-08,18.739999771118164,18.8700008392334,18.260000228881836,18.309999465942383
2025-04-09,18.260000228881836,18.350000381469727,17.8700008392334,17.90999984741211
2025-04-10,18.399999618530273,18.5,18.059999465942383,18.1200008392334
2025-04-11,18.100000381469727,18.309999465942383,17.90999984741211,18.0
2025-04-14,17.979999542236328,18.1200008392334,17.809999465942383,17.8700008392334
2025-04-15,17.860000610351562,17.950000762939453,17.510000228881836,17.520000457763672
2025-04-16,17.56999969482422,17.889999389648438,17.510000228881836,17.860000610351562
2025-04-17,17.899999618530273,17.989999771118164,17.81999969482422,17.93000030517578
2025-04-21,17.93000030517578,18.139999389648438,17.760000228881836,17.809999465942383
2025-04-22,17.770000457763672,18.049999237060547,17.649999618530273,17.989999771118164
2025-04-23,17.989999771118164,18.100000381469727,17.81999969482422,17.940000534057617
2025-04-24,17.979999542236328,18.0,17.780000686645508,17.920000076293945
2025-04-25,17.920000076293945,18.200000762939453,17.889999389648438,18.18000030517578
2025-04-28,18.18000030517578,18.190000534057617,17.649999618530273,17.84000015258789
2025-04-29,17.84000015258789,17.93000030517578,17.440000534057617,17.6200008392334
2025-04-30,17.6200008392334,17.93000030517578,17.3799991607666,17.459999084472656
2025-05-01,17.299999237060547,17.3700008392334,17.079999923706055,17.15999984741211
2025-05-02,17.229999542236328,17.290000915527344,16.969999313354492,17.200000762939453
2025-05-05,17.31999969482422,17.540000915527344,17.200000762939453,17.469999313354492
2025-05-06,17.469999313354492,17.649999618530273,17.389999389648438,17.440000534057617
2025-05-07,17.389999389648438,17.389999389648438,17.059999465942383,17.1299991607666
2025-05-08,17.190000534057617,17.549999237060547,17.049999237060547,17.5
2025-05-09,17.5,17.899999618530273,17.440000534057617,17.780000686645508
2025-05-12,17.90999984741211,18.09000015258789,17.6200008392334,17.700000762939453
2025-05-13,17.75,18.290000915527344,17.610000610351562,18.219999313354492
2025-05-14,18.219999313354492,18.290000915527344,17.940000534057617,18.059999465942383
2025-05-15,18.020000457763672,18.030000686645508,17.56999969482422,17.670000076293945
2025-05-16,17.670000076293945,17.790000915527344,17.420000076293945,17.520000457763672
2025-05-19,17.559999465942383,17.690000534057617,17.40999984741211,17.450000762939453
2025-05-20,17.469999313354492,17.549999237060547,17.260000228881836,17.34000015258789
2025-05-21,17.3799991607666,17.780000686645508,17.360000610351562,17.700000762939453
2025-05-22,17.639999389648438,17.700000762939453,17.31999969482422,17.399999618530273
2025-05-23,17.299999237060547,17.3799991607666,17.209999084472656,17.290000915527344
2025-05-27,17.440000534057617,17.520000457763672,17.06999969482422,17.219999313354492
2025-05-28,17.299999237060547,17.299999237060547,16.850000381469727,16.899999618530273
2025-05-29,16.93000030517578,17.149999618530273,16.809999465942383,17.0
2025-05-30,17.030000686645508,17.239999771118164,17.0,17.049999237060547
2025-06-02,17.110000610351562,17.3799991607666,16.850000381469727,16.8799991607666
2025-06-03,16.920000076293945,16.969999313354492,16.65999984741211,16.899999618530273
2025-06-04,16.950000762939453,17.09000015258789,16.729999542236328,16.75
2025-06-05,16.75,16.780000686645508,16.459999084472656,16.56999969482422
2025-06-06,16.540000915527344,16.59000015258789,16.31999969482422,16.489999771118164
2025-06-09,16.489999771118164,16.75,16.420000076293945,16.670000076293945
2025-06-10,16.670000076293945,16.81999969482422,16.420000076293945,16.479999542236328
2025-06-11,16.399999618530273,16.600000381469727,16.34000015258789,16.420000076293945
2025-06-12,16.450000762939453,16.469999313354492,16.18000030517578,16.270000457763672
2025-06-13,16.43000030517578,16.5,16.06999969482422,16.1299991607666
2025-06-16,16.100000381469727,16.610000610351562,15.930000305175781,16.520000457763672
2025-06-17,16.469999313354492,16.5,15.979999542236328,16.079999923706055
2025-06-18,16.0,16.139999389648438,15.800000190734863,15.880000114440918
2025-06-20,16.100000381469727,16.290000915527344,15.989999771118164,16.100000381469727
2025-06-23,16.100000381469727,16.290000915527344,15.989999771118164,16.040000915527344
2025-06-24,15.949999809265137,16.170000076293945,15.710000038146973,15.770000457763672
2025-06-25,15.770000457763672,16.0,15.699999809265137,15.979999542236328
2025-06-26,15.930000305175781,15.979999542236328,15.550000190734863,15.649999618530273
2025-06-27,15.649999618530273,16.040000915527344,15.579999923706055,15.8100004196167
2025-06-30,15.600000381469727,15.739999771118164,14.680000305175781,15.479999542236328
2025-07-01,16.209999084472656,16.209999084472656,15.550000190734863,15.699999809265137
2025-07-02,15.800000190734863,15.970000267028809,15.4399995803833,15.579999923706055
2025-07-03,15.600000381469727,16.399999618530273,15.4399995803833,16.3799991607666
2025-07-04,16.3799991607666,16.3799991607666,16.3799991607666,16.3799991607666
2025-07-07,16.299999237060547,16.459999084472656,16.06999969482422,16.280000686645508
2025-07-08,16.260000228881836,16.3700008392334,16.100000381469727,16.1299991607666
2025-07-09,16.149999618530273,16.610000610351562,16.079999923706055,16.559999465942383
2025-07-10,16.40999984741211,16.559999465942383,16.219999313354492,16.260000228881836
2025-07-11,16.31999969482422,16.600000381469727,16.200000762939453,16.56999969482422
2025-07-14,16.59000015258789,16.670000076293945,16.270000457763672,16.299999237060547
2025-07-15,16.280000686645508,16.610000610351562,16.25,16.559999465942383
2025-07-16,16.559999465942383,16.670000076293945,16.399999618530273,16.559999465942383
2025-07-17,16.549999237060547,16.8799991607666,16.540000915527344,16.739999771118164
2025-07-18,16.770000457763672,17.020000457763672,16.709999084472656,16.81999969482422
2025-07-21,16.81999969482422,16.860000610351562,16.350000381469727,16.3700008392334
2025-07-22,16.3799991607666,16.510000228881836,16.100000381469727,16.280000686645508
2025-07-23,16.280000686645508,16.329999923706055,16.030000686645508,16.239999771118164
2025-07-24,16.299999237060547,16.6299991607666,16.25,16.56999969482422
2025-07-25,16.600000381469727,16.639999389648438,16.229999542236328,16.290000915527344
2025-07-28,16.280000686645508,16.530000686645508,16.219999313354492,16.43000030517578
2025-07-29,16.450000762939453,16.739999771118164,16.3700008392334,16.59000015258789
2025-07-30,16.559999465942383,16.579999923706055,16.3700008392334,16.450000762939453
2025-07-31,16.489999771118164,16.610000610351562,16.280000686645508,16.350000381469727
2025-08-01,16.350000381469727,16.420000076293945,16.1200008392334,16.18000030517578
2025-08-04,16.170000076293945,16.469999313354492,16.170000076293945,16.25
2025-08-05,16.260000228881836,16.270000457763672,15.920000076293945,16.09000015258789
2025-08-06,16.1299991607666,16.15999984741211,16.0,16.010000228881836
2025-08-07,16.139999389648438,16.270000457763672,15.970000267028809,16.010000228881836
2025-08-08,16.020000457763672,16.350000381469727,16.020000457763672,16.25
2025-08-11,16.34000015258789,16.579999923706055,16.31999969482422,16.489999771118164
2025-08-12,16.549999237060547,17.049999237060547,16.530000686645508,16.940000534057617
2025-08-13,16.940000534057617,17.020000457763672,16.780000686645508,16.850000381469727
2025-08-14,16.84000015258789,16.850000381469727,16.510000228881836,16.579999923706055
2025-08-15,16.59000015258789,16.6299991607666,16.350000381469727,16.440000534057617
2025-08-18,16.469999313354492,16.489999771118164,16.200000762939453,16.25
2025-08-19,16.25,16.450000762939453,16.229999542236328,16.309999465942383
2025-08-20,16.280000686645508,16.690000534057617,16.280000686645508,16.56999969482422
2025-08-21,16.59000015258789,16.6200008392334,16.350000381469727,16.350000381469727
2025-08-22,16.34000015258789,16.510000228881836,16.270000457763672,16.479999542236328
2025-08-25,16.440000534057617,16.56999969482422,16.299999237060547,16.399999618530273
2025-08-26,16.360000610351562,16.510000228881836,16.309999465942383,16.40999984741211
2025-08-27,16.450000762939453,16.530000686645508,16.350000381469727,16.469999313354492
2025-08-28,16.450000762939453,16.530000686645508,16.309999465942383,16.479999542236328
2025-08-29,16.489999771118164,16.520000457763672,16.329999923706055,16.3700008392334
2025-09-02,16.510000228881836,16.520000457763672,16.1200008392334,16.149999618530273
2025-09-03,16.170000076293945,16.229999542236328,16.010000228881836,16.030000686645508
2025-09-04,16.059999465942383,16.09000015258789,15.65999984741211,15.6899995803833
2025-09-05,15.729999542236328,15.739999771118164,15.510000228881836,15.550000190734863
2025-09-08,15.600000381469727,15.699999809265137,15.380000114440918,15.630000114440918
2025-09-09,15.649999618530273,15.920000076293945,15.619999885559082,15.84000015258789
2025-09-10,15.880000114440918,16.020000457763672,15.699999809265137,15.930000305175781
2025-09-11,15.930000305175781,15.989999771118164,15.720000267028809,15.819999694824219
2025-09-12,15.779999732971191,15.869999885559082,15.670000076293945,15.789999961853027
2025-09-15,15.84000015258789,16.1299991607666,15.800000190734863,16.0
2025-09-16,15.949999809265137,16.100000381469727,15.819999694824219,15.899999618530273
2025-09-17,15.84000015258789,15.930000305175781,15.5,15.539999961853027
2025-09-18,15.529999732971191,15.539999961853027,15.15999984741211,15.380000114440918
2025-09-19,15.380000114440918,15.649999618530273,15.3100004196167,15.460000038146973
2025-09-22,15.5,15.720000267028809,15.170000076293945,15.25
2025-09-23,15.210000038146973,15.699999809265137,15.100000381469727,15.65999984741211
2025-09-24,15.670000076293945,15.75,15.5600004196167,15.640000343322754
2025-09-25,15.619999885559082,15.789999961853027,15.4399995803833,15.760000228881836
2025-09-26,15.75,15.960000038146973,15.680000305175781,15.869999885559082
2025-09-29,15.859999656677246,16.049999237060547,15.779999732971191,16.020000457763672
2025-09-30,16.020000457763672,16.170000076293945,15.829999923706055,16.100000381469727
2025-10-01,16.59000015258789,16.6299991607666,16.040000915527344,16.1299991607666
2025-10-02,16.170000076293945,16.540000915527344,16.15999984741211,16.399999618530273
2025-10-03,16.440000534057617,16.600000381469727,16.399999618530273,16.469999313354492
2025-10-06,16.510000228881836,16.829999923706055,16.479999542236328,16.809999465942383
2025-10-07,16.75,16.8799991607666,16.389999389648438,16.6299991607666
2025-10-08,16.65999984741211,16.739999771118164,16.260000228881836,16.290000915527344
2025-10-09,16.329999923706055,16.399999618530273,16.15999984741211,16.260000228881836
2025-10-10,16.280000686645508,16.350000381469727,15.970000267028809,16.100000381469727
2025-10-13,16.190000534057617,16.209999084472656,15.529999732971191,15.609999656677246
2025-10-14,15.59000015258789,15.9399995803833,15.359999656677246,15.880000114440918
2025-10-15,15.899999618530273,15.90999984741211,15.529999732971191,15.6899995803833
2025-10-16,15.670000076293945,15.869999885559082,15.579999923706055,15.800000190734863
2025-10-17,15.859999656677246,15.880000114440918,15.449999809265137,15.5
2025-10-20,15.529999732971191,15.779999732971191,15.510000228881836,15.720000267028809
2025-10-21,15.770000457763672,15.819999694824219,15.100000381469727,15.239999771118164
2025-10-22,15.279999732971191,15.4399995803833,15.029999732971191,15.100000381469727
2025-10-23,15.25,15.4399995803833,15.180000305175781,15.289999961853027
2025-10-24,15.199999809265137,15.34000015258789,14.930000305175781,14.970000267028809
2025-10-27,15.010000228881836,15.039999961853027,14.34000015258789,14.460000038146973
2025-10-28,14.5,14.59000015258789,14.279999732971191,14.369999885559082
2025-10-29,14.399999618530273,14.5600004196167,14.210000038146973,14.420000076293945
2025-10-30,14.350000381469727,14.420000076293945,14.069999694824219,14.279999732971191
2025-10-31,14.399999618530273,14.489999771118164,14.199999809265137,14.430000305175781
2025-11-03,14.489999771118164,14.729999542236328,14.359999656677246,14.649999618530273
2025-11-04,14.649999618530273,14.720000267028809,14.130000114440918,14.220000267028809
2025-11-05,14.220000267028809,14.319999694824219,14.050000190734863,14.109999656677246
2025-11-06,14.079999923706055,14.4399995803833,14.039999961853027,14.1899995803833
2025-11-07,14.199999809265137,14.369999885559082,14.069999694824219,14.100000381469727
2025-11-10,14.170000076293945,14.420000076293945,14.079999923706055,14.199999809265137
2025-11-11,14.270000457763672,14.479999542236328,14.170000076293945,14.25
2025-11-12,14.270000457763672,14.569999694824219,14.180000305175781,14.520000457763672
2025-11-13,14.529999732971191,14.770000457763672,14.369999885559082,14.4399995803833
2025-11-14,14.4399995803833,15.050000190734863,14.350000381469727,14.960000038146973
2025-11-17,14.859999656677246,14.9399995803833,14.649999618530273,14.800000190734863
2025-11-18,14.800000190734863,14.880000114440918,14.630000114440918,14.699999809265137
2025-11-19,14.649999618530273,15.050000190734863,14.619999885559082,14.65999984741211
2025-11-20,14.6899995803833,14.800000190734863,14.579999923706055,14.65999984741211
2025-11-21,14.720000267028809,14.829999923706055,14.5600004196167,14.779999732971191
2025-11-24,14.800000190734863,14.960000038146973,14.699999809265137,14.819999694824219
2025-11-25,14.84000015258789,14.970000267028809,14.789999961853027,14.90999984741211
2025-11-26,14.899999618530273,15.1899995803833,14.859999656677246,15.140000343322754
2025-11-28,15.109999656677246,15.289999961853027,15.079999923706055,15.210000038146973
2025-12-01,15.199999809265137,15.199999809265137,14.729999542236328,14.760000228881836
2025-12-02,14.75,15.069999694824219,14.720000267028809,14.979999542236328
2025-12-03,14.979999542236328,15.100000381469727,14.859999656677246,14.930000305175781
2025-12-04,14.920000076293945,15.0,14.779999732971191,14.880000114440918
2025-12-05,14.880000114440918,15.020000457763672,14.729999542236328,14.800000190734863
2025-12-08,14.8100004196167,14.930000305175781,14.720000267028809,14.819999694824219
2025-12-09,14.819999694824219,14.890000343322754,14.520000457763672,14.670000076293945
2025-12-10,14.699999809265137,15.020000457763672,14.65999984741211,14.90999984741211
2025-12-11,14.899999618530273,14.989999771118164,14.819999694824219,14.850000381469727
2025-12-12,14.829999923706055,15.270000457763672,14.829999923706055,15.100000381469727
2025-12-15,15.09000015258789,15.130000114440918,14.779999732971191,14.949999809265137
2025-12-16,14.949999809265137,15.069999694824219,14.779999732971191,14.819999694824219
2025-12-17,14.880000114440918,14.890000343322754,14.720000267028809,14.760000228881836
2025-12-18,14.729999542236328,14.800000190734863,14.380000114440918,14.479999542236328
2025-12-19,14.470000267028809,14.869999885559082,14.449999809265137,14.819999694824219
2025-12-22,14.869999885559082,15.09000015258789,14.829999923706055,14.989999771118164
2025-12-23,15.0,15.239999771118164,14.960000038146973,15.199999809265137
2025-12-24,15.15999984741211,15.34000015258789,15.15999984741211,15.289999961853027
2025-12-26,15.270000457763672,15.279999732971191,15.079999923706055,15.170000076293945
2025-12-29,15.1899995803833,15.34000015258789,15.109999656677246,15.260000228881836
2025-12-30,15.220000267028809,15.260000228881836,14.800000190734863,14.84000015258789
2025-12-31,14.850000381469727,15.220000267028809,14.800000190734863,15.010000228881836
2026-01-02,14.960000038146973,15.050000190734863,14.569999694824219,14.600000381469727
2026-01-05,14.609999656677246,14.84000015258789,14.600000381469727,14.729999542236328
2026-01-06,14.720000267028809,14.829999923706055,14.619999885559082,14.760000228881836
2026-01-07,14.739999771118164,15.039999961853027,14.6899995803833,14.979999542236328
2026-01-08,14.9399995803833,15.079999923706055,14.899999618530273,14.970000267028809
2026-01-09,14.9399995803833,14.989999771118164,14.779999732971191,14.890000343322754
2026-01-12,14.890000343322754,14.9399995803833,14.710000038146973,14.84000015258789
2026-01-13,14.84000015258789,15.0,14.779999732971191,14.890000343322754
2026-01-14,14.850000381469727,14.979999542236328,14.630000114440918,14.680000305175781
2026-01-15,14.649999618530273,14.680000305175781,14.40999984741211,14.569999694824219
2026-01-16,14.609999656677246,15.0,14.600000381469727,14.960000038146973
2026-01-20,14.920000076293945,14.979999542236328,14.699999809265137,14.720000267028809
2026-01-21,14.729999542236328,14.899999618530273,14.65999984741211,14.739999771118164
2026-01-22,14.720000267028809,14.979999542236328,14.699999809265137,14.960000038146973
2026-01-23,14.960000038146973,14.979999542236328,14.720000267028809,14.729999542236328
2026-01-26,14.75,14.869999885559082,14.670000076293945,14.789999961853027
2026-01-27,14.760000228881836,15.010000228881836,14.739999771118164,14.829999923706055
2026-01-28,14.84000015258789,14.869999885559082,14.670000076293945,14.710000038146973
2026-01-29,14.710000038146973,14.8100004196167,14.609999656677246,14.699999809265137
2026-01-30,14.699999809265137,14.710000038146973,14.149999618530273,14.270000457763672
2026-02-02,14.229999542236328,14.350000381469727,14.130000114440918,14.260000228881836
2026-02-03,14.260000228881836,14.699999809265137,14.210000038146973,14.630000114440918
2026-02-04,14.609999656677246,14.670000076293945,14.399999618530273,14.4399995803833
2026-02-05,14.420000076293945,14.4399995803833,14.199999809265137,14.270000457763672
2026-02-06,14.239999771118164,14.300000190734863,14.069999694824219,14.109999656677246
2026-02-09,14.1899995803833,14.529999732971191,14.149999618530273,14.350000381469727
2026-02-10,14.260000228881836,14.34000015258789,14.079999923706055,14.119999885559082
2026-02-11,14.100000381469727,14.119999885559082,13.819999694824219,13.84000015258789
2026-02-12,13.829999923706055,13.920000076293945,13.670000076293945,13.75
2026-02-13,13.75,13.869999885559082,13.729999542236328,13.779999732971191
2026-02-17,14.020000457763672,14.170000076293945,13.829999923706055,13.859999656677246
2026-02-18,13.850000381469727,14.1899995803833,13.850000381469727,14.170000076293945
2026-02-19,14.119999885559082,14.229999542236328,14.0,14.069999694824219
2026-02-20,14.0600004196167,14.460000038146973,13.979999542236328,14.300000190734863
2026-02-23,14.319999694824219,14.550000190734863,14.229999542236328,14.449999809265137
2026-02-24,14.430000305175781,14.640000343322754,14.399999618530273,14.550000190734863
2026-02-25,14.5,14.600000381469727,14.449999809265137,14.59000015258789
2026-02-26,14.550000190734863,14.729999542236328,14.350000381469727,14.40999984741211
2026-02-27,14.40999984741211,14.460000038146973,14.289999961853027,14.300000190734863
2026-03-02,14.149999618530273,14.289999961853027,13.880000114440918,13.90999984741211
2026-03-03,13.989999771118164,14.199999809265137,13.90999984741211,13.930000305175781
2026-03-04,13.970000267028809,14.069999694824219,13.699999809265137,13.729999542236328
2026-03-05,13.739999771118164,13.819999694824219,13.609999656677246,13.720000267028809
2026-03-06,13.739999771118164,14.170000076293945,13.6899995803833,14.100000381469727
2026-03-09,14.260000228881836,14.640000343322754,14.25,14.59000015258789
2026-03-10,14.300000190734863,14.569999694824219,14.170000076293945,14.380000114440918
2026-03-11,14.369999885559082,14.529999732971191,14.180000305175781,14.25
2026-03-12,14.350000381469727,14.489999771118164,14.119999885559082,14.380000114440918
2026-03-13,14.399999618530273,14.529999732971191,14.300000190734863,14.369999885559082
2026-03-16,14.40999984741211,14.4399995803833,14.149999618530273,14.1899995803833
2026-03-17,14.210000038146973,14.510000228881836,14.1899995803833,14.449999809265137
2026-03-18,14.390000343322754,14.84000015258789,14.350000381469727,14.800000190734863
2026-03-19,14.800000190734863,15.489999771118164,14.760000228881836,15.369999885559082
2026-03-20,15.329999923706055,15.720000267028809,15.270000457763672,15.699999809265137
2026-03-23,15.729999542236328,15.75,15.380000114440918,15.520000457763672
2026-03-24,15.5,15.90999984741211,15.399999618530273,15.880000114440918
2026-03-25,15.800000190734863,15.829999923706055,15.319999694824219,15.550000190734863
2026-03-26,15.729999542236328,15.970000267028809,15.529999732971191,15.869999885559082
2026-03-27,15.84000015258789,15.930000305175781,15.65999984741211,15.760000228881836
2026-03-30,15.789999961853027,16.100000381469727,15.520000457763672,15.550000190734863
2026-03-31,15.5600004196167,15.739999771118164,15.119999885559082,15.520000457763672
2026-04-01,15.4399995803833,15.4399995803833,15.050000190734863,15.289999961853027
2026-04-02,15.460000038146973,15.5,14.90999984741211,15.0
2026-04-06,14.920000076293945,15.149999618530273,14.84000015258789,14.970000267028809
2026-04-07,15.039999961853027,15.069999694824219,14.569999694824219,14.579999923706055
2026-04-08,14.430000305175781,14.510000228881836,14.1899995803833,14.229999542236328
2026-04-09,14.25,14.300000190734863,13.899999618530273,13.920000076293945
2026-04-10,13.979999542236328,14.0600004196167,13.710000038146973,13.75
2026-04-13,13.880000114440918,13.970000267028809,13.630000114440918,13.680000305175781
2026-04-14,13.630000114440918,13.949999809265137,13.5600004196167,13.880000114440918
2026-04-15,13.920000076293945,14.029999732971191,13.479999542236328,13.510000228881836
2026-04-16,13.579999923706055,13.770000457763672,13.550000190734863,13.65999984741211
2026-04-17,13.699999809265137,13.739999771118164,13.220000267028809,13.3100004196167
2026-04-20,13.449999809265137,13.539999961853027,13.25,13.470000267028809
2026-04-21,13.430000305175781,13.59000015258789,13.329999923706055,13.430000305175781
2026-04-22,13.399999618530273,13.65999984741211,13.350000381469727,13.569999694824219
2026-04-23,13.5600004196167,13.729999542236328,13.489999771118164,13.600000381469727
2026-04-24,13.600000381469727,13.960000038146973,13.600000381469727,13.930000305175781
2026-04-27,13.960000038146973,14.149999618530273,13.8100004196167,13.829999923706055
2026-04-28,13.829999923706055,14.15999984741211,13.829999923706055,14.109999656677246
2026-04-29,14.140000343322754,14.75,14.140000343322754,14.680000305175781
2026-04-30,14.739999771118164,14.770000457763672,14.470000267028809,14.579999923706055
2026-05-01,14.640000343322754,15.010000228881836,14.420000076293945,14.949999809265137
2026-05-04,14.979999542236328,15.329999923706055,14.850000381469727,15.289999961853027
2026-05-05,15.270000457763672,15.489999771118164,15.210000038146973,15.369999885559082
2026-05-06,15.279999732971191,15.350000381469727,14.449999809265137,14.8100004196167
2026-05-07,14.789999961853027,14.819999694824219,14.380000114440918,14.539999961853027
2026-05-08,14.579999923706055,14.75,14.460000038146973,14.6899995803833
2026-05-11,14.770000457763672,14.989999771118164,14.600000381469727,14.90999984741211
2026-05-12,14.989999771118164,15.220000267028809,14.8100004196167,15.010000228881836
2026-05-13,14.949999809265137,15.40999984741211,14.949999809265137,15.380000114440918
2026-05-14,15.40999984741211,15.420000076293945,14.920000076293945,14.989999771118164
2026-05-15,14.989999771118164,15.069999694824219,14.670000076293945,14.800000190734863
2026-05-18,14.84000015258789,14.949999809265137,14.569999694824219,14.729999542236328
2026-05-19,14.760000228881836,15.130000114440918,14.6899995803833,15.010000228881836
2026-05-20,15.069999694824219,15.149999618530273,14.670000076293945,14.729999542236328
2026-05-21,14.880000114440918,15.050000190734863,14.779999732971191,14.899999618530273
2026-05-22,14.8100004196167,14.90999984741211,14.59000015258789,14.699999809265137
2026-05-26,14.579999923706055,14.649999618530273,14.4399995803833,14.539999961853027
2026-05-27,14.470000267028809,14.489999771118164,14.130000114440918,14.140000343322754
2026-05-28,14.15999984741211,14.210000038146973,13.859999656677246,13.930000305175781
2026-05-29,13.9399995803833,14.350000381469727,13.899999618530273,14.0600004196167
2026-06-01,14.15999984741211,14.579999923706055,14.140000343322754,14.449999809265137
2026-06-02,14.399999618530273,14.470000267028809,14.25,14.380000114440918
2026-06-03,14.420000076293945,14.640000343322754,14.210000038146973,14.239999771118164
2026-06-04,14.220000267028809,14.449999809265137,14.140000343322754,14.270000457763672
2026-06-05,14.260000228881836,14.5,14.09000015258789,14.140000343322754
2026-06-08,14.239999771118164,14.359999656677246,14.109999656677246,14.119999885559082
2026-06-09,14.149999618530273,14.229999542236328,13.970000267028809,14.079999923706055
2026-06-10,14.079999923706055,14.100000381469727,13.859999656677246,13.920000076293945
2026-06-11,13.90999984741211,14.020000457763672,13.770000457763672,13.789999961853027
2026-06-12,13.770000457763672,13.970000267028809,13.680000305175781,13.699999809265137
2026-06-15,13.680000305175781,13.899999618530273,13.609999656677246,13.680000305175781
2026-06-16,13.670000076293945,13.859999656677246,13.5600004196167,13.819999694824219
2026-06-17,13.800000190734863,14.0,13.720000267028809,13.850000381469727
2026-06-18,13.850000381469727,13.970000267028809,13.5600004196167,13.59000015258789
2026-06-22,13.600000381469727,13.6899995803833,13.260000228881836,13.350000381469727
2026-06-23,13.319999694824219,13.5,13.270000457763672,13.420000076293945
2026-06-24,13.399999618530273,13.5,13.279999732971191,13.420000076293945
2026-06-25,13.380000114440918,13.600000381469727,13.260000228881836,13.550000190734863
2026-06-26,13.5,14.09000015258789,13.430000305175781,13.979999542236328
2026-06-29,14.130000114440918,14.40999984741211,13.920000076293945,14.289999961853027
2026-06-30,14.34000015258789,14.430000305175781,14.270000457763672,14.34000015258789
2026-07-01,14.880000114440918,15.25,14.84000015258789,14.989999771118164
2026-07-02,15.0,15.170000076293945,14.8100004196167,14.850000381469727
2026-07-06,14.850000381469727,15.239999771118164,14.6899995803833,15.220000267028809
2026-07-07,15.170000076293945,15.289999961853027,15.050000190734863,15.140000343322754
2026-07-08,15.140000343322754,15.390000343322754,15.079999923706055,15.109999656677246
2026-07-09,15.0600004196167,15.199999809265137,14.890000343322754,15.119999885559082
2026-07-10,15.140000343322754,15.140000343322754,14.710000038146973,14.880000114440918
2026-07-13,14.890000343322754,14.979999542236328,14.619999885559082,14.75
2026-07-14,14.789999961853027,15.0,14.670000076293945,14.880000114440918
2026-07-15,14.90999984741211,14.989999771118164,14.710000038146973,14.850000381469727
2026-07-16,14.859999656677246,14.859999656677246,14.369999885559082,14.4399995803833
2026-07-17,14.449999809265137,14.9399995803833,14.390000343322754,14.829999923706055
2026-07-20,14.899999618530273,14.9399995803833,14.729999542236328,14.819999694824219
2026-07-21,14.789999961853027,14.970000267028809,14.760000228881836,14.880000114440918
2026-07-22,14.880000114440918,14.9399995803833,14.670000076293945,14.739999771118164
2026-07-23,14.760000228881836,14.899999618530273,14.649999618530273,14.6899995803833
2026-07-24,14.6899995803833,14.789999961853027,14.539999961853027,14.770000457763672
2026-07-27,14.739999771118164,14.75,14.539999961853027,14.579999923706055
2026-07-28,14.579999923706055,14.699999809265137,14.5,14.550000190734863
2026-07-29,14.609999656677246,14.789999961853027,14.489999771118164,14.5
2026-07-30,14.520000457763672,14.630000114440918,14.369999885559082,14.430000305175781
2026-07-31,14.430000305175781,14.779999732971191,14.380000114440918,14.65999984741211
2026-08-03,14.619999885559082,15.0600004196167,14.609999656677246,15.010000228881836
2026-08-04,15.010000228881836,15.329999923706055,15.010000228881836,15.039999961853027
2026-08-05,15.079999923706055,15.279999732971191,15.0600004196167,15.149999618530273
2026-08-06,15.199999809265137,15.600000381469727,14.979999542236328,15.569999694824219
2026-08-07,15.550000190734863,16.5,15.489999771118164,16.450000762939453
2026-08-10,16.43000030517578,16.6299991607666,16.290000915527344,16.469999313354492
2026-08-11,16.5,16.75,16.329999923706055,16.729999542236328
2026-08-12,16.739999771118164,17.110000610351562,16.219999313354492,16.420000076293945
2026-08-13,16.3700008392334,16.84000015258789,16.270000457763672,16.81999969482422
2026-08-14,16.75,16.850000381469727,16.5,16.600000381469727
2026-08-17,16.559999465942383,16.959999084472656,16.469999313354492,16.8700008392334
2026-08-18,16.93000030517578,17.59000015258789,16.889999389648438,17.469999313354492
2026-08-19,17.5,17.65999984741211,17.309999465942383,17.549999237060547
2026-08-20,17.549999237060547,18.260000228881836,17.440000534057617,17.520000457763672
2026-08-21,17.479999542236328,17.889999389648438,17.15999984741211,17.610000610351562
2026-08-24,17.579999923706055,17.690000534057617,17.079999923706055,17.649999618530273
2026-08-25,17.65999984741211,17.739999771118164,17.1299991607666,17.270000457763672
2026-08-26,17.18000030517578,17.84000015258789,17.139999389648438,17.59000015258789
2026-08-27,17.6200008392334,18.219999313354492,17.549999237060547,18.190000534057617
2026-08-28,18.200000762939453,18.65999984741211,17.440000534057617,17.559999465942383
2026-08-31,17.700000762939453,17.899999618530273,17.579999923706055,17.790000915527344
