date,open,high,low,close
2016-08-31,18.579999923706055,18.795000076293945,18.520000457763672,18.621999740600586
2016-09-01,18.700000762939453,18.899999618530273,18.584999084472656,18.85700035095215
2016-09-02,18.860000610351562,19.395000457763672,18.780000686645508,19.275999069213867
2016-09-06,19.395000457763672,20.100000381469727,19.315000534057617,20.048999786376953
2016-09-07,19.969999313354492,20.014999389648438,19.735000610351562,19.759000778198242
2016-09-08,19.795000076293945,19.875,19.579999923706055,19.590999603271484
2016-09-09,19.614999771118164,19.6200008392334,19.024999618530273,19.281999588012695
2016-09-12,19.03499984741211,19.03499984741211,18.71500015258789,18.915000915527344
2016-09-13,19.170000076293945,19.170000076293945,18.889999389648438,18.889999389648438
2016-09-14,18.9950008392334,18.9950008392334,18.98200035095215,18.98200035095215
2016-09-15,18.96500015258789,19.040000915527344,18.809999465942383,18.958999633789062
2016-09-16,18.889999389648438,18.889999389648438,18.75,18.7810001373291
2016-09-19,18.875,19.235000610351562,18.875,19.20599937438965
2016-09-20,19.200000762939453,19.200000762939453,19.139999389648438,19.19499969482422
2016-09-21,19.68600082397461,19.68600082397461,19.68600082397461,19.68600082397461
2016-09-22,19.985000610351562,20.020000457763672,19.8799991607666,20.020000457763672
2016-09-23,19.854999542236328,19.854999542236328,19.732999801635742,19.732999801635742
2016-09-26,19.559999465942383,19.559999465942383,19.516000747680664,19.516000747680664
2016-09-27,19.3799991607666,19.3799991607666,19.086999893188477,19.086999893188477
2016-09-28,19.049999237060547,19.05500030517578,19.04400062561035,19.04400062561035
2016-09-29,19.225000381469727,19.225000381469727,19.010000228881836,19.114999771118164
2016-09-30,19.399999618530273,19.600000381469727,19.138999938964844,19.138999938964844
2016-10-03,18.8700008392334,18.8700008392334,18.795000076293945,18.795000076293945
2016-10-04,18.5,18.5,17.71299934387207,17.71299934387207
2016-10-05,17.850000381469727,17.850000381469727,17.604999542236328,17.634000778198242
2016-10-06,17.735000610351562,17.764999389648438,17.280000686645508,17.288000106811523
2016-10-07,17.2450008392334,17.520000457763672,17.19499969482422,17.323999404907227
2016-10-11,17.649999618530273,17.649999618530273,17.45599937438965,17.45599937438965
2016-10-12,17.5,17.5,17.454999923706055,17.454999923706055
2016-10-13,17.440000534057617,17.450000762939453,17.40999984741211,17.40999984741211
2016-10-14,17.344999313354492,17.434999465942383,17.329999923706055,17.39299964904785
2016-10-17,17.415000915527344,17.426000595092773,17.415000915527344,17.426000595092773
2016-10-18,17.649999618530273,17.649999618530273,17.4950008392334,17.590999603271484
2016-10-19,17.584999084472656,17.709999084472656,17.584999084472656,17.615999221801758
2016-10-20,17.684999465942383,17.684999465942383,17.424999237060547,17.50200080871582
2016-10-21,17.447999954223633,17.447999954223633,17.447999954223633,17.447999954223633
2016-10-24,17.562000274658203,17.562000274658203,17.562000274658203,17.562000274658203
2016-10-25,17.6299991607666,17.736000061035156,17.6299991607666,17.736000061035156
2016-10-26,17.655000686645508,17.655000686645508,17.584999084472656,17.584999084472656
2016-10-27,17.59000015258789,17.604000091552734,17.59000015258789,17.604000091552734
2016-10-28,17.625,17.854999542236328,17.604999542236328,17.761999130249023
2016-10-31,17.809999465942383,17.809999465942383,17.761999130249023,17.761999130249023
2016-11-01,18.0,18.450000762939453,18.0,18.385000228881836
2016-11-02,18.329999923706055,18.65999984741211,18.329999923706055,18.65999984741211
2016-11-03,18.382999420166016,18.382999420166016,18.329999923706055,18.382999420166016
2016-11-04,18.341999053955078,18.3700008392334,18.341999053955078,18.341999053955078
2016-11-07,18.149999618530273,18.19499969482422,18.124000549316406,18.124000549316406
2016-11-08,18.299999237060547,18.700000762939453,18.299999237060547,18.329999923706055
2016-11-09,18.770000457763672,18.799999237060547,18.35700035095215,18.35700035095215
2016-11-10,18.475000381469727,18.715999603271484,18.459999084472656,18.715999603271484
2016-11-14,17.459999084472656,17.459999084472656,16.80500030517578,16.87700080871582
2016-11-15,17.049999237060547,17.049999237060547,17.02899932861328,17.02899932861328
2016-11-16,16.913999557495117,16.924999237060547,16.913999557495117,16.913999557495117
2016-11-17,16.76099967956543,16.76099967956543,16.76099967956543,16.76099967956543
2016-11-18,16.613000869750977,16.613000869750977,16.613000869750977,16.613000869750977
2016-11-21,16.511999130249023,16.549999237060547,16.511999130249023,16.511999130249023
2016-11-22,16.62299919128418,16.62299919128418,16.62299919128418,16.62299919128418
2016-11-23,16.2549991607666,16.382999420166016,16.2549991607666,16.382999420166016
2016-11-25,16.540000915527344,16.540000915527344,16.464000701904297,16.464000701904297
2016-11-28,16.577999114990234,16.577999114990234,16.577999114990234,16.577999114990234
2016-11-29,16.604999542236328,16.700000762939453,16.389999389648438,16.660999298095703
2016-11-30,16.545000076293945,16.71500015258789,16.395000457763672,16.4060001373291
2016-12-01,16.4950008392334,16.6299991607666,16.25,16.427000045776367
2016-12-02,16.614999771118164,16.774999618530273,16.30500030517578,16.753000259399414
2016-12-05,16.905000686645508,16.959999084472656,16.524999618530273,16.823999404907227
2016-12-06,16.84000015258789,16.860000610351562,16.739999771118164,16.739999771118164
2016-12-07,16.665000915527344,17.202999114990234,16.645000457763672,17.202999114990234
2016-12-08,17.100000381469727,17.110000610351562,16.9950008392334,17.024999618530273
2016-12-09,16.979999542236328,17.020000457763672,16.81999969482422,16.89699935913086
2016-12-12,16.829999923706055,17.145000457763672,16.829999923706055,17.115999221801758
2016-12-13,17.075000762939453,17.149999618530273,16.764999389648438,16.910999298095703
2016-12-14,17.139999389648438,17.152000427246094,16.799999237060547,17.152000427246094
2016-12-15,16.5,16.5,15.890000343322754,15.897000312805176
2016-12-16,16.0,16.152999877929688,16.0,16.152999877929688
2016-12-19,16.0,16.025999069213867,15.979999542236328,16.025999069213867
2016-12-20,15.710000038146973,16.054000854492188,15.699999809265137,16.054000854492188
2016-12-21,16.104999542236328,16.125,15.918000221252441,15.918000221252441
2016-12-22,15.914999961853027,15.970000267028809,15.789999961853027,15.8149995803833
2016-12-23,15.774999618530273,15.800000190734863,15.704000473022461,15.704000473022461
2016-12-27,15.84000015258789,15.928999900817871,15.84000015258789,15.928999900817871
2016-12-28,16.0,16.024999618530273,15.875,15.98799991607666
2016-12-29,15.994999885559082,16.200000762939453,15.994999885559082,16.163000106811523
2016-12-30,16.235000610351562,16.235000610351562,15.859999656677246,15.935999870300293
2017-01-03,16.040000915527344,16.434999465942383,16.030000686645508,16.356000900268555
2017-01-04,16.399999618530273,16.499000549316406,16.395000457763672,16.499000549316406
2017-01-05,16.645000457763672,16.709999084472656,16.583999633789062,16.583999633789062
2017-01-06,16.375,16.489999771118164,16.375,16.465999603271484
2017-01-09,16.44499969482422,16.65999984741211,16.44499969482422,16.6299991607666
2017-01-10,16.635000228881836,16.80299949645996,16.594999313354492,16.80299949645996
2017-01-11,16.610000610351562,16.783000946044922,16.610000610351562,16.783000946044922
2017-01-12,16.780000686645508,16.780000686645508,16.780000686645508,16.780000686645508
2017-01-13,16.719999313354492,16.719999313354492,16.719999313354492,16.719999313354492
2017-01-17,17.101999282836914,17.101999282836914,17.101999282836914,17.101999282836914
2017-01-18,17.235000610351562,17.235000610351562,17.209999084472656,17.235000610351562
2017-01-19,16.966999053955078,16.966999053955078,16.966999053955078,16.966999053955078
2017-01-20,16.924999237060547,17.1200008392334,16.924999237060547,16.996999740600586
2017-01-23,17.200000762939453,17.200000762939453,17.1299991607666,17.149999618530273
2017-01-24,17.14900016784668,17.14900016784668,17.14900016784668,17.14900016784668
2017-01-25,16.829999923706055,16.959999084472656,16.829999923706055,16.944000244140625
2017-01-26,16.81399917602539,16.81399917602539,16.81399917602539,16.81399917602539
2017-01-27,17.100000381469727,17.100000381469727,17.100000381469727,17.100000381469727
2017-01-30,17.149999618530273,17.149999618530273,17.121999740600586,17.121999740600586
2017-01-31,17.329999923706055,17.559999465942383,17.329999923706055,17.511999130249023
2017-02-01,17.450000762939453,17.59000015258789,17.420000076293945,17.420000076293945
2017-02-02,17.670000076293945,17.670000076293945,17.402000427246094,17.402000427246094
2017-02-03,17.405000686645508,17.452999114990234,17.405000686645508,17.452999114990234
2017-02-06,17.594999313354492,17.729999542236328,17.56999969482422,17.66699981689453
2017-02-07,17.575000762939453,17.732999801635742,17.575000762939453,17.732999801635742
2017-02-08,17.645000457763672,17.799999237060547,17.645000457763672,17.683000564575195
2017-02-09,17.75,17.815000534057617,17.719999313354492,17.719999313354492
2017-02-10,17.579999923706055,17.96500015258789,17.579999923706055,17.91200065612793
2017-02-13,17.899999618530273,17.899999618530273,17.804000854492188,17.804000854492188
2017-02-14,17.871999740600586,17.959999084472656,17.871999740600586,17.871999740600586
2017-02-15,17.920000076293945,17.959999084472656,17.920000076293945,17.94700050354004
2017-02-16,18.049999237060547,18.062999725341797,18.049999237060547,18.062999725341797
2017-02-17,18.0049991607666,18.049999237060547,18.0049991607666,18.018999099731445
2017-02-21,17.989999771118164,18.049999237060547,17.959999084472656,17.989999771118164
2017-02-22,17.941999435424805,17.941999435424805,17.941999435424805,17.941999435424805
2017-02-23,18.05500030517578,18.113000869750977,18.05500030517578,18.113000869750977
2017-02-24,18.334999084472656,18.334999084472656,18.334999084472656,18.334999084472656
2017-02-27,18.354999542236328,18.475000381469727,18.204999923706055,18.354000091552734
2017-02-28,18.290000915527344,18.44499969482422,18.235000610351562,18.420000076293945
2017-03-01,18.295000076293945,18.454999923706055,18.25,18.44300079345703
2017-03-02,18.405000686645508,18.405000686645508,17.690000534057617,17.704999923706055
2017-03-03,17.790000915527344,17.94499969482422,17.625,17.69700050354004
2017-03-06,17.899999618530273,17.899999618530273,17.700000762939453,17.725000381469727
2017-03-07,17.719999313354492,17.719999313354492,17.46500015258789,17.492000579833984
2017-03-08,17.485000610351562,17.5,17.209999084472656,17.256999969482422
2017-03-09,17.15999984741211,17.2549991607666,16.924999237060547,16.993000030517578
2017-03-10,16.924999237060547,17.049999237060547,16.834999084472656,16.882999420166016
2017-03-13,16.975000381469727,17.09000015258789,16.934999465942383,16.934999465942383
2017-03-14,16.924999237060547,16.959999084472656,16.88800048828125,16.88800048828125
2017-03-15,16.899999618530273,17.219999313354492,16.81999969482422,16.88800048828125
2017-03-16,17.389999389648438,17.469999313354492,17.2549991607666,17.29599952697754
2017-03-17,17.299999237060547,17.378999710083008,17.280000686645508,17.378999710083008
2017-03-20,17.424999237060547,17.424999237060547,17.354999542236328,17.402999877929688
2017-03-21,17.334999084472656,17.549999237060547,17.334999084472656,17.549999237060547
2017-03-22,17.549999237060547,17.549999237060547,17.540000915527344,17.545000076293945
2017-03-23,17.575000762939453,17.575000762939453,17.562999725341797,17.562999725341797
2017-03-24,17.719999313354492,17.719999313354492,17.719999313354492,17.719999313354492
2017-03-27,18.079999923706055,18.100000381469727,18.079999923706055,18.079999923706055
2017-03-28,18.145000457763672,18.225000381469727,18.139999389648438,18.225000381469727
2017-03-29,18.22800064086914,18.22800064086914,18.22800064086914,18.22800064086914
2017-03-30,18.15999984741211,18.25,18.15999984741211,18.184999465942383
2017-03-31,18.1200008392334,18.235000610351562,18.114999771118164,18.235000610351562
2017-04-03,18.219999313354492,18.219999313354492,18.19099998474121,18.19099998474121
2017-04-04,18.302000045776367,18.302000045776367,18.302000045776367,18.302000045776367
2017-04-05,18.21500015258789,18.21500015258789,18.165000915527344,18.166000366210938
2017-04-06,18.170000076293945,18.225000381469727,18.170000076293945,18.225000381469727
2017-04-07,18.350000381469727,18.424999237060547,18.1299991607666,18.1299991607666
2017-04-10,17.81999969482422,17.893999099731445,17.75,17.893999099731445
2017-04-11,18.040000915527344,18.290000915527344,18.040000915527344,18.232999801635742
2017-04-12,18.31999969482422,18.389999389648438,18.27899932861328,18.27899932861328
2017-04-13,18.475000381469727,18.5,18.469999313354492,18.48900032043457
2017-04-17,18.493000030517578,18.493000030517578,18.43000030517578,18.493000030517578
2017-04-18,18.250999450683594,18.250999450683594,18.250999450683594,18.250999450683594
2017-04-19,18.13599967956543,18.13599967956543,18.13599967956543,18.13599967956543
2017-04-20,17.992000579833984,17.992000579833984,17.992000579833984,17.992000579833984
2017-04-21,17.985000610351562,17.989999771118164,17.829999923706055,17.829999923706055
2017-04-24,17.847999572753906,17.847999572753906,17.847999572753906,17.847999572753906
2017-04-25,17.58099937438965,17.58099937438965,17.559999465942383,17.58099937438965
2017-04-26,17.35300064086914,17.35300064086914,17.35300064086914,17.35300064086914
2017-04-27,17.459999084472656,17.469999313354492,17.204999923706055,17.264999389648438
2017-04-28,17.225000381469727,17.375,17.1299991607666,17.19099998474121
2017-05-01,17.184999465942383,17.21500015258789,16.760000228881836,16.780000686645508
2017-05-02,16.854999542236328,16.954999923706055,16.7549991607666,16.768999099731445
2017-05-03,16.799999237060547,16.834999084472656,16.420000076293945,16.48699951171875
2017-05-04,16.424999237060547,16.549999237060547,16.209999084472656,16.243999481201172
2017-05-05,16.290000915527344,16.46500015258789,16.19499969482422,16.21500015258789
2017-05-08,16.260000228881836,16.395000457763672,16.198999404907227,16.198999404907227
2017-05-09,16.145000457763672,16.184999465942383,16.007999420166016,16.007999420166016
2017-05-10,16.145000457763672,16.235000610351562,16.100000381469727,16.150999069213867
2017-05-11,16.155000686645508,16.315000534057617,16.155000686645508,16.208999633789062
2017-05-12,16.28499984741211,16.405000686645508,16.280000686645508,16.34600067138672
2017-05-15,16.434999465942383,16.735000610351562,16.424999237060547,16.56100082397461
2017-05-16,16.579999923706055,16.774999618530273,16.579999923706055,16.69300079345703
2017-05-17,16.854999542236328,16.954999923706055,16.739999771118164,16.851999282836914
2017-05-18,16.700000762939453,16.704999923706055,16.510000228881836,16.621000289916992
2017-05-19,16.524999618530273,16.774999618530273,16.524999618530273,16.75
2017-05-22,17.14299964904785,17.14299964904785,17.14299964904785,17.14299964904785
2017-05-23,17.079999923706055,17.229999542236328,17.010000228881836,17.090999603271484
2017-05-24,16.989999771118164,17.07699966430664,16.989999771118164,17.07699966430664
2017-05-25,17.165000915527344,17.190000534057617,17.149999618530273,17.152000427246094
2017-05-26,17.104999542236328,17.309999465942383,17.100000381469727,17.283000946044922
2017-05-30,17.334999084472656,17.399999618530273,17.209999084472656,17.38800048828125
2017-05-31,17.209999084472656,17.368000030517578,17.209999084472656,17.368000030517578
2017-06-01,17.299999237060547,17.30500030517578,17.024999618530273,17.243000030517578
2017-06-02,17.204999923706055,17.5049991607666,17.1200008392334,17.48699951171875
2017-06-05,17.545000076293945,17.600000381469727,17.545000076293945,17.547000885009766
2017-06-06,17.510000228881836,17.69499969482422,17.510000228881836,17.677000045776367
2017-06-07,17.625,17.690000534057617,17.510000228881836,17.586999893188477
2017-06-08,17.594999313354492,17.604999542236328,17.364999771118164,17.384000778198242
2017-06-09,17.454999923706055,17.454999923706055,17.174999237060547,17.19300079345703
2017-06-12,17.114999771118164,17.114999771118164,16.913999557495117,16.913999557495117
2017-06-13,16.915000915527344,16.915000915527344,16.738000869750977,16.738000869750977
2017-06-14,16.84000015258789,17.18000030517578,16.84000015258789,17.10700035095215
2017-06-15,16.6299991607666,16.729999542236328,16.6299991607666,16.69099998474121
2017-06-16,16.735000610351562,16.735000610351562,16.63599967956543,16.63599967956543
2017-06-19,16.510000228881836,16.530000686645508,16.482999801635742,16.482999801635742
2017-06-20,16.469999313354492,16.56999969482422,16.375,16.398000717163086
2017-06-21,16.459999084472656,16.469999313354492,16.329999923706055,16.354999542236328
2017-06-22,16.440000534057617,16.489999771118164,16.440000534057617,16.489999771118164
2017-06-23,16.649999618530273,16.649999618530273,16.628000259399414,16.628000259399414
2017-06-26,16.424999237060547,16.559999465942383,16.424999237060547,16.559999465942383
2017-06-27,16.576000213623047,16.576000213623047,16.576000213623047,16.576000213623047
2017-06-28,16.7450008392334,16.7450008392334,16.684999465942383,16.71500015258789
2017-06-29,16.770000457763672,16.860000610351562,16.55500030517578,16.586000442504883
2017-06-30,16.59000015258789,16.6299991607666,16.440000534057617,16.56800079345703
2017-07-03,16.579999923706055,16.579999923706055,16.030000686645508,16.03700065612793
2017-07-05,16.100000381469727,16.100000381469727,15.835000038146973,15.842000007629395
2017-07-06,15.994999885559082,16.0,15.885000228881836,15.927000045776367
2017-07-07,15.960000038146973,15.96500015258789,15.300000190734863,15.371000289916992
2017-07-10,15.539999961853027,15.614999771118164,15.149999618530273,15.57699966430664
2017-07-11,15.574999809265137,15.760000228881836,15.399999618530273,15.696999549865723
2017-07-12,15.770000457763672,15.875,15.760000228881836,15.83899974822998
2017-07-13,15.890000343322754,15.890000343322754,15.640000343322754,15.642000198364258
2017-07-14,15.635000228881836,15.96500015258789,15.585000038146973,15.883999824523926
2017-07-17,16.100000381469727,16.110000610351562,16.040000915527344,16.049999237060547
2017-07-18,16.024999618530273,16.2549991607666,16.024999618530273,16.222000122070312
2017-07-19,16.139999389648438,16.250999450683594,16.1299991607666,16.250999450683594
2017-07-20,16.18000030517578,16.325000762939453,16.135000228881836,16.298999786376953
2017-07-21,16.25,16.440000534057617,16.25,16.40999984741211
2017-07-24,16.415000915527344,16.46500015258789,16.354999542236328,16.398000717163086
2017-07-25,16.40999984741211,16.496999740600586,16.264999389648438,16.496999740600586
2017-07-26,16.399999618530273,16.610000610351562,16.364999771118164,16.415000915527344
2017-07-27,16.625,16.649999618530273,16.52899932861328,16.52899932861328
2017-07-28,16.4950008392334,16.690000534057617,16.489999771118164,16.663999557495117
2017-07-31,16.735000610351562,16.825000762939453,16.729999542236328,16.75
2017-08-01,16.635000228881836,16.78499984741211,16.635000228881836,16.72800064086914
2017-08-02,16.69700050354004,16.69700050354004,16.69700050354004,16.69700050354004
2017-08-03,16.5939998626709,16.5939998626709,16.5939998626709,16.5939998626709
2017-08-04,16.264999389648438,16.264999389648438,16.204999923706055,16.222000122070312
2017-08-07,16.200000762939453,16.235000610351562,16.09000015258789,16.22100067138672
2017-08-08,16.364999771118164,16.420000076293945,16.34000015258789,16.360000610351562
2017-08-09,16.5049991607666,16.850000381469727,16.475000381469727,16.833999633789062
2017-08-10,16.94499969482422,17.209999084472656,16.94499969482422,17.035999298095703
2017-08-11,17.094999313354492,17.104999542236328,17.020000457763672,17.041000366210938
2017-08-14,17.05500030517578,17.114999771118164,16.989999771118164,17.093000411987305
2017-08-15,16.690000534057617,16.690000534057617,16.690000534057617,16.690000534057617
2017-08-16,16.69499969482422,17.065000534057617,16.69499969482422,16.91699981689453
2017-08-17,17.1299991607666,17.1299991607666,16.989999771118164,17.030000686645508
2017-08-18,16.979999542236328,16.979999542236328,16.979999542236328,16.979999542236328
2017-08-21,16.9950008392334,16.9950008392334,16.9950008392334,16.9950008392334
2017-08-22,16.961999893188477,16.961999893188477,16.961999893188477,16.961999893188477
2017-08-23,17.031999588012695,17.031999588012695,17.031999588012695,17.031999588012695
2017-08-24,17.05500030517578,17.059999465942383,16.95199966430664,16.95199966430664
2017-08-25,16.95199966430664,17.038000106811523,16.95199966430664,17.038000106811523
2017-08-28,17.430999755859375,17.430999755859375,17.430999755859375,17.430999755859375
2017-08-29,17.422000885009766,17.422000885009766,17.422000885009766,17.422000885009766
2017-08-30,17.389999389648438,17.459999084472656,17.28499984741211,17.40399932861328
2017-08-31,17.420000076293945,17.600000381469727,17.2549991607666,17.479999542236328
2017-09-01,17.565000534057617,17.719999313354492,17.44499969482422,17.7189998626709
2017-09-05,17.780000686645508,17.979999542236328,17.774999618530273,17.844999313354492
2017-09-06,17.915000915527344,17.969999313354492,17.799999237060547,17.81599998474121
2017-09-07,17.84000015258789,18.104999542236328,17.795000076293945,18.016000747680664
2017-09-08,18.09000015258789,18.15999984741211,17.915000915527344,18.027000427246094
2017-09-11,17.889999389648438,17.889999389648438,17.69499969482422,17.80699920654297
2017-09-12,17.780000686645508,17.8700008392334,17.704999923706055,17.795000076293945
2017-09-13,17.860000610351562,17.90999984741211,17.635000228881836,17.77199935913086
2017-09-14,17.649999618530273,17.760000228881836,17.579999923706055,17.697999954223633
2017-09-15,17.760000228881836,17.799999237060547,17.549999237060547,17.611000061035156
2017-09-18,17.489999771118164,17.520000457763672,17.030000686645508,17.070999145507812
2017-09-19,17.135000228881836,17.239999771118164,17.114999771118164,17.19499969482422
2017-09-20,17.2549991607666,17.34000015258789,17.010000228881836,17.250999450683594
2017-09-21,16.895000457763672,16.937000274658203,16.799999237060547,16.937000274658203
2017-09-22,16.985000610351562,16.985000610351562,16.902999877929688,16.902999877929688
2017-09-25,16.850000381469727,17.09000015258789,16.809999465942383,17.05900001525879
2017-09-26,16.875,16.889999389648438,16.774999618530273,16.804000854492188
2017-09-27,16.700000762939453,16.815000534057617,16.69499969482422,16.74799919128418
2017-09-28,16.75,16.829999923706055,16.655000686645508,16.773000717163086
2017-09-29,16.809999465942383,16.809999465942383,16.60700035095215,16.60700035095215
2017-10-02,16.594999313354492,16.635000228881836,16.524999618530273,16.584999084472656
2017-10-03,16.530000686645508,16.584999084472656,16.530000686645508,16.58099937438965
2017-10-04,16.645000457763672,16.81999969482422,16.514999389648438,16.562999725341797
2017-10-05,16.649999618530273,16.709999084472656,16.582000732421875,16.582000732421875
2017-10-06,16.59000015258789,16.733999252319336,16.43000030517578,16.733999252319336
2017-10-09,16.864999771118164,16.93000030517578,16.864999771118164,16.916000366210938
2017-10-10,16.934999465942383,17.165000915527344,16.924999237060547,17.155000686645508
2017-10-11,17.145000457763672,17.200000762939453,17.065000534057617,17.08099937438965
2017-10-12,17.204999923706055,17.219999313354492,17.204999923706055,17.211000442504883
2017-10-13,17.21500015258789,17.3799991607666,17.21500015258789,17.354999542236328
2017-10-16,17.420000076293945,17.43000030517578,17.280000686645508,17.315000534057617
2017-10-17,16.98699951171875,17.010000228881836,16.98699951171875,16.98699951171875
2017-10-18,16.94300079345703,16.94300079345703,16.94300079345703,16.94300079345703
2017-10-19,16.989999771118164,17.219999313354492,16.989999771118164,17.201000213623047
2017-10-20,17.170000076293945,17.170000076293945,16.989999771118164,17.02199935913086
2017-10-23,16.920000076293945,17.02400016784668,16.8700008392334,17.02400016784668
2017-10-24,16.889999389648438,16.94499969482422,16.889999389648438,16.906999588012695
2017-10-25,16.868000030517578,16.868000030517578,16.868000030517578,16.868000030517578
2017-10-26,16.763999938964844,16.763999938964844,16.763999938964844,16.763999938964844
2017-10-27,16.70199966430664,16.70199966430664,16.70199966430664,16.70199966430664
2017-10-30,16.71500015258789,16.844999313354492,16.71500015258789,16.802000045776367
2017-10-31,16.795000076293945,16.795000076293945,16.645000457763672,16.645000457763672
2017-11-01,16.989999771118164,17.131999969482422,16.989999771118164,17.131999969482422
2017-11-02,17.065000534057617,17.0939998626709,17.059999465942383,17.0939998626709
2017-11-03,17.104999542236328,17.104999542236328,16.790000915527344,16.79400062561035
2017-11-06,17.19499969482422,17.225000381469727,17.19499969482422,17.19499969482422
2017-11-07,16.905000686645508,16.924999237060547,16.905000686645508,16.905000686645508
2017-11-08,17.106000900268555,17.106000900268555,17.106000900268555,17.106000900268555
2017-11-09,16.93000030517578,16.94300079345703,16.93000030517578,16.94300079345703
2017-11-10,17.0,17.0,16.8439998626709,16.8439998626709
2017-11-13,16.84000015258789,17.023000717163086,16.84000015258789,17.023000717163086
2017-11-14,16.905000686645508,17.052000045776367,16.905000686645508,17.052000045776367
2017-11-15,16.950000762939453,16.950000762939453,16.940000534057617,16.950000762939453
2017-11-16,16.950000762939453,17.055999755859375,16.950000762939453,17.055999755859375
2017-11-17,17.125,17.357999801635742,17.125,17.357999801635742
2017-11-20,16.82699966430664,16.82699966430664,16.82699966430664,16.82699966430664
2017-11-21,16.948999404907227,16.948999404907227,16.93000030517578,16.948999404907227
2017-11-22,17.10099983215332,17.10099983215332,17.10099983215332,17.10099983215332
2017-11-24,16.989999771118164,16.989999771118164,16.981000900268555,16.981000900268555
2017-11-27,17.020000457763672,17.020000457763672,17.009000778198242,17.009000778198242
2017-11-28,17.020000457763672,17.024999618530273,16.81100082397461,16.81100082397461
2017-11-29,16.809999465942383,16.864999771118164,16.450000762939453,16.457000732421875
2017-11-30,16.479999542236328,16.520000457763672,16.28499984741211,16.381999969482422
2017-12-01,16.385000228881836,16.485000610351562,16.200000762939453,16.297000885009766
2017-12-04,16.309999465942383,16.34000015258789,16.190000534057617,16.284000396728516
2017-12-05,16.25,16.280000686645508,15.972999572753906,15.972999572753906
2017-12-06,16.040000915527344,16.049999237060547,15.868000030517578,15.868000030517578
2017-12-07,15.880000114440918,15.885000228881836,15.600000381469727,15.71500015258789
2017-12-08,15.675000190734863,15.765000343322754,15.654999732971191,15.736000061035156
2017-12-11,15.774999618530273,15.800000190734863,15.625,15.696999549865723
2017-12-12,15.664999961853027,15.699999809265137,15.555000305175781,15.581999778747559
2017-12-13,15.640000343322754,15.994999885559082,15.619999885559082,15.784000396728516
2017-12-14,16.0,16.0,15.800000190734863,15.850000381469727
2017-12-15,16.010000228881836,16.010000228881836,15.954999923706055,15.977999687194824
2017-12-18,15.979999542236328,16.1200008392334,15.979999542236328,16.1200008392334
2017-12-19,16.15999984741211,16.15999984741211,16.06599998474121,16.06599998474121
2017-12-20,16.094999313354492,16.187999725341797,16.094999313354492,16.187999725341797
2017-12-21,16.094999313354492,16.152000427246094,16.094999313354492,16.152000427246094
2017-12-22,16.139999389648438,16.35700035095215,16.139999389648438,16.35700035095215
2017-12-26,16.479999542236328,16.520000457763672,16.479999542236328,16.520000457763672
2017-12-27,16.594999313354492,16.625,16.579999923706055,16.618999481201172
2017-12-28,16.649999618530273,16.832000732421875,16.649999618530273,16.832000732421875
2017-12-29,16.920000076293945,17.059999465942383,16.920000076293945,17.059999465942383
2018-01-02,17.155000686645508,17.15999984741211,17.121000289916992,17.121000289916992
2018-01-03,17.079999923706055,17.184999465942383,17.079999923706055,17.184999465942383
2018-01-04,17.084999084472656,17.229999542236328,17.084999084472656,17.18899917602539
2018-01-05,17.204999923706055,17.204999923706055,17.204999923706055,17.204999923706055
2018-01-08,17.06399917602539,17.06399917602539,17.06399917602539,17.06399917602539
2018-01-09,16.93600082397461,16.94499969482422,16.93600082397461,16.93600082397461
2018-01-10,16.96299934387207,16.96299934387207,16.954999923706055,16.96299934387207
2018-01-11,16.954999923706055,16.96500015258789,16.893999099731445,16.893999099731445
2018-01-12,16.924999237060547,17.1200008392334,16.920000076293945,17.069000244140625
2018-01-16,17.30500030517578,17.325000762939453,17.121999740600586,17.121999740600586
2018-01-17,17.094999313354492,17.1200008392334,16.969999313354492,17.104999542236328
2018-01-18,17.0,17.010000228881836,16.89299964904785,16.89299964904785
2018-01-19,16.934999465942383,16.989999771118164,16.934999465942383,16.975000381469727
2018-01-22,16.985000610351562,16.985000610351562,16.930999755859375,16.930999755859375
2018-01-23,16.854999542236328,16.854999542236328,16.854999542236328,16.854999542236328
2018-01-24,17.424999237060547,17.424999237060547,17.424999237060547,17.424999237060547
2018-01-25,17.524999618530273,17.551000595092773,17.524999618530273,17.551000595092773
2018-01-26,17.381999969482422,17.381999969482422,17.381999969482422,17.381999969482422
2018-01-30,17.05500030517578,17.184999465942383,17.01300048828125,17.01300048828125
2018-01-31,17.174999237060547,17.209999084472656,17.174999237060547,17.20400047302246
2018-02-01,17.118000030517578,17.118000030517578,17.118000030517578,17.118000030517578
2018-02-02,16.676000595092773,16.676000595092773,16.676000595092773,16.676000595092773
2018-02-05,16.638999938964844,16.638999938964844,16.638999938964844,16.638999938964844
2018-02-06,16.704999923706055,16.704999923706055,16.540000915527344,16.54800033569336
2018-02-07,16.6299991607666,16.6299991607666,16.20599937438965,16.20599937438965
2018-02-08,16.31399917602539,16.31399917602539,16.31399917602539,16.31399917602539
2018-02-09,16.115999221801758,16.115999221801758,16.115999221801758,16.115999221801758
2018-02-12,16.375,16.54800033569336,16.344999313354492,16.54800033569336
2018-02-13,16.506999969482422,16.506999969482422,16.506999969482422,16.506999969482422
2018-02-14,16.857999801635742,16.857999801635742,16.857999801635742,16.857999801635742
2018-02-15,16.777000427246094,16.777000427246094,16.777000427246094,16.777000427246094
2018-02-16,16.69499969482422,16.69499969482422,16.69499969482422,16.69499969482422
2018-02-20,16.424999237060547,16.424999237060547,16.424999237060547,16.424999237060547
2018-02-21,16.604000091552734,16.604000091552734,16.604000091552734,16.604000091552734
2018-02-22,16.56999969482422,16.57900047302246,16.56999969482422,16.57900047302246
2018-02-23,16.549999237060547,16.55500030517578,16.47599983215332,16.47599983215332
2018-02-26,16.54199981689453,16.54199981689453,16.54199981689453,16.54199981689453
2018-02-27,16.610000610351562,16.649999618530273,16.260000228881836,16.34600067138672
2018-02-28,16.334999084472656,16.43000030517578,16.299999237060547,16.323999404907227
2018-03-01,16.350000381469727,16.46500015258789,16.09000015258789,16.200000762939453
2018-03-02,16.389999389648438,16.4950008392334,16.360000610351562,16.392000198364258
2018-03-05,16.46500015258789,16.545000076293945,16.31999969482422,16.33799934387207
2018-03-06,16.3700008392334,16.809999465942383,16.3700008392334,16.71500015258789
2018-03-07,16.639999389648438,16.639999389648438,16.399999618530273,16.42799949645996
2018-03-08,16.440000534057617,16.46500015258789,16.375,16.43600082397461
2018-03-09,16.329999923706055,16.614999771118164,16.30500030517578,16.54599952697754
2018-03-12,16.565000534057617,16.565000534057617,16.389999389648438,16.47100067138672
2018-03-13,16.4950008392334,16.559999465942383,16.459999084472656,16.55900001525879
2018-03-14,16.53499984741211,16.53499984741211,16.466999053955078,16.466999053955078
2018-03-15,16.485000610351562,16.485000610351562,16.30500030517578,16.35300064086914
2018-03-16,16.334999084472656,16.405000686645508,16.184999465942383,16.20199966430664
2018-03-19,16.165000915527344,16.260000228881836,16.165000915527344,16.2549991607666
2018-03-20,16.21500015258789,16.21500015258789,16.049999237060547,16.125
2018-03-21,16.385000228881836,16.530000686645508,16.35700035095215,16.35700035095215
2018-03-22,16.489999771118164,16.5049991607666,16.327999114990234,16.327999114990234
2018-03-23,16.450000762939453,16.549999237060547,16.450000762939453,16.530000686645508
2018-03-26,16.700000762939453,16.725000381469727,16.614999771118164,16.631999969482422
2018-03-27,16.5049991607666,16.5049991607666,16.48900032043457,16.48900032043457
2018-03-28,16.450000762939453,16.450000762939453,16.19499969482422,16.204999923706055
2018-03-29,16.25,16.25,16.209999084472656,16.222999572753906
2018-04-02,16.469999313354492,16.62700080871582,16.469999313354492,16.62700080871582
2018-04-03,16.347000122070312,16.347000122070312,16.347000122070312,16.347000122070312
2018-04-04,16.434999465942383,16.44499969482422,16.208999633789062,16.208999633789062
2018-04-05,16.200000762939453,16.31999969482422,16.190000534057617,16.31999969482422
2018-04-06,16.299999237060547,16.332000732421875,16.28499984741211,16.332000732421875
2018-04-09,16.344999313354492,16.499000549316406,16.344999313354492,16.499000549316406
2018-04-10,16.40999984741211,16.56599998474121,16.40999984741211,16.56599998474121
2018-04-11,16.738000869750977,16.738000869750977,16.738000869750977,16.738000869750977
2018-04-12,16.614999771118164,16.614999771118164,16.44300079345703,16.44300079345703
2018-04-13,16.628000259399414,16.628000259399414,16.628000259399414,16.628000259399414
2018-04-16,16.66200065612793,16.66200065612793,16.66200065612793,16.66200065612793
2018-04-17,16.77199935913086,16.77199935913086,16.77199935913086,16.77199935913086
2018-04-18,16.825000762939453,17.231000900268555,16.825000762939453,17.231000900268555
2018-04-19,17.170000076293945,17.222000122070312,17.170000076293945,17.222000122070312
2018-04-20,17.174999237060547,17.174999237060547,17.100000381469727,17.14699935913086
2018-04-23,16.825000762939453,16.829999923706055,16.570999145507812,16.570999145507812
2018-04-24,16.65999984741211,16.687000274658203,16.65999984741211,16.687000274658203
2018-04-25,16.55500030517578,16.55500030517578,16.486000061035156,16.486000061035156
2018-04-26,16.488000869750977,16.488000869750977,16.488000869750977,16.488000869750977
2018-04-27,16.489999771118164,16.530000686645508,16.385000228881836,16.4060001373291
2018-04-30,16.475000381469727,16.485000610351562,16.139999389648438,16.312000274658203
2018-05-01,16.280000686645508,16.28499984741211,16.0,16.038999557495117
2018-05-02,16.190000534057617,16.450000762939453,16.190000534057617,16.291000366210938
2018-05-03,16.3700008392334,16.530000686645508,16.34000015258789,16.36199951171875
2018-05-04,16.405000686645508,16.440000534057617,16.329999923706055,16.43400001525879
2018-05-07,16.489999771118164,16.5049991607666,16.389999389648438,16.413000106811523
2018-05-08,16.415000915527344,16.44499969482422,16.25,16.38800048828125
2018-05-09,16.514999389648438,16.514999389648438,16.454999923706055,16.45800018310547
2018-05-10,16.459999084472656,16.684999465942383,16.454999923706055,16.68000030517578
2018-05-11,16.725000381469727,16.725000381469727,16.676000595092773,16.676000595092773
2018-05-14,16.649999618530273,16.649999618530273,16.549999237060547,16.56999969482422
2018-05-15,16.350000381469727,16.350000381469727,16.165000915527344,16.194000244140625
2018-05-16,16.297000885009766,16.297000885009766,16.297000885009766,16.297000885009766
2018-05-17,16.315000534057617,16.413000106811523,16.315000534057617,16.413000106811523
2018-05-18,16.3799991607666,16.405000686645508,16.3799991607666,16.386999130249023
2018-05-21,16.450000762939453,16.459999084472656,16.450000762939453,16.45199966430664
2018-05-22,16.540000915527344,16.540000915527344,16.507999420166016,16.507999420166016
2018-05-23,16.295000076293945,16.33799934387207,16.28499984741211,16.33799934387207
2018-05-24,16.621000289916992,16.621000289916992,16.621000289916992,16.621000289916992
2018-05-25,16.549999237060547,16.549999237060547,16.481000900268555,16.481000900268555
2018-05-29,16.30500030517578,16.30500030517578,16.30500030517578,16.30500030517578
2018-05-30,16.34000015258789,16.5049991607666,16.260000228881836,16.479000091552734
2018-05-31,16.5,16.5,16.402000427246094,16.402000427246094
2018-06-01,16.38800048828125,16.38800048828125,16.38800048828125,16.38800048828125
2018-06-04,16.378999710083008,16.378999710083008,16.378999710083008,16.378999710083008
2018-06-05,16.354999542236328,16.4950008392334,16.354999542236328,16.490999221801758
2018-06-06,16.46500015258789,16.642000198364258,16.454999923706055,16.642000198364258
2018-06-07,16.725000381469727,16.864999771118164,16.68000030517578,16.766000747680664
2018-06-08,16.735000610351562,16.760000228881836,16.694000244140625,16.694000244140625
2018-06-11,16.8700008392334,16.90999984741211,16.8700008392334,16.905000686645508
2018-06-12,16.849000930786133,16.849000930786133,16.849000930786133,16.849000930786133
2018-06-13,16.952999114990234,17.06999969482422,16.952999114990234,16.952999114990234
2018-06-14,17.1200008392334,17.28499984741211,17.114999771118164,17.22599983215332
2018-06-15,17.1200008392334,17.28499984741211,16.45199966430664,16.45199966430664
2018-06-18,16.41200065612793,16.41200065612793,16.41200065612793,16.41200065612793
2018-06-19,16.30500030517578,16.329999923706055,16.299999237060547,16.30299949645996
2018-06-20,16.288999557495117,16.288999557495117,16.288999557495117,16.288999557495117
2018-06-21,16.305999755859375,16.305999755859375,16.305999755859375,16.305999755859375
2018-06-22,16.30500030517578,16.43899917602539,16.295000076293945,16.43899917602539
2018-06-25,16.309999465942383,16.309999465942383,16.295000076293945,16.308000564575195
2018-06-26,16.238000869750977,16.238000869750977,16.238000869750977,16.238000869750977
2018-06-27,16.138999938964844,16.138999938964844,16.138999938964844,16.138999938964844
2018-06-28,16.03499984741211,16.094999313354492,15.880000114440918,15.951000213623047
2018-06-29,15.96500015258789,16.114999771118164,15.90999984741211,16.104000091552734
2018-07-02,16.05500030517578,16.05500030517578,15.729999542236328,15.744000434875488
2018-07-03,15.789999961853027,15.979999542236328,15.739999771118164,15.95199966430664
2018-07-05,16.014999389648438,16.049999237060547,15.895000457763672,16.007999420166016
2018-07-06,15.944999694824219,16.0,15.930000305175781,15.980999946594238
2018-07-09,16.170000076293945,16.170000076293945,16.05299949645996,16.05299949645996
2018-07-10,16.003000259399414,16.003000259399414,16.003000259399414,16.003000259399414
2018-07-11,15.732000350952148,15.734999656677246,15.732000350952148,15.732000350952148
2018-07-12,15.869999885559082,15.9350004196167,15.869999885559082,15.89799976348877
2018-07-13,15.904999732971191,15.904999732971191,15.710000038146973,15.73900032043457
2018-07-16,15.725000381469727,15.734999656677246,15.725000381469727,15.734999656677246
2018-07-17,15.710000038146973,15.710000038146973,15.505000114440918,15.545999526977539
2018-07-18,15.420000076293945,15.503000259399414,15.354999542236328,15.503000259399414
2018-07-19,15.210000038146973,15.34000015258789,15.135000228881836,15.34000015258789
2018-07-20,15.399999618530273,15.489999771118164,15.399999618530273,15.489999771118164
2018-07-23,15.505000114440918,15.505000114440918,15.354999542236328,15.368000030517578
2018-07-24,15.345000267028809,15.494999885559082,15.345000267028809,15.463000297546387
2018-07-25,15.4350004196167,15.532999992370605,15.4350004196167,15.532999992370605
2018-07-26,15.569999694824219,15.569999694824219,15.375,15.437999725341797
2018-07-27,15.354999542236328,15.494999885559082,15.354999542236328,15.435999870300293
2018-07-30,15.4399995803833,15.475000381469727,15.40999984741211,15.475000381469727
2018-07-31,15.555000305175781,15.555000305175781,15.5,15.5
2018-08-01,15.420000076293945,15.420000076293945,15.394000053405762,15.394000053405762
2018-08-02,15.375,15.375,15.260000228881836,15.329000473022461
2018-08-03,15.454999923706055,15.454999923706055,15.406000137329102,15.406000137329102
2018-08-06,15.291999816894531,15.291999816894531,15.291999816894531,15.291999816894531
2018-08-07,15.317000389099121,15.317000389099121,15.317000389099121,15.317000389099121
2018-08-08,15.37600040435791,15.390000343322754,15.37600040435791,15.37600040435791
2018-08-09,15.418999671936035,15.418999671936035,15.418999671936035,15.418999671936035
2018-08-10,15.425000190734863,15.425000190734863,15.265999794006348,15.265999794006348
2018-08-13,15.239999771118164,15.239999771118164,14.95300006866455,14.95300006866455
2018-08-14,15.024999618530273,15.024999618530273,15.024999618530273,15.024999618530273
2018-08-15,15.039999961853027,15.039999961853027,14.395000457763672,14.420999526977539
2018-08-16,14.65999984741211,14.710000038146973,14.635000228881836,14.696999549865723
2018-08-17,14.625,14.75,14.595000267028809,14.616000175476074
2018-08-20,14.699999809265137,14.699999809265137,14.630000114440918,14.654999732971191
2018-08-21,14.75100040435791,14.75100040435791,14.75100040435791,14.75100040435791
2018-08-22,14.699999809265137,14.734999656677246,14.699999809265137,14.734999656677246
2018-08-23,14.625,14.625,14.484999656677246,14.527000427246094
2018-08-24,14.470000267028809,14.819999694824219,14.470000267028809,14.779000282287598
2018-08-27,14.843999862670898,14.843999862670898,14.843999862670898,14.843999862670898
2018-08-28,14.819999694824219,14.819999694824219,14.767000198364258,14.767000198364258
2018-08-29,14.687999725341797,14.687999725341797,14.687999725341797,14.687999725341797
2018-08-30,14.6850004196167,14.710000038146973,14.430000305175781,14.47700023651123
2018-08-31,14.484999656677246,14.649999618530273,14.425000190734863,14.437999725341797
2018-09-04,14.399999618530273,14.399999618530273,13.960000038146973,14.060999870300293
2018-09-05,14.085000038146973,14.164999961853027,14.050000190734863,14.118000030517578
2018-09-06,14.130000114440918,14.225000381469727,14.050000190734863,14.074999809265137
2018-09-07,14.095000267028809,14.140000343322754,14.039999961853027,14.067000389099121
2018-09-10,14.039999961853027,14.145000457763672,14.039999961853027,14.079000473022461
2018-09-11,14.109999656677246,14.109999656677246,13.90999984741211,14.052000045776367
2018-09-12,14.0649995803833,14.192000389099121,14.005000114440918,14.192000389099121
2018-09-13,14.135000228881836,14.255000114440918,14.135000228881836,14.142999649047852
2018-09-14,14.109999656677246,14.175000190734863,14.029999732971191,14.041999816894531
2018-09-17,13.979999542236328,14.130000114440918,13.979999542236328,14.121999740600586
2018-09-18,14.114999771118164,14.114999771118164,14.0600004196167,14.083999633789062
2018-09-19,14.210000038146973,14.21500015258789,14.189000129699707,14.189000129699707
2018-09-20,14.1899995803833,14.244999885559082,14.1899995803833,14.21500015258789
2018-09-21,14.265000343322754,14.269000053405762,14.260000228881836,14.269000053405762
2018-09-24,14.25,14.319999694824219,14.204999923706055,14.25100040435791
2018-09-25,14.420000076293945,14.4399995803833,14.39799976348877,14.39799976348877
2018-09-26,14.329999923706055,14.329999923706055,14.305000305175781,14.305000305175781
2018-09-27,14.319999694824219,14.385000228881836,14.119999885559082,14.201000213623047
2018-09-28,14.180000305175781,14.623000144958496,14.180000305175781,14.623000144958496
2018-10-01,14.350000381469727,14.42199993133545,14.350000381469727,14.42199993133545
2018-10-02,14.420000076293945,14.739999771118164,14.420000076293945,14.609999656677246
2018-10-03,14.734999656677246,14.734999656677246,14.59000015258789,14.59000015258789
2018-10-04,14.510000228881836,14.510000228881836,14.510000228881836,14.510000228881836
2018-10-05,14.569000244140625,14.569000244140625,14.569000244140625,14.569000244140625
2018-10-08,14.21500015258789,14.258999824523926,14.21500015258789,14.258999824523926
2018-10-09,14.329000473022461,14.329000473022461,14.329000473022461,14.329000473022461
2018-10-10,14.255000114440918,14.260000228881836,14.255000114440918,14.255000114440918
2018-10-11,14.260000228881836,14.5649995803833,14.229999542236328,14.53499984741211
2018-10-12,14.564000129699707,14.564000129699707,14.564000129699707,14.564000129699707
2018-10-15,14.656000137329102,14.664999961853027,14.656000137329102,14.656000137329102
2018-10-16,14.630000114440918,14.630000114440918,14.630000114440918,14.630000114440918
2018-10-17,14.592000007629395,14.592000007629395,14.592000007629395,14.592000007629395
2018-10-18,14.532999992370605,14.532999992370605,14.532999992370605,14.532999992370605
2018-10-19,14.579000473022461,14.579000473022461,14.579000473022461,14.579000473022461
2018-10-22,14.522000312805176,14.522000312805176,14.522000312805176,14.522000312805176
2018-10-23,14.727999687194824,14.727999687194824,14.727999687194824,14.727999687194824
2018-10-24,14.664999961853027,14.664999961853027,14.611000061035156,14.611000061035156
2018-10-25,14.5649995803833,14.5649995803833,14.5649995803833,14.5649995803833
2018-10-26,14.635000228881836,14.635000228881836,14.635000228881836,14.635000228881836
2018-10-29,14.376999855041504,14.376999855041504,14.376999855041504,14.376999855041504
2018-10-30,14.460000038146973,14.460000038146973,14.34000015258789,14.402999877929688
2018-10-31,14.420000076293945,14.420000076293945,14.229000091552734,14.229000091552734
2018-11-01,14.729000091552734,14.729000091552734,14.729000091552734,14.729000091552734
2018-11-02,14.706999778747559,14.706999778747559,14.706999778747559,14.706999778747559
2018-11-05,14.604000091552734,14.604000091552734,14.604000091552734,14.604000091552734
2018-11-06,14.579999923706055,14.579999923706055,14.458000183105469,14.458000183105469
2018-11-07,14.539999961853027,14.645000457763672,14.527999877929688,14.527999877929688
2018-11-08,14.38599967956543,14.38599967956543,14.38599967956543,14.38599967956543
2018-11-09,14.102999687194824,14.102999687194824,14.102999687194824,14.102999687194824
2018-11-12,14.100000381469727,14.100000381469727,13.973999977111816,13.973999977111816
2018-11-13,14.0,14.015000343322754,13.944999694824219,13.95199966430664
2018-11-14,14.055000305175781,14.055000305175781,14.055000305175781,14.055000305175781
2018-11-15,14.237000465393066,14.237000465393066,14.237000465393066,14.237000465393066
2018-11-16,14.357999801635742,14.357999801635742,14.357999801635742,14.357999801635742
2018-11-19,14.380999565124512,14.380999565124512,14.380999565124512,14.380999565124512
2018-11-20,14.380000114440918,14.380000114440918,14.246999740600586,14.246999740600586
2018-11-21,14.34000015258789,14.479999542236328,14.329999923706055,14.479999542236328
2018-11-23,14.234999656677246,14.234999656677246,14.220999717712402,14.220999717712402
2018-11-26,14.182999610900879,14.182999610900879,14.182999610900879,14.182999610900879
2018-11-27,14.062000274658203,14.062000274658203,14.062000274658203,14.062000274658203
2018-11-28,14.303000450134277,14.303000450134277,14.303000450134277,14.303000450134277
2018-11-29,14.289999961853027,14.335000038146973,14.204999923706055,14.27299976348877
2018-11-30,14.270000457763672,14.279999732971191,13.984999656677246,14.093999862670898
2018-12-03,14.210000038146973,14.475000381469727,14.1850004196167,14.380999565124512
2018-12-04,14.385000228881836,14.520999908447266,14.385000228881836,14.520999908447266
2018-12-06,14.420000076293945,14.420000076293945,14.329999923706055,14.390000343322754
2018-12-07,14.404999732971191,14.571999549865723,14.404999732971191,14.571999549865723
2018-12-10,14.5649995803833,14.5649995803833,14.477999687194824,14.477999687194824
2018-12-11,14.5,14.6850004196167,14.49899959564209,14.49899959564209
2018-12-12,14.619999885559082,14.729999542236328,14.619999885559082,14.725000381469727
2018-12-13,14.729000091552734,14.729000091552734,14.725000381469727,14.729000091552734
2018-12-14,14.489999771118164,14.512999534606934,14.489999771118164,14.512999534606934
2018-12-17,14.5600004196167,14.638999938964844,14.5600004196167,14.638999938964844
2018-12-18,14.604999542236328,14.604999542236328,14.585000038146973,14.585000038146973
2018-12-19,14.70199966430664,14.70199966430664,14.70199966430664,14.70199966430664
2018-12-20,14.529999732971191,14.753000259399414,14.529999732971191,14.753000259399414
2018-12-21,14.583000183105469,14.583000183105469,14.583000183105469,14.583000183105469
2018-12-24,14.701000213623047,14.701000213623047,14.701000213623047,14.701000213623047
2018-12-26,14.979999542236328,15.050000190734863,14.979999542236328,15.003999710083008
2018-12-27,15.190999984741211,15.190999984741211,15.190999984741211,15.190999984741211
2018-12-28,15.1899995803833,15.326000213623047,15.1899995803833,15.326000213623047
2018-12-31,15.40999984741211,15.444999694824219,15.40999984741211,15.432999610900879
2019-01-02,15.520000457763672,15.569999694824219,15.420000076293945,15.541999816894531
2019-01-03,15.706000328063965,15.706000328063965,15.706000328063965,15.706000328063965
2019-01-04,15.6899995803833,15.694999694824219,15.619999885559082,15.694999694824219
2019-01-07,15.75,15.75,15.668999671936035,15.668999671936035
2019-01-08,15.62600040435791,15.62600040435791,15.62600040435791,15.62600040435791
2019-01-09,15.699999809265137,15.699999809265137,15.652999877929688,15.652999877929688
2019-01-10,15.560999870300293,15.560999870300293,15.560999870300293,15.560999870300293
2019-01-11,15.595000267028809,15.614999771118164,15.57699966430664,15.57699966430664
2019-01-14,15.59000015258789,15.614999771118164,15.59000015258789,15.609000205993652
2019-01-15,15.609999656677246,15.625,15.545999526977539,15.545999526977539
2019-01-16,15.53499984741211,15.600000381469727,15.53499984741211,15.564000129699707
2019-01-17,15.467000007629395,15.510000228881836,15.467000007629395,15.467000007629395
2019-01-18,15.329999923706055,15.329999923706055,15.289999961853027,15.329999923706055
2019-01-22,15.295000076293945,15.295000076293945,15.140000343322754,15.258999824523926
2019-01-23,15.3100004196167,15.319999694824219,15.279999732971191,15.317000389099121
2019-01-24,15.23799991607666,15.270000457763672,15.23799991607666,15.23799991607666
2019-01-25,15.25,15.638999938964844,15.25,15.638999938964844
2019-01-28,15.595000267028809,15.708999633789062,15.595000267028809,15.708999633789062
2019-01-29,15.78600025177002,15.78600025177002,15.78600025177002,15.78600025177002
2019-01-30,15.805000305175781,15.885000228881836,15.805000305175781,15.880000114440918
2019-01-31,16.059999465942383,16.139999389648438,16.0,16.02199935913086
2019-02-01,16.010000228881836,16.010000228881836,15.859999656677246,15.880000114440918
2019-02-04,15.836999893188477,15.836999893188477,15.836999893188477,15.836999893188477
2019-02-05,15.789999961853027,15.789999961853027,15.789999961853027,15.789999961853027
2019-02-06,15.710000038146973,15.710000038146973,15.656000137329102,15.656000137329102
2019-02-07,15.65999984741211,15.6899995803833,15.65999984741211,15.675000190734863
2019-02-08,15.819999694824219,15.819999694824219,15.77299976348877,15.77299976348877
2019-02-11,15.656999588012695,15.656999588012695,15.649999618530273,15.656999588012695
2019-02-12,15.65999984741211,15.65999984741211,15.65999984741211,15.65999984741211
2019-02-13,15.710000038146973,15.755000114440918,15.604999542236328,15.62399959564209
2019-02-14,15.5,15.5,15.5,15.5
2019-02-15,15.722999572753906,15.722999572753906,15.722999572753906,15.722999572753906
2019-02-19,15.946999549865723,15.946999549865723,15.946999549865723,15.946999549865723
2019-02-20,16.156999588012695,16.156999588012695,16.059999465942383,16.156999588012695
2019-02-21,15.970000267028809,15.970000267028809,15.791000366210938,15.791000366210938
2019-02-22,15.907999992370605,15.907999992370605,15.907999992370605,15.907999992370605
2019-02-25,15.944999694824219,15.944999694824219,15.824999809265137,15.824999809265137
2019-02-26,15.82699966430664,15.82699966430664,15.82699966430664,15.82699966430664
2019-02-27,15.890000343322754,15.920000076293945,15.645000457763672,15.67199993133545
2019-02-28,15.675000190734863,15.765000343322754,15.520000457763672,15.538000106811523
2019-03-01,15.555000305175781,15.574999809265137,15.079999923706055,15.168999671936035
2019-03-04,15.170000076293945,15.204999923706055,15.005000114440918,15.017000198364258
2019-03-05,15.024999618530273,15.074999809265137,15.005000114440918,15.020000457763672
2019-03-06,15.024999618530273,15.024999618530273,14.975000381469727,15.003000259399414
2019-03-07,15.024999618530273,15.024999618530273,14.920000076293945,14.960000038146973
2019-03-08,15.045000076293945,15.272000312805176,15.045000076293945,15.272000312805176
2019-03-11,15.21500015258789,15.21500015258789,15.196999549865723,15.196999549865723
2019-03-12,15.338000297546387,15.399999618530273,15.338000297546387,15.338000297546387
2019-03-13,15.375,15.420000076293945,15.369999885559082,15.380999565124512
2019-03-14,15.1850004196167,15.1850004196167,15.09000015258789,15.10099983215332
2019-03-15,15.244999885559082,15.255000114440918,15.220000267028809,15.253000259399414
2019-03-18,15.25100040435791,15.25100040435791,15.25100040435791,15.25100040435791
2019-03-19,15.3149995803833,15.3149995803833,15.300000190734863,15.300999641418457
2019-03-20,15.28499984741211,15.289999961853027,15.220000267028809,15.244999885559082
2019-03-21,15.520000457763672,15.520000457763672,15.371999740600586,15.371999740600586
2019-03-22,15.345000267028809,15.345000267028809,15.345000267028809,15.345000267028809
2019-03-25,15.515000343322754,15.515000343322754,15.5,15.506999969482422
2019-03-26,15.399999618530273,15.420000076293945,15.371000289916992,15.371000289916992
2019-03-27,15.23900032043457,15.23900032043457,15.23900032043457,15.23900032043457
2019-03-28,15.229999542236328,15.234999656677246,14.90999984741211,14.920999526977539
2019-03-29,14.930000305175781,15.0649995803833,14.930000305175781,15.0600004196167
2019-04-01,15.03499984741211,15.135000228881836,15.0,15.050999641418457
2019-04-02,14.9399995803833,15.024999618530273,14.9399995803833,15.017999649047852
2019-04-03,15.020000457763672,15.059000015258789,15.020000457763672,15.059000015258789
2019-04-04,15.041000366210938,15.041000366210938,15.041000366210938,15.041000366210938
2019-04-05,15.043000221252441,15.043000221252441,15.043000221252441,15.043000221252441
2019-04-08,15.17300033569336,15.17300033569336,15.17300033569336,15.17300033569336
2019-04-09,15.260000228881836,15.260000228881836,15.168000221252441,15.168000221252441
2019-04-10,15.170000076293945,15.204999923706055,15.095000267028809,15.201000213623047
2019-04-11,15.140000343322754,15.140000343322754,14.824000358581543,14.824000358581543
2019-04-12,14.920000076293945,14.920000076293945,14.920000076293945,14.920000076293945
2019-04-15,14.947999954223633,14.947999954223633,14.947999954223633,14.947999954223633
2019-04-16,14.890999794006348,14.890999794006348,14.890999794006348,14.890999794006348
2019-04-17,14.920999526977539,14.920999526977539,14.920999526977539,14.920999526977539
2019-04-18,14.890000343322754,14.937000274658203,14.890000343322754,14.937000274658203
2019-04-22,14.956999778747559,14.956999778747559,14.956999778747559,14.956999778747559
2019-04-23,14.77299976348877,14.77299976348877,14.77299976348877,14.77299976348877
2019-04-24,14.89799976348877,14.89799976348877,14.89799976348877,14.89799976348877
2019-04-25,14.885000228881836,14.885000228881836,14.861000061035156,14.861000061035156
2019-04-26,15.001999855041504,15.001999855041504,15.001999855041504,15.001999855041504
2019-04-29,15.029999732971191,15.03499984741211,14.819999694824219,14.843999862670898
2019-04-30,14.869999885559082,14.960000038146973,14.770000457763672,14.899999618530273
2019-05-01,14.885000228881836,14.890000343322754,14.569999694824219,14.645000457763672
2019-05-02,14.600000381469727,14.625,14.524999618530273,14.539999961853027
2019-05-03,14.5600004196167,14.906999588012695,14.5600004196167,14.906999588012695
2019-05-06,14.869999885559082,14.920000076293945,14.725000381469727,14.857000350952148
2019-05-07,14.850000381469727,14.864999771118164,14.770000457763672,14.859999656677246
2019-05-08,14.890000343322754,14.895000457763672,14.78499984741211,14.791999816894531
2019-05-09,14.704999923706055,14.720000267028809,14.699999809265137,14.706999778747559
2019-05-10,14.720000267028809,14.729999542236328,14.6899995803833,14.72599983215332
2019-05-13,14.720000267028809,14.720000267028809,14.585000038146973,14.713000297546387
2019-05-14,14.710000038146973,14.751999855041504,14.710000038146973,14.751999855041504
2019-05-15,14.755000114440918,14.765000343322754,14.751999855041504,14.751999855041504
2019-05-16,14.755000114440918,14.755000114440918,14.4399995803833,14.479000091552734
2019-05-17,14.484999656677246,14.579999923706055,14.345000267028809,14.347999572753906
2019-05-20,14.364999771118164,14.420000076293945,14.34000015258789,14.409000396728516
2019-05-21,14.404999732971191,14.404999732971191,14.324999809265137,14.373000144958496
2019-05-22,14.399999618530273,14.425000190734863,14.390000343322754,14.413999557495117
2019-05-23,14.545000076293945,14.57699966430664,14.539999961853027,14.57699966430664
2019-05-24,14.550000190734863,14.550000190734863,14.520000457763672,14.520000457763672
2019-05-28,14.300000190734863,14.3100004196167,14.244999885559082,14.281000137329102
2019-05-29,14.371999740600586,14.371999740600586,14.371999740600586,14.371999740600586
2019-05-30,14.354999542236328,14.484999656677246,14.305000305175781,14.460000038146973
2019-05-31,14.46500015258789,14.539999961853027,14.46500015258789,14.529999732971191
2019-06-03,14.720000267028809,14.720000267028809,14.70300006866455,14.70300006866455
2019-06-04,14.75,14.75,14.732000350952148,14.732000350952148
2019-06-05,15.0,15.0,14.753999710083008,14.753999710083008
2019-06-06,14.890000343322754,14.890000343322754,14.868000030517578,14.868000030517578
2019-06-07,15.0,15.125,14.994000434875488,14.994000434875488
2019-06-10,14.604999542236328,14.604999542236328,14.604999542236328,14.604999542236328
2019-06-11,14.706000328063965,14.706000328063965,14.706000328063965,14.706000328063965
2019-06-12,14.722000122070312,14.722000122070312,14.722000122070312,14.722000122070312
2019-06-13,14.871000289916992,14.871000289916992,14.871000289916992,14.871000289916992
2019-06-14,14.781999588012695,14.781999588012695,14.781999588012695,14.781999588012695
2019-06-17,14.814000129699707,14.814000129699707,14.814000129699707,14.814000129699707
2019-06-18,14.979999542236328,14.979999542236328,14.979999542236328,14.979999542236328
2019-06-19,14.944999694824219,14.944999694824219,14.944999694824219,14.944999694824219
2019-06-20,15.468999862670898,15.468999862670898,15.468999862670898,15.468999862670898
2019-06-21,15.295000076293945,15.305000305175781,15.260000228881836,15.27299976348877
2019-06-24,15.368000030517578,15.368000030517578,15.368000030517578,15.368000030517578
2019-06-25,15.291000366210938,15.291000366210938,15.291000366210938,15.291000366210938
2019-06-26,15.282999992370605,15.282999992370605,15.282999992370605,15.282999992370605
2019-06-27,15.274999618530273,15.274999618530273,15.119999885559082,15.204999923706055
2019-06-28,15.220000267028809,15.295000076293945,15.180000305175781,15.253000259399414
2019-07-01,15.170000076293945,15.244999885559082,15.074999809265137,15.105999946594238
2019-07-02,15.125,15.199999809265137,14.994999885559082,15.154000282287598
2019-07-03,15.420000076293945,15.420000076293945,15.239999771118164,15.251999855041504
2019-07-05,15.244999885559082,15.25,14.885000228881836,14.918000221252441
2019-07-08,14.96500015258789,15.0600004196167,14.925000190734863,14.972000122070312
2019-07-09,15.045000076293945,15.067999839782715,15.045000076293945,15.067999839782715
2019-07-10,15.055000305175781,15.147000312805176,15.0,15.147000312805176
2019-07-11,15.225000381469727,15.229999542236328,15.067000389099121,15.067000389099121
2019-07-12,15.074999809265137,15.1850004196167,15.055000305175781,15.16100025177002
2019-07-15,15.260000228881836,15.289999961853027,15.260000228881836,15.289999961853027
2019-07-16,15.295000076293945,15.645000457763672,15.295000076293945,15.600000381469727
2019-07-17,15.729999542236328,15.892999649047852,15.729999542236328,15.892999649047852
2019-07-18,15.979999542236328,16.1200008392334,15.979999542236328,16.1200008392334
2019-07-19,16.274999618530273,16.5049991607666,16.117000579833984,16.117000579833984
2019-07-22,16.295000076293945,16.34000015258789,16.290000915527344,16.34000015258789
2019-07-23,16.405000686645508,16.405000686645508,16.405000686645508,16.405000686645508
2019-07-24,16.299999237060547,16.554000854492188,16.299999237060547,16.554000854492188
2019-07-25,16.399999618530273,16.415000915527344,16.339000701904297,16.339000701904297
2019-07-26,16.420000076293945,16.424999237060547,16.325000762939453,16.325000762939453
2019-07-29,16.368000030517578,16.368000030517578,16.368000030517578,16.368000030517578
2019-07-30,16.3700008392334,16.549999237060547,16.3700008392334,16.4950008392334
2019-07-31,16.510000228881836,16.510000228881836,16.219999313354492,16.34600067138672
2019-08-01,16.104999542236328,16.299999237060547,15.895000457763672,16.121000289916992
2019-08-02,16.135000228881836,16.222000122070312,16.059999465942383,16.222000122070312
2019-08-05,16.149999618530273,16.434999465942383,16.125,16.344999313354492
2019-08-06,16.405000686645508,16.405000686645508,16.405000686645508,16.405000686645508
2019-08-07,17.1560001373291,17.1560001373291,17.1560001373291,17.1560001373291
2019-08-08,16.900999069213867,16.900999069213867,16.900999069213867,16.900999069213867
2019-08-09,16.89699935913086,16.89699935913086,16.89699935913086,16.89699935913086
2019-08-12,16.875,17.038999557495117,16.860000610351562,17.038999557495117
2019-08-13,17.309999465942383,17.315000534057617,16.95599937438965,16.95599937438965
2019-08-14,17.253000259399414,17.253000259399414,17.253000259399414,17.253000259399414
2019-08-15,17.187999725341797,17.187999725341797,17.187999725341797,17.187999725341797
2019-08-16,17.09600067138672,17.09600067138672,17.09600067138672,17.09600067138672
2019-08-19,16.913999557495117,16.913999557495117,16.913999557495117,16.913999557495117
2019-08-20,17.065000534057617,17.121999740600586,17.065000534057617,17.121999740600586
2019-08-21,17.125,17.125,17.1200008392334,17.125
2019-08-22,17.013999938964844,17.013999938964844,17.013999938964844,17.013999938964844
2019-08-23,17.395000457763672,17.395000457763672,17.395000457763672,17.395000457763672
2019-08-26,17.540000915527344,17.624000549316406,17.540000915527344,17.624000549316406
2019-08-27,18.138999938964844,18.138999938964844,18.138999938964844,18.138999938964844
2019-08-28,18.239999771118164,18.304000854492188,18.235000610351562,18.304000854492188
2019-08-29,18.299999237060547,18.614999771118164,17.985000610351562,18.16699981689453
2019-08-30,18.19499969482422,18.40999984741211,18.020000457763672,18.184999465942383
2019-09-03,18.450000762939453,19.225000381469727,18.25,19.07900047302246
2019-09-04,19.21500015258789,19.540000915527344,19.21500015258789,19.391000747680664
2019-09-05,19.485000610351562,19.485000610351562,18.424999237060547,18.6560001373291
2019-09-06,18.6299991607666,18.684999465942383,17.968000411987305,17.968000411987305
2019-09-09,18.204999923706055,18.204999923706055,17.950000762939453,18.018999099731445
2019-09-10,17.770000457763672,18.084999084472656,17.770000457763672,18.041000366210938
2019-09-11,18.065000534057617,18.06999969482422,18.030000686645508,18.0310001373291
2019-09-12,18.06999969482422,18.165000915527344,18.030000686645508,18.041000366210938
2019-09-13,18.0049991607666,18.0049991607666,17.405000686645508,17.43600082397461
2019-09-16,17.780000686645508,17.900999069213867,17.780000686645508,17.900999069213867
2019-09-17,18.016000747680664,18.016000747680664,18.016000747680664,18.016000747680664
2019-09-18,17.795000076293945,17.795000076293945,17.795000076293945,17.795000076293945
2019-09-19,17.815000534057617,17.815000534057617,17.725000381469727,17.773000717163086
2019-09-20,17.7549991607666,17.950000762939453,17.738000869750977,17.738000869750977
2019-09-23,18.21500015258789,18.600000381469727,18.209999084472656,18.600000381469727
2019-09-24,18.520000457763672,18.520000457763672,18.517000198364258,18.517000198364258
2019-09-25,18.56999969482422,18.56999969482422,17.961999893188477,17.961999893188477
2019-09-26,17.90999984741211,17.90999984741211,17.801000595092773,17.801000595092773
2019-09-27,17.81999969482422,17.829999923706055,17.329999923706055,17.552000045776367
2019-09-30,17.4950008392334,17.5049991607666,16.898000717163086,16.898000717163086
2019-10-01,16.924999237060547,17.260000228881836,16.924999237060547,17.20199966430664
2019-10-02,17.174999237060547,17.591999053955078,17.155000686645508,17.591999053955078
2019-10-03,17.5049991607666,17.635000228881836,17.450000762939453,17.584999084472656
2019-10-04,17.440000534057617,17.540000915527344,17.31999969482422,17.540000915527344
2019-10-07,17.450000762939453,17.530000686645508,17.450000762939453,17.457000732421875
2019-10-08,17.639999389648438,17.639999389648438,17.617000579833984,17.617000579833984
2019-10-09,17.72800064086914,17.75,17.719999313354492,17.72800064086914
2019-10-10,17.600000381469727,17.600000381469727,17.489999771118164,17.520000457763672
2019-10-11,17.594999313354492,17.594999313354492,17.350000381469727,17.461999893188477
2019-10-14,17.524999618530273,17.634000778198242,17.524999618530273,17.634000778198242
2019-10-15,17.454999923706055,17.454999923706055,17.308000564575195,17.308000564575195
2019-10-16,17.219999313354492,17.35099983215332,17.174999237060547,17.35099983215332
2019-10-17,17.299999237060547,17.535999298095703,17.299999237060547,17.535999298095703
2019-10-18,17.469999313354492,17.50200080871582,17.46500015258789,17.50200080871582
2019-10-21,17.510000228881836,17.530000686645508,17.5049991607666,17.525999069213867
2019-10-22,17.489999771118164,17.489999771118164,17.437000274658203,17.437000274658203
2019-10-23,17.485000610351562,17.559999465942383,17.485000610351562,17.517000198364258
2019-10-24,17.73900032043457,17.73900032043457,17.73900032043457,17.73900032043457
2019-10-25,17.861000061035156,17.94499969482422,17.861000061035156,17.861000061035156
2019-10-28,17.889999389648438,17.889999389648438,17.770000457763672,17.81599998474121
2019-10-29,17.770999908447266,17.770999908447266,17.770999908447266,17.770999908447266
2019-10-30,17.790000915527344,17.81999969482422,17.71500015258789,17.815000534057617
2019-10-31,18.013999938964844,18.013999938964844,18.013999938964844,18.013999938964844
2019-11-01,18.030000686645508,18.030000686645508,18.003999710083008,18.003999710083008
2019-11-04,18.013999938964844,18.013999938964844,18.013999938964844,18.013999938964844
2019-11-05,18.024999618530273,18.024999618530273,17.516000747680664,17.516000747680664
2019-11-06,17.524999618530273,17.558000564575195,17.3700008392334,17.558000564575195
2019-11-07,17.540000915527344,17.565000534057617,16.969999313354492,16.969999313354492
2019-11-08,16.844999313354492,16.875,16.764999389648438,16.783000946044922
2019-11-11,16.674999237060547,16.761999130249023,16.674999237060547,16.761999130249023
2019-11-12,16.799999237060547,16.80500030517578,16.674999237060547,16.677000045776367
2019-11-13,16.764999389648438,16.898000717163086,16.764999389648438,16.898000717163086
2019-11-14,16.8700008392334,17.01300048828125,16.8700008392334,17.01300048828125
2019-11-15,16.959999084472656,16.969999313354492,16.799999237060547,16.933000564575195
2019-11-18,16.985000610351562,16.985000610351562,16.985000610351562,16.985000610351562
2019-11-19,17.10300064086914,17.10300064086914,17.10300064086914,17.10300064086914
2019-11-20,17.100000381469727,17.100000381469727,17.100000381469727,17.100000381469727
2019-11-21,17.049999237060547,17.049999237060547,17.049999237060547,17.049999237060547
2019-11-22,16.985000610351562,16.985000610351562,16.985000610351562,16.985000610351562
2019-11-25,16.871000289916992,16.871000289916992,16.871000289916992,16.871000289916992
2019-11-26,17.030000686645508,17.030000686645508,17.030000686645508,17.030000686645508
2019-11-27,17.059999465942383,17.065000534057617,16.875,16.91200065612793
2019-11-29,16.899999618530273,16.985000610351562,16.799999237060547,16.9689998626709
2019-12-02,16.915000915527344,16.920000076293945,16.78499984741211,16.836000442504883
2019-12-03,16.860000610351562,17.15999984741211,16.809999465942383,17.125
2019-12-04,17.114999771118164,17.239999771118164,16.7549991607666,16.797000885009766
2019-12-05,16.84000015258789,16.941999435424805,16.780000686645508,16.941999435424805
2019-12-06,16.81999969482422,16.825000762939453,16.46500015258789,16.481000900268555
2019-12-09,16.475000381469727,16.559999465942383,16.469999313354492,16.531999588012695
2019-12-10,16.55500030517578,16.610000610351562,16.55500030517578,16.59600067138672
2019-12-11,16.545000076293945,16.829999923706055,16.545000076293945,16.743999481201172
2019-12-12,16.829999923706055,17.014999389648438,16.739999771118164,16.844999313354492
2019-12-13,16.8799991607666,16.91200065612793,16.825000762939453,16.91200065612793
2019-12-16,16.979999542236328,17.018999099731445,16.940000534057617,17.018999099731445
2019-12-17,16.9950008392334,17.0,16.975000381469727,16.97800064086914
2019-12-18,16.985000610351562,17.0,16.844999313354492,16.952999114990234
2019-12-19,16.985000610351562,17.075000762939453,16.975000381469727,17.058000564575195
2019-12-20,17.18000030517578,17.18000030517578,17.128000259399414,17.128000259399414
2019-12-23,17.354999542236328,17.40999984741211,17.354999542236328,17.402999877929688
2019-12-24,17.520000457763672,17.756999969482422,17.514999389648438,17.756999969482422
2019-12-26,17.90999984741211,17.985000610351562,17.8799991607666,17.893999099731445
2019-12-27,17.93000030517578,17.93000030517578,17.849000930786133,17.849000930786133
2019-12-30,17.899999618530273,17.90999984741211,17.850000381469727,17.908000946044922
2019-12-31,18.065000534057617,18.065000534057617,17.799999237060547,17.827999114990234
2020-01-02,17.965999603271484,17.989999771118164,17.965999603271484,17.965999603271484
2020-01-03,18.110000610351562,18.110000610351562,17.96500015258789,18.06800079345703
2020-01-06,18.024999618530273,18.104999542236328,18.024999618530273,18.097000122070312
2020-01-07,18.014999389648438,18.344999313354492,18.014999389648438,18.31599998474121
2020-01-08,18.399999618530273,18.5049991607666,18.06999969482422,18.08799934387207
2020-01-09,17.760000228881836,17.860000610351562,17.760000228881836,17.860000610351562
2020-01-10,18.033000946044922,18.033000946044922,18.033000946044922,18.033000946044922
2020-01-13,17.969999313354492,18.020000457763672,17.926000595092773,17.926000595092773
2020-01-14,17.854999542236328,17.875,17.673999786376953,17.673999786376953
2020-01-15,17.92300033569336,17.92300033569336,17.92300033569336,17.92300033569336
2020-01-16,17.950000762939453,17.950000762939453,17.875,17.875
2020-01-17,18.01300048828125,18.01300048828125,18.01300048828125,18.01300048828125
2020-01-21,17.750999450683594,17.750999450683594,17.750999450683594,17.750999450683594
2020-01-22,17.770999908447266,17.770999908447266,17.770999908447266,17.770999908447266
2020-01-23,17.729999542236328,17.773000717163086,17.729999542236328,17.773000717163086
2020-01-24,17.8700008392334,18.05699920654297,17.8700008392334,18.05699920654297
2020-01-27,18.0,18.0,18.0,18.0
2020-01-28,17.604999542236328,17.604999542236328,17.402000427246094,17.402000427246094
2020-01-29,17.450000762939453,17.450000762939453,17.3700008392334,17.430999755859375
2020-01-30,17.540000915527344,17.96500015258789,17.540000915527344,17.95199966430664
2020-01-31,17.972000122070312,17.972000122070312,17.972000122070312,17.972000122070312
2020-02-03,17.795000076293945,17.799999237060547,17.600000381469727,17.639999389648438
2020-02-04,17.527999877929688,17.527999877929688,17.527999877929688,17.527999877929688
2020-02-05,17.569000244140625,17.569000244140625,17.569000244140625,17.569000244140625
2020-02-06,17.788999557495117,17.788999557495117,17.788999557495117,17.788999557495117
2020-02-07,17.665000915527344,17.665000915527344,17.665000915527344,17.665000915527344
2020-02-10,17.780000686645508,17.780000686645508,17.757999420166016,17.757999420166016
2020-02-11,17.69499969482422,17.71500015258789,17.572999954223633,17.572999954223633
2020-02-12,17.47800064086914,17.47800064086914,17.47800064086914,17.47800064086914
2020-02-13,17.600000381469727,17.600000381469727,17.600000381469727,17.600000381469727
2020-02-14,17.71500015258789,17.71500015258789,17.71500015258789,17.71500015258789
2020-02-18,18.131000518798828,18.131000518798828,18.131000518798828,18.131000518798828
2020-02-19,18.145000457763672,18.29199981689453,18.145000457763672,18.29199981689453
2020-02-20,18.30900001525879,18.30900001525879,18.30900001525879,18.30900001525879
2020-02-21,18.565000534057617,18.565000534057617,18.479999542236328,18.520999908447266
2020-02-24,18.690000534057617,18.868000030517578,18.690000534057617,18.868000030517578
2020-02-25,18.183000564575195,18.183000564575195,18.183000564575195,18.183000564575195
2020-02-26,17.826000213623047,17.826000213623047,17.826000213623047,17.826000213623047
2020-02-27,17.864999771118164,18.079999923706055,17.579999923706055,17.658000946044922
2020-02-28,17.690000534057617,17.795000076293945,16.34000015258789,16.386999130249023
2020-03-02,16.4950008392334,16.975000381469727,16.389999389648438,16.679000854492188
2020-03-03,16.875,17.31999969482422,16.739999771118164,17.128999710083008
2020-03-04,17.190000534057617,17.2450008392334,17.049999237060547,17.187000274658203
2020-03-05,17.155000686645508,17.405000686645508,17.1200008392334,17.341999053955078
2020-03-06,17.459999084472656,17.485000610351562,17.0,17.214000701904297
2020-03-09,17.434999465942383,17.434999465942383,16.56999969482422,17.000999450683594
2020-03-10,16.850000381469727,17.145000457763672,16.764999389648438,16.9060001373291
2020-03-11,16.854999542236328,16.860000610351562,16.639999389648438,16.729000091552734
2020-03-12,16.43000030517578,16.614999771118164,15.600000381469727,15.961000442504883
2020-03-13,15.755000114440918,15.765000343322754,14.425000190734863,14.456000328063965
2020-03-16,14.885000228881836,14.885000228881836,11.850000381469727,12.772000312805176
2020-03-17,12.550000190734863,12.710000038146973,12.414999961853027,12.468999862670898
2020-03-18,12.5600004196167,12.824999809265137,11.734999656677246,11.734999656677246
2020-03-19,12.069999694824219,12.204999923706055,11.895000457763672,12.097000122070312
2020-03-20,12.079999923706055,12.859999656677246,12.079999923706055,12.348999977111816
2020-03-23,12.899999618530273,13.225000381469727,12.899999618530273,13.225000381469727
2020-03-24,13.359999656677246,14.229000091552734,13.359999656677246,14.229000091552734
2020-03-25,14.71500015258789,14.836999893188477,14.454999923706055,14.836999893188477
2020-03-26,14.829999923706055,14.845000267028809,14.640000343322754,14.640000343322754
2020-03-27,14.335000038146973,14.498000144958496,14.335000038146973,14.498000144958496
2020-03-30,14.100000381469727,14.25,13.899999618530273,14.074000358581543
2020-03-31,13.979999542236328,14.244999885559082,13.979999542236328,14.097999572753906
2020-04-01,14.079999923706055,14.100000381469727,13.899999618530273,13.925999641418457
2020-04-02,14.180000305175781,14.595999717712402,14.154999732971191,14.595999717712402
2020-04-03,14.59000015258789,14.59000015258789,14.435999870300293,14.435999870300293
2020-04-06,14.550000190734863,15.111000061035156,14.550000190734863,15.111000061035156
2020-04-07,15.46500015258789,15.600000381469727,15.42199993133545,15.42199993133545
2020-04-08,15.15999984741211,15.15999984741211,15.147000312805176,15.147000312805176
2020-04-09,15.140000343322754,15.994999885559082,15.140000343322754,15.994999885559082
2020-04-13,15.479000091552734,15.479000091552734,15.479000091552734,15.479000091552734
2020-04-14,16.010000228881836,16.07200050354004,16.010000228881836,16.07200050354004
2020-04-15,16.0049991607666,16.0049991607666,15.446999549865723,15.446999549865723
2020-04-16,15.564000129699707,15.564000129699707,15.564000129699707,15.564000129699707
2020-04-17,15.237000465393066,15.237000465393066,15.237000465393066,15.237000465393066
2020-04-20,15.555999755859375,15.555999755859375,15.555999755859375,15.555999755859375
2020-04-21,15.430000305175781,15.430000305175781,14.817999839782715,14.817999839782715
2020-04-22,15.277000427246094,15.277000427246094,15.277000427246094,15.277000427246094
2020-04-23,15.430000305175781,15.664999961853027,15.347999572753906,15.347999572753906
2020-04-24,15.253999710083008,15.253999710083008,15.253999710083008,15.253999710083008
2020-04-27,15.201000213623047,15.201000213623047,15.201000213623047,15.201000213623047
2020-04-28,15.010000228881836,15.161999702453613,14.994999885559082,15.161999702453613
2020-04-29,15.21500015258789,15.470000267028809,15.125,15.15999984741211
2020-04-30,15.399999618530273,15.774999618530273,14.795000076293945,14.89799976348877
2020-05-01,15.005000114440918,15.045000076293945,14.854999542236328,14.86299991607666
2020-05-04,15.024999618530273,15.09000015258789,14.694999694824219,14.722000122070312
2020-05-05,14.779999732971191,15.109999656677246,14.710000038146973,15.057000160217285
2020-05-06,15.0,15.300000190734863,14.875,14.987000465393066
2020-05-07,15.125,15.585000038146973,15.125,15.562000274658203
2020-05-08,15.555000305175781,15.800000190734863,15.5,15.739999771118164
2020-05-11,15.585000038146973,15.63599967956543,15.585000038146973,15.63599967956543
2020-05-12,15.687000274658203,15.687000274658203,15.687000274658203,15.687000274658203
2020-05-13,15.729999542236328,15.729999542236328,15.663000106811523,15.663000106811523
2020-05-14,16.0049991607666,16.13599967956543,16.0049991607666,16.13599967956543
2020-05-15,16.540000915527344,17.04599952697754,16.5049991607666,17.04599952697754
2020-05-18,17.219999313354492,17.584999084472656,17.219999313354492,17.464000701904297
2020-05-19,17.700000762939453,17.892000198364258,17.700000762939453,17.892000198364258
2020-05-20,18.024999618530273,18.040000915527344,17.93000030517578,18.00200080871582
2020-05-21,17.43000030517578,17.43000030517578,17.334999084472656,17.334999084472656
2020-05-22,17.385000228881836,17.690000534057617,17.385000228881836,17.663999557495117
2020-05-26,17.885000228881836,17.885000228881836,17.55500030517578,17.565000534057617
2020-05-27,17.68600082397461,17.68600082397461,17.68600082397461,17.68600082397461
2020-05-28,17.78499984741211,17.924999237060547,17.78499984741211,17.895000457763672
2020-05-29,17.864999771118164,18.440000534057617,17.864999771118164,18.440000534057617
2020-06-01,18.78499984741211,18.815000534057617,18.56999969482422,18.76799964904785
2020-06-02,18.207000732421875,18.350000381469727,18.207000732421875,18.207000732421875
2020-06-03,17.690000534057617,17.92099952697754,17.645000457763672,17.92099952697754
2020-06-04,17.850000381469727,18.02400016784668,17.850000381469727,18.02400016784668
2020-06-05,17.5,17.5049991607666,17.44300079345703,17.44300079345703
2020-06-08,17.780000686645508,17.885000228881836,17.780000686645508,17.868000030517578
2020-06-09,17.829999923706055,17.829999923706055,17.71500015258789,17.77400016784668
2020-06-10,17.775999069213867,17.775999069213867,17.775999069213867,17.775999069213867
2020-06-11,18.084999084472656,18.084999084472656,17.829999923706055,17.868999481201172
2020-06-12,17.75,17.75,17.461999893188477,17.461999893188477
2020-06-15,17.378999710083008,17.5,17.378999710083008,17.378999710083008
2020-06-16,17.545000076293945,17.75,17.479999542236328,17.631999969482422
2020-06-17,17.520000457763672,17.756999969482422,17.520000457763672,17.756999969482422
2020-06-18,17.493000030517578,17.4950008392334,17.493000030517578,17.493000030517578
2020-06-19,17.832000732421875,17.832000732421875,17.832000732421875,17.832000732421875
2020-06-22,17.886999130249023,17.886999130249023,17.886999130249023,17.886999130249023
2020-06-23,18.0049991607666,18.051000595092773,18.0049991607666,18.051000595092773
2020-06-24,17.790000915527344,17.815000534057617,17.658000946044922,17.658000946044922
2020-06-25,17.764999389648438,17.882999420166016,17.7549991607666,17.882999420166016
2020-06-26,18.023000717163086,18.023000717163086,18.023000717163086,18.023000717163086
2020-06-29,17.969999313354492,18.149999618530273,17.825000762939453,17.979999542236328
2020-06-30,18.024999618530273,18.541000366210938,17.940000534057617,18.541000366210938
2020-07-01,18.485000610351562,18.704999923706055,18.079999923706055,18.132999420166016
2020-07-02,18.21500015258789,18.243999481201172,17.94499969482422,18.243999481201172
2020-07-06,18.225000381469727,18.645000457763672,18.209999084472656,18.503999710083008
2020-07-07,18.219999313354492,18.628000259399414,18.219999313354492,18.628000259399414
2020-07-08,18.655000686645508,19.1299991607666,18.655000686645508,19.08099937438965
2020-07-09,19.094999313354492,19.364999771118164,18.834999084472656,18.881999969482422
2020-07-10,19.030000686645508,19.030000686645508,18.982999801635742,18.982999801635742
2020-07-13,19.155000686645508,19.708999633789062,19.155000686645508,19.708999633789062
2020-07-14,19.3700008392334,19.46500015258789,19.2549991607666,19.451000213623047
2020-07-15,19.600000381469727,19.71500015258789,19.485000610351562,19.684999465942383
2020-07-16,19.790000915527344,19.795000076293945,19.496999740600586,19.496999740600586
2020-07-17,19.350000381469727,19.709999084472656,19.350000381469727,19.684999465942383
2020-07-20,20.200000762939453,20.274999618530273,20.12299919128418,20.124000549316406
2020-07-21,20.28499984741211,21.565000534057617,20.274999618530273,21.496999740600586
2020-07-22,22.649999618530273,23.30500030517578,21.895000457763672,23.08300018310547
2020-07-23,23.06999969482422,23.325000762939453,22.665000915527344,22.94499969482422
2020-07-24,23.065000534057617,23.06999969482422,22.808000564575195,22.808000564575195
2020-07-27,24.325000762939453,24.709999084472656,24.19499969482422,24.47599983215332
2020-07-28,26.020000457763672,26.020000457763672,23.94499969482422,24.266000747680664
2020-07-29,24.209999084472656,24.292999267578125,24.209999084472656,24.292999267578125
2020-07-30,24.260000228881836,24.260000228881836,23.114999771118164,23.34000015258789
2020-07-31,23.59000015258789,24.385000228881836,23.565000534057617,24.18899917602539
2020-08-03,24.389999389648438,24.389999389648438,24.389999389648438,24.389999389648438
2020-08-04,25.899999618530273,26.21500015258789,25.774999618530273,26.011999130249023
2020-08-05,26.024999618530273,27.059999465942383,26.024999618530273,26.87700080871582
2020-08-06,27.684999465942383,28.850000381469727,27.53499984741211,28.386999130249023
2020-08-07,29.530000686645508,29.530000686645508,27.524999618530273,27.533000946044922
2020-08-10,28.200000762939453,29.249000549316406,28.114999771118164,29.249000549316406
2020-08-11,28.959999084472656,28.959999084472656,24.5,26.03700065612793
2020-08-12,25.2450008392334,25.954999923706055,25.2450008392334,25.954999923706055
2020-08-13,26.385000228881836,27.694000244140625,26.3799991607666,27.694000244140625
2020-08-14,27.225000381469727,27.684999465942383,25.905000686645508,26.065000534057617
2020-08-17,26.735000610351562,27.64299964904785,26.56999969482422,27.64299964904785
2020-08-18,27.295000076293945,28.260000228881836,27.295000076293945,28.048999786376953
2020-08-19,27.46500015258789,27.815000534057617,27.315000534057617,27.315000534057617
2020-08-20,27.121999740600586,27.121999740600586,27.121999740600586,27.121999740600586
2020-08-21,27.475000381469727,27.475000381469727,26.707000732421875,26.707000732421875
2020-08-24,26.780000686645508,26.780000686645508,26.58799934387207,26.58799934387207
2020-08-25,26.78499984741211,26.78499984741211,26.253999710083008,26.253999710083008
2020-08-26,26.9950008392334,27.43000030517578,26.954999923706055,27.43000030517578
2020-08-27,26.809999465942383,27.165000915527344,26.809999465942383,27.010000228881836
2020-08-28,27.1200008392334,27.81999969482422,26.889999389648438,27.610000610351562
2020-08-31,27.725000381469727,28.485000610351562,27.719999313354492,28.437000274658203
2020-09-01,28.350000381469727,29.049999237060547,27.860000610351562,28.486000061035156
2020-09-02,28.165000915527344,28.270000457763672,27.225000381469727,27.249000549316406
2020-09-03,27.55500030517578,27.55500030517578,26.489999771118164,26.735000610351562
2020-09-04,26.799999237060547,26.950000762939453,26.395000457763672,26.576000213623047
2020-09-08,26.920000076293945,27.06999969482422,26.0049991607666,26.86400032043457
2020-09-09,26.579999923706055,27.145000457763672,26.579999923706055,26.954999923706055
2020-09-10,27.163000106811523,27.163000106811523,27.163000106811523,27.163000106811523
2020-09-11,27.09000015258789,27.094999313354492,26.73900032043457,26.73900032043457
2020-09-14,26.90999984741211,27.350000381469727,26.90999984741211,27.229000091552734
2020-09-15,27.524999618530273,27.545000076293945,27.170000076293945,27.34600067138672
2020-09-16,27.31999969482422,27.485000610351562,27.100000381469727,27.354999542236328
2020-09-17,27.235000610351562,27.235000610351562,26.520000457763672,26.985000610351562
2020-09-18,27.28499984741211,27.309999465942383,27.027999877929688,27.027999877929688
2020-09-21,26.329999923706055,26.329999923706055,24.075000762939453,24.298999786376953
2020-09-22,24.459999084472656,24.56999969482422,24.15999984741211,24.441999435424805
2020-09-23,24.0,24.0,23.0,23.013999938964844
2020-09-24,22.0,23.25,21.959999084472656,23.118000030517578
2020-09-25,22.75,23.017000198364258,22.729999542236328,23.017000198364258
2020-09-28,22.739999771118164,23.527999877929688,22.69499969482422,23.527999877929688
2020-09-29,23.7450008392334,24.440000534057617,23.649999618530273,24.3799991607666
2020-09-30,24.360000610351562,24.360000610351562,23.354999542236328,23.433000564575195
2020-10-01,23.395000457763672,24.19300079345703,23.395000457763672,24.19300079345703
2020-10-02,23.735000610351562,24.149999618530273,23.579999923706055,23.97100067138672
2020-10-05,23.834999084472656,24.545000076293945,23.78499984741211,24.50200080871582
2020-10-06,24.469999313354492,24.469999313354492,23.8700008392334,23.8700008392334
2020-10-07,23.4950008392334,23.90999984741211,23.454999923706055,23.847999572753906
2020-10-08,24.06999969482422,24.174999237060547,23.836999893188477,23.836999893188477
2020-10-09,24.31999969482422,25.235000610351562,24.31999969482422,25.069000244140625
2020-10-12,25.28499984741211,25.459999084472656,25.22599983215332,25.22599983215332
2020-10-13,25.09000015258789,25.110000610351562,24.086000442504883,24.086000442504883
2020-10-14,24.36400032043457,24.36400032043457,24.36400032043457,24.36400032043457
2020-10-15,24.19300079345703,24.19300079345703,24.19300079345703,24.19300079345703
2020-10-16,24.229999542236328,24.368999481201172,24.229999542236328,24.368999481201172
2020-10-19,24.7549991607666,24.815000534057617,24.656999588012695,24.656999588012695
2020-10-20,24.937000274658203,24.937000274658203,24.937000274658203,24.937000274658203
2020-10-21,24.790000915527344,25.295000076293945,24.790000915527344,25.19700050354004
2020-10-22,24.665000915527344,24.665000915527344,24.665000915527344,24.665000915527344
2020-10-23,24.62700080871582,24.62700080871582,24.62700080871582,24.62700080871582
2020-10-26,24.375999450683594,24.375999450683594,24.375999450683594,24.375999450683594
2020-10-27,24.3700008392334,24.525999069213867,24.31999969482422,24.525999069213867
2020-10-28,23.323999404907227,23.323999404907227,23.323999404907227,23.323999404907227
2020-10-29,23.045000076293945,23.339000701904297,22.959999084472656,23.339000701904297
2020-10-30,23.617000579833984,23.617000579833984,23.617000579833984,23.617000579833984
2020-11-02,24.014999389648438,24.200000762939453,24.006000518798828,24.006000518798828
2020-11-03,24.30500030517578,24.30500030517578,24.15999984741211,24.30500030517578
2020-11-04,23.68000030517578,24.0049991607666,23.68000030517578,23.86400032043457
2020-11-05,24.799999237060547,25.17099952697754,24.799999237060547,25.17099952697754
2020-11-06,25.225000381469727,25.90999984741211,25.200000762939453,25.645999908447266
2020-11-09,23.684999465942383,23.684999465942383,23.684999465942383,23.684999465942383
2020-11-10,24.21500015258789,24.445999145507812,24.209999084472656,24.445999145507812
2020-11-11,23.94499969482422,24.250999450683594,23.94499969482422,24.250999450683594
2020-11-12,24.290000915527344,24.290000915527344,24.290000915527344,24.290000915527344
2020-11-13,24.759000778198242,24.759000778198242,24.759000778198242,24.759000778198242
2020-11-16,24.785999298095703,24.785999298095703,24.785999298095703,24.785999298095703
2020-11-17,24.760000228881836,24.760000228881836,24.635000228881836,24.635000228881836
2020-11-18,24.433000564575195,24.433000564575195,24.433000564575195,24.433000564575195
2020-11-19,24.033000946044922,24.033000946044922,24.033000946044922,24.033000946044922
2020-11-20,24.347999572753906,24.347999572753906,24.347999572753906,24.347999572753906
2020-11-23,23.624000549316406,23.624000549316406,23.624000549316406,23.624000549316406
2020-11-24,23.329999923706055,23.329999923706055,23.29199981689453,23.29199981689453
2020-11-25,23.356000900268555,23.356000900268555,23.356000900268555,23.356000900268555
2020-11-27,23.375,23.5049991607666,22.325000762939453,22.55299949645996
2020-11-30,22.739999771118164,22.739999771118164,22.0049991607666,22.534000396728516
2020-12-01,22.665000915527344,24.094999313354492,22.649999618530273,24.033000946044922
2020-12-02,23.915000915527344,24.375,23.639999389648438,24.024999618530273
2020-12-03,24.100000381469727,24.34000015258789,24.0049991607666,24.086999893188477
2020-12-04,24.1200008392334,24.4950008392334,24.079999923706055,24.202999114990234
2020-12-07,24.235000610351562,24.850000381469727,23.71500015258789,24.740999221801758
2020-12-08,24.7549991607666,24.764999389648438,24.6299991607666,24.68400001525879
2020-12-09,24.655000686645508,24.655000686645508,23.780000686645508,23.93000030517578
2020-12-10,23.94499969482422,24.309999465942383,23.94499969482422,24.0310001373291
2020-12-11,23.985000610351562,24.049999237060547,23.954999923706055,24.031999588012695
2020-12-14,24.15999984741211,24.15999984741211,23.985000610351562,23.985000610351562
2020-12-15,24.075000762939453,24.58099937438965,24.075000762939453,24.58099937438965
2020-12-16,25.149999618530273,25.5,24.81999969482422,24.985000610351562
2020-12-17,25.450000762939453,26.18000030517578,25.450000762939453,26.100000381469727
2020-12-18,26.1200008392334,26.1200008392334,25.948999404907227,25.948999404907227
2020-12-21,26.0049991607666,26.989999771118164,25.40999984741211,26.277999877929688
2020-12-22,26.475000381469727,26.670000076293945,25.274999618530273,25.43400001525879
2020-12-23,25.55500030517578,25.823999404907227,25.55500030517578,25.823999404907227
2020-12-24,25.81100082397461,25.81100082397461,25.81100082397461,25.81100082397461
2020-12-28,26.799999237060547,26.81999969482422,26.454999923706055,26.459999084472656
2020-12-29,26.25,26.25,26.13800048828125,26.13800048828125
2020-12-30,26.31999969482422,26.524999618530273,26.260000228881836,26.488000869750977
2020-12-31,26.530000686645508,26.540000915527344,26.332000732421875,26.332000732421875
2021-01-04,27.284000396728516,27.284000396728516,27.284000396728516,27.284000396728516
2021-01-05,27.570999145507812,27.570999145507812,27.570999145507812,27.570999145507812
2021-01-06,27.424999237060547,27.424999237060547,26.972999572753906,26.972999572753906
2021-01-07,27.200000762939453,27.200000762939453,27.200000762939453,27.200000762939453
2021-01-08,24.582000732421875,25.325000762939453,24.582000732421875,24.582000732421875
2021-01-11,25.520000457763672,25.520000457763672,24.725000381469727,25.23900032043457
2021-01-12,25.139999389648438,25.385000228881836,25.104999542236328,25.384000778198242
2021-01-13,25.545000076293945,25.545000076293945,25.5,25.520000457763672
2021-01-14,25.746000289916992,25.746000289916992,25.746000289916992,25.746000289916992
2021-01-15,25.43000030517578,25.469999313354492,24.825000762939453,24.825000762939453
2021-01-19,24.915000915527344,25.27899932861328,24.915000915527344,25.27899932861328
2021-01-20,25.424999237060547,25.733999252319336,25.415000915527344,25.733999252319336
2021-01-21,25.82200050354004,25.82200050354004,25.82200050354004,25.82200050354004
2021-01-22,25.52400016784668,25.540000915527344,25.52400016784668,25.52400016784668
2021-01-25,25.454999923706055,25.454999923706055,25.454999923706055,25.454999923706055
2021-01-26,25.52899932861328,25.52899932861328,25.52899932861328,25.52899932861328
2021-01-27,25.375999450683594,25.375999450683594,25.375999450683594,25.375999450683594
2021-01-28,25.084999084472656,27.010000228881836,24.93000030517578,25.909000396728516
2021-01-29,26.639999389648438,27.575000762939453,26.3700008392334,26.899999618530273
2021-02-01,28.360000610351562,30.15999984741211,28.299999237060547,29.398000717163086
2021-02-02,28.645000457763672,28.93000030517578,26.384000778198242,26.384000778198242
2021-02-03,26.940000534057617,27.024999618530273,26.860000610351562,26.878000259399414
2021-02-04,26.674999237060547,26.674999237060547,26.0049991607666,26.222999572753906
2021-02-05,26.43000030517578,27.013999938964844,26.43000030517578,27.013999938964844
2021-02-08,27.280000686645508,27.56999969482422,27.280000686645508,27.56999969482422
2021-02-09,27.424999237060547,27.44499969482422,27.290000915527344,27.395999908447266
2021-02-10,27.104999542236328,27.104999542236328,27.073999404907227,27.073999404907227
2021-02-11,27.170000076293945,27.170000076293945,26.90999984741211,27.04199981689453
2021-02-12,27.322999954223633,27.322999954223633,27.322999954223633,27.322999954223633
2021-02-16,27.510000228881836,27.510000228881836,27.059999465942383,27.319000244140625
2021-02-17,27.31399917602539,27.31399917602539,27.31399917602539,27.31399917602539
2021-02-18,27.125,27.125,27.07699966430664,27.07699966430664
2021-02-19,27.5049991607666,27.549999237060547,27.25200080871582,27.25200080871582
2021-02-22,28.08300018310547,28.100000381469727,28.08300018310547,28.08300018310547
2021-02-23,27.68600082397461,27.68600082397461,27.68600082397461,27.68600082397461
2021-02-24,27.85700035095215,27.85700035095215,27.85700035095215,27.85700035095215
2021-02-25,28.030000686645508,28.264999389648438,27.295000076293945,27.636999130249023
2021-02-26,27.454999923706055,27.559999465942383,26.18000030517578,26.402000427246094
2021-03-01,26.690000534057617,26.989999771118164,26.489999771118164,26.64699935913086
2021-03-02,26.385000228881836,26.850000381469727,25.860000610351562,26.850000381469727
2021-03-03,26.80500030517578,26.80500030517578,25.934999465942383,26.35700035095215
2021-03-04,26.1200008392334,26.329999923706055,25.209999084472656,25.43400001525879
2021-03-05,25.344999313354492,25.3700008392334,24.905000686645508,25.256999969482422
2021-03-08,25.520000457763672,25.709999084472656,25.0,25.239999771118164
2021-03-09,25.225000381469727,26.148000717163086,25.225000381469727,26.148000717163086
2021-03-10,26.010000228881836,26.280000686645508,25.780000686645508,26.101999282836914
2021-03-11,26.149999618530273,26.40999984741211,26.040000915527344,26.16200065612793
2021-03-12,26.145000457763672,26.200000762939453,25.459999084472656,25.8799991607666
2021-03-15,26.200000762939453,26.334999084472656,25.924999237060547,26.253000259399414
2021-03-16,26.1299991607666,26.145000457763672,25.920000076293945,25.974000930786133
2021-03-17,25.80500030517578,26.530000686645508,25.795000076293945,26.030000686645508
2021-03-18,26.434999465942383,26.434999465942383,25.899999618530273,26.320999145507812
2021-03-19,26.05500030517578,26.29199981689453,26.05500030517578,26.29199981689453
2021-03-22,25.954999923706055,25.954999923706055,25.540000915527344,25.740999221801758
2021-03-23,25.614999771118164,25.69499969482422,25.094999313354492,25.200000762939453
2021-03-24,25.25,25.344999313354492,25.190000534057617,25.201000213623047
2021-03-25,25.149999618530273,25.149999618530273,24.5049991607666,25.02199935913086
2021-03-26,25.184999465942383,25.184999465942383,25.040000915527344,25.091999053955078
2021-03-29,24.854999542236328,24.90999984741211,24.510000228881836,24.746999740600586
2021-03-30,24.700000762939453,24.700000762939453,23.96500015258789,24.121000289916992
2021-03-31,24.31999969482422,24.517000198364258,24.31999969482422,24.517000198364258
2021-04-01,24.350000381469727,24.934999465942383,24.350000381469727,24.934999465942383
2021-04-05,24.934999465942383,24.934999465942383,24.76300048828125,24.76300048828125
2021-04-06,25.049999237060547,25.21500015258789,25.049999237060547,25.211999893188477
2021-04-07,25.065000534057617,25.25,25.065000534057617,25.232999801635742
2021-04-08,25.569000244140625,25.569000244140625,25.569000244140625,25.569000244140625
2021-04-09,25.31100082397461,25.31100082397461,25.31100082397461,25.31100082397461
2021-04-12,25.145000457763672,25.165000915527344,24.80500030517578,24.85300064086914
2021-04-13,25.41699981689453,25.41699981689453,25.41699981689453,25.41699981689453
2021-04-14,25.514999389648438,25.514999389648438,25.514999389648438,25.514999389648438
2021-04-15,25.95599937438965,25.95599937438965,25.95599937438965,25.95599937438965
2021-04-16,26.099000930786133,26.099000930786133,26.099000930786133,26.099000930786133
2021-04-19,26.204999923706055,26.204999923706055,25.83099937438965,25.83099937438965
2021-04-20,25.854999542236328,25.854999542236328,25.834999084472656,25.834999084472656
2021-04-21,26.524999618530273,26.565000534057617,26.524999618530273,26.565000534057617
2021-04-22,26.34000015258789,26.34000015258789,26.173999786376953,26.173999786376953
2021-04-23,26.239999771118164,26.239999771118164,26.024999618530273,26.07699966430664
2021-04-26,26.059999465942383,26.25,26.059999465942383,26.211000442504883
2021-04-27,26.41200065612793,26.41200065612793,26.41200065612793,26.41200065612793
2021-04-28,26.08099937438965,26.08099937438965,26.08099937438965,26.08099937438965
2021-04-29,26.280000686645508,26.545000076293945,25.735000610351562,26.05299949645996
2021-04-30,26.155000686645508,26.21500015258789,25.84000015258789,25.85300064086914
2021-05-03,25.875,27.075000762939453,25.875,26.94300079345703
2021-05-04,27.030000686645508,27.040000915527344,26.25,26.538999557495117
2021-05-05,26.55500030517578,26.56999969482422,26.270000457763672,26.50200080871582
2021-05-06,26.559999465942383,27.55500030517578,26.55500030517578,27.461999893188477
2021-05-07,27.635000228881836,27.635000228881836,27.334999084472656,27.461999893188477
2021-05-10,27.709999084472656,27.915000915527344,27.3700008392334,27.479000091552734
2021-05-11,27.28499984741211,27.68000030517578,27.280000686645508,27.656999588012695
2021-05-12,27.459999084472656,27.639999389648438,27.231000900268555,27.231000900268555
2021-05-13,27.1200008392334,27.145000457763672,26.854999542236328,27.04400062561035
2021-05-14,27.030000686645508,27.5,27.030000686645508,27.35300064086914
2021-05-17,28.260000228881836,28.329999923706055,28.260000228881836,28.260000228881836
2021-05-18,28.6299991607666,28.68000030517578,28.31399917602539,28.31399917602539
2021-05-19,27.809999465942383,28.007999420166016,27.6200008392334,28.007999420166016
2021-05-20,27.920000076293945,28.052000045776367,27.719999313354492,28.052000045776367
2021-05-21,28.079999923706055,28.1200008392334,27.389999389648438,27.472999572753906
2021-05-24,27.885000228881836,27.899999618530273,27.739999771118164,27.886999130249023
2021-05-25,27.75,28.03700065612793,27.670000076293945,28.03700065612793
2021-05-26,27.85300064086914,27.85300064086914,27.85300064086914,27.85300064086914
2021-05-27,27.7549991607666,27.920000076293945,27.69499969482422,27.91900062561035
2021-05-28,27.7450008392334,27.993000030517578,27.540000915527344,27.993000030517578
2021-06-01,28.0049991607666,28.579999923706055,27.9950008392334,28.08300018310547
2021-06-02,27.93000030517578,28.18600082397461,27.78499984741211,28.18600082397461
2021-06-03,27.190000534057617,27.459999084472656,27.190000534057617,27.459999084472656
2021-06-04,27.878999710083008,27.878999710083008,27.878999710083008,27.878999710083008
2021-06-07,27.614999771118164,28.000999450683594,27.614999771118164,28.000999450683594
2021-06-08,28.010000228881836,28.010000228881836,27.704999923706055,27.71500015258789
2021-06-09,27.69499969482422,27.985000610351562,27.69499969482422,27.985000610351562
2021-06-10,27.899999618530273,28.024999618530273,27.709999084472656,28.014999389648438
2021-06-11,28.114999771118164,28.360000610351562,28.114999771118164,28.131000518798828
2021-06-14,27.895000457763672,28.104999542236328,27.825000762939453,28.02400016784668
2021-06-15,27.985000610351562,27.985000610351562,27.56999969482422,27.679000854492188
2021-06-16,27.799999237060547,27.799999237060547,27.799999237060547,27.799999237060547
2021-06-17,25.8439998626709,25.8439998626709,25.8439998626709,25.8439998626709
2021-06-18,26.424999237060547,26.43000030517578,25.95800018310547,25.95800018310547
2021-06-21,26.014999389648438,26.014999389648438,26.014999389648438,26.014999389648438
2021-06-22,25.847999572753906,25.847999572753906,25.847999572753906,25.847999572753906
2021-06-23,26.107999801635742,26.107999801635742,26.107999801635742,26.107999801635742
2021-06-24,26.047000885009766,26.047000885009766,26.047000885009766,26.047000885009766
2021-06-25,26.174999237060547,26.174999237060547,26.082000732421875,26.082000732421875
2021-06-28,26.218000411987305,26.218000411987305,26.218000411987305,26.218000411987305
2021-06-29,26.200000762939453,26.209999084472656,25.559999465942383,25.871999740600586
2021-06-30,25.84000015258789,26.229999542236328,25.84000015258789,26.165000915527344
2021-07-01,26.21500015258789,26.420000076293945,26.049999237060547,26.075000762939453
2021-07-02,26.110000610351562,26.674999237060547,26.104999542236328,26.481000900268555
2021-07-06,26.725000381469727,26.8700008392334,26.15399932861328,26.15399932861328
2021-07-07,26.200000762939453,26.5,26.06999969482422,26.110000610351562
2021-07-08,26.15999984741211,26.290000915527344,25.889999389648438,25.966999053955078
2021-07-09,25.96500015258789,26.21500015258789,25.834999084472656,26.211000442504883
2021-07-12,26.184999465942383,26.299999237060547,26.059999465942383,26.216999053955078
2021-07-13,26.204999923706055,26.204999923706055,26.100000381469727,26.114999771118164
2021-07-14,26.100000381469727,26.44499969482422,26.100000381469727,26.246000289916992
2021-07-15,26.420000076293945,26.44499969482422,26.264999389648438,26.375
2021-07-16,26.43000030517578,26.43000030517578,25.649999618530273,25.777000427246094
2021-07-19,25.610000610351562,25.610000610351562,25.045000076293945,25.125999450683594
2021-07-20,25.19499969482422,25.19499969482422,24.854999542236328,24.976999282836914
2021-07-21,25.155000686645508,25.238000869750977,24.954999923706055,25.238000869750977
2021-07-22,25.2450008392334,25.364999771118164,25.239999771118164,25.364999771118164
2021-07-23,25.43000030517578,25.43000030517578,25.1299991607666,25.218000411987305
2021-07-26,25.295000076293945,25.295000076293945,25.295000076293945,25.295000076293945
2021-07-27,25.200000762939453,25.264999389648438,24.631999969482422,24.631999969482422
2021-07-28,24.735000610351562,24.856000900268555,24.725000381469727,24.856000900268555
2021-07-29,25.040000915527344,25.854999542236328,25.040000915527344,25.763999938964844
2021-07-30,25.545000076293945,25.665000915527344,25.5,25.527999877929688
2021-08-02,25.450000762939453,25.55699920654297,25.450000762939453,25.55699920654297
2021-08-03,25.389999389648438,25.56599998474121,25.28499984741211,25.56599998474121
2021-08-04,25.610000610351562,25.969999313354492,25.445999145507812,25.445999145507812
2021-08-05,25.520000457763672,25.520000457763672,25.277000427246094,25.277000427246094
2021-08-06,24.489999771118164,24.489999771118164,24.25,24.312000274658203
2021-08-09,23.2549991607666,23.2549991607666,23.2549991607666,23.2549991607666
2021-08-10,23.485000610351562,23.485000610351562,23.37700080871582,23.37700080871582
2021-08-11,23.474000930786133,23.474000930786133,23.474000930786133,23.474000930786133
2021-08-12,23.104999542236328,23.104999542236328,23.104999542236328,23.104999542236328
2021-08-13,23.350000381469727,23.795000076293945,23.350000381469727,23.76799964904785
2021-08-16,23.780000686645508,23.780000686645508,23.780000686645508,23.780000686645508
2021-08-17,23.648000717163086,23.648000717163086,23.648000717163086,23.648000717163086
2021-08-18,23.280000686645508,23.454999923706055,23.280000686645508,23.41200065612793
2021-08-19,23.219999313354492,23.219999313354492,23.219999313354492,23.219999313354492
2021-08-20,23.104999542236328,23.104999542236328,23.104999542236328,23.104999542236328
2021-08-23,23.149999618530273,23.649999618530273,23.139999389648438,23.64900016784668
2021-08-24,23.889999389648438,23.889999389648438,23.889999389648438,23.889999389648438
2021-08-25,23.834999084472656,23.834999084472656,23.770999908447266,23.770999908447266
2021-08-26,23.545000076293945,23.55500030517578,23.545000076293945,23.54599952697754
2021-08-27,23.729999542236328,24.059999465942383,23.71500015258789,24.059999465942383
2021-08-30,24.045000076293945,24.219999313354492,23.905000686645508,23.959999084472656
2021-08-31,24.059999465942383,24.19499969482422,23.815000534057617,23.959999084472656
2021-09-01,23.850000381469727,24.2549991607666,23.790000915527344,24.177000045776367
2021-09-02,24.15999984741211,24.18000030517578,23.774999618530273,23.875
2021-09-03,23.905000686645508,24.809999465942383,23.905000686645508,24.761999130249023
2021-09-07,24.809999465942383,24.809999465942383,24.184999465942383,24.333999633789062
2021-09-08,24.354999542236328,24.399999618530273,23.940000534057617,24.011999130249023
2021-09-09,23.954999923706055,24.239999771118164,23.844999313354492,24.132999420166016
2021-09-10,24.135000228881836,24.135000228881836,23.854999542236328,23.854999542236328
2021-09-13,23.690000534057617,23.7549991607666,23.325000762939453,23.753000259399414
2021-09-14,23.65999984741211,23.850000381469727,23.639999389648438,23.841999053955078
2021-09-15,23.799999237060547,23.799999237060547,23.759000778198242,23.759000778198242
2021-09-16,23.514999389648438,23.514999389648438,22.610000610351562,22.75200080871582
2021-09-17,22.889999389648438,22.905000686645508,22.295000076293945,22.295000076293945
2021-09-20,22.375,22.375,22.139999389648438,22.163000106811523
2021-09-21,22.524999618530273,22.572999954223633,22.469999313354492,22.572999954223633
2021-09-22,22.799999237060547,23.045000076293945,22.799999237060547,22.868999481201172
2021-09-23,22.649999618530273,22.649999618530273,22.642000198364258,22.642000198364258
2021-09-24,22.584999084472656,22.584999084472656,22.09000015258789,22.38800048828125
2021-09-27,22.604999542236328,23.735000610351562,22.604999542236328,22.656999588012695
2021-09-28,22.174999237060547,22.459999084472656,22.174999237060547,22.43000030517578
2021-09-29,22.43000030517578,22.514999389648438,21.458999633789062,21.458999633789062
2021-09-30,22.03499984741211,22.03499984741211,22.020999908447266,22.020999908447266
2021-10-01,22.510000228881836,22.510000228881836,22.510000228881836,22.510000228881836
2021-10-04,22.618000030517578,22.618000030517578,22.618000030517578,22.618000030517578
2021-10-05,22.582000732421875,22.582000732421875,22.582000732421875,22.582000732421875
2021-10-06,22.475000381469727,22.506000518798828,22.375,22.506000518798828
2021-10-07,22.631999969482422,22.631999969482422,22.631999969482422,22.631999969482422
2021-10-08,22.56999969482422,23.0049991607666,22.56999969482422,22.679000854492188
2021-10-11,22.639999389648438,22.639999389648438,22.639999389648438,22.639999389648438
2021-10-12,22.56999969482422,22.575000762939453,22.490999221801758,22.490999221801758
2021-10-13,23.14900016784668,23.14900016784668,23.14900016784668,23.14900016784668
2021-10-14,23.459999084472656,23.459999084472656,23.45599937438965,23.45599937438965
2021-10-15,23.327999114990234,23.327999114990234,23.327999114990234,23.327999114990234
2021-10-18,23.280000686645508,23.280000686645508,23.21500015258789,23.243000030517578
2021-10-19,24.06999969482422,24.06999969482422,23.86199951171875,23.86199951171875
2021-10-20,24.423999786376953,24.423999786376953,24.423999786376953,24.423999786376953
2021-10-21,24.479999542236328,24.479999542236328,24.139999389648438,24.149999618530273
2021-10-22,24.429000854492188,24.429000854492188,24.3700008392334,24.429000854492188
2021-10-25,24.575000762939453,24.575000762939453,24.57200050354004,24.57200050354004
2021-10-26,24.086000442504883,24.086000442504883,24.086000442504883,24.086000442504883
2021-10-27,24.15999984741211,24.18899917602539,24.15999984741211,24.18899917602539
2021-10-28,24.209999084472656,24.2450008392334,24.117000579833984,24.117000579833984
2021-10-29,23.799999237060547,23.94499969482422,23.799999237060547,23.94499969482422
2021-11-01,24.0,24.100000381469727,24.0,24.06399917602539
2021-11-02,23.5,23.5,23.5,23.5
2021-11-03,23.56999969482422,23.579999923706055,23.225000381469727,23.22599983215332
2021-11-04,23.690000534057617,23.9060001373291,23.690000534057617,23.9060001373291
2021-11-05,23.844999313354492,24.235000610351562,23.834999084472656,24.152000427246094
2021-11-08,24.274999618530273,24.55500030517578,24.274999618530273,24.53700065612793
2021-11-09,24.312999725341797,24.312999725341797,24.312999725341797,24.312999725341797
2021-11-10,24.767000198364258,24.767000198364258,24.767000198364258,24.767000198364258
2021-11-11,25.299999237060547,25.301000595092773,25.295000076293945,25.301000595092773
2021-11-12,25.344999313354492,25.40999984741211,24.924999237060547,25.3439998626709
2021-11-15,25.239999771118164,25.28499984741211,25.065000534057617,25.10700035095215
2021-11-16,25.0049991607666,25.0049991607666,24.875,24.944000244140625
2021-11-17,24.8799991607666,25.209999084472656,24.8799991607666,25.16699981689453
2021-11-18,25.155000686645508,25.209999084472656,24.81999969482422,24.900999069213867
2021-11-19,24.8700008392334,24.875,24.780000686645508,24.780000686645508
2021-11-22,24.540000915527344,24.540000915527344,24.190000534057617,24.297000885009766
2021-11-23,23.399999618530273,23.604999542236328,23.399999618530273,23.434999465942383
2021-11-24,23.496000289916992,23.496000289916992,23.496000289916992,23.496000289916992
2021-11-26,23.10700035095215,23.10700035095215,23.10700035095215,23.10700035095215
2021-11-29,23.135000228881836,23.415000915527344,22.729999542236328,22.798999786376953
2021-11-30,22.885000228881836,23.260000228881836,22.704999923706055,22.764999389648438
2021-12-01,22.770000457763672,22.9950008392334,22.155000686645508,22.298999786376953
2021-12-02,22.295000076293945,22.399999618530273,22.239999771118164,22.280000686645508
2021-12-03,22.40999984741211,22.469999313354492,22.040000915527344,22.44499969482422
2021-12-06,22.489999771118164,22.489999771118164,22.100000381469727,22.22800064086914
2021-12-07,22.385000228881836,22.559999465942383,22.375,22.48699951171875
2021-12-08,22.43000030517578,22.44499969482422,22.309999465942383,22.389999389648438
2021-12-09,22.280000686645508,22.28499984741211,21.889999389648438,21.974000930786133
2021-12-10,21.885000228881836,22.165000915527344,21.799999237060547,22.15999984741211
2021-12-13,22.2450008392334,22.290000915527344,22.1299991607666,22.290000915527344
2021-12-14,22.25,22.25,21.65999984741211,21.886999130249023
2021-12-15,21.5,21.639999389648438,21.5,21.507999420166016
2021-12-16,22.135000228881836,22.454999923706055,22.1200008392334,22.454999923706055
2021-12-17,22.450000762939453,22.506999969482422,22.450000762939453,22.506999969482422
2021-12-20,22.299999237060547,22.3700008392334,22.274999618530273,22.274999618530273
2021-12-21,22.225000381469727,22.739999771118164,22.225000381469727,22.50200080871582
2021-12-22,22.46500015258789,22.79199981689453,22.46500015258789,22.79199981689453
2021-12-23,22.809999465942383,22.930999755859375,22.719999313354492,22.930999755859375
2021-12-27,22.68000030517578,22.979999542236328,22.68000030517578,22.979000091552734
2021-12-28,23.05500030517578,23.295000076293945,23.05500030517578,23.111000061035156
2021-12-29,23.0049991607666,23.0049991607666,22.635000228881836,22.847999572753906
2021-12-30,22.774999618530273,23.084999084472656,22.6200008392334,23.027999877929688
2021-12-31,23.225000381469727,23.327999114990234,23.200000762939453,23.327999114990234
2022-01-03,23.309999465942383,23.309999465942383,22.790000915527344,22.790000915527344
2022-01-04,22.954999923706055,23.038000106811523,22.954999923706055,23.038000106811523
2022-01-05,23.139999389648438,23.149999618530273,22.78499984741211,23.149999618530273
2022-01-06,22.764999389648438,22.799999237060547,22.049999237060547,22.173999786376953
2022-01-07,22.393999099731445,22.393999099731445,22.393999099731445,22.393999099731445
2022-01-10,22.354999542236328,22.489999771118164,22.354999542236328,22.445999145507812
2022-01-11,22.59000015258789,22.805999755859375,22.59000015258789,22.805999755859375
2022-01-12,23.200000762939453,23.200000762939453,23.200000762939453,23.200000762939453
2022-01-13,23.155000686645508,23.155000686645508,23.155000686645508,23.155000686645508
2022-01-14,22.910999298095703,23.0,22.899999618530273,22.910999298095703
2022-01-18,23.399999618530273,23.48699951171875,23.399999618530273,23.48699951171875
2022-01-19,24.22599983215332,24.22599983215332,24.22599983215332,24.22599983215332
2022-01-20,24.711000442504883,24.711000442504883,24.711000442504883,24.711000442504883
2022-01-21,24.31399917602539,24.31399917602539,24.31399917602539,24.31399917602539
2022-01-24,23.795000076293945,23.795000076293945,23.795000076293945,23.795000076293945
2022-01-25,23.94499969482422,23.94499969482422,23.684999465942383,23.895999908447266
2022-01-26,23.80699920654297,23.80699920654297,23.80699920654297,23.80699920654297
2022-01-27,23.030000686645508,23.030000686645508,22.67300033569336,22.67300033569336
2022-01-28,22.809999465942383,22.809999465942383,22.302000045776367,22.302000045776367
2022-01-31,22.34000015258789,22.514999389648438,22.34000015258789,22.395000457763672
2022-02-01,22.4950008392334,23.0,22.4950008392334,22.59600067138672
2022-02-02,22.809999465942383,22.81999969482422,22.610000610351562,22.711000442504883
2022-02-03,22.545000076293945,22.565000534057617,22.375,22.375
2022-02-04,22.530000686645508,22.530000686645508,22.475000381469727,22.475000381469727
2022-02-07,23.05500030517578,23.079999923706055,23.05500030517578,23.076000213623047
2022-02-08,23.19499969482422,23.229999542236328,23.19499969482422,23.19499969482422
2022-02-09,23.336000442504883,23.336000442504883,23.336000442504883,23.336000442504883
2022-02-10,23.518999099731445,23.518999099731445,23.518999099731445,23.518999099731445
2022-02-11,23.170000076293945,23.365999221801758,23.149999618530273,23.365999221801758
2022-02-14,23.915000915527344,23.915000915527344,23.829999923706055,23.844999313354492
2022-02-15,23.165000915527344,23.33799934387207,23.165000915527344,23.33799934387207
2022-02-16,23.60099983215332,23.60099983215332,23.60099983215332,23.60099983215332
2022-02-17,23.874000549316406,23.874000549316406,23.874000549316406,23.874000549316406
2022-02-18,24.0,24.0,23.924999237060547,23.990999221801758
2022-02-22,24.209999084472656,24.31100082397461,24.209999084472656,24.31100082397461
2022-02-23,24.55500030517578,24.55500030517578,24.55500030517578,24.55500030517578
2022-02-24,25.354999542236328,25.389999389648438,24.68600082397461,24.68600082397461
2022-02-25,24.31999969482422,24.524999618530273,23.899999618530273,23.996999740600586
2022-02-28,24.549999237060547,24.854999542236328,24.280000686645508,24.361000061035156
2022-03-01,24.450000762939453,25.565000534057617,24.34000015258789,25.534000396728516
2022-03-02,25.309999465942383,25.40999984741211,25.030000686645508,25.183000564575195
2022-03-03,25.30500030517578,25.540000915527344,25.139999389648438,25.204999923706055
2022-03-04,25.295000076293945,25.834999084472656,25.2549991607666,25.781999588012695
2022-03-07,26.155000686645508,26.28499984741211,25.71299934387207,25.71299934387207
2022-03-08,25.850000381469727,27.309999465942383,25.645000457763672,26.88800048828125
2022-03-09,26.899999618530273,26.899999618530273,25.756999969482422,25.756999969482422
2022-03-10,26.030000686645508,26.20199966430664,25.59000015258789,26.20199966430664
2022-03-11,26.03499984741211,26.200000762939453,25.920000076293945,26.106000900268555
2022-03-14,25.950000762939453,25.950000762939453,25.243999481201172,25.243999481201172
2022-03-15,24.885000228881836,25.12299919128418,24.885000228881836,25.12299919128418
2022-03-16,24.975000381469727,25.06999969482422,24.600000381469727,24.670000076293945
2022-03-17,25.200000762939453,25.639999389648438,25.200000762939453,25.583999633789062
2022-03-18,25.40999984741211,25.40999984741211,25.049999237060547,25.05500030517578
2022-03-21,25.174999237060547,25.3700008392334,25.165000915527344,25.281999588012695
2022-03-22,25.19499969482422,25.19499969482422,24.764999389648438,24.885000228881836
2022-03-23,25.0,25.270000457763672,25.0,25.170000076293945
2022-03-24,25.454999923706055,25.905000686645508,25.454999923706055,25.899999618530273
2022-03-25,25.825000762939453,25.96500015258789,25.594999313354492,25.594999313354492
2022-03-28,25.184999465942383,25.209999084472656,25.030000686645508,25.176000595092773
2022-03-29,24.2549991607666,24.715999603271484,24.2549991607666,24.715999603271484
2022-03-30,25.1299991607666,25.225000381469727,25.014999389648438,25.10300064086914
2022-03-31,24.875,25.121000289916992,24.875,25.121000289916992
2022-04-01,24.860000610351562,24.8700008392334,24.642000198364258,24.642000198364258
2022-04-04,24.434999465942383,24.583999633789062,24.434999465942383,24.583999633789062
2022-04-05,24.635000228881836,24.635000228881836,24.420000076293945,24.527999877929688
2022-04-06,24.385000228881836,24.459999084472656,24.34000015258789,24.454999923706055
2022-04-07,24.545000076293945,24.732999801635742,24.459999084472656,24.732999801635742
2022-04-08,24.819000244140625,24.924999237060547,24.819000244140625,24.819000244140625
2022-04-11,25.514999389648438,25.514999389648438,24.97800064086914,24.97800064086914
2022-04-12,25.219999313354492,25.774999618530273,25.219999313354492,25.725000381469727
2022-04-13,25.6200008392334,26.024999618530273,25.6200008392334,26.020000457763672
2022-04-14,25.690000534057617,25.690000534057617,25.690000534057617,25.690000534057617
2022-04-18,26.139999389648438,26.139999389648438,26.139999389648438,26.139999389648438
2022-04-19,26.03499984741211,26.03499984741211,25.391000747680664,25.391000747680664
2022-04-20,25.21500015258789,25.270000457763672,25.21500015258789,25.270000457763672
2022-04-21,25.280000686645508,25.280000686645508,24.621000289916992,24.621000289916992
2022-04-22,24.725000381469727,24.725000381469727,24.21500015258789,24.256999969482422
2022-04-25,23.667999267578125,23.667999267578125,23.667999267578125,23.667999267578125
2022-04-26,23.54199981689453,23.594999313354492,23.54199981689453,23.54199981689453
2022-04-27,23.45800018310547,23.45800018310547,23.45800018310547,23.45800018310547
2022-04-28,23.309999465942383,23.40999984741211,22.895000457763672,23.128999710083008
2022-04-29,23.225000381469727,23.53499984741211,22.735000610351562,23.040000915527344
2022-05-02,22.71500015258789,22.829999923706055,22.1200008392334,22.54400062561035
2022-05-03,22.639999389648438,22.78499984741211,22.475000381469727,22.621000289916992
2022-05-04,22.584999084472656,23.020000457763672,22.315000534057617,22.36199951171875
2022-05-05,23.1200008392334,23.2450008392334,22.3700008392334,22.399999618530273
2022-05-06,22.280000686645508,22.485000610351562,22.09000015258789,22.325000762939453
2022-05-09,22.170000076293945,22.190000534057617,21.665000915527344,21.781999588012695
2022-05-10,21.985000610351562,22.0,21.239999771118164,21.389999389648438
2022-05-11,21.415000915527344,21.80500030517578,21.309999465942383,21.549999237060547
2022-05-12,21.479999542236328,21.575000762939453,20.655000686645508,20.756999969482422
2022-05-13,20.639999389648438,21.114999771118164,20.639999389648438,20.983999252319336
2022-05-16,21.094999313354492,21.604999542236328,21.084999084472656,21.53499984741211
2022-05-17,21.655000686645508,21.73699951171875,21.55500030517578,21.73699951171875
2022-05-18,21.674999237060547,21.674999237060547,21.389999389648438,21.533000946044922
2022-05-19,21.434999465942383,21.898000717163086,21.424999237060547,21.898000717163086
2022-05-20,21.66900062561035,21.66900062561035,21.66900062561035,21.66900062561035
2022-05-23,21.834999084472656,22.204999923706055,21.722999572753906,21.722999572753906
2022-05-24,22.062999725341797,22.065000534057617,22.03499984741211,22.062999725341797
2022-05-25,21.864999771118164,21.969999313354492,21.829999923706055,21.860000610351562
2022-05-26,21.94099998474121,21.94099998474121,21.94099998474121,21.94099998474121
2022-05-27,22.010000228881836,22.395000457763672,22.010000228881836,22.059999465942383
2022-05-31,21.600000381469727,21.674999237060547,21.600000381469727,21.650999069213867
2022-06-01,21.4950008392334,21.884000778198242,21.485000610351562,21.884000778198242
2022-06-02,21.829999923706055,22.325000762939453,21.825000762939453,22.253999710083008
2022-06-03,22.405000686645508,22.40999984741211,21.889999389648438,21.889999389648438
2022-06-06,22.073999404907227,22.073999404907227,22.073999404907227,22.073999404907227
2022-06-07,22.024999618530273,22.159000396728516,22.024999618530273,22.159000396728516
2022-06-08,21.989999771118164,22.09000015258789,21.989999771118164,22.073999404907227
2022-06-09,22.05500030517578,22.065000534057617,21.725000381469727,21.797000885009766
2022-06-10,21.700000762939453,21.920000076293945,21.700000762939453,21.913000106811523
2022-06-13,21.649999618530273,21.649999618530273,21.05500030517578,21.236000061035156
2022-06-14,21.020000457763672,21.05500030517578,20.905000686645508,20.93600082397461
2022-06-15,20.985000610351562,21.46500015258789,20.985000610351562,21.402000427246094
2022-06-16,21.69499969482422,21.924999237060547,21.3799991607666,21.867000579833984
2022-06-17,21.8700008392334,21.8799991607666,21.572999954223633,21.572999954223633
2022-06-21,21.799999237060547,21.799999237060547,21.7450008392334,21.753999710083008
2022-06-22,21.594999313354492,21.594999313354492,21.395000457763672,21.406999588012695
2022-06-23,21.3799991607666,21.3799991607666,21.031999588012695,21.031999588012695
2022-06-24,20.96500015258789,21.174999237060547,20.950000762939453,21.115999221801758
2022-06-27,21.295000076293945,21.329999923706055,21.149999618530273,21.159000396728516
2022-06-28,21.174999237060547,21.184999465942383,20.797000885009766,20.797000885009766
2022-06-29,20.80500030517578,20.9950008392334,20.545000076293945,20.667999267578125
2022-06-30,20.665000915527344,20.704999923706055,20.145000457763672,20.281999588012695
2022-07-01,20.165000915527344,20.184999465942383,19.264999389648438,19.597000122070312
2022-07-05,19.809999465942383,20.06999969482422,19.040000915527344,19.052000045776367
2022-07-06,19.190000534057617,19.19499969482422,18.84000015258789,19.084999084472656
2022-07-07,19.100000381469727,19.360000610351562,19.094999313354492,19.121999740600586
2022-07-08,19.0,19.219999313354492,19.0,19.16699981689453
2022-07-11,19.165000915527344,19.165000915527344,19.040000915527344,19.066999435424805
2022-07-12,18.799999237060547,18.89900016784668,18.770000457763672,18.89900016784668
2022-07-13,18.809999465942383,19.174999237060547,18.78499984741211,19.13800048828125
2022-07-14,19.100000381469727,19.100000381469727,18.0,18.16900062561035
2022-07-15,18.225000381469727,18.55500030517578,18.225000381469727,18.54800033569336
2022-07-18,18.809999465942383,18.825000762939453,18.59000015258789,18.791000366210938
2022-07-19,18.614999771118164,18.709999084472656,18.520000457763672,18.670000076293945
2022-07-20,18.655000686645508,18.940000534057617,18.604999542236328,18.638999938964844
2022-07-21,18.55500030517578,18.719999313354492,18.110000610351562,18.687000274658203
2022-07-22,18.709999084472656,18.75,18.489999771118164,18.584999084472656
2022-07-25,18.40999984741211,18.600000381469727,18.184999465942383,18.29400062561035
2022-07-26,18.46500015258789,18.565000534057617,18.325000762939453,18.48699951171875
2022-07-27,18.4950008392334,18.55299949645996,18.485000610351562,18.55299949645996
2022-07-28,19.020000457763672,19.940000534057617,19.020000457763672,19.82699966430664
2022-07-29,19.989999771118164,20.290000915527344,19.989999771118164,20.1560001373291
2022-08-01,20.280000686645508,20.399999618530273,20.184999465942383,20.32200050354004
2022-08-02,20.100000381469727,20.395000457763672,19.94499969482422,20.104999542236328
2022-08-03,19.8799991607666,20.020000457763672,19.78499984741211,19.864999771118164
2022-08-04,19.985000610351562,20.104999542236328,19.959999084472656,20.099000930786133
2022-08-05,20.135000228881836,20.135000228881836,19.819000244140625,19.819000244140625
2022-08-08,20.591999053955078,20.591999053955078,20.591999053955078,20.591999053955078
2022-08-09,20.6200008392334,20.655000686645508,20.45800018310547,20.45800018310547
2022-08-10,20.520000457763672,20.719999313354492,20.520000457763672,20.718000411987305
2022-08-11,20.415000915527344,20.469999313354492,20.326000213623047,20.326000213623047
2022-08-12,20.677000045776367,20.677000045776367,20.677000045776367,20.677000045776367
2022-08-15,20.250999450683594,20.250999450683594,20.250999450683594,20.250999450683594
2022-08-16,19.950000762939453,20.100000381469727,19.950000762939453,20.065000534057617
2022-08-17,20.084999084472656,20.09000015258789,19.649999618530273,19.711000442504883
2022-08-18,19.719999313354492,19.725000381469727,19.44499969482422,19.447999954223633
2022-08-19,19.1299991607666,19.1299991607666,19.058000564575195,19.058000564575195
2022-08-22,18.84000015258789,18.915000915527344,18.799999237060547,18.87299919128418
2022-08-23,18.885000228881836,19.100000381469727,18.704999923706055,19.011999130249023
2022-08-24,18.834999084472656,19.040000915527344,18.81999969482422,18.895000457763672
2022-08-25,19.045000076293945,19.111000061035156,19.03499984741211,19.111000061035156
2022-08-26,19.30500030517578,19.30500030517578,18.739999771118164,18.739999771118164
2022-08-29,18.520000457763672,18.55500030517578,18.520000457763672,18.55500030517578
2022-08-30,18.565000534057617,18.584999084472656,18.1200008392334,18.159000396728516
2022-08-31,18.15999984741211,18.239999771118164,17.704999923706055,17.761999130249023
2022-09-01,17.71500015258789,17.71500015258789,17.31999969482422,17.551000595092773
2022-09-02,17.530000686645508,18.0,17.530000686645508,17.775999069213867
2022-09-06,18.100000381469727,18.104999542236328,17.790000915527344,17.795000076293945
2022-09-07,18.136999130249023,18.239999771118164,18.136999130249023,18.136999130249023
2022-09-08,18.290000915527344,18.454999923706055,18.235000610351562,18.329999923706055
2022-09-09,18.354999542236328,18.670000076293945,18.354999542236328,18.658000946044922
2022-09-12,19.315000534057617,19.889999389648438,19.315000534057617,19.7549991607666
2022-09-13,19.725000381469727,19.75,19.204999923706055,19.389999389648438
2022-09-14,19.184999465942383,19.530000686645508,19.184999465942383,19.47100067138672
2022-09-15,19.514999389648438,19.520000457763672,19.024999618530273,19.174999237060547
2022-09-16,18.875,19.5049991607666,18.735000610351562,19.29599952697754
2022-09-19,19.273000717163086,19.273000717163086,19.273000717163086,19.273000717163086
2022-09-20,19.5,19.5,19.101999282836914,19.101999282836914
2022-09-21,19.375,19.584999084472656,19.329999923706055,19.410999298095703
2022-09-22,19.3700008392334,19.594999313354492,19.334999084472656,19.54800033569336
2022-09-23,19.510000228881836,19.510000228881836,18.780000686645508,18.840999603271484
2022-09-26,18.729999542236328,18.850000381469727,18.4060001373291,18.4060001373291
2022-09-27,18.524999618530273,18.524999618530273,18.256999969482422,18.256999969482422
2022-09-28,18.475000381469727,18.79599952697754,18.469999313354492,18.79599952697754
2022-09-29,18.764999389648438,18.764999389648438,18.524999618530273,18.611000061035156
2022-09-30,18.844999313354492,18.969999313354492,18.825000762939453,18.959999084472656
2022-10-03,20.170000076293945,20.704999923706055,20.170000076293945,20.518999099731445
2022-10-04,20.81999969482422,21.114999771118164,20.81999969482422,21.03700065612793
2022-10-05,20.795000076293945,20.795000076293945,20.1299991607666,20.479000091552734
2022-10-06,20.610000610351562,20.65999984741211,20.420000076293945,20.594999313354492
2022-10-07,20.579999923706055,20.725000381469727,20.170000076293945,20.191999435424805
2022-10-10,19.690000534057617,19.829999923706055,19.520000457763672,19.555999755859375
2022-10-11,19.344999313354492,19.520000457763672,19.059999465942383,19.427000045776367
2022-10-12,19.084999084472656,19.110000610351562,18.78499984741211,18.878000259399414
2022-10-13,18.94499969482422,18.954999923706055,18.774999618530273,18.857999801635742
2022-10-14,18.93000030517578,18.93000030517578,18.014999389648438,18.014999389648438
2022-10-17,18.625,18.673999786376953,18.625,18.673999786376953
2022-10-18,18.59000015258789,18.825000762939453,18.524999618530273,18.570999145507812
2022-10-19,18.684999465942383,18.684999465942383,18.295000076293945,18.336000442504883
2022-10-20,18.389999389648438,18.844999313354492,18.375,18.666000366210938
2022-10-21,18.56999969482422,19.315000534057617,18.290000915527344,19.042999267578125
2022-10-24,19.173999786376953,19.190000534057617,19.173999786376953,19.173999786376953
2022-10-25,18.915000915527344,19.350000381469727,18.90999984741211,19.339000701904297
2022-10-26,19.46500015258789,19.584999084472656,19.46500015258789,19.479999542236328
2022-10-27,19.635000228881836,19.635000228881836,19.450000762939453,19.47800064086914
2022-10-28,19.5,19.520000457763672,19.024999618530273,19.14699935913086
2022-10-31,19.200000762939453,19.200000762939453,18.969999313354492,19.125
2022-11-01,19.125,19.690000534057617,19.125,19.67300033569336
2022-11-02,19.780000686645508,19.864999771118164,19.575000762939453,19.600000381469727
2022-11-03,19.235000610351562,19.43600082397461,18.959999084472656,19.43600082397461
2022-11-04,19.979999542236328,20.934999465942383,19.950000762939453,20.790000915527344
2022-11-07,20.575000762939453,21.0,20.450000762939453,20.898000717163086
2022-11-08,20.68000030517578,21.625,20.68000030517578,21.476999282836914
2022-11-09,21.59000015258789,21.59000015258789,21.065000534057617,21.29800033569336
2022-11-10,21.059999465942383,21.780000686645508,21.049999237060547,21.677000045776367
2022-11-11,21.584999084472656,21.645999908447266,21.514999389648438,21.645999908447266
2022-11-14,21.864999771118164,22.100000381469727,21.854999542236328,22.091999053955078
2022-11-15,22.030000686645508,22.05500030517578,21.450000762939453,21.499000549316406
2022-11-16,21.625,21.94499969482422,21.503999710083008,21.503999710083008
2022-11-17,20.954999923706055,20.954999923706055,20.954999923706055,20.954999923706055
2022-11-18,20.97599983215332,20.97599983215332,20.97599983215332,20.97599983215332
2022-11-21,20.649999618530273,20.849000930786133,20.639999389648438,20.849000930786133
2022-11-22,21.075000762939453,21.094999313354492,20.954999923706055,21.034000396728516
2022-11-23,21.084999084472656,21.59000015258789,21.084999084472656,21.35700035095215
2022-11-25,21.354999542236328,21.44499969482422,21.354999542236328,21.424999237060547
2022-11-28,20.90999984741211,20.90999984741211,20.90999984741211,20.90999984741211
2022-11-29,20.889999389648438,21.399999618530273,20.844999313354492,21.20400047302246
2022-11-30,21.170000076293945,22.145000457763672,21.165000915527344,21.549999237060547
2022-12-01,22.25,22.760000228881836,22.06999969482422,22.636999130249023
2022-12-02,22.770000457763672,23.219999313354492,22.3799991607666,23.038000106811523
2022-12-05,23.190000534057617,23.459999084472656,22.184999465942383,22.198999404907227
2022-12-06,22.225000381469727,22.479999542236328,22.0,22.12299919128418
2022-12-07,22.604999542236328,22.774999618530273,22.5,22.709999084472656
2022-12-08,22.684999465942383,23.062999725341797,22.575000762939453,23.062999725341797
2022-12-09,23.1200008392334,23.704999923706055,23.1200008392334,23.53499984741211
2022-12-12,23.420000076293945,23.514999389648438,23.219999313354492,23.219999313354492
2022-12-13,23.325000762939453,24.155000686645508,23.325000762939453,23.801000595092773
2022-12-14,23.7549991607666,24.079999923706055,23.5,23.945999145507812
2022-12-15,23.94499969482422,23.94499969482422,23.040000915527344,23.128000259399414
2022-12-16,23.100000381469727,23.21500015258789,23.05500030517578,23.150999069213867
2022-12-19,23.02899932861328,23.02899932861328,22.94499969482422,23.02899932861328
2022-12-20,23.084999084472656,24.170000076293945,23.084999084472656,24.0939998626709
2022-12-21,24.020000457763672,24.084999084472656,24.020000457763672,24.03499984741211
2022-12-22,24.049999237060547,24.049999237060547,23.454999923706055,23.47599983215332
2022-12-23,23.71500015258789,23.8799991607666,23.610000610351562,23.763999938964844
2022-12-27,24.114999771118164,24.139999389648438,24.040000915527344,24.040000915527344
2022-12-28,24.075000762939453,24.094999313354492,23.584999084472656,23.663000106811523
2022-12-29,23.584999084472656,24.077999114990234,23.579999923706055,24.077999114990234
2022-12-30,24.05500030517578,24.155000686645508,23.86199951171875,23.86199951171875
2023-01-03,24.454999923706055,24.530000686645508,23.979999542236328,24.05900001525879
2023-01-04,24.084999084472656,24.104999542236328,23.75,23.79199981689453
2023-01-05,23.5,23.5,23.145000457763672,23.257999420166016
2023-01-06,23.295000076293945,23.82200050354004,23.290000915527344,23.82200050354004
2023-01-09,23.711999893188477,23.711999893188477,23.711999893188477,23.711999893188477
2023-01-10,23.43000030517578,23.506999969482422,23.424999237060547,23.506999969482422
2023-01-11,23.549999237060547,23.80500030517578,23.184999465942383,23.32699966430664
2023-01-12,23.80500030517578,23.863000869750977,23.80500030517578,23.863000869750977
2023-01-13,23.889999389648438,24.231000900268555,23.5,24.231000900268555
2023-01-17,24.309999465942383,24.315000534057617,23.944000244140625,23.944000244140625
2023-01-18,24.25,24.260000228881836,23.530000686645508,23.530000686645508
2023-01-19,23.753999710083008,23.753999710083008,23.753999710083008,23.753999710083008
2023-01-20,23.829999923706055,23.829999923706055,23.829999923706055,23.829999923706055
2023-01-23,23.079999923706055,23.45199966430664,22.850000381469727,23.45199966430664
2023-01-24,23.434999465942383,23.704999923706055,23.25,23.64900016784668
2023-01-25,23.684999465942383,23.94499969482422,23.6200008392334,23.839000701904297
2023-01-26,23.9950008392334,24.184999465942383,23.780000686645508,23.93000030517578
2023-01-27,23.527000427246094,23.527000427246094,23.527000427246094,23.527000427246094
2023-01-30,23.69499969482422,23.790000915527344,23.645000457763672,23.645000457763672
2023-01-31,23.55500030517578,23.74799919128418,23.05500030517578,23.74799919128418
2023-02-01,23.520000457763672,23.834999084472656,23.510000228881836,23.520999908447266
2023-02-02,24.19499969482422,24.459999084472656,23.534000396728516,23.534000396728516
2023-02-03,22.5,22.5,22.333999633789062,22.333999633789062
2023-02-06,22.235000610351562,22.239999771118164,22.177000045776367,22.177000045776367
2023-02-07,22.117000579833984,22.117000579833984,22.117000579833984,22.117000579833984
2023-02-08,22.165000915527344,22.367000579833984,22.165000915527344,22.367000579833984
2023-02-09,22.097000122070312,22.097000122070312,21.94499969482422,22.097000122070312
2023-02-10,22.110000610351562,22.110000610351562,21.989999771118164,22.034000396728516
2023-02-13,21.780000686645508,21.975000381469727,21.780000686645508,21.81800079345703
2023-02-14,21.989999771118164,21.989999771118164,21.841999053955078,21.841999053955078
2023-02-15,21.84000015258789,21.844999313354492,21.54599952697754,21.54599952697754
2023-02-16,21.625,21.684999465942383,21.545000076293945,21.68400001525879
2023-02-17,21.69499969482422,21.725000381469727,21.694000244140625,21.694000244140625
2023-02-21,21.969999313354492,21.969999313354492,21.854999542236328,21.868999481201172
2023-02-22,21.8799991607666,21.885000228881836,21.660999298095703,21.660999298095703
2023-02-23,21.510000228881836,21.56999969482422,21.298999786376953,21.298999786376953
2023-02-24,21.329999923706055,21.329999923706055,20.805999755859375,20.805999755859375
2023-02-27,20.75,20.81999969482422,20.514999389648438,20.670000076293945
2023-02-28,20.639999389648438,21.010000228881836,20.475000381469727,20.961000442504883
2023-03-01,20.8799991607666,21.149999618530273,20.8799991607666,20.958999633789062
2023-03-02,20.915000915527344,20.915000915527344,20.735000610351562,20.766000747680664
2023-03-03,21.0,21.219999313354492,20.924999237060547,21.093000411987305
2023-03-06,21.174999237060547,21.219999313354492,20.979999542236328,20.983999252319336
2023-03-07,20.985000610351562,20.985000610351562,19.989999771118164,20.054000854492188
2023-03-08,20.03499984741211,20.139999389648438,19.829999923706055,20.0049991607666
2023-03-09,20.010000228881836,20.030000686645508,20.010000228881836,20.024999618530273
2023-03-10,20.375,20.375,20.375,20.375
2023-03-13,20.690000534057617,21.792999267578125,20.690000534057617,21.792999267578125
2023-03-14,21.510000228881836,21.929000854492188,21.5,21.929000854492188
2023-03-15,21.600000381469727,22.079999923706055,21.600000381469727,21.77400016784668
2023-03-16,21.854999542236328,21.860000610351562,21.579999923706055,21.58799934387207
2023-03-17,21.75,22.35099983215332,21.75,22.35099983215332
2023-03-20,22.6299991607666,22.719999313354492,22.415000915527344,22.533000946044922
2023-03-21,22.56999969482422,22.600000381469727,22.204999923706055,22.323999404907227
2023-03-22,22.68000030517578,23.065000534057617,22.649999618530273,22.674999237060547
2023-03-23,23.143999099731445,23.143999099731445,23.143999099731445,23.143999099731445
2023-03-24,23.246999740600586,23.246999740600586,23.246999740600586,23.246999740600586
2023-03-27,23.054000854492188,23.054000854492188,23.054000854492188,23.054000854492188
2023-03-28,23.094999313354492,23.323999404907227,23.094999313354492,23.323999404907227
2023-03-29,23.375999450683594,23.375999450683594,23.375999450683594,23.375999450683594
2023-03-30,23.985000610351562,23.985000610351562,23.604999542236328,23.902000427246094
2023-03-31,23.8700008392334,24.165000915527344,23.8700008392334,24.076000213623047
2023-04-03,23.725000381469727,24.06999969482422,23.69499969482422,23.94099998474121
2023-04-04,24.415000915527344,25.084999084472656,24.415000915527344,25.02199935913086
2023-04-05,25.114999771118164,25.145000457763672,24.790000915527344,24.96299934387207
2023-04-06,24.670000076293945,25.030000686645508,24.670000076293945,25.024999618530273
2023-04-10,24.850000381469727,24.850000381469727,24.84600067138672,24.84600067138672
2023-04-11,24.959999084472656,25.15999984741211,24.959999084472656,25.131000518798828
2023-04-12,25.165000915527344,25.584999084472656,25.165000915527344,25.40399932861328
2023-04-13,25.540000915527344,25.950000762939453,25.540000915527344,25.874000549316406
2023-04-14,25.799999237060547,25.899999618530273,25.34000015258789,25.423999786376953
2023-04-17,25.05299949645996,25.05299949645996,25.05299949645996,25.05299949645996
2023-04-18,25.18000030517578,25.299999237060547,25.15999984741211,25.24799919128418
2023-04-19,24.80500030517578,25.365999221801758,24.80500030517578,25.365999221801758
2023-04-20,25.229999542236328,25.368000030517578,25.225000381469727,25.368000030517578
2023-04-21,25.165000915527344,25.18000030517578,25.05299949645996,25.05299949645996
2023-04-24,25.049999237060547,25.305999755859375,25.024999618530273,25.305999755859375
2023-04-25,25.19499969482422,25.19499969482422,24.75,24.87700080871582
2023-04-26,25.1299991607666,25.1299991607666,24.871000289916992,24.871000289916992
2023-04-27,24.975000381469727,25.209999084472656,24.565000534057617,24.982999801635742
2023-04-28,24.954999923706055,25.110000610351562,24.78499984741211,24.999000549316406
2023-05-01,25.06999969482422,25.959999084472656,25.009000778198242,25.009000778198242
2023-05-02,24.735000610351562,25.520000457763672,24.600000381469727,25.40399932861328
2023-05-03,25.424999237060547,25.594999313354492,25.190000534057617,25.47599983215332
2023-05-04,25.7549991607666,26.079999923706055,25.579999923706055,26.03499984741211
2023-05-05,26.200000762939453,26.200000762939453,25.264999389648438,25.743000030517578
2023-05-08,25.719999313354492,25.719999313354492,25.63599967956543,25.63599967956543
2023-05-09,25.5,25.71500015258789,25.44499969482422,25.697999954223633
2023-05-10,25.579999923706055,25.975000381469727,25.3700008392334,25.461000442504883
2023-05-11,25.18000030517578,25.21500015258789,24.170000076293945,24.2549991607666
2023-05-12,23.780000686645508,24.209999084472656,23.780000686645508,23.992000579833984
2023-05-15,24.065000534057617,24.139999389648438,23.915000915527344,24.12700080871582
2023-05-16,23.90999984741211,24.024999618530273,23.73699951171875,23.73699951171875
2023-05-17,23.579999923706055,23.815000534057617,23.579999923706055,23.75200080871582
2023-05-18,23.46500015258789,23.579999923706055,23.375,23.4950008392334
2023-05-19,23.920000076293945,23.950000762939453,23.920000076293945,23.920000076293945
2023-05-22,23.674999237060547,23.71500015258789,23.674999237060547,23.71500015258789
2023-05-23,23.5,23.6299991607666,23.149999618530273,23.474000930786133
2023-05-24,23.434999465942383,23.479999542236328,23.065000534057617,23.114999771118164
2023-05-25,22.8700008392334,22.985000610351562,22.785999298095703,22.785999298095703
2023-05-26,23.1299991607666,23.239999771118164,23.114999771118164,23.239999771118164
2023-05-30,23.28499984741211,23.3700008392334,22.93000030517578,23.125
2023-05-31,23.329999923706055,23.579999923706055,23.329999923706055,23.474000930786133
2023-06-01,23.875,23.875,23.875,23.875
2023-06-02,23.84000015258789,23.84000015258789,23.64299964904785,23.64299964904785
2023-06-05,23.534000396728516,23.534000396728516,23.534000396728516,23.534000396728516
2023-06-06,23.573999404907227,23.573999404907227,23.573999404907227,23.573999404907227
2023-06-07,23.43899917602539,23.43899917602539,23.43899917602539,23.43899917602539
2023-06-08,23.520000457763672,24.263999938964844,23.520000457763672,24.263999938964844
2023-06-09,24.389999389648438,24.389999389648438,24.333999633789062,24.333999633789062
2023-06-12,24.28499984741211,24.28499984741211,23.985000610351562,23.985000610351562
2023-06-13,23.756000518798828,23.756000518798828,23.756000518798828,23.756000518798828
2023-06-14,24.04400062561035,24.04400062561035,24.04400062561035,24.04400062561035
2023-06-15,23.891000747680664,23.891000747680664,23.891000747680664,23.891000747680664
2023-06-16,24.076000213623047,24.076000213623047,24.076000213623047,24.076000213623047
2023-06-20,23.19300079345703,23.19300079345703,23.19300079345703,23.19300079345703
2023-06-21,22.77400016784668,22.77400016784668,22.77400016784668,22.77400016784668
2023-06-22,22.43600082397461,22.43600082397461,22.43600082397461,22.43600082397461
2023-06-23,22.327999114990234,22.327999114990234,22.327999114990234,22.327999114990234
2023-06-26,22.80500030517578,22.850000381469727,22.80500030517578,22.80500030517578
2023-06-27,22.93899917602539,22.93899917602539,22.93899917602539,22.93899917602539
2023-06-28,22.864999771118164,22.868000030517578,22.864999771118164,22.868000030517578
2023-06-29,22.7450008392334,22.905000686645508,22.299999237060547,22.590999603271484
2023-06-30,22.530000686645508,22.809999465942383,22.344999313354492,22.809999465942383
2023-07-03,22.764999389648438,23.0049991607666,22.704999923706055,22.895999908447266
2023-07-05,22.920000076293945,23.315000534057617,22.920000076293945,23.19700050354004
2023-07-06,23.155000686645508,23.239999771118164,22.68600082397461,22.68600082397461
2023-07-07,22.860000610351562,23.110000610351562,22.860000610351562,23.091999053955078
2023-07-10,23.049999237060547,23.150999069213867,22.760000228881836,23.150999069213867
2023-07-11,23.225000381469727,23.30500030517578,23.086000442504883,23.086000442504883
2023-07-12,23.139999389648438,24.118999481201172,23.139999389648438,24.118999481201172
2023-07-13,24.299999237060547,24.815000534057617,24.299999237060547,24.76799964904785
2023-07-14,24.90999984741211,25.013999938964844,24.799999237060547,25.013999938964844
2023-07-17,24.920000076293945,24.920000076293945,24.84000015258789,24.8439998626709
2023-07-18,24.96500015258789,25.100000381469727,24.96500015258789,25.083999633789062
2023-07-19,25.25,25.25,25.045000076293945,25.2189998626709
2023-07-20,25.280000686645508,25.280000686645508,24.80500030517578,24.80500030517578
2023-07-21,24.697999954223633,24.697999954223633,24.697999954223633,24.697999954223633
2023-07-24,24.43600082397461,24.43600082397461,24.43600082397461,24.43600082397461
2023-07-25,24.545000076293945,24.735000610351562,24.545000076293945,24.68000030517578
2023-07-26,24.604999542236328,24.825000762939453,24.604999542236328,24.825000762939453
2023-07-27,24.236000061035156,24.236000061035156,24.236000061035156,24.236000061035156
2023-07-28,24.229999542236328,24.3700008392334,24.21500015258789,24.3700008392334
2023-07-31,24.209999084472656,24.854000091552734,24.209999084472656,24.854000091552734
2023-08-01,24.579999923706055,24.579999923706055,24.184999465942383,24.20800018310547
2023-08-02,24.149999618530273,24.149999618530273,23.753999710083008,23.753999710083008
2023-08-03,23.584999084472656,23.610000610351562,23.43000030517578,23.586000442504883
2023-08-04,23.600000381469727,23.625,23.375,23.617000579833984
2023-08-07,23.475000381469727,23.475000381469727,23.06999969482422,23.142000198364258
2023-08-08,22.959999084472656,22.96500015258789,22.716999053955078,22.716999053955078
2023-08-09,22.649999618530273,22.649999618530273,22.649999618530273,22.649999618530273
2023-08-10,22.746000289916992,22.746000289916992,22.746000289916992,22.746000289916992
2023-08-11,22.673999786376953,22.673999786376953,22.673999786376953,22.673999786376953
2023-08-14,22.405000686645508,22.643999099731445,22.405000686645508,22.643999099731445
2023-08-15,22.454999923706055,22.594999313354492,22.454999923706055,22.594999313354492
2023-08-16,22.655000686645508,22.655000686645508,22.479999542236328,22.479999542236328
2023-08-17,22.600000381469727,22.954999923706055,22.600000381469727,22.670000076293945
2023-08-18,22.69499969482422,22.69499969482422,22.69499969482422,22.69499969482422
2023-08-21,22.78499984741211,23.304000854492188,22.78499984741211,23.304000854492188
2023-08-22,23.344999313354492,23.420000076293945,23.344999313354492,23.420000076293945
2023-08-23,24.363000869750977,24.363000869750977,24.363000869750977,24.363000869750977
2023-08-24,24.28499984741211,24.309999465942383,24.211000442504883,24.211000442504883
2023-08-25,24.079999923706055,24.219999313354492,24.079999923706055,24.219999313354492
2023-08-28,24.238000869750977,24.238000869750977,24.238000869750977,24.238000869750977
2023-08-29,24.777000427246094,24.777000427246094,24.777000427246094,24.777000427246094
2023-08-30,24.780000686645508,25.059999465942383,24.56999969482422,24.733999252319336
2023-08-31,24.665000915527344,24.700000762939453,24.450000762939453,24.472000122070312
2023-09-01,24.489999771118164,24.84000015258789,24.204999923706055,24.23200035095215
2023-09-05,24.204999923706055,24.325000762939453,23.53499984741211,23.558000564575195
2023-09-06,23.514999389648438,23.6200008392334,23.135000228881836,23.20599937438965
2023-09-07,23.09000015258789,23.125,22.905000686645508,22.950000762939453
2023-09-08,23.104999542236328,23.145000457763672,22.892000198364258,22.892000198364258
2023-09-11,22.924999237060547,23.139999389648438,22.924999237060547,23.10300064086914
2023-09-12,22.94499969482422,23.12700080871582,22.93000030517578,23.12700080871582
2023-09-13,22.825000762939453,22.915000915527344,22.81999969482422,22.91200065612793
2023-09-14,22.614999771118164,22.74799919128418,22.579999923706055,22.74799919128418
2023-09-15,22.709999084472656,23.184999465942383,22.709999084472656,23.125999450683594
2023-09-18,23.23200035095215,23.23200035095215,23.23200035095215,23.23200035095215
2023-09-19,23.194000244140625,23.194000244140625,23.194000244140625,23.194000244140625
2023-09-20,23.350000381469727,23.57900047302246,23.350000381469727,23.57900047302246
2023-09-21,23.030000686645508,23.444000244140625,23.030000686645508,23.444000244140625
2023-09-22,23.700000762939453,23.700000762939453,23.59600067138672,23.59600067138672
2023-09-25,23.59000015258789,23.610000610351562,23.145000457763672,23.145000457763672
2023-09-26,22.950000762939453,22.950000762939453,22.950000762939453,22.950000762939453
2023-09-27,22.476999282836914,22.476999282836914,22.476999282836914,22.476999282836914
2023-09-28,22.549999237060547,22.614999771118164,22.399999618530273,22.514999389648438
2023-09-29,22.774999618530273,23.459999084472656,22.236000061035156,22.236000061035156
2023-10-02,22.165000915527344,22.174999237060547,21.218000411987305,21.218000411987305
2023-10-03,20.979999542236328,21.17799949645996,20.78499984741211,21.17799949645996
2023-10-04,21.184999465942383,21.184999465942383,20.760000228881836,20.95599937438965
2023-10-05,21.075000762939453,21.075000762939453,20.847999572753906,20.847999572753906
2023-10-06,20.985000610351562,21.540000915527344,20.924999237060547,21.540000915527344
2023-10-09,21.740999221801758,21.740999221801758,21.740999221801758,21.740999221801758
2023-10-10,21.850000381469727,21.860000610351562,21.71500015258789,21.775999069213867
2023-10-11,21.957000732421875,21.957000732421875,21.957000732421875,21.957000732421875
2023-10-12,22.06999969482422,22.19499969482422,21.79199981689453,21.79199981689453
2023-10-13,22.475000381469727,22.726999282836914,22.475000381469727,22.726999282836914
2023-10-16,22.604999542236328,22.610000610351562,22.604999542236328,22.610000610351562
2023-10-17,22.700000762939453,22.863000869750977,22.649999618530273,22.863000869750977
2023-10-18,22.790000915527344,22.944000244140625,22.764999389648438,22.944000244140625
2023-10-19,22.770000457763672,22.886999130249023,22.770000457763672,22.886999130249023
2023-10-20,23.559999465942383,23.6299991607666,23.35099983215332,23.35099983215332
2023-10-23,23.225000381469727,23.239999771118164,23.07200050354004,23.07200050354004
2023-10-24,22.850000381469727,22.979999542236328,22.850000381469727,22.979999542236328
2023-10-25,22.780000686645508,22.87700080871582,22.579999923706055,22.87700080871582
2023-10-26,22.975000381469727,22.989999771118164,22.78700065612793,22.78700065612793
2023-10-27,22.770000457763672,22.770000457763672,22.770000457763672,22.770000457763672
2023-10-30,23.15999984741211,23.565000534057617,23.094999313354492,23.281999588012695
2023-10-31,23.295000076293945,23.30500030517578,22.840999603271484,22.840999603271484
2023-11-01,22.645000457763672,23.010000228881836,22.639999389648438,22.684999465942383
2023-11-02,22.750999450683594,22.750999450683594,22.750999450683594,22.750999450683594
2023-11-03,23.201000213623047,23.201000213623047,23.201000213623047,23.201000213623047
2023-11-06,23.14900016784668,23.14900016784668,23.14900016784668,23.14900016784668
2023-11-07,22.774999618530273,22.774999618530273,22.5049991607666,22.507999420166016
2023-11-08,22.329999923706055,22.739999771118164,22.329999923706055,22.64699935913086
2023-11-09,22.520000457763672,22.924999237060547,22.5049991607666,22.83099937438965
2023-11-10,22.6200008392334,22.6200008392334,22.21500015258789,22.21500015258789
2023-11-13,22.084999084472656,22.298999786376953,22.010000228881836,22.298999786376953
2023-11-14,22.334999084472656,23.165000915527344,22.260000228881836,23.07900047302246
2023-11-15,23.485000610351562,23.485000610351562,23.485000610351562,23.485000610351562
2023-11-16,23.575000762939453,23.895000457763672,23.575000762939453,23.892000198364258
2023-11-17,23.905000686645508,24.155000686645508,23.80900001525879,23.80900001525879
2023-11-20,23.459999084472656,23.57900047302246,23.459999084472656,23.57900047302246
2023-11-21,23.764999389648438,23.843000411987305,23.764999389648438,23.843000411987305
2023-11-22,23.672000885009766,23.672000885009766,23.672000885009766,23.672000885009766
2023-11-24,24.315000534057617,24.32900047302246,24.260000228881836,24.32900047302246
2023-11-27,24.80500030517578,24.850000381469727,24.672000885009766,24.672000885009766
2023-11-28,24.93000030517578,24.93000030517578,24.93000030517578,24.93000030517578
2023-11-29,25.049999237060547,25.30500030517578,24.850000381469727,25.07200050354004
2023-11-30,25.03499984741211,25.325000762939453,24.96500015258789,25.292999267578125
2023-12-01,25.399999618530273,25.565000534057617,25.155000686645508,25.499000549316406
2023-12-04,25.59000015258789,25.934999465942383,24.450000762939453,24.55500030517578
2023-12-05,24.55500030517578,24.655000686645508,24.0,24.201000213623047
2023-12-06,24.18000030517578,24.354999542236328,23.888999938964844,23.888999938964844
2023-12-07,23.920000076293945,23.934999465942383,23.73200035095215,23.73200035095215
2023-12-08,23.815000534057617,23.815000534057617,22.969999313354492,22.97100067138672
2023-12-11,23.049999237060547,23.049999237060547,22.7549991607666,22.773000717163086
2023-12-12,22.78499984741211,22.78499984741211,22.72800064086914,22.72800064086914
2023-12-13,22.809999465942383,23.665000915527344,22.524999618530273,22.638999938964844
2023-12-14,23.764999389648438,24.204999923706055,23.764999389648438,24.09600067138672
2023-12-15,24.0049991607666,24.010000228881836,23.8700008392334,23.8700008392334
2023-12-18,23.83099937438965,23.83099937438965,23.81999969482422,23.83099937438965
2023-12-19,23.96500015258789,24.065000534057617,23.959999084472656,24.040000915527344
2023-12-20,24.079999923706055,24.385000228881836,23.96500015258789,24.347000122070312
2023-12-21,24.329999923706055,24.3700008392334,24.30699920654297,24.30699920654297
2023-12-22,24.520000457763672,24.575000762939453,24.165000915527344,24.290000915527344
2023-12-26,24.28499984741211,24.28499984741211,24.09000015258789,24.143999099731445
2023-12-27,24.235000610351562,24.375,24.149999618530273,24.375
2023-12-28,24.34000015258789,24.420000076293945,24.0,24.134000778198242
2023-12-29,23.885000228881836,23.885000228881836,23.55500030517578,23.85300064086914
2024-01-02,23.844999313354492,24.06999969482422,23.732999801635742,23.732999801635742
2024-01-03,23.264999389648438,23.264999389648438,22.93000030517578,22.945999145507812
2024-01-04,22.93000030517578,23.045000076293945,22.704999923706055,22.98900032043457
2024-01-05,23.065000534057617,23.121999740600586,22.864999771118164,23.121999740600586
2024-01-08,22.989999771118164,23.1200008392334,22.834999084472656,23.1200008392334
2024-01-09,23.139999389648438,23.139999389648438,22.90399932861328,22.90399932861328
2024-01-10,23.0,23.0,22.799999237060547,22.884000778198242
2024-01-11,22.959999084472656,23.084999084472656,22.53499984741211,22.53700065612793
2024-01-12,22.825000762939453,23.3799991607666,22.825000762939453,23.16200065612793
2024-01-16,22.933000564575195,22.933000564575195,22.933000564575195,22.933000564575195
2024-01-17,22.90999984741211,22.90999984741211,22.510000228881836,22.516000747680664
2024-01-18,22.639999389648438,22.66699981689453,22.59000015258789,22.66699981689453
2024-01-19,22.514999389648438,22.570999145507812,22.514999389648438,22.570999145507812
2024-01-22,22.0049991607666,22.163000106811523,21.924999237060547,22.163000106811523
2024-01-23,22.333999633789062,22.333999633789062,22.333999633789062,22.333999633789062
2024-01-24,22.854999542236328,22.90999984741211,22.7549991607666,22.7549991607666
2024-01-25,22.8700008392334,22.8700008392334,22.808000564575195,22.808000564575195
2024-01-26,22.760000228881836,22.84000015258789,22.7549991607666,22.7549991607666
2024-01-29,23.094999313354492,23.204999923706055,23.094999313354492,23.13800048828125
2024-01-30,23.204999923706055,23.274999618530273,23.065000534057617,23.10700035095215
2024-01-31,23.051000595092773,23.051000595092773,23.051000595092773,23.051000595092773
2024-02-01,22.875,23.1299991607666,22.549999237060547,23.1299991607666
2024-02-02,23.125,23.155000686645508,22.55500030517578,22.701000213623047
2024-02-05,22.489999771118164,22.489999771118164,22.28499984741211,22.334999084472656
2024-02-06,22.454999923706055,22.454999923706055,22.334999084472656,22.39299964904785
2024-02-07,22.34000015258789,22.405000686645508,22.277999877929688,22.277999877929688
2024-02-08,22.489999771118164,22.565000534057617,22.299999237060547,22.565000534057617
2024-02-09,22.405000686645508,22.565000534057617,22.405000686645508,22.527999877929688
2024-02-12,22.649999618530273,22.725000381469727,22.649999618530273,22.708999633789062
2024-02-13,22.09600067138672,22.09600067138672,22.09600067138672,22.09600067138672
2024-02-14,22.03499984741211,22.33099937438965,22.0049991607666,22.33099937438965
2024-02-15,22.610000610351562,22.920000076293945,22.610000610351562,22.91200065612793
2024-02-16,23.43899917602539,23.43899917602539,23.43899917602539,23.43899917602539
2024-02-20,23.149999618530273,23.149999618530273,23.106000900268555,23.106000900268555
2024-02-21,23.190000534057617,23.19499969482422,22.85099983215332,22.85099983215332
2024-02-22,22.764999389648438,22.764999389648438,22.764999389648438,22.764999389648438
2024-02-23,22.9689998626709,22.9689998626709,22.9689998626709,22.9689998626709
2024-02-26,22.594999313354492,22.594999313354492,22.517000198364258,22.517000198364258
2024-02-27,22.523000717163086,22.523000717163086,22.523000717163086,22.523000717163086
2024-02-28,22.44499969482422,22.5,22.2450008392334,22.40999984741211
2024-02-29,22.440000534057617,22.774999618530273,22.295000076293945,22.666000366210938
2024-03-01,22.655000686645508,23.25,22.56999969482422,23.149999618530273
2024-03-04,23.155000686645508,23.93000030517578,23.06999969482422,23.77899932861328
2024-03-05,23.704999923706055,24.200000762939453,23.665000915527344,23.76300048828125
2024-03-06,23.635000228881836,24.27199935913086,23.594999313354492,24.27199935913086
2024-03-07,24.165000915527344,24.514999389648438,24.139999389648438,24.3700008392334
2024-03-08,24.5049991607666,24.5049991607666,24.299999237060547,24.339000701904297
2024-03-11,24.385000228881836,24.511999130249023,24.3700008392334,24.511999130249023
2024-03-12,24.46500015258789,24.5049991607666,24.194000244140625,24.194000244140625
2024-03-13,24.21500015258789,24.958999633789062,24.21500015258789,24.958999633789062
2024-03-14,24.875,24.979999542236328,24.874000549316406,24.874000549316406
2024-03-15,24.834999084472656,25.420000076293945,24.825000762939453,25.200000762939453
2024-03-18,25.15999984741211,25.2450008392334,25.090999603271484,25.090999603271484
2024-03-19,25.170000076293945,25.170000076293945,24.94499969482422,24.964000701904297
2024-03-20,24.933000564575195,24.933000564575195,24.933000564575195,24.933000564575195
2024-03-21,25.625,25.735000610351562,24.849000930786133,24.849000930786133
2024-03-22,24.75,24.75,24.65999984741211,24.691999435424805
2024-03-25,24.815000534057617,24.844999313354492,24.719999313354492,24.7450008392334
2024-03-26,24.639999389648438,24.649999618530273,24.482999801635742,24.482999801635742
2024-03-27,24.424999237060547,24.625,24.424999237060547,24.625
2024-03-28,24.684999465942383,24.90999984741211,24.684999465942383,24.797000885009766
2024-04-01,25.25,25.344999313354492,24.809999465942383,24.95400047302246
2024-04-02,25.299999237060547,25.854999542236328,25.270000457763672,25.804000854492188
2024-04-03,26.2549991607666,27.065000534057617,26.209999084472656,26.94499969482422
2024-04-04,27.229999542236328,27.270000457763672,26.790000915527344,27.139999389648438
2024-04-05,26.489999771118164,27.40999984741211,26.489999771118164,27.399999618530273
2024-04-08,27.80500030517578,27.93000030517578,27.711999893188477,27.711999893188477
2024-04-09,28.1200008392334,28.1200008392334,27.891000747680664,27.891000747680664
2024-04-10,27.764999389648438,27.985000610351562,27.764999389648438,27.961000442504883
2024-04-11,28.1299991607666,28.514999389648438,28.0,28.176000595092773
2024-04-12,28.510000228881836,29.80500030517578,28.2549991607666,28.2549991607666
2024-04-15,28.25,28.650999069213867,27.770000457763672,28.650999069213867
2024-04-16,28.354999542236328,28.354999542236328,28.235000610351562,28.31800079345703
2024-04-17,28.510000228881836,28.510000228881836,28.309999465942383,28.34600067138672
2024-04-18,28.32900047302246,28.32900047302246,28.32900047302246,28.32900047302246
2024-04-19,28.5049991607666,28.808000564575195,28.21500015258789,28.808000564575195
2024-04-22,27.21299934387207,27.21299934387207,27.21299934387207,27.21299934387207
2024-04-23,27.135000228881836,27.40999984741211,27.135000228881836,27.33099937438965
2024-04-24,27.139999389648438,27.323999404907227,27.1299991607666,27.323999404907227
2024-04-25,27.341999053955078,27.341999053955078,27.341999053955078,27.341999053955078
2024-04-26,27.240999221801758,27.240999221801758,27.240999221801758,27.240999221801758
2024-04-29,27.200000762939453,27.440000534057617,26.959999084472656,27.37299919128418
2024-04-30,27.155000686645508,27.165000915527344,26.299999237060547,26.391000747680664
2024-05-01,26.28499984741211,26.94499969482422,26.28499984741211,26.48900032043457
2024-05-02,26.71500015258789,26.795000076293945,26.03499984741211,26.58300018310547
2024-05-03,26.6299991607666,26.78499984741211,26.15999984741211,26.44499969482422
2024-05-06,26.950000762939453,27.389999389648438,26.950000762939453,27.368999481201172
2024-05-07,27.299999237060547,27.44499969482422,27.280000686645508,27.30299949645996
2024-05-08,27.264999389648438,27.420000076293945,27.264999389648438,27.361000061035156
2024-05-09,27.604999542236328,28.200000762939453,27.600000381469727,28.131999969482422
2024-05-10,28.594999313354492,28.594999313354492,28.229999542236328,28.274999618530273
2024-05-13,28.059999465942383,28.344999313354492,28.03499984741211,28.22100067138672
2024-05-14,28.270000457763672,28.610000610351562,28.110000610351562,28.485000610351562
2024-05-15,28.610000610351562,29.513999938964844,28.610000610351562,29.513999938964844
2024-05-16,29.8799991607666,29.8799991607666,29.5,29.665000915527344
2024-05-17,29.760000228881836,31.604999542236328,29.760000228881836,31.047000885009766
2024-05-20,30.9950008392334,32.20500183105469,30.9950008392334,32.20500183105469
2024-05-21,32.494998931884766,32.5,31.405000686645508,31.868000030517578
2024-05-22,32.029998779296875,32.029998779296875,31.15999984741211,31.295000076293945
2024-05-23,30.344999313354492,30.709999084472656,30.1299991607666,30.284000396728516
2024-05-24,30.3700008392334,30.3700008392334,30.329999923706055,30.329999923706055
2024-05-28,31.540000915527344,32.1150016784668,31.5049991607666,31.97100067138672
2024-05-29,32.202999114990234,32.202999114990234,32.202999114990234,32.202999114990234
2024-05-30,32.0,32.04999923706055,31.110000610351562,31.38800048828125
2024-05-31,30.424999237060547,30.489999771118164,30.297000885009766,30.297000885009766
2024-06-03,30.440000534057617,30.641000747680664,29.850000381469727,30.641000747680664
2024-06-04,29.7549991607666,29.9950008392334,29.469999313354492,29.488000869750977
2024-06-05,29.549999237060547,29.969999313354492,29.549999237060547,29.947999954223633
2024-06-06,30.559999465942383,31.31999969482422,30.559999465942383,31.246999740600586
2024-06-07,31.524999618530273,31.524999618530273,29.299999237060547,29.334999084472656
2024-06-10,29.59000015258789,29.768999099731445,29.479999542236328,29.768999099731445
2024-06-11,29.155000686645508,29.5049991607666,29.132999420166016,29.132999420166016
2024-06-12,30.176000595092773,30.176000595092773,29.75,30.176000595092773
2024-06-13,29.125,29.325000762939453,28.815000534057617,28.989999771118164
2024-06-14,29.385000228881836,29.540000915527344,29.385000228881836,29.402000427246094
2024-06-17,29.325000762939453,29.325000762939453,29.325000762939453,29.325000762939453
2024-06-18,29.0049991607666,29.5049991607666,28.954999923706055,29.5049991607666
2024-06-20,29.5,30.775999069213867,29.5,30.775999069213867
2024-06-21,30.5,30.510000228881836,29.572999954223633,29.572999954223633
2024-06-24,29.5,29.5,29.48900032043457,29.48900032043457
2024-06-25,29.5,29.5,28.836999893188477,28.836999893188477
2024-06-26,28.909000396728516,28.909000396728516,28.909000396728516,28.909000396728516
2024-06-27,28.770000457763672,29.225000381469727,28.665000915527344,28.917999267578125
2024-06-28,28.940000534057617,29.579999923706055,28.81999969482422,29.23699951171875
2024-07-01,29.100000381469727,29.440000534057617,29.0,29.299999237060547
2024-07-02,29.309999465942383,29.6200008392334,29.225000381469727,29.35300064086914
2024-07-03,29.594999313354492,30.549999237060547,29.540000915527344,30.54800033569336
2024-07-05,30.264999389648438,31.469999313354492,30.165000915527344,31.38800048828125
2024-07-08,31.200000762939453,31.200000762939453,30.618000030517578,30.618000030517578
2024-07-09,30.77199935913086,30.77199935913086,30.77199935913086,30.77199935913086
2024-07-10,30.770000457763672,30.770000457763672,30.726999282836914,30.726999282836914
2024-07-11,30.940000534057617,31.704999923706055,30.905000686645508,31.393999099731445
2024-07-12,31.364999771118164,31.364999771118164,30.459999084472656,30.88599967956543
2024-07-15,30.690000534057617,31.0049991607666,30.594999313354492,30.672000885009766
2024-07-16,30.809999465942383,31.30500030517578,30.780000686645508,31.19499969482422
2024-07-17,31.204999923706055,31.28499984741211,30.136999130249023,30.136999130249023
2024-07-18,30.5049991607666,30.5049991607666,29.989999771118164,29.9950008392334
2024-07-19,29.75,29.75,28.899999618530273,29.08799934387207
2024-07-22,29.170000076293945,29.170000076293945,28.780000686645508,29.124000549316406
2024-07-23,29.0,29.131999969482422,28.799999237060547,29.131999969482422
2024-07-24,29.115999221801758,29.115999221801758,28.985000610351562,29.115999221801758
2024-07-25,28.700000762939453,28.700000762939453,27.549999237060547,27.80699920654297
2024-07-26,28.010000228881836,28.010000228881836,27.739999771118164,27.860000610351562
2024-07-29,28.049999237060547,28.049999237060547,27.702999114990234,27.702999114990234
2024-07-30,27.825000762939453,28.364999771118164,27.799999237060547,28.364999771118164
2024-07-31,28.71500015258789,28.885000228881836,28.71500015258789,28.777999877929688
2024-08-01,28.94499969482422,28.94499969482422,28.33099937438965,28.33099937438965
2024-08-02,28.899999618530273,28.93000030517578,28.246000289916992,28.246000289916992
2024-08-05,28.165000915527344,28.559999465942383,26.84000015258789,27.076000213623047
2024-08-06,27.21500015258789,27.229999542236328,27.09600067138672,27.09600067138672
2024-08-07,26.915000915527344,26.915000915527344,26.69499969482422,26.829999923706055
2024-08-08,27.05500030517578,27.5049991607666,27.05500030517578,27.5
2024-08-09,27.48699951171875,27.48699951171875,27.48699951171875,27.48699951171875
2024-08-12,27.84000015258789,27.924999237060547,27.780000686645508,27.91699981689453
2024-08-13,27.69499969482422,27.69499969482422,27.69499969482422,27.69499969482422
2024-08-14,27.253999710083008,27.253999710083008,27.253999710083008,27.253999710083008
2024-08-15,28.145000457763672,28.341999053955078,28.145000457763672,28.341999053955078
2024-08-16,28.777999877929688,28.777999877929688,28.777999877929688,28.777999877929688
2024-08-19,29.239999771118164,29.239999771118164,29.239999771118164,29.239999771118164
2024-08-20,29.854999542236328,29.954999923706055,29.454999923706055,29.454999923706055
2024-08-21,29.47599983215332,29.47599983215332,29.47599983215332,29.47599983215332
2024-08-22,29.44499969482422,29.450000762939453,29.0,29.006000518798828
2024-08-23,29.785999298095703,29.785999298095703,29.785999298095703,29.785999298095703
2024-08-26,30.104999542236328,30.104999542236328,29.905000686645508,29.976999282836914
2024-08-27,29.951000213623047,29.985000610351562,29.951000213623047,29.951000213623047
2024-08-28,29.176000595092773,29.176000595092773,29.176000595092773,29.176000595092773
2024-08-29,29.110000610351562,29.655000686645508,29.110000610351562,29.55699920654297
2024-08-30,29.3799991607666,29.55500030517578,28.709999084472656,28.731000900268555
2024-09-03,28.354999542236328,28.565000534057617,27.69499969482422,27.951000213623047
2024-09-04,27.885000228881836,28.21500015258789,27.885000228881836,28.16699981689453
2024-09-05,28.19499969482422,28.770000457763672,28.19499969482422,28.719999313354492
2024-09-06,28.584999084472656,28.584999084472656,27.808000564575195,27.808000564575195
2024-09-09,28.084999084472656,28.34000015258789,28.049999237060547,28.291000366210938
2024-09-10,28.2450008392334,28.256999969482422,28.204999923706055,28.256999969482422
2024-09-11,28.4950008392334,28.68000030517578,28.4950008392334,28.562999725341797
2024-09-12,28.80500030517578,29.799999237060547,28.790000915527344,29.743000030517578
2024-09-13,29.979999542236328,30.770000457763672,29.979999542236328,30.698999404907227
2024-09-16,30.885000228881836,31.014999389648438,30.764999389648438,30.770999908447266
2024-09-17,30.618999481201172,30.700000762939453,30.618999481201172,30.618999481201172
2024-09-18,30.65999984741211,30.729999542236328,30.299999237060547,30.340999603271484
2024-09-19,30.049999237060547,31.0939998626709,30.049999237060547,31.0939998626709
2024-09-20,31.065000534057617,31.200000762939453,31.065000534057617,31.176000595092773
2024-09-23,30.6299991607666,30.864999771118164,30.6299991607666,30.767000198364258
2024-09-24,30.860000610351562,32.111000061035156,30.825000762939453,32.111000061035156
2024-09-25,31.80500030517578,31.989999771118164,31.697999954223633,31.697999954223633
2024-09-26,32.23500061035156,32.25,32.025001525878906,32.025001525878906
2024-09-27,31.815000534057617,32.13999938964844,31.44499969482422,31.518999099731445
2024-09-30,31.604999542236328,31.604999542236328,31.1200008392334,31.163999557495117
2024-10-01,31.350000381469727,31.594999313354492,31.309999465942383,31.44499969482422
2024-10-02,31.05500030517578,31.700000762939453,31.05500030517578,31.628000259399414
2024-10-03,31.459999084472656,32.18899917602539,31.440000534057617,32.18899917602539
2024-10-04,32.095001220703125,32.86000061035156,31.610000610351562,32.12799835205078
2024-10-07,31.59000015258789,31.7450008392334,31.59000015258789,31.7450008392334
2024-10-08,31.385000228881836,31.385000228881836,30.354999542236328,30.354999542236328
2024-10-09,30.485000610351562,30.485000610351562,30.424999237060547,30.424999237060547
2024-10-10,31.0049991607666,31.0049991607666,31.0049991607666,31.0049991607666
2024-10-11,31.53499984741211,31.53499984741211,31.520000457763672,31.520000457763672
2024-10-14,31.08300018310547,31.200000762939453,31.08300018310547,31.08300018310547
2024-10-15,31.527000427246094,31.527000427246094,31.527000427246094,31.527000427246094
2024-10-16,31.649999618530273,31.760000228881836,31.645000457763672,31.760000228881836
2024-10-17,31.68000030517578,31.854999542236328,31.572999954223633,31.572999954223633
2024-10-18,33.03200149536133,33.68000030517578,33.03200149536133,33.03200149536133
2024-10-21,33.8650016784668,34.255001068115234,33.8650016784668,33.86899948120117
2024-10-22,34.474998474121094,34.834999084472656,34.42499923706055,34.83100128173828
2024-10-23,34.55500030517578,34.55500030517578,33.63999938964844,33.63999938964844
2024-10-24,34.13999938964844,34.13999938964844,33.611000061035156,33.611000061035156
2024-10-25,33.25,33.70500183105469,33.25,33.60300064086914
2024-10-28,33.77000045776367,33.83000183105469,33.77000045776367,33.83000183105469
2024-10-29,34.26900100708008,34.26900100708008,34.26900100708008,34.26900100708008
2024-10-30,34.119998931884766,34.16999816894531,33.540000915527344,33.91400146484375
2024-10-31,33.525001525878906,33.525001525878906,32.59000015258789,32.65299987792969
2024-11-01,32.54199981689453,32.54199981689453,32.400001525878906,32.54199981689453
2024-11-04,32.47999954223633,32.47999954223633,32.47999954223633,32.47999954223633
2024-11-05,32.654998779296875,32.654998779296875,32.654998779296875,32.654998779296875
2024-11-06,32.040000915527344,32.040000915527344,31.0,31.22100067138672
2024-11-07,31.44499969482422,31.764999389648438,31.44499969482422,31.764999389648438
2024-11-08,31.4950008392334,31.4950008392334,31.344999313354492,31.358999252319336
2024-11-11,31.114999771118164,31.114999771118164,30.5,30.540000915527344
2024-11-12,30.309999465942383,30.68600082397461,30.309999465942383,30.68600082397461
2024-11-13,30.969999313354492,30.969999313354492,30.43000030517578,30.59000015258789
2024-11-14,30.170000076293945,30.56999969482422,29.735000610351562,30.507999420166016
2024-11-15,30.31999969482422,30.371000289916992,30.2450008392334,30.371000289916992
2024-11-18,31.163000106811523,31.163000106811523,31.163000106811523,31.163000106811523
2024-11-19,31.454999923706055,31.475000381469727,31.149999618530273,31.20800018310547
2024-11-20,31.18000030517578,31.18000030517578,30.95599937438965,30.95599937438965
2024-11-21,30.94499969482422,30.94499969482422,30.75,30.91200065612793
2024-11-22,31.299999237060547,31.30900001525879,31.260000228881836,31.30900001525879
2024-11-25,30.815000534057617,30.815000534057617,30.209999084472656,30.209999084472656
2024-11-26,30.38800048828125,30.38800048828125,30.38800048828125,30.38800048828125
2024-11-27,30.489999771118164,30.75,29.989999771118164,30.111000061035156
2024-11-29,30.135000228881836,30.950000762939453,29.655000686645508,30.684999465942383
2024-12-02,30.510000228881836,30.670000076293945,30.170000076293945,30.448999404907227
2024-12-03,30.934999465942383,31.110000610351562,30.8700008392334,31.07699966430664
2024-12-04,31.155000686645508,31.5049991607666,30.920000076293945,31.5049991607666
2024-12-05,31.290000915527344,31.475000381469727,31.134000778198242,31.134000778198242
2024-12-06,31.299999237060547,31.334999084472656,31.079999923706055,31.18600082397461
2024-12-09,31.440000534057617,32.51499938964844,31.440000534057617,32.215999603271484
2024-12-10,32.10499954223633,32.362998962402344,32.03499984741211,32.362998962402344
2024-12-11,32.34000015258789,32.5620002746582,32.20500183105469,32.5620002746582
2024-12-12,32.529998779296875,32.77000045776367,31.225000381469727,31.22800064086914
2024-12-13,31.0,31.0,30.559999465942383,30.655000686645508
2024-12-16,30.815000534057617,30.815000534057617,30.68000030517578,30.69700050354004
2024-12-17,30.344999313354492,30.572999954223633,30.290000915527344,30.572999954223633
2024-12-18,30.440000534057617,30.440000534057617,29.8799991607666,30.40999984741211
2024-12-19,29.604999542236328,29.614999771118164,28.854999542236328,29.0939998626709
2024-12-20,29.165000915527344,29.844999313354492,29.104999542236328,29.65999984741211
2024-12-23,29.895000457763672,29.989999771118164,29.88800048828125,29.88800048828125
2024-12-24,29.974000930786133,29.974000930786133,29.974000930786133,29.974000930786133
2024-12-26,30.014999389648438,30.114999771118164,29.979999542236328,30.047000885009766
2024-12-27,29.934999465942383,29.934999465942383,29.604999542236328,29.655000686645508
2024-12-30,29.65999984741211,29.719999313354492,28.989999771118164,29.106000900268555
2024-12-31,29.135000228881836,29.170000076293945,28.940000534057617,28.940000534057617
2025-01-02,29.260000228881836,29.71500015258789,29.260000228881836,29.621999740600586
2025-01-03,30.079999923706055,30.079999923706055,29.805999755859375,29.805999755859375
2025-01-06,30.3700008392334,30.459999084472656,29.959999084472656,30.341999053955078
2025-01-07,30.44700050354004,30.44700050354004,30.44700050354004,30.44700050354004
2025-01-08,30.524999618530273,30.649999618530273,30.280000686645508,30.45199966430664
2025-01-09,30.96500015258789,30.96500015258789,30.735000610351562,30.791000366210938
2025-01-10,31.53499984741211,31.53499984741211,31.09000015258789,31.090999603271484
2025-01-13,30.274999618530273,30.274999618530273,30.090999603271484,30.090999603271484
2025-01-14,30.19499969482422,30.19499969482422,30.131999969482422,30.131999969482422
2025-01-15,30.8799991607666,31.350000381469727,30.875,31.319000244140625
2025-01-16,31.385000228881836,31.674999237060547,31.329999923706055,31.523000717163086
2025-01-17,31.200000762939453,31.209999084472656,30.951000213623047,30.951000213623047
2025-01-21,30.799999237060547,31.31100082397461,30.774999618530273,31.31100082397461
2025-01-22,30.9950008392334,31.23900032043457,30.9950008392334,31.23900032043457
2025-01-23,30.399999618530273,30.67300033569336,30.399999618530273,30.67300033569336
2025-01-24,31.075000762939453,31.075000762939453,30.989999771118164,31.023000717163086
2025-01-27,30.253999710083008,30.253999710083008,30.253999710083008,30.253999710083008
2025-01-28,30.364999771118164,30.726999282836914,30.364999771118164,30.726999282836914
2025-01-29,31.238000869750977,31.238000869750977,31.238000869750977,31.238000869750977
2025-01-30,31.479999542236328,32.599998474121094,31.469999313354492,32.36399841308594
2025-01-31,32.67499923706055,32.7599983215332,32.11000061035156,32.12799835205078
2025-02-03,32.14500045776367,32.459999084472656,31.6299991607666,32.391998291015625
2025-02-04,32.209999084472656,32.88800048828125,32.1150016784668,32.88800048828125
2025-02-05,32.80500030517578,32.856998443603516,32.6349983215332,32.856998443603516
2025-02-06,32.5,32.518001556396484,32.3849983215332,32.518001556396484
2025-02-07,32.7400016784668,32.7400016784668,32.11000061035156,32.334999084472656
2025-02-10,32.310001373291016,32.391998291015625,32.310001373291016,32.391998291015625
2025-02-11,32.11000061035156,32.2599983215332,31.635000228881836,32.23099899291992
2025-02-12,31.96500015258789,32.755001068115234,31.96500015258789,32.69499969482422
2025-02-13,32.834999084472656,32.880001068115234,32.53499984741211,32.650001525878906
2025-02-14,33.744998931884766,34.08000183105469,32.75,32.80099868774414
2025-02-18,32.7599983215332,33.36000061035156,32.7599983215332,33.31700134277344
2025-02-19,33.560001373291016,33.560001373291016,32.99300003051758,32.99300003051758
2025-02-20,33.444000244140625,33.444000244140625,33.444000244140625,33.444000244140625
2025-02-21,33.32500076293945,33.32500076293945,32.97600173950195,32.97600173950195
2025-02-24,32.834999084472656,32.85499954223633,32.57500076293945,32.57500076293945
2025-02-25,32.125,32.439998626708984,31.801000595092773,31.801000595092773
2025-02-26,32.25299835205078,32.25299835205078,32.25299835205078,32.25299835205078
2025-02-27,32.23500061035156,32.290000915527344,31.469999313354492,31.801000595092773
2025-02-28,31.575000762939453,31.645000457763672,31.084999084472656,31.2189998626709
2025-03-03,31.434999465942383,32.209999084472656,31.375,32.03200149536133
2025-03-04,31.84000015258789,32.290000915527344,31.770000457763672,32.108001708984375
2025-03-05,32.16999816894531,33.0,32.16999816894531,32.858001708984375
2025-03-06,32.97999954223633,33.0629997253418,32.630001068115234,33.0629997253418
2025-03-07,32.93000030517578,32.93000030517578,32.404998779296875,32.54800033569336
2025-03-10,32.76499938964844,32.76499938964844,32.10499954223633,32.275001525878906
2025-03-11,32.29499816894531,33.1349983215332,32.27000045776367,32.88800048828125
2025-03-12,33.244998931884766,33.5,33.189998626708984,33.48400115966797
2025-03-13,33.3849983215332,34.404998779296875,33.349998474121094,34.05099868774414
2025-03-14,34.244998931884766,34.55500030517578,34.05500030517578,34.1870002746582
2025-03-17,34.040000915527344,34.1150016784668,33.96500015258789,34.07400131225586
2025-03-18,34.5,34.57899856567383,34.404998779296875,34.57899856567383
2025-03-19,34.39500045776367,34.39500045776367,33.974998474121094,33.974998474121094
2025-03-20,33.689998626708984,33.810001373291016,33.689998626708984,33.7859992980957
2025-03-21,33.290000915527344,33.290000915527344,33.290000915527344,33.290000915527344
2025-03-24,33.474998474121094,33.47999954223633,33.26499938964844,33.26499938964844
2025-03-25,33.459999084472656,34.09000015258789,33.459999084472656,34.00199890136719
2025-03-26,34.30500030517578,34.30500030517578,33.994998931884766,34.03300094604492
2025-03-27,34.89699935913086,34.89699935913086,34.89699935913086,34.89699935913086
2025-03-28,35.26499938964844,35.26499938964844,34.560001373291016,34.64400100708008
2025-03-31,34.7599983215332,35.0,34.400001525878906,34.457000732421875
2025-04-01,34.599998474121094,34.665000915527344,34.15800094604492,34.15800094604492
2025-04-02,34.499000549316406,34.85499954223633,34.499000549316406,34.499000549316406
2025-04-03,34.1349983215332,34.1349983215332,31.625,31.8439998626709
2025-04-04,31.440000534057617,31.5,29.115999221801758,29.115999221801758
2025-04-07,28.450000762939453,30.459999084472656,28.309999465942383,29.510000228881836
2025-04-08,29.764999389648438,30.31999969482422,29.591999053955078,29.591999053955078
2025-04-09,29.350000381469727,30.322999954223633,29.2549991607666,30.322999954223633
2025-04-10,31.030000686645508,31.049999237060547,30.67099952697754,30.67099952697754
2025-04-11,31.114999771118164,31.823999404907227,31.114999771118164,31.823999404907227
2025-04-14,31.799999237060547,32.09199905395508,31.799999237060547,32.09199905395508
2025-04-15,32.22700119018555,32.22700119018555,32.22700119018555,32.22700119018555
2025-04-16,33.025001525878906,33.025001525878906,32.755001068115234,32.92599868774414
2025-04-17,32.334999084472656,32.58000183105469,32.09000015258789,32.41999816894531
2025-04-21,32.650001525878906,32.78499984741211,32.49599838256836,32.49599838256836
2025-04-22,32.880001068115234,32.880001068115234,32.880001068115234,32.880001068115234
2025-04-23,33.54999923706055,33.54999923706055,33.518001556396484,33.518001556396484
2025-04-24,33.32500076293945,33.481998443603516,33.32500076293945,33.481998443603516
2025-04-25,32.98899841308594,32.98899841308594,32.98899841308594,32.98899841308594
2025-04-28,32.9900016784668,32.9900016784668,32.9900016784668,32.9900016784668
2025-04-29,33.095001220703125,33.51499938964844,32.81999969482422,33.275001525878906
2025-04-30,32.88999938964844,32.9900016784668,32.1349983215332,32.53099822998047
2025-05-01,32.54499816894531,32.55500030517578,31.684999465942383,32.18899917602539
2025-05-02,32.3849983215332,32.67499923706055,31.90999984741211,31.98900032043457
2025-05-05,31.920000076293945,32.47999954223633,31.915000915527344,32.20500183105469
2025-05-06,32.650001525878906,33.189998626708984,32.650001525878906,33.112998962402344
2025-05-07,32.80500030517578,32.80500030517578,32.19499969482422,32.53099822998047
2025-05-08,32.275001525878906,32.44499969482422,32.275001525878906,32.37799835205078
2025-05-09,32.67599868774414,32.72999954223633,32.67599868774414,32.67599868774414
2025-05-12,32.584999084472656,32.8650016784668,31.93000030517578,32.38800048828125
2025-05-13,33.20000076293945,33.20500183105469,32.80500030517578,32.86800003051758
2025-05-14,32.2400016784668,32.255001068115234,32.084999084472656,32.22600173950195
2025-05-15,32.48099899291992,32.48099899291992,32.48099899291992,32.48099899291992
2025-05-16,32.19499969482422,32.2400016784668,31.90999984741211,32.15800094604492
2025-05-19,32.439998626708984,32.56999969482422,32.209999084472656,32.3129997253418
2025-05-20,32.119998931884766,33.064998626708984,32.06999969482422,32.97999954223633
2025-05-21,33.04499816894531,33.57500076293945,33.04499816894531,33.4630012512207
2025-05-22,33.57500076293945,33.57500076293945,32.84000015258789,33.047000885009766
2025-05-23,33.099998474121094,33.53499984741211,33.099998474121094,33.44200134277344
2025-05-27,33.22999954223633,33.22999954223633,32.94499969482422,33.145999908447266
2025-05-28,33.14500045776367,33.14500045776367,32.95500183105469,33.0
2025-05-29,32.90999984741211,33.439998626708984,32.65999984741211,33.28300094604492
2025-05-30,32.974998474121094,32.974998474121094,32.891998291015625,32.891998291015625
2025-06-02,33.45000076293945,34.790000915527344,33.45000076293945,34.5629997253418
2025-06-03,34.314998626708984,34.50299835205078,34.314998626708984,34.50299835205078
2025-06-04,34.38999938964844,34.51900100708008,34.38999938964844,34.51900100708008
2025-06-05,35.30500030517578,36.025001525878906,35.29999923706055,35.68899917602539
2025-06-06,35.654998779296875,36.35499954223633,35.6349983215332,36.025001525878906
2025-06-09,36.6879997253418,36.6879997253418,36.6879997253418,36.6879997253418
2025-06-10,36.459999084472656,36.54199981689453,36.45000076293945,36.54199981689453
2025-06-11,36.09000015258789,36.27000045776367,36.09000015258789,36.16600036621094
2025-06-12,35.7599983215332,36.2130012512207,35.7599983215332,36.2130012512207
2025-06-13,36.20500183105469,36.314998626708984,36.20000076293945,36.28099822998047
2025-06-16,36.25,36.37900161743164,36.25,36.37900161743164
2025-06-17,36.810001373291016,37.255001068115234,36.810001373291016,37.09000015258789
2025-06-18,37.17499923706055,37.17499923706055,36.86600112915039,36.86600112915039
2025-06-20,35.775001525878906,35.97600173950195,35.775001525878906,35.97600173950195
2025-06-23,36.15999984741211,36.165000915527344,36.15299987792969,36.15299987792969
2025-06-24,35.83000183105469,35.83000183105469,35.599998474121094,35.70100021362305
2025-06-25,36.084999084472656,36.084999084472656,36.084999084472656,36.084999084472656
2025-06-26,36.310001373291016,36.58599853515625,36.310001373291016,36.58599853515625
2025-06-27,36.560001373291016,36.63999938964844,35.6349983215332,36.0369987487793
2025-06-30,35.89500045776367,36.119998931884766,35.27000045776367,35.85200119018555
2025-07-01,36.060001373291016,36.5,35.845001220703125,36.082000732421875
2025-07-02,35.97999954223633,36.45000076293945,35.97999954223633,36.42599868774414
2025-07-03,36.40999984741211,36.939998626708984,36.349998474121094,36.784000396728516
2025-07-04,36.775001525878906,36.775001525878906,36.775001525878906,36.775001525878906
2025-07-07,37.09000015258789,37.09000015258789,36.125,36.6150016784668
2025-07-08,36.685001373291016,36.685001373291016,36.2599983215332,36.47200012207031
2025-07-09,36.3849983215332,36.3849983215332,36.27000045776367,36.35100173950195
2025-07-10,36.63999938964844,37.40999984741211,36.63999938964844,37.03799819946289
2025-07-11,37.45000076293945,38.93000030517578,37.45000076293945,38.67599868774414
2025-07-14,39.099998474121094,39.13999938964844,38.36000061035156,38.46200180053711
2025-07-15,38.279998779296875,38.33000183105469,37.67499923706055,37.83399963378906
2025-07-16,37.970001220703125,38.05500030517578,37.790000915527344,37.85300064086914
2025-07-17,37.84000015258789,38.19499969482422,37.84000015258789,38.055999755859375
2025-07-18,38.51499938964844,38.51499938964844,38.222999572753906,38.222999572753906
2025-07-21,38.994998931884766,39.125,38.994998931884766,39.10100173950195
2025-07-22,38.915000915527344,39.35499954223633,38.915000915527344,39.31999969482422
2025-07-23,39.40999984741211,39.40999984741211,39.220001220703125,39.27799987792969
2025-07-24,39.060001373291016,39.130001068115234,38.84000015258789,39.020999908447266
2025-07-25,38.93000030517578,38.93000030517578,38.040000915527344,38.16699981689453
2025-07-28,38.130001068115234,38.189998626708984,38.02000045776367,38.0260009765625
2025-07-29,38.130001068115234,38.130001068115234,38.060001373291016,38.08399963378906
2025-07-30,38.165000915527344,38.165000915527344,36.775001525878906,37.566001892089844
2025-07-31,36.84000015258789,36.84000015258789,36.551998138427734,36.551998138427734
2025-08-01,36.345001220703125,36.7869987487793,36.345001220703125,36.7869987487793
2025-08-04,37.14500045776367,37.29999923706055,37.14500045776367,37.19200134277344
2025-08-05,37.60499954223633,37.6870002746582,37.60499954223633,37.6870002746582
2025-08-06,37.7599983215332,37.76599884033203,37.7599983215332,37.76599884033203
2025-08-07,38.33000183105469,38.375,38.15800094604492,38.15800094604492
2025-08-08,38.48500061035156,38.619998931884766,38.38999938964844,38.41699981689453
2025-08-11,38.040000915527344,38.040000915527344,37.6619987487793,37.6619987487793
2025-08-12,37.55500030517578,37.89899826049805,37.55500030517578,37.89899826049805
2025-08-13,38.45000076293945,38.505001068115234,38.45000076293945,38.499000549316406
2025-08-14,37.981998443603516,37.981998443603516,37.981998443603516,37.981998443603516
2025-08-15,37.880001068115234,37.89400100708008,37.880001068115234,37.89400100708008
2025-08-18,37.95100021362305,37.95100021362305,37.95100021362305,37.95100021362305
2025-08-19,37.30500030517578,37.30500030517578,37.20500183105469,37.26100158691406
2025-08-20,37.744998931884766,37.744998931884766,37.70500183105469,37.70500183105469
2025-08-21,38.027000427246094,38.027000427246094,38.027000427246094,38.027000427246094
2025-08-22,39.00299835205078,39.00299835205078,39.00299835205078,39.00299835205078
2025-08-25,38.76499938964844,38.790000915527344,38.5099983215332,38.676998138427734
2025-08-26,38.525001525878906,38.582000732421875,38.525001525878906,38.582000732421875
2025-08-27,38.68899917602539,38.68899917602539,38.68899917602539,38.68899917602539
2025-08-28,38.689998626708984,39.334999084472656,38.68000030517578,39.189998626708984
2025-08-29,39.154998779296875,40.30500030517578,38.904998779296875,40.20000076293945
2025-09-02,40.185001373291016,41.34000015258789,40.185001373291016,41.07099914550781
2025-09-03,41.150001525878906,41.71500015258789,41.01499938964844,41.54199981689453
2025-09-04,41.029998779296875,41.05500030517578,40.79999923706055,40.9109992980957
2025-09-05,40.959999084472656,41.53499984741211,40.869998931884766,41.07400131225586
2025-09-08,41.150001525878906,41.779998779296875,41.150001525878906,41.42599868774414
2025-09-09,41.56999969482422,41.56999969482422,40.87799835205078,40.87799835205078
2025-09-10,41.132999420166016,41.132999420166016,41.132999420166016,41.132999420166016
2025-09-11,41.35499954223633,41.7400016784668,41.349998474121094,41.696998596191406
2025-09-12,41.599998474121094,42.387001037597656,41.599998474121094,42.387001037597656
2025-09-15,42.209999084472656,42.58000183105469,42.209999084472656,42.516998291015625
2025-09-16,42.47100067138672,42.47100067138672,42.435001373291016,42.47100067138672
2025-09-17,41.88999938964844,41.935001373291016,41.72200012207031,41.72200012207031
2025-09-18,41.70000076293945,41.709999084472656,41.494998931884766,41.707000732421875
2025-09-19,41.915000915527344,42.8650016784668,41.814998626708984,42.5359992980957
2025-09-22,43.66999816894531,43.91999816894531,43.29999923706055,43.79899978637695
2025-09-23,43.900001525878906,44.29999923706055,43.70000076293945,44.19200134277344
2025-09-24,44.11000061035156,44.185001373291016,43.70000076293945,43.777000427246094
2025-09-25,43.790000915527344,45.0,43.78499984741211,44.696998596191406
2025-09-26,44.875,46.22100067138672,44.869998931884766,46.22100067138672
2025-09-29,46.13999938964844,46.875,46.09000015258789,46.61199951171875
2025-09-30,46.935001373291016,46.959999084472656,45.96500015258789,46.25299835205078
2025-10-01,47.345001220703125,47.5099983215332,46.790000915527344,47.290000915527344
2025-10-02,46.970001220703125,47.244998931884766,45.3849983215332,46.0
2025-10-03,47.59700012207031,47.59700012207031,47.59700012207031,47.59700012207031
2025-10-06,47.89500045776367,48.082000732421875,47.89500045776367,48.082000732421875
2025-10-07,47.41999816894531,47.849998474121094,47.029998779296875,47.17900085449219
2025-10-08,47.88999938964844,48.65599822998047,47.88999938964844,48.65599822998047
2025-10-09,47.92499923706055,49.4900016784668,46.73500061035156,46.849998474121094
2025-10-10,46.93000030517578,48.290000915527344,46.93000030517578,46.9379997253418
2025-10-13,49.34000015258789,50.494998931884766,49.34000015258789,50.130001068115234
2025-10-14,51.2599983215332,51.98500061035156,48.53499984741211,50.31399917602539
2025-10-15,50.939998626708984,51.57500076293945,50.845001220703125,51.073001861572266
2025-10-16,52.5099983215332,53.10499954223633,51.78499984741211,53.02299880981445
2025-10-17,53.21500015258789,53.34000015258789,49.64500045776367,49.86399841308594
2025-10-20,50.415000915527344,51.43000030517578,50.13999938964844,51.11899948120117
2025-10-21,50.80500030517578,50.80500030517578,47.415000915527344,47.45000076293945
2025-10-22,47.88999938964844,48.1150016784668,47.220001220703125,47.46099853515625
2025-10-23,48.470001220703125,48.90999984741211,48.459999084472656,48.481998443603516
2025-10-24,47.42499923706055,48.43000030517578,47.42499923706055,48.37699890136719
2025-10-27,47.810001373291016,47.810001373291016,45.845001220703125,46.5620002746582
2025-10-28,46.32500076293945,47.125,46.32500076293945,47.125
2025-10-29,47.72100067138672,47.72100067138672,47.72100067138672,47.72100067138672
2025-10-30,47.540000915527344,48.61000061035156,47.1349983215332,48.428001403808594
2025-10-31,48.439998626708984,48.68000030517578,47.99399948120117,47.99399948120117
2025-11-03,47.82500076293945,48.349998474121094,47.82500076293945,47.88800048828125
2025-11-04,46.92499923706055,47.130001068115234,46.80500030517578,47.130001068115234
2025-11-05,47.560001373291016,47.880001068115234,47.560001373291016,47.862998962402344
2025-11-06,47.79399871826172,47.79399871826172,47.79399871826172,47.79399871826172
2025-11-07,48.029998779296875,48.040000915527344,48.01499938964844,48.016998291015625
2025-11-10,49.5,50.176998138427734,49.5,50.176998138427734
2025-11-11,50.43000030517578,50.85499954223633,50.43000030517578,50.61800003051758
2025-11-12,51.25,53.5,51.25,53.332000732421875
2025-11-13,52.93000030517578,54.20000076293945,52.65999984741211,53.07400131225586
2025-11-14,53.099998474121094,53.099998474121094,50.244998931884766,50.59000015258789
2025-11-17,50.75,50.75,49.665000915527344,50.625
2025-11-18,49.33000183105469,50.91999816894531,49.23500061035156,50.45000076293945
2025-11-19,51.599998474121094,51.75,50.42499923706055,50.790000915527344
2025-11-20,50.349998474121094,50.349998474121094,50.005001068115234,50.24700164794922
2025-11-21,49.849998474121094,49.94499969482422,48.125,49.87300109863281
2025-11-24,49.595001220703125,50.29499816894531,49.595001220703125,50.29499816894531
2025-11-25,50.845001220703125,51.130001068115234,50.814998626708984,50.933998107910156
2025-11-26,51.10499954223633,53.095001220703125,50.959999084472656,52.91600036621094
2025-11-28,53.07500076293945,56.45500183105469,52.54999923706055,56.44599914550781
2025-12-01,56.220001220703125,58.474998474121094,56.13999938964844,58.417999267578125
2025-12-02,57.66999816894531,58.459999084472656,56.58000183105469,57.983001708984375
2025-12-03,58.78499984741211,58.900001525878906,57.650001525878906,57.92100143432617
2025-12-04,58.29999923706055,58.29999923706055,56.29999923706055,56.84700012207031
2025-12-05,56.834999084472656,58.470001220703125,56.834999084472656,58.422000885009766
2025-12-08,58.209999084472656,58.34000015258789,57.52000045776367,57.77899932861328
2025-12-09,57.6150016784668,60.52000045776367,57.6150016784668,60.16899871826172
2025-12-10,60.56999969482422,61.529998779296875,60.1150016784668,60.37900161743164
2025-12-11,61.974998474121094,63.92900085449219,61.875,63.92900085449219
2025-12-12,63.06999969482422,63.55500030517578,60.665000915527344,61.36199951171875
2025-12-15,61.22999954223633,62.95000076293945,61.22999954223633,62.939998626708984
2025-12-16,62.665000915527344,63.0,62.540000915527344,62.70000076293945
2025-12-17,65.27999877929688,66.4749984741211,65.08999633789062,66.23699951171875
2025-12-18,65.7750015258789,65.7750015258789,64.27999877929688,64.59200286865234
2025-12-19,66.49500274658203,66.84500122070312,66.48500061035156,66.84500122070312
2025-12-22,67.00499725341797,68.86499786376953,67.00499725341797,67.90599822998047
2025-12-23,69.08000183105469,70.57499694824219,69.07499694824219,70.48500061035156
2025-12-24,71.51499938964844,71.51499938964844,71.0,71.03099822998047
2025-12-26,74.5,78.83999633789062,73.73500061035156,76.48600006103516
2025-12-29,79.69999694824219,79.69999694824219,69.85600280761719,69.85600280761719
2025-12-30,71.33000183105469,77.41000366210938,70.5,77.3740005493164
2025-12-31,74.6050033569336,74.625,70.13400268554688,70.13400268554688
2026-01-02,71.375,73.58999633789062,70.55599975585938,70.55599975585938
2026-01-05,74.17500305175781,76.81999969482422,73.90499877929688,76.16400146484375
2026-01-06,75.93000030517578,80.8550033569336,75.93000030517578,80.52999877929688
2026-01-07,80.9000015258789,80.9000015258789,75.875,77.13500213623047
2026-01-08,76.56999969482422,76.56999969482422,73.16500091552734,74.71600341796875
2026-01-09,76.69999694824219,79.9749984741211,76.69999694824219,78.88400268554688
2026-01-12,82.0,85.82499694824219,82.0,84.61000061035156
2026-01-13,84.90499877929688,88.61000061035156,84.58999633789062,85.87699890136719
2026-01-14,89.3499984741211,93.0,88.70500183105469,90.86900329589844
2026-01-15,90.82499694824219,92.41999816894531,86.12999725341797,91.8759994506836
2026-01-16,90.44000244140625,90.92500305175781,86.19499969482422,88.09100341796875
2026-01-20,92.31999969482422,94.98999786376953,92.05999755859375,94.20600128173828
2026-01-21,93.88500213623047,94.52999877929688,91.58999633789062,92.20999908447266
2026-01-22,92.83499908447266,95.9800033569336,92.4800033569336,95.97599792480469
2026-01-23,98.2699966430664,102.92500305175781,97.7300033569336,100.92500305175781
2026-01-26,105.04499816894531,117.19499969482422,103.22000122070312,115.08000183105469
2026-01-27,104.4000015258789,110.5199966430664,103.0999984741211,105.52300262451172
2026-01-28,114.57499694824219,114.57499694824219,112.73500061035156,113.11100006103516
2026-01-29,116.88999938964844,121.30000305175781,107.97000122070312,114.03700256347656
2026-01-30,116.86499786376953,117.79000091552734,76.0250015258789,78.29000091552734
2026-02-02,81.0,84.38999938964844,73.36000061035156,76.77799987792969
2026-02-03,80.125,88.19499969482422,80.0,83.04199981689453
2026-02-04,87.11000061035156,90.9749984741211,83.625,84.16500091552734
2026-02-05,88.44000244140625,88.44000244140625,71.08000183105469,76.52899932861328
2026-02-06,70.40499877929688,77.31999969482422,68.70999908447266,76.73500061035156
2026-02-09,80.50499725341797,82.06500244140625,79.9800033569336,82.06500244140625
2026-02-10,81.67500305175781,81.67500305175781,79.83999633789062,80.21800231933594
2026-02-11,80.99500274658203,84.47000122070312,80.98500061035156,83.75399780273438
2026-02-12,82.68499755859375,82.69499969482422,75.5459976196289,75.5459976196289
2026-02-13,75.11000061035156,78.47000122070312,74.83000183105469,77.85099792480469
2026-02-17,75.3499984741211,75.3499984741211,72.0,73.4469985961914
2026-02-18,75.69999694824219,77.50900268554688,75.69999694824219,77.50900268554688
2026-02-19,76.94000244140625,78.94000244140625,76.94000244140625,77.56500244140625
2026-02-20,80.45999908447266,84.41500091552734,80.45999908447266,82.28299713134766
2026-02-23,86.49500274658203,87.91500091552734,86.49500274658203,86.52300262451172
2026-02-24,86.29000091552734,87.45700073242188,86.29000091552734,87.45700073242188
2026-02-25,90.93900299072266,90.93900299072266,90.93900299072266,90.93900299072266
2026-02-26,88.92500305175781,90.25499725341797,84.9800033569336,86.99800109863281
2026-02-27,88.06500244140625,93.87999725341797,87.81999969482422,92.68199920654297
2026-03-02,95.86000061035156,95.86000061035156,86.22000122070312,88.28399658203125
2026-03-03,89.58999633789062,90.80000305175781,79.0,82.9229965209961
2026-03-04,83.08499908447266,85.01499938964844,82.63300323486328,82.63300323486328
2026-03-05,84.09500122070312,84.1500015258789,80.95500183105469,81.68699645996094
2026-03-06,82.91999816894531,84.33499908447266,81.42500305175781,83.81600189208984
2026-03-09,82.49500274658203,86.51000213623047,79.5,84.03199768066406
2026-03-10,87.12000274658203,89.58999633789062,87.0,89.08300018310547
2026-03-11,88.54499816894531,88.68000030517578,84.5250015258789,85.06500244140625
2026-03-12,86.56500244140625,87.16000366210938,84.66999816894531,84.66999816894531
2026-03-13,82.0,83.81500244140625,79.44999694824219,80.91400146484375
2026-03-16,79.0,80.90499877929688,79.0,80.26300048828125
2026-03-17,80.43000030517578,82.23999786376953,78.58000183105469,79.52999877929688
2026-03-18,76.5,77.73500061035156,74.80000305175781,77.23799896240234
2026-03-19,75.70500183105469,76.1050033569336,67.0,70.9020004272461
2026-03-20,71.91999816894531,71.92500305175781,69.36000061035156,69.36000061035156
2026-03-23,64.73999786376953,69.51000213623047,61.09000015258789,69.04900360107422
2026-03-24,69.08999633789062,71.18499755859375,68.55000305175781,69.27400207519531
2026-03-25,71.38999938964844,73.16999816894531,71.2249984741211,72.36100006103516
2026-03-26,70.1050033569336,70.1050033569336,67.2300033569336,67.6709976196289
2026-03-27,67.55000305175781,69.54499816894531,67.54000091552734,69.54499816894531
2026-03-30,67.90499877929688,70.9800033569336,67.81999969482422,70.3239974975586
2026-03-31,72.55500030517578,75.16999816894531,72.55500030517578,74.69000244140625
2026-04-01,74.34500122070312,75.86699676513672,73.9000015258789,75.86699676513672
2026-04-02,73.71499633789062,73.71499633789062,69.83499908447266,72.73500061035156
2026-04-06,71.8499984741211,72.66100311279297,71.8499984741211,72.66100311279297
2026-04-07,71.8949966430664,71.8949966430664,70.0,71.82599639892578
2026-04-08,76.16999816894531,77.44999694824219,75.2239990234375,75.2239990234375
2026-04-09,73.77999877929688,76.2770004272461,73.77999877929688,76.2770004272461
2026-04-10,75.30500030517578,76.6500015258789,75.30500030517578,76.3239974975586
2026-04-13,72.80000305175781,75.52300262451172,72.79499816894531,75.52300262451172
2026-04-14,76.81500244140625,79.58999633789062,76.81500244140625,79.39099884033203
2026-04-15,80.25,80.3499984741211,79.30000305175781,79.49099731445312
2026-04-16,79.17500305175781,79.17500305175781,78.60600280761719,78.60600280761719
2026-04-17,82.37999725341797,82.83000183105469,81.73799896240234,81.73799896240234
2026-04-20,79.5250015258789,79.95099639892578,79.50499725341797,79.95099639892578
2026-04-21,78.94999694824219,78.94999694824219,76.41100311279297,76.41100311279297
2026-04-22,76.875,77.89299774169922,76.875,77.89299774169922
2026-04-23,76.30500030517578,76.32499694824219,75.46499633789062,75.46499633789062
2026-04-24,76.38300323486328,76.38300323486328,76.38300323486328,76.38300323486328
2026-04-27,75.26499938964844,75.33499908447266,74.75499725341797,75.00299835205078
2026-04-28,73.20500183105469,73.20500183105469,73.20500183105469,73.20500183105469
2026-04-29,72.98500061035156,73.81500244140625,70.88500213623047,71.56900024414062
2026-04-30,71.38500213623047,73.8499984741211,71.38500213623047,73.53399658203125
2026-05-01,74.41999816894531,76.87999725341797,73.11000061035156,75.95099639892578
2026-05-04,75.4000015258789,75.4000015258789,72.5,73.0719985961914
2026-05-05,72.66999816894531,73.94499969482422,72.66999816894531,73.10800170898438
2026-05-06,73.88999938964844,77.83499908447266,73.7750015258789,76.81099700927734
2026-05-07,77.87000274658203,82.17500305175781,77.87000274658203,79.70099639892578
2026-05-08,80.81500244140625,81.5999984741211,80.05999755859375,80.3949966430664
2026-05-11,85.6050033569336,86.25,85.0,85.48500061035156
2026-05-12,86.49500274658203,86.91000366210938,83.75,85.12999725341797
2026-05-13,86.93000030517578,88.88800048828125,86.93000030517578,88.88800048828125
2026-05-14,87.07499694824219,87.07499694824219,84.9000015258789,84.91200256347656
2026-05-15,80.61000061035156,80.61000061035156,76.00499725341797,77.16100311279297
2026-05-18,75.34500122070312,78.05500030517578,74.74500274658203,77.072998046875
2026-05-19,78.46499633789062,78.46499633789062,73.79000091552734,74.8280029296875
2026-05-20,75.58999633789062,76.42500305175781,75.16999816894531,75.85099792480469
2026-05-21,74.95999908447266,76.87000274658203,74.95999908447266,76.41400146484375
2026-05-22,76.0199966430664,76.04000091552734,75.89299774169922,75.89299774169922
2026-05-26,77.50499725341797,77.50499725341797,76.09500122070312,76.30500030517578
2026-05-27,74.56999969482422,74.75,74.31999969482422,74.5989990234375
2026-05-28,73.6500015258789,76.0,71.97000122070312,75.6449966430664
2026-05-29,75.5199966430664,75.61599731445312,75.11499786376953,75.61599731445312
2026-06-01,74.375,75.6449966430664,74.375,75.00700378417969
2026-06-02,75.6500015258789,76.0250015258789,75.31099700927734,75.31099700927734
2026-06-03,73.47599792480469,73.47599792480469,73.20999908447266,73.47599792480469
2026-06-04,73.08999633789062,74.19999694824219,73.08999633789062,73.77899932861328
2026-06-05,72.57499694824219,72.7300033569336,68.6500015258789,68.94300079345703
2026-06-08,67.44999694824219,68.80999755859375,66.87000274658203,68.42500305175781
2026-06-09,68.2249984741211,68.81500244140625,65.0,65.09400177001953
2026-06-10,63.81999969482422,64.5989990234375,63.744998931884766,64.5989990234375
2026-06-11,63.95500183105469,63.98500061035156,63.8849983215332,63.8849983215332
2026-06-12,67.04499816894531,68.08000183105469,67.0199966430664,67.85900115966797
2026-06-15,70.06600189208984,70.06600189208984,70.06600189208984,70.06600189208984
2026-06-16,69.89900207519531,69.89900207519531,69.89900207519531,69.89900207519531
2026-06-17,70.30999755859375,70.94999694824219,68.76000213623047,70.69599914550781
2026-06-18,66.25499725341797,66.25499725341797,66.25499725341797,66.25499725341797
2026-06-22,65.5270004272461,65.5270004272461,65.5270004272461,65.5270004272461
2026-06-23,61.95000076293945,62.02000045776367,61.95000076293945,62.02000045776367
2026-06-24,59.38999938964844,59.51499938964844,57.25,58.051998138427734
2026-06-25,58.3849983215332,58.3849983215332,58.347999572753906,58.347999572753906
2026-06-26,59.189998626708984,59.21699905395508,59.189998626708984,59.21699905395508
2026-06-29,58.68000030517578,59.125,57.540000915527344,58.17499923706055
2026-06-30,58.34000015258789,60.400001525878906,57.03499984741211,59.47700119018555
2026-07-01,58.8650016784668,60.41999816894531,57.32500076293945,60.084999084472656
2026-07-02,59.470001220703125,61.595001220703125,59.46500015258789,60.643001556396484
2026-07-06,62.619998931884766,62.619998931884766,61.6349983215332,61.91999816894531
2026-07-07,61.20500183105469,61.369998931884766,60.20500183105469,60.930999755859375
2026-07-08,60.904998779296875,60.904998779296875,57.7599983215332,58.16400146484375
2026-07-09,59.220001220703125,60.5,58.900001525878906,60.37799835205078
2026-07-10,59.97999954223633,60.345001220703125,59.720001220703125,59.808998107910156
2026-07-13,58.935001373291016,59.04499816894531,57.5099983215332,57.63399887084961
2026-07-14,57.650001525878906,59.60499954223633,57.51499938964844,58.77199935913086
2026-07-15,58.69499969482422,58.69499969482422,56.900001525878906,57.11000061035156
2026-07-16,55.915000915527344,56.084999084472656,55.89799880981445,55.89799880981445
2026-07-17,55.54999923706055,56.03799819946289,55.01499938964844,56.03799819946289
2026-07-20,55.654998779296875,57.10499954223633,55.654998779296875,56.801998138427734
2026-07-21,56.334999084472656,59.025001525878906,56.334999084472656,58.834999084472656
2026-07-22,59.3849983215332,60.01900100708008,59.3849983215332,60.01900100708008
2026-07-23,58.65999984741211,58.65999984741211,57.79800033569336,57.79800033569336
2026-07-24,58.65599822998047,58.65599822998047,58.65599822998047,58.65599822998047
2026-07-27,58.47200012207031,58.47200012207031,58.47200012207031,58.47200012207031
2026-07-28,57.29600143432617,57.29600143432617,57.29600143432617,57.29600143432617
2026-07-29,57.862998962402344,57.862998962402344,57.862998962402344,57.862998962402344
2026-07-30,57.275001525878906,59.25,57.224998474121094,58.814998626708984
2026-07-31,59.20000076293945,59.20000076293945,57.34000015258789,57.590999603271484
2026-08-03,57.66699981689453,57.79999923706055,57.66699981689453,57.66699981689453
2026-08-04,58.099998474121094,60.055999755859375,58.099998474121094,60.055999755859375
2026-08-05,62.45000076293945,62.45000076293945,62.0989990234375,62.0989990234375
2026-08-06,61.90999984741211,61.90999984741211,61.43899917602539,61.43899917602539
2026-08-07,63.619998931884766,65.05000305175781,63.332000732421875,63.332000732421875
2026-08-10,63.904998779296875,65.10600280761719,63.904998779296875,65.10600280761719
2026-08-11,64.86499786376953,64.86499786376953,64.76899719238281,64.76899719238281
2026-08-12,66.625,66.6500015258789,65.55500030517578,65.55500030517578
2026-08-13,64.87300109863281,64.87300109863281,64.77999877929688,64.87300109863281
2026-08-14,64.98799896240234,64.98799896240234,64.98799896240234,64.98799896240234
2026-08-17,65.24500274658203,66.12100219726562,65.24500274658203,66.12100219726562
2026-08-18,65.25,65.25,63.60499954223633,63.941001892089844
2026-08-19,63.20500183105469,66.8499984741211,63.119998931884766,65.73400115966797
2026-08-20,66.8499984741211,68.94999694824219,66.8499984741211,68.0260009765625
2026-08-21,68.09500122070312,69.8499984741211,68.09500122070312,69.46600341796875
2026-08-24,69.3499984741211,69.3499984741211,68.54100036621094,68.54100036621094
2026-08-25,69.50499725341797,69.50499725341797,68.12000274658203,68.63600158691406
2026-08-26,69.30999755859375,69.30999755859375,67.98999786376953,67.98999786376953
2026-08-27,69.42900085449219,69.42900085449219,69.42900085449219,69.42900085449219
2026-08-28,69.3499984741211,71.16000366210938,66.2300033569336,66.99500274658203
2026-08-31,66.80000305175781,68.18000030517578,65.83000183105469,67.30500030517578
