date,open,high,low,close
2016-08-31,171.84375,172.09375,171.3125,171.84375
2016-09-01,171.71875,172.28125,170.625,171.9375
2016-09-02,171.90625,172.78125,170.25,170.96875
2016-09-06,170.84375,172.5,170.3125,172.125
2016-09-07,172.40625,172.9375,172.15625,172.1875
2016-09-08,172.34375,172.46875,169.6875,169.90625
2016-09-09,170.21875,170.46875,168.0625,168.375
2016-09-12,168.625,168.625,167.96875,168.34375
2016-09-13,168.65625,169.0,166.3125,166.8125
2016-09-14,166.71875,167.8125,166.625,167.40625
2016-09-15,167.0,167.375,166.1875,166.9375
2016-09-16,167.53125,167.71875,167.125,167.1875
2016-09-19,167.34375,167.6875,166.96875,167.25
2016-09-20,167.59375,168.15625,167.28125,167.53125
2016-09-21,166.03125,167.34375,165.90625,167.34375
2016-09-22,167.03125,168.03125,166.9375,167.5
2016-09-23,167.78125,168.25,167.5625,167.8125
2016-09-26,167.875,168.75,167.65625,168.25
2016-09-27,168.4375,169.6875,167.90625,169.4375
2016-09-28,169.53125,170.09375,169.0,169.25
2016-09-29,169.1875,169.90625,168.28125,169.625
2016-09-30,169.53125,170.03125,167.9375,168.15625
2016-10-03,168.4375,168.78125,167.8125,168.0625
2016-10-04,167.96875,168.40625,166.28125,166.4375
2016-10-05,166.375,166.84375,165.28125,165.71875
2016-10-06,165.84375,166.3125,164.9375,165.0625
2016-10-07,165.1875,165.5625,164.25,164.90625
2016-10-11,164.28125,164.71875,163.75,164.34375
2016-10-12,164.125,164.34375,163.59375,164.09375
2016-10-13,164.34375,165.40625,164.28125,164.96875
2016-10-14,164.78125,164.875,163.0,163.21875
2016-10-17,163.0625,164.25,162.59375,163.9375
2016-10-18,164.0,164.46875,163.28125,164.28125
2016-10-19,164.46875,164.8125,163.78125,164.21875
2016-10-20,164.34375,165.21875,163.75,164.65625
2016-10-21,164.40625,165.1875,164.3125,164.8125
2016-10-24,164.96875,165.3125,163.9375,164.3125
2016-10-25,164.28125,165.15625,163.75,164.6875
2016-10-26,164.71875,165.15625,163.59375,163.9375
2016-10-27,163.8125,163.9375,161.6875,162.4375
2016-10-28,162.21875,162.6875,161.65625,162.1875
2016-10-31,162.375,162.90625,162.0,162.71875
2016-11-01,162.8125,163.28125,161.6875,163.0625
2016-11-02,162.8125,163.90625,162.75,163.25
2016-11-03,163.1875,163.9375,162.40625,162.71875
2016-11-04,162.71875,163.8125,162.53125,163.34375
2016-11-07,162.6875,163.0,162.34375,162.59375
2016-11-08,162.625,163.21875,161.71875,162.09375
2016-11-09,162.25,164.96875,156.6875,156.96875
2016-11-10,157.3125,158.53125,155.5,156.21875
2016-11-14,155.28125,155.4375,152.75,154.40625
2016-11-15,153.90625,155.5,153.84375,154.28125
2016-11-16,154.65625,155.28125,153.3125,155.03125
2016-11-17,155.21875,155.375,153.125,153.78125
2016-11-18,153.21875,154.25,152.375,153.15625
2016-11-21,152.90625,153.875,152.8125,153.1875
2016-11-22,153.75,154.28125,153.1875,153.25
2016-11-23,153.4375,153.6875,151.59375,152.90625
2016-11-25,152.9375,153.375,151.96875,152.8125
2016-11-28,153.125,153.90625,153.125,153.6875
2016-11-29,153.75,154.34375,153.09375,154.125
2016-11-30,154.1875,154.34375,151.5,152.65625
2016-12-01,152.34375,152.375,149.75,150.875
2016-12-02,150.6875,152.25,150.6875,151.875
2016-12-05,152.375,152.9375,150.71875,152.125
2016-12-06,151.96875,152.34375,151.53125,151.65625
2016-12-07,151.6875,152.78125,151.65625,152.5625
2016-12-08,152.46875,152.5625,150.59375,151.34375
2016-12-09,150.9375,151.0625,149.53125,149.875
2016-12-12,149.625,150.09375,148.78125,150.0
2016-12-13,150.1875,151.09375,150.0,150.21875
2016-12-14,151.03125,151.4375,149.09375,149.84375
2016-12-15,149.25,150.0625,148.90625,149.9375
2016-12-16,150.5,150.5,148.8125,149.03125
2016-12-19,149.09375,150.40625,149.09375,150.3125
2016-12-20,150.09375,150.09375,149.5625,149.875
2016-12-22,149.125,149.34375,148.375,148.8125
2016-12-23,148.90625,149.375,148.78125,149.125
2016-12-27,148.96875,149.03125,148.21875,148.5625
2016-12-28,148.5625,149.78125,148.5,149.71875
2016-12-29,149.65625,150.375,149.53125,149.90625
2016-12-30,149.875,150.75,149.71875,150.65625
2017-01-03,150.21875,150.875,149.0625,150.5625
2017-01-04,150.625,151.0625,150.0625,150.6875
2017-01-05,150.90625,153.0,150.4375,152.5
2017-01-06,152.875,153.28125,151.59375,151.78125
2017-01-09,151.71875,152.90625,151.53125,152.71875
2017-01-10,152.8125,152.96875,152.21875,152.53125
2017-01-11,152.65625,153.53125,152.3125,152.8125
2017-01-12,152.8125,153.96875,152.5625,152.59375
2017-01-13,152.59375,153.625,151.34375,152.28125
2017-01-17,152.0625,153.875,151.96875,153.3125
2017-01-18,153.28125,153.3125,151.40625,152.03125
2017-01-19,151.375,151.84375,150.28125,151.0625
2017-01-20,150.78125,151.15625,149.9375,150.78125
2017-01-23,150.78125,152.46875,150.5625,152.0
2017-01-24,152.0625,152.25,150.5,150.59375
2017-01-25,150.84375,151.0625,149.25,149.46875
2017-01-26,149.6875,149.9375,148.9375,149.78125
2017-01-27,149.90625,150.4375,149.5,150.375
2017-01-30,150.46875,150.625,149.875,150.25
2017-01-31,150.15625,151.1875,149.75,150.84375
2017-02-01,150.6875,150.71875,149.71875,150.4375
2017-02-02,150.53125,151.46875,150.34375,150.5625
2017-02-03,150.5,151.28125,149.84375,150.03125
2017-02-06,150.40625,151.6875,150.3125,151.53125
2017-02-07,151.53125,152.53125,150.8125,152.1875
2017-02-08,152.15625,153.65625,152.0625,153.28125
2017-02-09,153.5,153.53125,151.96875,152.1875
2017-02-10,152.28125,152.375,151.25,151.90625
2017-02-13,151.84375,151.875,151.0,151.375
2017-02-14,151.3125,151.53125,149.90625,150.625
2017-02-15,150.75,150.78125,149.5,149.9375
2017-02-16,150.09375,151.1875,149.96875,150.8125
2017-02-17,150.78125,151.96875,150.5625,151.25
2017-02-21,151.4375,151.71875,150.59375,151.3125
2017-02-22,151.21875,152.1875,150.75,151.375
2017-02-23,151.40625,152.0625,151.25,151.8125
2017-02-24,152.03125,153.375,151.875,153.21875
2017-02-27,153.28125,153.28125,152.53125,152.625
2017-02-28,152.71875,153.34375,152.25,152.9375
2017-03-01,152.28125,152.34375,150.5,150.6875
2017-03-02,150.9375,150.9375,150.0,150.34375
2017-03-03,150.5,150.78125,149.96875,150.5
2017-03-06,150.46875,151.125,150.09375,150.3125
2017-03-07,150.21875,150.40625,149.90625,150.09375
2017-03-08,149.96875,150.125,148.59375,149.15625
2017-03-09,149.125,149.125,147.84375,148.0625
2017-03-10,147.84375,148.21875,147.71875,148.0625
2017-03-13,148.3125,148.5,147.21875,147.625
2017-03-14,147.5,148.1875,147.25,148.125
2017-03-15,148.0625,149.65625,148.0625,149.625
2017-03-16,149.78125,149.78125,148.96875,149.25
2017-03-17,148.9375,149.875,148.9375,149.75
2017-03-20,150.25,150.40625,149.5625,150.34375
2017-03-21,150.125,151.46875,150.125,151.28125
2017-03-22,151.71875,152.4375,151.71875,151.96875
2017-03-23,150.65625,151.0625,150.09375,150.53125
2017-03-24,150.5,151.1875,150.1875,151.09375
2017-03-27,150.90625,152.09375,150.84375,151.46875
2017-03-28,151.34375,151.875,150.4375,150.78125
2017-03-29,150.53125,151.40625,150.375,151.21875
2017-03-30,151.28125,151.5,150.34375,150.53125
2017-03-31,150.4375,151.0,150.15625,150.84375
2017-04-03,150.96875,152.375,150.65625,151.75
2017-04-04,152.3125,152.40625,151.46875,151.65625
2017-04-05,151.5625,152.09375,150.84375,151.5
2017-04-06,151.875,152.0,151.09375,151.71875
2017-04-07,151.75,153.125,151.21875,151.5
2017-04-10,151.375,152.09375,151.09375,151.78125
2017-04-11,151.6875,153.125,151.6875,152.96875
2017-04-12,152.96875,153.90625,152.6875,153.0
2017-04-13,153.90625,154.3125,153.34375,154.0
2017-04-17,154.1875,154.46875,153.3125,153.46875
2017-04-18,153.5625,155.5,153.46875,155.15625
2017-04-19,155.28125,155.3125,154.3125,154.75
2017-04-20,154.5625,154.96875,153.78125,154.15625
2017-04-21,154.28125,154.75,153.9375,154.15625
2017-04-24,153.0625,153.6875,152.5625,153.4375
2017-04-25,153.40625,153.53125,152.0,152.40625
2017-04-26,152.21875,152.875,151.9375,152.65625
2017-04-27,152.8125,153.03125,152.21875,152.71875
2017-04-28,152.71875,153.0625,151.875,152.96875
2017-05-01,152.96875,153.1875,151.65625,152.0
2017-05-02,152.21875,153.09375,151.8125,152.75
2017-05-03,153.0,153.21875,152.3125,152.8125
2017-05-04,152.5625,152.625,151.34375,151.71875
2017-05-05,151.71875,152.25,151.4375,151.8125
2017-05-08,151.5625,152.40625,151.03125,151.3125
2017-05-09,151.125,151.28125,150.59375,150.75
2017-05-10,150.84375,151.4375,150.40625,150.53125
2017-05-11,150.59375,150.875,150.21875,150.625
2017-05-12,150.78125,151.6875,150.71875,151.4375
2017-05-15,151.5,151.71875,150.96875,151.28125
2017-05-16,151.3125,152.09375,150.9375,151.59375
2017-05-17,151.625,153.875,151.625,153.78125
2017-05-18,153.6875,154.40625,153.1875,153.8125
2017-05-19,153.75,154.15625,153.375,153.84375
2017-05-22,153.9375,154.09375,153.71875,153.78125
2017-05-23,153.78125,154.375,153.15625,153.28125
2017-05-24,153.25,153.96875,153.09375,153.53125
2017-05-25,153.75,154.0625,153.46875,153.84375
2017-05-26,153.8125,154.28125,153.78125,153.90625
2017-05-30,153.875,154.78125,153.71875,154.59375
2017-05-31,154.6875,155.125,154.34375,155.125
2017-06-01,154.96875,155.0,154.4375,154.84375
2017-06-02,154.90625,156.53125,154.78125,156.15625
2017-06-05,156.28125,156.40625,155.59375,155.65625
2017-06-06,155.6875,156.65625,155.6875,156.28125
2017-06-07,156.375,156.4375,155.71875,155.84375
2017-06-08,155.75,156.0,155.25,155.5625
2017-06-09,155.90625,156.0625,154.96875,155.53125
2017-06-12,155.5625,155.9375,155.1875,155.28125
2017-06-13,155.34375,155.34375,154.90625,155.3125
2017-06-14,155.40625,157.40625,155.375,156.90625
2017-06-15,157.0,157.1875,156.5,156.71875
2017-06-16,156.625,157.15625,156.5,156.875
2017-06-19,156.9375,157.28125,156.5625,156.65625
2017-06-20,156.6875,157.71875,156.6875,157.625
2017-06-21,157.5,157.875,157.1875,157.59375
2017-06-22,156.34375,156.71875,156.15625,156.46875
2017-06-23,156.625,156.6875,156.15625,156.625
2017-06-26,156.5625,157.25,156.3125,156.90625
2017-06-27,156.875,157.1875,155.21875,155.6875
2017-06-28,155.53125,155.6875,154.28125,155.0
2017-06-29,154.90625,155.0625,153.5625,154.25
2017-06-30,154.25,154.3125,153.5625,153.6875
2017-07-03,153.78125,153.9375,152.84375,153.0625
2017-07-05,152.96875,153.78125,152.90625,153.34375
2017-07-06,153.40625,153.46875,151.875,152.28125
2017-07-07,152.28125,152.375,151.5625,151.65625
2017-07-10,151.78125,152.21875,151.625,152.0
2017-07-11,151.9375,152.3125,151.625,152.0625
2017-07-12,152.03125,153.09375,151.96875,152.78125
2017-07-13,152.875,153.34375,151.875,152.1875
2017-07-14,152.25,153.5,152.03125,152.625
2017-07-17,152.40625,153.0625,152.375,152.875
2017-07-18,152.65625,153.96875,152.625,153.84375
2017-07-19,153.84375,154.09375,153.625,153.9375
2017-07-20,153.84375,154.6875,153.78125,154.0625
2017-07-21,154.1875,154.96875,154.0625,154.78125
2017-07-24,154.625,154.84375,154.15625,154.25
2017-07-25,154.1875,154.34375,152.46875,152.625
2017-07-26,152.5,153.3125,152.25,153.15625
2017-07-27,153.0625,153.40625,152.09375,152.59375
2017-07-28,152.65625,153.21875,152.09375,153.1875
2017-07-31,153.15625,153.5,152.65625,152.96875
2017-08-01,152.9375,154.09375,152.28125,154.03125
2017-08-02,153.90625,154.5625,153.53125,154.21875
2017-08-03,153.96875,155.28125,153.96875,155.0
2017-08-04,155.125,155.3125,153.6875,154.09375
2017-08-07,154.125,154.46875,153.875,154.3125
2017-08-08,154.40625,154.5,153.53125,153.71875
2017-08-09,154.1875,155.25,154.15625,154.71875
2017-08-10,154.625,155.59375,154.40625,155.34375
2017-08-11,155.53125,155.90625,154.71875,155.46875
2017-08-14,155.40625,155.5,154.84375,155.15625
2017-08-15,155.15625,155.1875,153.75,154.40625
2017-08-16,154.21875,155.1875,153.8125,155.0625
2017-08-17,155.0625,156.0,154.5625,155.6875
2017-08-18,155.875,156.375,155.5,155.84375
2017-08-21,155.75,156.28125,155.53125,156.15625
2017-08-22,156.1875,156.21875,155.5,155.59375
2017-08-23,155.65625,156.5625,155.5,156.5
2017-08-24,156.5625,156.59375,156.0,156.09375
2017-08-25,156.0625,156.75,155.90625,156.53125
2017-08-28,156.625,156.8125,156.15625,156.75
2017-08-29,157.0,158.125,156.8125,156.9375
2017-08-30,157.03125,157.25,156.71875,156.90625
2017-08-31,157.125,157.5,156.75,157.375
2017-09-01,157.4375,158.0,156.21875,156.46875
2017-09-05,156.84375,158.5,156.46875,158.28125
2017-09-06,158.4375,158.65625,157.53125,157.625
2017-09-07,157.6875,159.21875,157.65625,158.65625
2017-09-08,158.96875,159.5,158.375,158.5625
2017-09-11,158.125,158.15625,157.09375,157.28125
2017-09-12,157.34375,157.34375,156.40625,156.53125
2017-09-13,156.46875,156.875,156.09375,156.09375
2017-09-14,156.28125,156.5625,155.6875,156.25
2017-09-15,156.625,156.75,156.0625,156.3125
2017-09-18,156.21875,156.28125,155.46875,155.625
2017-09-19,155.8125,155.96875,155.34375,155.40625
2017-09-20,155.46875,155.625,155.25,155.34375
2017-09-21,153.90625,154.53125,153.65625,153.875
2017-09-22,153.9375,154.59375,153.90625,154.09375
2017-09-25,154.25,155.125,154.0625,154.90625
2017-09-26,154.84375,155.09375,154.34375,154.78125
2017-09-27,154.65625,154.78125,152.75,152.9375
2017-09-28,152.90625,153.125,152.03125,152.78125
2017-09-29,152.75,153.0,152.375,152.8125
2017-10-02,152.6875,153.125,152.0625,152.6875
2017-10-03,152.5625,152.875,152.0,152.625
2017-10-04,152.8125,153.25,152.1875,152.5625
2017-10-05,152.75,152.9375,152.03125,152.25
2017-10-06,152.28125,152.375,151.21875,151.90625
2017-10-09,152.0625,152.3125,151.875,152.09375
2017-10-10,152.21875,153.0625,151.875,152.5
2017-10-11,152.1875,152.875,152.0625,152.5625
2017-10-12,152.4375,153.1875,152.3125,153.09375
2017-10-13,153.125,154.15625,152.9375,154.0
2017-10-16,154.09375,154.125,153.5625,153.71875
2017-10-17,153.75,154.09375,153.3125,154.0625
2017-10-18,154.0625,154.09375,152.78125,153.03125
2017-10-19,152.90625,154.0625,152.90625,153.53125
2017-10-20,153.40625,153.5625,151.78125,152.1875
2017-10-23,152.09375,152.625,151.875,152.34375
2017-10-24,152.4375,152.53125,151.28125,151.6875
2017-10-25,151.5,151.625,150.4375,150.90625
2017-10-26,151.15625,151.6875,150.46875,150.71875
2017-10-27,150.53125,151.5625,150.3125,151.1875
2017-10-30,151.5,152.4375,151.34375,152.375
2017-10-31,152.28125,152.59375,152.09375,152.46875
2017-11-01,152.375,153.3125,151.96875,152.75
2017-11-02,152.90625,153.6875,152.6875,153.46875
2017-11-03,153.5,154.0,153.34375,153.65625
2017-11-06,153.75,154.375,153.375,154.21875
2017-11-07,154.28125,154.75,153.90625,154.6875
2017-11-08,154.53125,154.8125,154.125,154.34375
2017-11-09,154.15625,154.4375,153.5625,153.875
2017-11-10,153.6875,153.78125,152.0625,152.3125
2017-11-13,152.15625,152.9375,152.03125,152.40625
2017-11-14,152.34375,153.125,152.15625,152.875
2017-11-15,153.0625,154.3125,153.03125,154.0
2017-11-16,154.28125,154.28125,153.09375,153.5625
2017-11-17,153.15625,154.15625,153.09375,153.78125
2017-11-20,154.03125,154.4375,153.59375,153.65625
2017-11-21,153.8125,154.6875,153.75,154.09375
2017-11-22,154.1875,154.625,153.53125,154.5
2017-11-24,154.625,154.75,153.90625,154.25
2017-11-27,154.3125,154.75,153.9375,154.34375
2017-11-28,154.3125,154.84375,154.0625,154.28125
2017-11-29,154.40625,154.6875,152.875,153.3125
2017-11-30,153.15625,153.3125,152.125,152.84375
2017-12-01,152.96875,155.28125,152.875,154.375
2017-12-04,153.625,154.3125,153.1875,154.125
2017-12-05,154.1875,154.875,153.78125,154.8125
2017-12-06,154.75,155.65625,154.6875,155.15625
2017-12-07,154.96875,155.53125,153.96875,153.96875
2017-12-08,154.21875,154.34375,153.6875,154.0
2017-12-11,154.125,154.65625,154.03125,154.15625
2017-12-12,154.15625,154.15625,153.3125,153.78125
2017-12-13,153.9375,154.84375,153.59375,154.8125
2017-12-14,154.625,155.21875,154.25,155.21875
2017-12-15,155.125,155.5,154.8125,155.375
2017-12-18,155.28125,155.28125,154.21875,154.28125
2017-12-19,154.3125,154.3125,152.53125,152.53125
2017-12-20,151.65625,151.875,150.4375,150.5625
2017-12-21,150.53125,151.25,150.46875,151.1875
2017-12-22,151.0,151.21875,150.875,151.0
2017-12-26,150.90625,151.78125,150.75,151.625
2017-12-27,151.375,153.125,151.375,152.9375
2017-12-28,152.90625,152.90625,152.40625,152.71875
2017-12-29,152.71875,153.09375,152.3125,153.0
2018-01-02,152.84375,152.90625,151.375,151.75
2018-01-03,151.6875,152.40625,151.53125,152.3125
2018-01-04,152.21875,152.40625,151.59375,152.3125
2018-01-05,152.3125,152.65625,151.65625,151.8125
2018-01-08,151.84375,152.21875,151.46875,151.71875
2018-01-09,151.78125,151.8125,150.03125,150.21875
2018-01-10,150.03125,150.1875,149.09375,150.0625
2018-01-11,149.90625,150.625,149.53125,150.4375
2018-01-12,150.15625,150.59375,149.53125,150.5
2018-01-16,150.5,151.03125,150.3125,150.8125
2018-01-17,150.875,151.1875,150.09375,150.3125
2018-01-18,150.125,150.25,149.09375,149.4375
2018-01-19,149.15625,149.375,148.53125,149.0
2018-01-22,148.90625,149.28125,148.375,148.6875
2018-01-23,148.875,149.6875,148.78125,149.21875
2018-01-24,149.375,149.5,148.21875,148.46875
2018-01-25,148.65625,149.5,148.34375,149.40625
2018-01-26,149.375,149.46875,148.46875,148.75
2018-01-29,148.75,148.90625,147.5625,148.125
2018-01-30,148.0625,148.34375,147.125,147.375
2018-01-31,147.4375,148.1875,147.09375,147.8125
2018-02-01,148.03125,148.0625,146.09375,146.5625
2018-02-02,146.1875,146.375,144.75,144.78125
2018-02-05,144.9375,147.5,144.09375,145.6875
2018-02-06,146.90625,147.71875,145.46875,146.03125
2018-02-07,145.5625,146.375,144.34375,144.625
2018-02-08,144.65625,144.96875,143.625,144.09375
2018-02-09,144.15625,144.78125,143.59375,144.15625
2018-02-12,143.71875,145.1875,143.125,144.40625
2018-02-13,144.25,144.9375,144.1875,144.5625
2018-02-14,144.78125,145.28125,143.21875,143.375
2018-02-15,143.5625,144.34375,143.125,144.0
2018-02-16,143.625,144.84375,143.5625,144.21875
2018-02-20,144.1875,144.46875,143.4375,143.875
2018-02-21,143.90625,144.1875,142.4375,142.6875
2018-02-22,142.71875,143.59375,142.65625,143.125
2018-02-23,143.0625,144.25,142.75,144.0625
2018-02-26,144.125,144.84375,143.96875,144.21875
2018-02-27,144.125,144.53125,143.1875,143.5625
2018-02-28,143.8125,144.5625,143.5625,144.4375
2018-03-01,144.5,145.53125,144.1875,145.34375
2018-03-02,145.34375,145.625,144.1875,144.4375
2018-03-05,144.3125,145.15625,143.6875,144.125
2018-03-06,144.03125,144.75,143.6875,144.40625
2018-03-07,144.34375,145.0,144.0625,144.125
2018-03-08,144.1875,145.03125,144.09375,144.59375
2018-03-09,144.65625,144.6875,143.84375,144.15625
2018-03-12,144.0,144.78125,143.90625,144.75
2018-03-13,144.59375,145.25,144.46875,145.15625
2018-03-14,145.25,146.03125,145.125,145.875
2018-03-15,146.15625,146.15625,145.65625,145.8125
2018-03-16,145.875,145.875,145.4375,145.4375
2018-03-19,145.375,145.6875,144.9375,145.53125
2018-03-20,144.75,144.90625,144.75,144.8125
2018-03-21,143.5,144.15625,142.9375,143.5
2018-03-22,143.71875,145.5,143.6875,144.75
2018-03-23,144.78125,145.40625,144.1875,144.71875
2018-03-26,144.875,145.125,144.21875,144.71875
2018-03-27,144.4375,145.875,144.34375,145.625
2018-03-28,145.71875,146.3125,145.40625,145.875
2018-03-29,145.6875,146.75,145.59375,146.625
2018-04-02,146.28125,147.09375,145.96875,146.75
2018-04-03,146.84375,146.875,145.6875,145.875
2018-04-04,145.9375,146.5625,145.375,145.71875
2018-04-05,145.46875,145.5,144.78125,144.90625
2018-04-06,144.875,146.125,144.8125,146.03125
2018-04-09,146.0,146.3125,145.4375,146.0625
2018-04-10,146.09375,146.25,145.53125,145.9375
2018-04-11,145.71875,146.875,145.59375,146.125
2018-04-12,146.3125,146.4375,145.09375,145.375
2018-04-13,145.28125,145.78125,145.1875,145.40625
2018-04-16,145.375,145.5625,144.65625,145.46875
2018-04-17,145.46875,146.0625,145.21875,146.03125
2018-04-18,145.59375,145.84375,144.65625,144.9375
2018-04-19,144.78125,144.9375,143.375,143.78125
2018-04-20,143.84375,143.96875,142.90625,143.09375
2018-04-23,142.96875,143.0625,142.28125,142.96875
2018-04-24,142.9375,143.28125,142.28125,142.53125
2018-04-25,142.28125,142.5,141.53125,141.75
2018-04-26,141.78125,142.625,141.59375,142.375
2018-04-27,142.5625,143.28125,142.5,143.25
2018-04-30,143.15625,143.875,142.9375,143.84375
2018-05-01,143.40625,143.625,142.96875,143.15625
2018-05-02,143.3125,143.5625,142.6875,143.25
2018-05-03,143.09375,143.9375,142.90625,143.5625
2018-05-04,143.5,144.25,143.15625,143.65625
2018-05-07,143.46875,143.84375,143.34375,143.5625
2018-05-08,143.46875,143.6875,142.90625,143.375
2018-05-09,143.21875,143.28125,142.46875,142.65625
2018-05-10,142.5625,143.375,142.53125,143.1875
2018-05-11,143.3125,143.65625,142.90625,143.125
2018-05-14,143.09375,143.34375,142.5625,142.75
2018-05-15,142.625,142.71875,140.8125,141.0625
2018-05-16,141.28125,141.59375,140.8125,140.9375
2018-05-17,140.9375,141.03125,140.28125,140.4375
2018-05-18,140.4375,141.375,140.15625,141.1875
2018-05-21,141.03125,141.5,140.78125,141.28125
2018-05-22,141.34375,141.5625,141.03125,141.25
2018-05-23,141.3125,142.53125,141.25,142.21875
2018-05-24,142.40625,143.1875,142.03125,142.78125
2018-05-25,142.8125,143.9375,142.59375,143.6875
2018-05-29,144.5,146.5,144.125,146.25
2018-05-30,146.4375,146.71875,144.53125,145.4375
2018-05-31,145.1875,146.03125,144.8125,146.0
2018-06-01,145.34375,145.46875,144.28125,144.8125
2018-06-04,144.6875,144.8125,143.90625,144.125
2018-06-05,144.03125,144.71875,144.03125,144.3125
2018-06-06,144.125,144.1875,143.125,143.25
2018-06-07,143.25,144.78125,142.90625,144.125
2018-06-08,144.21875,144.78125,143.875,144.03125
2018-06-11,143.9375,143.9375,143.4375,143.65625
2018-06-12,143.65625,143.84375,143.21875,143.75
2018-06-13,143.71875,143.90625,142.9375,143.4375
2018-06-14,143.9375,144.375,143.75,144.125
2018-06-15,144.28125,145.03125,144.1875,144.5
2018-06-18,144.6875,144.9375,144.34375,144.40625
2018-06-19,144.625,145.5625,144.625,144.9375
2018-06-20,144.9375,144.9375,144.5,144.5
2018-06-21,143.1875,144.125,143.03125,143.96875
2018-06-22,143.90625,144.09375,143.40625,143.96875
2018-06-25,144.0,144.5625,143.96875,144.34375
2018-06-26,144.28125,144.53125,143.9375,144.25
2018-06-27,144.25,145.34375,144.15625,145.28125
2018-06-28,145.25,145.34375,144.90625,144.96875
2018-06-29,145.1875,145.5,144.6875,145.0
2018-07-02,144.84375,145.40625,144.65625,144.75
2018-07-03,144.71875,145.46875,144.5,145.34375
2018-07-05,145.25,145.78125,144.84375,145.5
2018-07-06,145.625,146.34375,145.375,145.65625
2018-07-09,145.84375,145.875,145.09375,145.125
2018-07-10,145.15625,145.3125,144.9375,145.0
2018-07-11,145.34375,145.75,145.09375,145.46875
2018-07-12,145.34375,145.4375,145.0,145.28125
2018-07-13,145.40625,145.78125,145.21875,145.6875
2018-07-16,145.71875,145.75,144.71875,145.125
2018-07-17,145.1875,145.375,144.875,145.03125
2018-07-18,145.0625,145.34375,144.5625,144.71875
2018-07-19,144.8125,145.5625,144.375,145.28125
2018-07-20,145.40625,145.5,144.125,144.1875
2018-07-23,144.3125,144.375,142.78125,142.8125
2018-07-24,143.0,143.25,142.65625,143.1875
2018-07-25,143.125,143.59375,142.625,143.40625
2018-07-26,142.71875,143.25,142.5625,142.6875
2018-07-27,142.65625,143.25,142.5,142.9375
2018-07-30,143.0,143.0,142.375,142.625
2018-07-31,142.59375,143.5,142.5625,142.96875
2018-08-01,143.0,143.28125,141.84375,142.21875
2018-08-02,142.1875,142.78125,142.0625,142.4375
2018-08-03,142.4375,143.0625,142.28125,142.96875
2018-08-06,142.96875,143.5625,142.875,143.25
2018-08-07,143.125,143.28125,142.46875,142.59375
2018-08-08,142.59375,142.90625,142.34375,142.625
2018-08-09,142.71875,143.53125,142.59375,143.28125
2018-08-10,143.4375,144.6875,143.375,144.65625
2018-08-13,144.5625,144.78125,144.03125,144.3125
2018-08-14,144.1875,144.40625,143.84375,144.03125
2018-08-15,143.90625,145.0,143.875,144.75
2018-08-16,144.5625,144.71875,144.15625,144.53125
2018-08-17,144.625,145.09375,144.46875,144.53125
2018-08-20,144.6875,145.5625,144.59375,145.46875
2018-08-21,145.46875,145.53125,144.84375,145.125
2018-08-22,145.34375,145.75,145.1875,145.46875
2018-08-23,145.46875,145.75,145.375,145.65625
2018-08-24,145.46875,145.90625,145.09375,145.59375
2018-08-27,145.875,145.90625,145.0625,145.125
2018-08-28,145.125,145.15625,144.3125,144.4375
2018-08-29,144.5,144.75,144.25,144.59375
2018-08-30,144.5625,145.0625,144.46875,144.96875
2018-08-31,144.96875,145.5,144.6875,144.96875
2018-09-04,144.71875,144.875,143.84375,143.875
2018-09-05,144.0,144.3125,143.65625,143.875
2018-09-06,143.875,144.46875,143.6875,144.375
2018-09-07,144.53125,144.53125,143.1875,143.34375
2018-09-10,143.21875,143.625,143.1875,143.5
2018-09-11,143.59375,143.59375,142.6875,142.75
2018-09-12,142.84375,143.1875,142.84375,143.0625
2018-09-13,142.875,143.4375,142.78125,143.15625
2018-09-14,142.90625,143.0,142.375,142.53125
2018-09-17,142.5,142.71875,142.03125,142.40625
2018-09-18,142.5625,142.5625,141.28125,141.40625
2018-09-19,141.34375,141.34375,140.6875,141.0625
2018-09-20,140.4375,140.59375,139.75,140.25
2018-09-21,140.5,140.6875,140.09375,140.34375
2018-09-24,140.4375,140.5,139.9375,140.25
2018-09-25,139.9375,140.03125,139.53125,139.78125
2018-09-26,139.875,140.75,139.84375,140.53125
2018-09-27,140.6875,141.09375,140.25,140.65625
2018-09-28,140.59375,141.125,140.3125,140.5
2018-10-01,140.28125,140.34375,139.71875,139.96875
2018-10-02,139.84375,140.71875,139.84375,140.5
2018-10-03,140.25,140.5,138.09375,138.5
2018-10-04,138.1875,138.28125,137.25,137.90625
2018-10-05,137.9375,138.0625,136.8125,137.28125
2018-10-08,137.15625,137.4375,136.65625,137.03125
2018-10-09,136.9375,137.8125,136.5,137.71875
2018-10-10,137.6875,138.25,136.90625,137.25
2018-10-11,138.1875,138.96875,137.71875,138.84375
2018-10-12,138.46875,138.875,137.9375,138.71875
2018-10-15,138.34375,138.6875,138.21875,138.28125
2018-10-16,138.40625,138.59375,138.0,138.5
2018-10-17,138.375,138.8125,137.625,138.15625
2018-10-18,137.65625,138.40625,137.46875,138.125
2018-10-19,138.0,138.21875,137.53125,137.71875
2018-10-22,137.84375,138.21875,137.625,137.8125
2018-10-23,137.6875,139.21875,137.6875,138.1875
2018-10-24,138.125,139.21875,138.09375,138.78125
2018-10-25,139.0625,139.21875,138.40625,138.71875
2018-10-26,138.875,139.78125,138.875,139.4375
2018-10-29,139.4375,139.875,138.78125,139.34375
2018-10-30,139.28125,139.375,138.625,138.90625
2018-10-31,138.65625,138.75,138.03125,138.125
2018-11-01,138.28125,138.65625,137.75,138.4375
2018-11-02,138.71875,138.75,137.03125,137.15625
2018-11-05,137.15625,137.78125,137.125,137.5625
2018-11-06,137.53125,137.71875,137.125,137.4375
2018-11-07,137.125,138.09375,136.75,137.375
2018-11-08,137.0,137.625,136.96875,137.1875
2018-11-09,137.0,138.09375,137.0,137.90625
2018-11-12,138.0,138.65625,137.8125,138.46875
2018-11-13,138.5,138.71875,138.09375,138.59375
2018-11-14,138.625,139.3125,138.09375,138.875
2018-11-15,138.71875,139.4375,138.5625,138.78125
2018-11-16,138.78125,139.75,138.6875,139.5625
2018-11-19,139.78125,139.9375,139.0,139.78125
2018-11-20,139.625,140.28125,139.59375,140.03125
2018-11-21,139.8125,139.9375,139.4375,139.90625
2018-11-23,139.84375,140.53125,139.6875,140.0
2018-11-26,140.125,140.15625,139.625,139.78125
2018-11-27,139.96875,140.15625,139.65625,139.90625
2018-11-28,139.90625,140.0625,139.5,139.9375
2018-11-29,139.6875,140.75,139.59375,140.125
2018-11-30,140.21875,140.96875,140.1875,140.53125
2018-12-03,140.34375,141.625,140.0625,141.15625
2018-12-04,141.5625,143.59375,141.46875,142.78125
2018-12-06,142.78125,144.40625,142.78125,143.78125
2018-12-07,143.375,144.03125,142.96875,143.9375
2018-12-10,144.25,144.53125,143.78125,144.0625
2018-12-11,144.03125,144.40625,143.40625,143.78125
2018-12-12,143.71875,143.71875,143.1875,143.28125
2018-12-13,143.28125,143.5,142.9375,143.03125
2018-12-14,143.28125,143.53125,143.15625,143.28125
2018-12-17,143.28125,143.96875,143.28125,143.78125
2018-12-18,144.0,144.6875,143.8125,144.46875
2018-12-19,144.6875,145.03125,144.5625,144.90625
2018-12-20,145.53125,146.0,144.28125,144.8125
2018-12-21,144.40625,145.1875,144.34375,144.8125
2018-12-24,144.78125,145.78125,144.53125,145.4375
2018-12-26,145.75,146.09375,144.40625,144.75
2018-12-27,144.5,145.875,144.46875,145.53125
2018-12-28,145.0625,145.875,144.8125,145.53125
2018-12-31,145.65625,146.28125,145.21875,146.0
2019-01-02,145.71875,147.4375,145.59375,146.75
2019-01-03,147.5625,148.78125,146.90625,148.65625
2019-01-04,148.5,148.84375,146.59375,146.875
2019-01-07,146.71875,147.53125,146.125,146.5
2019-01-08,146.25,146.4375,145.625,146.03125
2019-01-09,145.71875,145.90625,145.34375,145.5625
2019-01-10,145.84375,146.3125,144.9375,145.28125
2019-01-11,145.03125,146.09375,145.0,145.75
2019-01-14,145.75,146.34375,145.34375,145.40625
2019-01-15,145.5625,145.90625,145.15625,145.40625
2019-01-16,145.375,145.53125,144.75,145.1875
2019-01-17,145.34375,145.75,144.84375,145.03125
2019-01-18,145.03125,145.21875,144.28125,144.53125
2019-01-22,144.53125,145.53125,144.40625,145.40625
2019-01-23,145.25,145.3125,144.4375,144.96875
2019-01-24,145.125,145.9375,144.96875,145.78125
2019-01-25,145.6875,145.84375,144.90625,145.09375
2019-01-28,145.0,145.46875,144.875,145.09375
2019-01-29,145.0625,145.71875,144.96875,145.65625
2019-01-30,145.59375,146.03125,145.1875,145.6875
2019-01-31,145.9375,147.03125,145.90625,146.6875
2019-02-01,146.8125,146.96875,145.84375,145.9375
2019-02-04,146.0625,146.09375,145.0,145.25
2019-02-05,145.28125,146.0,144.90625,145.6875
2019-02-06,145.75,146.28125,145.53125,145.65625
2019-02-07,145.71875,146.5625,145.71875,146.5
2019-02-08,146.375,146.96875,146.34375,146.875
2019-02-11,146.78125,146.9375,146.21875,146.375
2019-02-12,146.53125,146.5625,145.8125,145.96875
2019-02-13,145.90625,146.0625,145.5,145.75
2019-02-14,145.8125,146.875,145.65625,146.5
2019-02-15,146.5625,146.90625,146.09375,146.5625
2019-02-19,146.5625,147.15625,146.375,146.84375
2019-02-20,147.0,147.15625,146.34375,146.59375
2019-02-21,146.71875,146.78125,145.53125,145.78125
2019-02-22,145.6875,146.78125,145.65625,146.40625
2019-02-25,146.34375,146.46875,145.875,146.125
2019-02-26,146.28125,146.875,146.125,146.8125
2019-02-27,146.84375,146.90625,145.40625,145.5625
2019-02-28,145.59375,146.03125,144.875,145.125
2019-03-01,145.15625,145.21875,144.21875,144.46875
2019-03-04,144.375,145.125,144.21875,145.0625
2019-03-05,145.0,145.15625,144.59375,145.09375
2019-03-06,145.125,145.8125,145.09375,145.5625
2019-03-07,145.5,146.53125,145.46875,146.46875
2019-03-08,146.4375,146.875,146.125,146.65625
2019-03-11,146.59375,146.625,146.125,146.3125
2019-03-12,146.125,147.1875,145.8125,147.09375
2019-03-13,147.03125,147.03125,146.5625,146.8125
2019-03-14,146.625,146.6875,146.0,146.1875
2019-03-15,146.34375,147.09375,146.25,146.875
2019-03-18,146.90625,146.90625,146.59375,146.78125
2019-03-19,146.90625,146.90625,146.09375,146.46875
2019-03-20,146.46875,146.96875,146.4375,146.90625
2019-03-21,147.03125,147.46875,146.875,147.125
2019-03-22,147.09375,149.125,147.0625,148.53125
2019-03-25,148.65625,149.71875,148.1875,149.0
2019-03-26,149.15625,149.28125,148.375,149.09375
2019-03-27,148.9375,150.15625,148.78125,150.0625
2019-03-28,150.125,150.65625,149.71875,150.03125
2019-03-29,149.8125,150.03125,149.28125,149.65625
2019-04-01,149.65625,149.65625,147.96875,148.21875
2019-04-02,148.28125,148.71875,148.09375,148.3125
2019-04-03,148.40625,148.5,147.3125,147.5
2019-04-04,147.40625,147.8125,147.34375,147.6875
2019-04-05,147.59375,148.09375,147.03125,147.9375
2019-04-08,148.0625,148.21875,147.53125,147.625
2019-04-09,147.59375,148.28125,147.5,148.0
2019-04-10,147.875,148.53125,147.71875,148.21875
2019-04-11,148.375,148.40625,147.625,147.71875
2019-04-12,147.875,148.0625,146.8125,146.90625
2019-04-15,146.8125,147.15625,146.6875,147.0625
2019-04-16,147.03125,147.125,146.25,146.34375
2019-04-17,146.40625,146.5625,145.96875,146.3125
2019-04-18,146.25,146.96875,146.21875,146.84375
2019-04-22,146.78125,146.84375,146.15625,146.21875
2019-04-23,146.3125,146.625,146.125,146.5
2019-04-24,146.53125,147.4375,146.4375,147.34375
2019-04-25,147.40625,147.46875,147.0,147.15625
2019-04-26,147.25,147.8125,146.9375,147.59375
2019-04-29,147.625,147.65625,146.84375,146.96875
2019-04-30,147.15625,147.625,146.75,147.46875
2019-05-01,147.59375,148.375,147.5,147.59375
2019-05-02,147.8125,147.90625,146.875,146.9375
2019-05-03,147.15625,147.65625,146.65625,147.375
2019-05-06,147.65625,148.75,147.65625,147.8125
2019-05-07,148.3125,148.84375,147.75,148.75
2019-05-08,148.625,149.1875,148.03125,148.21875
2019-05-09,148.15625,149.09375,148.125,148.6875
2019-05-10,148.90625,149.15625,148.40625,148.65625
2019-05-13,149.0625,149.71875,148.6875,149.46875
2019-05-14,149.4375,149.625,149.0625,149.1875
2019-05-15,149.28125,150.125,149.1875,149.875
2019-05-16,149.90625,150.3125,149.34375,149.4375
2019-05-17,149.59375,150.125,149.375,149.6875
2019-05-20,149.6875,150.0,149.28125,149.375
2019-05-21,149.34375,149.5625,148.9375,149.1875
2019-05-22,149.15625,149.9375,149.0625,149.71875
2019-05-23,149.90625,151.46875,149.84375,151.4375
2019-05-24,150.9375,151.25,150.78125,150.96875
2019-05-28,151.09375,152.25,151.0,152.03125
2019-05-29,152.09375,153.15625,152.0625,152.75
2019-05-30,152.28125,153.34375,152.03125,153.0625
2019-05-31,153.25,154.65625,153.15625,154.375
2019-06-03,154.46875,155.6875,154.46875,155.25
2019-06-04,155.5,155.53125,153.9375,154.34375
2019-06-05,154.1875,154.8125,153.71875,154.0625
2019-06-06,153.875,154.90625,153.8125,154.1875
2019-06-07,154.375,155.5625,154.15625,155.1875
2019-06-10,154.59375,154.8125,153.9375,154.125
2019-06-11,154.03125,154.3125,153.53125,154.25
2019-06-12,154.25,154.6875,154.0625,154.25
2019-06-13,154.34375,154.96875,154.34375,154.90625
2019-06-14,155.0,155.46875,154.65625,154.96875
2019-06-17,155.15625,155.375,154.6875,155.25
2019-06-18,155.25,156.5,155.125,155.625
2019-06-19,155.5625,155.5625,154.96875,155.0
2019-06-20,155.46875,156.53125,155.21875,155.71875
2019-06-21,155.40625,155.96875,154.5625,154.59375
2019-06-24,154.78125,155.5,154.53125,155.40625
2019-06-25,155.4375,156.0625,155.28125,155.90625
2019-06-26,156.03125,156.03125,154.84375,154.96875
2019-06-27,154.9375,155.8125,154.5625,155.71875
2019-06-28,155.59375,155.6875,155.15625,155.59375
2019-07-01,155.0,155.65625,154.6875,155.0
2019-07-02,155.21875,156.1875,155.125,156.09375
2019-07-03,156.15625,156.84375,156.15625,156.65625
2019-07-05,156.625,157.0625,154.46875,154.96875
2019-07-08,154.9375,155.6875,154.9375,155.40625
2019-07-09,155.125,155.40625,154.75,155.09375
2019-07-10,154.96875,155.25,153.90625,154.65625
2019-07-11,154.5625,155.09375,152.96875,153.53125
2019-07-12,153.28125,153.75,152.875,153.71875
2019-07-15,153.46875,154.21875,153.0625,154.0625
2019-07-16,154.15625,154.25,153.15625,153.625
2019-07-17,153.9375,155.09375,153.78125,154.75
2019-07-18,155.0,155.28125,154.25,154.96875
2019-07-19,155.09375,155.1875,154.53125,154.75
2019-07-22,154.65625,155.34375,154.5,154.9375
2019-07-23,154.875,154.96875,154.03125,154.28125
2019-07-24,154.0,154.9375,154.0,154.8125
2019-07-25,154.90625,155.5625,153.71875,154.3125
2019-07-26,154.25,154.78125,154.0,154.34375
2019-07-29,154.5,154.96875,154.4375,154.78125
2019-07-30,154.625,155.09375,154.4375,154.625
2019-07-31,154.71875,155.90625,154.625,155.59375
2019-08-01,155.65625,158.125,154.96875,157.6875
2019-08-02,157.40625,158.96875,157.34375,158.59375
2019-08-05,158.65625,161.34375,158.53125,160.71875
2019-08-06,161.53125,161.96875,160.03125,161.0
2019-08-07,161.6875,163.96875,161.15625,162.21875
2019-08-08,161.15625,161.8125,159.71875,161.5625
2019-08-09,161.78125,162.4375,161.03125,161.28125
2019-08-12,161.34375,163.65625,161.15625,163.4375
2019-08-13,163.21875,163.9375,162.15625,162.9375
2019-08-14,162.53125,165.21875,162.46875,164.90625
2019-08-15,164.8125,166.9375,164.53125,165.71875
2019-08-16,165.71875,166.1875,164.28125,165.5625
2019-08-19,165.03125,165.0625,163.375,164.25
2019-08-20,164.15625,165.40625,164.125,165.0
2019-08-21,165.1875,165.46875,163.96875,164.8125
2019-08-22,164.5,165.21875,163.71875,164.09375
2019-08-23,163.9375,165.96875,162.9375,165.53125
2019-08-26,166.40625,167.46875,165.0625,165.09375
2019-08-27,165.21875,166.90625,165.1875,166.5
2019-08-28,166.875,167.5625,166.3125,166.90625
2019-08-29,166.375,167.25,165.5625,166.0625
2019-08-30,166.25,166.5,165.28125,166.0625
2019-09-03,166.5,167.53125,165.34375,166.71875
2019-09-04,166.65625,166.9375,165.75,166.75
2019-09-05,166.53125,166.53125,164.03125,164.6875
2019-09-06,164.8125,165.53125,164.0,165.3125
2019-09-09,165.21875,165.25,163.1875,163.78125
2019-09-10,163.3125,163.8125,161.375,162.25
2019-09-11,161.8125,162.09375,161.3125,161.71875
2019-09-12,161.46875,163.0625,160.4375,160.59375
2019-09-13,160.78125,160.78125,158.375,158.375
2019-09-16,158.84375,159.71875,158.71875,159.71875
2019-09-17,159.78125,160.65625,159.5,160.15625
2019-09-18,160.9375,161.4375,160.34375,160.84375
2019-09-19,160.6875,161.40625,160.6875,161.21875
2019-09-20,160.28125,161.625,160.09375,160.875
2019-09-23,161.1875,162.5,160.5,161.65625
2019-09-24,161.34375,163.25,161.1875,163.125
2019-09-25,162.78125,163.3125,161.125,161.25
2019-09-26,161.1875,162.46875,161.15625,162.3125
2019-09-27,162.0625,162.40625,161.46875,162.34375
2019-09-30,162.09375,162.5625,161.53125,162.3125
2019-10-01,162.5,163.34375,160.59375,162.6875
2019-10-02,162.84375,163.625,162.125,163.3125
2019-10-03,163.25,164.96875,163.21875,164.40625
2019-10-04,164.375,165.15625,164.15625,165.0
2019-10-07,165.0625,165.21875,164.09375,164.40625
2019-10-08,164.28125,165.21875,163.5625,164.5625
2019-10-09,164.6875,164.75,163.4375,163.5625
2019-10-10,163.65625,164.34375,161.90625,162.25
2019-10-11,162.0625,162.59375,160.0625,160.4375
2019-10-14,160.75,161.75,160.46875,161.125
2019-10-15,161.25,161.71875,159.71875,159.9375
2019-10-16,159.96875,160.8125,159.78125,160.28125
2019-10-17,160.40625,160.71875,159.3125,160.1875
2019-10-18,160.3125,160.6875,159.71875,160.21875
2019-10-21,160.375,160.46875,159.15625,159.4375
2019-10-22,159.28125,160.125,159.0625,160.0625
2019-10-23,160.125,160.6875,159.9375,160.09375
2019-10-24,160.09375,160.625,159.625,159.96875
2019-10-25,160.0,160.34375,159.15625,159.375
2019-10-28,159.46875,159.5,158.15625,158.28125
2019-10-29,158.46875,158.9375,158.1875,158.6875
2019-10-30,158.59375,160.03125,158.375,159.59375
2019-10-31,159.96875,161.65625,159.65625,161.375
2019-11-01,161.21875,161.6875,160.3125,160.625
2019-11-04,160.625,160.8125,159.28125,159.46875
2019-11-05,159.625,159.625,157.78125,157.875
2019-11-06,157.96875,159.15625,157.96875,158.96875
2019-11-07,158.59375,159.0,155.8125,156.65625
2019-11-08,156.65625,157.21875,156.03125,156.40625
2019-11-11,156.125,156.875,156.09375,156.5
2019-11-12,156.53125,157.1875,156.0,157.0
2019-11-13,156.34375,157.8125,156.34375,157.625
2019-11-14,157.25,158.9375,157.21875,158.65625
2019-11-15,158.46875,158.65625,157.90625,158.3125
2019-11-18,158.34375,159.09375,157.875,158.78125
2019-11-19,158.65625,159.46875,158.46875,159.34375
2019-11-20,159.375,160.53125,159.375,160.3125
2019-11-21,160.5,160.90625,159.375,159.71875
2019-11-22,159.6875,160.3125,159.40625,159.875
2019-11-25,159.8125,160.3125,159.5,160.0625
2019-11-26,160.25,160.78125,159.8125,160.59375
2019-11-27,160.53125,160.625,159.8125,160.09375
2019-11-29,160.0625,160.375,159.375,159.75
2019-12-02,159.5625,159.5625,158.03125,158.1875
2019-12-03,158.5625,161.15625,158.09375,160.875
2019-12-04,160.71875,161.15625,159.28125,159.5
2019-12-05,159.65625,159.90625,158.65625,159.125
2019-12-06,158.90625,159.28125,157.96875,158.4375
2019-12-09,158.40625,159.125,158.375,158.78125
2019-12-10,158.96875,159.4375,158.46875,158.875
2019-12-11,158.96875,159.78125,158.875,159.6875
2019-12-12,159.59375,159.65625,156.9375,157.5625
2019-12-13,157.0,159.03125,156.65625,159.03125
2019-12-16,158.65625,158.75,157.65625,157.65625
2019-12-17,158.34375,158.375,157.5,157.625
2019-12-18,157.75,157.96875,156.71875,156.84375
2019-12-19,156.6875,157.1875,156.625,157.1875
2019-12-20,156.0625,156.34375,155.59375,156.25
2019-12-23,156.1875,156.75,155.71875,155.875
2019-12-24,155.96875,156.5625,155.5625,156.375
2019-12-26,156.40625,156.78125,156.1875,156.46875
2019-12-27,156.625,157.03125,156.46875,156.90625
2019-12-30,156.75,156.84375,155.3125,156.25
2019-12-31,156.46875,156.5,155.40625,155.90625
2020-01-02,155.625,157.125,155.15625,156.59375
2020-01-03,156.71875,158.34375,156.65625,158.28125
2020-01-06,158.5625,158.78125,157.6875,157.84375
2020-01-07,157.75,158.09375,157.34375,157.40625
2020-01-08,157.53125,159.59375,156.25,156.375
2020-01-09,156.28125,157.03125,155.90625,156.8125
2020-01-10,156.75,157.8125,156.625,157.625
2020-01-13,157.6875,157.71875,156.875,157.25
2020-01-14,157.25,158.0,156.9375,157.90625
2020-01-15,157.9375,158.71875,157.84375,158.5
2020-01-16,158.59375,158.78125,157.875,158.09375
2020-01-17,157.90625,157.9375,156.875,157.28125
2020-01-21,157.46875,158.71875,157.28125,158.59375
2020-01-22,158.5,159.03125,158.15625,158.8125
2020-01-23,158.8125,159.96875,158.78125,159.5625
2020-01-24,159.59375,160.875,159.03125,160.625
2020-01-27,161.3125,162.21875,161.0,162.03125
2020-01-28,161.96875,162.78125,160.875,161.3125
2020-01-29,161.0,162.65625,160.84375,162.25
2020-01-30,162.46875,163.375,162.21875,162.90625
2020-01-31,162.3125,163.9375,162.125,163.53125
2020-02-03,164.0625,164.15625,162.59375,163.78125
2020-02-04,163.6875,163.9375,161.8125,162.09375
2020-02-05,162.15625,162.625,160.9375,161.125
2020-02-06,161.09375,161.53125,160.46875,161.375
2020-02-07,161.34375,162.78125,161.3125,162.59375
2020-02-10,162.65625,163.28125,162.21875,163.15625
2020-02-11,162.65625,162.78125,162.15625,162.46875
2020-02-12,162.1875,162.28125,161.46875,161.6875
2020-02-13,161.65625,162.8125,161.625,161.875
2020-02-14,161.84375,162.8125,161.8125,162.40625
2020-02-18,162.375,163.5,162.0625,163.15625
2020-02-19,163.0625,163.40625,162.5625,162.96875
2020-02-20,163.03125,164.25,162.625,163.9375
2020-02-21,164.125,165.6875,164.0,164.96875
2020-02-24,165.96875,167.34375,165.46875,166.71875
2020-02-25,166.8125,168.15625,165.96875,167.6875
2020-02-26,167.21875,168.28125,166.53125,168.09375
2020-02-27,167.625,169.5625,167.40625,168.5
2020-02-28,168.84375,172.0,168.5625,171.375
2020-03-02,171.71875,173.34375,170.53125,172.21875
2020-03-03,170.59375,175.71875,170.15625,173.3125
2020-03-04,173.59375,174.75,171.8125,173.40625
2020-03-05,172.15625,175.5,172.03125,174.9375
2020-03-06,175.34375,181.90625,175.09375,180.96875
2020-03-09,182.65625,193.1875,182.65625,186.9375
2020-03-10,181.6875,185.96875,179.40625,180.9375
2020-03-11,182.0,182.875,179.9375,181.71875
2020-03-12,184.15625,184.15625,178.3125,180.25
2020-03-13,174.34375,179.125,174.34375,177.9375
2020-03-16,180.3125,182.34375,179.96875,182.34375
2020-03-17,181.03125,181.03125,173.46875,175.0
2020-03-18,171.5,174.84375,169.28125,169.28125
2020-03-19,169.28125,172.6875,169.28125,172.6875
2020-03-20,190.0,200.0,177.3125,177.3125
2020-03-23,178.59375,181.25,174.875,179.65625
2020-03-24,178.28125,179.125,176.625,178.84375
2020-03-25,177.53125,179.65625,177.1875,177.75
2020-03-26,177.375,179.59375,177.125,178.125
2020-03-27,177.53125,180.96875,177.28125,179.0625
2020-03-30,181.0625,182.5,178.875,180.71875
2020-03-31,179.125,180.5625,178.84375,179.0625
2020-04-01,179.90625,182.78125,179.6875,181.125
2020-04-02,182.40625,182.8125,181.3125,181.53125
2020-04-03,181.71875,182.96875,181.4375,182.5625
2020-04-06,182.125,182.125,180.3125,180.5625
2020-04-07,180.59375,180.625,177.875,179.21875
2020-04-08,179.59375,180.09375,177.875,178.28125
2020-04-09,177.9375,179.1875,177.5625,178.84375
2020-04-13,178.34375,179.0625,177.4375,178.125
2020-04-14,177.59375,178.4375,177.4375,177.6875
2020-04-15,177.78125,181.0,177.6875,180.5625
2020-04-16,180.59375,181.6875,180.0625,181.40625
2020-04-17,180.59375,182.03125,179.5,179.875
2020-04-20,180.21875,181.1875,180.03125,180.75
2020-04-21,181.125,183.03125,180.875,182.25
2020-04-22,182.375,183.0625,180.5625,180.96875
2020-04-23,181.03125,182.0,180.5625,181.40625
2020-04-24,181.71875,182.34375,181.25,182.0
2020-04-27,181.90625,182.09375,180.25,180.5625
2020-04-28,180.375,182.21875,180.09375,181.84375
2020-04-29,181.9375,182.625,181.03125,181.375
2020-04-30,181.21875,182.15625,180.28125,181.03125
2020-05-01,180.71875,181.78125,180.25,180.65625
2020-05-04,181.46875,181.8125,180.34375,180.71875
2020-05-05,180.75,180.84375,179.65625,180.28125
2020-05-06,180.1875,180.25,178.03125,178.71875
2020-05-07,179.03125,181.34375,178.6875,181.125
2020-05-08,180.71875,181.75,179.53125,179.6875
2020-05-11,179.6875,179.8125,178.46875,178.5
2020-05-12,178.84375,180.28125,178.59375,179.8125
2020-05-13,180.0625,181.0625,179.875,180.65625
2020-05-14,180.46875,182.0625,180.375,181.625
2020-05-15,181.5625,182.46875,180.71875,180.9375
2020-05-18,181.03125,181.125,178.0625,178.15625
2020-05-19,178.4375,179.15625,177.8125,178.625
2020-05-20,179.15625,179.875,178.53125,179.625
2020-05-21,179.46875,180.25,179.40625,179.71875
2020-05-22,179.8125,181.125,179.75,180.25
2020-05-26,180.125,180.46875,178.8125,178.96875
2020-05-27,178.90625,179.90625,178.15625,179.46875
2020-05-28,179.25,179.5625,178.375,178.65625
2020-05-29,178.9375,180.125,178.9375,180.0
2020-06-01,179.96875,180.40625,178.6875,179.375
2020-06-02,179.21875,179.59375,178.5625,178.96875
2020-06-03,178.84375,178.9375,176.75,177.125
2020-06-04,177.375,177.59375,175.4375,175.625
2020-06-05,175.5,176.0,172.53125,174.125
2020-06-08,173.78125,174.9375,173.5,174.5
2020-06-09,174.6875,176.59375,174.6875,175.9375
2020-06-10,176.0,177.6875,175.84375,177.53125
2020-06-11,177.75,179.96875,177.75,179.96875
2020-06-12,179.25,179.3125,178.375,178.78125
2020-06-15,179.25,179.84375,178.4375,178.90625
2020-06-16,177.78125,178.0,176.6875,177.28125
2020-06-17,177.1875,177.90625,176.90625,177.78125
2020-06-18,178.09375,179.0,178.09375,179.0
2020-06-19,178.28125,179.1875,177.84375,179.125
2020-06-22,177.75,178.03125,177.09375,177.28125
2020-06-23,177.1875,177.9375,176.5,176.9375
2020-06-24,176.8125,178.125,176.40625,177.875
2020-06-25,178.0625,178.625,177.84375,178.21875
2020-06-26,177.9375,179.25,177.90625,179.09375
2020-06-29,179.15625,179.40625,178.75,179.03125
2020-06-30,179.3125,179.53125,178.21875,178.5625
2020-07-01,178.46875,178.5,177.46875,178.125
2020-07-02,178.28125,178.5625,177.28125,178.28125
2020-07-06,178.4375,178.875,177.1875,177.96875
2020-07-07,178.03125,179.375,177.78125,179.0
2020-07-08,179.21875,179.28125,178.4375,178.9375
2020-07-09,178.625,180.5625,178.59375,180.375
2020-07-10,180.15625,181.4375,179.53125,179.8125
2020-07-13,179.59375,180.21875,178.96875,179.625
2020-07-14,180.09375,180.75,179.78125,180.28125
2020-07-15,179.75,180.1875,179.09375,179.71875
2020-07-16,179.65625,180.46875,179.5,180.21875
2020-07-17,180.0625,180.5625,179.59375,179.71875
2020-07-20,179.6875,180.46875,179.6875,180.0
2020-07-21,180.25,180.625,179.84375,180.28125
2020-07-22,180.34375,181.0,180.25,180.625
2020-07-23,180.53125,181.3125,180.5,181.09375
2020-07-24,181.28125,181.9375,180.71875,181.09375
2020-07-27,181.0,181.65625,180.40625,180.65625
2020-07-28,180.46875,181.59375,179.9375,181.4375
2020-07-29,181.5,181.625,180.90625,181.28125
2020-07-30,181.375,182.46875,181.3125,182.3125
2020-07-31,182.125,182.8125,181.65625,182.28125
2020-08-03,182.40625,182.53125,181.28125,181.59375
2020-08-04,181.78125,183.0,181.59375,182.78125
2020-08-05,182.96875,183.0,181.65625,182.09375
2020-08-06,181.875,183.1875,181.71875,182.25
2020-08-07,182.28125,182.8125,181.40625,181.59375
2020-08-10,181.46875,182.0,181.0625,181.28125
2020-08-11,181.15625,181.3125,179.03125,179.125
2020-08-12,179.5,179.96875,178.25,178.78125
2020-08-13,178.625,179.625,177.5,177.8125
2020-08-14,177.6875,178.46875,177.65625,177.84375
2020-08-17,177.84375,178.75,177.6875,178.34375
2020-08-18,178.25,179.03125,178.1875,178.8125
2020-08-19,178.84375,179.40625,178.0,178.4375
2020-08-20,178.21875,179.5,178.21875,179.34375
2020-08-21,179.125,179.875,178.875,179.59375
2020-08-24,179.6875,180.0625,179.15625,179.4375
2020-08-25,179.21875,179.28125,177.59375,178.53125
2020-08-26,178.40625,178.46875,177.375,178.15625
2020-08-27,178.03125,179.09375,176.125,176.40625
2020-08-28,176.125,176.875,175.15625,176.4375
2020-08-31,176.65625,177.46875,175.84375,177.375
2020-09-01,177.03125,178.09375,176.3125,178.0
2020-09-02,178.03125,179.03125,177.53125,178.875
2020-09-03,178.90625,180.1875,178.46875,179.53125
2020-09-04,179.15625,179.34375,176.9375,177.03125
2020-09-08,177.03125,178.4375,176.875,177.9375
2020-09-09,178.28125,178.5,177.3125,177.375
2020-09-10,177.65625,178.0625,176.875,177.90625
2020-09-11,177.71875,178.28125,177.65625,178.25
2020-09-14,178.125,178.65625,178.09375,178.34375
2020-09-15,177.875,178.25,177.875,178.15625
2020-09-16,178.75,178.75,177.6875,177.9375
2020-09-17,178.03125,178.78125,177.96875,178.125
2020-09-18,178.15625,178.15625,177.65625,177.65625
2020-09-21,178.03125,178.8125,178.03125,178.28125
2020-09-22,176.625,176.8125,176.21875,176.6875
2020-09-23,176.5,176.96875,175.9375,176.46875
2020-09-24,176.59375,177.0,176.375,176.96875
2020-09-25,176.875,177.28125,176.625,177.03125
2020-09-28,177.125,177.1875,176.59375,176.84375
2020-09-29,177.0625,177.375,176.84375,177.21875
2020-09-30,177.09375,177.28125,175.4375,176.28125
2020-10-01,176.09375,176.5625,175.25,176.34375
2020-10-02,176.21875,177.0,175.59375,175.90625
2020-10-05,175.6875,175.78125,173.6875,174.21875
2020-10-06,173.75,175.09375,173.375,174.6875
2020-10-07,174.875,175.0,173.3125,173.65625
2020-10-08,173.59375,174.3125,173.5625,174.1875
2020-10-09,173.75,174.375,173.34375,174.03125
2020-10-12,174.09375,174.4375,174.0,174.375
2020-10-13,174.375,175.25,174.25,175.1875
2020-10-14,175.15625,175.6875,175.03125,175.375
2020-10-15,175.25,176.3125,175.0,175.25
2020-10-16,175.09375,175.5625,174.5,174.90625
2020-10-19,174.75,174.84375,173.9375,174.5
2020-10-20,174.25,174.4375,173.375,173.5
2020-10-21,173.65625,173.75,172.53125,173.09375
2020-10-22,172.90625,173.46875,171.78125,172.34375
2020-10-23,171.96875,172.78125,171.6875,172.59375
2020-10-26,172.71875,173.9375,172.6875,173.59375
2020-10-27,173.53125,174.40625,173.375,174.09375
2020-10-28,174.375,174.90625,173.9375,174.03125
2020-10-29,174.25,174.40625,172.625,172.84375
2020-10-30,173.21875,173.59375,172.0,172.46875
2020-11-02,172.15625,173.1875,171.96875,172.75
2020-11-03,172.8125,172.875,171.40625,172.03125
2020-11-04,171.15625,175.09375,170.21875,174.4375
2020-11-05,174.625,175.84375,173.9375,174.34375
2020-11-06,174.75,174.96875,172.90625,173.3125
2020-11-09,173.03125,173.75,169.90625,170.1875
2020-11-10,171.0,171.4375,169.9375,170.0
2020-11-11,170.21875,170.84375,169.5,170.65625
2020-11-12,170.53125,172.46875,170.46875,172.28125
2020-11-13,172.34375,172.84375,172.0,172.1875
2020-11-16,172.09375,172.6875,171.28125,171.90625
2020-11-17,171.875,172.90625,171.59375,172.5625
2020-11-18,172.90625,173.46875,172.15625,172.53125
2020-11-19,172.78125,173.90625,172.75,173.25
2020-11-20,173.90625,174.28125,173.46875,174.0625
2020-11-23,174.21875,174.25,173.28125,173.46875
2020-11-24,173.5,173.5625,172.625,172.90625
2020-11-25,172.96875,173.65625,172.53125,172.875
2020-11-27,172.875,173.9375,172.84375,173.875
2020-11-30,173.875,174.1875,173.4375,173.78125
2020-12-01,173.84375,173.9375,171.5625,171.6875
2020-12-02,171.96875,172.1875,170.78125,171.21875
2020-12-03,171.4375,172.1875,171.25,171.90625
2020-12-04,172.15625,172.3125,170.3125,170.75
2020-12-07,170.375,171.6875,170.34375,171.5625
2020-12-08,171.6875,172.375,171.40625,172.09375
2020-12-09,171.84375,171.84375,171.09375,171.5
2020-12-10,171.78125,172.5625,171.625,172.46875
2020-12-11,173.0,173.0625,172.5,172.625
2020-12-14,172.34375,172.65625,171.59375,172.65625
2020-12-15,172.875,172.9375,171.90625,171.90625
2020-12-16,172.25,172.25,171.25,171.96875
2020-12-17,171.75,172.5,171.59375,171.71875
2020-12-18,171.8125,171.96875,171.1875,171.1875
2020-12-21,171.625,171.625,171.5,171.5
2020-12-22,172.59375,173.09375,172.4375,173.03125
2020-12-23,173.0625,173.4375,171.5,172.0625
2020-12-24,172.28125,172.90625,172.0625,172.75
2020-12-28,172.9375,172.9375,171.84375,172.75
2020-12-29,172.875,172.875,172.15625,172.65625
2020-12-30,172.5625,172.90625,172.03125,172.84375
2020-12-31,172.875,173.25,172.5625,173.1875
2021-01-04,172.84375,173.34375,172.125,173.03125
2021-01-05,173.03125,173.03125,171.71875,172.0
2021-01-06,171.9375,172.3125,169.40625,169.71875
2021-01-07,169.71875,169.96875,168.65625,169.21875
2021-01-08,168.9375,169.40625,168.15625,168.75
2021-01-11,168.46875,168.96875,168.03125,168.34375
2021-01-12,168.0625,168.375,167.34375,168.1875
2021-01-13,168.34375,169.6875,168.25,169.375
2021-01-14,169.40625,169.625,168.03125,168.21875
2021-01-15,168.125,169.15625,168.09375,168.8125
2021-01-19,169.03125,169.25,168.3125,168.96875
2021-01-20,169.0,169.375,168.65625,169.0
2021-01-21,169.15625,169.34375,168.1875,168.4375
2021-01-22,168.40625,169.15625,168.21875,168.875
2021-01-25,168.96875,170.1875,168.59375,169.96875
2021-01-26,170.125,170.28125,169.65625,169.875
2021-01-27,170.03125,170.78125,169.625,170.4375
2021-01-28,170.40625,170.90625,169.1875,169.5625
2021-01-29,169.71875,169.90625,168.40625,168.71875
2021-02-01,169.25,169.375,168.6875,169.0
2021-02-02,168.84375,169.03125,168.0625,168.4375
2021-02-03,168.5625,168.625,167.59375,167.84375
2021-02-04,167.59375,167.78125,167.0625,167.46875
2021-02-05,167.34375,167.71875,166.40625,166.71875
2021-02-08,166.6875,167.375,166.09375,167.125
2021-02-09,166.90625,167.59375,166.875,167.125
2021-02-10,167.0625,167.78125,166.65625,167.53125
2021-02-11,167.71875,168.0,167.03125,167.25
2021-02-12,167.03125,167.4375,165.875,166.15625
2021-02-16,165.8125,165.875,163.90625,164.09375
2021-02-17,163.9375,165.0625,163.53125,164.40625
2021-02-18,165.03125,165.25,163.78125,164.5
2021-02-19,164.40625,164.6875,162.8125,163.09375
2021-02-22,163.03125,163.40625,162.0625,162.375
2021-02-23,162.46875,162.78125,161.71875,162.15625
2021-02-24,162.5625,162.90625,160.5,161.53125
2021-02-25,161.59375,161.75,157.71875,159.6875
2021-02-26,160.0625,162.59375,159.03125,160.75
2021-03-01,162.03125,162.1875,160.40625,160.71875
2021-03-02,160.96875,161.5625,160.375,161.0
2021-03-03,161.375,161.375,159.4375,160.0625
2021-03-04,159.71875,160.40625,158.34375,158.625
2021-03-05,158.375,159.0,157.46875,158.75
2021-03-08,157.9375,158.59375,157.875,158.28125
2021-03-09,158.4375,159.6875,158.375,159.3125
2021-03-10,159.5,159.84375,158.96875,159.6875
2021-03-11,159.40625,160.46875,159.0,159.4375
2021-03-12,158.375,158.375,157.03125,157.125
2021-03-15,157.21875,157.8125,157.1875,157.625
2021-03-16,157.9375,158.125,157.3125,157.375
2021-03-17,157.5,157.65625,156.1875,156.6875
2021-03-18,156.125,156.125,154.90625,155.53125
2021-03-19,155.5625,155.90625,155.5625,155.59375
2021-03-22,156.5625,156.84375,156.53125,156.84375
2021-03-23,155.0,156.5625,154.875,156.15625
2021-03-24,156.40625,157.125,155.90625,156.75
2021-03-25,156.78125,157.25,156.21875,156.6875
2021-03-26,156.21875,156.59375,155.3125,155.96875
2021-03-29,155.59375,156.4375,154.6875,154.78125
2021-03-30,155.03125,155.375,153.90625,155.03125
2021-03-31,155.3125,155.4375,154.5,154.59375
2021-04-01,154.78125,156.40625,154.625,156.21875
2021-04-05,155.65625,156.1875,155.1875,155.59375
2021-04-06,155.90625,156.625,155.59375,156.53125
2021-04-07,156.40625,157.0625,155.90625,156.375
2021-04-08,155.96875,157.09375,155.9375,156.78125
2021-04-09,157.0625,157.125,156.03125,156.5
2021-04-12,156.5625,156.96875,156.15625,156.28125
2021-04-13,156.46875,157.34375,155.78125,157.15625
2021-04-14,157.3125,157.4375,156.65625,156.875
2021-04-15,156.90625,159.03125,156.75,159.0
2021-04-16,157.84375,158.46875,157.5,158.0
2021-04-19,157.90625,158.40625,157.21875,157.5
2021-04-20,157.34375,158.3125,156.84375,158.15625
2021-04-21,158.21875,158.375,157.78125,158.125
2021-04-22,158.25,158.90625,157.8125,158.4375
2021-04-23,158.78125,158.9375,157.96875,158.28125
2021-04-26,158.28125,158.6875,157.75,158.4375
2021-04-27,158.4375,158.5,157.28125,157.4375
2021-04-28,157.4375,157.75,156.90625,157.5
2021-04-29,157.625,157.625,156.1875,157.1875
2021-04-30,157.25,157.46875,156.84375,157.25
2021-05-03,157.21875,158.3125,156.65625,157.625
2021-05-04,157.71875,158.71875,157.34375,158.0
2021-05-05,158.0,158.46875,157.25,158.125
2021-05-06,158.34375,158.71875,157.90625,158.625
2021-05-07,158.46875,160.46875,157.8125,157.96875
2021-05-10,157.90625,158.375,157.3125,157.53125
2021-05-11,157.46875,157.8125,156.75,156.9375
2021-05-12,156.96875,157.28125,155.5,155.59375
2021-05-13,155.65625,156.40625,155.4375,156.1875
2021-05-14,156.21875,157.03125,156.09375,156.8125
2021-05-17,156.9375,157.4375,156.5,156.78125
2021-05-18,156.53125,157.0,156.34375,156.6875
2021-05-19,156.71875,157.25,155.78125,156.0625
2021-05-20,156.25,157.1875,156.125,157.0
2021-05-21,157.09375,157.5,156.9375,157.25
2021-05-24,157.46875,158.0,157.3125,157.6875
2021-05-25,157.75,158.75,157.65625,158.59375
2021-05-26,158.6875,159.03125,158.28125,158.53125
2021-05-27,158.4375,158.5625,157.5,157.78125
2021-05-28,157.84375,158.4375,157.53125,158.125
2021-06-01,157.875,158.0,157.125,157.71875
2021-06-02,157.78125,158.25,157.625,158.09375
2021-06-03,158.21875,158.25,157.5,157.65625
2021-06-04,157.65625,159.15625,157.46875,159.0625
2021-06-07,159.40625,159.40625,158.59375,158.8125
2021-06-08,158.8125,159.90625,158.8125,159.59375
2021-06-09,159.46875,160.71875,159.46875,160.375
2021-06-10,160.375,161.34375,159.65625,160.90625
2021-06-11,161.1875,161.46875,160.75,160.8125
2021-06-14,160.96875,160.96875,160.09375,160.1875
2021-06-15,160.28125,160.71875,159.875,160.125
2021-06-16,160.3125,160.53125,159.03125,159.40625
2021-06-17,159.3125,162.21875,159.28125,161.3125
2021-06-18,161.125,162.875,161.09375,162.53125
2021-06-21,163.3125,163.3125,161.625,161.625
2021-06-22,159.84375,160.375,159.25,159.9375
2021-06-23,160.125,160.21875,159.46875,159.78125
2021-06-24,159.75,160.0625,159.375,159.9375
2021-06-25,159.8125,160.15625,158.5625,158.75
2021-06-28,158.9375,160.21875,158.84375,160.0625
2021-06-29,160.09375,160.25,159.46875,160.09375
2021-06-30,160.1875,160.96875,160.03125,160.75
2021-07-01,160.21875,160.625,159.9375,160.1875
2021-07-02,160.53125,161.25,160.40625,160.90625
2021-07-06,161.03125,162.6875,160.59375,162.09375
2021-07-07,162.5625,163.8125,162.21875,163.28125
2021-07-08,163.40625,164.9375,163.28125,163.9375
2021-07-09,163.65625,163.6875,162.40625,162.625
2021-07-12,162.4375,163.21875,162.28125,162.5
2021-07-13,162.375,163.125,161.1875,161.4375
2021-07-14,161.34375,162.875,161.25,162.59375
2021-07-15,162.84375,164.0,162.78125,163.90625
2021-07-16,163.875,163.96875,163.0625,163.8125
2021-07-19,163.96875,166.3125,163.8125,166.15625
2021-07-20,165.96875,167.125,165.09375,165.40625
2021-07-21,165.125,165.71875,163.34375,164.03125
2021-07-22,163.8125,165.0,163.28125,164.5
2021-07-23,164.15625,164.375,163.4375,164.03125
2021-07-26,164.125,165.375,163.71875,164.125
2021-07-27,163.8125,165.09375,163.75,165.0
2021-07-28,164.8125,165.09375,164.0625,164.375
2021-07-29,164.875,164.96875,163.84375,164.15625
2021-07-30,164.125,165.0,164.09375,164.71875
2021-08-02,164.8125,166.4375,164.4375,166.0
2021-08-03,165.90625,166.4375,165.53125,166.0
2021-08-04,166.03125,167.0,165.375,166.1875
2021-08-05,166.1875,166.5625,165.5,165.6875
2021-08-06,165.53125,165.65625,163.8125,164.1875
2021-08-09,163.875,164.5625,163.40625,163.6875
2021-08-10,163.5,163.875,162.90625,163.21875
2021-08-11,163.0,163.8125,162.53125,163.03125
2021-08-12,163.0625,163.4375,162.5625,162.90625
2021-08-13,163.125,164.8125,163.0,164.40625
2021-08-16,164.65625,165.8125,164.625,165.125
2021-08-17,165.0,165.96875,164.71875,165.125
2021-08-18,165.0,165.34375,164.53125,165.0625
2021-08-19,165.21875,166.1875,165.125,165.8125
2021-08-20,165.75,166.1875,165.5625,165.75
2021-08-23,165.75,165.875,165.25,165.8125
2021-08-24,165.75,165.78125,164.8125,165.03125
2021-08-25,164.84375,165.15625,163.75,163.9375
2021-08-26,163.96875,164.1875,163.34375,164.0625
2021-08-27,163.875,164.8125,163.8125,164.5
2021-08-30,164.5625,165.21875,164.4375,165.03125
2021-08-31,165.0625,165.375,164.28125,164.53125
2021-09-01,164.4375,165.15625,164.0625,164.78125
2021-09-02,164.875,165.1875,164.71875,164.96875
2021-09-03,165.09375,165.3125,164.09375,164.46875
2021-09-07,164.3125,164.3125,163.1875,163.46875
2021-09-08,163.40625,164.25,163.375,164.15625
2021-09-09,164.03125,165.34375,164.0,165.125
2021-09-10,164.9375,164.9375,164.03125,164.28125
2021-09-13,164.1875,164.78125,164.15625,164.71875
2021-09-14,164.5,166.1875,164.1875,165.875
2021-09-15,165.65625,166.21875,165.09375,165.40625
2021-09-16,165.21875,165.40625,164.59375,164.96875
2021-09-17,164.96875,164.96875,163.875,164.15625
2021-09-20,164.46875,165.6875,164.4375,165.4375
2021-09-21,165.40625,165.5,164.8125,165.375
2021-09-22,163.71875,164.5,163.375,163.75
2021-09-23,164.46875,164.46875,161.625,162.15625
2021-09-24,161.75,162.21875,160.84375,160.96875
2021-09-27,161.0,161.25,159.84375,160.6875
2021-09-28,160.5625,160.8125,158.71875,159.3125
2021-09-29,159.0625,160.09375,158.6875,159.09375
2021-09-30,159.5625,160.09375,158.8125,159.21875
2021-10-01,159.96875,160.46875,159.5625,160.34375
2021-10-04,160.4375,160.625,159.46875,160.125
2021-10-05,160.09375,160.375,158.96875,159.15625
2021-10-06,159.125,159.78125,158.1875,159.46875
2021-10-07,159.4375,159.75,158.3125,158.4375
2021-10-08,158.375,158.65625,157.5,157.75
2021-10-11,157.59375,157.71875,157.09375,157.46875
2021-10-12,157.5,158.9375,157.40625,158.5625
2021-10-13,158.65625,159.9375,158.4375,159.65625
2021-10-14,159.84375,160.34375,159.1875,160.09375
2021-10-15,160.21875,160.25,159.09375,159.375
2021-10-18,159.40625,159.71875,158.65625,159.5625
2021-10-19,159.1875,159.78125,158.0625,158.28125
2021-10-20,158.21875,158.46875,157.5625,158.125
2021-10-21,157.65625,158.15625,157.21875,157.75
2021-10-22,157.25,158.75,157.25,158.28125
2021-10-25,158.59375,158.78125,157.75,158.53125
2021-10-26,158.53125,159.21875,158.25,158.96875
2021-10-27,159.15625,161.15625,158.75,160.96875
2021-10-28,160.65625,161.25,160.09375,160.5
2021-10-29,160.15625,161.21875,159.46875,160.84375
2021-11-01,160.8125,161.0,159.8125,160.375
2021-11-02,160.59375,161.15625,160.34375,160.78125
2021-11-03,160.65625,161.4375,159.5625,160.46875
2021-11-04,159.65625,161.5,159.5625,161.15625
2021-11-05,161.03125,163.125,160.6875,162.875
2021-11-08,162.65625,162.78125,162.125,162.28125
2021-11-09,162.3125,164.03125,162.28125,163.71875
2021-11-10,163.6875,163.71875,161.28125,162.125
2021-11-11,162.15625,162.375,161.65625,161.78125
2021-11-12,161.75,162.25,161.1875,161.375
2021-11-15,161.65625,162.0625,160.03125,160.25
2021-11-16,160.375,160.71875,159.71875,160.0
2021-11-17,159.84375,160.9375,159.59375,160.4375
2021-11-18,160.71875,161.15625,160.40625,160.9375
2021-11-19,160.90625,162.125,160.5,161.8125
2021-11-22,161.65625,161.84375,160.15625,160.3125
2021-11-23,160.40625,160.53125,158.96875,159.375
2021-11-24,159.28125,160.28125,158.90625,160.0
2021-11-26,160.15625,163.03125,159.875,162.875
2021-11-29,162.6875,162.6875,161.4375,162.0
2021-11-30,162.5,163.9375,162.0625,163.6875
2021-12-01,163.46875,164.59375,162.625,163.9375
2021-12-02,164.40625,164.65625,163.59375,163.90625
2021-12-03,163.8125,165.84375,163.46875,165.71875
2021-12-06,165.53125,165.53125,163.90625,164.09375
2021-12-07,164.15625,164.25,163.3125,163.46875
2021-12-08,163.71875,164.34375,162.0,162.375
2021-12-09,162.1875,163.03125,162.0,162.84375
2021-12-10,162.625,163.5,162.40625,162.875
2021-12-13,162.71875,164.28125,162.71875,164.03125
2021-12-14,163.96875,164.1875,163.09375,163.78125
2021-12-15,163.8125,163.90625,163.0,163.3125
2021-12-16,163.375,163.84375,162.875,163.6875
2021-12-17,163.59375,164.40625,163.5,164.125
2021-12-20,164.34375,164.8125,163.40625,163.53125
2021-12-21,163.5,164.03125,161.90625,161.9375
2021-12-22,161.21875,161.59375,160.875,161.375
2021-12-23,161.40625,161.5625,160.34375,160.46875
2021-12-27,160.53125,160.90625,160.53125,160.75
2021-12-28,160.71875,161.34375,160.40625,160.65625
2021-12-29,160.625,160.875,159.03125,159.375
2021-12-30,159.21875,160.125,159.125,159.875
2021-12-31,159.90625,160.5625,159.6875,160.4375
2022-01-03,160.0,160.15625,157.5,157.90625
2022-01-04,157.8125,158.0625,156.40625,156.8125
2022-01-05,157.09375,157.3125,156.15625,156.375
2022-01-06,156.1875,156.625,155.46875,155.9375
2022-01-07,156.125,156.375,154.625,155.125
2022-01-10,155.15625,155.8125,154.59375,155.34375
2022-01-11,155.59375,156.09375,155.28125,155.9375
2022-01-12,156.0625,156.53125,155.65625,156.03125
2022-01-13,155.75,156.875,155.5625,156.53125
2022-01-14,156.5625,156.59375,154.96875,155.34375
2022-01-18,155.03125,155.03125,153.5,153.6875
2022-01-19,153.65625,154.59375,153.21875,154.5625
2022-01-20,153.75,154.96875,153.5625,154.46875
2022-01-21,154.9375,156.25,154.78125,155.9375
2022-01-24,155.6875,156.59375,155.21875,155.90625
2022-01-25,155.3125,156.28125,154.84375,155.25
2022-01-26,155.4375,155.5625,153.90625,154.34375
2022-01-27,154.21875,155.84375,154.15625,155.40625
2022-01-28,155.375,155.9375,154.46875,155.75
2022-01-31,155.59375,155.9375,154.96875,155.625
2022-02-01,155.53125,156.3125,154.78125,155.3125
2022-02-02,155.34375,156.53125,155.09375,156.0
2022-02-03,155.75,156.15625,154.28125,154.90625
2022-02-04,154.75,155.40625,153.0625,153.25
2022-02-07,153.4375,153.9375,153.0625,153.5
2022-02-08,153.46875,153.5625,152.4375,152.78125
2022-02-09,152.65625,153.78125,152.5625,153.28125
2022-02-10,152.96875,153.34375,151.0625,151.65625
2022-02-11,151.46875,153.21875,150.8125,152.65625
2022-02-14,152.75,153.46875,151.125,151.75
2022-02-15,151.90625,152.21875,150.5625,150.75
2022-02-16,150.75,151.5,150.375,150.84375
2022-02-17,150.9375,152.53125,150.90625,151.96875
2022-02-18,152.125,153.28125,151.625,153.03125
2022-02-22,153.25,154.4375,152.53125,152.96875
2022-02-23,153.09375,153.375,152.0625,152.5625
2022-02-24,152.28125,154.8125,152.21875,152.4375
2022-02-25,152.46875,153.21875,151.65625,152.25
2022-02-28,153.28125,155.1875,153.15625,154.59375
2022-03-01,154.78125,157.46875,154.375,157.03125
2022-03-02,156.75,156.875,153.8125,154.5625
2022-03-03,154.71875,155.1875,154.21875,154.90625
2022-03-04,156.78125,157.46875,155.4375,157.21875
2022-03-07,157.65625,157.78125,156.28125,157.625
2022-03-08,157.0,157.0,155.0625,155.09375
2022-03-09,155.34375,155.34375,153.6875,153.6875
2022-03-10,153.8125,154.03125,152.5,152.8125
2022-03-11,153.34375,153.78125,153.15625,153.15625
2022-03-14,152.625,152.625,150.71875,150.71875
2022-03-15,151.25,151.5625,150.125,150.125
2022-03-16,150.25,150.28125,149.875,150.15625
2022-03-17,150.90625,150.9375,148.9375,149.8125
2022-03-18,150.4375,150.875,149.96875,150.78125
2022-03-21,149.3125,149.40625,148.09375,148.09375
2022-03-22,146.8125,147.0625,146.4375,146.96875
2022-03-23,148.34375,150.25,147.65625,149.53125
2022-03-24,150.0,150.03125,148.21875,149.34375
2022-03-25,148.75,149.46875,146.625,147.0625
2022-03-28,147.25,148.65625,146.3125,147.625
2022-03-29,147.90625,149.3125,146.8125,148.9375
2022-03-30,149.09375,150.03125,148.1875,149.4375
2022-03-31,149.53125,150.40625,149.3125,150.0625
2022-04-01,149.9375,150.0625,147.90625,149.8125
2022-04-04,149.46875,149.65625,148.40625,148.875
2022-04-05,149.125,149.34375,146.21875,146.40625
2022-04-06,146.59375,146.6875,144.75,145.4375
2022-04-07,145.5625,146.125,143.875,144.25
2022-04-08,144.28125,144.84375,142.8125,143.15625
2022-04-11,143.125,143.25,141.84375,142.0625
2022-04-12,142.0,143.25,141.1875,142.4375
2022-04-13,142.40625,143.625,141.34375,143.1875
2022-04-14,142.84375,143.65625,140.75,141.0625
2022-04-18,140.9375,141.09375,140.0,140.1875
2022-04-19,140.21875,140.5625,138.96875,139.46875
2022-04-20,139.125,141.40625,138.4375,141.03125
2022-04-21,141.15625,141.25,139.28125,140.0625
2022-04-22,139.96875,140.9375,139.3125,140.09375
2022-04-25,140.125,142.375,139.875,141.53125
2022-04-26,141.4375,143.28125,141.0,142.4375
2022-04-27,143.0625,143.28125,141.28125,141.53125
2022-04-28,141.3125,141.96875,140.375,141.21875
2022-04-29,141.75,141.90625,139.84375,140.6875
2022-05-02,139.84375,140.46875,138.90625,139.09375
2022-05-03,139.34375,140.75,139.03125,140.0
2022-05-04,139.65625,140.53125,138.90625,140.15625
2022-05-05,139.59375,140.09375,136.59375,137.28125
2022-05-06,137.71875,137.90625,136.0,136.3125
2022-05-09,136.21875,137.75,134.9375,136.9375
2022-05-10,137.53125,139.46875,137.125,138.59375
2022-05-11,138.40625,139.875,137.21875,139.625
2022-05-12,139.5,141.09375,139.4375,140.9375
2022-05-13,140.59375,140.625,138.875,139.09375
2022-05-16,139.03125,140.40625,138.78125,139.90625
2022-05-17,139.625,139.8125,138.1875,138.65625
2022-05-18,138.40625,140.53125,137.9375,140.3125
2022-05-19,140.21875,142.0625,139.71875,140.59375
2022-05-20,140.9375,142.03125,140.21875,141.78125
2022-05-23,141.6875,141.6875,140.03125,140.3125
2022-05-24,140.46875,142.5,140.21875,141.90625
2022-05-25,141.9375,142.6875,141.46875,141.84375
2022-05-26,141.8125,142.5625,140.96875,141.6875
2022-05-27,141.75,142.6875,141.53125,141.9375
2022-05-31,141.90625,142.03125,139.6875,140.4375
2022-06-01,140.40625,141.0,139.25,139.625
2022-06-02,139.90625,140.34375,139.1875,139.75
2022-06-03,139.625,139.875,138.5,139.1875
2022-06-06,139.375,139.4375,137.53125,137.71875
2022-06-07,137.6875,139.125,137.5,139.0
2022-06-08,138.78125,138.78125,137.8125,138.0
2022-06-09,137.96875,138.28125,137.3125,138.09375
2022-06-10,137.96875,139.1875,136.375,136.65625
2022-06-13,136.5,136.8125,132.75,133.59375
2022-06-14,133.6875,134.3125,132.28125,132.375
2022-06-15,133.0625,133.9375,132.875,133.40625
2022-06-16,132.625,135.53125,132.625,134.65625
2022-06-17,134.875,136.46875,134.875,135.8125
2022-06-21,136.5,137.46875,134.59375,134.59375
2022-06-22,133.84375,136.3125,133.6875,135.96875
2022-06-23,135.8125,137.90625,135.75,137.09375
2022-06-24,136.78125,137.5,135.78125,136.03125
2022-06-27,135.9375,136.1875,134.78125,135.3125
2022-06-28,135.125,135.71875,134.25,135.15625
2022-06-29,135.53125,136.96875,135.40625,136.9375
2022-06-30,136.8125,138.6875,136.5625,138.625
2022-07-01,137.96875,141.34375,137.8125,139.34375
2022-07-05,139.4375,141.53125,138.1875,141.15625
2022-07-06,141.1875,142.1875,139.375,139.78125
2022-07-07,139.53125,140.0,138.1875,138.40625
2022-07-08,138.46875,138.90625,136.78125,136.84375
2022-07-11,136.9375,138.96875,136.75,138.71875
2022-07-12,138.625,140.375,138.5625,139.34375
2022-07-13,138.96875,140.4375,137.5625,140.34375
2022-07-14,139.6875,140.21875,138.53125,139.5625
2022-07-15,139.40625,140.65625,139.34375,140.03125
2022-07-18,140.03125,140.4375,138.375,139.25
2022-07-19,138.71875,139.28125,138.03125,138.5625
2022-07-20,138.375,139.78125,138.28125,138.5
2022-07-21,138.5625,140.84375,137.71875,140.34375
2022-07-22,140.78125,143.0,140.4375,142.0625
2022-07-25,142.625,142.65625,140.96875,141.40625
2022-07-26,141.8125,143.34375,141.625,142.125
2022-07-27,141.75,143.0625,141.46875,142.75
2022-07-28,141.78125,143.84375,141.21875,143.15625
2022-07-29,143.15625,144.375,142.3125,144.0
2022-08-01,143.5625,145.0,142.90625,144.6875
2022-08-02,144.90625,145.96875,142.28125,142.96875
2022-08-03,142.625,143.65625,141.15625,142.84375
2022-08-04,143.46875,144.25,142.90625,143.6875
2022-08-05,143.46875,143.84375,140.59375,141.21875
2022-08-08,141.21875,142.90625,141.0,142.5625
2022-08-09,142.65625,142.84375,141.8125,142.375
2022-08-10,142.5625,144.0625,141.71875,141.9375
2022-08-11,141.96875,142.84375,139.75,140.0
2022-08-12,139.78125,140.84375,139.5,140.59375
2022-08-15,140.71875,142.09375,140.40625,141.53125
2022-08-16,141.59375,141.84375,140.09375,141.21875
2022-08-17,141.34375,141.46875,139.875,140.3125
2022-08-18,140.125,141.15625,139.96875,140.4375
2022-08-19,140.46875,140.53125,138.21875,138.46875
2022-08-22,138.6875,139.125,137.78125,137.90625
2022-08-23,138.09375,138.6875,137.09375,137.5
2022-08-24,137.46875,137.875,136.15625,136.4375
2022-08-25,136.375,137.90625,136.0,137.8125
2022-08-26,137.71875,138.25,136.8125,137.6875
2022-08-29,137.59375,137.625,136.25,136.5625
2022-08-30,136.59375,137.4375,136.09375,136.78125
2022-08-31,136.6875,136.96875,135.53125,136.40625
2022-09-01,135.625,135.65625,133.6875,134.125
2022-09-02,134.25,135.25,133.78125,135.15625
2022-09-06,135.0,135.0,132.6875,133.0
2022-09-07,132.8125,134.375,132.8125,134.1875
2022-09-08,134.03125,134.78125,133.40625,133.8125
2022-09-09,133.40625,134.3125,133.28125,133.46875
2022-09-12,133.40625,134.125,132.84375,132.84375
2022-09-13,132.875,133.5625,131.75,132.375
2022-09-14,132.28125,132.90625,132.125,132.4375
2022-09-15,132.0625,132.34375,131.84375,131.875
2022-09-16,131.625,131.71875,130.96875,131.625
2022-09-19,131.375,131.40625,130.8125,131.375
2022-09-20,130.96875,130.96875,129.875,130.28125
2022-09-21,130.3125,131.03125,130.21875,130.21875
2022-09-22,130.5,131.0,128.03125,128.21875
2022-09-23,128.25,129.375,126.90625,128.78125
2022-09-26,128.96875,128.96875,125.75,126.5
2022-09-27,125.84375,127.21875,124.40625,124.8125
2022-09-28,125.0,127.875,123.9375,127.6875
2022-09-29,127.125,127.5625,125.6875,127.0625
2022-09-30,126.4375,128.03125,126.0,126.40625
2022-10-03,126.15625,129.3125,126.09375,128.3125
2022-10-04,128.40625,129.375,128.125,128.65625
2022-10-05,128.40625,128.6875,126.34375,126.78125
2022-10-06,126.875,127.28125,125.875,126.28125
2022-10-07,126.28125,126.40625,125.0625,125.53125
2022-10-10,125.5,125.8125,123.65625,124.15625
2022-10-11,124.21875,125.5,123.71875,124.65625
2022-10-12,124.375,125.34375,123.875,125.15625
2022-10-13,125.21875,125.875,122.875,124.5625
2022-10-14,124.75,125.96875,123.4375,123.71875
2022-10-17,123.625,124.875,123.1875,123.375
2022-10-18,123.34375,123.96875,122.375,123.5625
2022-10-19,123.34375,123.46875,121.71875,121.90625
2022-10-20,121.84375,122.1875,120.15625,120.4375
2022-10-21,120.40625,120.46875,118.1875,119.125
2022-10-24,118.9375,120.0625,117.59375,118.3125
2022-10-25,118.21875,120.6875,118.15625,120.0625
2022-10-26,120.09375,121.71875,120.03125,121.46875
2022-10-27,121.6875,122.78125,120.65625,122.34375
2022-10-28,122.46875,122.625,120.90625,121.25
2022-10-31,121.03125,121.25,120.09375,120.5
2022-11-01,121.0,122.875,120.78125,121.03125
2022-11-02,121.28125,121.96875,120.125,120.71875
2022-11-03,120.28125,120.46875,118.6875,120.3125
2022-11-04,119.9375,120.28125,118.84375,119.4375
2022-11-07,119.5625,120.0,118.3125,118.53125
2022-11-08,118.4375,120.03125,118.09375,119.9375
2022-11-09,119.90625,120.75,119.15625,119.65625
2022-11-10,120.375,124.3125,119.9375,124.125
2022-11-11,124.09375,124.15625,123.0625,123.8125
2022-11-14,123.34375,123.9375,122.875,123.65625
2022-11-15,123.84375,125.15625,123.5,124.53125
2022-11-16,124.75,126.6875,124.0625,126.40625
2022-11-17,126.53125,126.84375,125.1875,125.84375
2022-11-18,125.90625,126.375,125.28125,125.4375
2022-11-21,125.40625,126.40625,125.21875,125.46875
2022-11-22,125.375,126.84375,125.3125,126.625
2022-11-23,126.6875,127.875,126.3125,127.625
2022-11-25,127.65625,128.59375,127.125,127.59375
2022-11-28,127.59375,128.6875,127.28125,127.40625
2022-11-29,127.59375,128.1875,126.40625,126.71875
2022-11-30,126.71875,128.3125,126.0625,127.03125
2022-12-01,128.15625,129.84375,127.8125,129.5625
2022-12-02,129.625,130.28125,128.34375,129.84375
2022-12-05,129.65625,129.875,128.5,128.875
2022-12-06,129.25,130.46875,129.1875,130.46875
2022-12-07,130.4375,131.96875,129.9375,131.96875
2022-12-08,131.625,131.625,131.03125,131.03125
2022-12-09,131.25,131.25,129.59375,129.9375
2022-12-12,130.21875,130.8125,129.71875,129.71875
2022-12-13,129.78125,132.3125,129.78125,131.25
2022-12-14,131.625,131.65625,131.15625,131.15625
2022-12-15,132.125,132.125,132.125,132.125
2022-12-16,132.09375,132.09375,131.0,131.21875
2022-12-19,130.78125,130.875,129.46875,129.84375
2022-12-20,128.40625,128.65625,127.09375,128.25
2022-12-21,128.125,128.9375,127.59375,128.15625
2022-12-22,128.4375,128.875,128.0,128.4375
2022-12-23,128.25,128.28125,127.09375,127.15625
2022-12-27,127.34375,127.46875,125.28125,125.3125
2022-12-28,125.46875,125.96875,124.6875,124.90625
2022-12-29,124.90625,125.75,124.625,125.5
2022-12-30,125.59375,125.65625,124.34375,125.34375
2023-01-03,125.5,127.1875,125.09375,126.21875
2023-01-04,126.75,128.125,126.53125,127.5
2023-01-05,127.5,127.8125,126.46875,127.53125
2023-01-06,127.5,129.5,126.84375,129.21875
2023-01-09,129.15625,130.03125,128.5,129.90625
2023-01-10,129.59375,129.84375,127.9375,128.21875
2023-01-11,128.21875,129.5,128.125,129.09375
2023-01-12,129.1875,130.96875,127.9375,130.65625
2023-01-13,130.5625,131.3125,129.84375,130.0
2023-01-17,130.0625,130.1875,128.75,129.71875
2023-01-18,129.5,132.28125,129.4375,132.0625
2023-01-19,132.0625,132.96875,131.28125,131.75
2023-01-20,131.8125,131.84375,130.09375,130.46875
2023-01-23,130.53125,130.75,129.5625,129.84375
2023-01-24,130.03125,131.125,129.5,130.84375
2023-01-25,131.15625,131.65625,130.5,130.8125
2023-01-26,131.1875,131.25,130.0,130.40625
2023-01-27,130.28125,130.40625,129.3125,130.15625
2023-01-30,130.28125,130.5,129.375,129.78125
2023-01-31,129.84375,130.59375,129.46875,129.875
2023-02-01,130.1875,131.875,129.96875,131.65625
2023-02-02,131.40625,132.6875,131.25,131.78125
2023-02-03,131.8125,132.28125,129.59375,130.0625
2023-02-06,130.03125,130.0625,128.75,129.0
2023-02-07,129.03125,129.34375,128.15625,128.40625
2023-02-08,128.28125,128.90625,127.875,128.34375
2023-02-09,128.90625,129.40625,127.78125,127.875
2023-02-10,128.03125,128.09375,126.8125,126.9375
2023-02-13,126.9375,127.65625,126.71875,127.375
2023-02-14,127.5625,128.8125,126.4375,126.96875
2023-02-15,127.3125,127.59375,126.0,126.21875
2023-02-16,126.21875,126.625,125.1875,125.5625
2023-02-17,125.3125,126.0,124.4375,125.78125
2023-02-21,125.84375,125.9375,124.03125,124.09375
2023-02-22,124.15625,124.9375,123.9375,124.5625
2023-02-23,124.65625,125.375,123.8125,125.09375
2023-02-24,124.96875,125.375,123.5625,123.875
2023-02-27,123.9375,124.53125,123.4375,124.21875
2023-02-28,124.1875,124.375,123.25,124.125
2023-03-01,124.0625,124.21875,122.9375,123.1875
2023-03-02,123.0,123.0,121.84375,122.21875
2023-03-03,122.25,123.96875,122.09375,123.84375
2023-03-06,124.1875,124.75,123.59375,123.59375
2023-03-07,123.8125,124.5,123.78125,124.0
2023-03-08,123.8125,124.9375,123.75,124.1875
2023-03-09,123.84375,124.875,123.84375,124.71875
2023-03-10,126.09375,128.28125,125.6875,128.03125
2023-03-13,129.0,131.3125,127.15625,130.125
2023-03-14,129.0,129.0,128.59375,128.59375
2023-03-15,128.375,131.6875,128.3125,130.21875
2023-03-16,131.25,131.25,129.15625,129.15625
2023-03-17,130.78125,131.28125,130.78125,131.28125
2023-03-20,130.75,130.75,130.0,130.0
2023-03-21,130.75,130.75,128.4375,128.71875
2023-03-22,128.9375,129.03125,128.84375,129.03125
2023-03-23,131.71875,132.25,130.4375,131.78125
2023-03-24,131.375,133.28125,131.1875,132.34375
2023-03-27,132.5625,132.59375,130.15625,130.34375
2023-03-28,130.34375,130.78125,129.8125,129.9375
2023-03-29,129.9375,130.21875,129.1875,129.8125
2023-03-30,129.8125,130.34375,129.40625,130.15625
2023-03-31,130.28125,131.53125,129.6875,131.15625
2023-04-03,131.15625,132.4375,130.375,131.9375
2023-04-04,132.15625,133.21875,131.15625,133.125
2023-04-05,132.9375,134.21875,132.75,134.0625
2023-04-06,133.71875,134.4375,133.65625,134.09375
2023-04-10,133.09375,133.59375,132.1875,132.5625
2023-04-11,132.5625,133.0,132.03125,132.375
2023-04-12,132.40625,133.46875,131.46875,132.15625
2023-04-13,132.6875,133.03125,131.6875,131.8125
2023-04-14,131.84375,132.0625,130.5625,130.71875
2023-04-17,130.8125,130.96875,129.53125,129.75
2023-04-18,129.625,130.3125,129.46875,130.03125
2023-04-19,129.96875,130.03125,129.125,129.71875
2023-04-20,129.65625,130.71875,129.625,130.3125
2023-04-21,130.4375,130.9375,129.75,129.90625
2023-04-24,129.8125,131.03125,129.8125,130.75
2023-04-25,130.96875,132.625,130.9375,132.375
2023-04-26,132.21875,132.65625,131.40625,131.71875
2023-04-27,131.46875,131.625,130.21875,130.40625
2023-04-28,130.4375,132.125,130.0625,131.65625
2023-05-01,131.8125,131.8125,129.0625,129.65625
2023-05-02,129.6875,131.75,129.59375,131.4375
2023-05-03,131.625,132.90625,131.5,131.875
2023-05-04,132.9375,133.0,131.4375,132.125
2023-05-05,131.78125,131.9375,130.40625,130.96875
2023-05-08,131.15625,131.40625,129.8125,129.875
2023-05-09,130.0,130.5,129.5625,129.6875
2023-05-10,129.71875,130.90625,129.59375,130.6875
2023-05-11,130.6875,132.25,130.53125,131.53125
2023-05-12,131.5625,131.9375,130.53125,130.71875
2023-05-15,130.59375,130.75,129.625,129.78125
2023-05-16,129.75,130.375,128.6875,129.125
2023-05-17,129.21875,129.65625,128.6875,128.78125
2023-05-18,129.0,129.28125,127.78125,127.90625
2023-05-19,127.9375,128.1875,126.8125,127.15625
2023-05-22,127.4375,127.75,126.625,126.78125
2023-05-23,126.75,127.09375,126.1875,126.9375
2023-05-24,127.0,127.4375,126.1875,126.5625
2023-05-25,126.25,126.5,125.375,125.53125
2023-05-26,125.46875,126.125,124.96875,125.625
2023-05-30,125.84375,127.46875,125.40625,127.1875
2023-05-31,127.125,128.40625,127.125,128.0625
2023-06-01,128.0625,129.5,127.59375,128.59375
2023-06-02,128.75,128.75,127.59375,127.6875
2023-06-05,127.5,127.90625,126.59375,127.6875
2023-06-06,127.75,128.15625,127.3125,127.71875
2023-06-07,127.5625,127.6875,126.1875,126.3125
2023-06-08,126.28125,127.46875,125.75,127.46875
2023-06-09,127.09375,127.4375,126.78125,127.34375
2023-06-12,126.625,127.4375,126.53125,126.96875
2023-06-13,127.5625,128.03125,126.0,126.0625
2023-06-14,126.5,127.0,126.5,126.9375
2023-06-15,126.53125,128.0625,126.46875,127.75
2023-06-16,127.0,127.5,127.0,127.34375
2023-06-20,126.875,128.5,126.75,128.25
2023-06-21,128.1875,128.1875,126.96875,127.8125
2023-06-22,128.125,128.3125,126.84375,127.0
2023-06-23,127.0625,128.625,127.0,127.90625
2023-06-26,127.9375,128.8125,127.84375,128.09375
2023-06-27,128.0,128.5625,127.375,127.5625
2023-06-28,127.5625,128.40625,127.4375,128.25
2023-06-29,128.25,128.3125,125.9375,126.15625
2023-06-30,126.34375,127.21875,125.65625,126.90625
2023-07-03,126.75,127.75,126.40625,126.625
2023-07-05,126.78125,127.0,125.15625,125.25
2023-07-06,125.5,125.53125,123.59375,124.03125
2023-07-07,124.15625,124.46875,123.25,123.75
2023-07-10,123.53125,124.34375,122.9375,124.0625
2023-07-11,124.0625,124.75,123.96875,124.375
2023-07-12,124.46875,126.0,124.40625,125.78125
2023-07-13,125.65625,127.0625,125.5,127.0
2023-07-14,126.875,127.1875,126.21875,126.4375
2023-07-17,126.25,127.125,126.03125,126.5625
2023-07-18,126.4375,127.375,126.40625,126.78125
2023-07-19,126.78125,127.75,126.6875,127.6875
2023-07-20,127.53125,127.625,125.90625,126.1875
2023-07-21,126.25,126.9375,126.125,126.375
2023-07-24,126.25,127.0625,125.90625,126.15625
2023-07-25,125.96875,126.1875,125.3125,125.53125
2023-07-26,125.84375,126.3125,125.5,126.1875
2023-07-27,125.9375,126.3125,123.65625,123.875
2023-07-28,124.0,124.65625,123.28125,124.25
2023-07-31,124.4375,124.875,123.8125,124.4375
2023-08-01,124.46875,124.625,122.8125,122.96875
2023-08-02,123.0625,123.40625,121.625,122.28125
2023-08-03,122.15625,122.25,120.09375,120.34375
2023-08-04,120.5625,122.28125,119.78125,122.0
2023-08-07,122.125,122.15625,121.03125,121.5625
2023-08-08,121.40625,123.15625,121.375,122.4375
2023-08-09,122.375,123.03125,122.1875,122.75
2023-08-10,122.8125,123.6875,121.28125,121.6875
2023-08-11,121.34375,121.625,120.65625,120.75
2023-08-14,120.78125,121.28125,120.1875,120.6875
2023-08-15,120.5625,120.71875,119.4375,120.09375
2023-08-16,120.1875,120.59375,119.09375,119.375
2023-08-17,119.46875,119.59375,118.4375,118.65625
2023-08-18,119.0,119.875,118.84375,119.21875
2023-08-21,119.21875,119.3125,117.65625,117.875
2023-08-22,117.9375,118.5,117.5625,118.34375
2023-08-23,118.40625,120.46875,118.375,120.21875
2023-08-24,120.28125,120.71875,119.6875,119.84375
2023-08-25,119.8125,120.28125,119.15625,119.75
2023-08-28,119.875,120.4375,119.59375,119.9375
2023-08-29,120.09375,121.375,119.59375,121.09375
2023-08-30,121.15625,121.59375,120.59375,121.125
2023-08-31,121.25,121.84375,121.09375,121.5625
2023-09-01,121.34375,121.8125,119.875,120.25
2023-09-05,120.09375,120.09375,118.90625,119.03125
2023-09-06,119.15625,119.46875,118.875,119.125
2023-09-07,119.0,119.46875,118.75,119.28125
2023-09-08,119.46875,120.03125,119.4375,119.5
2023-09-11,119.5,119.5,118.90625,119.03125
2023-09-12,119.09375,119.40625,118.96875,119.375
2023-09-13,119.25,119.65625,118.8125,119.625
2023-09-14,119.6875,119.78125,119.03125,119.03125
2023-09-15,118.96875,118.96875,118.4375,118.59375
2023-09-18,118.34375,119.09375,118.34375,118.875
2023-09-19,118.75,119.0,118.375,118.375
2023-09-20,118.9375,119.28125,118.46875,119.21875
2023-09-21,117.875,117.875,115.90625,116.28125
2023-09-22,115.9375,117.09375,115.71875,116.90625
2023-09-25,116.9375,117.0,114.6875,114.84375
2023-09-26,115.0,115.71875,114.3125,114.375
2023-09-27,114.6875,115.46875,113.34375,113.5
2023-09-28,113.6875,113.96875,112.3125,113.5
2023-09-29,113.78125,114.75,113.375,113.78125
2023-10-02,113.75,113.75,111.96875,112.375
2023-10-03,112.5625,112.75,110.5,110.65625
2023-10-04,110.75,111.84375,109.625,111.5
2023-10-05,111.5625,111.90625,110.71875,111.40625
2023-10-06,111.3125,111.4375,108.90625,110.46875
2023-10-09,110.5625,112.25,110.34375,112.03125
2023-10-10,112.0,112.59375,110.9375,112.0625
2023-10-11,112.0,113.9375,111.96875,113.375
2023-10-12,113.84375,114.3125,111.21875,111.46875
2023-10-13,111.65625,113.4375,111.625,112.78125
2023-10-16,112.84375,112.84375,111.1875,111.34375
2023-10-17,111.4375,111.53125,109.53125,110.0
2023-10-18,110.25,110.375,108.78125,109.28125
2023-10-19,109.09375,109.46875,107.6875,107.84375
2023-10-20,107.84375,108.875,107.53125,108.46875
2023-10-23,108.0625,110.25,107.125,109.96875
2023-10-24,109.75,110.5,109.25,110.0
2023-10-25,110.28125,110.5,108.28125,108.40625
2023-10-26,108.40625,109.96875,107.875,109.875
2023-10-27,109.78125,109.84375,108.9375,109.5
2023-10-30,109.6875,109.8125,108.5,109.28125
2023-10-31,109.0,110.375,108.5625,109.4375
2023-11-01,108.65625,111.1875,108.59375,110.4375
2023-11-02,111.15625,112.96875,110.96875,112.5
2023-11-03,112.6875,114.84375,112.375,113.65625
2023-11-06,113.40625,113.4375,112.375,112.46875
2023-11-07,112.75,114.34375,112.46875,113.96875
2023-11-08,114.0,115.375,113.46875,114.8125
2023-11-09,115.25,115.375,112.375,112.96875
2023-11-10,113.15625,114.03125,112.6875,113.375
2023-11-13,113.09375,113.40625,112.375,113.28125
2023-11-14,113.125,115.71875,112.9375,115.4375
2023-11-15,115.25,115.71875,113.9375,114.25
2023-11-16,114.25,115.5625,114.1875,115.3125
2023-11-17,115.28125,116.15625,114.84375,115.40625
2023-11-20,115.3125,116.0625,114.6875,115.8125
2023-11-21,115.78125,116.4375,115.25,115.625
2023-11-22,115.9375,116.5,115.46875,115.875
2023-11-23,115.9375,116.25,115.25,115.4375
2023-11-24,115.9375,116.25,114.75,114.84375
2023-11-27,114.90625,116.15625,114.46875,116.03125
2023-11-28,116.0,116.6875,115.65625,116.375
2023-11-29,116.625,117.59375,116.5,117.40625
2023-11-30,117.46875,117.71875,116.1875,116.4375
2023-12-01,116.65625,118.46875,116.46875,118.15625
2023-12-04,118.15625,118.25,117.34375,117.5625
2023-12-05,117.90625,119.53125,117.875,119.4375
2023-12-06,119.46875,120.75,119.125,120.5625
2023-12-07,120.625,120.625,119.65625,120.28125
2023-12-08,119.84375,119.90625,118.53125,119.03125
2023-12-11,119.09375,119.09375,118.4375,119.03125
2023-12-12,119.375,119.96875,118.90625,119.5
2023-12-13,119.96875,121.75,119.96875,121.625
2023-12-14,122.6875,123.75,122.40625,123.34375
2023-12-15,123.6875,124.0,123.65625,123.84375
2023-12-18,123.75,123.75,123.25,123.25
2023-12-19,123.9375,124.0625,123.5625,123.71875
2023-12-20,123.5,124.75,123.46875,124.375
2023-12-21,124.625,124.9375,123.875,123.96875
2023-12-22,124.03125,124.71875,123.625,123.78125
2023-12-26,123.90625,124.3125,123.8125,124.25
2023-12-27,124.09375,125.9375,124.0,125.875
2023-12-28,125.59375,125.875,124.9375,125.125
2023-12-29,125.0625,125.28125,124.28125,124.9375
2024-01-02,124.46875,124.65625,123.25,123.8125
2024-01-03,123.96875,124.3125,122.78125,124.125
2024-01-04,123.875,124.15625,122.5625,122.84375
2024-01-05,122.6875,123.21875,121.28125,122.03125
2024-01-08,122.03125,123.0,121.625,122.53125
2024-01-09,122.21875,122.75,121.8125,122.40625
2024-01-10,122.4375,122.9375,121.9375,122.15625
2024-01-11,122.15625,123.46875,121.46875,122.71875
2024-01-12,122.90625,123.40625,122.28125,122.875
2024-01-16,123.0625,123.09375,120.84375,121.0625
2024-01-17,121.125,121.5625,120.375,120.78125
2024-01-18,120.75,121.09375,119.6875,119.90625
2024-01-19,119.96875,120.40625,119.3125,120.0
2024-01-22,120.25,121.15625,120.125,120.71875
2024-01-23,120.625,120.8125,119.625,119.8125
2024-01-24,120.03125,120.65625,119.125,119.21875
2024-01-25,119.28125,120.125,119.0,119.8125
2024-01-26,119.90625,120.375,119.375,119.5625
2024-01-29,119.90625,121.03125,119.71875,120.53125
2024-01-30,120.75,121.59375,120.59375,121.25
2024-01-31,121.5625,123.125,121.40625,122.34375
2024-02-01,123.03125,124.75,122.46875,124.03125
2024-02-02,123.71875,124.0,121.59375,121.90625
2024-02-05,121.9375,121.96875,119.9375,120.125
2024-02-06,120.1875,121.1875,120.0,121.0
2024-02-07,120.875,121.3125,120.375,120.84375
2024-02-08,120.6875,120.875,119.625,119.6875
2024-02-09,120.0625,120.4375,119.46875,119.625
2024-02-12,119.75,120.125,119.40625,119.84375
2024-02-13,119.71875,120.875,117.9375,117.96875
2024-02-14,118.09375,118.8125,117.8125,118.53125
2024-02-15,118.625,119.625,118.5625,118.875
2024-02-16,119.0625,119.0625,117.84375,118.21875
2024-02-20,118.34375,118.75,117.6875,118.3125
2024-02-21,118.375,118.6875,117.625,117.71875
2024-02-22,117.875,118.28125,117.34375,118.0625
2024-02-23,118.125,119.25,117.78125,119.0625
2024-02-26,119.09375,119.6875,118.34375,118.59375
2024-02-27,118.90625,119.28125,118.1875,118.3125
2024-02-28,118.46875,118.96875,118.28125,118.75
2024-02-29,118.84375,119.5,118.21875,119.25
2024-03-01,119.15625,120.0625,118.5625,120.03125
2024-03-04,120.0,120.0,119.125,119.59375
2024-03-05,119.59375,121.25,119.53125,120.84375
2024-03-06,120.53125,121.65625,120.4375,121.59375
2024-03-07,121.3125,122.21875,121.3125,121.71875
2024-03-08,121.96875,122.21875,121.3125,121.5
2024-03-11,121.84375,121.90625,121.28125,121.40625
2024-03-12,121.5625,121.65625,120.75,120.75
2024-03-13,121.03125,121.03125,120.25,120.25
2024-03-14,120.40625,120.40625,118.71875,118.71875
2024-03-15,119.03125,119.03125,118.53125,118.75
2024-03-18,118.59375,118.84375,118.125,118.21875
2024-03-19,118.53125,118.84375,118.21875,118.75
2024-03-20,118.71875,119.65625,118.125,118.8125
2024-03-21,118.875,119.625,118.59375,119.0
2024-03-22,119.09375,120.15625,119.0625,119.78125
2024-03-25,119.96875,120.1875,119.1875,119.3125
2024-03-26,119.40625,119.78125,119.0625,119.625
2024-03-27,119.625,120.375,119.5,120.1875
2024-03-28,120.3125,120.625,119.75,120.4375
2024-04-01,120.34375,120.46875,118.4375,118.5
2024-04-02,118.71875,118.8125,117.15625,117.71875
2024-04-03,117.84375,118.03125,116.75,117.78125
2024-04-04,117.9375,118.53125,117.375,118.40625
2024-04-05,118.34375,118.46875,117.03125,117.53125
2024-04-08,117.09375,117.3125,116.34375,117.125
2024-04-09,117.125,118.15625,117.0,117.96875
2024-04-10,118.0,118.3125,115.40625,115.5625
2024-04-11,115.78125,116.03125,114.90625,115.25
2024-04-12,115.0,116.4375,114.96875,116.21875
2024-04-15,116.03125,116.03125,113.90625,114.28125
2024-04-16,114.53125,114.75,113.3125,113.96875
2024-04-17,113.84375,114.96875,113.625,114.84375
2024-04-18,114.8125,115.1875,114.0625,114.125
2024-04-19,114.375,116.15625,114.28125,114.625
2024-04-22,114.375,114.6875,113.96875,114.53125
2024-04-23,114.625,115.15625,114.0625,114.71875
2024-04-24,114.6875,114.75,113.625,113.90625
2024-04-25,114.0625,114.34375,112.84375,113.3125
2024-04-26,113.34375,114.3125,113.1875,113.84375
2024-04-29,113.9375,114.75,113.9375,114.59375
2024-04-30,114.59375,114.78125,113.75,113.8125
2024-05-01,113.9375,115.1875,113.6875,115.03125
2024-05-02,114.5625,115.15625,114.0625,115.125
2024-05-03,114.90625,116.5625,114.78125,115.9375
2024-05-06,115.8125,116.40625,115.71875,116.21875
2024-05-07,116.25,117.21875,116.125,116.6875
2024-05-08,116.78125,116.875,116.1875,116.34375
2024-05-09,116.25,116.8125,115.75,116.75
2024-05-10,116.65625,116.90625,115.9375,116.0625
2024-05-13,116.125,116.6875,116.125,116.375
2024-05-14,116.28125,116.875,115.65625,116.78125
2024-05-15,116.875,118.25,116.75,118.0625
2024-05-16,118.21875,118.71875,117.78125,117.90625
2024-05-17,117.9375,118.0625,117.21875,117.3125
2024-05-20,117.28125,117.5,116.78125,117.0625
2024-05-21,116.96875,117.59375,116.84375,117.34375
2024-05-22,117.34375,117.53125,116.75,117.28125
2024-05-23,117.46875,117.65625,116.46875,116.8125
2024-05-24,116.78125,117.03125,116.40625,116.8125
2024-05-28,116.96875,117.15625,115.625,115.78125
2024-05-29,115.625,115.78125,114.34375,114.5625
2024-05-30,114.71875,115.59375,114.46875,115.4375
2024-05-31,115.46875,116.34375,115.21875,115.9375
2024-06-03,116.1875,117.625,116.1875,117.46875
2024-06-04,117.59375,118.6875,117.34375,118.40625
2024-06-05,118.40625,119.1875,118.15625,119.0625
2024-06-06,119.03125,119.34375,118.71875,119.25
2024-06-07,119.15625,119.15625,117.375,117.40625
2024-06-10,116.90625,116.90625,116.6875,116.78125
2024-06-11,117.0,117.59375,116.9375,117.59375
2024-06-12,117.59375,119.4375,117.59375,119.0
2024-06-13,118.65625,119.6875,118.65625,119.6875
2024-06-14,120.40625,120.40625,119.9375,120.28125
2024-06-17,119.28125,119.65625,119.21875,119.46875
2024-06-18,119.71875,120.0625,119.71875,120.0625
2024-06-20,120.375,120.5625,119.25,119.8125
2024-06-21,119.65625,120.34375,119.46875,119.78125
2024-06-24,119.71875,120.3125,119.5,120.0
2024-06-25,120.1875,120.625,119.84375,120.15625
2024-06-26,120.09375,120.09375,118.6875,118.9375
2024-06-27,118.75,119.46875,118.40625,119.3125
2024-06-28,119.3125,119.625,117.4375,118.3125
2024-07-01,117.3125,117.5625,115.9375,116.09375
2024-07-02,116.375,117.03125,116.28125,116.65625
2024-07-03,116.75,118.125,116.59375,118.0
2024-07-05,117.75,118.9375,117.0625,118.8125
2024-07-08,118.71875,119.03125,118.15625,119.0
2024-07-09,118.8125,118.9375,118.03125,118.4375
2024-07-10,118.5,118.96875,118.28125,118.75
2024-07-11,118.65625,120.34375,118.5,119.84375
2024-07-12,119.625,120.03125,119.1875,119.9375
2024-07-15,119.375,119.5625,118.71875,119.1875
2024-07-16,119.09375,120.375,119.09375,120.28125
2024-07-17,120.3125,120.53125,119.84375,120.53125
2024-07-18,120.3125,120.34375,119.59375,119.8125
2024-07-19,119.65625,119.90625,118.96875,119.125
2024-07-22,119.46875,119.75,118.46875,118.78125
2024-07-23,118.875,119.34375,118.78125,119.03125
2024-07-24,118.8125,119.28125,117.90625,118.03125
2024-07-25,118.0,119.40625,118.0,118.625
2024-07-26,118.78125,119.5625,118.375,119.34375
2024-07-29,119.375,120.15625,119.3125,119.65625
2024-07-30,119.71875,120.375,119.5,120.1875
2024-07-31,120.25,121.8125,119.96875,120.78125
2024-08-01,121.71875,122.8125,121.3125,122.53125
2024-08-02,122.46875,125.25,122.25,125.0625
2024-08-05,125.1875,126.84375,124.65625,125.40625
2024-08-06,125.34375,125.4375,123.40625,123.6875
2024-08-07,123.90625,123.90625,122.28125,122.4375
2024-08-08,122.625,123.375,121.53125,122.0
2024-08-09,122.0625,123.1875,122.0625,122.90625
2024-08-12,122.9375,123.46875,122.53125,123.3125
2024-08-13,123.3125,124.125,122.96875,124.0
2024-08-14,124.03125,124.78125,123.84375,124.59375
2024-08-15,124.4375,124.53125,122.65625,123.28125
2024-08-16,123.46875,124.125,123.28125,123.6875
2024-08-19,123.71875,124.40625,123.46875,124.1875
2024-08-20,124.09375,125.03125,123.84375,124.875
2024-08-21,124.96875,125.5625,124.53125,125.375
2024-08-22,124.9375,125.125,123.75,124.03125
2024-08-23,124.125,124.9375,124.0,124.59375
2024-08-26,124.71875,125.09375,124.3125,124.53125
2024-08-27,124.5625,124.65625,123.625,124.15625
2024-08-28,124.3125,124.65625,123.90625,123.96875
2024-08-29,124.09375,124.4375,123.21875,123.59375
2024-08-30,123.75,123.9375,122.5,122.96875
2024-09-03,122.90625,124.28125,122.5,124.03125
2024-09-04,124.0625,125.21875,124.0625,125.03125
2024-09-05,125.09375,125.625,124.9375,125.53125
2024-09-06,125.6875,126.625,125.25,125.78125
2024-09-09,125.65625,126.09375,125.125,126.0625
2024-09-10,125.75,126.78125,125.75,126.71875
2024-09-11,126.625,127.21875,126.3125,126.625
2024-09-12,126.4375,126.78125,126.03125,126.1875
2024-09-13,126.46875,126.59375,126.21875,126.59375
2024-09-16,126.5625,127.125,126.5625,127.03125
2024-09-17,127.25,127.3125,126.75,126.84375
2024-09-18,126.3125,126.875,125.96875,125.96875
2024-09-19,125.5,125.6875,125.0,125.0
2024-09-20,125.5,125.71875,124.8125,125.25
2024-09-23,125.03125,125.3125,124.25,125.125
2024-09-24,124.9375,125.1875,123.90625,125.03125
2024-09-25,125.0625,125.1875,124.09375,124.28125
2024-09-26,124.21875,124.6875,123.71875,124.34375
2024-09-27,124.21875,125.0,124.03125,124.875
2024-09-30,124.8125,124.875,124.125,124.1875
2024-10-01,124.40625,125.78125,124.34375,125.0
2024-10-02,125.125,125.28125,123.625,124.28125
2024-10-03,124.28125,124.34375,123.3125,123.4375
2024-10-04,123.46875,123.6875,121.78125,121.96875
2024-10-07,121.9375,122.25,121.21875,121.3125
2024-10-08,121.3125,121.65625,120.75,121.125
2024-10-09,121.4375,121.5,120.53125,120.78125
2024-10-10,120.75,120.9375,119.875,120.1875
2024-10-11,120.65625,120.71875,119.71875,120.375
2024-10-14,120.0,120.125,119.4375,119.78125
2024-10-15,120.09375,121.21875,120.03125,121.0625
2024-10-16,121.03125,121.71875,120.96875,121.34375
2024-10-17,121.3125,121.375,119.9375,120.0
2024-10-18,120.09375,120.5,119.5625,120.25
2024-10-21,120.0625,120.1875,118.46875,118.6875
2024-10-22,118.5625,118.96875,118.0625,118.46875
2024-10-23,118.40625,118.46875,117.78125,118.03125
2024-10-24,118.03125,119.03125,117.90625,118.75
2024-10-25,118.625,119.15625,118.03125,118.28125
2024-10-28,118.05999755859375,118.12000274658203,117.0,117.65625
2024-10-29,117.9375,117.9375,117.875,117.6875
2024-10-30,117.30000305175781,118.27999877929688,117.16000366210938,118.0625
2024-10-31,117.59375,118.21875,117.1875,117.96875
2024-11-01,118.0,118.78125,116.5,116.8125
2024-11-04,117.28125,118.3125,117.28125,117.6875
2024-11-05,118.03125,118.375,117.15625,118.15625
2024-11-06,118.28125,118.65625,115.3125,116.25
2024-11-07,116.125,117.25,115.6875,117.09375
2024-11-08,117.1875,118.34375,116.9375,117.84375
2024-11-11,117.84375,117.90625,117.21875,117.65625
2024-11-12,117.84375,118.15625,116.125,116.3125
2024-11-13,116.34375,117.34375,115.6875,115.84375
2024-11-14,115.96875,116.96875,115.46875,116.5625
2024-11-15,116.375,116.65625,115.34375,116.3125
2024-11-18,116.09375,116.625,115.28125,116.3125
2024-11-19,116.28125,117.40625,116.25,116.90625
2024-11-20,116.65625,116.90625,116.09375,116.5625
2024-11-21,116.46875,116.90625,116.0,116.125
2024-11-22,116.3125,116.84375,116.0625,116.28125
2024-11-25,117.03125,118.34375,116.84375,118.28125
2024-11-26,118.0625,118.25,117.5,117.875
2024-11-27,117.90625,118.90625,117.8125,118.625
2024-11-29,118.53125,119.34375,118.25,119.28125
2024-12-02,119.21875,119.71875,118.71875,119.4375
2024-12-03,119.34375,119.65625,118.71875,118.96875
2024-12-04,118.75,119.65625,118.15625,119.5625
2024-12-05,119.1875,119.65625,119.125,119.65625
2024-12-06,119.9375,120.46875,119.6875,119.9375
2024-12-09,120.125,120.125,119.15625,119.15625
2024-12-10,119.09375,119.09375,118.5625,118.84375
2024-12-11,118.625,118.75,118.0,118.0
2024-12-12,117.5625,117.5625,117.15625,117.15625
2024-12-13,117.21875,117.28125,116.0625,116.15625
2024-12-16,116.28125,116.59375,116.125,116.125
2024-12-17,116.3125,116.34375,116.28125,116.34375
2024-12-18,116.40625,116.40625,115.03125,115.03125
2024-12-19,114.1875,114.1875,113.75,113.75
2024-12-20,114.0625,115.03125,114.0,114.5
2024-12-23,114.5,114.59375,113.5625,113.5625
2024-12-24,113.75,113.9375,113.1875,113.875
2024-12-26,113.78125,114.0625,113.09375,113.9375
2024-12-27,113.8125,114.03125,113.0625,113.28125
2024-12-30,113.1875,114.28125,113.0625,114.09375
2024-12-31,114.28125,114.71875,113.59375,113.84375
2025-01-02,113.75,114.59375,113.34375,113.75
2025-01-03,114.03125,114.34375,113.4375,113.53125
2025-01-06,113.46875,113.75,112.8125,113.125
2025-01-07,112.96875,113.28125,111.96875,112.15625
2025-01-08,112.15625,112.40625,111.4375,111.96875
2025-01-09,111.9375,112.6875,111.9375,112.125
2025-01-10,112.03125,112.21875,110.875,111.21875
2025-01-13,111.34375,111.46875,110.78125,110.84375
2025-01-14,111.15625,111.5,110.59375,110.90625
2025-01-15,110.9375,112.9375,110.9375,112.53125
2025-01-16,112.4375,113.28125,112.0625,113.0
2025-01-17,112.875,113.625,112.8125,113.09375
2025-01-21,112.90625,114.09375,112.5,113.65625
2025-01-22,113.5,113.9375,113.1875,113.4375
2025-01-23,113.25,113.5,112.53125,112.875
2025-01-24,112.8125,113.28125,112.53125,113.1875
2025-01-27,113.21875,114.78125,113.21875,114.375
2025-01-28,114.28125,114.34375,113.71875,114.09375
2025-01-29,114.25,114.6875,113.625,114.09375
2025-01-30,114.375,115.03125,114.21875,114.65625
2025-01-31,114.65625,114.84375,113.65625,113.90625
2025-02-03,114.0,115.46875,113.875,114.375
2025-02-04,114.0625,114.8125,113.5625,114.75
2025-02-05,114.71875,116.40625,114.5,116.15625
2025-02-06,116.21875,116.4375,115.75,116.09375
2025-02-07,116.1875,117.03125,115.21875,115.53125
2025-02-10,115.5,115.90625,115.21875,115.40625
2025-02-11,115.375,115.5625,114.6875,114.78125
2025-02-12,114.8125,115.1875,113.125,113.40625
2025-02-13,113.5,115.09375,113.46875,115.0
2025-02-14,114.84375,115.9375,114.59375,115.53125
2025-02-18,115.46875,115.59375,114.40625,114.65625
2025-02-19,114.5,114.78125,114.125,114.625
2025-02-20,114.625,115.15625,114.5625,115.03125
2025-02-21,114.875,116.3125,114.84375,116.09375
2025-02-24,115.9375,116.5,115.5625,116.34375
2025-02-25,116.21875,117.84375,116.1875,117.65625
2025-02-26,117.625,118.3125,117.15625,118.28125
2025-02-27,118.21875,118.3125,117.4375,117.71875
2025-02-28,117.96875,118.8125,117.78125,118.3125
2025-03-03,118.3125,119.375,117.875,119.03125
2025-03-04,119.34375,119.75,118.03125,118.4375
2025-03-05,117.90625,118.65625,117.4375,117.75
2025-03-06,117.25,117.53125,116.65625,117.34375
2025-03-07,117.40625,118.125,116.84375,116.90625
2025-03-10,117.3125,118.3125,117.28125,118.15625
2025-03-11,118.3125,118.5,117.1875,117.1875
2025-03-12,117.34375,117.40625,116.78125,116.8125
2025-03-13,116.5,117.4375,116.5,117.4375
2025-03-14,117.4375,117.4375,116.8125,117.03125
2025-03-17,117.5,117.71875,117.25,117.25
2025-03-18,116.875,117.625,116.875,117.53125
2025-03-19,117.46875,117.96875,117.15625,117.78125
2025-03-20,118.1875,118.5625,118.125,118.15625
2025-03-21,117.6875,118.1875,117.34375,117.375
2025-03-24,117.375,117.4375,116.28125,116.40625
2025-03-25,116.34375,116.78125,115.84375,116.59375
2025-03-26,116.5,116.5,115.8125,116.15625
2025-03-27,116.0,116.25,115.25,115.65625
2025-03-28,115.6875,117.1875,115.65625,117.09375
2025-03-31,117.28125,118.0625,117.09375,117.28125
2025-04-01,117.84375,118.90625,117.65625,118.59375
2025-04-02,118.375,119.28125,117.59375,118.0
2025-04-03,119.15625,120.15625,119.09375,119.40625
2025-04-04,119.625,121.84375,119.4375,120.59375
2025-04-07,121.21875,122.15625,116.75,117.625
2025-04-08,117.1875,118.0,114.96875,115.75
2025-04-09,115.0,115.71875,111.53125,114.53125
2025-04-10,115.21875,116.34375,113.5,113.875
2025-04-11,113.6875,114.125,111.65625,113.1875
2025-04-14,113.34375,114.5625,112.5,114.5
2025-04-15,114.3125,115.03125,113.75,114.84375
2025-04-16,114.75,115.46875,114.375,115.28125
2025-04-17,115.34375,115.4375,114.25,114.5625
2025-04-21,114.3125,114.40625,112.84375,113.03125
2025-04-22,113.09375,113.90625,112.71875,113.59375
2025-04-23,114.0625,115.96875,113.90625,114.15625
2025-04-24,114.3125,115.25,114.25,115.1875
2025-04-25,115.03125,116.28125,114.875,115.8125
2025-04-28,116.09375,116.53125,115.4375,116.375
2025-04-29,116.40625,117.1875,115.9375,117.0625
2025-04-30,116.96875,117.65625,116.0625,116.625
2025-05-01,116.5625,117.21875,115.75,115.875
2025-05-02,116.03125,116.4375,114.75,114.90625
2025-05-05,115.03125,115.34375,114.125,114.5
2025-05-06,114.4375,114.96875,113.96875,114.75
2025-05-07,115.0,115.59375,114.5625,115.375
2025-05-08,115.375,115.46875,114.0625,114.40625
2025-05-09,114.15625,114.59375,113.78125,114.34375
2025-05-12,114.0625,114.15625,113.21875,113.5
2025-05-13,113.3125,113.71875,112.59375,112.6875
2025-05-14,113.15625,113.34375,112.1875,112.375
2025-05-15,112.3125,113.53125,111.90625,113.0625
2025-05-16,113.4375,114.03125,112.53125,113.375
2025-05-19,112.5625,113.28125,111.46875,112.78125
2025-05-20,113.21875,113.53125,112.03125,112.5625
2025-05-21,112.46875,112.71875,110.75,110.78125
2025-05-22,110.75,111.5,110.03125,111.1875
2025-05-23,111.4375,112.5,111.25,111.65625
2025-05-27,111.59375,113.0,110.9375,112.90625
2025-05-28,112.71875,112.9375,111.96875,112.34375
2025-05-29,112.3125,113.3125,111.5625,113.1875
2025-05-30,113.15625,113.5625,112.875,113.1875
2025-06-02,113.375,113.40625,112.3125,112.375
2025-06-03,112.6875,113.21875,112.4375,112.625
2025-06-04,112.65625,114.28125,112.53125,114.0625
2025-06-05,114.0,114.53125,113.84375,113.96875
2025-06-06,113.96875,113.96875,112.59375,112.65625
2025-06-09,112.90625,112.96875,112.4375,112.875
2025-06-10,112.9375,113.4375,112.9375,113.09375
2025-06-11,113.0,113.8125,112.9375,113.78125
2025-06-12,114.21875,114.84375,114.21875,114.78125
2025-06-13,115.28125,115.4375,113.75,113.75
2025-06-16,113.375,113.875,113.125,113.125
2025-06-17,113.40625,114.09375,113.40625,114.09375
2025-06-18,114.53125,114.75,114.15625,114.5625
2025-06-20,113.59375,114.0,112.90625,113.78125
2025-06-23,114.0,114.71875,113.25,114.34375
2025-06-24,114.03125,114.8125,113.5625,114.71875
2025-06-25,114.625,115.0,114.03125,114.5625
2025-06-26,114.59375,115.1875,114.4375,114.9375
2025-06-27,115.09375,115.28125,114.34375,114.46875
2025-06-30,114.46875,115.53125,114.1875,115.46875
2025-07-01,115.4375,116.09375,114.9375,115.375
2025-07-02,115.59375,115.59375,114.40625,114.6875
2025-07-03,114.84375,115.34375,113.96875,114.25
2025-07-04,114.28125,114.6875,114.15625,114.28125
2025-07-07,114.21875,114.40625,113.125,113.21875
2025-07-08,113.5,113.53125,112.65625,113.03125
2025-07-09,113.25,114.1875,112.96875,114.0625
2025-07-10,114.15625,114.40625,113.71875,114.25
2025-07-11,114.09375,114.34375,112.8125,112.90625
2025-07-14,113.0,113.09375,112.46875,112.75
2025-07-15,112.625,113.3125,111.9375,111.96875
2025-07-16,112.0625,112.71875,111.34375,112.15625
2025-07-17,112.125,112.59375,111.65625,112.125
2025-07-18,112.21875,112.65625,112.1875,112.4375
2025-07-21,112.625,113.78125,112.40625,113.4375
2025-07-22,113.3125,114.0625,113.0,113.96875
2025-07-23,113.75,113.78125,113.09375,113.34375
2025-07-24,113.46875,113.53125,112.65625,113.28125
2025-07-25,113.40625,113.71875,112.9375,113.59375
2025-07-28,113.4375,113.9375,113.09375,113.15625
2025-07-29,113.1875,114.6875,113.09375,114.53125
2025-07-30,114.625,114.78125,113.78125,113.875
2025-07-31,113.9375,114.625,113.90625,114.1875
2025-08-01,114.0,115.84375,113.3125,115.6875
2025-08-04,115.59375,116.0,115.0,115.90625
2025-08-05,115.90625,116.21875,115.5625,116.125
2025-08-06,115.875,115.96875,114.34375,115.5625
2025-08-07,115.4375,115.90625,115.28125,115.53125
2025-08-08,115.4375,115.5625,114.84375,115.0
2025-08-11,115.0,115.46875,114.96875,115.15625
2025-08-12,115.03125,115.65625,114.3125,114.65625
2025-08-13,114.6875,115.65625,114.5625,115.5
2025-08-14,115.5,115.96875,114.625,114.65625
2025-08-15,114.75,115.03125,113.9375,114.0
2025-08-18,114.09375,114.5625,113.59375,113.78125
2025-08-19,113.90625,114.40625,113.65625,114.34375
2025-08-20,114.25,114.71875,114.0,114.40625
2025-08-21,114.5,114.59375,113.75,114.0625
2025-08-22,114.1875,115.125,113.90625,114.84375
2025-08-25,114.90625,115.0,114.3125,114.71875
2025-08-26,114.6875,114.8125,113.90625,114.59375
2025-08-27,114.40625,114.65625,113.875,114.625
2025-08-28,114.53125,115.25,114.53125,115.1875
2025-08-29,115.21875,115.21875,114.4375,114.65625
2025-09-02,114.65625,114.65625,113.5,113.875
2025-09-03,114.0,115.09375,113.5,115.0
2025-09-04,114.9375,115.65625,114.90625,115.34375
2025-09-05,115.71875,116.9375,115.59375,116.90625
2025-09-08,116.9375,117.90625,116.78125,117.90625
2025-09-09,117.53125,117.8125,117.40625,117.5625
2025-09-10,117.375,118.3125,117.28125,118.125
2025-09-11,117.875,118.59375,117.71875,118.40625
2025-09-12,118.25,118.25,117.5,117.84375
2025-09-15,117.625,118.34375,117.625,118.28125
2025-09-16,118.4375,118.46875,117.96875,118.40625
2025-09-17,118.71875,118.90625,117.71875,117.90625
2025-09-18,117.625,118.1875,117.0,117.28125
2025-09-19,117.0,117.0,116.625,116.78125
2025-09-22,116.4375,116.59375,116.03125,116.25
2025-09-23,116.1875,116.84375,116.15625,116.59375
2025-09-24,116.84375,116.9375,116.15625,116.3125
2025-09-25,116.34375,116.53125,115.75,116.21875
2025-09-26,116.34375,116.65625,115.875,116.03125
2025-09-29,116.09375,116.9375,116.09375,116.84375
2025-09-30,116.84375,117.21875,116.46875,116.59375
2025-10-01,116.59375,117.375,116.21875,116.96875
2025-10-02,117.03125,117.40625,116.71875,117.28125
2025-10-03,117.28125,117.5,116.84375,116.9375
2025-10-06,116.78125,116.8125,116.15625,116.25
2025-10-07,116.40625,117.0,116.03125,116.78125
2025-10-08,116.8125,117.40625,116.625,116.8125
2025-10-09,117.0,117.1875,116.5,116.625
2025-10-10,116.71875,118.34375,116.6875,118.0625
2025-10-13,117.875,118.0,117.34375,117.9375
2025-10-14,118.0,118.78125,117.71875,118.28125
2025-10-15,118.125,118.75,117.875,117.96875
2025-10-16,118.125,118.9375,117.84375,118.84375
2025-10-17,118.8125,119.34375,118.25,118.46875
2025-10-20,118.34375,118.90625,118.1875,118.78125
2025-10-21,118.875,119.46875,118.78125,119.1875
2025-10-22,119.3125,119.59375,119.03125,119.28125
2025-10-23,119.34375,119.40625,118.5,118.84375
2025-10-24,118.65625,119.21875,118.34375,118.59375
2025-10-27,118.15625,119.0,117.84375,118.78125
2025-10-28,119.03125,119.25,118.78125,119.0625
2025-10-29,119.09375,119.1875,117.875,118.21875
2025-10-30,118.0,118.09375,117.28125,117.59375
2025-10-31,117.5,117.6875,117.15625,117.3125
2025-11-03,117.34375,117.5625,116.90625,117.15625
2025-11-04,117.09375,117.5625,117.03125,117.40625
2025-11-05,117.40625,117.875,116.34375,116.4375
2025-11-06,116.40625,117.4375,116.375,117.21875
2025-11-07,117.34375,117.4375,116.8125,117.0625
2025-11-10,116.78125,117.1875,116.3125,117.0
2025-11-11,116.90625,117.59375,116.75,117.5
2025-11-12,117.46875,117.84375,117.15625,117.625
2025-11-13,117.5,117.71875,116.90625,117.09375
2025-11-14,116.96875,117.71875,116.4375,116.5
2025-11-17,116.4375,117.0,116.3125,116.71875
2025-11-18,116.59375,117.25,116.46875,116.71875
2025-11-19,116.84375,117.0625,116.4375,116.59375
2025-11-20,116.5,117.15625,116.1875,116.90625
2025-11-21,117.0625,117.6875,116.875,117.21875
2025-11-24,117.1875,117.78125,117.15625,117.71875
2025-11-25,117.75,118.4375,117.5625,118.09375
2025-11-26,118.21875,118.3125,117.53125,118.21875
2025-11-28,118.25,118.3125,117.625,117.875
2025-12-01,117.875,117.875,116.65625,116.71875
2025-12-02,116.8125,116.875,116.4375,116.84375
2025-12-03,116.75,117.25,116.75,117.21875
2025-12-04,116.875,116.875,116.53125,116.5625
2025-12-05,116.6875,116.6875,116.09375,116.125
2025-12-08,116.03125,116.34375,115.53125,115.65625
2025-12-09,115.9375,115.9375,115.6875,115.75
2025-12-10,116.09375,116.28125,115.90625,115.9375
2025-12-11,116.46875,116.6875,115.96875,116.1875
2025-12-12,116.125,116.125,115.28125,115.28125
2025-12-15,115.53125,115.59375,115.4375,115.46875
2025-12-16,115.625,115.96875,115.1875,115.96875
2025-12-17,115.53125,115.90625,115.53125,115.84375
2025-12-18,116.46875,116.46875,116.28125,116.3125
2025-12-19,115.78125,116.1875,115.78125,115.9375
2025-12-22,115.34375,115.34375,114.96875,115.125
2025-12-23,115.21875,115.625,114.75,115.28125
2025-12-24,115.3125,115.8125,115.21875,115.78125
2025-12-26,115.71875,116.0625,115.40625,115.53125
2025-12-29,115.59375,116.125,115.4375,115.875
2025-12-30,115.96875,116.09375,115.5,115.8125
2025-12-31,115.90625,116.25,115.125,115.59375
2026-01-02,115.25,115.5625,114.875,115.0625
2026-01-05,115.0,115.59375,114.875,115.3125
2026-01-06,115.34375,115.40625,114.8125,115.15625
2026-01-07,115.15625,116.03125,115.125,115.90625
2026-01-08,115.71875,115.9375,115.28125,115.375
2026-01-09,115.6875,115.90625,115.03125,115.78125
2026-01-12,115.75,115.96875,115.15625,115.625
2026-01-13,115.71875,116.0,115.375,115.8125
2026-01-14,115.6875,116.46875,115.59375,116.3125
2026-01-15,116.40625,116.59375,116.09375,116.3125
2026-01-16,116.125,116.25,115.375,115.4375
2026-01-20,115.65625,115.71875,113.875,114.25
2026-01-21,114.1875,115.125,114.0,114.96875
2026-01-22,115.0625,115.34375,114.6875,115.1875
2026-01-23,115.28125,115.65625,115.0,115.34375
2026-01-26,115.625,116.03125,115.5625,115.84375
2026-01-27,115.78125,115.84375,115.0,115.53125
2026-01-28,115.0625,115.375,114.75,115.09375
2026-01-29,115.125,115.28125,114.5625,115.21875
2026-01-30,115.15625,115.1875,114.375,115.125
2026-02-02,114.9375,115.46875,114.4375,114.625
2026-02-03,114.46875,114.8125,114.21875,114.59375
2026-02-04,114.71875,114.84375,114.34375,114.53125
2026-02-05,114.5,115.75,114.375,115.375
2026-02-06,115.75,116.09375,115.21875,115.5
2026-02-09,115.3125,115.65625,114.84375,115.5625
2026-02-10,115.46875,116.625,115.40625,116.46875
2026-02-11,116.46875,116.78125,115.71875,116.09375
2026-02-12,116.15625,117.34375,116.0,117.28125
2026-02-13,117.1875,117.9375,116.9375,117.78125
2026-02-17,117.8125,118.375,117.65625,118.0
2026-02-18,117.875,118.09375,117.5,117.625
2026-02-19,117.59375,117.75,117.25,117.65625
2026-02-20,117.71875,117.9375,117.03125,117.40625
2026-02-23,117.40625,118.15625,117.1875,118.0
2026-02-24,117.90625,118.15625,117.71875,118.03125
2026-02-25,118.0625,118.15625,117.65625,117.90625
2026-02-26,117.875,118.40625,117.78125,118.28125
2026-02-27,118.40625,119.09375,118.375,118.875
2026-03-02,119.375,119.59375,117.65625,117.84375
2026-03-03,118.03125,118.0625,116.96875,117.6875
2026-03-04,117.65625,117.65625,117.1875,117.46875
2026-03-05,117.21875,117.21875,116.5625,116.625
2026-03-06,116.625,116.96875,115.875,116.59375
2026-03-09,116.0,117.21875,115.53125,116.6875
2026-03-10,117.15625,117.15625,116.21875,116.53125
2026-03-11,116.1875,116.28125,115.0,115.21875
2026-03-12,114.6875,115.03125,114.59375,114.59375
2026-03-13,114.5,114.75,114.09375,114.1875
2026-03-16,114.375,115.09375,114.375,115.09375
2026-03-17,114.9375,115.4375,114.71875,115.3125
2026-03-18,115.71875,115.71875,114.625,114.71875
2026-03-19,114.5625,114.9375,114.25,114.8125
2026-03-20,114.125,114.125,113.21875,113.3125
2026-03-23,112.0,113.5,111.78125,113.1875
2026-03-24,113.09375,113.28125,112.0625,112.625
2026-03-25,113.0,113.78125,112.96875,113.5625
2026-03-26,113.5,113.53125,112.53125,112.6875
2026-03-27,112.8125,112.90625,111.71875,112.1875
2026-03-30,112.3125,113.8125,112.21875,113.5
2026-03-31,113.40625,114.1875,113.21875,113.875
2026-04-01,113.5625,114.4375,113.4375,113.71875
2026-04-02,113.65625,114.21875,112.78125,113.9375
2026-04-06,113.46875,114.0625,113.25,113.875
2026-04-07,113.84375,114.1875,113.03125,113.5
2026-04-08,114.1875,115.0,113.96875,114.1875
2026-04-09,114.125,114.625,113.71875,114.125
2026-04-10,114.3125,114.34375,113.65625,113.78125
2026-04-13,113.3125,114.21875,113.09375,114.0625
2026-04-14,114.125,114.8125,114.03125,114.65625
2026-04-15,114.75,114.9375,114.15625,114.34375
2026-04-16,114.1875,114.5,113.59375,113.75
2026-04-17,113.65625,114.90625,113.5,114.59375
2026-04-20,114.28125,114.6875,114.03125,114.65625
2026-04-21,114.5625,114.84375,113.8125,114.1875
2026-04-22,114.1875,114.625,113.96875,114.15625
2026-04-23,114.0625,114.40625,113.4375,113.84375
2026-04-24,113.90625,114.21875,113.4375,114.0
2026-04-27,114.0,114.03125,113.5,113.6875
2026-04-28,113.5625,113.71875,113.0625,113.53125
2026-04-29,113.625,113.6875,112.4375,112.6875
2026-04-30,112.46875,113.125,112.34375,112.84375
2026-05-01,113.09375,113.53125,112.71875,113.09375
2026-05-04,113.25,113.46875,112.0,112.15625
2026-05-05,112.3125,112.8125,112.15625,112.71875
2026-05-06,112.625,113.875,112.625,113.625
2026-05-07,113.6875,114.125,113.03125,113.15625
2026-05-08,113.125,113.84375,113.0625,113.5625
2026-05-11,113.59375,113.59375,112.90625,112.96875
2026-05-12,112.9375,113.0,112.1875,112.28125
2026-05-13,112.28125,112.40625,111.8125,112.0625
2026-05-14,112.1875,112.78125,112.0625,112.46875
2026-05-15,112.15625,112.15625,110.53125,110.625
2026-05-18,110.59375,111.03125,110.15625,110.375
2026-05-19,110.6875,110.8125,109.5625,109.8125
2026-05-20,109.8125,111.03125,109.5,110.875
2026-05-21,110.71875,111.28125,110.15625,110.875
2026-05-22,111.09375,111.71875,111.03125,111.21875
2026-05-26,111.625,112.5625,111.625,112.1875
2026-05-27,112.21875,112.8125,112.1875,112.40625
2026-05-28,112.34375,113.09375,111.71875,112.8125
2026-05-29,112.9375,113.125,112.6875,112.71875
2026-06-01,112.875,113.0625,112.125,112.71875
2026-06-02,113.0,113.40625,112.875,113.03125
2026-06-03,113.0625,113.0625,112.46875,112.59375
2026-06-04,112.78125,113.15625,112.59375,112.78125
2026-06-05,112.84375,112.9375,112.0625,112.25
2026-06-08,112.1875,112.25,111.75,112.0
2026-06-09,111.75,112.4375,111.75,112.28125
2026-06-10,112.34375,112.4375,111.84375,112.0625
2026-06-11,111.6875,113.3125,111.6875,113.1875
2026-06-12,113.09375,113.25,112.6875,112.875
2026-06-15,113.34375,113.34375,113.0625,113.0625
2026-06-16,113.03125,113.65625,113.03125,113.65625
2026-06-17,113.65625,113.84375,113.40625,113.53125
2026-06-18,114.03125,114.375,113.78125,113.84375
2026-06-22,112.78125,113.1875,112.5,112.6875
2026-06-23,112.59375,113.09375,112.53125,112.8125
2026-06-24,112.78125,114.25,112.6875,114.09375
2026-06-25,114.21875,114.625,113.9375,114.09375
2026-06-26,114.03125,114.28125,113.59375,114.15625
2026-06-29,114.09375,114.34375,113.9375,114.15625
2026-06-30,114.125,114.375,112.75,113.5
2026-07-01,112.78125,112.90625,112.1875,112.65625
2026-07-02,112.59375,112.8125,112.15625,112.4375
2026-07-06,112.40625,112.71875,112.15625,112.375
2026-07-07,112.46875,112.5,111.375,111.65625
2026-07-08,111.40625,111.53125,110.84375,111.21875
2026-07-09,111.03125,111.59375,110.78125,111.4375
2026-07-10,111.21875,111.65625,111.0625,111.15625
2026-07-13,111.0625,111.15625,110.5625,110.71875
2026-07-14,110.5625,111.625,110.375,110.90625
2026-07-15,110.75,111.34375,110.4375,111.21875
2026-07-16,111.21875,111.3125,110.46875,111.0
2026-07-17,111.125,111.78125,111.0,111.40625
2026-07-20,111.25,111.40625,110.53125,110.625
2026-07-21,110.71875,110.84375,110.09375,110.375
2026-07-22,110.28125,110.40625,109.90625,110.03125
2026-07-23,109.9375,110.125,109.25,109.46875
2026-07-24,109.5625,110.125,109.34375,109.71875
2026-07-27,110.0625,110.46875,109.96875,110.28125
2026-07-28,110.15625,110.96875,110.09375,110.78125
2026-07-29,110.78125,110.8125,109.0,110.28125
2026-07-30,109.34375,109.5625,108.8125,109.40625
2026-07-31,109.28125,109.78125,108.25,108.3125
2026-08-03,108.875,109.25,108.78125,109.09375
2026-08-04,109.15625,110.125,108.71875,109.84375
2026-08-05,110.0,110.40625,109.78125,109.96875
2026-08-06,110.03125,110.21875,109.15625,109.34375
2026-08-07,109.15625,110.0625,109.0625,109.375
2026-08-10,109.34375,109.65625,108.75,108.90625
2026-08-11,108.78125,109.375,108.375,109.09375
2026-08-12,108.96875,109.75,108.84375,109.03125
2026-08-13,108.875,110.125,108.84375,109.65625
2026-08-14,109.65625,109.65625,108.78125,108.84375
2026-08-17,108.90625,109.21875,108.1875,108.3125
2026-08-18,108.34375,108.75,107.90625,108.65625
2026-08-19,108.65625,110.21875,108.53125,109.96875
2026-08-20,110.03125,110.28125,108.96875,109.46875
2026-08-21,109.28125,109.59375,108.78125,108.875
2026-08-24,108.90625,109.84375,108.90625,109.5
2026-08-25,109.59375,110.5,109.28125,110.25
2026-08-26,110.34375,110.5,109.90625,110.03125
2026-08-27,110.25,110.40625,109.8125,109.96875
2026-08-28,109.90625,110.375,109.53125,109.6875
2026-08-31,109.125,109.46875,108.375,108.65625
