date,open,high,low,close
2016-08-31,109.2421875,109.2734375,109.203125,109.25
2016-09-01,109.21875,109.28125,109.1796875,109.265625
2016-09-02,109.265625,109.3984375,109.21875,109.25
2016-09-06,109.2421875,109.359375,109.2265625,109.3515625
2016-09-07,109.359375,109.375,109.3359375,109.34375
2016-09-08,109.359375,109.359375,109.265625,109.265625
2016-09-09,109.265625,109.265625,109.2109375,109.234375
2016-09-12,109.2421875,109.28125,109.2421875,109.28125
2016-09-13,109.2890625,109.2890625,109.21875,109.21875
2016-09-14,109.2734375,109.3046875,109.25,109.3046875
2016-09-15,109.3203125,109.3515625,109.296875,109.34375
2016-09-16,109.3046875,109.3203125,109.2578125,109.2578125
2016-09-19,109.2734375,109.2734375,109.265625,109.265625
2016-09-20,109.2734375,109.28125,109.2578125,109.2578125
2016-09-21,109.2265625,109.2421875,109.21875,109.2421875
2016-09-22,109.296875,109.3125,109.265625,109.265625
2016-09-23,109.3203125,109.3203125,109.3125,109.3203125
2016-09-26,109.3515625,109.3671875,109.3515625,109.359375
2016-09-27,109.3671875,109.40625,109.359375,109.40625
2016-09-28,109.40625,109.40625,109.359375,109.375
2016-09-29,109.3671875,109.3984375,109.3515625,109.3984375
2016-09-30,109.515625,109.515625,109.3125,109.328125
2016-10-03,109.2265625,109.2265625,109.1484375,109.1484375
2016-10-04,109.15625,109.1640625,109.0859375,109.1015625
2016-10-05,109.1015625,109.1328125,109.03125,109.0546875
2016-10-06,109.078125,109.078125,109.015625,109.03125
2016-10-07,109.03125,109.0703125,108.9921875,109.03125
2016-10-11,108.9765625,108.9921875,108.9375,108.9765625
2016-10-12,108.96875,108.9921875,108.921875,108.9609375
2016-10-13,108.9921875,109.046875,108.984375,109.0390625
2016-10-14,109.0234375,109.09375,108.984375,109.0390625
2016-10-17,109.0390625,109.1015625,109.0234375,109.0703125
2016-10-18,109.078125,109.125,109.046875,109.1015625
2016-10-19,109.1171875,109.1328125,109.0703125,109.1171875
2016-10-20,109.1328125,109.1328125,109.078125,109.09375
2016-10-21,109.078125,109.1015625,109.0625,109.09375
2016-10-24,109.09375,109.1171875,109.0546875,109.0703125
2016-10-25,109.0546875,109.078125,109.0390625,109.0546875
2016-10-26,109.0625,109.0703125,109.015625,109.03125
2016-10-27,109.03125,109.0390625,108.9765625,109.0
2016-10-28,108.9921875,109.0703125,108.96875,109.046875
2016-10-31,109.0625,109.0859375,109.046875,109.0703125
2016-11-01,109.0625,109.125,109.0078125,109.109375
2016-11-02,109.1015625,109.1796875,109.09375,109.140625
2016-11-03,109.1484375,109.234375,109.1328125,109.1640625
2016-11-04,109.171875,109.234375,109.125,109.2109375
2016-11-07,109.171875,109.1796875,109.109375,109.1640625
2016-11-08,109.1640625,109.171875,109.0546875,109.078125
2016-11-09,109.0859375,109.390625,108.96875,109.015625
2016-11-10,109.015625,109.09375,108.9375,109.0
2016-11-14,108.9453125,108.953125,108.7734375,108.8359375
2016-11-15,108.796875,108.8671875,108.75,108.8046875
2016-11-16,108.828125,108.8515625,108.75,108.8125
2016-11-17,108.8046875,108.8515625,108.7109375,108.7578125
2016-11-18,108.7109375,108.7734375,108.671875,108.703125
2016-11-21,108.671875,108.734375,108.65625,108.671875
2016-11-22,108.6953125,108.71875,108.65625,108.6875
2016-11-23,108.671875,108.703125,108.578125,108.609375
2016-11-25,108.6328125,108.6328125,108.5390625,108.6171875
2016-11-28,108.6328125,108.6796875,108.6171875,108.65625
2016-11-29,108.6640625,108.6875,108.6171875,108.6796875
2016-11-30,108.6875,108.6875,108.6015625,108.6640625
2016-12-01,108.6484375,108.6484375,108.5703125,108.609375
2016-12-02,108.6171875,108.7109375,108.609375,108.703125
2016-12-05,108.71875,108.7421875,108.6328125,108.671875
2016-12-06,108.703125,108.703125,108.6640625,108.671875
2016-12-07,108.671875,108.71875,108.671875,108.703125
2016-12-08,108.7109375,108.71875,108.671875,108.7109375
2016-12-09,108.6796875,108.7109375,108.6640625,108.671875
2016-12-12,108.640625,108.6796875,108.640625,108.671875
2016-12-13,108.671875,108.6796875,108.609375,108.6328125
2016-12-14,108.6328125,108.65625,108.4453125,108.4765625
2016-12-15,108.4375,108.4609375,108.40625,108.4453125
2016-12-16,108.4609375,108.484375,108.4375,108.4375
2016-12-19,108.46875,108.5234375,108.46875,108.5078125
2016-12-20,108.4765625,108.5078125,108.4609375,108.4921875
2016-12-21,108.5234375,108.5390625,108.5078125,108.53125
2016-12-22,108.53125,108.5625,108.5078125,108.53125
2016-12-23,108.5546875,108.5546875,108.515625,108.5390625
2016-12-27,108.515625,108.5546875,108.5078125,108.5390625
2016-12-28,108.5390625,108.5625,108.5078125,108.5625
2016-12-29,108.6015625,108.6484375,108.6015625,108.6484375
2016-12-30,108.65625,108.671875,108.65625,108.671875
2017-01-03,108.3046875,108.328125,108.203125,108.265625
2017-01-04,108.265625,108.28125,108.2265625,108.25
2017-01-05,108.2734375,108.3984375,108.2578125,108.3671875
2017-01-06,108.3984375,108.4453125,108.265625,108.2890625
2017-01-09,108.2890625,108.359375,108.2578125,108.3515625
2017-01-10,108.359375,108.3671875,108.3125,108.3515625
2017-01-11,108.3515625,108.4296875,108.3125,108.359375
2017-01-12,108.34375,108.4453125,108.34375,108.3515625
2017-01-13,108.375,108.4375,108.265625,108.34375
2017-01-17,108.328125,108.4765625,108.328125,108.4296875
2017-01-18,108.4375,108.4375,108.2890625,108.359375
2017-01-19,108.2890625,108.3125,108.234375,108.296875
2017-01-20,108.2890625,108.3828125,108.2578125,108.3671875
2017-01-23,108.3515625,108.484375,108.34375,108.4609375
2017-01-24,108.4765625,108.4765625,108.3515625,108.359375
2017-01-25,108.3671875,108.3828125,108.3046875,108.3203125
2017-01-26,108.34375,108.375,108.296875,108.359375
2017-01-27,108.3515625,108.390625,108.328125,108.3828125
2017-01-30,108.3828125,108.40625,108.359375,108.3828125
2017-01-31,108.375,108.4375,108.3671875,108.3984375
2017-02-01,108.390625,108.40625,108.28125,108.3984375
2017-02-02,108.3828125,108.4296875,108.3671875,108.40625
2017-02-03,108.3984375,108.4765625,108.3125,108.390625
2017-02-06,108.4140625,108.515625,108.4140625,108.5
2017-02-07,108.515625,108.5390625,108.4609375,108.484375
2017-02-08,108.4765625,108.546875,108.46875,108.5234375
2017-02-09,108.53125,108.5390625,108.4453125,108.4609375
2017-02-10,108.4609375,108.46875,108.421875,108.4296875
2017-02-13,108.4296875,108.4296875,108.3984375,108.4140625
2017-02-14,108.40625,108.421875,108.3125,108.34375
2017-02-15,108.3359375,108.359375,108.28125,108.296875
2017-02-16,108.3046875,108.3984375,108.2890625,108.3828125
2017-02-17,108.3828125,108.4609375,108.3671875,108.4375
2017-02-21,108.453125,108.453125,108.390625,108.4375
2017-02-22,108.4375,108.5,108.3828125,108.4609375
2017-02-23,108.46875,108.546875,108.453125,108.5234375
2017-02-24,108.5390625,108.6328125,108.53125,108.6328125
2017-02-27,108.6328125,108.640625,108.5078125,108.515625
2017-02-28,108.5390625,108.5546875,108.375,108.4921875
2017-03-01,108.390625,108.390625,108.3203125,108.3671875
2017-03-02,108.3671875,108.375,108.265625,108.2890625
2017-03-03,108.3046875,108.328125,108.265625,108.3203125
2017-03-06,108.3359375,108.359375,108.296875,108.3203125
2017-03-07,108.3203125,108.3359375,108.2734375,108.2890625
2017-03-08,108.2734375,108.2734375,108.203125,108.2421875
2017-03-09,108.21875,108.234375,108.2109375,108.234375
2017-03-10,108.2265625,108.2578125,108.2109375,108.25
2017-03-13,108.2578125,108.28125,108.2265625,108.2421875
2017-03-14,108.2265625,108.25,108.2265625,108.234375
2017-03-15,108.234375,108.3671875,108.1953125,108.3515625
2017-03-16,108.3671875,108.375,108.3046875,108.3203125
2017-03-17,108.3359375,108.3515625,108.328125,108.328125
2017-03-20,108.3203125,108.3671875,108.3125,108.3671875
2017-03-21,108.3671875,108.4140625,108.3359375,108.40625
2017-03-22,108.46875,108.46875,108.453125,108.453125
2017-03-23,108.4609375,108.4765625,108.4296875,108.46875
2017-03-24,108.4921875,108.4921875,108.4921875,108.4921875
2017-03-27,108.5703125,108.5703125,108.4609375,108.4609375
2017-03-28,108.5,108.5,108.40625,108.40625
2017-03-29,108.4453125,108.4453125,108.4453125,108.4453125
2017-03-30,108.4765625,108.484375,108.4296875,108.4296875
2017-03-31,108.46875,108.46875,108.46875,108.46875
2017-04-03,108.2421875,108.3046875,108.1953125,108.2734375
2017-04-04,108.2890625,108.296875,108.2421875,108.2578125
2017-04-05,108.2421875,108.3046875,108.203125,108.2578125
2017-04-06,108.2890625,108.3046875,108.234375,108.265625
2017-04-07,108.265625,108.390625,108.171875,108.1875
2017-04-10,108.1796875,108.2421875,108.15625,108.2109375
2017-04-11,108.2109375,108.328125,108.2109375,108.3046875
2017-04-12,108.3046875,108.3828125,108.265625,108.3046875
2017-04-13,108.375,108.390625,108.3125,108.3671875
2017-04-17,108.390625,108.4375,108.359375,108.375
2017-04-18,108.375,108.4765625,108.3671875,108.453125
2017-04-19,108.46875,108.46875,108.40625,108.453125
2017-04-20,108.4375,108.453125,108.3828125,108.40625
2017-04-21,108.4296875,108.46875,108.40625,108.4375
2017-04-24,108.3359375,108.3515625,108.2421875,108.34375
2017-04-25,108.3359375,108.34375,108.25,108.265625
2017-04-26,108.265625,108.3125,108.2421875,108.296875
2017-04-27,108.296875,108.3359375,108.28125,108.328125
2017-04-28,108.3203125,108.34375,108.2578125,108.3046875
2017-05-01,108.3046875,108.3203125,108.265625,108.2734375
2017-05-02,108.2890625,108.328125,108.2578125,108.3203125
2017-05-03,108.3203125,108.3203125,108.234375,108.2578125
2017-05-04,108.25,108.2578125,108.1875,108.21875
2017-05-05,108.2109375,108.2578125,108.15625,108.2109375
2017-05-08,108.203125,108.234375,108.1640625,108.1953125
2017-05-09,108.1796875,108.203125,108.140625,108.1484375
2017-05-10,108.171875,108.21875,108.140625,108.1484375
2017-05-11,108.140625,108.1875,108.1171875,108.171875
2017-05-12,108.1875,108.296875,108.1796875,108.2890625
2017-05-15,108.2890625,108.296875,108.2578125,108.2734375
2017-05-16,108.2734375,108.3046875,108.2421875,108.2734375
2017-05-17,108.2734375,108.40625,108.265625,108.390625
2017-05-18,108.390625,108.4375,108.3203125,108.3515625
2017-05-19,108.34375,108.359375,108.296875,108.34375
2017-05-22,108.328125,108.359375,108.3046875,108.34375
2017-05-23,108.3359375,108.3671875,108.2734375,108.28125
2017-05-24,108.28125,108.3671875,108.265625,108.328125
2017-05-25,108.3515625,108.3671875,108.3203125,108.328125
2017-05-26,108.3203125,108.3515625,108.296875,108.3125
2017-05-30,108.3125,108.34375,108.296875,108.34375
2017-05-31,108.328125,108.359375,108.3046875,108.3515625
2017-06-01,108.3359375,108.3359375,108.2890625,108.3125
2017-06-02,108.3125,108.375,108.296875,108.3359375
2017-06-05,108.328125,108.3359375,108.3046875,108.3046875
2017-06-06,108.3203125,108.359375,108.3203125,108.328125
2017-06-07,108.328125,108.3359375,108.296875,108.3046875
2017-06-08,108.3046875,108.3125,108.2734375,108.2890625
2017-06-09,108.3203125,108.3203125,108.25,108.28125
2017-06-12,108.265625,108.2890625,108.25,108.25
2017-06-13,108.2578125,108.265625,108.2421875,108.2578125
2017-06-14,108.265625,108.40625,108.265625,108.296875
2017-06-15,108.296875,108.296875,108.25,108.2578125
2017-06-16,108.25,108.3125,108.25,108.3046875
2017-06-19,108.3046875,108.3046875,108.2421875,108.2421875
2017-06-20,108.2421875,108.28125,108.21875,108.2734375
2017-06-21,108.25,108.25,108.25,108.25
2017-06-22,108.2578125,108.2734375,108.2578125,108.2734375
2017-06-23,108.2890625,108.3046875,108.28125,108.296875
2017-06-26,108.296875,108.3125,108.2734375,108.3125
2017-06-27,108.25,108.25,108.25,108.25
2017-06-28,108.2578125,108.296875,108.2578125,108.2734375
2017-06-29,108.296875,108.3515625,108.2109375,108.3046875
2017-06-30,108.3671875,108.3671875,108.3359375,108.3359375
2017-07-03,108.046875,108.0703125,107.9609375,107.9765625
2017-07-05,107.9921875,108.03125,107.953125,107.9765625
2017-07-06,108.0,108.0078125,107.9375,107.9921875
2017-07-07,108.0,108.046875,107.96875,107.984375
2017-07-10,108.0,108.046875,107.9921875,108.0234375
2017-07-11,108.0234375,108.0703125,108.0,108.0625
2017-07-12,108.0625,108.1640625,108.0546875,108.125
2017-07-13,108.1328125,108.1484375,108.078125,108.1015625
2017-07-14,108.09375,108.1875,108.078125,108.109375
2017-07-17,108.1015625,108.140625,108.1015625,108.125
2017-07-18,108.1171875,108.15625,108.109375,108.140625
2017-07-19,108.1328125,108.1484375,108.1171875,108.1328125
2017-07-20,108.125,108.15625,108.1171875,108.1328125
2017-07-21,108.140625,108.171875,108.125,108.1640625
2017-07-24,108.1640625,108.1796875,108.125,108.1328125
2017-07-25,108.1328125,108.140625,108.0625,108.078125
2017-07-26,108.078125,108.1796875,108.0703125,108.171875
2017-07-27,108.1640625,108.171875,108.125,108.1640625
2017-07-28,108.15625,108.1875,108.125,108.1796875
2017-07-31,108.171875,108.1953125,108.15625,108.171875
2017-08-01,108.1640625,108.1953125,108.140625,108.1875
2017-08-02,108.1796875,108.1875,108.140625,108.1484375
2017-08-03,108.140625,108.2109375,108.140625,108.1953125
2017-08-04,108.1953125,108.1953125,108.1328125,108.15625
2017-08-07,108.171875,108.171875,108.1328125,108.171875
2017-08-08,108.1640625,108.171875,108.1328125,108.1484375
2017-08-09,108.171875,108.234375,108.1640625,108.203125
2017-08-10,108.1875,108.2265625,108.1796875,108.203125
2017-08-11,108.203125,108.3046875,108.1953125,108.2890625
2017-08-14,108.28125,108.2890625,108.21875,108.234375
2017-08-15,108.2421875,108.2421875,108.1640625,108.171875
2017-08-16,108.171875,108.2265625,108.1484375,108.21875
2017-08-17,108.2109375,108.25,108.1875,108.2421875
2017-08-18,108.2421875,108.2890625,108.21875,108.234375
2017-08-21,108.2421875,108.28125,108.21875,108.265625
2017-08-22,108.2578125,108.265625,108.21875,108.2265625
2017-08-23,108.21875,108.2734375,108.2109375,108.265625
2017-08-24,108.265625,108.265625,108.2109375,108.21875
2017-08-25,108.21875,108.234375,108.1875,108.21875
2017-08-28,108.21875,108.2421875,108.203125,108.2421875
2017-08-29,108.2578125,108.328125,108.25,108.28125
2017-08-30,108.2890625,108.2890625,108.234375,108.265625
2017-08-31,108.2734375,108.296875,108.2421875,108.2734375
2017-09-01,108.2734375,108.3125,108.21875,108.234375
2017-09-05,108.28125,108.34375,108.265625,108.34375
2017-09-06,108.34375,108.3515625,108.3125,108.328125
2017-09-07,108.328125,108.3984375,108.328125,108.375
2017-09-08,108.421875,108.4296875,108.375,108.40625
2017-09-11,108.375,108.3828125,108.296875,108.3203125
2017-09-12,108.3125,108.3125,108.265625,108.2890625
2017-09-13,108.2890625,108.3125,108.2578125,108.2578125
2017-09-14,108.265625,108.2734375,108.203125,108.2265625
2017-09-15,108.2578125,108.2578125,108.1796875,108.1875
2017-09-18,108.1796875,108.1796875,108.1484375,108.1640625
2017-09-19,108.1796875,108.1796875,108.1484375,108.1484375
2017-09-20,108.171875,108.171875,108.0703125,108.0859375
2017-09-21,108.078125,108.1015625,108.078125,108.078125
2017-09-22,108.09375,108.1015625,108.0859375,108.09375
2017-09-25,108.140625,108.140625,108.140625,108.140625
2017-09-26,108.125,108.125,108.078125,108.1015625
2017-09-27,108.078125,108.078125,108.0546875,108.078125
2017-09-28,108.046875,108.1171875,108.03125,108.1171875
2017-09-29,108.0625,108.078125,108.0625,108.0703125
2017-10-02,107.8203125,107.8515625,107.78125,107.828125
2017-10-03,107.8203125,107.859375,107.8046875,107.8359375
2017-10-04,107.84375,107.8828125,107.8125,107.828125
2017-10-05,107.8359375,107.84375,107.78125,107.796875
2017-10-06,107.796875,107.8046875,107.734375,107.7734375
2017-10-09,107.78125,107.7890625,107.7578125,107.765625
2017-10-10,107.7734375,107.8046875,107.7578125,107.7890625
2017-10-11,107.765625,107.7890625,107.75,107.7578125
2017-10-12,107.75,107.7890625,107.7421875,107.765625
2017-10-13,107.7578125,107.8203125,107.7265625,107.7890625
2017-10-16,107.796875,107.796875,107.6953125,107.703125
2017-10-17,107.703125,107.7265625,107.671875,107.703125
2017-10-18,107.6953125,107.703125,107.65625,107.6796875
2017-10-19,107.6796875,107.765625,107.671875,107.7109375
2017-10-20,107.7578125,107.7734375,107.6640625,107.671875
2017-10-23,107.671875,107.71875,107.65625,107.7109375
2017-10-24,107.703125,107.71875,107.6640625,107.6953125
2017-10-25,107.671875,107.703125,107.6328125,107.6640625
2017-10-26,107.6875,107.7109375,107.625,107.640625
2017-10-27,107.6328125,107.7109375,107.6015625,107.6796875
2017-10-30,107.6875,107.7265625,107.6796875,107.71875
2017-10-31,107.71875,107.734375,107.6640625,107.6796875
2017-11-01,107.671875,107.671875,107.6171875,107.6328125
2017-11-02,107.6484375,107.6875,107.6328125,107.65625
2017-11-03,107.65625,107.703125,107.6015625,107.6328125
2017-11-06,107.640625,107.6640625,107.625,107.640625
2017-11-07,107.6328125,107.640625,107.6171875,107.6328125
2017-11-08,107.6171875,107.640625,107.59375,107.609375
2017-11-09,107.6015625,107.640625,107.5859375,107.640625
2017-11-10,107.625,107.6328125,107.578125,107.5859375
2017-11-13,107.59375,107.609375,107.5234375,107.5390625
2017-11-14,107.53125,107.546875,107.5078125,107.5234375
2017-11-15,107.5390625,107.59375,107.5234375,107.5390625
2017-11-16,107.5390625,107.546875,107.484375,107.4921875
2017-11-17,107.4921875,107.5078125,107.46875,107.4765625
2017-11-20,107.484375,107.5078125,107.4296875,107.4296875
2017-11-21,107.4296875,107.4375,107.375,107.390625
2017-11-22,107.390625,107.5,107.390625,107.4921875
2017-11-24,107.4921875,107.5,107.453125,107.453125
2017-11-27,107.4609375,107.4765625,107.4296875,107.4765625
2017-11-28,107.46875,107.5,107.4375,107.453125
2017-11-29,107.4609375,107.46875,107.3984375,107.4296875
2017-11-30,107.421875,107.4296875,107.3515625,107.375
2017-12-01,107.375,107.453125,107.3125,107.390625
2017-12-04,107.359375,107.359375,107.3203125,107.3359375
2017-12-05,107.328125,107.3359375,107.28125,107.3046875
2017-12-06,107.3203125,107.3671875,107.3203125,107.34375
2017-12-07,107.3359375,107.3515625,107.328125,107.3359375
2017-12-08,107.328125,107.375,107.3125,107.359375
2017-12-11,107.3671875,107.3828125,107.3125,107.3125
2017-12-12,107.3046875,107.3125,107.265625,107.3046875
2017-12-13,107.3203125,107.3984375,107.265625,107.3984375
2017-12-14,107.3828125,107.3828125,107.3203125,107.3359375
2017-12-15,107.3203125,107.3203125,107.28125,107.296875
2017-12-18,107.2578125,107.3125,107.2578125,107.3125
2017-12-19,107.2734375,107.2734375,107.2578125,107.2734375
2017-12-20,107.2578125,107.2734375,107.2578125,107.2578125
2017-12-21,107.2421875,107.2421875,107.2265625,107.2265625
2017-12-22,107.21875,107.21875,107.203125,107.203125
2017-12-26,107.1796875,107.21875,107.1796875,107.2109375
2017-12-27,107.2109375,107.2578125,107.2109375,107.25
2017-12-28,107.25,107.2578125,107.2421875,107.2421875
2017-12-29,107.28125,107.28125,107.28125,107.28125
2018-01-02,107.046875,107.0546875,106.96875,106.984375
2018-01-03,106.984375,107.0078125,106.953125,106.96875
2018-01-04,106.953125,106.9609375,106.875,106.9140625
2018-01-05,106.921875,106.96875,106.890625,106.90625
2018-01-08,106.8984375,106.9296875,106.890625,106.9140625
2018-01-09,106.90625,106.9453125,106.890625,106.9140625
2018-01-10,106.8984375,106.921875,106.875,106.90625
2018-01-11,106.890625,106.921875,106.875,106.8984375
2018-01-12,106.875,106.8828125,106.796875,106.84375
2018-01-16,106.8359375,106.859375,106.7890625,106.8203125
2018-01-17,106.8125,106.8203125,106.75,106.7578125
2018-01-18,106.7578125,106.7734375,106.734375,106.765625
2018-01-19,106.7578125,106.7734375,106.7265625,106.7421875
2018-01-22,106.734375,106.7421875,106.703125,106.7265625
2018-01-23,106.734375,106.7890625,106.7265625,106.7734375
2018-01-24,106.7890625,106.796875,106.7265625,106.734375
2018-01-25,106.7421875,106.765625,106.6796875,106.7265625
2018-01-26,106.71875,106.7265625,106.6328125,106.6640625
2018-01-29,106.6640625,106.6796875,106.5859375,106.6640625
2018-01-30,106.671875,106.6953125,106.625,106.6640625
2018-01-31,106.671875,106.703125,106.578125,106.6171875
2018-02-01,106.609375,106.6328125,106.5625,106.5859375
2018-02-02,106.5703125,106.6328125,106.5390625,106.59375
2018-02-05,106.609375,106.84375,106.59375,106.734375
2018-02-06,106.828125,107.0078125,106.65625,106.7109375
2018-02-07,106.671875,106.75,106.6015625,106.640625
2018-02-08,106.65625,106.703125,106.609375,106.640625
2018-02-09,106.6796875,106.8828125,106.640625,106.765625
2018-02-12,106.71875,106.71875,106.640625,106.6875
2018-02-13,106.6796875,106.7109375,106.640625,106.6640625
2018-02-14,106.6640625,106.703125,106.5078125,106.53125
2018-02-15,106.5390625,106.546875,106.453125,106.5234375
2018-02-16,106.5078125,106.5546875,106.4921875,106.5390625
2018-02-20,106.53125,106.546875,106.4375,106.4921875
2018-02-21,106.4921875,106.5234375,106.453125,106.4765625
2018-02-22,106.4765625,106.53125,106.46875,106.515625
2018-02-23,106.5234375,106.5859375,106.5078125,106.5390625
2018-02-26,106.53125,106.59375,106.515625,106.5546875
2018-02-27,106.5546875,106.5859375,106.4609375,106.4921875
2018-02-28,106.484375,106.515625,106.4453125,106.4921875
2018-03-01,106.515625,106.6171875,106.484375,106.609375
2018-03-02,106.59375,106.6328125,106.53125,106.5546875
2018-03-05,106.5546875,106.609375,106.5234375,106.546875
2018-03-06,106.53125,106.5703125,106.515625,106.5390625
2018-03-07,106.546875,106.59375,106.515625,106.5390625
2018-03-08,106.546875,106.5703125,106.53125,106.5390625
2018-03-09,106.5390625,106.546875,106.5,106.5390625
2018-03-12,106.5234375,106.546875,106.515625,106.546875
2018-03-13,106.53125,106.59375,106.53125,106.546875
2018-03-14,106.5703125,106.59375,106.5234375,106.5625
2018-03-15,106.578125,106.578125,106.5078125,106.5234375
2018-03-16,106.5078125,106.5390625,106.4921875,106.5
2018-03-19,106.5,106.5390625,106.4765625,106.5078125
2018-03-20,106.4765625,106.484375,106.421875,106.4453125
2018-03-21,106.4375,106.5078125,106.3984375,106.4921875
2018-03-22,106.4921875,106.5625,106.4921875,106.5234375
2018-03-23,106.5625,106.5703125,106.5546875,106.5546875
2018-03-26,106.5546875,106.5546875,106.5234375,106.5234375
2018-03-27,106.5546875,106.5859375,106.5390625,106.578125
2018-03-28,106.625,106.625,106.546875,106.546875
2018-03-29,106.5546875,106.5625,106.546875,106.546875
2018-04-02,106.28125,106.3984375,106.2734375,106.375
2018-04-03,106.3671875,106.375,106.2734375,106.2890625
2018-04-04,106.3125,106.359375,106.2578125,106.28125
2018-04-05,106.265625,106.265625,106.234375,106.25
2018-04-06,106.25,106.34375,106.2421875,106.328125
2018-04-09,106.34375,106.34375,106.2734375,106.296875
2018-04-10,106.296875,106.3125,106.234375,106.2578125
2018-04-11,106.2578125,106.3203125,106.2421875,106.265625
2018-04-12,106.2578125,106.28125,106.1796875,106.1875
2018-04-13,106.1953125,106.2265625,106.1328125,106.1484375
2018-04-16,106.1484375,106.15625,106.1015625,106.1484375
2018-04-17,106.140625,106.1640625,106.109375,106.140625
2018-04-18,106.1171875,106.125,106.046875,106.0625
2018-04-19,106.0625,106.0859375,106.046875,106.0546875
2018-04-20,106.0625,106.0859375,106.0078125,106.0234375
2018-04-23,106.015625,106.03125,105.984375,106.0078125
2018-04-24,105.984375,106.0390625,105.9609375,106.0390625
2018-04-25,106.015625,106.03125,105.9765625,106.015625
2018-04-26,106.015625,106.0546875,106.0,106.015625
2018-04-27,106.015625,106.046875,106.0,106.03125
2018-04-30,106.0234375,106.03125,106.0,106.0234375
2018-05-01,106.015625,106.0234375,105.9765625,105.9765625
2018-05-02,106.0,106.0234375,105.9609375,106.015625
2018-05-03,106.0234375,106.078125,106.0078125,106.046875
2018-05-04,106.046875,106.09375,106.0,106.0078125
2018-05-07,106.0,106.0234375,105.984375,106.015625
2018-05-08,106.0,106.0234375,105.9765625,105.984375
2018-05-09,105.984375,105.9921875,105.9375,105.9453125
2018-05-10,105.9375,106.015625,105.9296875,105.9296875
2018-05-11,105.9453125,105.9609375,105.9296875,105.9375
2018-05-14,105.9375,105.9609375,105.9140625,105.9296875
2018-05-15,105.921875,105.9296875,105.8515625,105.8671875
2018-05-16,105.8828125,105.8984375,105.8359375,105.8515625
2018-05-17,105.8515625,105.890625,105.828125,105.875
2018-05-18,105.8828125,105.9375,105.8671875,105.921875
2018-05-21,105.8984375,105.9140625,105.875,105.8984375
2018-05-22,105.890625,105.9140625,105.8671875,105.90625
2018-05-23,105.90625,106.03125,105.8984375,106.015625
2018-05-24,106.03125,106.1171875,106.015625,106.0546875
2018-05-25,106.0625,106.140625,106.03125,106.1171875
2018-05-29,106.203125,106.4453125,106.1484375,106.4296875
2018-05-30,106.4375,106.5,106.2109375,106.234375
2018-05-31,106.234375,106.25,106.1796875,106.2265625
2018-06-01,106.1953125,106.203125,106.09375,106.125
2018-06-04,106.1171875,106.1171875,106.03125,106.046875
2018-06-05,106.03125,106.1171875,106.03125,106.0859375
2018-06-06,106.0859375,106.09375,106.03125,106.046875
2018-06-07,106.046875,106.171875,106.0234375,106.0703125
2018-06-08,106.1171875,106.140625,106.0703125,106.09375
2018-06-11,106.078125,106.078125,106.046875,106.0546875
2018-06-12,106.0546875,106.0625,106.015625,106.0390625
2018-06-13,106.0078125,106.0546875,105.9296875,105.953125
2018-06-14,105.953125,105.9921875,105.953125,105.9765625
2018-06-15,106.0,106.0390625,106.0,106.0078125
2018-06-18,106.015625,106.03125,106.015625,106.015625
2018-06-19,106.03125,106.09375,106.03125,106.03125
2018-06-20,106.015625,106.0625,106.0078125,106.015625
2018-06-21,105.9921875,106.046875,105.9921875,106.046875
2018-06-22,106.03125,106.0625,106.0234375,106.03125
2018-06-25,106.0625,106.078125,106.0625,106.078125
2018-06-26,106.078125,106.0859375,106.0625,106.0703125
2018-06-27,106.078125,106.125,106.0703125,106.125
2018-06-28,106.125,106.140625,106.09375,106.1015625
2018-06-29,106.0703125,106.0703125,106.0703125,106.0703125
2018-07-02,105.90625,105.9609375,105.859375,105.875
2018-07-03,105.859375,105.9140625,105.8515625,105.90625
2018-07-05,105.890625,105.90625,105.8359375,105.84375
2018-07-06,105.8671875,105.921875,105.8515625,105.890625
2018-07-09,105.8984375,105.8984375,105.8359375,105.8515625
2018-07-10,105.8515625,105.859375,105.796875,105.796875
2018-07-11,105.84375,105.8828125,105.796875,105.828125
2018-07-12,105.8203125,105.8359375,105.78125,105.796875
2018-07-13,105.8125,105.84375,105.796875,105.8359375
2018-07-16,105.828125,105.8359375,105.765625,105.7890625
2018-07-17,105.796875,105.8046875,105.7578125,105.765625
2018-07-18,105.7578125,105.7890625,105.75,105.765625
2018-07-19,105.7734375,105.8359375,105.7265625,105.8125
2018-07-20,105.8125,105.828125,105.78125,105.796875
2018-07-23,105.796875,105.828125,105.7265625,105.734375
2018-07-24,105.734375,105.765625,105.7109375,105.734375
2018-07-25,105.7265625,105.75,105.671875,105.71875
2018-07-26,105.6796875,105.703125,105.65625,105.6640625
2018-07-27,105.6640625,105.6875,105.6484375,105.671875
2018-07-30,105.6796875,105.6953125,105.65625,105.6796875
2018-07-31,105.6953125,105.734375,105.671875,105.6875
2018-08-01,105.671875,105.703125,105.6484375,105.6640625
2018-08-02,105.6640625,105.71875,105.6640625,105.7109375
2018-08-03,105.703125,105.75,105.6796875,105.75
2018-08-06,105.7421875,105.7578125,105.71875,105.734375
2018-08-07,105.734375,105.7421875,105.6953125,105.703125
2018-08-08,105.6953125,105.7265625,105.6953125,105.6953125
2018-08-09,105.703125,105.7578125,105.6953125,105.75
2018-08-10,105.75,105.8671875,105.7421875,105.859375
2018-08-13,105.8515625,105.8828125,105.796875,105.8203125
2018-08-14,105.8125,105.8203125,105.765625,105.7890625
2018-08-15,105.7734375,105.875,105.765625,105.84375
2018-08-16,105.828125,105.8359375,105.78125,105.8046875
2018-08-17,105.8125,105.8515625,105.796875,105.8125
2018-08-20,105.828125,105.8828125,105.8125,105.875
2018-08-21,105.875,105.8828125,105.828125,105.8359375
2018-08-22,105.859375,105.8828125,105.8359375,105.8515625
2018-08-23,105.859375,105.8671875,105.8046875,105.8359375
2018-08-24,105.8125,105.8203125,105.7734375,105.8046875
2018-08-27,105.8125,105.8203125,105.7734375,105.78125
2018-08-28,105.7734375,105.7890625,105.734375,105.7578125
2018-08-29,105.7421875,105.765625,105.703125,105.71875
2018-08-30,105.7109375,105.78125,105.7109375,105.7734375
2018-08-31,105.765625,105.828125,105.765625,105.828125
2018-09-04,105.8046875,105.8359375,105.765625,105.78125
2018-09-05,105.78125,105.8046875,105.765625,105.7890625
2018-09-06,105.796875,105.828125,105.7734375,105.8125
2018-09-07,105.8046875,105.8046875,105.6875,105.703125
2018-09-10,105.7109375,105.7109375,105.6796875,105.6875
2018-09-11,105.6875,105.6875,105.6328125,105.6328125
2018-09-12,105.6328125,105.65625,105.625,105.640625
2018-09-13,105.6328125,105.640625,105.6171875,105.625
2018-09-14,105.625,105.640625,105.578125,105.5859375
2018-09-17,105.59375,105.59375,105.5703125,105.5859375
2018-09-18,105.59375,105.6015625,105.546875,105.546875
2018-09-19,105.5390625,105.5625,105.5234375,105.53125
2018-09-20,105.5546875,105.5625,105.5078125,105.53125
2018-09-21,105.5234375,105.5625,105.5234375,105.5625
2018-09-24,105.5546875,105.578125,105.5390625,105.5625
2018-09-25,105.5234375,105.5390625,105.5234375,105.53125
2018-09-26,105.546875,105.5625,105.53125,105.5546875
2018-09-27,105.625,105.625,105.546875,105.5546875
2018-09-28,105.5625,105.5625,105.5625,105.5625
2018-10-01,105.359375,105.3671875,105.328125,105.359375
2018-10-02,105.3515625,105.4140625,105.34375,105.3828125
2018-10-03,105.3828125,105.3984375,105.25,105.28125
2018-10-04,105.2578125,105.2734375,105.203125,105.2421875
2018-10-05,105.2578125,105.2734375,105.1953125,105.2265625
2018-10-08,105.234375,105.2734375,105.203125,105.265625
2018-10-09,105.2578125,105.2734375,105.2265625,105.2421875
2018-10-10,105.234375,105.3359375,105.203125,105.2578125
2018-10-11,105.3359375,105.3671875,105.2734375,105.3359375
2018-10-12,105.3046875,105.359375,105.265625,105.3359375
2018-10-15,105.3046875,105.3359375,105.2890625,105.296875
2018-10-16,105.296875,105.3125,105.2734375,105.2890625
2018-10-17,105.28125,105.3125,105.2265625,105.2578125
2018-10-18,105.234375,105.3046875,105.203125,105.2734375
2018-10-19,105.2578125,105.28125,105.1953125,105.2109375
2018-10-22,105.21875,105.2421875,105.203125,105.2265625
2018-10-23,105.2109375,105.34375,105.2109375,105.28125
2018-10-24,105.28125,105.4140625,105.265625,105.359375
2018-10-25,105.3984375,105.4140625,105.328125,105.3359375
2018-10-26,105.375,105.515625,105.375,105.453125
2018-10-29,105.453125,105.4765625,105.390625,105.4453125
2018-10-30,105.4375,105.4453125,105.359375,105.390625
2018-10-31,105.3671875,105.3671875,105.3046875,105.328125
2018-11-01,105.3359375,105.3828125,105.3125,105.3671875
2018-11-02,105.3828125,105.390625,105.234375,105.25
2018-11-05,105.2578125,105.296875,105.25,105.2578125
2018-11-06,105.25,105.28125,105.203125,105.21875
2018-11-07,105.2109375,105.2578125,105.1484375,105.1953125
2018-11-08,105.15625,105.203125,105.140625,105.15625
2018-11-09,105.15625,105.2421875,105.15625,105.2265625
2018-11-12,105.2421875,105.3203125,105.2265625,105.296875
2018-11-13,105.3046875,105.3203125,105.265625,105.296875
2018-11-14,105.3125,105.421875,105.28125,105.3671875
2018-11-15,105.359375,105.4453125,105.3359375,105.375
2018-11-16,105.3828125,105.5,105.359375,105.46875
2018-11-19,105.5,105.546875,105.4453125,105.53125
2018-11-20,105.53125,105.5390625,105.4765625,105.5
2018-11-21,105.5,105.5,105.4375,105.4609375
2018-11-23,105.4609375,105.5078125,105.453125,105.46875
2018-11-26,105.4765625,105.484375,105.421875,105.4375
2018-11-27,105.453125,105.4765625,105.421875,105.4375
2018-11-28,105.4375,105.515625,105.4140625,105.4921875
2018-11-29,105.484375,105.5546875,105.4609375,105.46875
2018-11-30,105.46875,105.5,105.4375,105.46875
2018-12-03,105.453125,105.46875,105.40625,105.421875
2018-12-04,105.453125,105.4921875,105.4140625,105.453125
2018-12-06,105.46875,105.671875,105.453125,105.5390625
2018-12-07,105.5546875,105.6328125,105.53125,105.6328125
2018-12-10,105.671875,105.6796875,105.6015625,105.6171875
2018-12-11,105.609375,105.609375,105.515625,105.546875
2018-12-12,105.5234375,105.5390625,105.5078125,105.53125
2018-12-13,105.53125,105.6015625,105.5234375,105.5859375
2018-12-14,105.5546875,105.671875,105.5546875,105.640625
2018-12-17,105.6484375,105.7421875,105.6484375,105.71875
2018-12-18,105.71875,105.8046875,105.71875,105.796875
2018-12-19,105.828125,105.8359375,105.734375,105.8203125
2018-12-20,105.78125,105.796875,105.75,105.765625
2018-12-21,105.765625,105.828125,105.7578125,105.8203125
2018-12-24,105.875,105.9296875,105.8671875,105.9296875
2018-12-26,105.9765625,105.9765625,105.859375,105.859375
2018-12-27,105.9140625,105.9609375,105.9140625,105.9453125
2018-12-28,105.8359375,106.03125,105.8359375,105.984375
2018-12-31,106.0546875,106.0546875,106.0546875,106.0546875
2019-01-02,106.109375,106.203125,106.0859375,106.125
2019-01-03,106.2265625,106.40625,106.1171875,106.3671875
2019-01-04,106.3828125,106.390625,106.1171875,106.1640625
2019-01-07,106.140625,106.203125,106.03125,106.078125
2019-01-08,106.0390625,106.0625,105.9375,105.953125
2019-01-09,105.9453125,106.03125,105.921875,105.9921875
2019-01-10,106.0078125,106.1015625,105.9609375,105.9921875
2019-01-11,105.96875,106.0703125,105.9609375,106.0234375
2019-01-14,106.02734375,106.10546875,106.01953125,106.0390625
2019-01-15,106.0390625,106.09375,106.01171875,106.05078125
2019-01-16,106.03125,106.05078125,105.97265625,106.01953125
2019-01-17,106.02734375,106.06640625,105.94140625,105.9765625
2019-01-18,105.96875,105.98828125,105.8671875,105.87890625
2019-01-22,105.87890625,105.96875,105.875,105.95703125
2019-01-23,105.93359375,105.96875,105.88671875,105.92578125
2019-01-24,105.9375,106.0,105.92578125,105.98046875
2019-01-25,105.9765625,105.98046875,105.89453125,105.90625
2019-01-28,105.90234375,105.94140625,105.87890625,105.91796875
2019-01-29,105.9140625,105.9765625,105.9140625,105.96875
2019-01-30,105.9609375,106.09375,105.92578125,106.04296875
2019-01-31,106.07421875,106.19140625,106.0625,106.1640625
2019-02-01,106.16796875,106.1796875,106.03125,106.06640625
2019-02-04,106.07421875,106.07421875,106.0,106.0234375
2019-02-05,106.00390625,106.05859375,105.98828125,106.03515625
2019-02-06,106.02734375,106.0703125,106.01171875,106.0234375
2019-02-07,106.0234375,106.1171875,106.01953125,106.11328125
2019-02-08,106.09765625,106.1640625,106.09375,106.13671875
2019-02-11,106.125,106.1328125,106.0625,106.08203125
2019-02-12,106.08984375,106.09375,106.03125,106.05078125
2019-02-13,106.04296875,106.05078125,105.96875,105.97265625
2019-02-14,105.98828125,106.08984375,105.96875,106.05859375
2019-02-15,106.0546875,106.0625,106.00390625,106.01171875
2019-02-19,106.01171875,106.06640625,105.99609375,106.0546875
2019-02-20,106.0625,106.08203125,106.03125,106.0390625
2019-02-21,106.04296875,106.05078125,105.97265625,105.98828125
2019-02-22,105.98828125,106.08984375,105.98046875,106.0625
2019-02-25,106.04296875,106.04296875,106.0078125,106.02734375
2019-02-26,106.03125,106.08203125,106.03125,106.05859375
2019-02-27,106.05078125,106.0625,105.96875,106.0
2019-02-28,106.0078125,106.05859375,105.95703125,105.98046875
2019-03-01,105.96875,105.97265625,105.8984375,105.90625
2019-03-04,105.875,105.96875,105.875,105.9453125
2019-03-05,105.95703125,105.95703125,105.90625,105.9296875
2019-03-06,105.9453125,106.01953125,105.94140625,106.0
2019-03-07,106.01171875,106.09375,106.0078125,106.09375
2019-03-08,106.0859375,106.125,106.07421875,106.09765625
2019-03-11,106.09375,106.11328125,106.08203125,106.08984375
2019-03-12,106.0625,106.1328125,106.04296875,106.12890625
2019-03-13,106.10546875,106.13671875,106.09765625,106.1328125
2019-03-14,106.09765625,106.12890625,106.08984375,106.10546875
2019-03-15,106.1640625,106.16796875,106.1484375,106.16015625
2019-03-18,106.1484375,106.1484375,106.1171875,106.1171875
2019-03-19,106.13671875,106.1484375,106.1015625,106.1015625
2019-03-20,106.125,106.23828125,106.125,106.23828125
2019-03-21,106.25,106.2734375,106.21484375,106.21484375
2019-03-22,106.2890625,106.36328125,106.2734375,106.36328125
2019-03-25,106.46484375,106.53125,106.46484375,106.49609375
2019-03-26,106.48046875,106.48046875,106.48046875,106.48046875
2019-03-27,106.55859375,106.55859375,106.54296875,106.54296875
2019-03-28,106.59375,106.59375,106.53125,106.53125
2019-03-29,106.4375,106.4375,106.4375,106.4375
2019-04-01,106.55078125,106.5546875,106.41796875,106.44140625
2019-04-02,106.4375,106.50390625,106.4375,106.4765625
2019-04-03,106.4921875,106.5,106.40625,106.43359375
2019-04-04,106.4140625,106.47265625,106.40625,106.40625
2019-04-05,106.41015625,106.46875,106.34375,106.39453125
2019-04-08,106.40625,106.4375,106.35546875,106.37109375
2019-04-09,106.3671875,106.4296875,106.3515625,106.3984375
2019-04-10,106.38671875,106.46484375,106.3828125,106.4296875
2019-04-11,106.4375,106.4375,106.36328125,106.3671875
2019-04-12,106.37109375,106.375,106.2734375,106.28125
2019-04-15,106.27734375,106.30078125,106.25,106.28125
2019-04-16,106.28125,106.29296875,106.2265625,106.23046875
2019-04-17,106.2421875,106.27734375,106.2109375,106.2578125
2019-04-18,106.2578125,106.31640625,106.25,106.2890625
2019-04-22,106.29296875,106.3125,106.27734375,106.28515625
2019-04-23,106.28515625,106.3515625,106.27734375,106.33984375
2019-04-24,106.34375,106.4375,106.33203125,106.4140625
2019-04-25,106.4140625,106.4375,106.375,106.39453125
2019-04-26,106.3828125,106.5,106.37109375,106.46875
2019-04-29,106.4765625,106.48046875,106.43359375,106.45703125
2019-04-30,106.46875,106.5234375,106.41796875,106.50390625
2019-05-01,106.50390625,106.625,106.40234375,106.4296875
2019-05-02,106.41796875,106.43359375,106.33984375,106.34375
2019-05-03,106.34375,106.40625,106.2734375,106.3515625
2019-05-06,106.39453125,106.52734375,106.39453125,106.40625
2019-05-07,106.49609375,106.49609375,106.3984375,106.46875
2019-05-08,106.44921875,106.5234375,106.41796875,106.44140625
2019-05-09,106.4375,106.56640625,106.43359375,106.49609375
2019-05-10,106.50390625,106.5625,106.4609375,106.5234375
2019-05-13,106.5390625,106.67578125,106.5234375,106.6328125
2019-05-14,106.62890625,106.6640625,106.59375,106.60546875
2019-05-15,106.6171875,106.7265625,106.59375,106.6640625
2019-05-16,106.6875,106.7109375,106.57421875,106.58984375
2019-05-17,106.6171875,106.67578125,106.5625,106.58984375
2019-05-20,106.59375,106.6015625,106.53125,106.54296875
2019-05-21,106.55078125,106.55859375,106.46875,106.4765625
2019-05-22,106.47265625,106.54296875,106.47265625,106.52734375
2019-05-23,106.53125,106.7265625,106.53125,106.71484375
2019-05-24,106.6640625,106.68359375,106.625,106.625
2019-05-28,106.6328125,106.72265625,106.6015625,106.71484375
2019-05-29,106.7109375,106.8203125,106.70703125,106.78515625
2019-05-30,106.7265625,106.83203125,106.69140625,106.79296875
2019-05-31,106.8203125,107.08984375,106.8203125,107.04296875
2019-06-03,107.0859375,107.29296875,107.07421875,107.24609375
2019-06-04,107.25,107.27734375,107.08203125,107.18359375
2019-06-05,107.1640625,107.3671875,107.1640625,107.22265625
2019-06-06,107.2109375,107.26953125,107.1171875,107.1484375
2019-06-07,107.15234375,107.3359375,107.1484375,107.20703125
2019-06-10,107.16015625,107.16015625,107.09375,107.125
2019-06-11,107.125,107.15625,107.0546875,107.09375
2019-06-12,107.0625,107.1640625,107.0625,107.14453125
2019-06-13,107.20703125,107.25,107.1875,107.25
2019-06-14,107.20703125,107.21875,107.20703125,107.21484375
2019-06-17,107.16796875,107.16796875,107.16796875,107.16796875
2019-06-18,107.25,107.26171875,107.1484375,107.1796875
2019-06-19,107.125,107.40625,107.125,107.37109375
2019-06-20,107.40625,107.45703125,107.32421875,107.43359375
2019-06-21,107.3203125,107.34765625,107.3203125,107.34375
2019-06-24,107.4140625,107.4296875,107.40625,107.4296875
2019-06-25,107.4296875,107.4296875,107.41015625,107.4296875
2019-06-26,107.31640625,107.31640625,107.3125,107.3125
2019-06-27,107.31640625,107.375,107.3125,107.3671875
2019-06-28,107.3828125,107.3828125,107.375,107.375
2019-07-01,107.48828125,107.57421875,107.46484375,107.5
2019-07-02,107.5,107.57421875,107.4921875,107.54296875
2019-07-03,107.55078125,107.6171875,107.53125,107.5390625
2019-07-05,107.5546875,107.58203125,107.28125,107.3125
2019-07-08,107.30078125,107.38671875,107.265625,107.30078125
2019-07-09,107.27734375,107.3046875,107.20703125,107.25390625
2019-07-10,107.24609375,107.41015625,107.1953125,107.3984375
2019-07-11,107.390625,107.45703125,107.29296875,107.33203125
2019-07-12,107.3125,107.3671875,107.27734375,107.36328125
2019-07-15,107.359375,107.37890625,107.31640625,107.37109375
2019-07-16,107.37109375,107.38671875,107.27734375,107.30859375
2019-07-17,107.33203125,107.4140625,107.30859375,107.359375
2019-07-18,107.40234375,107.51953125,107.34375,107.4765625
2019-07-19,107.50390625,107.53515625,107.34765625,107.3984375
2019-07-22,107.37890625,107.42578125,107.33984375,107.40234375
2019-07-23,107.40234375,107.40234375,107.3359375,107.3515625
2019-07-24,107.34765625,107.41796875,107.3359375,107.359375
2019-07-25,107.375,107.41015625,107.25390625,107.2890625
2019-07-26,107.26953125,107.30078125,107.21875,107.25390625
2019-07-29,107.29296875,107.32421875,107.265625,107.29296875
2019-07-30,107.2734375,107.3203125,107.26171875,107.29296875
2019-07-31,107.29296875,107.375,107.0390625,107.203125
2019-08-01,107.2265625,107.59375,107.1640625,107.52734375
2019-08-02,107.47265625,107.5859375,107.4375,107.51953125
2019-08-05,107.5390625,107.8125,107.51953125,107.7890625
2019-08-06,107.8125,107.8984375,107.70703125,107.7421875
2019-08-07,107.7890625,107.953125,107.734375,107.81640625
2019-08-08,107.7421875,107.78515625,107.66015625,107.7265625
2019-08-09,107.734375,107.796875,107.640625,107.6796875
2019-08-12,107.67578125,107.78515625,107.65234375,107.76953125
2019-08-13,107.75390625,107.8046875,107.56640625,107.5859375
2019-08-14,107.5703125,107.78125,107.56640625,107.75
2019-08-15,107.734375,107.9453125,107.71875,107.8828125
2019-08-16,107.875,107.91796875,107.81640625,107.9140625
2019-08-19,107.90234375,107.90234375,107.76953125,107.796875
2019-08-20,107.78515625,107.8984375,107.78125,107.84375
2019-08-21,107.859375,107.859375,107.71875,107.74609375
2019-08-22,107.7265625,107.7890625,107.640625,107.66015625
2019-08-23,107.63671875,107.8515625,107.5859375,107.8046875
2019-08-26,107.875,107.95703125,107.734375,107.74609375
2019-08-27,107.765625,107.81640625,107.7265625,107.78125
2019-08-28,107.8046875,107.84375,107.76171875,107.81640625
2019-08-29,107.828125,107.8671875,107.73828125,107.75390625
2019-08-30,107.76171875,107.80078125,107.7109375,107.79296875
2019-09-03,107.81640625,107.9296875,107.75390625,107.87890625
2019-09-04,107.90625,107.9375,107.85546875,107.92578125
2019-09-05,107.92578125,107.92578125,107.640625,107.703125
2019-09-06,107.72265625,107.75390625,107.65234375,107.72265625
2019-09-09,107.703125,107.703125,107.609375,107.62890625
2019-09-10,107.59375,107.59375,107.4296875,107.47265625
2019-09-11,107.4609375,107.48828125,107.43359375,107.46484375
2019-09-12,107.4453125,107.52734375,107.35546875,107.35546875
2019-09-13,107.359375,107.37109375,107.203125,107.2109375
2019-09-16,107.28125,107.31640625,107.265625,107.296875
2019-09-17,107.3046875,107.36328125,107.2734375,107.36328125
2019-09-18,107.375,107.453125,107.34375,107.34375
2019-09-19,107.31640625,107.36328125,107.3125,107.3359375
2019-09-20,107.359375,107.359375,107.35546875,107.35546875
2019-09-23,107.4453125,107.4609375,107.39453125,107.41015625
2019-09-24,107.390625,107.54296875,107.390625,107.54296875
2019-09-25,107.48828125,107.48828125,107.39453125,107.39453125
2019-09-26,107.44140625,107.44140625,107.44140625,107.44140625
2019-09-27,107.4453125,107.515625,107.4453125,107.515625
2019-09-30,107.55078125,107.55078125,107.5,107.5
2019-10-01,107.75390625,107.921875,107.625,107.875
2019-10-02,107.89453125,108.03125,107.8515625,107.99609375
2019-10-03,107.9921875,108.21484375,107.98828125,108.18359375
2019-10-04,108.171875,108.28125,108.09375,108.15234375
2019-10-07,108.1640625,108.1953125,108.00390625,108.01953125
2019-10-08,108.01953125,108.14453125,107.9453125,108.10546875
2019-10-09,108.10546875,108.125,107.984375,107.9921875
2019-10-10,108.0,108.109375,107.83984375,107.87109375
2019-10-11,107.84765625,107.88671875,107.6484375,107.69921875
2019-10-14,107.72265625,107.83984375,107.7109375,107.734375
2019-10-15,107.75390625,107.828125,107.66015625,107.6796875
2019-10-16,107.69140625,107.7890625,107.67578125,107.75
2019-10-17,107.76171875,107.79296875,107.6484375,107.7265625
2019-10-18,107.734375,107.81640625,107.703125,107.78125
2019-10-21,107.796875,107.81640625,107.6875,107.7109375
2019-10-22,107.69921875,107.765625,107.6796875,107.7421875
2019-10-23,107.7578125,107.8046875,107.71875,107.73828125
2019-10-24,107.734375,107.78125,107.6953125,107.734375
2019-10-25,107.74609375,107.7578125,107.60546875,107.640625
2019-10-28,107.65234375,107.65234375,107.55859375,107.59375
2019-10-29,107.59375,107.63671875,107.56640625,107.59765625
2019-10-30,107.59765625,107.6796875,107.52734375,107.62109375
2019-10-31,107.671875,107.82421875,107.609375,107.80078125
2019-11-01,107.79296875,107.82421875,107.6796875,107.72265625
2019-11-04,107.72265625,107.7265625,107.63671875,107.65234375
2019-11-05,107.671875,107.67578125,107.54296875,107.578125
2019-11-06,107.58203125,107.65625,107.58203125,107.625
2019-11-07,107.609375,107.64453125,107.421875,107.48828125
2019-11-08,107.49609375,107.55859375,107.4453125,107.51171875
2019-11-11,107.4765625,107.5390625,107.47265625,107.48828125
2019-11-12,107.48828125,107.546875,107.453125,107.5390625
2019-11-13,107.5,107.59765625,107.5,107.5859375
2019-11-14,107.5703125,107.68359375,107.546875,107.65234375
2019-11-15,107.64453125,107.65625,107.58984375,107.6171875
2019-11-18,107.6171875,107.67578125,107.58203125,107.65234375
2019-11-19,107.640625,107.66796875,107.59765625,107.640625
2019-11-20,107.63671875,107.71484375,107.63671875,107.6953125
2019-11-21,107.71484375,107.74609375,107.625,107.63671875
2019-11-22,107.625,107.66796875,107.578125,107.5859375
2019-11-25,107.578125,107.625,107.55078125,107.60546875
2019-11-26,107.6171875,107.6484375,107.578125,107.6328125
2019-11-27,107.625,107.62890625,107.53125,107.53515625
2019-11-29,107.5390625,107.58984375,107.5234375,107.58203125
2019-12-02,107.5625,107.58203125,107.50390625,107.55078125
2019-12-03,107.56640625,107.7265625,107.5390625,107.69921875
2019-12-04,107.67578125,107.7109375,107.59375,107.59765625
2019-12-05,107.609375,107.625,107.5703125,107.609375
2019-12-06,107.58984375,107.58984375,107.43359375,107.54296875
2019-12-09,107.52734375,107.5625,107.5234375,107.5390625
2019-12-10,107.5625,107.58203125,107.48828125,107.4921875
2019-12-11,107.48828125,107.5546875,107.48828125,107.5546875
2019-12-12,107.5390625,107.59765625,107.40234375,107.4609375
2019-12-13,107.4375,107.58984375,107.41796875,107.58984375
2019-12-16,107.5234375,107.53125,107.51953125,107.51953125
2019-12-17,107.54296875,107.55078125,107.53515625,107.54296875
2019-12-18,107.52734375,107.55078125,107.5234375,107.55078125
2019-12-19,107.578125,107.578125,107.578125,107.578125
2019-12-20,107.546875,107.55859375,107.546875,107.546875
2019-12-23,107.50390625,107.50390625,107.50390625,107.50390625
2019-12-24,107.54296875,107.54296875,107.54296875,107.54296875
2019-12-26,107.546875,107.546875,107.546875,107.546875
2019-12-27,107.62109375,107.6328125,107.62109375,107.62109375
2019-12-30,107.625,107.6484375,107.62109375,107.6484375
2019-12-31,107.640625,107.6484375,107.640625,107.6484375
2020-01-02,107.71484375,107.78515625,107.69921875,107.7265625
2020-01-03,107.73828125,107.8671875,107.73046875,107.83203125
2020-01-06,107.84375,107.875,107.7734375,107.796875
2020-01-07,107.796875,107.83203125,107.77734375,107.79296875
2020-01-08,107.8046875,107.98828125,107.7109375,107.71875
2020-01-09,107.71484375,107.7421875,107.671875,107.73046875
2020-01-10,107.7265625,107.76953125,107.69921875,107.73828125
2020-01-13,107.74609375,107.75,107.69140625,107.70703125
2020-01-14,107.7109375,107.75,107.6875,107.72265625
2020-01-15,107.73828125,107.7734375,107.73046875,107.75390625
2020-01-16,107.76171875,107.7734375,107.71875,107.73828125
2020-01-17,107.73828125,107.76953125,107.71484375,107.7265625
2020-01-21,107.7421875,107.81640625,107.734375,107.8046875
2020-01-22,107.8046875,107.828125,107.7734375,107.81640625
2020-01-23,107.8203125,107.89453125,107.80859375,107.8359375
2020-01-24,107.83984375,107.921875,107.80078125,107.91015625
2020-01-27,107.95703125,108.01953125,107.94921875,108.0
2020-01-28,107.98046875,108.05078125,107.91796875,107.94140625
2020-01-29,107.9296875,108.0390625,107.9140625,108.01953125
2020-01-30,108.01953125,108.1171875,108.01171875,108.0625
2020-01-31,108.00390625,108.20703125,108.0,108.1796875
2020-02-03,108.21875,108.234375,108.0625,108.1171875
2020-02-04,108.1171875,108.140625,107.97265625,107.99609375
2020-02-05,107.99609375,108.05078125,107.8984375,107.94921875
2020-02-06,107.94921875,107.96484375,107.88671875,107.93359375
2020-02-07,107.9375,108.03515625,107.91015625,108.02734375
2020-02-10,108.02734375,108.0859375,107.99609375,108.0703125
2020-02-11,108.02734375,108.04296875,107.9765625,108.0
2020-02-12,107.98046875,107.98046875,107.93359375,107.94921875
2020-02-13,107.94140625,108.03515625,107.9296875,107.94140625
2020-02-14,107.93359375,107.99609375,107.9296875,107.97265625
2020-02-18,107.95703125,108.03125,107.93359375,108.00390625
2020-02-19,108.0,108.0,107.9453125,107.96484375
2020-02-20,107.9765625,108.0546875,107.9453125,108.02734375
2020-02-21,108.03125,108.16796875,108.0234375,108.11328125
2020-02-24,108.1484375,108.3203125,108.14453125,108.2734375
2020-02-25,108.296875,108.4453125,108.21484375,108.3984375
2020-02-26,108.33984375,108.49609375,108.32421875,108.48046875
2020-02-27,108.4453125,108.69140625,108.4296875,108.55078125
2020-02-28,108.62109375,109.0,108.59375,108.9296875
2020-03-02,109.02734375,109.25390625,108.87109375,109.046875
2020-03-03,108.9140625,109.42578125,108.8984375,109.234375
2020-03-04,109.32421875,109.42578125,109.25,109.3671875
2020-03-05,109.3125,109.515625,109.3125,109.4765625
2020-03-06,109.4609375,109.7421875,109.4453125,109.66796875
2020-03-09,110.07421875,110.09375,109.78515625,109.92578125
2020-03-10,109.81640625,109.9375,109.6171875,109.7265625
2020-03-11,109.81640625,109.83984375,109.61328125,109.765625
2020-03-12,109.89453125,109.89453125,109.78125,109.78125
2020-03-13,109.73828125,109.73828125,109.73828125,109.73828125
2020-03-16,110.05078125,110.05078125,109.890625,109.890625
2020-03-17,109.80859375,109.80859375,109.6484375,109.66015625
2020-03-18,109.66015625,109.75390625,109.6328125,109.6328125
2020-03-19,109.7890625,109.8046875,109.7890625,109.7890625
2020-03-20,109.7109375,109.9453125,109.7109375,109.90625
2020-03-23,110.03125,110.09375,110.03125,110.04296875
2020-03-24,109.89453125,109.984375,109.89453125,109.89453125
2020-03-25,110.0625,110.0625,110.01171875,110.05859375
2020-03-26,110.12109375,110.12109375,110.12109375,110.12109375
2020-03-27,110.05078125,110.171875,110.05078125,110.16796875
2020-03-30,109.8203125,110.26953125,109.8203125,110.1484375
2020-03-31,110.171875,110.171875,110.171875,110.171875
2020-04-01,110.1640625,110.23046875,110.15625,110.171875
2020-04-02,110.21875,110.2421875,110.17578125,110.19921875
2020-04-03,110.1875,110.23046875,110.1484375,110.20703125
2020-04-06,110.1796875,110.1796875,110.09765625,110.109375
2020-04-07,110.109375,110.11328125,110.03125,110.05859375
2020-04-08,110.08984375,110.1484375,110.05078125,110.11328125
2020-04-09,110.109375,110.203125,110.09765625,110.1796875
2020-04-13,110.16796875,110.1875,110.12890625,110.14453125
2020-04-14,110.140625,110.19140625,110.11328125,110.1796875
2020-04-15,110.1875,110.24609375,110.1796875,110.2265625
2020-04-16,110.23046875,110.25390625,110.1953125,110.23046875
2020-04-17,110.1875,110.2421875,110.15625,110.20703125
2020-04-20,110.22265625,110.22265625,110.18359375,110.203125
2020-04-21,110.1953125,110.23828125,110.18359375,110.19921875
2020-04-22,110.2109375,110.22265625,110.171875,110.19140625
2020-04-23,110.19140625,110.19921875,110.1640625,110.17578125
2020-04-24,110.1796875,110.1953125,110.15234375,110.18359375
2020-04-27,110.16796875,110.1796875,110.1328125,110.15234375
2020-04-28,110.15625,110.203125,110.1484375,110.18359375
2020-04-29,110.1796875,110.21484375,110.16796875,110.203125
2020-04-30,110.1953125,110.234375,110.1875,110.21484375
2020-05-01,110.203125,110.2265625,110.16796875,110.17578125
2020-05-04,110.21484375,110.22265625,110.1875,110.21484375
2020-05-05,110.20703125,110.21875,110.18359375,110.19921875
2020-05-06,110.19921875,110.2265625,110.171875,110.21484375
2020-05-07,110.21484375,110.3203125,110.20703125,110.31640625
2020-05-08,110.30078125,110.3671875,110.2421875,110.2734375
2020-05-11,110.26171875,110.29296875,110.2109375,110.21875
2020-05-12,110.22265625,110.25390625,110.1953125,110.23046875
2020-05-13,110.25,110.29296875,110.23828125,110.25390625
2020-05-14,110.2578125,110.29296875,110.2421875,110.28515625
2020-05-15,110.28515625,110.30859375,110.265625,110.28125
2020-05-18,110.29296875,110.30859375,110.20703125,110.21484375
2020-05-19,110.21875,110.25390625,110.2109375,110.23828125
2020-05-20,110.25,110.27734375,110.2265625,110.265625
2020-05-21,110.2578125,110.26953125,110.25,110.2578125
2020-05-22,110.2578125,110.28125,110.25390625,110.26171875
2020-05-26,110.26171875,110.26953125,110.21875,110.23828125
2020-05-27,110.25,110.28125,110.20703125,110.23828125
2020-05-28,110.2421875,110.26171875,110.2265625,110.2421875
2020-05-29,110.25,110.2890625,110.25,110.28125
2020-06-01,110.26953125,110.29296875,110.24609375,110.26953125
2020-06-02,110.2734375,110.2734375,110.23828125,110.24609375
2020-06-03,110.24609375,110.24609375,110.18359375,110.19140625
2020-06-04,110.2109375,110.22265625,110.18359375,110.203125
2020-06-05,110.19921875,110.20703125,110.1171875,110.15625
2020-06-08,110.1640625,110.17578125,110.140625,110.140625
2020-06-09,110.14453125,110.1875,110.14453125,110.18359375
2020-06-10,110.19921875,110.23828125,110.19921875,110.23828125
2020-06-11,110.2265625,110.234375,110.18359375,110.23046875
2020-06-12,110.19140625,110.22265625,110.19140625,110.21484375
2020-06-15,110.22265625,110.23046875,110.2109375,110.2265625
2020-06-16,110.21484375,110.21484375,110.19140625,110.19140625
2020-06-17,110.1953125,110.20703125,110.1953125,110.20703125
2020-06-18,110.2109375,110.21875,110.20703125,110.21875
2020-06-19,110.21875,110.2421875,110.21875,110.234375
2020-06-22,110.23828125,110.24609375,110.22265625,110.2265625
2020-06-23,110.21875,110.21875,110.21875,110.21875
2020-06-24,110.22265625,110.23046875,110.21875,110.22265625
2020-06-25,110.2265625,110.2421875,110.2265625,110.23828125
2020-06-26,110.2421875,110.2890625,110.2421875,110.27734375
2020-06-29,110.28515625,110.29296875,110.28515625,110.29296875
2020-06-30,110.29296875,110.29296875,110.27734375,110.27734375
2020-07-01,110.4140625,110.41796875,110.37109375,110.37890625
2020-07-02,110.38671875,110.41015625,110.359375,110.3984375
2020-07-06,110.41015625,110.41015625,110.375,110.38671875
2020-07-07,110.3828125,110.40234375,110.37890625,110.38671875
2020-07-08,110.39453125,110.41015625,110.3828125,110.40625
2020-07-09,110.390625,110.43359375,110.390625,110.4140625
2020-07-10,110.41015625,110.453125,110.3984375,110.40625
2020-07-13,110.40625,110.421875,110.37890625,110.39453125
2020-07-14,110.3984375,110.41796875,110.390625,110.40625
2020-07-15,110.38671875,110.4140625,110.3828125,110.40625
2020-07-16,110.40234375,110.4296875,110.3984375,110.421875
2020-07-17,110.41796875,110.43359375,110.41015625,110.421875
2020-07-20,110.41796875,110.4296875,110.40625,110.41015625
2020-07-21,110.41796875,110.43359375,110.40234375,110.4296875
2020-07-22,110.4296875,110.4375,110.41015625,110.41796875
2020-07-23,110.41015625,110.42578125,110.40625,110.4140625
2020-07-24,110.40625,110.4296875,110.40625,110.41796875
2020-07-27,110.41796875,110.43359375,110.40234375,110.40625
2020-07-28,110.40234375,110.43359375,110.40234375,110.4296875
2020-07-29,110.42578125,110.45703125,110.421875,110.453125
2020-07-30,110.44921875,110.4765625,110.4453125,110.46484375
2020-07-31,110.46484375,110.49609375,110.45703125,110.4921875
2020-08-03,110.5,110.50390625,110.47265625,110.47265625
2020-08-04,110.484375,110.4921875,110.47265625,110.48046875
2020-08-05,110.4921875,110.4921875,110.4609375,110.46875
2020-08-06,110.46484375,110.48828125,110.4609375,110.47265625
2020-08-07,110.47265625,110.48046875,110.44140625,110.44921875
2020-08-10,110.44921875,110.46875,110.43359375,110.44140625
2020-08-11,110.4375,110.4453125,110.375,110.37890625
2020-08-12,110.39453125,110.40625,110.3671875,110.37890625
2020-08-13,110.37109375,110.39453125,110.3671875,110.37109375
2020-08-14,110.37109375,110.40625,110.3671875,110.3984375
2020-08-17,110.40234375,110.4140625,110.38671875,110.39453125
2020-08-18,110.390625,110.4140625,110.38671875,110.41015625
2020-08-19,110.4140625,110.421875,110.40234375,110.4140625
2020-08-20,110.4140625,110.43359375,110.40625,110.4140625
2020-08-21,110.41015625,110.4296875,110.40234375,110.41015625
2020-08-24,110.41015625,110.41796875,110.38671875,110.39453125
2020-08-25,110.39453125,110.3984375,110.36328125,110.3984375
2020-08-26,110.390625,110.3984375,110.3671875,110.390625
2020-08-27,110.390625,110.41796875,110.3671875,110.375
2020-08-28,110.37109375,110.44140625,110.36328125,110.421875
2020-08-31,110.421875,110.43359375,110.40625,110.42578125
2020-09-01,110.42578125,110.43359375,110.41015625,110.421875
2020-09-02,110.42578125,110.42578125,110.40625,110.4140625
2020-09-03,110.41796875,110.44140625,110.40625,110.43359375
2020-09-04,110.421875,110.42578125,110.390625,110.390625
2020-09-08,110.40234375,110.41796875,110.40234375,110.41015625
2020-09-09,110.41015625,110.41015625,110.3984375,110.40234375
2020-09-10,110.40234375,110.4140625,110.39453125,110.41015625
2020-09-11,110.4140625,110.4375,110.41015625,110.4375
2020-09-14,110.4296875,110.4375,110.41015625,110.41796875
2020-09-15,110.4140625,110.4140625,110.40625,110.4140625
2020-09-16,110.41015625,110.41796875,110.41015625,110.41015625
2020-09-17,110.43359375,110.4375,110.42578125,110.42578125
2020-09-18,110.43359375,110.43359375,110.4140625,110.41796875
2020-09-21,110.43359375,110.43359375,110.421875,110.421875
2020-09-22,110.4296875,110.4296875,110.4296875,110.4296875
2020-09-23,110.4140625,110.42578125,110.4140625,110.41796875
2020-09-24,110.421875,110.4296875,110.421875,110.42578125
2020-09-25,110.44921875,110.47265625,110.4375,110.4375
2020-09-28,110.4296875,110.44140625,110.4296875,110.44140625
2020-09-29,110.44921875,110.44921875,110.43359375,110.4453125
2020-09-30,110.453125,110.453125,110.453125,110.453125
2020-10-01,110.47265625,110.4765625,110.44921875,110.46875
2020-10-02,110.47265625,110.48828125,110.44921875,110.45703125
2020-10-05,110.453125,110.46875,110.41796875,110.42578125
2020-10-06,110.421875,110.44140625,110.41796875,110.4296875
2020-10-07,110.42578125,110.4296875,110.3984375,110.40625
2020-10-08,110.41015625,110.4296875,110.41015625,110.42578125
2020-10-09,110.41796875,110.42578125,110.40234375,110.41015625
2020-10-12,110.40625,110.4140625,110.40234375,110.41015625
2020-10-13,110.4140625,110.44140625,110.41015625,110.44140625
2020-10-14,110.4375,110.4453125,110.4296875,110.4375
2020-10-15,110.4375,110.453125,110.43359375,110.4375
2020-10-16,110.44140625,110.453125,110.421875,110.4296875
2020-10-19,110.42578125,110.4296875,110.41015625,110.42578125
2020-10-20,110.42578125,110.43359375,110.4140625,110.42578125
2020-10-21,110.4296875,110.43359375,110.40625,110.421875
2020-10-22,110.41796875,110.4296875,110.40234375,110.40625
2020-10-23,110.40625,110.42578125,110.40234375,110.41015625
2020-10-26,110.40625,110.4296875,110.40625,110.41796875
2020-10-27,110.4140625,110.4296875,110.41015625,110.421875
2020-10-28,110.421875,110.43359375,110.41796875,110.4296875
2020-10-29,110.42578125,110.4375,110.4140625,110.421875
2020-10-30,110.421875,110.4296875,110.4140625,110.421875
2020-11-02,110.41796875,110.4296875,110.40625,110.40625
2020-11-03,110.41015625,110.41015625,110.375,110.3828125
2020-11-04,110.37890625,110.44140625,110.37109375,110.43359375
2020-11-05,110.4296875,110.43359375,110.40234375,110.41796875
2020-11-06,110.42578125,110.4296875,110.3984375,110.40625
2020-11-09,110.40234375,110.41796875,110.3359375,110.35546875
2020-11-10,110.37109375,110.375,110.34375,110.34765625
2020-11-11,110.34765625,110.3515625,110.33203125,110.33984375
2020-11-12,110.33984375,110.37109375,110.33984375,110.36328125
2020-11-13,110.359375,110.3671875,110.34765625,110.359375
2020-11-16,110.3515625,110.3671875,110.34765625,110.35546875
2020-11-17,110.35546875,110.37109375,110.3515625,110.3671875
2020-11-18,110.3671875,110.375,110.35546875,110.3671875
2020-11-19,110.36328125,110.38671875,110.36328125,110.375
2020-11-20,110.3828125,110.3984375,110.37890625,110.390625
2020-11-23,110.39453125,110.3984375,110.3828125,110.38671875
2020-11-24,110.38671875,110.40234375,110.38671875,110.39453125
2020-11-25,110.39453125,110.4140625,110.390625,110.40234375
2020-11-27,110.3984375,110.41796875,110.3984375,110.4140625
2020-11-30,110.40625,110.4375,110.40625,110.421875
2020-12-01,110.421875,110.43359375,110.3671875,110.3671875
2020-12-02,110.3828125,110.40234375,110.375,110.390625
2020-12-03,110.39453125,110.421875,110.39453125,110.4140625
2020-12-04,110.4140625,110.41796875,110.40234375,110.41796875
2020-12-07,110.42578125,110.4375,110.421875,110.4375
2020-12-08,110.43359375,110.43359375,110.41796875,110.41796875
2020-12-09,110.41796875,110.41796875,110.40625,110.41796875
2020-12-10,110.4296875,110.44140625,110.4296875,110.44140625
2020-12-11,110.44140625,110.484375,110.44140625,110.48046875
2020-12-14,110.4765625,110.484375,110.46875,110.48046875
2020-12-15,110.47265625,110.48046875,110.47265625,110.47265625
2020-12-16,110.4609375,110.47265625,110.4609375,110.47265625
2020-12-17,110.4609375,110.46875,110.4609375,110.46484375
2020-12-18,110.46875,110.46875,110.46875,110.46875
2020-12-21,110.46875,110.46875,110.46875,110.46875
2020-12-22,110.4765625,110.4765625,110.4765625,110.4765625
2020-12-23,110.4765625,110.4765625,110.47265625,110.47265625
2020-12-24,110.4765625,110.4765625,110.4765625,110.4765625
2020-12-28,110.46484375,110.4765625,110.46484375,110.4765625
2020-12-29,110.4765625,110.4765625,110.4765625,110.4765625
2020-12-30,110.48046875,110.484375,110.4765625,110.4765625
2020-12-31,110.48828125,110.48828125,110.48828125,110.48828125
2021-01-04,110.484375,110.49609375,110.47265625,110.4921875
2021-01-05,110.4921875,110.5,110.47265625,110.4765625
2021-01-06,110.47265625,110.48046875,110.4140625,110.42578125
2021-01-07,110.4375,110.4453125,110.42578125,110.4453125
2021-01-08,110.44140625,110.4609375,110.43359375,110.4453125
2021-01-11,110.44921875,110.4609375,110.421875,110.43359375
2021-01-12,110.421875,110.43359375,110.41015625,110.42578125
2021-01-13,110.421875,110.4375,110.4140625,110.42578125
2021-01-14,110.4296875,110.4453125,110.41796875,110.4296875
2021-01-15,110.4375,110.45703125,110.4296875,110.44921875
2021-01-19,110.453125,110.4609375,110.4375,110.4609375
2021-01-20,110.4609375,110.46875,110.4453125,110.46484375
2021-01-21,110.46875,110.4765625,110.45703125,110.4765625
2021-01-22,110.46875,110.484375,110.46875,110.48046875
2021-01-25,110.48046875,110.48828125,110.47265625,110.48046875
2021-01-26,110.484375,110.484375,110.47265625,110.48046875
2021-01-27,110.48046875,110.5,110.4765625,110.4921875
2021-01-28,110.48828125,110.49609375,110.4765625,110.48046875
2021-01-29,110.484375,110.50390625,110.4765625,110.48828125
2021-02-01,110.50390625,110.5078125,110.4921875,110.5
2021-02-02,110.49609375,110.50390625,110.484375,110.48828125
2021-02-03,110.4921875,110.49609375,110.4765625,110.484375
2021-02-04,110.484375,110.4921875,110.48046875,110.484375
2021-02-05,110.48828125,110.5078125,110.484375,110.50390625
2021-02-08,110.50390625,110.5078125,110.484375,110.4921875
2021-02-09,110.4921875,110.49609375,110.4765625,110.484375
2021-02-10,110.48046875,110.5,110.4765625,110.49609375
2021-02-11,110.49609375,110.50390625,110.4921875,110.5
2021-02-12,110.49609375,110.50390625,110.4921875,110.5
2021-02-16,110.4921875,110.49609375,110.46875,110.4765625
2021-02-17,110.47265625,110.5078125,110.46875,110.5
2021-02-18,110.5078125,110.51171875,110.4921875,110.50390625
2021-02-19,110.5078125,110.51171875,110.5,110.5078125
2021-02-22,110.50390625,110.5078125,110.4921875,110.49609375
2021-02-23,110.4921875,110.5078125,110.48828125,110.4921875
2021-02-24,110.49609375,110.50390625,110.4609375,110.4765625
2021-02-25,110.47265625,110.4765625,110.3359375,110.3828125
2021-02-26,110.38671875,110.484375,110.36328125,110.42578125
2021-03-01,110.4765625,110.48828125,110.44140625,110.48046875
2021-03-02,110.48046875,110.4921875,110.46484375,110.484375
2021-03-03,110.484375,110.484375,110.44140625,110.44921875
2021-03-04,110.44140625,110.45703125,110.43359375,110.44140625
2021-03-05,110.44140625,110.46484375,110.4296875,110.453125
2021-03-08,110.44921875,110.44921875,110.38671875,110.3984375
2021-03-09,110.40625,110.40625,110.3828125,110.3984375
2021-03-10,110.40234375,110.41796875,110.3984375,110.4140625
2021-03-11,110.4140625,110.4453125,110.40234375,110.4453125
2021-03-12,110.41015625,110.4296875,110.41015625,110.4296875
2021-03-15,110.42578125,110.42578125,110.4140625,110.421875
2021-03-16,110.42578125,110.42578125,110.42578125,110.42578125
2021-03-17,110.41015625,110.46484375,110.41015625,110.46484375
2021-03-18,110.41015625,110.41015625,110.41015625,110.41015625
2021-03-19,110.40625,110.4296875,110.40234375,110.4296875
2021-03-22,110.44921875,110.44921875,110.43359375,110.4375
2021-03-23,110.44921875,110.44921875,110.44140625,110.44140625
2021-03-24,110.4453125,110.4609375,110.4453125,110.453125
2021-03-25,110.48046875,110.48046875,110.48046875,110.48046875
2021-03-26,110.4609375,110.4609375,110.4609375,110.4609375
2021-03-29,110.46484375,110.46484375,110.45703125,110.45703125
2021-03-30,110.43359375,110.4609375,110.43359375,110.453125
2021-03-31,110.453125,110.453125,110.453125,110.453125
2021-04-01,110.36328125,110.37890625,110.3515625,110.359375
2021-04-05,110.30078125,110.34375,110.296875,110.328125
2021-04-06,110.34375,110.36328125,110.33203125,110.359375
2021-04-07,110.359375,110.390625,110.35546875,110.37890625
2021-04-08,110.375,110.390625,110.375,110.3828125
2021-04-09,110.37890625,110.3828125,110.35546875,110.37109375
2021-04-12,110.375,110.37890625,110.33984375,110.34375
2021-04-13,110.3515625,110.375,110.33203125,110.37109375
2021-04-14,110.3671875,110.37109375,110.3515625,110.36328125
2021-04-15,110.359375,110.3828125,110.359375,110.37890625
2021-04-16,110.3671875,110.375,110.3515625,110.36328125
2021-04-19,110.359375,110.375,110.35546875,110.37109375
2021-04-20,110.3671875,110.39453125,110.36328125,110.390625
2021-04-21,110.390625,110.40234375,110.38671875,110.3984375
2021-04-22,110.3984375,110.40625,110.3828125,110.3984375
2021-04-23,110.3984375,110.40625,110.37890625,110.38671875
2021-04-26,110.37890625,110.38671875,110.359375,110.36328125
2021-04-27,110.36328125,110.3671875,110.34375,110.3515625
2021-04-28,110.3515625,110.37890625,110.34375,110.37890625
2021-04-29,110.37890625,110.37890625,110.35546875,110.37890625
2021-04-30,110.37890625,110.38671875,110.3671875,110.37890625
2021-05-03,110.3828125,110.390625,110.37109375,110.38671875
2021-05-04,110.37890625,110.39453125,110.37109375,110.3828125
2021-05-05,110.38671875,110.40234375,110.375,110.39453125
2021-05-06,110.40234375,110.40625,110.38671875,110.3984375
2021-05-07,110.39453125,110.4453125,110.38671875,110.421875
2021-05-10,110.41796875,110.4296875,110.40234375,110.40625
2021-05-11,110.40234375,110.41015625,110.38671875,110.390625
2021-05-12,110.390625,110.40234375,110.359375,110.375
2021-05-13,110.37890625,110.40234375,110.375,110.390625
2021-05-14,110.39453125,110.41015625,110.390625,110.40625
2021-05-17,110.41015625,110.421875,110.39453125,110.3984375
2021-05-18,110.3984375,110.41015625,110.39453125,110.41015625
2021-05-19,110.41015625,110.42578125,110.38671875,110.390625
2021-05-20,110.390625,110.41796875,110.390625,110.41015625
2021-05-21,110.4140625,110.41796875,110.3984375,110.40234375
2021-05-24,110.40234375,110.421875,110.3984375,110.4140625
2021-05-25,110.41796875,110.43359375,110.41015625,110.4296875
2021-05-26,110.43359375,110.44140625,110.421875,110.43359375
2021-05-27,110.421875,110.43359375,110.4140625,110.4296875
2021-05-28,110.42578125,110.453125,110.41796875,110.4453125
2021-06-01,110.4375,110.44921875,110.4296875,110.4375
2021-06-02,110.4453125,110.44921875,110.4375,110.4375
2021-06-03,110.44140625,110.4453125,110.4140625,110.4140625
2021-06-04,110.41796875,110.4453125,110.41015625,110.4296875
2021-06-07,110.4296875,110.4296875,110.41796875,110.41796875
2021-06-08,110.421875,110.4296875,110.421875,110.42578125
2021-06-09,110.4296875,110.44140625,110.421875,110.4296875
2021-06-10,110.4296875,110.44140625,110.4140625,110.4296875
2021-06-11,110.44140625,110.44140625,110.42578125,110.4296875
2021-06-14,110.42578125,110.42578125,110.4140625,110.4140625
2021-06-15,110.421875,110.421875,110.40234375,110.40234375
2021-06-16,110.40234375,110.40234375,110.32421875,110.328125
2021-06-17,110.32421875,110.34375,110.3046875,110.3203125
2021-06-18,110.30859375,110.3125,110.23046875,110.23828125
2021-06-21,110.234375,110.2578125,110.21875,110.24609375
2021-06-22,110.24609375,110.28515625,110.24609375,110.28515625
2021-06-23,110.296875,110.296875,110.28515625,110.28515625
2021-06-24,110.25390625,110.25390625,110.25390625,110.25390625
2021-06-25,110.25,110.25,110.25,110.25
2021-06-28,110.2890625,110.29296875,110.2734375,110.28125
2021-06-29,110.2890625,110.29296875,110.28515625,110.28515625
2021-06-30,110.29296875,110.29296875,110.29296875,110.29296875
2021-07-01,110.15625,110.16015625,110.140625,110.1484375
2021-07-02,110.1484375,110.19140625,110.11328125,110.18359375
2021-07-06,110.19140625,110.234375,110.17578125,110.2265625
2021-07-07,110.23046875,110.24609375,110.20703125,110.2421875
2021-07-08,110.23828125,110.296875,110.234375,110.28515625
2021-07-09,110.27734375,110.28125,110.23828125,110.2421875
2021-07-12,110.2421875,110.265625,110.1953125,110.20703125
2021-07-13,110.21875,110.22265625,110.1328125,110.15625
2021-07-14,110.1640625,110.23046875,110.15234375,110.21484375
2021-07-15,110.21875,110.23828125,110.20703125,110.21875
2021-07-16,110.21875,110.234375,110.1796875,110.22265625
2021-07-19,110.22265625,110.30078125,110.22265625,110.25390625
2021-07-20,110.24609375,110.3046875,110.23828125,110.296875
2021-07-21,110.28125,110.29296875,110.25390625,110.26171875
2021-07-22,110.2578125,110.28125,110.23046875,110.27734375
2021-07-23,110.2734375,110.29296875,110.265625,110.27734375
2021-07-26,110.28125,110.30078125,110.26953125,110.28515625
2021-07-27,110.28125,110.30859375,110.28125,110.30078125
2021-07-28,110.29296875,110.3125,110.26171875,110.28515625
2021-07-29,110.30078125,110.3125,110.2734375,110.30078125
2021-07-30,110.29296875,110.33984375,110.29296875,110.328125
2021-08-02,110.3359375,110.3671875,110.3359375,110.35546875
2021-08-03,110.35546875,110.375,110.33984375,110.35546875
2021-08-04,110.36328125,110.38671875,110.3125,110.33984375
2021-08-05,110.3359375,110.33984375,110.28125,110.30078125
2021-08-06,110.296875,110.296875,110.2421875,110.28125
2021-08-09,110.2734375,110.30078125,110.24609375,110.25390625
2021-08-10,110.25,110.2578125,110.21484375,110.22265625
2021-08-11,110.21484375,110.265625,110.1953125,110.25
2021-08-12,110.25390625,110.26171875,110.23046875,110.234375
2021-08-13,110.2421875,110.26953125,110.23046875,110.2578125
2021-08-16,110.265625,110.29296875,110.26171875,110.28125
2021-08-17,110.265625,110.2890625,110.25390625,110.26171875
2021-08-18,110.2578125,110.2734375,110.234375,110.2578125
2021-08-19,110.26171875,110.29296875,110.25390625,110.2578125
2021-08-20,110.26171875,110.2734375,110.25,110.25390625
2021-08-23,110.25390625,110.26171875,110.234375,110.2578125
2021-08-24,110.25390625,110.2578125,110.234375,110.25
2021-08-25,110.25,110.26171875,110.234375,110.25390625
2021-08-26,110.25390625,110.27734375,110.23828125,110.25390625
2021-08-27,110.24609375,110.30859375,110.2421875,110.30078125
2021-08-30,110.296875,110.33203125,110.29296875,110.32421875
2021-08-31,110.328125,110.3359375,110.31640625,110.3203125
2021-09-01,110.3203125,110.33984375,110.31640625,110.32421875
2021-09-02,110.32421875,110.33203125,110.3203125,110.32421875
2021-09-03,110.32421875,110.359375,110.32421875,110.3359375
2021-09-07,110.34375,110.34375,110.30859375,110.30859375
2021-09-08,110.30859375,110.3203125,110.30859375,110.3125
2021-09-09,110.3203125,110.328125,110.3125,110.3203125
2021-09-10,110.3203125,110.32421875,110.3125,110.31640625
2021-09-13,110.3203125,110.328125,110.3125,110.3203125
2021-09-14,110.31640625,110.33984375,110.3125,110.3359375
2021-09-15,110.3359375,110.3359375,110.32421875,110.328125
2021-09-16,110.328125,110.328125,110.30078125,110.3125
2021-09-17,110.296875,110.30078125,110.29296875,110.296875
2021-09-20,110.32421875,110.328125,110.31640625,110.3203125
2021-09-21,110.3046875,110.33203125,110.3046875,110.328125
2021-09-22,110.31640625,110.32421875,110.2734375,110.2734375
2021-09-23,110.26171875,110.26953125,110.2421875,110.24609375
2021-09-24,110.234375,110.234375,110.21484375,110.21875
2021-09-27,110.2421875,110.26171875,110.1953125,110.203125
2021-09-28,110.22265625,110.22265625,110.21484375,110.21484375
2021-09-29,110.23046875,110.23828125,110.22265625,110.22265625
2021-09-30,110.2421875,110.2421875,110.2421875,110.2421875
2021-10-01,110.0546875,110.0859375,110.04296875,110.0859375
2021-10-04,110.078125,110.09375,110.0390625,110.05859375
2021-10-05,110.05078125,110.05859375,110.03125,110.0390625
2021-10-06,110.0390625,110.04296875,110.0,110.015625
2021-10-07,110.015625,110.01953125,109.984375,109.9921875
2021-10-08,109.984375,110.015625,109.953125,109.9609375
2021-10-11,109.9609375,109.9609375,109.8828125,109.890625
2021-10-12,109.88671875,109.921875,109.87109375,109.890625
2021-10-13,109.89453125,109.90625,109.76171875,109.828125
2021-10-14,109.8515625,109.88671875,109.265625,109.86328125
2021-10-15,109.83984375,109.859375,109.7578125,109.76171875
2021-10-18,109.76171875,109.765625,109.64453125,109.70703125
2021-10-19,109.69140625,109.7734375,109.69140625,109.7578125
2021-10-20,109.7421875,109.796875,109.703125,109.77734375
2021-10-21,109.75,109.75,109.61328125,109.66015625
2021-10-22,109.6171875,109.66015625,109.55859375,109.625
2021-10-25,109.640625,109.71484375,109.62890625,109.69140625
2021-10-26,109.6875,109.69921875,109.65234375,109.6796875
2021-10-27,109.68359375,109.6953125,109.56640625,109.64453125
2021-10-28,109.6171875,109.6875,109.48828125,109.62109375
2021-10-29,109.6484375,109.70703125,109.51171875,109.625
2021-11-01,109.61328125,109.6328125,109.55078125,109.59375
2021-11-02,109.625,109.74609375,109.6015625,109.72265625
2021-11-03,109.72265625,109.7421875,109.59765625,109.671875
2021-11-04,109.68359375,109.8515625,109.66796875,109.80078125
2021-11-05,109.77734375,109.86328125,109.72265625,109.84375
2021-11-08,109.82421875,109.828125,109.734375,109.74609375
2021-11-09,109.75,109.83203125,109.74609375,109.828125
2021-11-10,109.79296875,109.80078125,109.5859375,109.625
2021-11-11,109.609375,109.61328125,109.53125,109.53515625
2021-11-12,109.54296875,109.63671875,109.5390625,109.59375
2021-11-15,109.59765625,109.63671875,109.5546875,109.5859375
2021-11-16,109.58984375,109.625,109.546875,109.58203125
2021-11-17,109.58203125,109.6484375,109.56640625,109.6328125
2021-11-18,109.6328125,109.66796875,109.625,109.64453125
2021-11-19,109.6484375,109.7734375,109.62890625,109.6640625
2021-11-22,109.64453125,109.6484375,109.49609375,109.51953125
2021-11-23,109.51171875,109.57421875,109.484375,109.55859375
2021-11-24,109.54296875,109.60546875,109.4609375,109.48046875
2021-11-26,109.4765625,109.78515625,109.453125,109.69921875
2021-11-29,109.68359375,109.765625,109.625,109.72265625
2021-11-30,109.76171875,109.86328125,109.6171875,109.703125
2021-12-01,109.59375,109.640625,109.54296875,109.625
2021-12-02,109.61328125,109.61328125,109.48828125,109.51953125
2021-12-03,109.4921875,109.59375,109.453125,109.58203125
2021-12-06,109.52734375,109.5625,109.50390625,109.5078125
2021-12-07,109.50390625,109.5078125,109.40625,109.41015625
2021-12-08,109.41015625,109.43359375,109.36328125,109.4296875
2021-12-09,109.4140625,109.44140625,109.3984375,109.41015625
2021-12-10,109.3984375,109.515625,109.34765625,109.46484375
2021-12-13,109.45703125,109.5234375,109.4375,109.50390625
2021-12-14,109.51171875,109.51171875,109.46484375,109.4765625
2021-12-15,109.484375,109.51171875,109.359375,109.4140625
2021-12-16,109.4375,109.5625,109.4375,109.54296875
2021-12-17,109.5625,109.56640625,109.515625,109.515625
2021-12-20,109.578125,109.578125,109.546875,109.546875
2021-12-21,109.4765625,109.48046875,109.46875,109.48046875
2021-12-22,109.48828125,109.49609375,109.48828125,109.4921875
2021-12-23,109.453125,109.46484375,109.44921875,109.44921875
2021-12-27,109.40234375,109.4140625,109.3671875,109.40234375
2021-12-28,109.38671875,109.41796875,109.38671875,109.39453125
2021-12-29,109.3984375,109.3984375,109.3984375,109.3984375
2021-12-30,109.42578125,109.453125,109.421875,109.43359375
2021-12-31,109.45703125,109.45703125,109.45703125,109.45703125
2022-01-03,109.0625,109.06640625,108.9453125,108.9765625
2022-01-04,109.0078125,109.05078125,108.95703125,109.01953125
2022-01-05,109.03125,109.046875,108.875,108.88671875
2022-01-06,108.8828125,108.90625,108.76953125,108.7734375
2022-01-07,108.8046875,108.828125,108.72265625,108.8046875
2022-01-10,108.8125,108.8203125,108.7265625,108.734375
2022-01-11,108.74609375,108.7890625,108.65234375,108.75
2022-01-12,108.78125,108.7890625,108.6953125,108.7421875
2022-01-13,108.70703125,108.77734375,108.69140625,108.76171875
2022-01-14,108.765625,108.765625,108.6171875,108.625
2022-01-18,108.625,108.625,108.44140625,108.484375
2022-01-19,108.4765625,108.56640625,108.41796875,108.52734375
2022-01-20,108.44921875,108.5390625,108.4375,108.4765625
2022-01-21,108.51953125,108.6171875,108.515625,108.60546875
2022-01-24,108.58203125,108.73046875,108.515625,108.6953125
2022-01-25,108.65625,108.69921875,108.59375,108.61328125
2022-01-26,108.62109375,108.64453125,108.32421875,108.484375
2022-01-27,108.3515625,108.35546875,108.23828125,108.27734375
2022-01-28,108.2734375,108.34375,108.19921875,108.31640625
2022-01-31,108.296875,108.34375,108.22265625,108.328125
2022-02-01,108.30078125,108.39453125,108.23828125,108.328125
2022-02-02,108.32421875,108.39453125,108.30078125,108.3515625
2022-02-03,108.35546875,108.40234375,108.23828125,108.2890625
2022-02-04,108.265625,108.27734375,108.0234375,108.03515625
2022-02-07,108.04296875,108.109375,108.00390625,108.08984375
2022-02-08,108.09765625,108.10546875,107.99609375,108.01171875
2022-02-09,108.0,108.06640625,107.9609375,108.0078125
2022-02-10,107.97265625,108.03125,107.4296875,107.58984375
2022-02-11,107.55859375,107.796875,107.390625,107.6875
2022-02-14,107.71875,107.74609375,107.47265625,107.53125
2022-02-15,107.546875,107.59765625,107.4921875,107.5703125
2022-02-16,107.546875,107.71875,107.515625,107.65625
2022-02-17,107.65625,107.78125,107.6484375,107.7421875
2022-02-18,107.7578125,107.8359375,107.69921875,107.78125
2022-02-22,107.80078125,107.875,107.60546875,107.62109375
2022-02-23,107.625,107.66015625,107.53125,107.59375
2022-02-24,107.58984375,107.875,107.58984375,107.71484375
2022-02-25,107.66796875,107.69921875,107.55078125,107.640625
2022-02-28,107.81640625,108.01171875,107.80859375,107.98828125
2022-03-01,107.9453125,108.30078125,107.8828125,108.2109375
2022-03-02,108.08984375,108.234375,107.77734375,107.80078125
2022-03-03,107.890625,107.9375,107.7265625,107.77734375
2022-03-04,107.8203125,108.01953125,107.77734375,107.875
2022-03-07,107.99609375,108.00390625,107.7578125,107.76171875
2022-03-08,107.78515625,107.78515625,107.62109375,107.62109375
2022-03-09,107.59375,107.609375,107.5390625,107.5390625
2022-03-10,107.4609375,107.515625,107.44140625,107.45703125
2022-03-11,107.484375,107.484375,107.39453125,107.41796875
2022-03-14,107.45703125,107.48046875,107.23828125,107.23828125
2022-03-15,107.30078125,107.35546875,107.23046875,107.23828125
2022-03-16,107.2578125,107.2578125,107.0390625,107.05078125
2022-03-17,107.109375,107.109375,107.0859375,107.0859375
2022-03-18,107.1171875,107.16015625,107.0546875,107.0546875
2022-03-21,106.96484375,107.03125,106.71484375,106.71484375
2022-03-22,106.6875,106.72265625,106.60546875,106.6875
2022-03-23,106.70703125,106.7890625,106.6875,106.76171875
2022-03-24,106.68359375,106.71484375,106.68359375,106.71484375
2022-03-25,106.6328125,106.6328125,106.453125,106.46875
2022-03-28,106.390625,106.48046875,106.34375,106.40234375
2022-03-29,106.33984375,106.48046875,106.29296875,106.4765625
2022-03-30,106.55859375,106.55859375,106.47265625,106.4921875
2022-03-31,106.54296875,106.578125,106.5390625,106.5703125
2022-04-01,105.859375,105.87109375,105.59765625,105.68359375
2022-04-04,105.61328125,105.7421875,105.546875,105.69140625
2022-04-05,105.69140625,105.75,105.4765625,105.53125
2022-04-06,105.5,105.66796875,105.34375,105.55078125
2022-04-07,105.609375,105.74609375,105.59765625,105.640625
2022-04-08,105.6328125,105.671875,105.4765625,105.51953125
2022-04-11,105.5078125,105.61328125,105.375,105.57421875
2022-04-12,105.578125,105.87109375,105.484375,105.8359375
2022-04-13,105.7890625,106.078125,105.73046875,105.94140625
2022-04-14,105.91015625,106.0390625,105.66796875,105.73828125
2022-04-18,105.7109375,105.7734375,105.6015625,105.72265625
2022-04-19,105.734375,105.7890625,105.4453125,105.515625
2022-04-20,105.47265625,105.5859375,105.41015625,105.515625
2022-04-21,105.5234375,105.53515625,105.21875,105.30078125
2022-04-22,105.3125,105.375,105.13671875,105.28515625
2022-04-25,105.35546875,105.6875,105.29296875,105.4609375
2022-04-26,105.453125,105.7421875,105.38671875,105.625
2022-04-27,105.74609375,105.765625,105.5625,105.625
2022-04-28,105.6015625,105.67578125,105.43359375,105.50390625
2022-04-29,105.55859375,105.5859375,105.2890625,105.40625
2022-05-02,105.359375,105.4375,105.30859375,105.36328125
2022-05-03,105.33984375,105.4296875,105.2578125,105.2890625
2022-05-04,105.265625,105.6171875,105.1171875,105.5859375
2022-05-05,105.53125,105.5859375,105.3359375,105.37109375
2022-05-06,105.37890625,105.5546875,105.3125,105.44921875
2022-05-09,105.37890625,105.69921875,105.31640625,105.6171875
2022-05-10,105.6484375,105.74609375,105.578125,105.62109375
2022-05-11,105.6171875,105.71484375,105.38671875,105.59375
2022-05-12,105.57421875,105.83203125,105.5234375,105.8125
2022-05-13,105.73828125,105.75,105.61328125,105.68359375
2022-05-16,105.6953125,105.7890625,105.6484375,105.7421875
2022-05-17,105.73046875,105.77734375,105.484375,105.51953125
2022-05-18,105.50390625,105.62109375,105.45703125,105.5859375
2022-05-19,105.58984375,105.76953125,105.5625,105.69921875
2022-05-20,105.7109375,105.8203125,105.640625,105.765625
2022-05-23,105.74609375,105.76171875,105.6484375,105.703125
2022-05-24,105.7109375,106.0234375,105.6953125,105.96875
2022-05-25,105.96484375,106.05859375,105.94140625,106.01953125
2022-05-26,106.01953125,106.16015625,105.97265625,106.05859375
2022-05-27,106.0703125,106.16796875,106.05078125,106.08203125
2022-05-31,106.13671875,106.13671875,105.9375,106.00390625
2022-06-01,105.97265625,105.984375,105.76953125,105.8046875
2022-06-02,105.8671875,105.875,105.77734375,105.84375
2022-06-03,105.84765625,105.87890625,105.7734375,105.80859375
2022-06-06,105.828125,105.828125,105.67578125,105.6875
2022-06-07,105.66796875,105.74609375,105.63671875,105.6796875
2022-06-08,105.66015625,105.671875,105.5703125,105.59375
2022-06-09,105.5625,105.58203125,105.45703125,105.49609375
2022-06-10,105.46875,105.49609375,105.046875,105.078125
2022-06-13,104.96875,104.96875,104.37890625,104.63671875
2022-06-14,104.4375,104.6875,104.3359375,104.35546875
2022-06-15,104.44140625,104.7890625,104.44140625,104.671875
2022-06-16,104.6328125,104.8515625,104.5234375,104.78515625
2022-06-17,104.76953125,104.953125,104.76953125,104.80078125
2022-06-21,104.69921875,104.80859375,104.6953125,104.78125
2022-06-22,105.04296875,105.05859375,105.04296875,105.0546875
2022-06-23,105.0546875,105.2890625,105.0546875,105.1328125
2022-06-24,105.15625,105.15625,105.0859375,105.0859375
2022-06-27,105.0703125,105.09375,104.9609375,104.9921875
2022-06-28,104.9765625,104.9765625,104.9765625,104.9765625
2022-06-29,105.03125,105.10546875,105.015625,105.10546875
2022-06-30,105.296875,105.296875,105.29296875,105.29296875
2022-07-01,104.9375,105.44140625,104.890625,105.1875
2022-07-05,105.23046875,105.35546875,104.96484375,105.265625
2022-07-06,105.26171875,105.3984375,104.90625,105.0
2022-07-07,104.90625,105.00390625,104.8046875,104.84375
2022-07-08,104.8828125,104.94921875,104.63671875,104.671875
2022-07-11,104.66015625,104.90625,104.6484375,104.80078125
2022-07-12,104.7890625,104.9921875,104.7890625,104.86328125
2022-07-13,104.84375,104.8984375,104.5234375,104.703125
2022-07-14,104.6796875,104.75,104.45703125,104.68359375
2022-07-15,104.69140625,104.8828125,104.625,104.7109375
2022-07-18,104.72265625,104.78515625,104.6171875,104.6875
2022-07-19,104.6484375,104.73046875,104.5078125,104.53515625
2022-07-20,104.5078125,104.6796875,104.5,104.51171875
2022-07-21,104.54296875,104.859375,104.484375,104.828125
2022-07-22,104.84375,105.23828125,104.74609375,105.0546875
2022-07-25,105.09375,105.09375,104.96484375,104.98046875
2022-07-26,105.01953125,105.1015625,104.9296875,104.9765625
2022-07-27,104.9453125,105.12890625,104.8671875,105.1015625
2022-07-28,105.04296875,105.41015625,104.99609375,105.28125
2022-07-29,105.296875,105.375,105.11328125,105.23046875
2022-08-01,105.2421875,105.27734375,105.16015625,105.203125
2022-08-02,105.27734375,105.38671875,104.8828125,104.89453125
2022-08-03,104.94140625,105.0234375,104.6484375,104.8359375
2022-08-04,104.91796875,105.02734375,104.8125,104.984375
2022-08-05,104.96484375,104.9921875,104.546875,104.57421875
2022-08-08,104.546875,104.69140625,104.54296875,104.65625
2022-08-09,104.66796875,104.7109375,104.53125,104.546875
2022-08-10,104.56640625,104.95703125,104.52734375,104.6953125
2022-08-11,104.6953125,104.87109375,104.6328125,104.6640625
2022-08-12,104.6640625,104.77734375,104.60546875,104.62109375
2022-08-15,104.62890625,104.765625,104.578125,104.71484375
2022-08-16,104.76171875,104.7890625,104.58984375,104.62109375
2022-08-17,104.59765625,104.6171875,104.38671875,104.53125
2022-08-18,104.53515625,104.68359375,104.4609375,104.62890625
2022-08-19,104.6875,104.69921875,104.55078125,104.59765625
2022-08-22,104.65234375,104.65234375,104.45703125,104.47265625
2022-08-23,104.52734375,104.6953125,104.4609375,104.5703125
2022-08-24,104.5625,104.6640625,104.421875,104.45703125
2022-08-25,104.4609375,104.5390625,104.421875,104.4453125
2022-08-26,104.453125,104.48828125,104.2890625,104.390625
2022-08-29,104.35546875,104.38671875,104.21484375,104.3203125
2022-08-30,104.35546875,104.38671875,104.171875,104.234375
2022-08-31,104.2734375,104.31640625,104.1875,104.27734375
2022-09-01,104.19921875,104.25390625,104.109375,104.16015625
2022-09-02,104.171875,104.41015625,104.1640625,104.38671875
2022-09-06,104.3671875,104.41796875,104.15625,104.16796875
2022-09-07,104.15234375,104.27734375,104.15234375,104.2578125
2022-09-08,104.28515625,104.31640625,104.13671875,104.16015625
2022-09-09,104.12109375,104.22265625,104.0234375,104.03125
2022-09-12,104.0625,104.125,104.00390625,104.02734375
2022-09-13,104.046875,104.11328125,103.6015625,103.66796875
2022-09-14,103.62109375,103.6484375,103.5234375,103.6328125
2022-09-15,103.58203125,103.58203125,103.453125,103.453125
2022-09-16,103.40625,103.51171875,103.40625,103.51171875
2022-09-19,103.36328125,103.37890625,103.35546875,103.35546875
2022-09-20,103.35546875,103.359375,103.33203125,103.33203125
2022-09-21,103.359375,103.4375,103.13671875,103.29296875
2022-09-22,103.01953125,103.16015625,102.97265625,102.9921875
2022-09-23,102.94921875,103.03515625,102.80078125,102.85546875
2022-09-26,102.91796875,102.91796875,102.671875,102.73046875
2022-09-27,102.71484375,102.71484375,102.68359375,102.68359375
2022-09-28,103.09375,103.09375,103.09375,103.09375
2022-09-29,103.015625,103.09375,103.015625,103.06640625
2022-09-30,103.11328125,103.11328125,102.92578125,102.92578125
2022-10-03,102.55859375,103.046875,102.5546875,102.90234375
2022-10-04,102.88671875,103.140625,102.875,102.92578125
2022-10-05,102.91015625,102.98046875,102.71875,102.8203125
2022-10-06,102.82421875,102.85546875,102.6015625,102.625
2022-10-07,102.60546875,102.625,102.4375,102.515625
2022-10-10,102.5,102.578125,102.42578125,102.47265625
2022-10-11,102.49609375,102.6015625,102.4296875,102.50390625
2022-10-12,102.51953125,102.6171875,102.48828125,102.56640625
2022-10-13,102.5546875,102.62890625,102.078125,102.23828125
2022-10-14,102.20703125,102.36328125,102.12890625,102.15234375
2022-10-17,102.15234375,102.37109375,102.12890625,102.2734375
2022-10-18,102.28125,102.37890625,102.23828125,102.296875
2022-10-19,102.3046875,102.3203125,102.0390625,102.05859375
2022-10-20,102.046875,102.06640625,101.90234375,101.92578125
2022-10-21,101.921875,102.2734375,101.88671875,102.19921875
2022-10-24,102.2265625,102.37890625,102.14453125,102.203125
2022-10-25,102.1875,102.421875,102.16796875,102.28125
2022-10-26,102.28125,102.46875,102.2578125,102.38671875
2022-10-27,102.39453125,102.64453125,102.296875,102.55078125
2022-10-28,102.640625,102.6640625,102.31640625,102.33984375
2022-10-31,102.3125,102.328125,102.15234375,102.19140625
2022-11-01,102.21875,102.37109375,102.05859375,102.09765625
2022-11-02,102.07421875,102.2890625,101.90234375,102.0390625
2022-11-03,101.92578125,101.93359375,101.69140625,101.7734375
2022-11-04,101.75390625,101.88671875,101.57421875,101.8671875
2022-11-07,101.8515625,101.875,101.703125,101.7109375
2022-11-08,101.7109375,101.86328125,101.6796875,101.83984375
2022-11-09,101.86328125,102.01171875,101.796875,101.921875
2022-11-10,101.9921875,102.5390625,101.90625,102.484375
2022-11-11,102.4609375,102.49609375,102.34765625,102.4296875
2022-11-14,102.39453125,102.3984375,102.28125,102.34765625
2022-11-15,102.36328125,102.49609375,102.33203125,102.42578125
2022-11-16,102.453125,102.51171875,102.34765625,102.43359375
2022-11-17,102.4375,102.4609375,102.2109375,102.26953125
2022-11-18,102.2578125,102.2890625,102.10546875,102.16015625
2022-11-21,102.125,102.19140625,102.06640625,102.1015625
2022-11-22,102.078125,102.16796875,102.0625,102.09375
2022-11-23,102.09375,102.1875,101.99609375,102.16015625
2022-11-25,102.16015625,102.30078125,102.09765625,102.17578125
2022-11-28,102.1796875,102.28125,102.16796875,102.1796875
2022-11-29,102.21875,102.32421875,102.16015625,102.1875
2022-11-30,102.1796875,102.47265625,102.06640625,102.37109375
2022-12-01,102.44921875,102.67578125,102.37890625,102.62890625
2022-12-02,102.6484375,102.76953125,102.35546875,102.59765625
2022-12-05,102.578125,102.61328125,102.375,102.4140625
2022-12-06,102.41796875,102.48828125,102.40234375,102.47265625
2022-12-07,102.48828125,102.69921875,102.484375,102.68359375
2022-12-08,102.671875,102.7109375,102.546875,102.58984375
2022-12-09,102.58203125,102.62109375,102.5390625,102.57421875
2022-12-12,102.515625,102.5234375,102.4609375,102.47265625
2022-12-13,102.51953125,102.9375,102.515625,102.80078125
2022-12-14,102.91015625,102.9921875,102.7421875,102.81640625
2022-12-15,102.8359375,102.91796875,102.8046875,102.8046875
2022-12-16,102.73828125,102.953125,102.73828125,102.90234375
2022-12-19,102.7890625,102.7890625,102.7734375,102.7734375
2022-12-20,102.77734375,102.78125,102.76171875,102.76171875
2022-12-21,102.890625,102.8984375,102.859375,102.8671875
2022-12-22,102.82421875,102.83203125,102.78125,102.78125
2022-12-23,102.6953125,102.6953125,102.6796875,102.6953125
2022-12-27,102.609375,102.609375,102.484375,102.5078125
2022-12-28,102.5,102.65625,102.5,102.53515625
2022-12-29,102.609375,102.625,102.578125,102.5859375
2022-12-30,102.5,102.5,102.5,102.5
2023-01-03,102.60546875,102.68359375,102.52734375,102.5546875
2023-01-04,102.59765625,102.74609375,102.58984375,102.6015625
2023-01-05,102.66015625,102.66015625,102.3828125,102.47265625
2023-01-06,102.4609375,102.87109375,102.34375,102.83984375
2023-01-09,102.83984375,102.98828125,102.7734375,102.96484375
2023-01-10,102.93359375,102.95703125,102.8046875,102.8515625
2023-01-11,102.859375,102.9453125,102.8203125,102.90625
2023-01-12,102.91796875,103.1328125,102.65625,103.06640625
2023-01-13,103.05078125,103.12890625,102.87890625,102.8828125
2023-01-17,102.88671875,103.0078125,102.83203125,102.96875
2023-01-18,102.9453125,103.19921875,102.92578125,103.19140625
2023-01-19,103.171875,103.26171875,103.06640625,103.1171875
2023-01-20,103.1015625,103.109375,102.95703125,102.99609375
2023-01-23,103.015625,103.04296875,102.875,102.87890625
2023-01-24,102.8984375,102.96484375,102.859375,102.9375
2023-01-25,102.94921875,103.03125,102.91015625,102.98046875
2023-01-26,102.9921875,103.00390625,102.86328125,102.89453125
2023-01-27,102.875,102.890625,102.80078125,102.8359375
2023-01-30,102.84375,102.85546875,102.70703125,102.73046875
2023-01-31,102.7734375,102.890625,102.75,102.82421875
2023-02-01,102.84765625,103.07421875,102.71875,103.01171875
2023-02-02,103.015625,103.15625,103.0,103.0546875
2023-02-03,103.02734375,103.06640625,102.625,102.66015625
2023-02-06,102.66015625,102.6640625,102.296875,102.36328125
2023-02-07,102.3359375,102.48828125,102.3125,102.33203125
2023-02-08,102.33984375,102.43359375,102.30078125,102.3515625
2023-02-09,102.4140625,102.4375,102.2265625,102.234375
2023-02-10,102.28515625,102.29296875,102.1875,102.22265625
2023-02-13,102.19921875,102.23828125,102.12890625,102.1796875
2023-02-14,102.203125,102.3984375,101.953125,101.98828125
2023-02-15,101.9921875,102.046875,101.83984375,101.9765625
2023-02-16,101.96484375,102.06640625,101.89453125,102.00390625
2023-02-17,101.9453125,102.01171875,101.81640625,101.9921875
2023-02-21,101.99609375,101.99609375,101.78125,101.80078125
2023-02-22,101.8046875,101.8984375,101.78515625,101.80859375
2023-02-23,101.8125,101.83984375,101.7421875,101.80859375
2023-02-24,101.80078125,101.8359375,101.55859375,101.64453125
2023-02-27,101.62890625,101.7109375,101.5546875,101.671875
2023-02-28,101.6875,101.69921875,101.6015625,101.671875
2023-03-01,101.62109375,101.66796875,101.5,101.5078125
2023-03-02,101.515625,101.55859375,101.42578125,101.5078125
2023-03-03,101.5234375,101.609375,101.5,101.58984375
2023-03-06,101.625,101.6484375,101.51953125,101.51953125
2023-03-07,101.50390625,101.5859375,101.3046875,101.3046875
2023-03-08,101.25,101.3671875,101.19921875,101.19921875
2023-03-09,101.25,101.55859375,101.25,101.546875
2023-03-10,101.703125,102.140625,101.703125,102.10546875
2023-03-13,102.37109375,103.234375,102.28125,103.1484375
2023-03-14,103.1875,103.515625,102.46875,102.8515625
2023-03-15,102.6640625,103.72265625,102.53515625,103.30078125
2023-03-16,103.5078125,103.5078125,102.8203125,102.95703125
2023-03-17,102.93359375,103.56640625,102.765625,103.56640625
2023-03-20,103.52734375,103.52734375,103.31640625,103.4140625
2023-03-21,102.9453125,103.04296875,102.921875,102.921875
2023-03-22,103.0,103.21875,102.83203125,103.21875
2023-03-23,103.5625,103.5625,103.5625,103.5625
2023-03-24,103.93359375,103.94140625,103.5703125,103.59375
2023-03-27,103.15234375,103.23828125,103.15234375,103.15234375
2023-03-28,103.04296875,103.04296875,103.04296875,103.04296875
2023-03-29,103.07421875,103.07421875,103.01953125,103.01953125
2023-03-30,103.05078125,103.05078125,102.953125,103.01171875
2023-03-31,103.0390625,103.0390625,103.0390625,103.0390625
2023-04-03,103.21484375,103.4140625,103.0703125,103.38671875
2023-04-04,103.41796875,103.7109375,103.26953125,103.68359375
2023-04-05,103.68359375,104.07421875,103.55078125,103.8203125
2023-04-06,103.76953125,103.99609375,103.65234375,103.6953125
2023-04-10,103.41796875,103.49609375,103.28515625,103.328125
2023-04-11,103.3125,103.421875,103.1796875,103.23828125
2023-04-12,103.296875,103.58984375,103.1796875,103.3984375
2023-04-13,103.421875,103.5546875,103.34375,103.38671875
2023-04-14,103.3984375,103.4453125,103.07421875,103.1328125
2023-04-17,103.12890625,103.14453125,102.93359375,102.97265625
2023-04-18,102.953125,103.04296875,102.8828125,102.94921875
2023-04-19,102.9375,102.9453125,102.7734375,102.80859375
2023-04-20,102.8359375,103.04296875,102.81640625,102.9921875
2023-04-21,103.02734375,103.140625,102.93359375,102.9609375
2023-04-24,102.96875,103.15234375,102.9609375,103.046875
2023-04-25,103.1484375,103.51953125,103.1328125,103.42578125
2023-04-26,103.421875,103.48046875,103.22265625,103.359375
2023-04-27,103.3046875,103.36328125,103.00390625,103.03125
2023-04-28,103.0859375,103.203125,103.01171875,103.08203125
2023-05-01,103.18359375,103.18359375,102.88671875,102.94140625
2023-05-02,102.9296875,103.33984375,102.91015625,103.2421875
2023-05-03,103.25,103.5859375,103.20703125,103.3203125
2023-05-04,103.66015625,103.875,103.4140625,103.73046875
2023-05-05,103.59375,103.6171875,103.30078125,103.3515625
2023-05-08,103.34765625,103.36328125,103.1640625,103.16796875
2023-05-09,103.1875,103.2578125,103.05859375,103.1484375
2023-05-10,103.13671875,103.42578125,103.0625,103.375
2023-05-11,103.34765625,103.53515625,103.29296875,103.3515625
2023-05-12,103.36328125,103.3984375,103.15234375,103.16015625
2023-05-15,103.19140625,103.234375,103.1015625,103.16015625
2023-05-16,103.15234375,103.2421875,102.9375,103.01953125
2023-05-17,103.015625,103.05859375,102.81640625,102.8515625
2023-05-18,102.859375,102.90234375,102.6171875,102.640625
2023-05-19,102.6796875,102.77734375,102.48828125,102.59375
2023-05-22,102.6484375,102.72265625,102.48828125,102.53515625
2023-05-23,102.53515625,102.5546875,102.3515625,102.49609375
2023-05-24,102.5234375,102.55859375,102.28515625,102.3828125
2023-05-25,102.328125,102.37109375,102.0390625,102.10546875
2023-05-26,102.046875,102.18359375,101.84765625,101.93359375
2023-05-30,101.94140625,102.1796875,101.82421875,102.1015625
2023-05-31,102.125,102.33984375,102.109375,102.2734375
2023-06-01,102.2734375,102.4296875,102.171875,102.39453125
2023-06-02,102.3984375,102.421875,102.09375,102.1171875
2023-06-05,102.109375,102.24609375,102.0234375,102.16796875
2023-06-06,102.1640625,102.25,102.05859375,102.08203125
2023-06-07,102.09375,102.09765625,101.984375,102.06640625
2023-06-08,102.0625,102.1875,102.015625,102.1328125
2023-06-09,102.07421875,102.1328125,101.9765625,101.9765625
2023-06-12,101.984375,102.08984375,101.984375,102.0546875
2023-06-13,102.11328125,102.26953125,101.84375,101.84375
2023-06-14,101.89453125,101.96484375,101.73828125,101.8515625
2023-06-15,101.96484375,101.984375,101.96484375,101.98046875
2023-06-16,101.84765625,101.96875,101.84765625,101.9609375
2023-06-20,101.9609375,102.0703125,101.9609375,102.01171875
2023-06-21,102.0,102.015625,102.0,102.015625
2023-06-22,101.97265625,101.97265625,101.8359375,101.8359375
2023-06-23,101.984375,102.0234375,101.92578125,101.92578125
2023-06-26,101.99609375,102.015625,101.94921875,101.94921875
2023-06-27,101.9921875,101.99609375,101.80078125,101.81640625
2023-06-28,101.93359375,101.94140625,101.93359375,101.93359375
2023-06-29,101.890625,101.890625,101.65625,101.65625
2023-06-30,101.65625,101.65625,101.6484375,101.6484375
2023-07-03,101.62109375,101.73828125,101.50390625,101.56640625
2023-07-05,101.5625,101.66796875,101.515625,101.52734375
2023-07-06,101.5390625,101.55078125,101.15625,101.40625
2023-07-07,101.47265625,101.71875,101.3671875,101.5390625
2023-07-10,101.5234375,101.68359375,101.48828125,101.66796875
2023-07-11,101.65625,101.73828125,101.59375,101.61328125
2023-07-12,101.63671875,101.95703125,101.62890625,101.91015625
2023-07-13,101.890625,102.1796875,101.890625,102.171875
2023-07-14,102.12109375,102.1484375,101.85546875,101.90234375
2023-07-17,101.84765625,101.98046875,101.84765625,101.93359375
2023-07-18,101.9140625,102.08203125,101.859375,101.88671875
2023-07-19,101.859375,102.00390625,101.828125,101.88671875
2023-07-20,101.86328125,101.87890625,101.640625,101.7265625
2023-07-21,101.71875,101.7578125,101.6640625,101.71484375
2023-07-24,101.72265625,101.76953125,101.5703125,101.6328125
2023-07-25,101.578125,101.625,101.4921875,101.52734375
2023-07-26,101.546875,101.65234375,101.453125,101.64453125
2023-07-27,101.59375,101.671875,101.390625,101.41796875
2023-07-28,101.421875,101.6171875,101.40234375,101.484375
2023-07-31,101.515625,101.578125,101.4453125,101.515625
2023-08-01,101.515625,101.56640625,101.4375,101.44140625
2023-08-02,101.4609375,101.5625,101.40625,101.49609375
2023-08-03,101.4921875,101.546875,101.42578125,101.48828125
2023-08-04,101.50390625,101.7109375,101.3125,101.6640625
2023-08-07,101.69921875,101.72265625,101.546875,101.71484375
2023-08-08,101.69140625,101.7890625,101.6640625,101.71875
2023-08-09,101.73046875,101.75,101.62109375,101.6484375
2023-08-10,101.6328125,101.796875,101.5546875,101.609375
2023-08-11,101.5703125,101.640625,101.4453125,101.4765625
2023-08-14,101.46875,101.48828125,101.3203125,101.3359375
2023-08-15,101.3359375,101.4453125,101.23046875,101.35546875
2023-08-16,101.35546875,101.45703125,101.28125,101.30859375
2023-08-17,101.33203125,101.4140625,101.265625,101.3515625
2023-08-18,101.3984375,101.4609375,101.36328125,101.38671875
2023-08-21,101.375,101.390625,101.2578125,101.29296875
2023-08-22,101.2734375,101.30859375,101.1796875,101.20703125
2023-08-23,101.1875,101.40625,101.18359375,101.3828125
2023-08-24,101.34375,101.35546875,101.2265625,101.24609375
2023-08-25,101.2421875,101.26953125,101.10546875,101.1796875
2023-08-28,101.14453125,101.21484375,101.0859375,101.1953125
2023-08-29,101.19140625,101.46484375,101.16015625,101.4140625
2023-08-30,101.40234375,101.51171875,101.34765625,101.44140625
2023-08-31,101.43359375,101.5546875,101.421875,101.51171875
2023-09-01,101.53125,101.76953125,101.453125,101.50390625
2023-09-05,101.50390625,101.5078125,101.3359375,101.34375
2023-09-06,101.3984375,101.421875,101.2421875,101.25390625
2023-09-07,101.3125,101.4375,101.3125,101.43359375
2023-09-08,101.4921875,101.4921875,101.37109375,101.3984375
2023-09-11,101.38671875,101.41796875,101.359375,101.40234375
2023-09-12,101.3828125,101.39453125,101.36328125,101.39453125
2023-09-13,101.390625,101.4296875,101.390625,101.4296875
2023-09-14,101.46875,101.5,101.42578125,101.42578125
2023-09-15,101.359375,101.44921875,101.359375,101.41015625
2023-09-18,101.40625,101.421875,101.390625,101.390625
2023-09-19,101.359375,101.359375,101.30078125,101.3125
2023-09-20,101.3359375,101.40625,101.23828125,101.3125
2023-09-21,101.2578125,101.2578125,101.2578125,101.2578125
2023-09-22,101.30078125,101.40625,101.30078125,101.30078125
2023-09-25,101.4609375,101.4609375,101.37890625,101.37890625
2023-09-26,101.43359375,101.453125,101.3984375,101.453125
2023-09-27,101.453125,101.53515625,101.37109375,101.375
2023-09-28,101.484375,101.48828125,101.38671875,101.4453125
2023-09-29,101.484375,101.484375,101.484375,101.484375
2023-10-02,101.33203125,101.33203125,101.1875,101.22265625
2023-10-03,101.24609375,101.28125,101.13671875,101.15234375
2023-10-04,101.1484375,101.35546875,101.08984375,101.34375
2023-10-05,101.33203125,101.41015625,101.296875,101.390625
2023-10-06,101.40234375,101.40234375,101.15234375,101.27734375
2023-10-09,101.375,101.578125,101.3515625,101.54296875
2023-10-10,101.55078125,101.5703125,101.3984375,101.46875
2023-10-11,101.48828125,101.53125,101.38671875,101.421875
2023-10-12,101.44921875,101.484375,101.26953125,101.30078125
2023-10-13,101.3046875,101.40625,101.29296875,101.33203125
2023-10-16,101.30859375,101.3359375,101.23046875,101.24609375
2023-10-17,101.234375,101.25,100.97265625,101.0234375
2023-10-18,101.0234375,101.10546875,100.96484375,101.015625
2023-10-19,101.00390625,101.14453125,100.9375,101.10546875
2023-10-20,101.12109375,101.3125,101.10546875,101.265625
2023-10-23,101.23828125,101.34765625,101.16796875,101.3125
2023-10-24,101.33203125,101.33984375,101.1796875,101.2265625
2023-10-25,101.21484375,101.25390625,101.12109375,101.140625
2023-10-26,101.13671875,101.3203125,101.0859375,101.28515625
2023-10-27,101.28515625,101.3515625,101.24609375,101.33203125
2023-10-30,101.34375,101.34375,101.21484375,101.27734375
2023-10-31,101.24609375,101.32421875,101.18359375,101.2109375
2023-11-01,101.18359375,101.4765625,101.1796875,101.40625
2023-11-02,101.44921875,101.5078125,101.33984375,101.390625
2023-11-03,101.3515625,101.70703125,101.32421875,101.65625
2023-11-06,101.640625,101.640625,101.4375,101.44921875
2023-11-07,101.45703125,101.55078125,101.421875,101.49609375
2023-11-08,101.4921875,101.515625,101.421875,101.45703125
2023-11-09,101.45703125,101.48828125,101.26171875,101.30078125
2023-11-10,101.3125,101.3828125,101.203125,101.22265625
2023-11-13,101.21484375,101.28515625,101.18359375,101.25390625
2023-11-14,101.25,101.6796875,101.19140625,101.66796875
2023-11-15,101.6328125,101.66015625,101.43359375,101.4765625
2023-11-16,101.4765625,101.65625,101.47265625,101.61328125
2023-11-17,101.6171875,101.6953125,101.4765625,101.4921875
2023-11-20,101.5078125,101.54296875,101.45703125,101.484375
2023-11-21,101.4765625,101.578125,101.46484375,101.5390625
2023-11-22,101.53515625,101.60546875,101.42578125,101.48828125
2023-11-23,101.4921875,101.51171875,101.4375,101.4453125
2023-11-24,101.4921875,101.51171875,101.3984375,101.3984375
2023-11-27,101.40625,101.5703125,101.35546875,101.5546875
2023-11-28,101.55859375,101.7578125,101.48046875,101.75
2023-11-29,101.75,101.97265625,101.7421875,101.87890625
2023-11-30,101.87890625,101.96875,101.7734375,101.79296875
2023-12-01,101.87109375,102.1171875,101.8046875,102.07421875
2023-12-04,102.05078125,102.0625,101.921875,101.9453125
2023-12-05,102.0390625,102.11328125,101.9921875,102.1015625
2023-12-06,102.0546875,102.109375,102.03515625,102.03515625
2023-12-07,102.1171875,102.1171875,102.1171875,102.1171875
2023-12-08,102.0625,102.0625,101.8828125,101.890625
2023-12-11,101.84765625,101.93359375,101.83984375,101.91796875
2023-12-12,101.8984375,101.93359375,101.890625,101.890625
2023-12-13,101.98828125,102.4140625,101.97265625,102.359375
2023-12-14,102.484375,102.65625,102.484375,102.55078125
2023-12-15,102.55078125,102.55078125,102.37109375,102.390625
2023-12-18,102.4609375,102.65234375,102.4609375,102.51171875
2023-12-19,102.57421875,102.67578125,102.5234375,102.54296875
2023-12-20,102.5546875,102.6875,102.5546875,102.6875
2023-12-21,102.7265625,102.7265625,102.7265625,102.7265625
2023-12-22,102.80078125,102.828125,102.7890625,102.7890625
2023-12-26,102.796875,102.81640625,102.796875,102.81640625
2023-12-27,102.8671875,103.06640625,102.8671875,102.984375
2023-12-28,102.94921875,102.94921875,102.74609375,102.74609375
2023-12-29,102.8046875,102.8046875,102.8046875,102.8046875
2024-01-02,102.9296875,102.96875,102.75390625,102.796875
2024-01-03,102.80859375,102.828125,102.68359375,102.8125
2024-01-04,102.79296875,102.84765625,102.64453125,102.67578125
2024-01-05,102.66796875,102.8125,102.45703125,102.6484375
2024-01-08,102.66015625,102.83203125,102.57421875,102.7421875
2024-01-09,102.68359375,102.7265625,102.64453125,102.68359375
2024-01-10,102.69140625,102.7734375,102.66796875,102.6875
2024-01-11,102.6953125,102.9296875,102.6328125,102.90234375
2024-01-12,102.921875,103.15625,102.83203125,103.1171875
2024-01-16,103.08203125,103.0859375,102.875,102.9453125
2024-01-17,102.95703125,102.984375,102.64453125,102.68359375
2024-01-18,102.671875,102.765625,102.62890625,102.68359375
2024-01-19,102.6875,102.703125,102.546875,102.57421875
2024-01-22,102.6015625,102.6484375,102.55078125,102.6328125
2024-01-23,102.59765625,102.640625,102.55078125,102.61328125
2024-01-24,102.6328125,102.73046875,102.54296875,102.55859375
2024-01-25,102.55078125,102.71484375,102.484375,102.68359375
2024-01-26,102.7109375,102.7421875,102.5703125,102.57421875
2024-01-29,102.62109375,102.6953125,102.6015625,102.66015625
2024-01-30,102.6640625,102.71875,102.52734375,102.5859375
2024-01-31,102.62890625,102.921875,102.62109375,102.828125
2024-02-01,102.859375,103.00390625,102.765625,102.8828125
2024-02-02,102.859375,102.87109375,102.46484375,102.53515625
2024-02-05,102.51953125,102.5234375,102.3203125,102.34765625
2024-02-06,102.33984375,102.51171875,102.33203125,102.4609375
2024-02-07,102.46875,102.54296875,102.41015625,102.43359375
2024-02-08,102.41015625,102.44921875,102.33984375,102.359375
2024-02-09,102.3671875,102.41796875,102.26953125,102.28515625
2024-02-12,102.28515625,102.3515625,102.26953125,102.3046875
2024-02-13,102.30078125,102.40625,101.8984375,101.93359375
2024-02-14,101.94140625,102.11328125,101.90625,102.0703125
2024-02-15,102.0703125,102.21484375,102.05859375,102.10546875
2024-02-16,102.08984375,102.1015625,101.8203125,101.95703125
2024-02-20,101.9609375,102.10546875,101.93359375,102.0390625
2024-02-21,102.05078125,102.09765625,101.93359375,101.9609375
2024-02-22,101.9453125,101.9765625,101.8203125,101.84765625
2024-02-23,101.8515625,101.91796875,101.765625,101.8828125
2024-02-26,101.87109375,101.93359375,101.78515625,101.796875
2024-02-27,101.8203125,101.87109375,101.765625,101.77734375
2024-02-28,101.8046875,101.8984375,101.796875,101.8828125
2024-02-29,101.9140625,101.9921875,101.8203125,101.9296875
2024-03-01,101.99609375,102.15234375,101.9375,102.1328125
2024-03-04,102.11328125,102.11328125,101.984375,102.0
2024-03-05,102.06640625,102.12890625,102.06640625,102.10546875
2024-03-06,102.1171875,102.19140625,102.10546875,102.10546875
2024-03-07,102.16015625,102.265625,102.12890625,102.23828125
2024-03-08,102.26953125,102.38671875,102.23046875,102.28125
2024-03-11,102.328125,102.3359375,102.19921875,102.19921875
2024-03-12,102.21875,102.29296875,102.0703125,102.08203125
2024-03-13,102.140625,102.18359375,102.06640625,102.07421875
2024-03-14,102.0078125,102.05859375,101.9921875,102.0
2024-03-15,102.02734375,102.09375,101.875,101.94921875
2024-03-18,101.96484375,101.96484375,101.96484375,101.96484375
2024-03-19,102.0703125,102.0703125,102.0703125,102.0703125
2024-03-20,102.1953125,102.24609375,102.1953125,102.24609375
2024-03-21,102.2109375,102.28515625,102.20703125,102.2109375
2024-03-22,102.296875,102.296875,102.26953125,102.26953125
2024-03-25,102.21484375,102.21484375,102.21484375,102.21484375
2024-03-26,102.19921875,102.19921875,102.19921875,102.19921875
2024-03-27,102.3515625,102.46484375,102.2109375,102.2265625
2024-03-28,102.125,102.125,102.125,102.125
2024-04-01,102.23046875,102.2890625,102.03125,102.05078125
2024-04-02,102.0703125,102.10546875,102.0234375,102.08203125
2024-04-03,102.09765625,102.14453125,102.00390625,102.125
2024-04-04,102.14453125,102.2109375,102.08203125,102.1953125
2024-04-05,102.16796875,102.203125,101.97265625,102.015625
2024-04-08,101.96484375,101.96875,101.89453125,101.90234375
2024-04-09,101.8984375,102.01953125,101.8828125,101.984375
2024-04-10,101.984375,102.03515625,101.5,101.53125
2024-04-11,101.52734375,101.62890625,101.40625,101.54296875
2024-04-12,101.5390625,101.734375,101.53515625,101.6875
2024-04-15,101.6875,101.7109375,101.4609375,101.5859375
2024-04-16,101.62109375,101.6328125,101.4453125,101.53515625
2024-04-17,101.48828125,101.62890625,101.4609375,101.59375
2024-04-18,101.58984375,101.6328125,101.46875,101.48046875
2024-04-19,101.49609375,101.6953125,101.484375,101.5234375
2024-04-22,101.46875,101.55859375,101.44140625,101.5234375
2024-04-23,101.51953125,101.62890625,101.46484375,101.6015625
2024-04-24,101.5859375,101.59375,101.5078125,101.546875
2024-04-25,101.55859375,101.62890625,101.375,101.42578125
2024-04-26,101.421875,101.52734375,101.38671875,101.421875
2024-04-29,101.41796875,101.4765625,101.4140625,101.46875
2024-04-30,101.45703125,101.48046875,101.32421875,101.328125
2024-05-01,101.33984375,101.546875,101.30859375,101.51171875
2024-05-02,101.46875,101.6328125,101.44921875,101.625
2024-05-03,101.62890625,101.93359375,101.59375,101.7578125
2024-05-06,101.74609375,101.79296875,101.703125,101.7265625
2024-05-07,101.7109375,101.765625,101.6953125,101.71484375
2024-05-08,101.71484375,101.73046875,101.6796875,101.6875
2024-05-09,101.69140625,101.76171875,101.65625,101.75390625
2024-05-10,101.7265625,101.7421875,101.625,101.63671875
2024-05-13,101.63671875,101.70703125,101.6328125,101.65625
2024-05-14,101.640625,101.7265625,101.57421875,101.72265625
2024-05-15,101.7265625,101.92578125,101.703125,101.87109375
2024-05-16,101.88671875,101.9296875,101.75,101.76171875
2024-05-17,101.75390625,101.796875,101.69140625,101.69921875
2024-05-20,101.6953125,101.72265625,101.6484375,101.66796875
2024-05-21,101.65625,101.7109375,101.64453125,101.68359375
2024-05-22,101.69140625,101.69140625,101.58984375,101.59765625
2024-05-23,101.61328125,101.62890625,101.453125,101.49609375
2024-05-24,101.484375,101.51953125,101.44140625,101.45703125
2024-05-28,101.48046875,101.5546875,101.4140625,101.42578125
2024-05-29,101.421875,101.4375,101.33203125,101.3671875
2024-05-30,101.37890625,101.45703125,101.359375,101.44140625
2024-05-31,101.44140625,101.57421875,101.41015625,101.51953125
2024-06-03,101.5859375,101.6640625,101.55078125,101.65625
2024-06-04,101.6484375,101.7890625,101.64453125,101.74609375
2024-06-05,101.73046875,101.84765625,101.73046875,101.8359375
2024-06-06,101.86328125,101.8984375,101.83203125,101.8984375
2024-06-07,101.87890625,101.890625,101.65625,101.66015625
2024-06-10,101.65625,101.6640625,101.63671875,101.65234375
2024-06-11,101.703125,101.7421875,101.6796875,101.7421875
2024-06-12,101.75,102.0625,101.75,101.8984375
2024-06-13,102.015625,102.015625,102.015625,102.015625
2024-06-14,102.00390625,102.01171875,101.9375,101.9609375
2024-06-17,101.9453125,101.95703125,101.9453125,101.94921875
2024-06-18,102.03125,102.1484375,102.03125,102.07421875
2024-06-20,101.953125,101.953125,101.953125,101.953125
2024-06-21,101.9453125,101.9453125,101.9453125,101.9453125
2024-06-24,102.00390625,102.00390625,102.00390625,102.00390625
2024-06-25,102.00390625,102.00390625,102.00390625,102.00390625
2024-06-26,101.8828125,101.8828125,101.8828125,101.8828125
2024-06-27,102.015625,102.08203125,102.015625,102.03125
2024-06-28,102.0078125,102.0078125,102.0078125,102.0078125
2024-07-01,102.03515625,102.09375,101.96484375,102.0
2024-07-02,102.01953125,102.11328125,102.01171875,102.05859375
2024-07-03,102.05078125,102.19921875,101.9921875,102.15234375
2024-07-05,102.12109375,102.33203125,102.01953125,102.33203125
2024-07-08,102.3203125,102.328125,102.25,102.30078125
2024-07-09,102.26953125,102.30078125,102.22265625,102.2734375
2024-07-10,102.27734375,102.3203125,102.25390625,102.26171875
2024-07-11,102.28125,102.53515625,102.2265625,102.50390625
2024-07-12,102.4765625,102.6015625,102.4296875,102.58203125
2024-07-15,102.54296875,102.6640625,102.51171875,102.58984375
2024-07-16,102.58203125,102.67578125,102.546875,102.609375
2024-07-17,102.65234375,102.65625,102.5390625,102.6328125
2024-07-18,102.6171875,102.6328125,102.53515625,102.56640625
2024-07-19,102.54296875,102.56640625,102.453125,102.47265625
2024-07-22,102.50390625,102.5078125,102.3984375,102.4375
2024-07-23,102.44921875,102.52734375,102.43359375,102.5078125
2024-07-24,102.48828125,102.640625,102.47265625,102.55859375
2024-07-25,102.53125,102.703125,102.484375,102.5
2024-07-26,102.5234375,102.62890625,102.453125,102.59765625
2024-07-29,102.6171875,102.65625,102.56640625,102.59375
2024-07-30,102.5703125,102.66796875,102.5546875,102.6484375
2024-07-31,102.6484375,102.83984375,102.578125,102.68359375
2024-08-01,102.83203125,103.0703125,102.7578125,103.02734375
2024-08-02,103.0546875,103.6328125,103.015625,103.58203125
2024-08-05,103.57421875,103.984375,103.43359375,103.5546875
2024-08-06,103.48828125,103.5234375,103.27734375,103.35546875
2024-08-07,103.40234375,103.43359375,103.23046875,103.3125
2024-08-08,103.3828125,103.48828125,103.15234375,103.2265625
2024-08-09,103.23046875,103.29296875,103.17578125,103.19140625
2024-08-12,103.17578125,103.2890625,103.13671875,103.26171875
2024-08-13,103.2578125,103.41015625,103.2265625,103.39453125
2024-08-14,103.40625,103.5625,103.28515625,103.37890625
2024-08-15,103.3515625,103.375,103.05078125,103.08203125
2024-08-16,103.09375,103.20703125,103.05859375,103.12890625
2024-08-19,103.14453125,103.19140625,103.09765625,103.12890625
2024-08-20,103.1328125,103.26953125,103.11328125,103.24609375
2024-08-21,103.265625,103.44140625,103.21875,103.38671875
2024-08-22,103.35546875,103.37890625,103.1796875,103.20703125
2024-08-23,103.22265625,103.390625,103.17578125,103.37109375
2024-08-26,103.36328125,103.4375,103.32421875,103.3359375
2024-08-27,103.328125,103.40234375,103.28125,103.38671875
2024-08-28,103.3984375,103.4140625,103.35546875,103.375
2024-08-29,103.3671875,103.421875,103.296875,103.3203125
2024-08-30,103.33203125,103.3359375,103.26171875,103.2734375
2024-09-03,103.28515625,103.4296875,103.28515625,103.359375
2024-09-04,103.4375,103.61328125,103.42578125,103.59375
2024-09-05,103.625,103.72265625,103.59375,103.65234375
2024-09-06,103.734375,103.96484375,103.6640625,103.8359375
2024-09-09,103.8515625,103.8515625,103.83984375,103.83984375
2024-09-10,103.8984375,103.953125,103.8828125,103.9140625
2024-09-11,104.0234375,104.0234375,103.8203125,103.85546875
2024-09-12,103.8125,103.8828125,103.8125,103.83984375
2024-09-13,103.96875,104.02734375,103.921875,104.0
2024-09-16,104.06640625,104.08984375,104.03125,104.08984375
2024-09-17,104.03125,104.03125,103.92578125,103.98828125
2024-09-18,103.9921875,104.03125,103.8125,103.9921875
2024-09-19,104.125,104.125,104.03515625,104.046875
2024-09-20,104.09375,104.09375,104.09375,104.09375
2024-09-23,104.08984375,104.08984375,104.08984375,104.08984375
2024-09-24,104.140625,104.140625,104.140625,104.140625
2024-09-25,103.92578125,103.92578125,103.92578125,103.92578125
2024-09-26,103.96875,103.98046875,103.96875,103.96875
2024-09-27,103.96875,104.10546875,103.96875,104.10546875
2024-09-30,104.03125,104.03125,104.03125,104.03125
2024-10-01,104.13671875,104.27734375,104.12890625,104.1796875
2024-10-02,104.19921875,104.22265625,104.09765625,104.13671875
2024-10-03,104.12890625,104.1328125,103.9765625,103.98046875
2024-10-04,103.98828125,104.015625,103.52734375,103.53515625
2024-10-07,103.5078125,103.52734375,103.34765625,103.390625
2024-10-08,103.41015625,103.51171875,103.3984375,103.43359375
2024-10-09,103.46484375,103.5,103.328125,103.34765625
2024-10-10,103.3359375,103.47265625,103.140625,103.37890625
2024-10-11,103.453125,103.4921875,103.3828125,103.4765625
2024-10-14,103.453125,103.453125,103.328125,103.359375
2024-10-15,103.40234375,103.5,103.39453125,103.453125
2024-10-16,103.46484375,103.51953125,103.453125,103.48828125
2024-10-17,103.4765625,103.48828125,103.3359375,103.38671875
2024-10-18,103.40625,103.4609375,103.37890625,103.4453125
2024-10-21,103.44140625,103.44921875,103.265625,103.28125
2024-10-22,103.28515625,103.30078125,103.203125,103.2421875
2024-10-23,103.23828125,103.25,103.140625,103.14453125
2024-10-24,103.1484375,103.25390625,103.140625,103.19921875
2024-10-25,103.171875,103.2578125,103.09375,103.12890625
2024-10-28,103.03199768066406,103.04199981689453,103.00499725341797,103.046875
2024-10-29,103.11328125,103.11328125,103.109375,103.078125
2024-10-30,103.03600311279297,103.0510025024414,102.302001953125,103.0078125
2024-10-31,102.9453125,103.0078125,102.875,102.97265625
2024-11-01,102.953125,103.15625,102.8203125,102.8984375
2024-11-04,102.96875,103.03125,102.91796875,102.94140625
2024-11-05,102.9609375,102.96484375,102.8046875,102.87109375
2024-11-06,102.90234375,102.9296875,102.66796875,102.74609375
2024-11-07,102.7421875,102.87890625,102.71484375,102.828125
2024-11-08,102.859375,102.91015625,102.73828125,102.76953125
2024-11-11,102.73828125,102.7578125,102.6484375,102.66796875
2024-11-12,102.69921875,102.71875,102.55078125,102.59765625
2024-11-13,102.57421875,102.76953125,102.5390625,102.69921875
2024-11-14,102.68359375,102.76953125,102.53125,102.67578125
2024-11-15,102.578125,102.7109375,102.515625,102.65234375
2024-11-18,102.63671875,102.6875,102.58984375,102.67578125
2024-11-19,102.67578125,102.80859375,102.66796875,102.6953125
2024-11-20,102.66796875,102.6953125,102.6015625,102.625
2024-11-21,102.609375,102.66796875,102.54296875,102.5546875
2024-11-22,102.55859375,102.61328125,102.49609375,102.52734375
2024-11-25,102.578125,102.703125,102.53515625,102.69140625
2024-11-26,102.68359375,102.71875,102.609375,102.69140625
2024-11-27,102.6875,102.796875,102.6796875,102.765625
2024-11-29,102.75,102.8515625,102.7265625,102.84375
2024-12-02,102.83203125,102.86328125,102.7578125,102.80078125
2024-12-03,102.85546875,102.91015625,102.82421875,102.859375
2024-12-04,102.90625,102.98828125,102.8359375,102.984375
2024-12-05,102.953125,102.984375,102.92578125,102.97265625
2024-12-06,103.0703125,103.078125,103.0703125,103.0703125
2024-12-09,103.0625,103.07421875,103.03515625,103.0625
2024-12-10,103.046875,103.05859375,103.02734375,103.02734375
2024-12-11,103.046875,103.0859375,103.00390625,103.0390625
2024-12-12,103.04296875,103.04296875,102.97265625,102.97265625
2024-12-13,102.9921875,103.0,102.890625,102.890625
2024-12-16,102.87890625,102.9375,102.87890625,102.90625
2024-12-17,102.90625,102.9296875,102.90625,102.9296875
2024-12-18,102.69140625,102.69140625,102.69140625,102.69140625
2024-12-19,102.80859375,102.83984375,102.80859375,102.83984375
2024-12-20,102.828125,102.828125,102.828125,102.828125
2024-12-23,102.85546875,102.85546875,102.80078125,102.80078125
2024-12-24,102.79296875,102.82421875,102.79296875,102.82421875
2024-12-26,102.828125,102.828125,102.828125,102.828125
2024-12-27,102.84375,102.875,102.84375,102.84375
2024-12-30,103.0,103.0,102.9765625,102.9765625
2024-12-31,102.97265625,102.97265625,102.97265625,102.97265625
2025-01-02,102.81640625,102.890625,102.765625,102.8046875
2025-01-03,102.8125,102.84765625,102.73828125,102.74609375
2025-01-06,102.72265625,102.8125,102.703125,102.76171875
2025-01-07,102.74609375,102.7890625,102.6640625,102.71484375
2025-01-08,102.71484375,102.78125,102.67578125,102.73046875
2025-01-09,102.73828125,102.8046875,102.734375,102.78125
2025-01-10,102.76953125,102.8046875,102.5078125,102.51171875
2025-01-13,102.53125,102.5390625,102.453125,102.50390625
2025-01-14,102.546875,102.59375,102.49609375,102.56640625
2025-01-15,102.546875,102.76953125,102.54296875,102.75390625
2025-01-16,102.74609375,102.828125,102.65234375,102.8046875
2025-01-17,102.8125,102.8359375,102.70703125,102.734375
2025-01-21,102.70703125,102.84375,102.69140625,102.7265625
2025-01-22,102.734375,102.76953125,102.68359375,102.69921875
2025-01-23,102.6953125,102.73828125,102.67578125,102.7265625
2025-01-24,102.71484375,102.8125,102.71484375,102.75390625
2025-01-27,102.7734375,102.953125,102.7578125,102.90625
2025-01-28,102.88671875,102.90625,102.8359375,102.88671875
2025-01-29,102.90625,102.92578125,102.77734375,102.84375
2025-01-30,102.86328125,102.9140625,102.84375,102.89453125
2025-01-31,102.8671875,102.90625,102.80859375,102.8125
2025-02-03,102.8125,102.8671875,102.72265625,102.7578125
2025-02-04,102.78125,102.859375,102.734375,102.84765625
2025-02-05,102.84375,102.9453125,102.8203125,102.90234375
2025-02-06,102.89453125,102.90234375,102.83203125,102.86328125
2025-02-07,102.84375,102.9609375,102.69140625,102.72265625
2025-02-10,102.69140625,102.7734375,102.68359375,102.73828125
2025-02-11,102.7265625,102.75,102.6796875,102.69921875
2025-02-12,102.703125,102.7578125,102.515625,102.5546875
2025-02-13,102.578125,102.6796875,102.5625,102.6640625
2025-02-14,102.65625,102.79296875,102.65625,102.76171875
2025-02-18,102.75,102.78515625,102.66796875,102.69140625
2025-02-19,102.671875,102.74609375,102.6640625,102.73828125
2025-02-20,102.73828125,102.78515625,102.73046875,102.75
2025-02-21,102.73828125,102.8984375,102.73046875,102.88671875
2025-02-24,102.8515625,102.94140625,102.828125,102.93359375
2025-02-25,102.921875,103.1015625,102.91796875,103.05859375
2025-02-26,103.05859375,103.10546875,102.98828125,103.09375
2025-02-27,103.08984375,103.1171875,103.0078125,103.0625
2025-02-28,103.12109375,103.25,103.0859375,103.2265625
2025-03-03,103.17578125,103.3203125,103.15234375,103.25
2025-03-04,103.30859375,103.4453125,103.24609375,103.3046875
2025-03-05,103.25390625,103.390625,103.25390625,103.26171875
2025-03-06,103.21875,103.328125,103.15625,103.32421875
2025-03-07,103.34375,103.47265625,103.23046875,103.25390625
2025-03-10,103.35546875,103.46484375,103.35546875,103.46484375
2025-03-11,103.48046875,103.48046875,103.34765625,103.3984375
2025-03-12,103.40625,103.43359375,103.30859375,103.30859375
2025-03-13,103.3125,103.38671875,103.27734375,103.38671875
2025-03-14,103.35546875,103.38671875,103.265625,103.265625
2025-03-17,103.29296875,103.29296875,103.19921875,103.19921875
2025-03-18,103.23828125,103.26953125,103.23828125,103.24609375
2025-03-19,103.19921875,103.36328125,103.19921875,103.36328125
2025-03-20,103.41015625,103.41015625,103.41015625,103.41015625
2025-03-21,103.42578125,103.42578125,103.42578125,103.42578125
2025-03-24,103.328125,103.328125,103.3046875,103.3046875
2025-03-25,103.26953125,103.37109375,103.26953125,103.37109375
2025-03-26,103.31640625,103.31640625,103.31640625,103.31640625
2025-03-27,103.33984375,103.33984375,103.33984375,103.33984375
2025-03-28,103.42578125,103.47265625,103.375,103.47265625
2025-03-31,103.51171875,103.625,103.44921875,103.53515625
2025-04-01,103.625,103.71484375,103.6171875,103.67578125
2025-04-02,103.6328125,103.73828125,103.48046875,103.59765625
2025-04-03,103.75,104.03125,103.75,103.94921875
2025-04-04,104.0,104.46875,103.99609375,104.0703125
2025-04-07,104.34375,104.80078125,103.65234375,103.94140625
2025-04-08,103.875,104.07421875,103.6875,103.93359375
2025-04-09,103.96484375,104.109375,103.33203125,103.5078125
2025-04-10,103.5859375,103.828125,103.51953125,103.6953125
2025-04-11,103.65234375,103.79296875,103.453125,103.4921875
2025-04-14,103.46484375,103.7421875,103.37890625,103.7265625
2025-04-15,103.6953125,103.76953125,103.62890625,103.734375
2025-04-16,103.703125,103.84765625,103.69140625,103.8125
2025-04-17,103.84375,103.8671875,103.7421875,103.79296875
2025-04-21,103.8125,103.953125,103.7890625,103.88671875
2025-04-22,103.8515625,103.87109375,103.734375,103.76953125
2025-04-23,103.703125,103.82421875,103.6015625,103.62890625
2025-04-24,103.609375,103.76953125,103.60546875,103.7578125
2025-04-25,103.74609375,103.83203125,103.69921875,103.8125
2025-04-28,103.83203125,103.97265625,103.76953125,103.9609375
2025-04-29,103.9375,104.0234375,103.8984375,104.00390625
2025-04-30,104.01171875,104.13671875,103.96484375,104.07421875
2025-05-01,104.09375,104.1875,103.86328125,103.91015625
2025-05-02,103.90234375,103.9296875,103.625,103.6328125
2025-05-05,103.66796875,103.73046875,103.6015625,103.6328125
2025-05-06,103.6328125,103.75390625,103.6171875,103.734375
2025-05-07,103.734375,103.7890625,103.65625,103.7265625
2025-05-08,103.74609375,103.75,103.49609375,103.52734375
2025-05-09,103.55859375,103.640625,103.51953125,103.546875
2025-05-12,103.46484375,103.48828125,103.2890625,103.3203125
2025-05-13,103.3046875,103.41015625,103.2734375,103.2890625
2025-05-14,103.3125,103.34375,103.1953125,103.2109375
2025-05-15,103.21484375,103.39453125,103.20703125,103.35546875
2025-05-16,103.375,103.4453125,103.28515625,103.328125
2025-05-19,103.28515625,103.3671875,103.234375,103.3359375
2025-05-20,103.33984375,103.38671875,103.30859375,103.359375
2025-05-21,103.35546875,103.3984375,103.26171875,103.27734375
2025-05-22,103.26953125,103.3515625,103.26171875,103.3046875
2025-05-23,103.31640625,103.47265625,103.296875,103.3203125
2025-05-27,103.3203125,103.3671875,103.2578125,103.36328125
2025-05-28,103.33984375,103.3515625,103.2578125,103.28125
2025-05-29,103.26953125,103.37890625,103.17578125,103.3671875
2025-05-30,103.3671875,103.46875,103.34765625,103.42578125
2025-06-02,103.4453125,103.4453125,103.3671875,103.37109375
2025-06-03,103.43359375,103.4375,103.33203125,103.3515625
2025-06-04,103.3671875,103.5390625,103.36328125,103.5
2025-06-05,103.53125,103.5546875,103.4140625,103.4296875
2025-06-06,103.453125,103.453125,103.21875,103.21875
2025-06-09,103.3046875,103.3125,103.25390625,103.3125
2025-06-10,103.2890625,103.2890625,103.2890625,103.2890625
2025-06-11,103.234375,103.4375,103.234375,103.4375
2025-06-12,103.4609375,103.5390625,103.40625,103.51171875
2025-06-13,103.609375,103.62890625,103.4140625,103.4140625
2025-06-16,103.41015625,103.41796875,103.41015625,103.41796875
2025-06-17,103.453125,103.4921875,103.40625,103.453125
2025-06-18,103.51171875,103.52734375,103.4140625,103.421875
2025-06-20,103.39453125,103.51171875,103.39453125,103.4921875
2025-06-23,103.4296875,103.6171875,103.4296875,103.6171875
2025-06-24,103.68359375,103.68359375,103.68359375,103.68359375
2025-06-25,103.72265625,103.72265625,103.72265625,103.72265625
2025-06-26,103.734375,103.80859375,103.734375,103.80859375
2025-06-27,103.76171875,103.77734375,103.76171875,103.77734375
2025-06-30,103.796875,103.796875,103.796875,103.796875
2025-07-01,104.01171875,104.0625,103.87890625,103.89453125
2025-07-02,103.90234375,103.9609375,103.8515625,103.875
2025-07-03,103.875,103.9296875,103.61328125,103.6875
2025-07-04,103.69921875,103.765625,103.69140625,103.73046875
2025-07-07,103.72265625,103.74609375,103.6484375,103.65234375
2025-07-08,103.6640625,103.68359375,103.6171875,103.640625
2025-07-09,103.671875,103.7578125,103.63671875,103.7265625
2025-07-10,103.75390625,103.76953125,103.6640625,103.70703125
2025-07-11,103.69921875,103.7109375,103.609375,103.61328125
2025-07-14,103.65625,103.68359375,103.6171875,103.64453125
2025-07-15,103.63671875,103.66796875,103.515625,103.5234375
2025-07-16,103.5546875,103.71484375,103.5234375,103.66015625
2025-07-17,103.640625,103.66015625,103.55078125,103.59765625
2025-07-18,103.6328125,103.70703125,103.6171875,103.66796875
2025-07-21,103.68359375,103.73828125,103.65234375,103.71875
2025-07-22,103.69921875,103.7734375,103.67578125,103.7578125
2025-07-23,103.75,103.75390625,103.640625,103.66015625
2025-07-24,103.66015625,103.6640625,103.5625,103.57421875
2025-07-25,103.5859375,103.6015625,103.55859375,103.58984375
2025-07-28,103.55859375,103.60546875,103.53515625,103.5625
2025-07-29,103.5625,103.6640625,103.546875,103.65234375
2025-07-30,103.65625,103.671875,103.5078125,103.52734375
2025-07-31,103.515625,103.5625,103.46875,103.4921875
2025-08-01,103.484375,104.03125,103.46484375,103.9609375
2025-08-04,104.0,104.05859375,103.91015625,104.0
2025-08-05,104.01171875,104.0390625,103.90625,103.9296875
2025-08-06,103.9140625,103.96875,103.875,103.95703125
2025-08-07,103.9375,103.95703125,103.8828125,103.890625
2025-08-08,103.90234375,103.91015625,103.82421875,103.83984375
2025-08-11,103.828125,103.8671875,103.8125,103.84375
2025-08-12,103.8203125,103.953125,103.80078125,103.890625
2025-08-13,103.88671875,104.00390625,103.86328125,103.96484375
2025-08-14,103.98828125,104.02734375,103.8515625,103.8671875
2025-08-15,103.875,103.9140625,103.81640625,103.8203125
2025-08-18,103.82421875,103.85546875,103.78125,103.7890625
2025-08-19,103.8046875,103.84765625,103.78125,103.8203125
2025-08-20,103.8359375,103.8984375,103.80078125,103.83984375
2025-08-21,103.83203125,103.84765625,103.7265625,103.7578125
2025-08-22,103.7578125,103.96484375,103.72265625,103.94140625
2025-08-25,103.91796875,103.92578125,103.84375,103.85546875
2025-08-26,103.8671875,103.953125,103.8515625,103.94921875
2025-08-27,103.94140625,104.01171875,103.90625,103.984375
2025-08-28,104.01171875,104.015625,103.93359375,103.9609375
2025-08-29,103.96484375,104.01953125,103.94921875,103.98828125
2025-09-02,103.984375,103.9921875,103.890625,103.9296875
2025-09-03,103.9375,104.03125,103.91796875,104.0078125
2025-09-04,104.02734375,104.046875,104.01953125,104.046875
2025-09-05,104.04296875,104.265625,104.04296875,104.19921875
2025-09-08,104.21875,104.2265625,104.203125,104.21875
2025-09-09,104.1796875,104.1796875,104.12890625,104.12890625
2025-09-10,104.10546875,104.1640625,104.10546875,104.140625
2025-09-11,104.234375,104.25,104.13671875,104.16015625
2025-09-12,104.078125,104.1015625,104.07421875,104.1015625
2025-09-15,104.125,104.1328125,104.1171875,104.1328125
2025-09-16,104.1328125,104.171875,104.125,104.171875
2025-09-17,104.10546875,104.10546875,104.08984375,104.08984375
2025-09-18,104.04296875,104.0703125,104.04296875,104.0625
2025-09-19,104.06640625,104.06640625,104.0390625,104.0390625
2025-09-22,104.015625,104.015625,104.015625,104.015625
2025-09-23,104.02734375,104.02734375,104.02734375,104.02734375
2025-09-24,104.0,104.0,103.98828125,103.98828125
2025-09-25,103.8515625,103.890625,103.79296875,103.8671875
2025-09-26,103.87109375,103.8984375,103.8671875,103.8984375
2025-09-29,103.9375,103.9375,103.91015625,103.921875
2025-09-30,103.96875,103.97265625,103.96875,103.97265625
2025-10-01,104.18359375,104.328125,104.1640625,104.30859375
2025-10-02,104.328125,104.3359375,104.25,104.30078125
2025-10-03,104.31640625,104.31640625,104.234375,104.25
2025-10-06,104.234375,104.25,104.1953125,104.203125
2025-10-07,104.21484375,104.26953125,104.18359375,104.25390625
2025-10-08,104.26171875,104.27734375,104.19921875,104.22265625
2025-10-09,104.2265625,104.234375,104.1796875,104.1875
2025-10-10,104.19921875,104.375,104.1953125,104.3359375
2025-10-13,104.31640625,104.38671875,104.29296875,104.37890625
2025-10-14,104.37890625,104.44140625,104.34375,104.421875
2025-10-15,104.41015625,104.44140625,104.3515625,104.3671875
2025-10-16,104.375,104.546875,104.34375,104.515625
2025-10-17,104.515625,104.60546875,104.41796875,104.4375
2025-10-20,104.4375,104.453125,104.3984375,104.4375
2025-10-21,104.44140625,104.48046875,104.41796875,104.453125
2025-10-22,104.44921875,104.484375,104.42578125,104.46875
2025-10-23,104.46875,104.48046875,104.36328125,104.390625
2025-10-24,104.375,104.4765625,104.33984375,104.3828125
2025-10-27,104.33984375,104.359375,104.3125,104.34765625
2025-10-28,104.3671875,104.3671875,104.3046875,104.34765625
2025-10-29,104.34375,104.35546875,104.125,104.1796875
2025-10-30,104.15234375,104.1875,104.078125,104.12109375
2025-10-31,104.125,104.18359375,104.1015625,104.12109375
2025-11-03,104.1640625,104.1875,104.109375,104.13671875
2025-11-04,104.12890625,104.203125,104.12109375,104.16796875
2025-11-05,104.1796875,104.234375,104.0625,104.0703125
2025-11-06,104.0703125,104.2265625,104.06640625,104.1953125
2025-11-07,104.2109375,104.26171875,104.16015625,104.2109375
2025-11-10,104.15625,104.1796875,104.1171875,104.14453125
2025-11-11,104.140625,104.22265625,104.1328125,104.21484375
2025-11-12,104.20703125,104.21484375,104.16015625,104.18359375
2025-11-13,104.1796875,104.18359375,104.10546875,104.13671875
2025-11-14,104.12890625,104.2265625,104.07421875,104.0859375
2025-11-17,104.09375,104.125,104.07421875,104.09375
2025-11-18,104.09765625,104.21484375,104.08203125,104.14453125
2025-11-19,104.16015625,104.19140625,104.10546875,104.109375
2025-11-20,104.1171875,104.234375,104.0234375,104.1796875
2025-11-21,104.22265625,104.3203125,104.1796875,104.265625
2025-11-24,104.25390625,104.28515625,104.2265625,104.2734375
2025-11-25,104.28515625,104.32421875,104.2421875,104.30859375
2025-11-26,104.3046875,104.30859375,104.23046875,104.26953125
2025-11-28,104.28125,104.40234375,104.234375,104.25390625
2025-12-01,104.23046875,104.265625,104.1640625,104.16796875
2025-12-02,104.18359375,104.21875,104.16796875,104.2109375
2025-12-03,104.2421875,104.2734375,104.22265625,104.26171875
2025-12-04,104.234375,104.23828125,104.1796875,104.1875
2025-12-05,104.1953125,104.1953125,104.12890625,104.13671875
2025-12-08,104.15234375,104.15234375,104.0625,104.1171875
2025-12-09,104.1328125,104.1328125,104.05078125,104.05859375
2025-12-10,104.0390625,104.17578125,104.0390625,104.15625
2025-12-11,104.21484375,104.21484375,104.1875,104.20703125
2025-12-12,104.1875,104.21484375,104.1875,104.20703125
2025-12-15,104.2578125,104.2578125,104.24609375,104.24609375
2025-12-16,104.265625,104.3046875,104.265625,104.296875
2025-12-17,104.24609375,104.31640625,104.24609375,104.2890625
2025-12-18,104.30078125,104.37109375,104.30078125,104.33984375
2025-12-19,104.30859375,104.3125,104.30859375,104.3125
2025-12-22,104.3046875,104.3046875,104.26953125,104.26953125
2025-12-23,104.25,104.25,104.1953125,104.1953125
2025-12-24,104.234375,104.234375,104.234375,104.234375
2025-12-26,104.28515625,104.28515625,104.28515625,104.28515625
2025-12-29,104.328125,104.328125,104.32421875,104.32421875
2025-12-30,104.37109375,104.37109375,104.359375,104.359375
2025-12-31,104.2578125,104.46484375,104.25390625,104.38671875
2026-01-02,104.38671875,104.3984375,104.34765625,104.37109375
2026-01-05,104.37109375,104.42578125,104.35546875,104.4140625
2026-01-06,104.4140625,104.41796875,104.34765625,104.37109375
2026-01-07,104.3828125,104.42578125,104.35546875,104.37890625
2026-01-08,104.3671875,104.41015625,104.31640625,104.33984375
2026-01-09,104.3359375,104.33984375,104.234375,104.23828125
2026-01-12,104.24609375,104.3046875,104.21484375,104.23046875
2026-01-13,104.24609375,104.33203125,104.2109375,104.26171875
2026-01-14,104.25,104.3046875,104.24609375,104.28515625
2026-01-15,104.29296875,104.29296875,104.17578125,104.18359375
2026-01-16,104.18359375,104.203125,104.09375,104.12109375
2026-01-20,104.19140625,104.19140625,104.1015625,104.12109375
2026-01-21,104.12109375,104.17578125,104.11328125,104.12109375
2026-01-22,104.13671875,104.1484375,104.0703125,104.0859375
2026-01-23,104.09765625,104.125,104.07421875,104.10546875
2026-01-26,104.13671875,104.15625,104.10546875,104.1328125
2026-01-27,104.12890625,104.1796875,104.11328125,104.171875
2026-01-28,104.15625,104.1875,104.11328125,104.1484375
2026-01-29,104.1640625,104.21875,104.13671875,104.203125
2026-01-30,104.1875,104.25390625,104.15234375,104.24609375
2026-02-02,104.234375,104.29296875,104.1484375,104.171875
2026-02-03,104.16015625,104.18359375,104.12109375,104.16015625
2026-02-04,104.16015625,104.203125,104.12890625,104.18359375
2026-02-05,104.19140625,104.38671875,104.1796875,104.32421875
2026-02-06,104.38671875,104.43359375,104.265625,104.29296875
2026-02-09,104.2578125,104.3359375,104.2421875,104.32421875
2026-02-10,104.3125,104.390625,104.3046875,104.375
2026-02-11,104.37109375,104.39453125,104.1875,104.26171875
2026-02-12,104.2578125,104.36328125,104.25390625,104.3359375
2026-02-13,104.35546875,104.46875,104.31640625,104.4453125
2026-02-17,104.44140625,104.48828125,104.375,104.390625
2026-02-18,104.390625,104.3984375,104.32421875,104.34765625
2026-02-19,104.33984375,104.34375,104.29296875,104.3203125
2026-02-20,104.3359375,104.35546875,104.26171875,104.29296875
2026-02-23,104.2890625,104.3671875,104.27734375,104.359375
2026-02-24,104.35546875,104.3671875,104.296875,104.32421875
2026-02-25,104.31640625,104.328125,104.265625,104.29296875
2026-02-26,104.29296875,104.3671875,104.2734375,104.33203125
2026-02-27,104.390625,104.47265625,104.37890625,104.46484375
2026-03-02,104.5390625,104.5390625,104.2421875,104.265625
2026-03-03,104.27734375,104.27734375,104.06640625,104.2265625
2026-03-04,104.203125,104.23046875,104.14453125,104.15234375
2026-03-05,104.12109375,104.12109375,104.05078125,104.05078125
2026-03-06,104.078125,104.18359375,103.99609375,104.12109375
2026-03-09,104.03125,104.1328125,103.98046875,104.05078125
2026-03-10,104.125,104.140625,104.05859375,104.09375
2026-03-11,104.02734375,104.02734375,103.9453125,103.97265625
2026-03-12,103.91015625,103.9453125,103.75,103.75
2026-03-13,103.7578125,103.8828125,103.75390625,103.8046875
2026-03-16,103.8203125,103.91015625,103.8203125,103.8984375
2026-03-17,103.8828125,103.9296875,103.875,103.9140625
2026-03-18,103.91796875,103.91796875,103.7265625,103.78125
2026-03-19,103.67578125,103.7421875,103.43359375,103.625
2026-03-20,103.484375,103.5078125,103.484375,103.484375
2026-03-23,103.484375,103.59765625,103.44140625,103.59765625
2026-03-24,103.4296875,103.4296875,103.4296875,103.4296875
2026-03-25,103.5703125,103.5703125,103.53515625,103.53515625
2026-03-26,103.3828125,103.40625,103.33984375,103.35546875
2026-03-27,103.46875,103.48046875,103.4609375,103.48046875
2026-03-30,103.625,103.625,103.625,103.625
2026-03-31,103.6953125,103.6953125,103.64453125,103.68359375
2026-04-01,103.7265625,103.8515625,103.6953125,103.71875
2026-04-02,103.703125,103.765625,103.59375,103.7265625
2026-04-06,103.62109375,103.65625,103.5703125,103.625
2026-04-07,103.62109375,103.7421875,103.5703125,103.65625
2026-04-08,103.75,103.9140625,103.72265625,103.734375
2026-04-09,103.73828125,103.83203125,103.71875,103.7578125
2026-04-10,103.77734375,103.83203125,103.69140625,103.71875
2026-04-13,103.63671875,103.7734375,103.61328125,103.76171875
2026-04-14,103.765625,103.83203125,103.734375,103.81640625
2026-04-15,103.82421875,103.84375,103.7578125,103.7890625
2026-04-16,103.79296875,103.8359375,103.75,103.76171875
2026-04-17,103.76171875,103.94921875,103.75390625,103.91015625
2026-04-20,103.8125,103.890625,103.796875,103.87890625
2026-04-21,103.86328125,103.87890625,103.70703125,103.76171875
2026-04-22,103.7578125,103.80859375,103.70703125,103.73046875
2026-04-23,103.71875,103.74609375,103.6328125,103.67578125
2026-04-24,103.65625,103.77734375,103.6328125,103.76953125
2026-04-27,103.7265625,103.7578125,103.6953125,103.72265625
2026-04-28,103.73046875,103.73828125,103.62109375,103.64453125
2026-04-29,103.65625,103.671875,103.4375,103.4765625
2026-04-30,103.44921875,103.6015625,103.44140625,103.5625
2026-05-01,103.5859375,103.64453125,103.52734375,103.55859375
2026-05-04,103.59765625,103.61328125,103.35546875,103.41796875
2026-05-05,103.4375,103.49609375,103.42578125,103.46484375
2026-05-06,103.45703125,103.65234375,103.453125,103.59375
2026-05-07,103.59765625,103.6796875,103.48828125,103.50390625
2026-05-08,103.5,103.58984375,103.46875,103.546875
2026-05-11,103.53125,103.53125,103.43359375,103.453125
2026-05-12,103.4375,103.44921875,103.34765625,103.36328125
2026-05-13,103.359375,103.39453125,103.31640625,103.37109375
2026-05-14,103.3828125,103.4375,103.30859375,103.36328125
2026-05-15,103.30859375,103.3203125,103.19140625,103.203125
2026-05-18,103.203125,103.28125,103.16015625,103.1796875
2026-05-19,103.26171875,103.27734375,103.08984375,103.12109375
2026-05-20,103.1171875,103.3359375,103.11328125,103.2734375
2026-05-21,103.23828125,103.265625,103.125,103.1875
2026-05-22,103.1953125,103.26171875,103.09375,103.125
2026-05-26,103.19140625,103.3125,103.19140625,103.28125
2026-05-27,103.29296875,103.34765625,103.2734375,103.3125
2026-05-28,103.30859375,103.39453125,103.22265625,103.328125
2026-05-29,103.3359375,103.40234375,103.31640625,103.34765625
2026-06-01,103.3203125,103.34375,103.22265625,103.28515625
2026-06-02,103.3125,103.36328125,103.29296875,103.29296875
2026-06-03,103.25,103.30859375,103.21875,103.23828125
2026-06-04,103.265625,103.33203125,103.265625,103.296875
2026-06-05,103.3125,103.46875,103.0703125,103.09765625
2026-06-08,103.04296875,103.16015625,103.0390625,103.10546875
2026-06-09,103.14453125,103.18359375,103.12890625,103.15625
2026-06-10,103.19140625,103.19140625,103.140625,103.1484375
2026-06-11,103.10546875,103.28515625,103.09765625,103.2421875
2026-06-12,103.3046875,103.30859375,103.1875,103.234375
2026-06-15,103.3671875,103.3671875,103.25390625,103.265625
2026-06-16,103.27734375,103.3125,103.27734375,103.3125
2026-06-17,103.3203125,103.32421875,102.984375,103.09375
2026-06-18,103.0390625,103.125,103.0390625,103.0703125
2026-06-22,103.015625,103.015625,102.96875,102.96875
2026-06-23,103.0625,103.0625,103.04296875,103.0625
2026-06-24,103.16015625,103.1640625,103.125,103.1640625
2026-06-25,103.1171875,103.25390625,103.1171875,103.1875
2026-06-26,103.2265625,103.34765625,103.17578125,103.23046875
2026-06-29,103.2265625,103.2265625,103.19921875,103.203125
2026-06-30,103.2109375,103.2109375,103.19921875,103.19921875
2026-07-01,103.0,103.08203125,102.953125,103.01953125
2026-07-02,102.98828125,103.1484375,102.96875,103.0859375
2026-07-06,103.078125,103.140625,103.07421875,103.10546875
2026-07-07,103.125,103.1328125,102.97265625,103.02734375
2026-07-08,102.97265625,103.01171875,102.890625,102.953125
2026-07-09,102.9140625,103.04296875,102.90234375,103.02734375
2026-07-10,102.99609375,103.046875,102.93359375,102.94140625
2026-07-13,102.90625,102.93359375,102.796875,102.84375
2026-07-14,102.8046875,103.08203125,102.7734375,102.97265625
2026-07-15,102.9609375,103.11328125,102.91015625,103.09765625
2026-07-16,103.08203125,103.09375,103.0,103.0390625
2026-07-17,103.06640625,103.12890625,102.9921875,103.01171875
2026-07-20,102.99609375,103.03125,102.89453125,102.9375
2026-07-21,102.94921875,102.984375,102.84375,102.859375
2026-07-22,102.8515625,102.8828125,102.765625,102.78515625
2026-07-23,102.78125,102.796875,102.65625,102.6796875
2026-07-24,102.6953125,102.78125,102.66796875,102.73828125
2026-07-27,102.80078125,102.83984375,102.73828125,102.765625
2026-07-28,102.7578125,102.88671875,102.75390625,102.8515625
2026-07-29,102.828125,102.94921875,102.70703125,102.9140625
2026-07-30,102.8359375,102.9609375,102.80078125,102.921875
2026-07-31,102.890625,102.92578125,102.7734375,102.8046875
2026-08-03,102.921875,102.92578125,102.859375,102.87890625
2026-08-04,102.90234375,103.00390625,102.85546875,102.9921875
2026-08-05,102.984375,103.02734375,102.93359375,103.0234375
2026-08-06,103.00390625,103.0234375,102.8828125,102.90234375
2026-08-07,102.88671875,103.078125,102.8828125,102.9765625
2026-08-10,102.97265625,102.984375,102.90234375,102.91796875
2026-08-11,102.90234375,102.97265625,102.87109375,102.95703125
2026-08-12,102.953125,103.06640625,102.9453125,102.9921875
2026-08-13,102.98828125,103.14453125,102.984375,103.109375
2026-08-14,103.09765625,103.1953125,103.046875,103.0546875
2026-08-17,103.05078125,103.09765625,103.02734375,103.03515625
2026-08-18,103.046875,103.0703125,102.99609375,103.0546875
2026-08-19,103.0546875,103.11328125,103.0,103.046875
2026-08-20,103.07421875,103.0859375,103.0078125,103.03515625
2026-08-21,103.03125,103.0625,102.93359375,102.953125
2026-08-24,102.94921875,102.984375,102.92578125,102.953125
2026-08-25,102.953125,103.06640625,102.92578125,103.01953125
2026-08-26,103.05078125,103.0703125,102.9609375,102.98046875
2026-08-27,102.99609375,103.01171875,102.9609375,102.9765625
2026-08-28,102.96875,103.015625,102.73828125,102.765625
2026-08-31,102.59765625,102.69921875,102.59375,102.63671875
