date,open,high,low,close
2019-10-21,0.007927999831736088,0.007934999652206898,0.0069160000421106815,0.007594000082463026
2019-10-22,0.007592999842017889,0.015730999410152435,0.0074880002066493034,0.015730999410152435
2019-10-23,0.015730999410152435,0.017924999818205833,0.009440000168979168,0.017917999997735023
2019-10-24,0.017897000536322594,0.01913899928331375,0.013159999623894691,0.01904500089585781
2019-10-25,0.01904500089585781,0.01904500089585781,0.011633999645709991,0.013240000233054161
2019-10-26,0.013247000053524971,0.013860000297427177,0.011349000036716461,0.011958000250160694
2019-10-27,0.011958000250160694,0.012071999721229076,0.008816000074148178,0.010846000164747238
2019-10-28,0.010847999714314938,0.0135690001770854,0.008996999822556973,0.009984999895095825
2019-10-29,0.009984999895095825,0.010417000390589237,0.008465999737381935,0.009105999954044819
2019-10-30,0.00911100022494793,0.009200000204145908,0.008523999713361263,0.008990000002086163
2019-10-31,0.008991999551653862,0.012389999814331532,0.006246999837458134,0.011642999947071075
2019-11-01,0.011744000017642975,0.01423799991607666,0.011253000237047672,0.011789999902248383
2019-11-02,0.011789999902248383,0.01196100004017353,0.009690999984741211,0.011342000216245651
2019-11-03,0.011342000216245651,0.011355999857187271,0.010282999835908413,0.010414999909698963
2019-11-04,0.010417000390589237,0.011869000270962715,0.00912499986588955,0.01033599954098463
2019-11-05,0.01033599954098463,0.010851999744772911,0.009379999712109566,0.010122999548912048
2019-11-06,0.010127999819815159,0.010642999783158302,0.009324000217020512,0.009343000128865242
2019-11-07,0.009349999949336052,0.009638000279664993,0.009003999643027782,0.009467000141739845
2019-11-08,0.009464999660849571,0.00954500027000904,0.008258000016212463,0.008612999692559242
2019-11-09,0.008609999902546406,0.008775999769568443,0.008104000240564346,0.008681000210344791
2019-11-10,0.008678999729454517,0.010816000401973724,0.008430000394582748,0.009394999593496323
2019-11-11,0.009394999593496323,0.009891999885439873,0.00860700011253357,0.009251000359654427
2019-11-12,0.009228000417351723,0.009390000253915787,0.008697999641299248,0.009108999744057655
2019-11-13,0.009105999954044819,0.009301000274717808,0.008685999549925327,0.008696000091731548
2019-11-14,0.008697000332176685,0.00929300021380186,0.008442999795079231,0.008461999706923962
2019-11-15,0.008461999706923962,0.00916100014001131,0.00723800016567111,0.008244999684393406
2019-11-16,0.00824700016528368,0.008248000405728817,0.007081000134348869,0.0076430002227425575
2019-11-17,0.0076430002227425575,0.007718999870121479,0.0070859999395906925,0.007526000030338764
2019-11-18,0.007519000209867954,0.007658000104129314,0.006566999945789576,0.00736499996855855
2019-11-19,0.007368000224232674,0.007776999846100807,0.006767999846488237,0.006998000200837851
2019-11-20,0.006998000200837851,0.007553999777883291,0.005270000081509352,0.005874999798834324
2019-11-21,0.00583299994468689,0.006370000075548887,0.005109999794512987,0.005547999870032072
2019-11-22,0.005555000156164169,0.005969999823719263,0.0044929999858140945,0.004497000016272068
2019-11-23,0.004497999791055918,0.004585999995470047,0.00292599992826581,0.003920000046491623
2019-11-24,0.00392200006172061,0.004908999893814325,0.0038079998921602964,0.003863000078126788
2019-11-25,0.003854000009596348,0.003898999886587262,0.002993999980390072,0.003025999991223216
2019-11-26,0.0030269999988377094,0.0032399999909102917,0.003002000041306019,0.0031300000846385956
2019-11-27,0.003129000077024102,0.004029999952763319,0.0031030001118779182,0.004021999891847372
2019-11-28,0.004017999861389399,0.004244999960064888,0.003406000090762973,0.0034129999112337828
2019-11-29,0.003413999918848276,0.00430699996650219,0.0032079999800771475,0.0036609999369829893
2019-11-30,0.0036609999369829893,0.004046000074595213,0.003206999972462654,0.003504999913275242
2019-12-01,0.0035059999208897352,0.004147000145167112,0.0026779999025166035,0.003938000183552504
2019-12-02,0.0039369999431073666,0.0039369999431073666,0.002966000000014901,0.0031950001139193773
2019-12-03,0.0031950001139193773,0.003203999949619174,0.002706000115722418,0.0031640001107007265
2019-12-04,0.0031640001107007265,0.00355300004594028,0.0031210000161081553,0.0033650000113993883
2019-12-05,0.0033650000113993883,0.0033650000113993883,0.003100000089034438,0.0033100000582635403
2019-12-06,0.0033080000430345535,0.003490000031888485,0.0029869999270886183,0.003108999924734235
2019-12-07,0.003108999924734235,0.003266999963670969,0.0030330000445246696,0.0032450000289827585
2019-12-08,0.0032450000289827585,0.003344000084325671,0.0031469999812543392,0.0031590000726282597
2019-12-09,0.003160000080242753,0.0031659998930990696,0.0027940000873059034,0.0028150000143796206
2019-12-10,0.002814000006765127,0.0028299998957663774,0.0019020000472664833,0.002216000109910965
2019-12-11,0.0022169998846948147,0.002263000002130866,0.0022100000642240047,0.0022360000293701887
2019-12-12,0.0022360000293701887,0.0029349999967962503,0.0022269999608397484,0.0028329999186098576
2019-12-13,0.0028329999186098576,0.0035069999285042286,0.0025790000800043344,0.003495000069960952
2019-12-14,0.003495000069960952,0.0035290000960230827,0.0034620000515133142,0.0035059999208897352
2019-12-15,0.0035059999208897352,0.0035059999208897352,0.003461000043898821,0.003496000077575445
2019-12-16,0.003496000077575445,0.0035570000763982534,0.003467000089585781,0.003519000019878149
2019-12-17,0.003519000019878149,0.006645999848842621,0.003515999997034669,0.005994000006467104
2019-12-18,0.005994000006467104,0.006591999903321266,0.005026000086218119,0.006328999996185303
2019-12-19,0.006328999996185303,0.006612000055611134,0.006308000069111586,0.006556000094860792
2019-12-20,0.006556000094860792,0.006575999781489372,0.004815000109374523,0.0056329998187720776
2019-12-21,0.0056329998187720776,0.005640000104904175,0.003129000077024102,0.00380200007930398
2019-12-22,0.003696999978274107,0.004718000069260597,0.0032399999909102917,0.0039090001955628395
2019-12-23,0.0039090001955628395,0.003913000226020813,0.002578000072389841,0.003208999987691641
2019-12-24,0.0034469999372959137,0.0034839999862015247,0.0026420000940561295,0.0034179999493062496
2019-12-25,0.0034179999493062496,0.003421999979764223,0.0029200001154094934,0.0029430000577121973
2019-12-26,0.0029460000805556774,0.0032240001019090414,0.0020260000601410866,0.002687999978661537
2019-12-27,0.002687999978661537,0.0031169999856501818,0.002435999922454357,0.0026680000592023134
2019-12-28,0.0026680000592023134,0.0030159999150782824,0.0026259999722242355,0.0029770000837743282
2019-12-29,0.0029770000837743282,0.0030620000325143337,0.002701000077649951,0.002885000081732869
2019-12-30,0.0028840000741183758,0.0038350000977516174,0.0025740000419318676,0.0027799999807029963
2019-12-31,0.0027540000155568123,0.0027970001101493835,0.0025659999810159206,0.0027199999894946814
2020-01-01,0.0027199999894946814,0.0027230000123381615,0.0025679999962449074,0.0025859999004751444
2020-01-02,0.0025770000647753477,0.002730000065639615,0.0025450000539422035,0.002561999950557947
2020-01-03,0.0025760000571608543,0.005018999800086021,0.0025690000038594007,0.0033319999929517508
2020-01-04,0.0033319999929517508,0.0050130002200603485,0.0033279999624937773,0.003702000016346574
2020-01-05,0.003702000016346574,0.0038320000749081373,0.0028470000252127647,0.0033569999504834414
2020-01-06,0.003519000019878149,0.0036669999826699495,0.0033100000582635403,0.00344299990683794
2020-01-07,0.00344299990683794,0.0036170000676065683,0.0033199999015778303,0.0035500000230968
2020-01-08,0.0035500000230968,0.0037960000336170197,0.0033760000951588154,0.00356299988925457
2020-01-09,0.0036949999630451202,0.0037799999117851257,0.003456000005826354,0.0037700000684708357
2020-01-10,0.0037640000227838755,0.003771000076085329,0.0034620000515133142,0.003633999964222312
2020-01-11,0.003636999987065792,0.0036460000555962324,0.0028860000893473625,0.0029440000653266907
2020-01-12,0.0029329999815672636,0.0031079999171197414,0.0025679999962449074,0.002841999987140298
2020-01-13,0.0028379999566823244,0.003616000059992075,0.0028379999566823244,0.003527000080794096
2020-01-14,0.0035260000731796026,0.0038040000945329666,0.003237999975681305,0.003435000078752637
2020-01-15,0.003387999953702092,0.003783999942243099,0.0033420000690966845,0.0035800000187009573
2020-01-16,0.003636999987065792,0.004488000180572271,0.003287999890744686,0.003575999988242984
2020-01-17,0.0035920001100748777,0.003705000039190054,0.0028959999326616526,0.0033100000582635403
2020-01-18,0.0032820000778883696,0.003693999955430627,0.0029100000392645597,0.0034149999264627695
2020-01-19,0.0034080001059919596,0.004298999905586243,0.0033650000113993883,0.003857000032439828
2020-01-20,0.003857000032439828,0.00430000014603138,0.003708000062033534,0.00419300002977252
2020-01-21,0.00419300002977252,0.0042050001211464405,0.003722999943420291,0.003971000202000141
2020-01-22,0.004042999818921089,0.0041970000602304935,0.0039059999398887157,0.004182999953627586
2020-01-23,0.004182999953627586,0.004188999999314547,0.003951000049710274,0.004098000004887581
2020-01-24,0.004098000004887581,0.004191000014543533,0.003955000080168247,0.00418600020930171
2020-01-25,0.004188000224530697,0.0041970000602304935,0.003984000068157911,0.004188000224530697
2020-01-26,0.004188000224530697,0.00420599989593029,0.003971000202000141,0.004133999813348055
2020-01-27,0.004009999800473452,0.004162000026553869,0.003719999920576811,0.003829000052064657
2020-01-28,0.003837999887764454,0.003961999900639057,0.003780999919399619,0.003872999921441078
2020-01-29,0.003872999921441078,0.00393499992787838,0.003722999943420291,0.0037479999009519815
2020-01-30,0.0037899999879300594,0.0038980001118034124,0.0037410000804811716,0.003857000032439828
2020-01-31,0.0038499999791383743,0.0039980001747608185,0.0037430000957101583,0.00392800010740757
2020-02-01,0.003924000076949596,0.003978000022470951,0.003768000053241849,0.0038109999150037766
2020-02-02,0.0037849999498575926,0.004536000080406666,0.003599999938160181,0.0036090000066906214
2020-02-03,0.0036090000066906214,0.003916999790817499,0.0035979999229311943,0.003713000100106001
2020-02-04,0.003713000100106001,0.0038109999150037766,0.0027570000384002924,0.0033519999124109745
2020-02-05,0.0031969998963177204,0.003806999884545803,0.0025919999461621046,0.0032319999299943447
2020-02-06,0.0032319999299943447,0.0032770000398159027,0.0026400000788271427,0.002991999965161085
2020-02-07,0.002896999940276146,0.0029959999956190586,0.0026000000070780516,0.002643000101670623
2020-02-08,0.0027129999361932278,0.0027749999426305294,0.0023089998867362738,0.0023849999997764826
2020-02-09,0.0023849999997764826,0.0024019998963922262,0.0005019999807700515,0.0005019999807700515
2020-02-10,0.0005019999807700515,0.0024019998963922262,0.0005019999807700515,0.0019099999917671084
2020-02-11,0.0016929999692365527,0.002082000020891428,0.0016850000247359276,0.0019519999623298645
2020-02-12,0.0018309999722987413,0.0020669999066740274,0.0018060000147670507,0.001943000010214746
2020-02-13,0.001943000010214746,0.0020469999872148037,0.0015510000521317124,0.0017519999528303742
2020-02-14,0.001816999982111156,0.0018489999929443002,0.0016599999507889152,0.001728000002913177
2020-02-15,0.001728000002913177,0.0018400000408291817,0.0017170000355690718,0.0017219999572262168
2020-02-16,0.0017209999496117234,0.0019160000374540687,0.0017180000431835651,0.0018579999450594187
2020-02-17,0.0018720000516623259,0.0019160000374540687,0.0017350000562146306,0.0017590000061318278
2020-02-18,0.0017519999528303742,0.001766999950632453,0.0013899999903514981,0.0014029999729245901
2020-02-19,0.0014019999653100967,0.001765000051818788,0.0012120000319555402,0.0014019999653100967
2020-02-20,0.0014070000033825636,0.001728000002913177,0.0014059999957680702,0.0016949999844655395
2020-02-21,0.001686000032350421,0.001702000037766993,0.0015910000074654818,0.0016449999529868364
2020-02-22,0.001643999945372343,0.0016639999812468886,0.0014179999707266688,0.0015979999443516135
2020-02-23,0.0015979999443516135,0.001661999966017902,0.001429000054486096,0.0016250000335276127
2020-02-24,0.001601999974809587,0.0016599999507889152,0.001420999993570149,0.0015579999890178442
2020-02-25,0.001560000004246831,0.0016700000269338489,0.0013050000416114926,0.001307999948039651
2020-02-26,0.0013089999556541443,0.0015399999683722854,0.001306000049225986,0.0013520000502467155
2020-02-27,0.0013299999991431832,0.0013859999598935246,0.001019999966956675,0.001184999942779541
2020-02-28,0.0012489999644458294,0.0015790000325068831,0.0008019999950192869,0.0010000000474974513
2020-02-29,0.0009539999882690609,0.0011940000113099813,0.0009239999926649034,0.0011919999960809946
2020-03-01,0.0011909999884665012,0.0011919999960809946,0.0010000000474974513,0.0011350000277161598
2020-03-02,0.0011180000146850944,0.0011869999580085278,0.0010649999603629112,0.0011180000146850944
2020-03-03,0.0011080000549554825,0.0011820000363513827,0.0010000000474974513,0.0011409999569877982
2020-03-04,0.0010839999886229634,0.001154000055976212,0.0010489999549463391,0.001151000033132732
2020-03-05,0.001151000033132732,0.0011840000515803695,0.0010010000551119447,0.0010369999799877405
2020-03-06,0.0010369999799877405,0.0010939999483525753,0.0009500000160187483,0.0010519999777898192
2020-03-07,0.0010420000180602074,0.0010860000038519502,0.0008190000080503523,0.0009009999921545386
2020-03-08,0.0009009999921545386,0.001016999944113195,0.0008720000041648746,0.0009389999904669821
2020-03-09,0.0009399999980814755,0.0010920000495389104,0.0008989999769255519,0.0009280000231228769
2020-03-10,0.0009200000204145908,0.0010849999962374568,0.000914999982342124,0.0010489999549463391
2020-03-11,0.0010310000507161021,0.001693999976851046,0.000994000001810491,0.001630999962799251
2020-03-12,0.0016449999529868364,0.0016850000247359276,0.0009459999855607748,0.0013010000111535192
2020-03-13,0.0013010000111535192,0.0013299999991431832,0.00088900001719594,0.0009200000204145908
2020-03-14,0.0009190000128000975,0.0011660000309348106,0.0008950000046752393,0.0009009999921545386
2020-03-15,0.0009009999921545386,0.0014550000196322799,0.0009009999921545386,0.0010349999647587538
2020-03-16,0.001032999949529767,0.0012649999698624015,0.0010270000202581286,0.0012110000243410468
2020-03-17,0.00120900000911206,0.001221999991685152,0.00019299999985378236,0.000195999993593432
2020-03-18,0.00019500000053085387,0.00020199999562464654,0.0001939999929163605,0.0001990000018849969
2020-03-19,0.0001990000018849969,0.0001990000018849969,0.0001990000018849969,0.0001990000018849969
2020-03-20,0.0001990000018849969,0.0006019999855197966,0.0001990000018849969,0.00023999999393709004
2020-03-21,0.00023999999393709004,0.00023999999393709004,0.00023999999393709004,0.00023999999393709004
2020-03-22,0.00023999999393709004,0.00023999999393709004,0.00023999999393709004,0.00023999999393709004
2020-03-23,0.00023999999393709004,0.00023999999393709004,0.00023999999393709004,0.00023999999393709004
2020-03-24,0.00023999999393709004,0.00023999999393709004,0.00023999999393709004,0.00023999999393709004
2020-03-25,0.00023999999393709004,0.00023999999393709004,0.00023999999393709004,0.00023999999393709004
2020-03-26,0.00023999999393709004,0.00023999999393709004,0.00023999999393709004,0.00023999999393709004
2020-03-27,0.00023999999393709004,0.00023999999393709004,0.00023999999393709004,0.00023999999393709004
2020-03-28,0.00023999999393709004,0.00023999999393709004,0.00023999999393709004,0.00023999999393709004
2020-03-29,0.00023999999393709004,0.00023999999393709004,0.00023999999393709004,0.00023999999393709004
2020-03-30,0.00023999999393709004,0.00023999999393709004,0.00023999999393709004,0.00023999999393709004
2020-03-31,0.00023999999393709004,0.00023999999393709004,0.00023999999393709004,0.00023999999393709004
2020-04-01,0.00023999999393709004,0.00023999999393709004,0.00023999999393709004,0.00023999999393709004
2020-04-02,0.00023999999393709004,0.00023999999393709004,0.00023999999393709004,0.00023999999393709004
2020-04-03,0.00023999999393709004,0.00023999999393709004,0.00023999999393709004,0.00023999999393709004
2020-04-04,0.00023999999393709004,0.00023999999393709004,0.00023999999393709004,0.00023999999393709004
2020-04-05,0.00023999999393709004,0.00023999999393709004,0.00023999999393709004,0.00023999999393709004
2020-04-06,0.00023999999393709004,0.00023999999393709004,0.00023999999393709004,0.00023999999393709004
2020-04-07,0.00023999999393709004,0.00023999999393709004,0.00023999999393709004,0.00023999999393709004
2020-04-08,0.00023999999393709004,0.00023999999393709004,0.00023999999393709004,0.00023999999393709004
2020-04-09,0.00023999999393709004,0.00023999999393709004,0.00023999999393709004,0.00023999999393709004
2020-04-10,0.00023999999393709004,0.00023999999393709004,0.00023999999393709004,0.00023999999393709004
2020-04-11,0.00023999999393709004,0.00023999999393709004,0.00023999999393709004,0.00023999999393709004
2020-04-12,0.00023999999393709004,0.00023999999393709004,0.00023999999393709004,0.00023999999393709004
2020-04-13,0.00023999999393709004,0.00029200001154094934,0.00023999999393709004,0.00028899998869746923
2020-04-14,0.00028899998869746923,0.0003480000013951212,0.00028899998869746923,0.00034500000765547156
2020-04-15,0.00034500000765547156,0.00034699999378062785,0.0003440000000409782,0.0003459999861661345
2020-04-16,0.0003459999861661345,0.0003459999861661345,0.0003459999861661345,0.0003459999861661345
2020-04-17,0.0003459999861661345,0.0003459999861661345,0.0003459999861661345,0.0003459999861661345
2020-04-18,0.0003459999861661345,0.0003459999861661345,0.0003459999861661345,0.0003459999861661345
2020-04-19,0.0003459999861661345,0.0003459999861661345,0.0003459999861661345,0.0003459999861661345
2020-04-20,0.0003459999861661345,0.0003459999861661345,0.0003459999861661345,0.0003459999861661345
2020-04-21,0.0003459999861661345,0.0003459999861661345,0.0003459999861661345,0.0003459999861661345
2020-04-22,0.0003459999861661345,0.0003459999861661345,0.00022400000307243317,0.0002460000105202198
2020-04-23,0.00024399999529123306,0.0007559999939985573,0.0001990000018849969,0.0003699999942909926
2020-04-24,0.00039500001003034413,0.0007740000146441162,0.0002119999990100041,0.00037399999564513564
2020-04-25,0.00042600001324899495,0.0007750000222586095,0.00020399999630171806,0.0005130000063218176
2020-04-26,0.0004710000066552311,0.000770999991800636,0.00020500000391621143,0.0006070000235922635
2020-04-27,0.0006070000235922635,0.0007699999841861427,0.00021800000104121864,0.0006670000148005784
2020-04-28,0.0006639999919570982,0.0007730000070296228,0.00021699999342672527,0.0005929999751970172
2020-04-29,0.0005910000181756914,0.0006629999843426049,0.00026000000070780516,0.0004659999976865947
2020-04-30,0.00046400001156143844,0.0006649999995715916,0.00026000000070780516,0.00026199998683296144
2020-05-01,0.00026199998683296144,0.0007600000244565308,0.0002589999930933118,0.0006730000022798777
2020-05-02,0.0006719999946653843,0.00076299998909235,0.00026000000070780516,0.0006910000229254365
2020-05-03,0.0006820000126026571,0.0007609999738633633,0.00026199998683296144,0.0004079999926034361
2020-05-04,0.0004070000140927732,0.0007619999814778566,0.00026199998683296144,0.0005239999736659229
2020-05-05,0.0005050000036135316,0.0007609999738633633,0.0002610000083222985,0.0007469999836757779
2020-05-06,0.0007459999760612845,0.000754999986384064,0.0002640000020619482,0.00035600000410340726
2020-05-07,0.00035600000410340726,0.0007529999711550772,0.0002579999854788184,0.0007489999989047647
2020-05-08,0.0007489999989047647,0.000754999986384064,0.00026000000070780516,0.0005740000051446259
2020-05-09,0.00060299999313429,0.0007529999711550772,0.0002589999930933118,0.0007379999733529985
2020-05-10,0.0007489999989047647,0.0007830000249668956,0.00028300000121816993,0.0006019999855197966
2020-05-11,0.0005750000127591193,0.0007619999814778566,0.00020399999630171806,0.0006200000061653554
2020-05-12,0.0006200000061653554,0.0010460000485181808,0.00020300000323913991,0.00023299999884329736
2020-05-13,0.00021300000662449747,0.0007619999814778566,0.0002119999990100041,0.00025400001322850585
2020-05-14,0.00025400001322850585,0.0007609999738633633,0.00021600000036414713,0.0006089999806135893
2020-05-15,0.0006220000213943422,0.0007680000271648169,0.0002579999854788184,0.0003169999981764704
2020-05-16,0.000299000006634742,0.000691999972332269,0.0002579999854788184,0.0002809999859891832
2020-05-17,0.00026500000967644155,0.0009399999980814755,0.0002570000069681555,0.0003589999978430569
2020-05-18,0.00036800000816583633,0.00046099998871795833,0.0002809999859891832,0.000311999989207834
2020-05-19,0.0003220000071451068,0.00045900000259280205,0.00030499999411404133,0.00043899999582208693
2020-05-20,0.000450999999884516,0.00046300000394694507,0.0003319999959785491,0.0003859999997075647
2020-05-21,0.00039000000106170774,0.0004579999949783087,0.0003129999968223274,0.00039000000106170774
2020-05-22,0.00039500001003034413,0.0004569999873638153,0.00034100000630132854,0.00034699999378062785
2020-05-23,0.0003459999861661345,0.00039900001138448715,0.0002809999859891832,0.0003809999907389283
2020-05-24,0.00038300000596791506,0.00040099999750964344,0.0002849999873433262,0.0003459999861661345
2020-05-25,0.0003440000000409782,0.0003980000037699938,0.0002849999873433262,0.00037799999699927866
2020-05-26,0.0003859999997075647,0.0003980000037699938,0.00028700000257231295,0.00036299999919719994
2020-05-27,0.00036299999919719994,0.00039999998989515007,0.0002969999914057553,0.00031800000579096377
2020-05-28,0.000311999989207834,0.00039900001138448715,0.0003009999927598983,0.0003499999875202775
2020-05-29,0.0003499999875202775,0.0003859999997075647,0.00029399999766610563,0.0002969999914057553
2020-05-30,0.00029600001289509237,0.0003549999964889139,0.0002800000074785203,0.00032500000088475645
2020-05-31,0.00031599999056197703,0.0003490000090096146,0.0002789999998640269,0.000295000005280599
2020-06-01,0.000291000003926456,0.00032500000088475645,0.0002789999998640269,0.0003009999927598983
2020-06-02,0.0003009999927598983,0.00035799999022856355,0.0002800000074785203,0.00031599999056197703
2020-06-03,0.00031599999056197703,0.00034500000765547156,0.0002809999859891832,0.00029600001289509237
2020-06-04,0.0003000000142492354,0.00032500000088475645,0.0002789999998640269,0.00031599999056197703
2020-06-05,0.00031599999056197703,0.0003239999932702631,0.0002800000074785203,0.00029600001289509237
2020-06-06,0.00029600001289509237,0.0003260000084992498,0.0002800000074785203,0.00029399999766610563
2020-06-07,0.00029399999766610563,0.00031999999191612005,0.0002809999859891832,0.0002899999963119626
2020-06-08,0.00028700000257231295,0.0003150000120513141,0.0002789999998640269,0.00030499999411404133
2020-06-09,0.00030399998649954796,0.0003150000120513141,0.0002800000074785203,0.00028700000257231295
2020-06-10,0.0002880000101868063,0.0003380000125616789,0.0002800000074785203,0.0002899999963119626
2020-06-11,0.00029200001154094934,0.0003499999875202775,0.0002800000074785203,0.0003389999910723418
2020-06-12,0.00034100000630132854,0.0003490000090096146,0.0002800000074785203,0.00029399999766610563
2020-06-13,0.00029299999005161226,0.00034100000630132854,0.0002809999859891832,0.0002849999873433262
2020-06-14,0.0002849999873433262,0.0003499999875202775,0.0002809999859891832,0.00033000000985339284
2020-06-15,0.00033400001120753586,0.00035099999513477087,0.0002809999859891832,0.00030300000798888505
2020-06-16,0.0003009999927598983,0.00030300000798888505,0.0002809999859891832,0.00029799999902024865
2020-06-17,0.00029799999902024865,0.0003020000003743917,0.0002209999947808683,0.00022499999613501132
2020-06-18,0.00022499999613501132,0.00030300000798888505,0.0002209999947808683,0.00029399999766610563
2020-06-19,0.000291000003926456,0.00030300000798888505,0.00022000000171829015,0.00022200000239536166
2020-06-20,0.00022000000171829015,0.00030300000798888505,0.00022000000171829015,0.000299000006634742
2020-06-21,0.0002849999873433262,0.0003800000122282654,0.0002209999947808683,0.00030399998649954796
2020-06-22,0.00028700000257231295,0.00037799999699927866,0.00019999999494757503,0.00021699999342672527
2020-06-23,0.00023700000019744039,0.00037799999699927866,0.0002119999990100041,0.00021699999342672527
2020-06-24,0.00021699999342672527,0.00037299998803064227,0.00021600000036414713,0.0003129999968223274
2020-06-25,0.00030700000934302807,0.00033400001120753586,0.00021100000594742596,0.00028700000257231295
2020-06-26,0.000291000003926456,0.00037299998803064227,0.0002119999990100041,0.00031900001340545714
2020-06-27,0.0003220000071451068,0.00037299998803064227,0.00021300000662449747,0.0002229999954579398
2020-06-28,0.0002229999954579398,0.0003370000049471855,0.00021300000662449747,0.0002410000015515834
2020-06-29,0.0002519999979995191,0.0003370000049471855,0.00021300000662449747,0.0002519999979995191
2020-06-30,0.00025400001322850585,0.0003349999897181988,0.00021800000104121864,0.0003100000030826777
2020-07-01,0.00030499999411404133,0.0003330000035930425,0.00022699999681208283,0.00031800000579096377
2020-07-02,0.000311999989207834,0.00033400001120753586,0.00022899999748915434,0.0002570000069681555
2020-07-03,0.00025499999173916876,0.00033400001120753586,0.0002229999954579398,0.0002570000069681555
2020-07-04,0.0002699999895412475,0.0003319999959785491,0.00022200000239536166,0.0002610000083222985
2020-07-05,0.00026199998683296144,0.0003319999959785491,0.00023999999393709004,0.000307999987853691
2020-07-06,0.000307999987853691,0.0003319999959785491,0.00025599999935366213,0.00030700000934302807
2020-07-07,0.00030300000798888505,0.00033099998836405575,0.0002209999947808683,0.0002690000110305846
2020-07-08,0.0002690000110305846,0.0003220000071451068,0.0002229999954579398,0.00027600000612437725
2020-07-09,0.0002749999985098839,0.00031900001340545714,0.00023200000578071922,0.0003020000003743917
2020-07-10,0.0003020000003743917,0.0003020000003743917,0.0003020000003743917,0.0003020000003743917
2020-07-11,0.0003020000003743917,0.00031999999191612005,0.0003009999927598983,0.0003020000003743917
2020-07-12,0.00030300000798888505,0.00031999999191612005,0.0003009999927598983,0.000307999987853691
2020-07-13,0.000307999987853691,0.00031900001340545714,0.0003000000142492354,0.000307999987853691
2020-07-14,0.000307999987853691,0.00031999999191612005,0.0003009999927598983,0.00031900001340545714
2020-07-15,0.0003169999981764704,0.00031900001340545714,0.0002479999966453761,0.0002899999963119626
2020-07-16,0.000291000003926456,0.00031800000579096377,0.00023099999816622585,0.00030700000934302807
2020-07-17,0.00030499999411404133,0.0013770000077784061,0.00023700000019744039,0.00029799999902024865
2020-07-18,0.00029799999902024865,0.0018090000376105309,0.00021600000036414713,0.0002680000034160912
2020-07-19,0.00026699999580159783,0.0009219999774359167,0.00021600000036414713,0.00024300000222865492
2020-07-20,0.00024300000222865492,0.00039599998854100704,0.00022000000171829015,0.00025400001322850585
2020-07-21,0.00025400001322850585,0.0004670000053010881,0.00022600000374950469,0.00023700000019744039
2020-07-22,0.00023700000019744039,0.00043200000072829425,0.00023200000578071922,0.00031400000443682075
2020-07-23,0.00031400000443682075,0.00036199999158270657,0.0002300000051036477,0.00033999999868683517
2020-07-24,0.00033999999868683517,0.00045900000259280205,0.00022899999748915434,0.00032500000088475645
2020-07-25,0.0003380000125616789,0.0003490000090096146,0.00022899999748915434,0.00029200001154094934
2020-07-26,0.00029200001154094934,0.0003490000090096146,0.0002280000044265762,0.0002640000020619482
2020-07-27,0.0002640000020619482,0.0007989999721758068,0.00022899999748915434,0.0002770000137388706
2020-07-28,0.00027799999224953353,0.00040499999886378646,0.00022899999748915434,0.0002690000110305846
2020-07-29,0.0002840000088326633,0.0003980000037699938,0.00022899999748915434,0.0003239999932702631
2020-07-30,0.0003239999932702631,0.0004149999876972288,0.00023600000713486224,0.00026500000967644155
2020-07-31,0.00026500000967644155,0.00046800001291558146,0.0002469999890308827,0.0002809999859891832
2020-08-01,0.0002809999859891832,0.00041000000783242285,0.00023499999952036887,0.0003239999932702631
2020-08-02,0.0003000000142492354,0.00036199999158270657,0.00023499999952036887,0.00033400001120753586
2020-08-03,0.00033099998836405575,0.00034699999378062785,0.00023600000713486224,0.0003319999959785491
2020-08-04,0.00033599999733269215,0.0004149999876972288,0.0002300000051036477,0.0002390000008745119
2020-08-05,0.00025099999038502574,0.0003429999924264848,0.0002300000051036477,0.00026699999580159783
2020-08-06,0.00026699999580159783,0.0003440000000409782,0.0002300000051036477,0.0003169999981764704
2020-08-07,0.00033000000985339284,0.0003370000049471855,0.0002300000051036477,0.00031900001340545714
2020-08-08,0.0003150000120513141,0.00040099999750964344,0.00023099999816622585,0.0002500000118743628
2020-08-09,0.00025599999935366213,0.000455000001238659,0.00019700000120792538,0.00021499999274965376
2020-08-10,0.00021100000594742596,0.0008900000248104334,0.00020700000459328294,0.0002500000118743628
2020-08-11,0.00024900000425986946,0.00034699999378062785,0.00020700000459328294,0.00025099999038502574
2020-08-12,0.00025599999935366213,0.0005670000100508332,0.00020599999697878957,0.0002410000015515834
2020-08-13,0.0002410000015515834,0.0007849999819882214,0.00020700000459328294,0.00025099999038502574
2020-08-14,0.00025400001322850585,0.00030300000798888505,0.00020700000459328294,0.000295000005280599
2020-08-15,0.000295000005280599,0.000295000005280599,0.00020700000459328294,0.00023200000578071922
2020-08-16,0.00023200000578071922,0.0010110000148415565,0.00023200000578071922,0.0010110000148415565
2020-08-17,0.0010110000148415565,0.0010140000376850367,0.0010110000148415565,0.0010130000300705433
2020-08-18,0.0010130000300705433,0.00101500004529953,0.00020799999765586108,0.0002469999890308827
2020-08-19,0.00023600000713486224,0.00029299999005161226,0.00020599999697878957,0.0002530000056140125
2020-08-20,0.0002530000056140125,0.000291000003926456,0.00020599999697878957,0.0002469999890308827
2020-08-21,0.00023999999393709004,0.0002859999949578196,0.00020599999697878957,0.0002229999954579398
2020-08-22,0.00021800000104121864,0.000291000003926456,0.00020700000459328294,0.000291000003926456
2020-08-23,0.0002849999873433262,0.00029299999005161226,0.00022200000239536166,0.00024399999529123306
2020-08-24,0.0002469999890308827,0.00029299999005161226,0.0002229999954579398,0.0002789999998640269
2020-08-25,0.00028700000257231295,0.000291000003926456,0.0002229999954579398,0.00023499999952036887
2020-08-26,0.00022899999748915434,0.00029200001154094934,0.00022400000307243317,0.00024199999461416155
2020-08-27,0.00024399999529123306,0.00029200001154094934,0.00022400000307243317,0.000291000003926456
2020-08-28,0.000291000003926456,0.000291000003926456,0.00022400000307243317,0.00023700000019744039
2020-08-29,0.00023200000578071922,0.0002610000083222985,0.00022400000307243317,0.00023700000019744039
2020-08-30,0.00023799999326001853,0.00024500000290572643,0.00023600000713486224,0.0002410000015515834
2020-08-31,0.0002410000015515834,0.00024500000290572643,0.00023600000713486224,0.00023799999326001853
2020-09-01,0.00023799999326001853,0.00029200001154094934,0.00023499999952036887,0.00028199999360367656
2020-09-02,0.0002579999854788184,0.00029200001154094934,0.00023600000713486224,0.0002770000137388706
2020-09-03,0.00027600000612437725,0.00029200001154094934,0.0002500000118743628,0.00027799999224953353
2020-09-04,0.0002770000137388706,0.00029299999005161226,0.00022400000307243317,0.00028700000257231295
2020-09-05,0.000291000003926456,0.000291000003926456,0.00022400000307243317,0.00024500000290572643
2020-09-06,0.00024500000290572643,0.00028899998869746923,0.00022699999681208283,0.0002410000015515834
2020-09-07,0.00022899999748915434,0.00028700000257231295,0.00022699999681208283,0.00025599999935366213
2020-09-08,0.0002589999930933118,0.00028700000257231295,0.00022699999681208283,0.0002859999949578196
2020-09-09,0.0002859999949578196,0.00028700000257231295,0.0002300000051036477,0.00025599999935366213
2020-09-10,0.00025599999935366213,0.0003000000142492354,0.0002300000051036477,0.00028300000121816993
2020-09-11,0.00028300000121816993,0.00028700000257231295,0.00023200000578071922,0.00025499999173916876
2020-09-12,0.00024300000222865492,0.00027099999715574086,0.00023200000578071922,0.00026199998683296144
2020-09-13,0.00026500000967644155,0.0002880000101868063,0.00023099999816622585,0.00027099999715574086
2020-09-14,0.00028300000121816993,0.0002880000101868063,0.00022899999748915434,0.00026699999580159783
2020-09-15,0.00026699999580159783,0.00029299999005161226,0.0002300000051036477,0.0002519999979995191
2020-09-16,0.00023999999393709004,0.0010239999974146485,0.0002300000051036477,0.0010229999898001552
2020-09-17,0.0010229999898001552,0.0025579999200999737,0.0010189999593421817,0.002555999904870987
2020-09-18,0.002555999904870987,0.002570000011473894,0.0007210000185295939,0.0007210000185295939
2020-09-19,0.0007210000185295939,0.0007210000185295939,0.0007210000185295939,0.0007210000185295939
2020-09-20,0.0007210000185295939,0.0007210000185295939,0.0007210000185295939,0.0007210000185295939
2020-09-21,0.0007210000185295939,0.0007259999983943999,0.0007159999804571271,0.0007179999956861138
2020-09-22,0.0007179999956861138,0.0007650000043213367,0.0006680000224150717,0.0007650000043213367
2020-09-23,0.0007730000070296228,0.000838999985717237,0.0007159999804571271,0.0007329999934881926
2020-09-24,0.0007329999934881926,0.0007389999809674919,0.0003929999948013574,0.0005089999758638442
2020-09-25,0.0005089999758638442,0.0005099999834783375,0.00039599998854100704,0.00039599998854100704
2020-09-26,0.00039599998854100704,0.00039900001138448715,0.00031800000579096377,0.00031900001340545714
2020-09-27,0.00031900001340545714,0.00031999999191612005,0.000291000003926456,0.00029200001154094934
2020-09-28,0.00029200001154094934,0.0004140000091865659,0.00029200001154094934,0.0004070000140927732
2020-09-29,0.0004070000140927732,0.0004130000015720725,0.00040499999886378646,0.00041199999395757914
2020-09-30,0.00041199999395757914,0.00041700000292621553,0.00023600000713486224,0.0004149999876972288
2020-10-01,0.0004149999876972288,0.00042100000428035855,0.0003009999927598983,0.00030399998649954796
2020-10-02,0.00030399998649954796,0.00030499999411404133,0.00029799999902024865,0.0003020000003743917
2020-10-03,0.0003020000003743917,0.00036899998667649925,0.0003009999927598983,0.00036800000816583633
2020-10-04,0.00036800000816583633,0.00037900000461377203,0.00029600001289509237,0.00029799999902024865
2020-10-05,0.00029799999902024865,0.0003020000003743917,0.0002969999914057553,0.0003020000003743917
2020-10-06,0.0003020000003743917,0.00033599999733269215,0.00029799999902024865,0.00032900000223889947
2020-10-07,0.00032900000223889947,0.00033000000985339284,0.0001250000059371814,0.00012799999967683107
2020-10-08,0.00012799999967683107,0.00013099999341648072,0.00012700000661425292,0.00013099999341648072
2020-10-09,0.00013099999341648072,0.00013299999409355223,0.00013000000035390258,0.00013299999409355223
2020-10-10,0.00013299999409355223,0.00013699999544769526,0.00013299999409355223,0.00013600000238511711
2020-10-11,0.00013600000238511711,0.00045399999362416565,0.00013499999477062374,0.0003260000084992498
2020-10-12,0.0003260000084992498,0.0003349999897181988,0.0003220000071451068,0.00033099998836405575
2020-10-13,0.00033099998836405575,0.00033099998836405575,0.0003239999932702631,0.00032699998700991273
2020-10-14,0.00032699998700991273,0.00040499999886378646,0.0003260000084992498,0.00040099999750964344
2020-10-15,0.00040099999750964344,0.00040600000647827983,0.00039599998854100704,0.0004030000127386302
2020-10-16,0.0004030000127386302,0.00040499999886378646,0.0003929999948013574,0.0003969999961555004
2020-10-17,0.0003969999961555004,0.00039900001138448715,0.00039599998854100704,0.0003980000037699938
2020-10-18,0.0003980000037699938,0.0004030000127386302,0.0003980000037699938,0.0004030000127386302
2020-10-19,0.0004030000127386302,0.0004140000091865659,0.00039999998989515007,0.00041199999395757914
2020-10-20,0.00041199999395757914,0.00042100000428035855,0.00041000000783242285,0.0004180000105407089
2020-10-21,0.0004180000105407089,0.0004309999931138009,0.00022699999681208283,0.00024900000425986946
2020-10-22,0.00024900000425986946,0.0004360000020824373,0.00024900000425986946,0.0004299999854993075
2020-10-23,0.0004299999854993075,0.0004309999931138009,0.0004220000118948519,0.00042799999937415123
2020-10-24,0.00042799999937415123,0.0004360000020824373,0.00042699999175965786,0.0004349999944679439
2020-10-25,0.00043399998685345054,0.0004419999895617366,0.00042799999937415123,0.00043200000072829425
2020-10-26,0.00043200000072829425,0.00043799998820759356,0.0004250000056345016,0.0004330000083427876
2020-10-27,0.0004330000083427876,0.0004560000088531524,0.0004330000083427876,0.00045200000749900937
2020-10-28,0.00045200000749900937,0.00045900000259280205,0.00042799999937415123,0.0004400000034365803
2020-10-29,0.0004400000034365803,0.000450999999884516,0.0004299999854993075,0.0004450000124052167
2020-10-30,0.0004450000124052167,0.000450999999884516,0.00024199999461416155,0.0002479999966453761
2020-10-31,0.0002469999890308827,0.00025499999173916876,0.0002460000105202198,0.00025099999038502574
2020-11-01,0.00025099999038502574,0.0002530000056140125,0.00023700000019744039,0.00023799999326001853
2020-11-02,0.0002390000008745119,0.00023999999393709004,0.00023099999816622585,0.00023600000713486224
2020-11-03,0.00023600000713486224,0.00024300000222865492,0.00023200000578071922,0.00024199999461416155
2020-11-04,0.00024199999461416155,0.0002469999890308827,0.00010599999950500205,0.00010599999950500205
2020-11-05,0.00010599999950500205,0.0002570000069681555,0.00010599999950500205,0.00025400001322850585
2020-11-06,0.00025499999173916876,0.00026000000070780516,0.0002500000118743628,0.00025499999173916876
2020-11-07,0.00025499999173916876,0.00026699999580159783,0.00018400000408291817,0.00025599999935366213
2020-11-08,0.00025499999173916876,0.00025499999173916876,0.00023299999884329736,0.00024300000222865492
2020-11-09,0.00024300000222865492,0.0002469999890308827,0.00012399999832268804,0.00012399999832268804
2020-11-10,0.00012399999832268804,0.0001250000059371814,0.0001230000052601099,0.00012399999832268804
2020-11-11,0.00012399999832268804,0.00012700000661425292,0.00012399999832268804,0.00012599999899975955
2020-11-12,0.00012599999899975955,0.00012799999967683107,0.0001250000059371814,0.00012799999967683107
2020-11-13,0.00012799999967683107,0.00013099999341648072,0.00012700000661425292,0.00013000000035390258
2020-11-14,0.00013099999341648072,0.00024199999461416155,0.00012599999899975955,0.0002410000015515834
2020-11-15,0.0002410000015515834,0.00024199999461416155,0.00023700000019744039,0.0002390000008745119
2020-11-16,0.0002390000008745119,0.0002519999979995191,0.00023799999326001853,0.00025099999038502574
2020-11-17,0.0002500000118743628,0.00026699999580159783,0.0002479999966453761,0.00026500000967644155
2020-11-18,0.00026500000967644155,0.00027600000612437725,0.000155999994603917,0.00015999999595806003
2020-11-19,0.00015999999595806003,0.0001630000042496249,0.00014200000441633165,0.0001429999974789098
2020-11-20,0.0001429999974789098,0.0001500000071246177,0.00014200000441633165,0.00014899999951012433
2020-11-21,0.00014899999951012433,0.00015100000018719584,0.00014800000644754618,0.00014899999951012433
2020-11-22,0.00014899999951012433,0.0001500000071246177,0.00014099999680183828,0.00014699999883305281
2020-11-23,0.00014699999883305281,0.0001500000071246177,0.00014400000509340316,0.00014699999883305281
2020-11-24,0.00014699999883305281,0.0001740000006975606,0.0001449999981559813,0.0001720000000204891
2020-11-25,0.0001720000000204891,0.00017499999376013875,0.00016700000560376793,0.00016900000628083944
2020-11-26,0.00016900000628083944,0.00016999999934341758,0.00014699999883305281,0.0001539999939268455
2020-11-27,0.0001539999939268455,0.00015700000221841037,0.00014899999951012433,0.0001539999939268455
2020-11-28,0.0001539999939268455,0.00017899999511428177,0.00015199999324977398,0.00017699999443721026
2020-11-29,0.00017699999443721026,0.0001829999964684248,0.00017600000137463212,0.00018200000340584666
2020-11-30,0.00018200000340584666,0.00019700000120792538,0.00018200000340584666,0.000195999993593432
2020-12-01,0.000195999993593432,0.00019799999427050352,0.0001829999964684248,0.0001880000054370612
2020-12-02,0.0001880000054370612,0.00019299999985378236,0.0001829999964684248,0.00019200000679120421
2020-12-03,0.00019200000679120421,0.0001939999929163605,0.0001539999939268455,0.00015500000154133886
2020-12-04,0.00015500000154133886,0.000155999994603917,0.00015300000086426735,0.00015300000086426735
2020-12-05,0.00015300000086426735,0.00015500000154133886,0.00015199999324977398,0.0001539999939268455
2020-12-06,0.0001539999939268455,0.00015500000154133886,0.00015300000086426735,0.00015500000154133886
2020-12-07,0.00015500000154133886,0.000155999994603917,0.0001539999939268455,0.00015500000154133886
2020-12-08,0.00015500000154133886,0.00015500000154133886,8.299999899463728e-05,9.999999747378752e-05
2020-12-09,9.999999747378752e-05,0.00018600000475998968,7.300000288523734e-05,0.00018600000475998968
2020-12-10,0.00018600000475998968,0.00018600000475998968,0.00018000000272877514,0.0001829999964684248
2020-12-11,0.0001829999964684248,0.0001829999964684248,0.00017600000137463212,0.00018099999579135329
2020-12-12,0.00018099999579135329,0.0001880000054370612,0.00016900000628083944,0.00016900000628083944
2020-12-13,0.00016900000628083944,0.0001740000006975606,0.00016900000628083944,0.0001720000000204891
2020-12-14,0.0001720000000204891,0.0001740000006975606,0.00017100000695791095,0.00017299999308306724
2020-12-15,0.00017299999308306724,0.00017600000137463212,0.0001720000000204891,0.00017499999376013875
2020-12-16,0.00017499999376013875,0.00017699999443721026,9.7999996796716e-05,0.00010699999984353781
2020-12-17,0.00010699999984353781,0.00011800000356743112,0.00010599999950500205,0.0001140000022132881
2020-12-18,0.0001140000022132881,0.00011600000289035961,0.00011200000153621659,0.00011600000289035961
2020-12-19,0.00011600000289035961,0.00011999999696854502,0.0001140000022132881,0.00011899999663000926
2020-12-20,0.00011899999663000926,0.00012099999730708078,0.00011600000289035961,0.00011800000356743112
2020-12-21,0.00011700000322889537,0.00011999999696854502,0.00011100000119768083,0.0001140000022132881
2020-12-22,0.0001140000022132881,0.00011899999663000926,0.00011200000153621659,0.00011899999663000926
2020-12-23,0.00011899999663000926,0.00011999999696854502,0.0001140000022132881,0.00011600000289035961
2020-12-24,0.00011600000289035961,0.00011899999663000926,0.0001140000022132881,0.00011899999663000926
2020-12-25,0.00011899999663000926,0.00012399999832268804,0.00011700000322889537,0.0001230000052601099
2020-12-26,0.0001230000052601099,0.0001340000017080456,0.0001230000052601099,0.0001320000010309741
2020-12-27,0.0001320000010309741,0.00014099999680183828,0.00013000000035390258,0.0001320000010309741
2020-12-28,0.00013099999341648072,0.00013699999544769526,7.999999797903001e-05,8.099999831756577e-05
2020-12-29,8.099999831756577e-05,8.199999865610152e-05,7.79999973019585e-05,8.199999865610152e-05
2020-12-30,8.199999865610152e-05,0.00012199999764561653,8.199999865610152e-05,8.70000003487803e-05
2020-12-31,8.70000003487803e-05,8.800000068731606e-05,8.499999967170879e-05,8.70000003487803e-05
2021-01-01,8.70000003487803e-05,8.900000102585182e-05,8.600000001024455e-05,8.800000068731606e-05
2021-01-02,8.800000068731606e-05,0.00029799999902024865,8.70000003487803e-05,0.00028899998869746923
2021-01-03,0.00028899998869746923,0.0003110000106971711,0.0002880000101868063,0.000295000005280599
2021-01-04,0.000295000005280599,0.0003009999927598983,0.0002589999930933118,0.0002880000101868063
2021-01-05,0.0002880000101868063,0.0003100000030826777,0.00027200000477023423,0.0003060000017285347
2021-01-06,0.0003060000017285347,0.00032699998700991273,0.00010299999848939478,0.00011100000119768083
2021-01-07,0.00011000000085914508,0.00011899999663000926,0.00011000000085914508,0.00011800000356743112
2021-01-08,0.00011800000356743112,0.00012599999899975955,0.00011100000119768083,0.00012199999764561653
2021-01-09,0.00012199999764561653,0.0003279999946244061,0.00011700000322889537,0.0003220000071451068
2021-01-10,0.0003220000071451068,0.0003699999942909926,0.0003220000071451068,0.00034500000765547156
2021-01-11,0.00034500000765547156,0.00035600000410340726,0.0002749999985098839,0.00035600000410340726
2021-01-12,0.0003549999964889139,0.0003659999929368496,0.00032699998700991273,0.0003389999910723418
2021-01-13,0.0003389999910723418,0.00035200000274926424,0.0001720000000204891,0.00018699999782256782
2021-01-14,0.00018600000475998968,0.00019999999494757503,0.00018400000408291817,0.000195999993593432
2021-01-15,0.000195999993593432,0.00019799999427050352,0.00017299999308306724,0.00018400000408291817
2021-01-16,0.00018400000408291817,0.00018899999849963933,0.00017800000205170363,0.00018099999579135329
2021-01-17,0.00018099999579135329,0.00018400000408291817,0.00016999999934341758,0.00017899999511428177
2021-01-18,0.00017899999511428177,0.00018699999782256782,0.0001740000006975606,0.00018400000408291817
2021-01-19,0.0001829999964684248,0.00018899999849963933,0.00018099999579135329,0.00018099999579135329
2021-01-20,0.00018000000272877514,0.00018200000340584666,0.00016799999866634607,0.00017800000205170363
2021-01-21,0.00017800000205170363,0.0003229999856557697,0.000155999994603917,0.00030899999546818435
2021-01-22,0.000307999987853691,0.0003380000125616789,0.0002899999963119626,0.00033000000985339284
2021-01-23,0.00033000000985339284,0.00033400001120753586,0.0003150000120513141,0.0003209999995306134
2021-01-24,0.0003209999995306134,0.00032900000223889947,0.0003110000106971711,0.0003229999856557697
2021-01-25,0.0003229999856557697,0.0003480000013951212,0.0003209999995306134,0.0003239999932702631
2021-01-26,0.0003239999932702631,0.0003279999946244061,0.0003100000030826777,0.0003260000084992498
2021-01-27,0.0003260000084992498,0.0003480000013951212,0.00029399999766610563,0.00033400001120753586
2021-01-28,0.0003349999897181988,0.00037200000951997936,0.00033000000985339284,0.00036800000816583633
2021-01-29,0.00036800000816583633,0.0004220000118948519,0.0003530000103637576,0.0003769999893847853
2021-01-30,0.00037799999699927866,0.00038300000596791506,0.00036199999158270657,0.0003769999893847853
2021-01-31,0.0003769999893847853,0.0003769999893847853,0.0003549999964889139,0.0003650000144261867
2021-02-01,0.0003640000068116933,0.0003809999907389283,0.0002010000025620684,0.0002010000025620684
2021-02-02,0.0002010000025620684,0.00021499999274965376,0.0002010000025620684,0.00021300000662449747
2021-02-03,0.00021300000662449747,0.0004870000120718032,0.00021300000662449747,0.0004870000120718032
2021-02-04,0.0004870000120718032,0.0005019999807700515,0.00025400001322850585,0.0002589999930933118
2021-02-05,0.0002579999854788184,0.0002680000034160912,0.0002570000069681555,0.00026599998818710446
2021-02-06,0.00026699999580159783,0.0004839999892283231,0.00026699999580159783,0.0004710000066552311
2021-02-07,0.0004710000066552311,0.00047500000800937414,0.0004490000137593597,0.0004670000053010881
2021-02-08,0.0004670000053010881,0.0005540000274777412,0.0004569999873638153,0.0005540000274777412
2021-02-09,0.0005540000274777412,0.0005760000203736126,0.00031599999056197703,0.00032500000088475645
2021-02-10,0.00032500000088475645,0.00033000000985339284,0.0002229999954579398,0.00022400000307243317
2021-02-11,0.00022499999613501132,0.00024199999461416155,0.0002209999947808683,0.0002390000008745119
2021-02-12,0.0002390000008745119,0.00024399999529123306,0.00023200000578071922,0.00023799999326001853
2021-02-13,0.00023799999326001853,0.00023999999393709004,0.00023200000578071922,0.00023499999952036887
2021-02-14,0.00023600000713486224,0.0002460000105202198,0.00019299999985378236,0.00019500000053085387
2021-02-15,0.00019500000053085387,0.000195999993593432,0.0001849999971454963,0.00019200000679120421
2021-02-16,0.00019200000679120421,0.0002010000025620684,0.00018899999849963933,0.00019700000120792538
2021-02-17,0.00019700000120792538,0.0002099999983329326,0.000195999993593432,0.00020900000527035445
2021-02-18,0.00020900000527035445,0.0002099999983329326,0.00020399999630171806,0.00020700000459328294
2021-02-19,0.00020700000459328294,0.00022400000307243317,0.00020399999630171806,0.00022400000307243317
2021-02-20,0.00022400000307243317,0.00022600000374950469,0.00010900000052060932,0.00011200000153621659
2021-02-21,0.00011200000153621659,0.00011700000322889537,0.00011100000119768083,0.00011500000255182385
2021-02-22,0.00011500000255182385,0.0005419999943114817,0.00011200000153621659,0.00021699999342672527
2021-02-23,0.00021699999342672527,0.00021699999342672527,0.00018099999579135329,0.00019500000053085387
2021-02-24,0.00019500000053085387,0.0002460000105202198,0.0001449999981559813,0.00014899999951012433
2021-02-25,0.00014899999951012433,0.000155999994603917,0.00014099999680183828,0.00014099999680183828
2021-02-26,0.00014099999680183828,0.0001449999981559813,0.00013299999409355223,0.00013899999612476677
2021-02-27,0.00013899999612476677,0.0001449999981559813,0.00013600000238511711,0.00013899999612476677
2021-02-28,0.00013899999612476677,0.00018400000408291817,0.00013000000035390258,0.00018099999579135329
2021-03-01,0.00018099999579135329,0.0001990000018849969,0.00018000000272877514,0.0001990000018849969
2021-03-02,0.0001990000018849969,0.0002010000025620684,0.00014600000577047467,0.0001939999929163605
2021-03-03,0.0001939999929163605,0.0002099999983329326,0.00019299999985378236,0.00020199999562464654
2021-03-04,0.00020199999562464654,0.00020700000459328294,0.00019099999917671084,0.0001939999929163605
2021-03-05,0.0001939999929163605,0.00019799999427050352,0.00018600000475998968,0.000195999993593432
2021-03-06,0.000195999993593432,0.00019700000120792538,0.00018899999849963933,0.000195999993593432
2021-03-07,0.000195999993593432,0.00020599999697878957,0.000195999993593432,0.00020500000391621143
2021-03-08,0.00020500000391621143,0.00020900000527035445,0.00019799999427050352,0.00020900000527035445
2021-03-09,0.00020900000527035445,0.00021899999410379678,0.00020799999765586108,0.00021899999410379678
2021-03-10,0.00021899999410379678,0.00022899999748915434,0.00021300000662449747,0.00022400000307243317
2021-03-11,0.00022400000307243317,0.00023200000578071922,0.00021800000104121864,0.00023099999816622585
2021-03-12,0.00023099999816622585,0.00023200000578071922,0.00022200000239536166,0.00022899999748915434
2021-03-13,0.00022899999748915434,0.0003020000003743917,0.00022699999681208283,0.00024500000290572643
2021-03-14,0.00024500000290572643,0.0004959999932907522,0.0002390000008745119,0.00047500000800937414
2021-03-15,0.00047400000039488077,0.0005699999746866524,0.00044299999717622995,0.0005590000073425472
2021-03-16,0.0005590000073425472,0.0005629999795928597,0.00027600000612437725,0.0002840000088326633
2021-03-17,0.0002840000088326633,0.000295000005280599,0.0002730000123847276,0.00029399999766610563
2021-03-18,0.000295000005280599,0.0003009999927598983,0.00027200000477023423,0.0002899999963119626
2021-03-19,0.0002899999963119626,0.0005360000068321824,0.00028300000121816993,0.0005249999812804163
2021-03-20,0.0005249999812804163,0.0005319999763742089,0.00035099999513477087,0.00035099999513477087
2021-03-21,0.0003499999875202775,0.0006949999951757491,0.0002809999859891832,0.0006900000153109431
2021-03-22,0.0006900000153109431,0.0024049999192357063,0.00043399998685345054,0.0006000000284984708
2021-03-23,0.0006000000284984708,0.0014299999456852674,0.0004349999944679439,0.00043799998820759356
2021-03-24,0.00043799998820759356,0.0006290000164881349,0.0004309999931138009,0.0005840000230818987
2021-03-25,0.0005840000230818987,0.0011630000080913305,0.0005629999795928597,0.00113800005055964
2021-03-26,0.00113800005055964,0.001247999956831336,0.0007089999853633344,0.0007169999880716205
2021-03-27,0.0007169999880716205,0.0013010000111535192,0.0006580000044777989,0.0012880000285804272
2021-03-28,0.0012870000209659338,0.0013020000187680125,0.0012669999850913882,0.0012870000209659338
2021-03-29,0.0012870000209659338,0.0013180000241845846,0.0006300000241026282,0.001155999954789877
2021-03-30,0.001155999954789877,0.0011859999503940344,0.000691999972332269,0.0011790000135079026
2021-03-31,0.0011790000135079026,0.001184999942779541,0.0007510000141337514,0.0008299999753944576
2021-04-01,0.0008299999753944576,0.0012519999872893095,0.0008210000232793391,0.0011239999439567327
2021-04-02,0.0011239999439567327,0.001370999962091446,0.0011190000222995877,0.001366000040434301
2021-04-03,0.001366000040434301,0.0013830000534653664,0.0008660000166855752,0.0008660000166855752
2021-04-04,0.0008660000166855752,0.00228299992159009,0.0008590000215917826,0.0010580000234767795
2021-04-05,0.0010580000234767795,0.0010600000387057662,0.000965000013820827,0.0010239999974146485
2021-04-06,0.0010260000126436353,0.001120000029914081,0.0009820000268518925,0.0011099999537691474
2021-04-07,0.0011099999537691474,0.001677999971434474,0.0011020000092685223,0.001462999964132905
2021-04-08,0.0014600000577047467,0.0019829999655485153,0.0013020000187680125,0.0019829999655485153
2021-04-09,0.0019829999655485153,0.0021440000273287296,0.0019650000613182783,0.0021359999664127827
2021-04-10,0.0021359999664127827,0.0021389999892562628,0.0015829999465495348,0.002113000024110079
2021-04-11,0.002113000024110079,0.0021879998967051506,0.0008239999879151583,0.00108299998100847
2021-04-12,0.00108299998100847,0.0018390000332146883,0.0010740000288933516,0.00133500003721565
2021-04-13,0.00133500003721565,0.001370999962091446,0.00107999995816499,0.0011370000429451466
2021-04-14,0.0011360000353306532,0.0017099999822676182,0.0006339999963529408,0.0006489999941550195
2021-04-15,0.0006489999941550195,0.0015350000467151403,0.0001939999929163605,0.001307999948039651
2021-04-16,0.0013089999556541443,0.0015219999477267265,0.0012519999872893095,0.001272000023163855
2021-04-17,0.0012700000079348683,0.00165200000628829,0.0012570000253617764,0.0012570000253617764
2021-04-18,0.001256000017747283,0.0012629999546334147,0.0006910000229254365,0.0006980000180192292
2021-04-19,0.0006980000180192292,0.0013830000534653664,0.0006929999799467623,0.001361000002361834
2021-04-20,0.001361000002361834,0.0013760000001639128,0.0013340000296011567,0.0013689999468624592
2021-04-21,0.0013689999468624592,0.0016840000171214342,0.0013409999664872885,0.0016710000345483422
2021-04-22,0.0016710000345483422,0.0016769999638199806,0.0008970000199042261,0.0009030000073835254
2021-04-23,0.0009030000073835254,0.0009059999720193446,0.00036100001307204366,0.0005530000198632479
2021-04-24,0.0005530000198632479,0.001095999963581562,0.0005280000041238964,0.0005949999904260039
2021-04-25,0.0005949999904260039,0.0006000000284984708,0.0005600000149570405,0.000582000007852912
2021-04-26,0.000582000007852912,0.001075000036507845,0.0005799999926239252,0.0010689999908208847
2021-04-27,0.0010689999908208847,0.001193000003695488,0.0010420000180602074,0.0011810000287368894
2021-04-28,0.0011820000363513827,0.001196000026538968,0.0011099999537691474,0.0011249999515712261
2021-04-29,0.0011249999515712261,0.0011309999972581863,0.0008750000270083547,0.0008929999894462526
2021-04-30,0.0008929999894462526,0.0014809999847784638,0.0007399999885819852,0.0014779999619349837
2021-05-01,0.0014779999619349837,0.0014949999749660492,0.0007929999846965075,0.0008040000102482736
2021-05-02,0.0008040000102482736,0.000805000017862767,0.0006000000284984708,0.0006130000110715628
2021-05-03,0.0006130000110715628,0.0006399999838322401,0.0006130000110715628,0.0006200000061653554
2021-05-04,0.0006210000137798488,0.0006210000137798488,0.0005840000230818987,0.0005849999724887311
2021-05-05,0.0005849999724887311,0.0012659999774768949,0.0005810000002384186,0.001259000040590763
2021-05-06,0.0012580000329762697,0.0012610000558197498,0.001104000024497509,0.0011230000527575612
2021-05-07,0.0011239999439567327,0.0011370000429451466,0.0007280000136233866,0.000742000003810972
2021-05-08,0.000742000003810972,0.0007699999841861427,0.000737000023946166,0.0007609999738633633
2021-05-09,0.0007609999738633633,0.0007949999999254942,0.0007309999782592058,0.0007910000276751816
2021-05-10,0.0007919999770820141,0.00133500003721565,0.0007800000021234155,0.0012700000079348683
2021-05-11,0.0012710000155493617,0.0013599999947473407,0.0007689999765716493,0.000770999991800636
2021-05-12,0.000770999991800636,0.0010989999864250422,0.0006440000142902136,0.0009710000013001263
2021-05-13,0.000957000011112541,0.0010029999539256096,0.00035600000410340726,0.0008159999852068722
2021-05-14,0.0008159999852068722,0.0008670000243000686,0.000805000017862767,0.0008570000063627958
2021-05-15,0.0008570000063627958,0.0009009999921545386,0.0005520000122487545,0.0005559999844990671
2021-05-16,0.0005559999844990671,0.000830999983008951,0.0005000000237487257,0.0005000000237487257
2021-05-17,0.0005000000237487257,0.0009609999833628535,0.0004920000210404396,0.0009500000160187483
2021-05-18,0.0009529999806545675,0.00108299998100847,0.0009469999931752682,0.0010590000310912728
2021-05-19,0.001057000015862286,0.0010720000136643648,0.0005779999773949385,0.0005939999828115106
2021-05-20,0.0005929999751970172,0.0008500000112690032,0.0005830000154674053,0.0008500000112690032
2021-05-21,0.0008490000036545098,0.0018060000147670507,0.0008490000036545098,0.0012359999818727374
2021-05-22,0.0012359999818727374,0.0018649999983608723,0.0012329999590292573,0.0018649999983608723
2021-05-23,0.0018649999983608723,0.0019330000504851341,0.0011780000058934093,0.0011790000135079026
2021-05-24,0.0011790000135079026,0.00203399988822639,0.0011699999449774623,0.00203399988822639
2021-05-25,0.00203399988822639,0.002041999949142337,0.0016740000573918223,0.0016740000573918223
2021-05-26,0.0016740000573918223,0.0016830000095069408,0.0014479999663308263,0.0015770000172778964
2021-05-27,0.0015770000172778964,0.0015770000172778964,0.0013620000099763274,0.0013650000328198075
2021-05-28,0.0013650000328198075,0.001905999961309135,0.0013650000328198075,0.0016469999682158232
2021-05-29,0.0016469999682158232,0.0016570000443607569,0.0014100000262260437,0.0014830000000074506
2021-05-30,0.0014830000000074506,0.0014900000533089042,0.001474000047892332,0.0014769999543204904
2021-05-31,0.0014769999543204904,0.0014909999445080757,0.0014730000402778387,0.0014890000456944108
2021-06-01,0.0014890000456944108,0.0020520000252872705,0.0007159999804571271,0.0007699999841861427
2021-06-02,0.0007699999841861427,0.0008730000117793679,0.000754999986384064,0.0007900000200606883
2021-06-03,0.0007890000124461949,0.0017369999550282955,0.0007820000173524022,0.0017239999724552035
2021-06-04,0.001724999980069697,0.0029819998890161514,0.0015719999792054296,0.0029529999010264874
2021-06-05,0.002951999893411994,0.003031000029295683,0.0015369999455288053,0.0015640000347048044
2021-06-06,0.0015640000347048044,0.0016029999824240804,0.0015529999509453773,0.0015780000248923898
2021-06-07,0.0015780000248923898,0.0016189999878406525,0.0014730000402778387,0.001478999969549477
2021-06-08,0.0014769999543204904,0.001496999990195036,0.0013689999468624592,0.0014730000402778387
2021-06-09,0.0014730000402778387,0.00165200000628829,0.001429000054486096,0.0016410000389441848
2021-06-10,0.0016430000541731715,0.0030670000705868006,0.0005740000051446259,0.0005869999877177179
2021-06-11,0.0005869999877177179,0.001117000007070601,0.00043899999582208693,0.000446999998530373
2021-06-12,0.00044800000614486635,0.0005789999850094318,0.00042100000428035855,0.0005680000176653266
2021-06-13,0.00056900002527982,0.0012550000101327896,0.0005600000149570405,0.0008210000232793391
2021-06-14,0.0008210000232793391,0.001639000023715198,0.0008140000281855464,0.00139999995008111
2021-06-15,0.0014130000490695238,0.0014299999456852674,0.0006350000039674342,0.0007280000136233866
2021-06-16,0.0006419999990612268,0.0006479999865405262,0.000610999995842576,0.0006130000110715628
2021-06-17,0.0006140000186860561,0.0006319999811239541,0.0005990000208839774,0.0006089999806135893
2021-06-18,0.0006089999806135893,0.000610999995842576,0.0004959999932907522,0.0005009999731555581
2021-06-19,0.0005009999731555581,0.0005099999834783375,0.0004889999981969595,0.0004980000085197389
2021-06-20,0.0004990000161342323,0.0005029999883845448,0.00026699999580159783,0.0002859999949578196
2021-06-21,0.0002859999949578196,0.0002859999949578196,0.0002500000118743628,0.0002530000056140125
2021-06-22,0.0002530000056140125,0.00026599998818710446,0.00023099999816622585,0.00026000000070780516
2021-06-23,0.00026000000070780516,0.00027799999224953353,0.00025400001322850585,0.0002699999895412475
2021-06-24,0.0002690000110305846,0.0008449999731965363,0.0002589999930933118,0.0008319999906234443
2021-06-25,0.0008319999906234443,0.0008520000264979899,0.0007520000217482448,0.0007600000244565308
2021-06-26,0.0007590000168420374,0.0007830000249668956,0.0007239999831654131,0.0007699999841861427
2021-06-27,0.0007719999994151294,0.0008319999906234443,0.0007699999841861427,0.0008299999753944576
2021-06-28,0.0008319999906234443,0.0008449999731965363,0.0008140000281855464,0.0008270000107586384
2021-06-29,0.000826000003144145,0.0008769999840296805,0.0008219999726861715,0.0008619999862276018
2021-06-30,0.0008609999786131084,0.0008660000166855752,0.00048499999684281647,0.0004900000058114529
2021-07-01,0.0004910000134259462,0.0004910000134259462,0.0004600000102072954,0.00046999999904073775
2021-07-02,0.00046999999904073775,0.00047500000800937414,0.00045900000259280205,0.00047500000800937414
2021-07-03,0.00047500000800937414,0.0004870000120718032,0.00041199999395757914,0.00041599999531172216
2021-07-04,0.00041599999531172216,0.0004309999931138009,0.0004130000015720725,0.00042299999040551484
2021-07-05,0.00042299999040551484,0.00042299999040551484,0.00039900001138448715,0.00040600000647827983
2021-07-06,0.00040499999886378646,0.0004199999966658652,0.0004030000127386302,0.00041000000783242285
2021-07-07,0.00041099998634308577,0.0004199999966658652,0.00040600000647827983,0.00040600000647827983
2021-07-08,0.00040600000647827983,0.0004070000140927732,0.0003859999997075647,0.00039400000241585076
2021-07-09,0.00039500001003034413,0.0007800000021234155,0.000387999985832721,0.0007789999945089221
2021-07-10,0.0007769999792799354,0.000881000014487654,0.0003969999961555004,0.0004360000020824373
2021-07-11,0.0004360000020824373,0.00043899999582208693,0.00036800000816583633,0.0003769999893847853
2021-07-12,0.0003769999893847853,0.0003809999907389283,0.0003600000054575503,0.0003650000144261867
2021-07-13,0.0003650000144261867,0.00036700000055134296,0.0003549999964889139,0.0003600000054575503
2021-07-14,0.0003600000054575503,0.0003640000068116933,0.0003480000013951212,0.00036100001307204366
2021-07-15,0.00036100001307204366,0.0003650000144261867,0.0003429999924264848,0.0003490000090096146
2021-07-16,0.0003499999875202775,0.0003539999888744205,0.0003420000139158219,0.0003459999861661345
2021-07-17,0.0003459999861661345,0.0007660000119358301,0.0003440000000409782,0.0007249999907799065
2021-07-18,0.0007249999907799065,0.0007450000266544521,0.0007179999956861138,0.0007309999782592058
2021-07-19,0.0007309999782592058,0.0007329999934881926,0.0007029999978840351,0.0007089999853633344
2021-07-20,0.0007089999853633344,0.0007130000158213079,0.0006459999713115394,0.0006559999892488122
2021-07-21,0.0006559999892488122,0.0007210000185295939,0.0004419999895617366,0.00044999999227002263
2021-07-22,0.00044999999227002263,0.0007169999880716205,0.0004440000047907233,0.0007110000005923212
2021-07-23,0.0007110000005923212,0.0007379999733529985,0.0007050000131130219,0.0007379999733529985
2021-07-24,0.0007389999809674919,0.0007590000168420374,0.0007350000087171793,0.0007539999787695706
2021-07-25,0.0007539999787695706,0.0007779999868944287,0.0007450000266544521,0.0007779999868944287
2021-07-26,0.0007779999868944287,0.0008909999742172658,0.000775999971665442,0.0008219999726861715
2021-07-27,0.0008210000232793391,0.0008670000243000686,0.0008019999950192869,0.0008670000243000686
2021-07-28,0.0008670000243000686,0.0008980000275187194,0.0008549999911338091,0.0008800000068731606
2021-07-29,0.0008800000068731606,0.0008839999791234732,0.00047400000039488077,0.0004799999878741801
2021-07-30,0.0004799999878741801,0.000506000011228025,0.00046099998871795833,0.000506000011228025
2021-07-31,0.0005070000188425183,0.0005070000188425183,0.000493000028654933,0.0005000000237487257
2021-08-01,0.0005000000237487257,0.0005109999910928309,0.00047400000039488077,0.00048099999548867345
2021-08-02,0.0004799999878741801,0.00048499999684281647,0.00046499999007210135,0.00046999999904073775
2021-08-03,0.00046999999904073775,0.0007719999994151294,0.00037799999699927866,0.00076299998909235
2021-08-04,0.00076299998909235,0.000770999991800636,0.0003389999910723418,0.00035799999022856355
2021-08-05,0.00035799999022856355,0.0003589999978430569,0.0003009999927598983,0.00032699998700991273
2021-08-06,0.00032699998700991273,0.0003459999861661345,0.00031900001340545714,0.0003429999924264848
2021-08-07,0.0003429999924264848,0.00035099999513477087,8.499999967170879e-05,8.900000102585182e-05
2021-08-08,8.900000102585182e-05,9.100000170292333e-05,8.70000003487803e-05,8.800000068731606e-05
2021-08-09,8.800000068731606e-05,9.300000237999484e-05,8.600000001024455e-05,9.300000237999484e-05
2021-08-10,9.300000237999484e-05,0.0005959999980404973,9.300000237999484e-05,0.0005920000257901847
2021-08-11,0.0005929999751970172,0.0006050000083632767,0.0003650000144261867,0.0003650000144261867
2021-08-12,0.0003650000144261867,0.0003699999942909926,0.00035099999513477087,0.0003549999964889139
2021-08-13,0.0003549999964889139,0.00038300000596791506,0.0003539999888744205,0.00038300000596791506
2021-08-14,0.0003819999983534217,0.0006150000263005495,0.00036899998667649925,0.0006120000034570694
2021-08-15,0.0006120000034570694,0.000615999975707382,0.0005929999751970172,0.0006120000034570694
2021-08-16,0.0006120000034570694,0.000623999978415668,0.0005939999828115106,0.0005990000208839774
2021-08-17,0.000598000013269484,0.0006130000110715628,0.0005789999850094318,0.0005810000002384186
2021-08-18,0.0005810000002384186,0.0008140000281855464,0.00017800000205170363,0.0008069999748840928
2021-08-19,0.0008060000254772604,0.0008140000281855464,0.00017699999443721026,0.00018699999782256782
2021-08-20,0.00018699999782256782,0.00019700000120792538,0.00018699999782256782,0.00019700000120792538
2021-08-21,0.00019700000120792538,0.0005469999741762877,0.00019299999985378236,0.0004400000034365803
2021-08-22,0.0004400000034365803,0.0004949999856762588,0.00043799998820759356,0.000493000028654933
2021-08-23,0.000493000028654933,0.0005050000036135316,0.0004910000134259462,0.0004949999856762588
2021-08-24,0.0004949999856762588,0.0004990000161342323,0.0004769999941345304,0.0004780000017490238
2021-08-25,0.0004769999941345304,0.0004920000210404396,0.0004720000142697245,0.0004900000058114529
2021-08-26,0.0004900000058114529,0.000493000028654933,0.00046400001156143844,0.0004689999914262444
2021-08-27,0.0004689999914262444,0.00048499999684281647,0.0004349999944679439,0.00044100001105107367
2021-08-28,0.0004419999895617366,0.0004440000047907233,0.00033999999868683517,0.0003420000139158219
2021-08-29,0.0003420000139158219,0.0004450000124052167,0.0003420000139158219,0.00043899999582208693
2021-08-30,0.00043899999582208693,0.0004400000034365803,0.00042299999040551484,0.00042299999040551484
2021-08-31,0.00042299999040551484,0.00043399998685345054,0.00042100000428035855,0.0004250000056345016
2021-09-01,0.0004239999980200082,0.0004419999895617366,0.0004189999890513718,0.0004400000034365803
2021-09-02,0.0004400000034365803,0.0004529999860096723,0.00043799998820759356,0.0004440000047907233
2021-09-03,0.0004440000047907233,0.00045900000259280205,0.0004349999944679439,0.00044999999227002263
2021-09-04,0.00044999999227002263,0.000455000001238659,0.0004459999909158796,0.00044999999227002263
2021-09-05,0.00044999999227002263,0.0004670000053010881,0.0004459999909158796,0.0004659999976865947
2021-09-06,0.0004659999976865947,0.00047400000039488077,0.00045900000259280205,0.00047400000039488077
2021-09-07,0.00047400000039488077,0.00047599998652003706,0.00026000000070780516,0.0002809999859891832
2021-09-08,0.0002809999859891832,0.0002840000088326633,0.00017800000205170363,0.00018400000408291817
2021-09-09,0.0001829999964684248,0.00018899999849963933,0.0001829999964684248,0.00018600000475998968
2021-09-10,0.00018600000475998968,0.0001880000054370612,0.00017800000205170363,0.00018000000272877514
2021-09-11,0.00018000000272877514,0.00018400000408291817,0.00017899999511428177,0.00018099999579135329
2021-09-12,0.00018099999579135329,0.0001849999971454963,0.00017899999511428177,0.00018400000408291817
2021-09-13,0.00018400000408291817,0.00018600000475998968,0.0001740000006975606,0.00018000000272877514
2021-09-14,0.00018000000272877514,0.00018899999849963933,0.00017899999511428177,0.0001880000054370612
2021-09-15,0.0001880000054370612,0.000387999985832721,0.00018699999782256782,0.00038499999209307134
2021-09-16,0.00038499999209307134,0.000387999985832721,0.0003769999893847853,0.0003819999983534217
2021-09-17,0.0003819999983534217,0.00038499999209307134,0.000375000003259629,0.00037799999699927866
2021-09-18,0.00037799999699927866,0.00039000000106170774,0.0003769999893847853,0.0003859999997075647
2021-09-19,0.0003859999997075647,0.0003870000073220581,0.000375000003259629,0.00037799999699927866
2021-09-20,0.00037799999699927866,0.00037900000461377203,0.00034100000630132854,0.0003429999924264848
2021-09-21,0.0003429999924264848,0.0003490000090096146,0.00031800000579096377,0.0003239999932702631
2021-09-22,0.0003260000084992498,0.00035200000274926424,0.00032500000088475645,0.0003490000090096146
2021-09-23,0.0003490000090096146,0.0003600000054575503,0.00034500000765547156,0.0003589999978430569
2021-09-24,0.0003589999978430569,0.00036100001307204366,0.00032699998700991273,0.0003429999924264848
2021-09-25,0.0003429999924264848,0.0003440000000409782,0.00033400001120753586,0.0003420000139158219
2021-09-26,0.0003420000139158219,0.00035099999513477087,0.00032699998700991273,0.0003459999861661345
2021-09-27,0.0003459999861661345,0.0003549999964889139,0.00021100000594742596,0.00021100000594742596
2021-09-28,0.00021100000594742596,0.00021399999968707561,0.00020500000391621143,0.00020500000391621143
2021-09-29,0.00020500000391621143,0.00021300000662449747,0.00020399999630171806,0.00020799999765586108
2021-09-30,0.00020799999765586108,0.00022000000171829015,0.00020700000459328294,0.00021899999410379678
2021-10-01,0.00021899999410379678,0.00024199999461416155,0.00021699999342672527,0.0002410000015515834
2021-10-02,0.0002410000015515834,0.0002410000015515834,0.00023700000019744039,0.0002390000008745119
2021-10-03,0.0002390000008745119,0.0002460000105202198,0.00023600000713486224,0.0002410000015515834
2021-10-04,0.0002410000015515834,0.0002469999890308827,0.00023499999952036887,0.0002460000105202198
2021-10-05,0.0002460000105202198,0.0002589999930933118,0.00024500000290572643,0.0002570000069681555
2021-10-06,0.0002579999854788184,0.00027799999224953353,0.0002519999979995191,0.0002770000137388706
2021-10-07,0.0002770000137388706,0.0002770000137388706,0.0002680000034160912,0.0002690000110305846
2021-10-08,0.0002690000110305846,0.0002800000074785203,0.0002680000034160912,0.0002699999895412475
2021-10-09,0.0002699999895412475,0.0004990000161342323,0.0002690000110305846,0.0004949999856762588
2021-10-10,0.0004949999856762588,0.0004959999932907522,0.0003260000084992498,0.00032900000223889947
2021-10-11,0.00032900000223889947,0.00034699999378062785,0.00032699998700991273,0.00034500000765547156
2021-10-12,0.00034500000765547156,0.0003459999861661345,0.00032699998700991273,0.00033599999733269215
2021-10-13,0.00033599999733269215,0.0003459999861661345,0.0003260000084992498,0.0003440000000409782
2021-10-14,0.0003440000000409782,0.00035099999513477087,0.0002859999949578196,0.00028700000257231295
2021-10-15,0.00028700000257231295,0.00031400000443682075,0.0002840000088326633,0.000307999987853691
2021-10-16,0.000307999987853691,0.0003110000106971711,0.0003009999927598983,0.00030399998649954796
2021-10-17,0.00030399998649954796,0.000307999987853691,0.00029600001289509237,0.000307999987853691
2021-10-18,0.000307999987853691,0.0003129999968223274,0.0003000000142492354,0.0003100000030826777
2021-10-19,0.0003100000030826777,0.0003220000071451068,0.000307999987853691,0.0003209999995306134
2021-10-20,0.0003209999995306134,0.00039999998989515007,0.00031800000579096377,0.00033000000985339284
2021-10-21,0.00033000000985339284,0.0003330000035930425,0.0003110000106971711,0.0003110000106971711
2021-10-22,0.0003110000106971711,0.00031900001340545714,0.0003009999927598983,0.00030300000798888505
2021-10-23,0.00030300000798888505,0.00030899999546818435,0.000299000006634742,0.00030700000934302807
2021-10-24,0.00030700000934302807,0.000307999987853691,0.00029799999902024865,0.00030499999411404133
2021-10-25,0.00030499999411404133,0.00031900001340545714,0.00030300000798888505,0.0003150000120513141
2021-10-26,0.0003150000120513141,0.00031599999056197703,0.0003000000142492354,0.0003020000003743917
2021-10-27,0.0003020000003743917,0.00030700000934302807,0.000291000003926456,0.00029299999005161226
2021-10-28,0.00029200001154094934,0.0003110000106971711,0.000291000003926456,0.00030300000798888505
2021-10-29,0.00030300000798888505,0.0003100000030826777,0.00024300000222865492,0.00024900000425986946
2021-10-30,0.00024900000425986946,0.00024900000425986946,0.00012199999764561653,0.00012399999832268804
2021-10-31,0.00012399999832268804,0.0003699999942909926,0.00012199999764561653,0.00036800000816583633
2021-11-01,0.00036800000816583633,0.0003699999942909926,0.00018099999579135329,0.0001829999964684248
2021-11-02,0.0001829999964684248,0.00019299999985378236,0.00018200000340584666,0.0001900000061141327
2021-11-03,0.0001900000061141327,0.00019099999917671084,0.00012199999764561653,0.00012599999899975955
2021-11-04,0.00012599999899975955,0.00012599999899975955,0.00012199999764561653,0.0001230000052601099
2021-11-05,0.0001230000052601099,0.0001250000059371814,0.00012199999764561653,0.00012199999764561653
2021-11-06,0.00012199999764561653,0.0001230000052601099,0.00011999999696854502,0.0001230000052601099
2021-11-07,0.0001230000052601099,0.00012700000661425292,0.0001230000052601099,0.00012700000661425292
2021-11-08,0.00012700000661425292,0.00013499999477062374,0.00012700000661425292,0.00013499999477062374
2021-11-09,0.00013499999477062374,0.00013699999544769526,0.00013299999409355223,0.0001340000017080456
2021-11-10,0.0001340000017080456,0.00013800000306218863,0.00012599999899975955,0.00013000000035390258
2021-11-11,0.00013000000035390258,0.00013099999341648072,0.00012799999967683107,0.00013000000035390258
2021-11-12,0.00013000000035390258,0.00013099999341648072,0.0001250000059371814,0.0001289999927394092
2021-11-13,0.00012799999967683107,0.00013000000035390258,0.00012700000661425292,0.0001289999927394092
2021-11-14,0.0001289999927394092,0.00013099999341648072,0.00012700000661425292,0.00013099999341648072
2021-11-15,0.00013099999341648072,0.00013299999409355223,0.00012700000661425292,0.00012700000661425292
2021-11-16,0.00012700000661425292,0.00012700000661425292,0.00011800000356743112,0.00011999999696854502
2021-11-17,0.00011999999696854502,0.00012199999764561653,0.00011700000322889537,0.00012099999730708078
2021-11-18,0.00012099999730708078,0.00012199999764561653,0.00011300000187475234,0.0001140000022132881
2021-11-19,0.0001140000022132881,0.00011700000322889537,0.00011100000119768083,0.00011600000289035961
2021-11-20,0.00011600000289035961,0.00011999999696854502,0.00011500000255182385,0.00011899999663000926
2021-11-21,0.00011899999663000926,0.00011999999696854502,0.00011700000322889537,0.00011700000322889537
2021-11-22,0.00011700000322889537,0.00011899999663000926,0.00011100000119768083,0.00011300000187475234
2021-11-23,0.00011300000187475234,0.00011600000289035961,0.00011100000119768083,0.00011500000255182385
2021-11-24,0.00011500000255182385,0.00011600000289035961,0.00011200000153621659,0.00011300000187475234
2021-11-25,0.0001140000022132881,0.00011899999663000926,0.0001140000022132881,0.00011500000255182385
2021-11-26,0.00011800000356743112,0.00011800000356743112,0.00010699999984353781,0.00010699999984353781
2021-11-27,0.00010699999984353781,0.00011100000119768083,0.00010699999984353781,0.00010900000052060932
2021-11-28,0.00011000000085914508,0.00028700000257231295,0.00010800000018207356,0.0002859999949578196
2021-11-29,0.0002859999949578196,0.00029399999766610563,0.0002840000088326633,0.00028899998869746923
2021-11-30,0.00028899998869746923,0.00029600001289509237,0.0002800000074785203,0.0002849999873433262
2021-12-01,0.0002849999873433262,0.000295000005280599,0.00028300000121816993,0.0002859999949578196
2021-12-02,0.0002859999949578196,0.00028700000257231295,0.00016799999866634607,0.00016999999934341758
2021-12-03,0.00016900000628083944,0.0001720000000204891,0.00015700000221841037,0.0001610000035725534
2021-12-04,0.0001610000035725534,0.00021100000594742596,0.00015700000221841037,0.00019700000120792538
2021-12-05,0.00019700000120792538,0.0001990000018849969,0.00019099999917671084,0.00019700000120792538
2021-12-06,0.00019700000120792538,0.00020399999630171806,0.00018899999849963933,0.00020199999562464654
2021-12-07,0.00020199999562464654,0.00020799999765586108,0.0002010000025620684,0.00020300000323913991
2021-12-08,0.00020300000323913991,0.00020500000391621143,0.00019500000053085387,0.00020199999562464654
2021-12-09,0.00020199999562464654,0.00020300000323913991,0.00018899999849963933,0.00019099999917671084
2021-12-10,0.00019099999917671084,0.00019999999494757503,0.0001880000054370612,0.00018899999849963933
2021-12-11,0.00018899999849963933,0.00019799999427050352,0.0001880000054370612,0.00019799999427050352
2021-12-12,0.00019700000120792538,0.00020300000323913991,0.00019500000053085387,0.00019999999494757503
2021-12-13,0.00019999999494757503,0.0002010000025620684,0.00018400000408291817,0.00018699999782256782
2021-12-14,0.00018699999782256782,0.0001939999929163605,0.00018600000475998968,0.00018600000475998968
2021-12-15,0.0001939999929163605,0.00019799999427050352,0.00018699999782256782,0.000195999993593432
2021-12-16,0.000195999993593432,0.00019799999427050352,0.0001900000061141327,0.0001900000061141327
2021-12-17,0.00019099999917671084,0.00019200000679120421,0.00018200000340584666,0.0001849999971454963
2021-12-18,0.0001849999971454963,0.00018899999849963933,0.00018200000340584666,0.00018699999782256782
2021-12-19,0.00018699999782256782,0.00019200000679120421,0.00018600000475998968,0.00018699999782256782
2021-12-20,0.00018699999782256782,0.0001900000061141327,0.00018200000340584666,0.0001880000054370612
2021-12-21,0.0001880000054370612,0.00019700000120792538,0.00018699999782256782,0.000195999993593432
2021-12-22,0.000195999993593432,0.00019799999427050352,0.0001939999929163605,0.0001939999929163605
2021-12-23,0.00019500000053085387,0.0001990000018849969,0.00014899999951012433,0.00015199999324977398
2021-12-24,0.00015199999324977398,0.00015500000154133886,0.00015199999324977398,0.00015300000086426735
2021-12-25,0.00015199999324977398,0.0001539999939268455,0.00015100000018719584,0.00015100000018719584
2021-12-26,0.00015100000018719584,0.0001539999939268455,0.00014899999951012433,0.00015199999324977398
2021-12-27,0.00015199999324977398,0.000155999994603917,0.00015100000018719584,0.00015199999324977398
2021-12-28,0.00015199999324977398,0.00015199999324977398,0.00014200000441633165,0.0001429999974789098
2021-12-29,0.0001429999974789098,0.00014400000509340316,0.00013899999612476677,0.00013899999612476677
2021-12-30,0.00013899999612476677,0.00014400000509340316,0.00013800000306218863,0.00014200000441633165
2021-12-31,0.00014200000441633165,0.0001449999981559813,0.00013699999544769526,0.00013899999612476677
2022-01-01,0.00013899999612476677,0.0001429999974789098,0.00013899999612476677,0.0001429999974789098
2022-01-02,0.0001429999974789098,0.00014400000509340316,0.00014099999680183828,0.00014200000441633165
2022-01-03,0.00014200000441633165,0.0001429999974789098,0.00013800000306218863,0.00013899999612476677
2022-01-04,0.00013899999612476677,0.00014200000441633165,0.00013699999544769526,0.00013800000306218863
2022-01-05,0.00013800000306218863,0.0002800000074785203,0.00013699999544769526,0.0002610000083222985
2022-01-06,0.0002610000083222985,0.00026199998683296144,0.00025599999935366213,0.0002589999930933118
2022-01-07,0.0002589999930933118,0.0002589999930933118,0.0002460000105202198,0.00024900000425986946
2022-01-08,0.00024900000425986946,0.0002530000056140125,0.00024399999529123306,0.0002500000118743628
2022-01-09,0.0002500000118743628,0.00025599999935366213,0.0002479999966453761,0.00025099999038502574
2022-01-10,0.00025099999038502574,0.0002530000056140125,0.0002390000008745119,0.00025099999038502574
2022-01-11,0.00025099999038502574,0.0002579999854788184,0.0002479999966453761,0.00025599999935366213
2022-01-12,0.00025599999935366213,0.00026500000967644155,0.00025499999173916876,0.0002640000020619482
2022-01-13,0.0002640000020619482,0.00026599998818710446,0.00025499999173916876,0.00025599999935366213
2022-01-14,0.00025599999935366213,0.00026000000070780516,0.0002519999979995191,0.0002589999930933118
2022-01-15,0.0002589999930933118,0.00026199998683296144,0.00025599999935366213,0.0002589999930933118
2022-01-16,0.0002589999930933118,0.0002610000083222985,0.00025599999935366213,0.0002589999930933118
2022-01-17,0.0002589999930933118,0.0002589999930933118,0.0001250000059371814,0.00012700000661425292
2022-01-18,0.00012700000661425292,0.00012799999967683107,0.00012399999832268804,0.00012700000661425292
2022-01-19,0.00012700000661425292,0.00012700000661425292,0.00012399999832268804,0.0001250000059371814
2022-01-20,0.0001250000059371814,0.00026000000070780516,0.0001250000059371814,0.00024399999529123306
2022-01-21,0.00024399999529123306,0.0002460000105202198,0.00021499999274965376,0.00021899999410379678
2022-01-22,0.00021899999410379678,0.00022000000171829015,0.00010299999848939478,0.0001049999991664663
2022-01-23,0.0001049999991664663,0.00010900000052060932,0.00010399999882793054,0.00010900000052060932
2022-01-24,0.00010900000052060932,0.00011200000153621659,9.999999747378752e-05,0.00011000000085914508
2022-01-25,0.00011000000085914508,0.00011200000153621659,0.00010699999984353781,0.00011100000119768083
2022-01-26,0.00011100000119768083,0.00011600000289035961,0.00010900000052060932,0.00011100000119768083
2022-01-27,0.00011100000119768083,0.00011100000119768083,0.00010699999984353781,0.00011100000119768083
2022-01-28,0.00011100000119768083,0.0001140000022132881,0.00010900000052060932,0.00011300000187475234
2022-01-29,0.00011300000187475234,0.00011600000289035961,0.00011200000153621659,0.0001140000022132881
2022-01-30,0.0001140000022132881,0.00011500000255182385,0.00011200000153621659,0.0001140000022132881
2022-01-31,0.0001140000022132881,0.00011600000289035961,0.00011000000085914508,0.00011500000255182385
2022-02-01,0.00011500000255182385,0.00011700000322889537,0.0001140000022132881,0.00011600000289035961
2022-02-02,0.00011600000289035961,0.00011700000322889537,0.00011000000085914508,0.00011100000119768083
2022-02-03,0.00011100000119768083,0.00011100000119768083,7.300000288523734e-05,7.400000322377309e-05
2022-02-04,7.400000322377309e-05,8.299999899463728e-05,7.400000322377309e-05,8.299999899463728e-05
2022-02-05,8.299999899463728e-05,8.399999933317304e-05,8.199999865610152e-05,8.299999899463728e-05
2022-02-06,8.299999899463728e-05,8.499999967170879e-05,8.199999865610152e-05,8.499999967170879e-05
2022-02-07,8.499999967170879e-05,8.900000102585182e-05,8.299999899463728e-05,8.800000068731606e-05
2022-02-08,8.800000068731606e-05,9.100000170292333e-05,8.600000001024455e-05,8.800000068731606e-05
2022-02-09,8.800000068731606e-05,8.900000102585182e-05,8.600000001024455e-05,8.900000102585182e-05
2022-02-10,8.900000102585182e-05,9.100000170292333e-05,8.70000003487803e-05,8.70000003487803e-05
2022-02-11,8.70000003487803e-05,8.800000068731606e-05,8.399999933317304e-05,8.499999967170879e-05
2022-02-12,8.499999967170879e-05,8.600000001024455e-05,8.399999933317304e-05,8.399999933317304e-05
2022-02-13,8.399999933317304e-05,8.499999967170879e-05,8.399999933317304e-05,8.399999933317304e-05
2022-02-14,8.399999933317304e-05,8.600000001024455e-05,8.299999899463728e-05,8.499999967170879e-05
2022-02-15,8.499999967170879e-05,8.900000102585182e-05,8.499999967170879e-05,8.900000102585182e-05
2022-02-16,8.900000102585182e-05,8.900000102585182e-05,8.70000003487803e-05,8.800000068731606e-05
2022-02-17,8.800000068731606e-05,8.800000068731606e-05,7.999999797903001e-05,8.099999831756577e-05
2022-02-18,8.099999831756577e-05,8.199999865610152e-05,7.899999764049426e-05,7.999999797903001e-05
2022-02-19,7.999999797903001e-05,8.099999831756577e-05,7.899999764049426e-05,7.999999797903001e-05
2022-02-20,7.999999797903001e-05,7.999999797903001e-05,7.599999662488699e-05,7.699999696342275e-05
2022-02-21,7.699999696342275e-05,7.899999764049426e-05,7.400000322377309e-05,7.400000322377309e-05
2022-02-22,7.400000322377309e-05,7.699999696342275e-05,7.300000288523734e-05,7.699999696342275e-05
2022-02-23,7.699999696342275e-05,7.79999973019585e-05,7.400000322377309e-05,7.500000356230885e-05
2022-02-24,7.500000356230885e-05,7.79999973019585e-05,6.900000153109431e-05,7.699999696342275e-05
2022-02-25,7.699999696342275e-05,7.899999764049426e-05,7.599999662488699e-05,7.79999973019585e-05
2022-02-26,7.79999973019585e-05,7.999999797903001e-05,7.699999696342275e-05,7.79999973019585e-05
2022-02-27,7.79999973019585e-05,7.999999797903001e-05,7.500000356230885e-05,7.500000356230885e-05
2022-02-28,7.500000356230885e-05,8.800000068731606e-05,7.500000356230885e-05,8.600000001024455e-05
2022-03-01,8.600000001024455e-05,9.000000136438757e-05,8.600000001024455e-05,8.900000102585182e-05
2022-03-02,8.900000102585182e-05,9.000000136438757e-05,8.70000003487803e-05,8.800000068731606e-05
2022-03-03,8.800000068731606e-05,8.800000068731606e-05,8.399999933317304e-05,8.499999967170879e-05
2022-03-04,8.499999967170879e-05,8.499999967170879e-05,7.79999973019585e-05,7.79999973019585e-05
2022-03-05,7.79999973019585e-05,7.899999764049426e-05,7.79999973019585e-05,7.899999764049426e-05
2022-03-06,7.899999764049426e-05,7.899999764049426e-05,7.599999662488699e-05,7.699999696342275e-05
2022-03-07,7.699999696342275e-05,7.899999764049426e-05,7.500000356230885e-05,7.599999662488699e-05
2022-03-08,7.599999662488699e-05,7.899999764049426e-05,7.599999662488699e-05,7.699999696342275e-05
2022-03-09,7.699999696342275e-05,8.499999967170879e-05,7.699999696342275e-05,8.399999933317304e-05
2022-03-10,8.399999933317304e-05,8.399999933317304e-05,7.79999973019585e-05,7.899999764049426e-05
2022-03-11,7.899999764049426e-05,7.999999797903001e-05,7.699999696342275e-05,7.79999973019585e-05
2022-03-12,7.79999973019585e-05,7.899999764049426e-05,7.79999973019585e-05,7.79999973019585e-05
2022-03-13,7.79999973019585e-05,7.79999973019585e-05,7.500000356230885e-05,7.599999662488699e-05
2022-03-14,7.599999662488699e-05,7.899999764049426e-05,7.500000356230885e-05,7.899999764049426e-05
2022-03-15,7.899999764049426e-05,7.999999797903001e-05,7.699999696342275e-05,7.899999764049426e-05
2022-03-16,7.899999764049426e-05,8.299999899463728e-05,7.79999973019585e-05,8.199999865610152e-05
2022-03-17,8.199999865610152e-05,8.299999899463728e-05,8.099999831756577e-05,8.199999865610152e-05
2022-03-18,8.199999865610152e-05,8.399999933317304e-05,8.099999831756577e-05,8.399999933317304e-05
2022-03-19,8.399999933317304e-05,8.499999967170879e-05,8.299999899463728e-05,8.399999933317304e-05
2022-03-20,8.399999933317304e-05,8.399999933317304e-05,8.199999865610152e-05,8.199999865610152e-05
2022-03-21,8.199999865610152e-05,8.299999899463728e-05,8.099999831756577e-05,8.199999865610152e-05
2022-03-22,8.199999865610152e-05,8.600000001024455e-05,8.199999865610152e-05,8.499999967170879e-05
2022-03-23,8.499999967170879e-05,8.600000001024455e-05,8.399999933317304e-05,8.600000001024455e-05
2022-03-24,8.600000001024455e-05,8.800000068731606e-05,8.499999967170879e-05,8.800000068731606e-05
2022-03-25,8.800000068731606e-05,9.000000136438757e-05,8.70000003487803e-05,8.900000102585182e-05
2022-03-26,8.900000102585182e-05,8.900000102585182e-05,8.800000068731606e-05,8.900000102585182e-05
2022-03-27,8.900000102585182e-05,9.40000027185306e-05,8.900000102585182e-05,9.40000027185306e-05
2022-03-28,9.40000027185306e-05,9.600000339560211e-05,9.300000237999484e-05,9.40000027185306e-05
2022-03-29,9.40000027185306e-05,9.600000339560211e-05,9.40000027185306e-05,9.500000305706635e-05
2022-03-30,9.500000305706635e-05,9.500000305706635e-05,9.300000237999484e-05,9.40000027185306e-05
2022-03-31,9.40000027185306e-05,9.500000305706635e-05,9.100000170292333e-05,9.100000170292333e-05
2022-04-01,9.100000170292333e-05,9.300000237999484e-05,8.900000102585182e-05,9.300000237999484e-05
2022-04-02,9.300000237999484e-05,9.40000027185306e-05,9.200000204145908e-05,9.200000204145908e-05
2022-04-03,9.200000204145908e-05,9.500000305706635e-05,9.100000170292333e-05,9.300000237999484e-05
2022-04-04,9.300000237999484e-05,9.40000027185306e-05,9.000000136438757e-05,9.300000237999484e-05
2022-04-05,9.300000237999484e-05,9.40000027185306e-05,9.100000170292333e-05,9.100000170292333e-05
2022-04-06,9.100000170292333e-05,9.100000170292333e-05,8.600000001024455e-05,8.600000001024455e-05
2022-04-07,8.600000001024455e-05,8.800000068731606e-05,8.600000001024455e-05,8.70000003487803e-05
2022-04-08,8.70000003487803e-05,0.00021600000036414713,8.600000001024455e-05,0.00016900000628083944
2022-04-09,0.00016900000628083944,0.00017100000695791095,0.00016900000628083944,0.00017100000695791095
2022-04-10,0.00017100000695791095,0.0001740000006975606,0.00016799999866634607,0.00016900000628083944
2022-04-11,0.00016900000628083944,0.00016999999934341758,0.00015700000221841037,0.00015799999528098851
2022-04-12,0.00015799999528098851,0.00016199999663513154,0.00015799999528098851,0.0001610000035725534
2022-04-13,0.00015999999595806003,0.00016599999798927456,0.00015900000289548188,0.00016500000492669642
2022-04-14,0.00016500000492669642,0.00016599999798927456,0.00015900000289548188,0.00015999999595806003
2022-04-15,0.00015999999595806003,0.00016199999663513154,0.00015900000289548188,0.00016199999663513154
2022-04-16,0.00016199999663513154,0.0001630000042496249,0.00015999999595806003,0.00016199999663513154
2022-04-17,0.00016199999663513154,0.00016199999663513154,0.00015799999528098851,0.00015900000289548188
2022-04-18,0.00015900000289548188,0.00016399999731220305,0.00015500000154133886,0.0001630000042496249
2022-04-19,0.0001630000042496249,0.00016700000560376793,0.00016199999663513154,0.00016599999798927456
2022-04-20,0.00016599999798927456,0.00016900000628083944,0.00016399999731220305,0.00016500000492669642
2022-04-21,0.00016500000492669642,0.0001720000000204891,0.00011999999696854502,0.00012199999764561653
2022-04-22,0.00012199999764561653,0.00012199999764561653,0.00011800000356743112,0.00011899999663000926
2022-04-23,0.00011899999663000926,0.00011999999696854502,0.00011800000356743112,0.00011800000356743112
2022-04-24,0.00011800000356743112,0.00011999999696854502,0.00011800000356743112,0.00011800000356743112
2022-04-25,0.00011800000356743112,0.00012099999730708078,0.00011500000255182385,0.00012099999730708078
2022-04-26,0.00012099999730708078,0.00012199999764561653,0.0001140000022132881,0.0001140000022132881
2022-04-27,0.0001140000022132881,0.00011800000356743112,0.0001140000022132881,0.00011800000356743112
2022-04-28,0.00011800000356743112,0.00012099999730708078,0.00011700000322889537,0.00011899999663000926
2022-04-29,0.00011899999663000926,0.00011999999696854502,0.00011500000255182385,0.00011600000289035961
2022-04-30,0.00011600000289035961,0.00011600000289035961,0.00011300000187475234,0.00011300000187475234
2022-05-01,0.00011300000187475234,0.00011600000289035961,0.00011300000187475234,0.00011500000255182385
2022-05-02,0.00011500000255182385,0.00011700000322889537,0.0001140000022132881,0.00011600000289035961
2022-05-03,0.00011600000289035961,0.00011600000289035961,0.00011300000187475234,0.00011300000187475234
2022-05-04,0.00011300000187475234,0.00011999999696854502,0.00011300000187475234,0.00011899999663000926
2022-05-05,0.00011899999663000926,0.00011899999663000926,0.00010800000018207356,0.00011000000085914508
2022-05-06,0.00011000000085914508,0.00011000000085914508,0.00010599999950500205,0.00010800000018207356
2022-05-07,0.00010800000018207356,0.00010800000018207356,0.0001049999991664663,0.00010699999984353781
2022-05-08,0.00010699999984353781,0.00010699999984353781,0.00010199999815085903,0.00010199999815085903
2022-05-09,0.00010199999815085903,0.00010299999848939478,9.100000170292333e-05,9.100000170292333e-05
2022-05-10,9.100000170292333e-05,9.7999996796716e-05,9.000000136438757e-05,9.300000237999484e-05
2022-05-11,9.300000237999484e-05,9.600000339560211e-05,8.499999967170879e-05,8.70000003487803e-05
2022-05-12,8.70000003487803e-05,9.000000136438757e-05,7.899999764049426e-05,8.70000003487803e-05
2022-05-13,8.70000003487803e-05,9.300000237999484e-05,8.600000001024455e-05,8.800000068731606e-05
2022-05-14,8.800000068731606e-05,9.100000170292333e-05,8.600000001024455e-05,9.000000136438757e-05
2022-05-15,9.000000136438757e-05,9.40000027185306e-05,8.900000102585182e-05,9.40000027185306e-05
2022-05-16,9.40000027185306e-05,9.40000027185306e-05,8.800000068731606e-05,9.000000136438757e-05
2022-05-17,9.000000136438757e-05,9.200000204145908e-05,8.900000102585182e-05,9.100000170292333e-05
2022-05-18,9.100000170292333e-05,0.00014899999951012433,8.600000001024455e-05,8.600000001024455e-05
2022-05-19,8.600000001024455e-05,9.100000170292333e-05,8.600000001024455e-05,9.100000170292333e-05
2022-05-20,9.100000170292333e-05,9.200000204145908e-05,8.600000001024455e-05,8.800000068731606e-05
2022-05-21,8.800000068731606e-05,8.900000102585182e-05,8.70000003487803e-05,8.800000068731606e-05
2022-05-22,8.800000068731606e-05,9.100000170292333e-05,8.800000068731606e-05,9.100000170292333e-05
2022-05-23,9.100000170292333e-05,9.200000204145908e-05,8.70000003487803e-05,8.70000003487803e-05
2022-05-24,8.70000003487803e-05,8.900000102585182e-05,8.600000001024455e-05,8.900000102585182e-05
2022-05-25,8.900000102585182e-05,9.000000136438757e-05,8.800000068731606e-05,8.900000102585182e-05
2022-05-26,8.900000102585182e-05,9.000000136438757e-05,8.499999967170879e-05,8.800000068731606e-05
2022-05-27,8.800000068731606e-05,0.00014699999883305281,8.600000001024455e-05,0.0001429999974789098
2022-05-28,0.00014400000509340316,0.00014600000577047467,0.0001429999974789098,0.0001449999981559813
2022-05-29,0.0001449999981559813,0.00014699999883305281,0.00014400000509340316,0.00014699999883305281
2022-05-30,0.00014699999883305281,0.00015999999595806003,0.00014699999883305281,0.00015900000289548188
2022-05-31,0.00015900000289548188,0.0001610000035725534,0.000155999994603917,0.00015900000289548188
2022-06-01,0.00015900000289548188,0.00015999999595806003,0.00014800000644754618,0.00014899999951012433
2022-06-02,0.00014899999951012433,0.00015300000086426735,0.00014800000644754618,0.00015199999324977398
2022-06-03,0.00015199999324977398,0.00015300000086426735,0.00014699999883305281,0.00014899999951012433
2022-06-04,0.00014899999951012433,0.0001500000071246177,0.00014800000644754618,0.00014899999951012433
2022-06-05,0.00014899999951012433,0.00015100000018719584,0.00014800000644754618,0.0001500000071246177
2022-06-06,0.0001500000071246177,0.00015799999528098851,0.00014899999951012433,0.00015700000221841037
2022-06-07,0.00015700000221841037,0.00015700000221841037,0.00014699999883305281,0.000155999994603917
2022-06-08,0.000155999994603917,0.000155999994603917,0.0001500000071246177,0.00015100000018719584
2022-06-09,0.00015100000018719584,0.00015300000086426735,0.0001500000071246177,0.00015100000018719584
2022-06-10,0.00015100000018719584,0.00015100000018719584,0.0001449999981559813,0.0001449999981559813
2022-06-11,0.0001449999981559813,0.00014699999883305281,0.00014099999680183828,0.00014200000441633165
2022-06-12,0.00014200000441633165,0.0001429999974789098,0.0001340000017080456,0.0001340000017080456
2022-06-13,0.0001340000017080456,0.0001340000017080456,0.00011100000119768083,0.00011200000153621659
2022-06-14,0.00011200000153621659,0.00011500000255182385,0.0001049999991664663,0.00011100000119768083
2022-06-15,0.00011100000119768083,0.00011300000187475234,0.00010099999781232327,0.00011300000187475234
2022-06-16,0.00011300000187475234,0.0001140000022132881,0.00010099999781232327,0.00010199999815085903
2022-06-17,0.00010199999815085903,0.00010599999950500205,0.00010199999815085903,0.00010199999815085903
2022-06-18,0.00010199999815085903,0.00010399999882793054,8.900000102585182e-05,9.500000305706635e-05
2022-06-19,9.500000305706635e-05,0.00010299999848939478,9.000000136438757e-05,0.00010299999848939478
2022-06-20,0.00010299999848939478,0.0001049999991664663,9.7999996796716e-05,0.00010299999848939478
2022-06-21,0.00010299999848939478,0.00010800000018207356,0.00010199999815085903,0.00010399999882793054
2022-06-22,0.00010399999882793054,0.00010399999882793054,9.899999713525176e-05,9.999999747378752e-05
2022-06-23,9.999999747378752e-05,0.00010599999950500205,9.999999747378752e-05,0.0001049999991664663
2022-06-24,0.0001049999991664663,0.00010699999984353781,0.00010399999882793054,0.00010599999950500205
2022-06-25,0.00010599999950500205,0.00010800000018207356,0.0001049999991664663,0.00010800000018207356
2022-06-26,0.00010699999984353781,0.00010900000052060932,0.0001049999991664663,0.0001049999991664663
2022-06-27,0.0001049999991664663,0.00010699999984353781,0.00010299999848939478,0.00010399999882793054
2022-06-28,0.00010399999882793054,0.00010599999950500205,0.00010099999781232327,0.00010099999781232327
2022-06-29,0.00010099999781232327,0.00010199999815085903,9.999999747378752e-05,0.00010099999781232327
2022-06-30,0.00010099999781232327,0.00010099999781232327,9.40000027185306e-05,9.899999713525176e-05
2022-07-01,9.899999713525176e-05,0.00010299999848939478,9.500000305706635e-05,9.600000339560211e-05
2022-07-02,9.600000339560211e-05,9.699999645818025e-05,9.500000305706635e-05,9.600000339560211e-05
2022-07-03,9.600000339560211e-05,9.7999996796716e-05,9.500000305706635e-05,9.600000339560211e-05
2022-07-04,9.600000339560211e-05,0.00010099999781232327,9.500000305706635e-05,0.00010099999781232327
2022-07-05,0.00010099999781232327,0.00010299999848939478,9.699999645818025e-05,0.00010099999781232327
2022-07-06,0.00010099999781232327,0.00010299999848939478,9.899999713525176e-05,0.00010299999848939478
2022-07-07,0.00010299999848939478,0.00010900000052060932,0.00010099999781232327,0.00010800000018207356
2022-07-08,0.00010800000018207356,0.00011200000153621659,0.00010599999950500205,0.00010900000052060932
2022-07-09,0.00010900000052060932,0.00010900000052060932,0.00010699999984353781,0.00010800000018207356
2022-07-10,0.00010800000018207356,0.00010800000018207356,0.00010399999882793054,0.00010399999882793054
2022-07-11,0.00010399999882793054,0.00010399999882793054,9.999999747378752e-05,9.999999747378752e-05
2022-07-12,9.999999747378752e-05,9.999999747378752e-05,9.699999645818025e-05,9.699999645818025e-05
2022-07-13,9.699999645818025e-05,0.00010099999781232327,9.500000305706635e-05,0.00010099999781232327
2022-07-14,0.00010099999781232327,0.00010399999882793054,9.7999996796716e-05,0.00010299999848939478
2022-07-15,0.00010299999848939478,0.00010599999950500205,0.00010199999815085903,0.00010399999882793054
2022-07-16,0.00010399999882793054,0.00010800000018207356,0.00010299999848939478,0.00010599999950500205
2022-07-17,0.00010599999950500205,0.00010800000018207356,0.00010399999882793054,0.00010399999882793054
2022-07-18,0.00010399999882793054,0.00011300000187475234,0.00010399999882793054,0.00011200000153621659
2022-07-19,0.00011200000153621659,0.00011800000356743112,0.00010800000018207356,0.00011700000322889537
2022-07-20,0.00011700000322889537,0.00012099999730708078,0.00011500000255182385,0.00011600000289035961
2022-07-21,0.00011600000289035961,0.00011700000322889537,0.00011200000153621659,0.00011600000289035961
2022-07-22,0.00011600000289035961,0.00011800000356743112,0.00011300000187475234,0.0001140000022132881
2022-07-23,0.0001140000022132881,0.00011500000255182385,8.800000068731606e-05,9.000000136438757e-05
2022-07-24,9.000000136438757e-05,9.200000204145908e-05,8.900000102585182e-05,9.000000136438757e-05
2022-07-25,9.000000136438757e-05,9.100000170292333e-05,8.499999967170879e-05,8.499999967170879e-05
2022-07-26,8.499999967170879e-05,8.499999967170879e-05,8.299999899463728e-05,8.499999967170879e-05
2022-07-27,8.499999967170879e-05,9.200000204145908e-05,8.399999933317304e-05,9.200000204145908e-05
2022-07-28,9.200000204145908e-05,9.600000339560211e-05,9.100000170292333e-05,9.500000305706635e-05
2022-07-29,9.500000305706635e-05,9.699999645818025e-05,9.40000027185306e-05,9.500000305706635e-05
2022-07-30,9.500000305706635e-05,9.7999996796716e-05,9.40000027185306e-05,9.500000305706635e-05
2022-07-31,9.500000305706635e-05,9.600000339560211e-05,9.300000237999484e-05,9.300000237999484e-05
2022-08-01,9.300000237999484e-05,9.40000027185306e-05,9.200000204145908e-05,9.300000237999484e-05
2022-08-02,9.300000237999484e-05,9.40000027185306e-05,9.100000170292333e-05,9.200000204145908e-05
2022-08-03,9.200000204145908e-05,9.40000027185306e-05,9.100000170292333e-05,9.100000170292333e-05
2022-08-04,9.100000170292333e-05,9.300000237999484e-05,9.000000136438757e-05,9.100000170292333e-05
2022-08-05,9.100000170292333e-05,9.40000027185306e-05,9.000000136438757e-05,9.300000237999484e-05
2022-08-06,9.300000237999484e-05,9.300000237999484e-05,9.200000204145908e-05,9.200000204145908e-05
2022-08-07,9.200000204145908e-05,9.300000237999484e-05,9.200000204145908e-05,9.300000237999484e-05
2022-08-08,9.300000237999484e-05,9.699999645818025e-05,9.300000237999484e-05,9.500000305706635e-05
2022-08-09,9.500000305706635e-05,9.600000339560211e-05,9.200000204145908e-05,9.300000237999484e-05
2022-08-10,9.300000237999484e-05,9.699999645818025e-05,9.100000170292333e-05,9.600000339560211e-05
2022-08-11,9.600000339560211e-05,9.899999713525176e-05,9.600000339560211e-05,9.600000339560211e-05
2022-08-12,9.600000339560211e-05,9.7999996796716e-05,9.500000305706635e-05,9.7999996796716e-05
2022-08-13,9.7999996796716e-05,9.899999713525176e-05,9.699999645818025e-05,9.7999996796716e-05
2022-08-14,9.7999996796716e-05,9.999999747378752e-05,9.699999645818025e-05,9.699999645818025e-05
2022-08-15,9.699999645818025e-05,0.00010099999781232327,9.500000305706635e-05,9.699999645818025e-05
2022-08-16,9.699999645818025e-05,9.699999645818025e-05,9.500000305706635e-05,9.600000339560211e-05
2022-08-17,9.600000339560211e-05,9.7999996796716e-05,9.300000237999484e-05,9.300000237999484e-05
2022-08-18,9.300000237999484e-05,0.00011800000356743112,9.300000237999484e-05,0.00011600000289035961
2022-08-19,0.00011600000289035961,0.00011600000289035961,0.00010399999882793054,0.00010399999882793054
2022-08-20,0.00010399999882793054,0.00010699999984353781,0.00010399999882793054,0.00010599999950500205
2022-08-21,0.00010599999950500205,0.00010800000018207356,0.00010599999950500205,0.00010800000018207356
2022-08-22,0.00010800000018207356,0.00010800000018207356,0.0001049999991664663,0.00010699999984353781
2022-08-23,0.00010699999984353781,0.00010800000018207356,0.0001049999991664663,0.00010800000018207356
2022-08-24,0.00010800000018207356,0.00010900000052060932,0.00010599999950500205,0.00010699999984353781
2022-08-25,0.00010699999984353781,0.00010900000052060932,0.00010699999984353781,0.00010800000018207356
2022-08-26,0.00010800000018207356,0.00010900000052060932,0.00010099999781232327,0.00010099999781232327
2022-08-27,0.00010099999781232327,0.00010199999815085903,9.899999713525176e-05,9.999999747378752e-05
2022-08-28,9.999999747378752e-05,0.00010099999781232327,9.7999996796716e-05,9.7999996796716e-05
2022-08-29,9.7999996796716e-05,0.00010199999815085903,9.7999996796716e-05,0.00010099999781232327
2022-08-30,0.00010099999781232327,0.00010299999848939478,9.7999996796716e-05,9.899999713525176e-05
2022-08-31,9.899999713525176e-05,0.00010199999815085903,9.899999713525176e-05,9.999999747378752e-05
2022-09-01,9.999999747378752e-05,0.00010099999781232327,9.7999996796716e-05,0.00010099999781232327
2022-09-02,0.00010099999781232327,0.00010199999815085903,9.899999713525176e-05,9.999999747378752e-05
2022-09-03,9.999999747378752e-05,9.999999747378752e-05,9.7999996796716e-05,9.899999713525176e-05
2022-09-04,9.899999713525176e-05,9.999999747378752e-05,9.7999996796716e-05,9.999999747378752e-05
2022-09-05,9.999999747378752e-05,9.999999747378752e-05,9.7999996796716e-05,9.899999713525176e-05
2022-09-06,9.899999713525176e-05,0.00010099999781232327,9.40000027185306e-05,9.40000027185306e-05
2022-09-07,9.40000027185306e-05,9.699999645818025e-05,9.300000237999484e-05,9.600000339560211e-05
2022-09-08,9.600000339560211e-05,9.699999645818025e-05,9.500000305706635e-05,9.699999645818025e-05
2022-09-09,9.699999645818025e-05,0.00010699999984353781,9.699999645818025e-05,0.00010699999984353781
2022-09-10,0.00010699999984353781,0.00010800000018207356,4.199999966658652e-05,4.3000000005122274e-05
2022-09-11,4.3000000005122274e-05,4.400000034365803e-05,4.3000000005122274e-05,4.400000034365803e-05
2022-09-12,4.400000034365803e-05,4.5000000682193786e-05,4.3000000005122274e-05,4.5000000682193786e-05
2022-09-13,4.5000000682193786e-05,4.5000000682193786e-05,3.9999998989515007e-05,4.099999932805076e-05
2022-09-14,3.9999998989515007e-05,4.099999932805076e-05,3.9999998989515007e-05,3.9999998989515007e-05
2022-09-15,3.9999998989515007e-05,4.099999932805076e-05,3.899999865097925e-05,3.899999865097925e-05
2022-09-16,3.899999865097925e-05,3.9999998989515007e-05,3.899999865097925e-05,3.9999998989515007e-05
2022-09-17,3.9999998989515007e-05,3.9999998989515007e-05,3.9999998989515007e-05,3.9999998989515007e-05
2022-09-18,3.9999998989515007e-05,3.9999998989515007e-05,3.899999865097925e-05,3.899999865097925e-05
2022-09-19,3.899999865097925e-05,3.899999865097925e-05,3.7000001611886546e-05,3.899999865097925e-05
2022-09-20,3.899999865097925e-05,3.899999865097925e-05,3.7999998312443495e-05,3.7999998312443495e-05
2022-09-21,3.7999998312443495e-05,3.899999865097925e-05,3.7000001611886546e-05,3.7000001611886546e-05
2022-09-22,3.7000001611886546e-05,3.899999865097925e-05,3.7000001611886546e-05,3.899999865097925e-05
2022-09-23,3.899999865097925e-05,3.899999865097925e-05,3.7000001611886546e-05,3.899999865097925e-05
2022-09-24,3.899999865097925e-05,3.899999865097925e-05,3.7999998312443495e-05,3.7999998312443495e-05
2022-09-25,3.7999998312443495e-05,3.7999998312443495e-05,3.7000001611886546e-05,3.7999998312443495e-05
2022-09-26,3.7999998312443495e-05,3.899999865097925e-05,3.7000001611886546e-05,3.7999998312443495e-05
2022-09-27,3.7999998312443495e-05,4.099999932805076e-05,3.7999998312443495e-05,3.7999998312443495e-05
2022-09-28,3.7999998312443495e-05,3.899999865097925e-05,3.7000001611886546e-05,3.899999865097925e-05
2022-09-29,3.899999865097925e-05,3.899999865097925e-05,3.7999998312443495e-05,3.899999865097925e-05
2022-09-30,3.899999865097925e-05,3.9999998989515007e-05,3.899999865097925e-05,3.899999865097925e-05
2022-10-01,3.899999865097925e-05,3.899999865097925e-05,3.7999998312443495e-05,3.899999865097925e-05
2022-10-02,3.899999865097925e-05,3.899999865097925e-05,3.7999998312443495e-05,3.7999998312443495e-05
2022-10-03,3.7999998312443495e-05,3.899999865097925e-05,3.7999998312443495e-05,3.899999865097925e-05
2022-10-04,3.899999865097925e-05,4.099999932805076e-05,3.899999865097925e-05,4.099999932805076e-05
2022-10-05,4.099999932805076e-05,4.099999932805076e-05,3.9999998989515007e-05,3.9999998989515007e-05
2022-10-06,3.9999998989515007e-05,4.099999932805076e-05,3.9999998989515007e-05,3.9999998989515007e-05
2022-10-07,3.9999998989515007e-05,3.9999998989515007e-05,3.899999865097925e-05,3.899999865097925e-05
2022-10-08,3.899999865097925e-05,3.899999865097925e-05,3.899999865097925e-05,3.899999865097925e-05
2022-10-09,3.899999865097925e-05,3.899999865097925e-05,3.899999865097925e-05,3.899999865097925e-05
2022-10-10,3.899999865097925e-05,3.899999865097925e-05,3.7999998312443495e-05,3.7999998312443495e-05
2022-10-11,3.7999998312443495e-05,3.7999998312443495e-05,3.7999998312443495e-05,3.7999998312443495e-05
2022-10-12,3.7999998312443495e-05,3.7999998312443495e-05,3.7999998312443495e-05,3.7999998312443495e-05
2022-10-13,3.7999998312443495e-05,3.899999865097925e-05,3.7000001611886546e-05,3.899999865097925e-05
2022-10-14,3.899999865097925e-05,3.9999998989515007e-05,3.7999998312443495e-05,3.7999998312443495e-05
2022-10-15,3.7999998312443495e-05,3.7999998312443495e-05,3.7999998312443495e-05,3.7999998312443495e-05
2022-10-16,3.7999998312443495e-05,3.899999865097925e-05,3.7999998312443495e-05,3.899999865097925e-05
2022-10-17,3.899999865097925e-05,3.899999865097925e-05,3.7999998312443495e-05,3.899999865097925e-05
2022-10-18,3.899999865097925e-05,3.899999865097925e-05,3.7999998312443495e-05,3.899999865097925e-05
2022-10-19,3.899999865097925e-05,3.899999865097925e-05,3.7999998312443495e-05,3.7999998312443495e-05
2022-10-20,3.7999998312443495e-05,3.899999865097925e-05,3.7999998312443495e-05,3.7999998312443495e-05
2022-10-21,3.7999998312443495e-05,1.0418139696121216,3.7999998312443495e-05,0.5981529951095581
2022-10-22,0.5981529951095581,0.6024919748306274,0.3368709981441498,0.39584699273109436
2022-10-23,0.3958370089530945,0.41074201464653015,0.3580999970436096,0.39835798740386963
2022-10-24,0.39835599064826965,0.4395659863948822,0.00015500000154133886,0.00023200000578071922
2022-10-25,0.00023200000578071922,0.00032500000088475645,0.00023099999816622585,0.0003220000071451068
2022-10-26,0.0003220000071451068,0.0010499999625608325,0.00028300000121816993,0.0010400000028312206
2022-10-27,0.0010400000028312206,0.00120599998626858,0.0010290000354871154,0.0011790000135079026
2022-10-28,0.0011790000135079026,0.0011810000287368894,0.0010059999767690897,0.001028000027872622
2022-10-29,0.001028000027872622,0.0010519999777898192,0.0010270000202581286,0.0010420000180602074
2022-10-30,0.0010420000180602074,0.0010479999473318458,0.0010290000354871154,0.001032999949529767
2022-10-31,0.001032999949529767,0.0010420000180602074,0.0010160000529140234,0.0010270000202581286
2022-11-01,0.0010270000202581286,0.0010339999571442604,0.0010140000376850367,0.0010260000126436353
2022-11-02,0.0010260000126436353,0.0010290000354871154,0.00016399999731220305,0.0009689999860711396
2022-11-03,0.0009689999860711396,0.0009800000116229057,0.000965000013820827,0.0009679999784566462
2022-11-04,0.0009679999784566462,0.0010209999745711684,0.0009670000290498137,0.0010140000376850367
2022-11-05,0.0010130000300705433,0.001028000027872622,0.0010110000148415565,0.001019999966956675
2022-11-06,0.001019999966956675,0.0010229999898001552,0.001003999961540103,0.0010049999691545963
2022-11-07,0.001003999961540103,0.00101200002245605,0.0009840000420808792,0.000990999978967011
2022-11-08,0.0009899999713525176,0.0009929999941959977,0.0008459999808110297,0.0008909999742172658
2022-11-09,0.0008909999742172658,0.000893999997060746,0.0007529999711550772,0.0007619999814778566
2022-11-10,0.0007619999814778566,0.0008689999813213944,0.0007600000244565308,0.0008449999731965363
2022-11-11,0.0008449999731965363,0.0008479999960400164,0.0007939999923110008,0.0008159999852068722
2022-11-12,0.0008159999852068722,0.000818000000435859,0.0007970000151544809,0.0008040000102482736
2022-11-13,0.0008040000102482736,0.0008099999977275729,0.0007820000173524022,0.000783999974373728
2022-11-14,0.000783999974373728,0.0008210000232793391,0.0007580000092275441,0.0007939999923110008
2022-11-15,0.0007939999923110008,0.0008149999775923789,0.0007900000200606883,0.0008060000254772604
2022-11-16,0.0008060000254772604,0.0008099999977275729,0.0007750000222586095,0.0007890000124461949
2022-11-17,0.0007890000124461949,0.0008019999950192869,0.0007880000048317015,0.0007970000151544809
2022-11-18,0.0007970000151544809,0.000813000020571053,0.0007919999770820141,0.0007989999721758068
2022-11-19,0.0007989999721758068,0.0008079999824985862,0.0007919999770820141,0.0008030000026337802
2022-11-20,0.0008030000026337802,0.0008040000102482736,0.0007800000021234155,0.0007830000249668956
2022-11-21,0.0007830000249668956,0.0007830000249668956,0.0007479999912902713,0.0007570000016130507
2022-11-22,0.0007570000016130507,0.0007800000021234155,0.0007510000141337514,0.0007779999868944287
2022-11-23,0.0007779999868944287,0.0009660000214353204,0.00019700000120792538,0.0009640000062063336
2022-11-24,0.0009640000062063336,0.0009730000165291131,0.0001990000018849969,0.00019999999494757503
2022-11-25,0.00019999999494757503,0.00019999999494757503,9.899999713525176e-05,0.00019799999427050352
2022-11-26,0.00019799999427050352,0.00019999999494757503,0.00019700000120792538,0.00019700000120792538
2022-11-27,0.00019700000120792538,0.0001990000018849969,0.00019700000120792538,0.00019700000120792538
2022-11-28,0.00019700000120792538,0.00019799999427050352,0.00019299999985378236,0.00019500000053085387
2022-11-29,0.00019500000053085387,0.00019799999427050352,0.0001939999929163605,0.00019799999427050352
2022-11-30,0.00019799999427050352,0.00020700000459328294,0.00019799999427050352,0.00020599999697878957
2022-12-01,0.00020599999697878957,0.00020700000459328294,0.00010099999781232327,0.00010199999815085903
2022-12-02,0.00010199999815085903,0.00010299999848939478,0.00010099999781232327,0.00010299999848939478
2022-12-03,0.00010299999848939478,0.00010299999848939478,0.00010099999781232327,0.00010099999781232327
2022-12-04,0.00010099999781232327,0.00010299999848939478,0.00010099999781232327,0.00010299999848939478
2022-12-05,0.00010299999848939478,0.00010399999882793054,0.00010199999815085903,0.00010199999815085903
2022-12-06,0.00010199999815085903,0.00010299999848939478,0.00010199999815085903,0.00010299999848939478
2022-12-07,0.00010299999848939478,0.00010299999848939478,0.00010099999781232327,0.00010099999781232327
2022-12-08,0.00010099999781232327,0.00010399999882793054,0.00010099999781232327,0.00010299999848939478
2022-12-09,0.00010299999848939478,0.00010399999882793054,0.00010299999848939478,0.00010299999848939478
2022-12-10,0.00010299999848939478,0.00010299999848939478,0.00010299999848939478,0.00010299999848939478
2022-12-11,0.00010299999848939478,0.00010299999848939478,0.00010299999848939478,0.00010299999848939478
2022-12-12,0.00010299999848939478,0.00010299999848939478,0.00010099999781232327,0.00010299999848939478
2022-12-13,0.00010299999848939478,0.00010800000018207356,0.00010299999848939478,0.00010699999984353781
2022-12-14,0.00010699999984353781,0.00011000000085914508,0.00010599999950500205,0.00010699999984353781
2022-12-15,0.00010699999984353781,0.00010699999984353781,0.00010399999882793054,0.00010399999882793054
2022-12-16,0.00010399999882793054,0.0001049999991664663,9.999999747378752e-05,9.999999747378752e-05
2022-12-17,9.999999747378752e-05,0.00010099999781232327,9.999999747378752e-05,0.00010099999781232327
2022-12-18,0.00010099999781232327,0.00010099999781232327,9.999999747378752e-05,0.00010099999781232327
2022-12-19,0.00010099999781232327,0.00010099999781232327,9.7999996796716e-05,9.899999713525176e-05
2022-12-20,9.899999713525176e-05,0.00010199999815085903,9.899999713525176e-05,0.00010099999781232327
2022-12-21,0.00010099999781232327,0.00010199999815085903,0.00010099999781232327,0.00010099999781232327
2022-12-22,0.00010099999781232327,0.00010099999781232327,9.999999747378752e-05,0.00010099999781232327
2022-12-23,0.00010099999781232327,0.00010099999781232327,0.00010099999781232327,0.00010099999781232327
2022-12-24,0.00010099999781232327,0.00010099999781232327,0.00010099999781232327,0.00010099999781232327
2022-12-25,0.00010099999781232327,0.00010099999781232327,0.00010099999781232327,0.00010099999781232327
2022-12-26,0.00010099999781232327,0.00010199999815085903,0.00010099999781232327,0.00010199999815085903
2022-12-27,0.00010199999815085903,0.00010199999815085903,9.999999747378752e-05,9.999999747378752e-05
2022-12-28,9.999999747378752e-05,0.00010099999781232327,9.899999713525176e-05,9.899999713525176e-05
2022-12-29,9.899999713525176e-05,9.999999747378752e-05,9.899999713525176e-05,9.999999747378752e-05
2022-12-30,9.999999747378752e-05,9.999999747378752e-05,9.7999996796716e-05,9.999999747378752e-05
2022-12-31,9.999999747378752e-05,9.999999747378752e-05,9.899999713525176e-05,9.899999713525176e-05
2023-01-01,9.899999713525176e-05,9.999999747378752e-05,9.899999713525176e-05,9.999999747378752e-05
2023-01-02,9.999999747378752e-05,0.00010099999781232327,9.899999713525176e-05,9.999999747378752e-05
2023-01-03,9.999999747378752e-05,0.00010099999781232327,9.999999747378752e-05,9.999999747378752e-05
2023-01-04,9.999999747378752e-05,0.00010199999815085903,9.999999747378752e-05,0.00010099999781232327
2023-01-05,0.00010099999781232327,0.00010099999781232327,0.00010099999781232327,0.00010099999781232327
2023-01-06,0.00010099999781232327,0.00010199999815085903,9.999999747378752e-05,0.00010199999815085903
2023-01-07,0.00010199999815085903,0.00010199999815085903,0.00010099999781232327,0.00010199999815085903
2023-01-08,0.00010199999815085903,0.00010299999848939478,0.00010199999815085903,0.00010299999848939478
2023-01-09,0.00010299999848939478,0.00010399999882793054,0.00010299999848939478,0.00010299999848939478
2023-01-10,0.00010299999848939478,0.0005070000188425183,0.00010299999848939478,0.000506000011228025
2023-01-11,0.000506000011228025,0.0005200000014156103,0.0005029999883845448,0.0005200000014156103
2023-01-12,0.0005249999812804163,0.0005520000122487545,0.000522000016644597,0.0005469999741762877
2023-01-13,0.0005469999741762877,0.0005789999850094318,0.0005440000095404685,0.000577000027988106
2023-01-14,0.000577000027988106,0.000610999995842576,0.00020300000323913991,0.0002099999983329326
2023-01-15,0.0002099999983329326,0.0002099999983329326,0.00020599999697878957,0.00020900000527035445
2023-01-16,0.00020900000527035445,0.00021399999968707561,0.00020700000459328294,0.0002119999990100041
2023-01-17,0.0002119999990100041,0.00021399999968707561,0.0002099999983329326,0.0002119999990100041
2023-01-18,0.0002119999990100041,0.00021600000036414713,0.00020500000391621143,0.00020700000459328294
2023-01-19,0.00020700000459328294,0.0002119999990100041,0.00020700000459328294,0.00021100000594742596
2023-01-20,0.00021100000594742596,0.00022699999681208283,0.00020900000527035445,0.00022699999681208283
2023-01-21,0.00022699999681208283,0.00023299999884329736,0.00022499999613501132,0.0002280000044265762
2023-01-22,0.0002280000044265762,0.00023099999816622585,0.00022400000307243317,0.00022699999681208283
2023-01-23,0.00022699999681208283,0.00023099999816622585,0.00022699999681208283,0.00022899999748915434
2023-01-24,0.00022899999748915434,0.00023099999816622585,0.00022499999613501132,0.00022600000374950469
2023-01-25,0.00022600000374950469,0.00023700000019744039,0.00022400000307243317,0.00023099999816622585
2023-01-26,0.00023099999816622585,0.0002579999854788184,0.00023099999816622585,0.00025599999935366213
2023-01-27,0.00025599999935366213,0.00026000000070780516,0.00025099999038502574,0.00025599999935366213
2023-01-28,0.00025599999935366213,0.0002570000069681555,0.00025400001322850585,0.00025599999935366213
2023-01-29,0.00025599999935366213,0.00026599998818710446,0.00025499999173916876,0.0002640000020619482
2023-01-30,0.0002640000020619482,0.0002640000020619482,0.00025099999038502574,0.00025400001322850585
2023-01-31,0.00025400001322850585,0.0002579999854788184,0.0002530000056140125,0.0002570000069681555
2023-02-01,0.0002570000069681555,0.0002640000020619482,0.00025400001322850585,0.0002629999944474548
2023-02-02,0.0002629999944474548,0.0002680000034160912,0.0002610000083222985,0.0002610000083222985
2023-02-03,0.0002610000083222985,0.0002629999944474548,0.0002579999854788184,0.00026000000070780516
2023-02-04,0.00026000000070780516,0.0002610000083222985,0.0002589999930933118,0.0002589999930933118
2023-02-05,0.0002589999930933118,0.00026000000070780516,0.00025400001322850585,0.00025499999173916876
2023-02-06,0.00025499999173916876,0.0002570000069681555,0.0002519999979995191,0.0002530000056140125
2023-02-07,0.0002530000056140125,0.0002589999930933118,0.0002530000056140125,0.0002579999854788184
2023-02-08,0.0002579999854788184,0.0002589999930933118,0.0002519999979995191,0.00025499999173916876
2023-02-09,0.00025499999173916876,0.00025499999173916876,0.00024199999461416155,0.00024199999461416155
2023-02-10,0.00024199999461416155,0.00024399999529123306,0.0002390000008745119,0.00023999999393709004
2023-02-11,0.00023999999393709004,0.00024300000222865492,0.00023999999393709004,0.00024300000222865492
2023-02-12,0.00024300000222865492,0.00024500000290572643,0.0002410000015515834,0.00024199999461416155
2023-02-13,0.00024199999461416155,0.00024300000222865492,0.00023799999326001853,0.00024199999461416155
2023-02-14,0.00024199999461416155,0.0002469999890308827,0.00023999999393709004,0.0002469999890308827
2023-02-15,0.0002469999890308827,0.0002699999895412475,0.00024500000290572643,0.0002699999895412475
2023-02-16,0.0002699999895412475,0.0002789999998640269,0.00026199998683296144,0.00026199998683296144
2023-02-17,0.00026199998683296144,0.0002770000137388706,0.00026000000070780516,0.0002730000123847276
2023-02-18,0.0002730000123847276,0.0002749999985098839,0.00027200000477023423,0.0002739999908953905
2023-02-19,0.0002739999908953905,0.0006880000000819564,0.00027099999715574086,0.0006840000278316438
2023-02-20,0.0006840000278316438,0.0009980000322684646,0.0006719999946653843,0.000990999978967011
2023-02-21,0.000990999978967011,0.000999000039882958,0.0007960000075399876,0.0008849999867379665
2023-02-22,0.0008849999867379665,0.0009469999931752682,0.000770999991800636,0.0007890000124461949
2023-02-23,0.0007890000124461949,0.0008859999943524599,0.0007730000070296228,0.0007779999868944287
2023-02-24,0.0007779999868944287,0.0007830000249668956,0.0007479999912902713,0.0007539999787695706
2023-02-25,0.0007539999787695706,0.0007539999787695706,0.0007430000114254653,0.0007529999711550772
2023-02-26,0.0007529999711550772,0.0007689999765716493,0.000750000006519258,0.0007660000119358301
2023-02-27,0.0007660000119358301,0.000770999991800636,0.000750000006519258,0.0007600000244565308
2023-02-28,0.0007600000244565308,0.0007619999814778566,0.0007450000266544521,0.0007479999912902713
2023-03-01,0.0007479999912902713,0.000770999991800636,0.0007459999760612845,0.0007639999967068434
2023-03-02,0.0007639999967068434,0.0007670000195503235,0.0007510000141337514,0.0007580000092275441
2023-03-03,0.0007580000092275441,0.0007580000092275441,0.0007169999880716205,0.0007220000261440873
2023-03-04,0.0007220000261440873,0.0007239999831654131,0.0007169999880716205,0.0007220000261440873
2023-03-05,0.0007220000261440873,0.0007300000288523734,0.0007210000185295939,0.0007249999907799065
2023-03-06,0.0007249999907799065,0.00072900002123788,0.0007210000185295939,0.0007239999831654131
2023-03-07,0.0007239999831654131,0.0007280000136233866,0.0004659999976865947,0.000526999996509403
2023-03-08,0.000526999996509403,0.0005280000041238964,0.000514000013936311,0.0005150000215508044
2023-03-09,0.0005150000215508044,0.0005169999785721302,0.00047900000936351717,0.0004830000107176602
2023-03-10,0.0004830000107176602,0.0004830000107176602,0.00046499999007210135,0.0004780000017490238
2023-03-11,0.0004780000017490238,0.000493000028654933,0.00047599998652003706,0.0004889999981969595
2023-03-12,0.0004889999981969595,0.0005249999812804163,0.00048499999684281647,0.0005249999812804163
2023-03-13,0.0005249999812804163,0.0005799999926239252,0.0005200000014156103,0.0005729999975301325
2023-03-14,0.0005729999975301325,0.0006249999860301614,0.0005719999899156392,0.0005869999877177179
2023-03-15,0.0005869999877177179,0.0005959999980404973,0.0005709999823011458,0.0005779999773949385
2023-03-16,0.0005779999773949385,0.0005959999980404973,0.0005750000127591193,0.0005939999828115106
2023-03-17,0.0005939999828115106,0.0006580000044777989,0.0005910000181756914,0.0006489999941550195
2023-03-18,0.0006500000017695129,0.0006569999968633056,0.0006360000115819275,0.0006389999762177467
2023-03-19,0.0006389999762177467,0.0006730000022798777,0.0006380000268109143,0.0006639999919570982
2023-03-20,0.0006639999919570982,0.000674000009894371,0.0006459999713115394,0.0006580000044777989
2023-03-21,0.0006580000044777989,0.0006730000022798777,0.0006510000093840063,0.0006680000224150717
2023-03-22,0.0006680000224150717,0.0006830000202171504,0.0006350000039674342,0.0006479999865405262
2023-03-23,0.0006479999865405262,0.0006799999973736703,0.000645000021904707,0.0006719999946653843
2023-03-24,0.0006719999946653843,0.0006730000022798777,0.0006430000066757202,0.0006510000093840063
2023-03-25,0.0006510000093840063,0.0006580000044777989,0.000645000021904707,0.0006520000169984996
2023-03-26,0.0006520000169984996,0.0006670000148005784,0.0006510000093840063,0.0006639999919570982
2023-03-27,0.0006639999919570982,0.0006639999919570982,0.0006319999811239541,0.0006440000142902136
2023-03-28,0.0006440000142902136,0.0006510000093840063,0.0006329999887384474,0.0006469999789260328
2023-03-29,0.0006469999789260328,0.0006769999745301902,0.0006459999713115394,0.0006719999946653843
2023-03-30,0.0006719999946653843,0.0006900000153109431,0.0006590000120922923,0.0006649999995715916
2023-03-31,0.0006649999995715916,0.0006779999821446836,0.0006549999816343188,0.0006750000175088644
2023-04-01,0.0006750000175088644,0.0006810000049881637,0.0006709999870508909,0.000674000009894371
2023-04-02,0.0006750000175088644,0.0006760000251233578,0.00011999999696854502,0.00012099999730708078
2023-04-03,0.00012099999730708078,0.00012199999764561653,0.00011800000356743112,0.00011999999696854502
2023-04-04,0.00011999999696854502,0.00012199999764561653,0.00011899999663000926,0.00012099999730708078
2023-04-05,0.00012099999730708078,0.0001230000052601099,0.00011999999696854502,0.00012099999730708078
2023-04-06,0.00012099999730708078,0.0001939999929163605,0.00011700000322889537,0.00011800000356743112
2023-04-07,0.00011800000356743112,0.00011800000356743112,0.00011700000322889537,0.00011700000322889537
2023-04-08,0.00011700000322889537,0.00011800000356743112,0.00011700000322889537,0.00011700000322889537
2023-04-09,0.00011700000322889537,0.00011999999696854502,0.00011700000322889537,0.00011899999663000926
2023-04-10,0.00011899999663000926,0.0001250000059371814,0.00011800000356743112,0.0001250000059371814
2023-04-11,0.0001250000059371814,0.00012799999967683107,0.00012399999832268804,0.00012700000661425292
2023-04-12,0.00012700000661425292,0.00012799999967683107,0.0001250000059371814,0.00012700000661425292
2023-04-13,0.00012599999899975955,0.00012799999967683107,0.00012599999899975955,0.00012799999967683107
2023-04-14,0.00012799999967683107,0.00013000000035390258,0.00012599999899975955,0.00012799999967683107
2023-04-15,0.00012799999967683107,0.00012799999967683107,0.00012700000661425292,0.00012700000661425292
2023-04-16,0.00012700000661425292,0.00012799999967683107,0.00012700000661425292,0.00012700000661425292
2023-04-17,0.00012700000661425292,0.00012700000661425292,0.00011800000356743112,0.00011800000356743112
2023-04-18,0.00011800000356743112,0.00012199999764561653,0.00011700000322889537,0.00012199999764561653
2023-04-19,0.00012199999764561653,0.00012199999764561653,0.00011500000255182385,0.00011500000255182385
2023-04-20,0.00011500000255182385,0.00011600000289035961,0.00011200000153621659,0.00011300000187475234
2023-04-21,0.00011300000187475234,0.00011300000187475234,0.00010900000052060932,0.00010900000052060932
2023-04-22,0.00010900000052060932,0.00011100000119768083,0.00010900000052060932,0.00011100000119768083
2023-04-23,0.00011100000119768083,0.00011100000119768083,0.00011000000085914508,0.00011000000085914508
2023-04-24,0.00011000000085914508,0.00011200000153621659,0.00010800000018207356,0.00011000000085914508
2023-04-25,0.00011000000085914508,0.00011300000187475234,0.00010900000052060932,0.00011300000187475234
2023-04-26,0.00011300000187475234,0.00011999999696854502,0.00011000000085914508,0.0001140000022132881
2023-04-27,0.0001140000022132881,0.00011899999663000926,0.0001140000022132881,0.00011800000356743112
2023-04-28,0.00011800000356743112,0.00011800000356743112,0.00011600000289035961,0.00011700000322889537
2023-04-29,0.00011700000322889537,0.00011800000356743112,0.00011700000322889537,0.00011700000322889537
2023-04-30,0.00011700000322889537,0.00011999999696854502,0.00011600000289035961,0.00011700000322889537
2023-05-01,0.00011700000322889537,0.00011700000322889537,0.00011100000119768083,0.00011200000153621659
2023-05-02,0.00011200000153621659,0.00011500000255182385,0.00011200000153621659,0.00011500000255182385
2023-05-03,0.00011500000255182385,0.00011700000322889537,0.00011300000187475234,0.00011600000289035961
2023-05-04,0.00011600000289035961,0.00011700000322889537,0.00011500000255182385,0.00011500000255182385
2023-05-05,0.00011500000255182385,0.00011899999663000926,0.00011500000255182385,0.00011800000356743112
2023-05-06,0.00011800000356743112,0.00011899999663000926,0.0001140000022132881,0.00011600000289035961
2023-05-07,0.00011600000289035961,0.00011600000289035961,0.0001140000022132881,0.0001140000022132881
2023-05-08,0.0001140000022132881,0.00011500000255182385,0.00010900000052060932,0.00011100000119768083
2023-05-09,0.00011100000119768083,0.00011100000119768083,0.00011000000085914508,0.00011100000119768083
2023-05-10,0.00011100000119768083,0.00011300000187475234,0.00010800000018207356,0.00011000000085914508
2023-05-11,0.00011000000085914508,0.00011000000085914508,0.00010699999984353781,0.00010800000018207356
2023-05-12,0.00010800000018207356,0.00010800000018207356,0.00010399999882793054,0.00010699999984353781
2023-05-13,0.00010699999984353781,0.00010800000018207356,0.00010699999984353781,0.00010699999984353781
2023-05-14,0.00010699999984353781,0.00010900000052060932,0.00010699999984353781,0.00010800000018207356
2023-05-15,0.00010800000018207356,0.00011100000119768083,0.00010699999984353781,0.00010900000052060932
2023-05-16,0.00010900000052060932,0.00010900000052060932,0.00010800000018207356,0.00010800000018207356
2023-05-17,0.00010800000018207356,0.00011000000085914508,0.00010599999950500205,0.00011000000085914508
2023-05-18,0.00011000000085914508,0.00011000000085914508,0.00010599999950500205,0.00010699999984353781
2023-05-19,0.00010699999984353781,0.00010800000018207356,0.00010699999984353781,0.00010800000018207356
2023-05-20,0.00010800000018207356,0.00010900000052060932,0.00010699999984353781,0.00010800000018207356
2023-05-21,0.00010800000018207356,0.00010900000052060932,0.00010699999984353781,0.00010699999984353781
2023-05-22,0.00010699999984353781,0.00010800000018207356,0.00010599999950500205,0.00010699999984353781
2023-05-23,0.00010699999984353781,0.00011000000085914508,0.00010699999984353781,0.00010900000052060932
2023-05-24,0.00010900000052060932,0.00010900000052060932,0.0001049999991664663,0.0001049999991664663
2023-05-25,0.0001049999991664663,0.00010599999950500205,0.00010399999882793054,0.00010599999950500205
2023-05-26,0.00010599999950500205,0.00010699999984353781,0.0001049999991664663,0.00010699999984353781
2023-05-27,0.00010699999984353781,0.00010699999984353781,0.00010699999984353781,0.00010699999984353781
2023-05-28,0.00010699999984353781,0.00011300000187475234,0.00010699999984353781,0.00011200000153621659
2023-05-29,0.00011200000153621659,0.0001140000022132881,0.00011000000085914508,0.00011100000119768083
2023-05-30,0.00011100000119768083,0.00011200000153621659,0.00011000000085914508,0.00011100000119768083
2023-05-31,0.00011100000119768083,0.00011100000119768083,0.00010800000018207356,0.00010900000052060932
2023-06-01,0.00010900000052060932,0.00010900000052060932,0.00010699999984353781,0.00010699999984353781
2023-06-02,0.00010699999984353781,0.00010900000052060932,0.00010599999950500205,0.00010900000052060932
2023-06-03,0.00010900000052060932,0.00010900000052060932,0.00010800000018207356,0.00010800000018207356
2023-06-04,0.00010800000018207356,0.00011000000085914508,0.00010800000018207356,0.00010800000018207356
2023-06-05,0.00010800000018207356,0.00010900000052060932,0.00010199999815085903,0.00010299999848939478
2023-06-06,0.00010299999848939478,0.00010900000052060932,0.00010199999815085903,0.00010900000052060932
2023-06-07,0.00010900000052060932,0.00010900000052060932,0.0001049999991664663,0.0001049999991664663
2023-06-08,0.0001049999991664663,0.00010699999984353781,0.0001049999991664663,0.00010599999950500205
2023-06-09,0.00010599999950500205,0.00010699999984353781,0.0001049999991664663,0.00010599999950500205
2023-06-10,0.00010599999950500205,0.00010599999950500205,0.00010199999815085903,0.00010299999848939478
2023-06-11,0.00010299999848939478,0.0001049999991664663,0.00010299999848939478,0.00010399999882793054
2023-06-12,0.00010399999882793054,0.00010399999882793054,0.00010299999848939478,0.00010399999882793054
2023-06-13,0.00010399999882793054,0.0001049999991664663,0.00010299999848939478,0.00010399999882793054
2023-06-14,0.00010399999882793054,0.00010399999882793054,9.999999747378752e-05,9.999999747378752e-05
2023-06-15,9.999999747378752e-05,0.00010299999848939478,9.899999713525176e-05,0.00010199999815085903
2023-06-16,0.00010199999815085903,0.00010599999950500205,0.00010099999781232327,0.0001049999991664663
2023-06-17,0.0001049999991664663,0.00010699999984353781,0.0001049999991664663,0.00010599999950500205
2023-06-18,0.00010599999950500205,0.00010699999984353781,0.0001049999991664663,0.0001049999991664663
2023-06-19,0.0001049999991664663,0.00010800000018207356,0.0001049999991664663,0.00010699999984353781
2023-06-20,0.00010699999984353781,0.00011300000187475234,0.00010699999984353781,0.00011300000187475234
2023-06-21,0.00011300000187475234,0.0001230000052601099,0.00011300000187475234,0.00011999999696854502
2023-06-22,0.00011999999696854502,0.00012199999764561653,0.00011899999663000926,0.00011999999696854502
2023-06-23,0.00011999999696854502,0.0001250000059371814,0.00011899999663000926,0.0001230000052601099
2023-06-24,0.0001230000052601099,0.0001230000052601099,0.00012099999730708078,0.00012199999764561653
2023-06-25,0.00012199999764561653,0.00012399999832268804,0.00012099999730708078,0.00012199999764561653
2023-06-26,0.00012199999764561653,0.0002849999873433262,0.00012099999730708078,0.00028199999360367656
2023-06-27,0.00028199999360367656,0.0002880000101868063,0.0002809999859891832,0.0002849999873433262
2023-06-28,0.0002849999873433262,0.0002849999873433262,0.0002789999998640269,0.0002800000074785203
2023-06-29,0.0002800000074785203,0.0002859999949578196,0.0002800000074785203,0.00028300000121816993
2023-06-30,0.00028300000121816993,0.0002899999963119626,0.0002770000137388706,0.0002840000088326633
2023-07-01,0.0002840000088326633,0.0002849999873433262,0.00028199999360367656,0.0002849999873433262
2023-07-02,0.0002849999873433262,0.0002859999949578196,0.00028199999360367656,0.0002849999873433262
2023-07-03,0.0002849999873433262,0.000291000003926456,0.0002849999873433262,0.0002899999963119626
2023-07-04,0.0002899999963119626,0.000291000003926456,0.0002859999949578196,0.0002859999949578196
2023-07-05,0.0002859999949578196,0.00028700000257231295,0.0002809999859891832,0.0002840000088326633
2023-07-06,0.0002840000088326633,0.00029200001154094934,0.00027799999224953353,0.00027799999224953353
2023-07-07,0.00027799999224953353,0.00028300000121816993,0.0002770000137388706,0.00028199999360367656
2023-07-08,0.00028199999360367656,0.00028199999360367656,0.0002800000074785203,0.00028199999360367656
2023-07-09,0.00028199999360367656,0.00028300000121816993,0.0002800000074785203,0.0002809999859891832
2023-07-10,0.0002809999859891832,0.0002880000101868063,0.0002789999998640269,0.00028300000121816993
2023-07-11,0.00028300000121816993,0.0002859999949578196,0.00028199999360367656,0.0002849999873433262
2023-07-12,0.0002849999873433262,0.00028700000257231295,0.00028199999360367656,0.00028300000121816993
2023-07-13,0.00028300000121816993,0.000295000005280599,0.00028199999360367656,0.00029299999005161226
2023-07-14,0.00029299999005161226,0.00029299999005161226,0.0002789999998640269,0.00028199999360367656
2023-07-15,0.00028199999360367656,0.00028300000121816993,0.00028199999360367656,0.00028199999360367656
2023-07-16,0.00028199999360367656,0.00028300000121816993,0.0002800000074785203,0.0002809999859891832
2023-07-17,0.0002809999859891832,0.00028199999360367656,0.0002770000137388706,0.0002800000074785203
2023-07-18,0.0002800000074785203,0.0002809999859891832,0.00027600000612437725,0.00027799999224953353
2023-07-19,0.00027799999224953353,0.0005590000073425472,0.00027799999224953353,0.0005569999921135604
2023-07-20,0.0005559999844990671,0.0005779999773949385,0.0005549999768845737,0.0005660000024363399
2023-07-21,0.0005660000024363399,0.00056900002527982,0.00028300000121816993,0.0002840000088326633
2023-07-22,0.0002840000088326633,0.0002849999873433262,0.00028199999360367656,0.00028300000121816993
2023-07-23,0.00028300000121816993,0.0002880000101868063,0.00028300000121816993,0.0002859999949578196
2023-07-24,0.0002859999949578196,0.0002859999949578196,0.0002749999985098839,0.0002770000137388706
2023-07-25,0.0002770000137388706,0.0002789999998640269,0.00027600000612437725,0.00027799999224953353
2023-07-26,0.00027799999224953353,0.00028199999360367656,0.0002770000137388706,0.0002789999998640269
2023-07-27,0.0002789999998640269,0.0002809999859891832,0.0002770000137388706,0.00027799999224953353
2023-07-28,0.00027799999224953353,0.001180000021122396,0.0002770000137388706,0.0011729999678209424
2023-07-29,0.0011729999678209424,0.0011739999754354358,0.0011129999766126275,0.0011159999994561076
2023-07-30,0.0011159999994561076,0.0011190000222995877,0.0011060000397264957,0.0011129999766126275
2023-07-31,0.0011129999766126275,0.001120000029914081,0.0011080000549554825,0.0011109999613836408
2023-08-01,0.0011109999613836408,0.0011259999591857195,0.0010930000571534038,0.0011259999591857195
2023-08-02,0.0011259999591857195,0.0011390000581741333,0.0011030000168830156,0.0011080000549554825
2023-08-03,0.0011080000549554825,0.0011159999994561076,0.0011020000092685223,0.001108999946154654
2023-08-04,0.001108999946154654,0.0011139999842271209,0.0010979999788105488,0.0011050000321120024
2023-08-05,0.0011050000321120024,0.0011060000397264957,0.001101000001654029,0.001104000024497509
2023-08-06,0.001104000024497509,0.0011080000549554825,0.001101000001654029,0.001104000024497509
2023-08-07,0.001104000024497509,0.0011109999613836408,0.0010930000571534038,0.001108999946154654
2023-08-08,0.001108999946154654,0.0011439999798312783,0.0011060000397264957,0.0011309999972581863
2023-08-09,0.0011309999972581863,0.0011419999646022916,0.0011180000146850944,0.0011239999439567327
2023-08-10,0.0011239999439567327,0.0011279999744147062,0.0011159999994561076,0.0011190000222995877
2023-08-11,0.0011190000222995877,0.0011210000375285745,0.0011129999766126275,0.0011180000146850944
2023-08-12,0.0011180000146850944,0.0011190000222995877,0.00014699999883305281,0.00014699999883305281
2023-08-13,0.00014699999883305281,0.00014699999883305281,0.00014600000577047467,0.00014600000577047467
2023-08-14,0.00014600000577047467,0.00014800000644754618,0.00014600000577047467,0.00014699999883305281
2023-08-15,0.00014699999883305281,0.00014699999883305281,0.0001449999981559813,0.00014600000577047467
2023-08-16,0.00014600000577047467,0.00014600000577047467,0.00014400000509340316,0.00014400000509340316
2023-08-17,0.00014400000509340316,0.00014400000509340316,0.00012799999967683107,0.00013299999409355223
2023-08-18,0.00013299999409355223,0.0001340000017080456,0.0001289999927394092,0.00013000000035390258
2023-08-19,0.00013000000035390258,0.00013099999341648072,0.0001289999927394092,0.00013099999341648072
2023-08-20,0.00013099999341648072,0.00013099999341648072,0.00013000000035390258,0.00013099999341648072
2023-08-21,0.00013099999341648072,0.00013099999341648072,0.00013000000035390258,0.00013099999341648072
2023-08-22,0.00013099999341648072,0.00013099999341648072,0.00012799999967683107,0.00013000000035390258
2023-08-23,0.00013000000035390258,0.0001340000017080456,0.0001289999927394092,0.0001320000010309741
2023-08-24,0.0001320000010309741,0.00013299999409355223,0.00013000000035390258,0.00013099999341648072
2023-08-25,0.00013099999341648072,0.00015700000221841037,0.00013099999341648072,0.000155999994603917
2023-08-26,0.000155999994603917,0.00015700000221841037,0.000155999994603917,0.000155999994603917
2023-08-27,0.000155999994603917,0.00015700000221841037,0.000155999994603917,0.00015700000221841037
2023-08-28,0.00015700000221841037,0.00015700000221841037,0.00015500000154133886,0.00015700000221841037
2023-08-29,0.00015700000221841037,0.00016799999866634607,0.000155999994603917,0.00016599999798927456
2023-08-30,0.00016599999798927456,0.00016599999798927456,0.0001630000042496249,0.00016399999731220305
2023-08-31,0.00016399999731220305,0.00016500000492669642,0.00015500000154133886,0.000155999994603917
2023-09-01,0.000155999994603917,0.00015700000221841037,0.00015300000086426735,0.00015500000154133886
2023-09-02,0.00015500000154133886,0.000155999994603917,0.00015500000154133886,0.00015500000154133886
2023-09-03,0.00015500000154133886,0.000155999994603917,0.00015500000154133886,0.000155999994603917
2023-09-04,0.000155999994603917,0.000155999994603917,0.0001539999939268455,0.00015500000154133886
2023-09-05,0.00015500000154133886,0.00015500000154133886,0.0001539999939268455,0.00015500000154133886
2023-09-06,0.00015500000154133886,0.000155999994603917,0.00015300000086426735,0.00015500000154133886
2023-09-07,0.00015500000154133886,0.00015799999528098851,0.0001539999939268455,0.00015700000221841037
2023-09-08,0.00015700000221841037,0.00015799999528098851,0.0001539999939268455,0.000155999994603917
2023-09-09,0.000155999994603917,0.000155999994603917,0.00015500000154133886,0.00015500000154133886
2023-09-10,0.00015500000154133886,0.000155999994603917,0.0001539999939268455,0.00015500000154133886
2023-09-11,0.00015500000154133886,0.00015500000154133886,0.0001500000071246177,0.00015100000018719584
2023-09-12,0.00015100000018719584,0.00015799999528098851,0.00015100000018719584,0.00015500000154133886
2023-09-13,0.00015500000154133886,0.00015799999528098851,0.00015500000154133886,0.00015700000221841037
2023-09-14,0.00015700000221841037,0.00015999999595806003,0.00015700000221841037,0.00015900000289548188
2023-09-15,0.00015900000289548188,0.0001610000035725534,0.00015799999528098851,0.00015999999595806003
2023-09-16,0.00015999999595806003,0.0001610000035725534,0.00015900000289548188,0.00015900000289548188
2023-09-17,0.00015900000289548188,0.00015999999595806003,0.00015900000289548188,0.00015900000289548188
2023-09-18,0.00015900000289548188,0.00016399999731220305,0.00015900000289548188,0.0001610000035725534
2023-09-19,0.0001610000035725534,0.00016500000492669642,0.00015999999595806003,0.0001630000042496249
2023-09-20,0.0001630000042496249,0.00016399999731220305,0.0001610000035725534,0.0001630000042496249
2023-09-21,0.0001630000042496249,0.0001630000042496249,0.00015900000289548188,0.00015900000289548188
2023-09-22,0.00015900000289548188,0.00015999999595806003,0.00015900000289548188,0.00015999999595806003
2023-09-23,0.00015999999595806003,0.00015999999595806003,0.00015900000289548188,0.00015999999595806003
2023-09-24,0.00015999999595806003,0.00015999999595806003,0.00015799999528098851,0.00015799999528098851
2023-09-25,0.00015799999528098851,0.00015799999528098851,0.000155999994603917,0.00015799999528098851
2023-09-26,0.00015799999528098851,0.00015799999528098851,0.00015700000221841037,0.00015700000221841037
2023-09-27,0.00015700000221841037,0.0001610000035725534,0.00015700000221841037,0.00015799999528098851
2023-09-28,0.00015799999528098851,0.0001630000042496249,0.00015799999528098851,0.00016199999663513154
2023-09-29,0.00016199999663513154,0.0001630000042496249,0.0001610000035725534,0.00016199999663513154
2023-09-30,0.00016199999663513154,0.0001630000042496249,0.0001610000035725534,0.00016199999663513154
2023-10-01,0.00016199999663513154,0.00016799999866634607,0.00016199999663513154,0.00016799999866634607
2023-10-02,0.00016799999866634607,0.00017100000695791095,0.00016500000492669642,0.00016500000492669642
2023-10-03,0.00016500000492669642,0.00016599999798927456,0.0001630000042496249,0.00016500000492669642
2023-10-04,0.00016500000492669642,0.00016700000560376793,0.00016399999731220305,0.00016700000560376793
2023-10-05,0.00016700000560376793,0.00016799999866634607,0.00016399999731220305,0.00016500000492669642
2023-10-06,0.00016500000492669642,0.00016900000628083944,0.00016399999731220305,0.00016799999866634607
2023-10-07,0.00016799999866634607,0.00016799999866634607,0.00016700000560376793,0.00016799999866634607
2023-10-08,0.00016799999866634607,0.00016900000628083944,0.00016700000560376793,0.00016799999866634607
2023-10-09,0.00016799999866634607,0.00016799999866634607,0.00016399999731220305,0.00016599999798927456
2023-10-10,0.00016599999798927456,0.00016599999798927456,0.00016399999731220305,0.00016399999731220305
2023-10-11,0.00016399999731220305,0.00016500000492669642,0.00015999999595806003,0.0001610000035725534
2023-10-12,0.0001610000035725534,0.00016199999663513154,0.00015999999595806003,0.0001610000035725534
2023-10-13,0.0001610000035725534,0.0001630000042496249,0.00015999999595806003,0.0001610000035725534
2023-10-14,0.0001610000035725534,0.00016199999663513154,0.0001610000035725534,0.0001610000035725534
2023-10-15,0.0001610000035725534,0.00016399999731220305,0.0001610000035725534,0.0001630000042496249
2023-10-16,0.0001630000042496249,0.00017600000137463212,0.0001630000042496249,0.00017100000695791095
2023-10-17,0.00017100000695791095,0.0001720000000204891,0.00016900000628083944,0.00017100000695791095
2023-10-18,0.00017100000695791095,0.00017299999308306724,0.00016900000628083944,0.00016999999934341758
2023-10-19,0.00016999999934341758,0.00017299999308306724,0.00016900000628083944,0.0001720000000204891
2023-10-20,0.0001720000000204891,0.00018000000272877514,0.0001720000000204891,0.00017800000205170363
2023-10-21,0.00017800000205170363,0.00018099999579135329,0.00017699999443721026,0.00018000000272877514
2023-10-22,0.00018000000272877514,0.00018099999579135329,0.00017899999511428177,0.00018000000272877514
2023-10-23,0.00018099999579135329,0.00020399999630171806,0.00018099999579135329,0.00019799999427050352
2023-10-24,0.00019799999427050352,0.0002099999983329326,0.00019700000120792538,0.00020300000323913991
2023-10-25,0.00020300000323913991,0.0002099999983329326,0.00020300000323913991,0.00020700000459328294
2023-10-26,0.00020700000459328294,0.00020900000527035445,0.00020300000323913991,0.00020500000391621143
2023-10-27,0.00020500000391621143,0.00020500000391621143,0.0002010000025620684,0.00020300000323913991
2023-10-28,0.00020300000323913991,0.00020599999697878957,0.00020300000323913991,0.00020500000391621143
2023-10-29,0.00020500000391621143,0.00020799999765586108,0.00020399999630171806,0.00020700000459328294
2023-10-30,0.00020700000459328294,0.00020900000527035445,0.00020500000391621143,0.00020700000459328294
2023-10-31,0.00020700000459328294,0.00020799999765586108,0.00020500000391621143,0.00020799999765586108
2023-11-01,0.00020799999765586108,0.00021300000662449747,0.00020500000391621143,0.00021300000662449747
2023-11-02,0.00021300000662449747,0.00021499999274965376,0.00020700000459328294,0.0002099999983329326
2023-11-03,0.0002099999983329326,0.0002099999983329326,0.00020500000391621143,0.00020799999765586108
2023-11-04,0.00020799999765586108,0.0002119999990100041,0.00020799999765586108,0.00021100000594742596
2023-11-05,0.00021100000594742596,0.0002119999990100041,0.00020799999765586108,0.0002099999983329326
2023-11-06,0.0002099999983329326,0.0002119999990100041,0.00020900000527035445,0.0002099999983329326
2023-11-07,0.0002099999983329326,0.00021499999274965376,0.00020799999765586108,0.00021300000662449747
2023-11-08,0.00021300000662449747,0.00021600000036414713,0.00021100000594742596,0.00021399999968707561
2023-11-09,0.00021399999968707561,0.00022699999681208283,0.00021399999968707561,0.00022000000171829015
2023-11-10,0.00022000000171829015,0.00022499999613501132,0.00021800000104121864,0.00022400000307243317
2023-11-11,0.00022400000307243317,0.00022400000307243317,0.0002209999947808683,0.0002229999954579398
2023-11-12,0.0002229999954579398,0.0002229999954579398,0.0002209999947808683,0.00022200000239536166
2023-11-13,0.00022200000239536166,0.00022400000307243317,0.00021899999410379678,0.00021899999410379678
2023-11-14,0.00021899999410379678,0.0002209999947808683,0.00021100000594742596,0.00021300000662449747
2023-11-15,0.00021300000662449747,0.00022699999681208283,0.0002119999990100041,0.00022699999681208283
2023-11-16,0.00022699999681208283,0.00022699999681208283,0.00021399999968707561,0.00021699999342672527
2023-11-17,0.00021699999342672527,0.00022000000171829015,0.00021600000036414713,0.00021899999410379678
2023-11-18,0.00021899999410379678,0.0002209999947808683,0.00021699999342672527,0.00022000000171829015
2023-11-19,0.00022000000171829015,0.00022499999613501132,0.00021899999410379678,0.00022400000307243317
2023-11-20,0.00022400000307243317,0.00022600000374950469,0.00022200000239536166,0.00022499999613501132
2023-11-21,0.00022499999613501132,0.00022600000374950469,0.00021499999274965376,0.00021499999274965376
2023-11-22,0.00021499999274965376,0.00022699999681208283,0.00021499999274965376,0.00022499999613501132
2023-11-23,0.00022499999613501132,0.00022600000374950469,0.00022200000239536166,0.00022400000307243317
2023-11-24,0.00022400000307243317,0.0002300000051036477,0.00022400000307243317,0.00022699999681208283
2023-11-25,0.00022699999681208283,0.00022699999681208283,0.00022600000374950469,0.00022699999681208283
2023-11-26,0.00022699999681208283,0.00028700000257231295,0.0002229999954579398,0.0002849999873433262
2023-11-27,0.0002849999873433262,0.0013770000077784061,0.00027799999224953353,0.0013340000296011567
2023-11-28,0.0013340000296011567,0.001370999962091446,0.0013210000470280647,0.0013549999566748738
2023-11-29,0.0013549999566748738,0.0013719999697059393,0.001348000019788742,0.0013549999566748738
2023-11-30,0.0013549999566748738,0.0013650000328198075,0.001344999996945262,0.0013510000426322222
2023-12-01,0.0013510000426322222,0.0013920000055804849,0.0013470000121742487,0.0013859999598935246
2023-12-02,0.0013859999598935246,0.0014189999783411622,0.00019700000120792538,0.00019700000120792538
2023-12-03,0.00019700000120792538,0.00019999999494757503,0.00019700000120792538,0.00019999999494757503
2023-12-04,0.00019999999494757503,0.00021100000594742596,0.00019999999494757503,0.0002099999983329326
2023-12-05,0.0002099999983329326,0.00022200000239536166,0.00020700000459328294,0.0002209999947808683
2023-12-06,0.0002209999947808683,0.0002209999947808683,0.00021800000104121864,0.00021899999410379678
2023-12-07,0.00021899999410379678,0.00022000000171829015,0.00021499999274965376,0.00021699999342672527
2023-12-08,0.00021699999342672527,0.0002229999954579398,0.00021600000036414713,0.0002209999947808683
2023-12-09,0.0002209999947808683,0.00022200000239536166,0.00021800000104121864,0.00021899999410379678
2023-12-10,0.00021899999410379678,0.00022000000171829015,0.00021800000104121864,0.00021899999410379678
2023-12-11,0.00021899999410379678,0.00021899999410379678,0.00020199999562464654,0.00020599999697878957
2023-12-12,0.00020599999697878957,0.0002099999983329326,0.00020399999630171806,0.00020700000459328294
2023-12-13,0.00020700000459328294,0.00021699999342672527,0.00020399999630171806,0.00021499999274965376
2023-12-14,0.00021499999274965376,0.00021699999342672527,0.0002099999983329326,0.00021499999274965376
2023-12-15,0.00021499999274965376,0.00021499999274965376,0.00020900000527035445,0.0002099999983329326
2023-12-16,0.0002099999983329326,0.00021300000662449747,0.00020900000527035445,0.00021100000594742596
2023-12-17,0.00021100000594742596,0.0002119999990100041,0.00020700000459328294,0.00020700000459328294
2023-12-18,0.00020700000459328294,0.00021300000662449747,0.00020300000323913991,0.00021300000662449747
2023-12-19,0.00021300000662449747,0.00021600000036414713,0.00020900000527035445,0.0002119999990100041
2023-12-20,0.0002119999990100041,0.0002209999947808683,0.00021100000594742596,0.00021800000104121864
2023-12-21,0.00021800000104121864,0.0002209999947808683,0.00021699999342672527,0.00021899999410379678
2023-12-22,0.00021899999410379678,0.00022200000239536166,0.00021699999342672527,0.00022000000171829015
2023-12-23,0.00022000000171829015,0.00022000000171829015,0.00021699999342672527,0.00021899999410379678
2023-12-24,0.00021899999410379678,0.00022000000171829015,0.00021399999968707561,0.00021499999274965376
2023-12-25,0.00021499999274965376,0.00021899999410379678,0.00021399999968707561,0.00021800000104121864
2023-12-26,0.00021800000104121864,0.00021800000104121864,0.00020900000527035445,0.00021300000662449747
2023-12-27,0.00021300000662449747,0.00021800000104121864,0.00021100000594742596,0.00021699999342672527
2023-12-28,0.00021699999342672527,0.00021899999410379678,0.0002119999990100041,0.00021300000662449747
2023-12-29,0.00021300000662449747,0.00021499999274965376,0.00020799999765586108,0.00021100000594742596
2023-12-30,0.00021100000594742596,0.00021300000662449747,0.00020799999765586108,0.00021100000594742596
2023-12-31,0.00021100000594742596,0.00021399999968707561,0.0002099999983329326,0.00021100000594742596
2024-01-01,0.0002119999990100041,0.0002209999947808683,0.00021100000594742596,0.0002209999947808683
2024-01-02,0.0002209999947808683,0.00022899999748915434,0.0002209999947808683,0.00022499999613501132
2024-01-03,0.00022499999613501132,0.00022699999681208283,0.00020900000527035445,0.00021399999968707561
2024-01-04,0.00021399999968707561,0.00022400000307243317,0.00021399999968707561,0.0002209999947808683
2024-01-05,0.0002209999947808683,0.00022200000239536166,0.00021600000036414713,0.0002209999947808683
2024-01-06,0.0002209999947808683,0.0002209999947808683,0.00021699999342672527,0.00022000000171829015
2024-01-07,0.00022000000171829015,0.00022200000239536166,0.00021800000104121864,0.00022000000171829015
2024-01-08,0.00022000000171829015,0.00023600000713486224,0.00021600000036414713,0.00023499999952036887
2024-01-09,0.00023499999952036887,0.00024300000222865492,0.00018600000475998968,0.00018899999849963933
2024-01-10,0.00018899999849963933,0.00019500000053085387,0.00018400000408291817,0.00019099999917671084
2024-01-11,0.00019099999917671084,0.00019999999494757503,0.00018699999782256782,0.0001900000061141327
2024-01-12,0.0001900000061141327,0.00019099999917671084,0.0001720000000204891,0.00017600000137463212
2024-01-13,0.00017600000137463212,0.00017699999443721026,0.0001740000006975606,0.00017600000137463212
2024-01-14,0.00017600000137463212,0.00017699999443721026,0.00017100000695791095,0.00017100000695791095
2024-01-15,0.00017100000695791095,0.00017800000205170363,0.00017100000695791095,0.0001740000006975606
2024-01-16,0.0001740000006975606,0.00017899999511428177,0.00017299999308306724,0.00017699999443721026
2024-01-17,0.00017699999443721026,0.00017699999443721026,0.00017299999308306724,0.00017499999376013875
2024-01-18,0.00017499999376013875,0.00017600000137463212,0.00016700000560376793,0.00016900000628083944
2024-01-19,0.00016900000628083944,0.00017299999308306724,0.00016500000492669642,0.00017100000695791095
2024-01-20,0.00017100000695791095,0.0001720000000204891,0.00016999999934341758,0.00017100000695791095
2024-01-21,0.00017100000695791095,0.0001720000000204891,0.00016999999934341758,0.00016999999934341758
2024-01-22,0.00016999999934341758,0.00017100000695791095,0.00016199999663513154,0.00016199999663513154
2024-01-23,0.00016199999663513154,0.00016500000492669642,0.00015799999528098851,0.0001630000042496249
2024-01-24,0.0001630000042496249,0.00016599999798927456,0.00016199999663513154,0.00016399999731220305
2024-01-25,0.00016399999731220305,0.00016500000492669642,0.00016199999663513154,0.00016399999731220305
2024-01-26,0.00016399999731220305,0.0001720000000204891,0.0001630000042496249,0.00017100000695791095
2024-01-27,0.00017100000695791095,0.00017299999308306724,0.00016999999934341758,0.00017299999308306724
2024-01-28,0.00017299999308306724,0.00017499999376013875,0.00017100000695791095,0.0001720000000204891
2024-01-29,0.0001720000000204891,0.00017800000205170363,0.0001720000000204891,0.00017699999443721026
2024-01-30,0.00017699999443721026,0.00018000000272877514,0.00017499999376013875,0.00017600000137463212
2024-01-31,0.00017600000137463212,0.00017899999511428177,0.0001740000006975606,0.00017499999376013875
2024-02-01,0.00017499999376013875,0.00017699999443721026,0.0001720000000204891,0.00017699999443721026
2024-02-02,0.00017699999443721026,0.00017800000205170363,0.00017499999376013875,0.00017699999443721026
2024-02-03,0.00017699999443721026,0.00017800000205170363,0.00017600000137463212,0.00017600000137463212
2024-02-04,0.00017600000137463212,0.00017699999443721026,0.0001740000006975606,0.00017499999376013875
2024-02-05,0.00017499999376013875,0.00017800000205170363,0.00017299999308306724,0.00017499999376013875
2024-02-06,0.00017499999376013875,0.00017800000205170363,0.0001740000006975606,0.00017699999443721026
2024-02-07,0.00017699999443721026,0.00018200000340584666,0.00017499999376013875,0.00018200000340584666
2024-02-08,0.00018200000340584666,0.00018699999782256782,0.00018200000340584666,0.00018600000475998968
2024-02-09,0.00018600000475998968,0.00019700000120792538,0.00018600000475998968,0.00019299999985378236
2024-02-10,0.00019299999985378236,0.00019700000120792538,0.00019200000679120421,0.000195999993593432
2024-02-11,0.000195999993593432,0.0001990000018849969,0.00019500000053085387,0.00019799999427050352
2024-02-12,0.00019799999427050352,0.00020599999697878957,0.000195999993593432,0.00020500000391621143
2024-02-13,0.00020500000391621143,0.00020599999697878957,0.0001990000018849969,0.00020399999630171806
2024-02-14,0.00020399999630171806,0.00021300000662449747,0.00020199999562464654,0.00021300000662449747
2024-02-15,0.00021300000662449747,0.00021600000036414713,0.00021100000594742596,0.00021300000662449747
2024-02-16,0.00021300000662449747,0.00021499999274965376,0.0002119999990100041,0.00021399999968707561
2024-02-17,0.00021399999968707561,0.00021399999968707561,0.00020799999765586108,0.0002119999990100041
2024-02-18,0.0002119999990100041,0.00021499999274965376,0.0002099999983329326,0.00021399999968707561
2024-02-19,0.00021399999968707561,0.00021499999274965376,0.0002119999990100041,0.0002119999990100041
2024-02-20,0.0002119999990100041,0.00021699999342672527,0.00020900000527035445,0.00021399999968707561
2024-02-21,0.00021399999968707561,0.00021499999274965376,0.00020799999765586108,0.00021300000662449747
2024-02-22,0.00021300000662449747,0.00021300000662449747,0.00020900000527035445,0.0002099999983329326
2024-02-23,0.0002099999983329326,0.00021100000594742596,0.00020799999765586108,0.00020799999765586108
2024-02-24,0.00020799999765586108,0.0002119999990100041,0.00020700000459328294,0.00021100000594742596
2024-02-25,0.00021100000594742596,0.00021300000662449747,0.0002099999983329326,0.0002119999990100041
2024-02-26,0.0002119999990100041,0.00022499999613501132,0.00020900000527035445,0.0002229999954579398
2024-02-27,0.0002229999954579398,0.00023600000713486224,0.0002229999954579398,0.00023400000645779073
2024-02-28,0.00023400000645779073,0.0004070000140927732,0.00023299999884329736,0.00040600000647827983
2024-02-29,0.00040600000647827983,0.00040600000647827983,0.00025400001322850585,0.0002699999895412475
2024-03-01,0.0002699999895412475,0.00027799999224953353,0.0002680000034160912,0.0002749999985098839
2024-03-02,0.0002749999985098839,0.0002749999985098839,0.00027099999715574086,0.0002730000123847276
2024-03-03,0.0002730000123847276,0.00027799999224953353,0.0002699999895412475,0.00027799999224953353
2024-03-04,0.00027799999224953353,0.0003009999927598983,0.00027600000612437725,0.0003009999927598983
2024-03-05,0.0003009999927598983,0.00030300000798888505,0.0001829999964684248,0.00019200000679120421
2024-03-06,0.00019200000679120421,0.00020300000323913991,0.00018899999849963933,0.00019799999427050352
2024-03-07,0.00019799999427050352,0.00021800000104121864,0.00019700000120792538,0.00021399999968707561
2024-03-08,0.00021399999968707561,0.0002229999954579398,0.0002119999990100041,0.00021899999410379678
2024-03-09,0.00021899999410379678,0.00022000000171829015,0.00021800000104121864,0.00021899999410379678
2024-03-10,0.00021899999410379678,0.00022400000307243317,0.00021899999410379678,0.00022000000171829015
2024-03-11,0.00022000000171829015,0.00023299999884329736,0.00021699999342672527,0.00023099999816622585
2024-03-12,0.00023099999816622585,0.00023200000578071922,0.00022200000239536166,0.00022899999748915434
2024-03-13,0.00022899999748915434,0.00023600000713486224,0.0002280000044265762,0.00023400000645779073
2024-03-14,0.00023400000645779073,0.00023600000713486224,0.00022000000171829015,0.00022899999748915434
2024-03-15,0.00022899999748915434,0.00023099999816622585,0.0002119999990100041,0.00022200000239536166
2024-03-16,0.00022200000239536166,0.00022400000307243317,0.00020799999765586108,0.00020900000527035445
2024-03-17,0.00020900000527035445,0.00022000000171829015,0.00020700000459328294,0.00021899999410379678
2024-03-18,0.00021899999410379678,0.00022000000171829015,0.00021300000662449747,0.00021699999342672527
2024-03-19,0.00021699999342672527,0.00021800000104121864,0.00019700000120792538,0.00019799999427050352
2024-03-20,0.00019799999427050352,0.00021800000104121864,0.00019500000053085387,0.00021699999342672527
2024-03-21,0.00021699999342672527,0.00021800000104121864,0.00020799999765586108,0.0002099999983329326
2024-03-22,0.0002099999983329326,0.00021300000662449747,0.00019999999494757503,0.00020300000323913991
2024-03-23,0.00020300000323913991,0.00021100000594742596,0.00020199999562464654,0.00020500000391621143
2024-03-24,0.00020500000391621143,0.00021600000036414713,0.00020399999630171806,0.00021499999274965376
2024-03-25,0.00021499999274965376,0.00022699999681208283,0.00021300000662449747,0.00022400000307243317
2024-03-26,0.00022400000307243317,0.00022899999748915434,0.00022200000239536166,0.00022400000307243317
2024-03-27,0.00022400000307243317,0.00022899999748915434,0.00021899999410379678,0.0002229999954579398
2024-03-28,0.0002229999954579398,0.00022899999748915434,0.0002209999947808683,0.00022600000374950469
2024-03-29,0.00022600000374950469,0.00022699999681208283,0.0002209999947808683,0.00022400000307243317
2024-03-30,0.00022400000307243317,0.00022499999613501132,0.0002229999954579398,0.0002229999954579398
2024-03-31,0.0002229999954579398,0.0002280000044265762,0.0002229999954579398,0.0002280000044265762
2024-04-01,0.0002280000044265762,0.0002280000044265762,0.00021800000104121864,0.0002229999954579398
2024-04-02,0.0002229999954579398,0.0002229999954579398,0.00020700000459328294,0.00020900000527035445
2024-04-03,0.00020900000527035445,0.00021399999968707561,0.00020700000459328294,0.00021100000594742596
2024-04-04,0.00021100000594742596,0.0002209999947808683,0.00020799999765586108,0.00021899999410379678
2024-04-05,0.00021899999410379678,0.00022000000171829015,0.0002119999990100041,0.00021699999342672527
2024-04-06,0.00021699999342672527,0.0002229999954579398,0.00021600000036414713,0.0002209999947808683
2024-04-07,0.0002209999947808683,0.00022499999613501132,0.00022000000171829015,0.00022200000239536166
2024-04-08,0.00022200000239536166,0.00026699999580159783,0.0002209999947808683,0.00026500000967644155
2024-04-09,0.00026500000967644155,0.0018019999843090773,0.00020700000459328294,0.00020799999765586108
2024-04-10,0.00020799999765586108,0.0018119999440386891,0.00020399999630171806,0.0002119999990100041
2024-04-11,0.0002119999990100041,0.00021399999968707561,0.00020900000527035445,0.0002099999983329326
2024-04-12,0.0002099999983329326,0.00021399999968707561,0.00019799999427050352,0.00020199999562464654
2024-04-13,0.00020199999562464654,0.00020399999630171806,0.0001849999971454963,0.00019200000679120421
2024-04-14,0.00019200000679120421,0.00019700000120792538,0.00018699999782256782,0.00019700000120792538
2024-04-15,0.00019700000120792538,0.00019999999494757503,0.0001880000054370612,0.0001900000061141327
2024-04-16,0.0001900000061141327,0.00019299999985378236,0.0001849999971454963,0.00019099999917671084
2024-04-17,0.00019099999917671084,0.00019299999985378236,0.00018000000272877514,0.00018400000408291817
2024-04-18,0.00018400000408291817,0.00019200000679120421,0.0001829999964684248,0.0001900000061141327
2024-04-19,0.0001900000061141327,0.000195999993593432,0.00018000000272877514,0.00019200000679120421
2024-04-20,0.00019200000679120421,0.000195999993593432,0.0001900000061141327,0.00019500000053085387
2024-04-21,0.00019500000053085387,0.00019700000120792538,0.00019299999985378236,0.00019500000053085387
2024-04-22,0.00019500000053085387,0.00020199999562464654,0.0001939999929163605,0.00019999999494757503
2024-04-23,0.00019999999494757503,0.00020199999562464654,0.00019799999427050352,0.00019999999494757503
2024-04-24,0.00019999999494757503,0.00020199999562464654,0.00019200000679120421,0.00019299999985378236
2024-04-25,0.00019299999985378236,0.000195999993593432,0.00018899999849963933,0.0001939999929163605
2024-04-26,0.0001939999929163605,0.00019500000053085387,0.00019099999917671084,0.00019200000679120421
2024-04-27,0.00019200000679120421,0.00019200000679120421,0.0001880000054370612,0.0001900000061141327
2024-04-28,0.0001900000061141327,0.00019299999985378236,0.00018899999849963933,0.00018899999849963933
2024-04-29,0.00018899999849963933,0.00019200000679120421,0.00018600000475998968,0.00019099999917671084
2024-04-30,0.00019099999917671084,0.0001939999929163605,0.00017899999511428177,0.00018200000340584666
2024-05-01,0.00018200000340584666,0.00018200000340584666,0.00016999999934341758,0.00017499999376013875
2024-05-02,0.00017499999376013875,0.00017899999511428177,0.00017100000695791095,0.00017699999443721026
2024-05-03,0.00017699999443721026,0.0001900000061141327,0.00017699999443721026,0.00018899999849963933
2024-05-04,0.00018899999849963933,0.00019299999985378236,0.0001880000054370612,0.00019200000679120421
2024-05-05,0.00019200000679120421,0.0001939999929163605,0.00018899999849963933,0.00019200000679120421
2024-05-06,0.00019200000679120421,0.000195999993593432,0.00018899999849963933,0.0001900000061141327
2024-05-07,0.0001900000061141327,0.00019299999985378236,0.00018699999782256782,0.00018699999782256782
2024-05-08,0.00018699999782256782,0.00018899999849963933,0.0001829999964684248,0.00018400000408291817
2024-05-09,0.00018400000408291817,0.0001900000061141327,0.00018200000340584666,0.00018899999849963933
2024-05-10,0.00018899999849963933,0.0001900000061141327,0.00018099999579135329,0.00018200000340584666
2024-05-11,0.00018200000340584666,0.00018400000408291817,0.00018200000340584666,0.00018200000340584666
2024-05-12,0.00018200000340584666,0.0001849999971454963,0.00018200000340584666,0.0001849999971454963
2024-05-13,0.0001849999971454963,0.0001900000061141327,0.00018200000340584666,0.00018899999849963933
2024-05-14,0.00018899999849963933,0.00018899999849963933,0.0001829999964684248,0.0001849999971454963
2024-05-15,0.0001849999971454963,0.0001990000018849969,0.00018400000408291817,0.0001990000018849969
2024-05-16,0.0001990000018849969,0.00019999999494757503,0.0001939999929163605,0.000195999993593432
2024-05-17,0.000195999993593432,0.00020199999562464654,0.00019500000053085387,0.0002010000025620684
2024-05-18,0.0002010000025620684,0.00020199999562464654,0.00019999999494757503,0.0002010000025620684
2024-05-19,0.0002010000025620684,0.00020300000323913991,0.00019799999427050352,0.0001990000018849969
2024-05-20,0.0001990000018849969,0.00021399999968707561,0.00019799999427050352,0.00021399999968707561
2024-05-21,0.00021399999968707561,0.00021499999274965376,0.00020799999765586108,0.00021100000594742596
2024-05-22,0.00021100000594742596,0.0002119999990100041,0.00020700000459328294,0.00020799999765586108
2024-05-23,0.00020799999765586108,0.0002099999983329326,0.00019999999494757503,0.00020399999630171806
2024-05-24,0.00020399999630171806,0.0015899999998509884,0.00013699999544769526,0.00013699999544769526
2024-05-25,0.00013699999544769526,0.00013899999612476677,0.00013699999544769526,0.00013899999612476677
2024-05-26,0.00013899999612476677,0.00013899999612476677,0.00013699999544769526,0.00013699999544769526
2024-05-27,0.00013699999544769526,0.00014099999680183828,0.00013699999544769526,0.00013899999612476677
2024-05-28,0.00013899999612476677,0.00013899999612476677,0.00013499999477062374,0.00013699999544769526
2024-05-29,0.00013699999544769526,0.00013800000306218863,0.0001340000017080456,0.00013499999477062374
2024-05-30,0.00013499999477062374,0.00013899999612476677,0.0001340000017080456,0.00013699999544769526
2024-05-31,0.00013699999544769526,0.00013800000306218863,0.00013299999409355223,0.00013499999477062374
2024-06-01,0.00013499999477062374,0.00013600000238511711,0.00013499999477062374,0.00013499999477062374
2024-06-02,0.00013499999477062374,0.00013699999544769526,0.00013499999477062374,0.00013499999477062374
2024-06-03,0.00013499999477062374,0.00014000000373926014,0.00013499999477062374,0.00013800000306218863
2024-06-04,0.00013800000306218863,0.00014200000441633165,0.00013699999544769526,0.00014099999680183828
2024-06-05,0.00014099999680183828,0.0001429999974789098,0.00014099999680183828,0.00014200000441633165
2024-06-06,0.00014200000441633165,0.0001429999974789098,0.00014000000373926014,0.00014200000441633165
2024-06-07,0.00014200000441633165,0.00014400000509340316,0.00013699999544769526,0.00013899999612476677
2024-06-08,0.00013899999612476677,0.00013899999612476677,0.00013800000306218863,0.00013899999612476677
2024-06-09,0.00013899999612476677,0.00014000000373926014,0.00013800000306218863,0.00013899999612476677
2024-06-10,0.00013899999612476677,0.00014000000373926014,0.00013899999612476677,0.00013899999612476677
2024-06-11,0.00013899999612476677,0.00013899999612476677,0.0001320000010309741,0.00013499999477062374
2024-06-12,0.00013499999477062374,0.00014000000373926014,0.0001340000017080456,0.00013600000238511711
2024-06-13,0.00013600000238511711,0.00013699999544769526,0.00013299999409355223,0.0001340000017080456
2024-06-14,0.0001340000017080456,0.00013499999477062374,0.00013000000035390258,0.0001320000010309741
2024-06-15,0.0001320000010309741,0.00013299999409355223,0.0001320000010309741,0.0001320000010309741
2024-06-16,0.0001320000010309741,0.0001340000017080456,0.0001320000010309741,0.00013299999409355223
2024-06-17,0.00013299999409355223,0.0001340000017080456,0.00013000000035390258,0.00013299999409355223
2024-06-18,0.00013299999409355223,0.00013299999409355223,0.00012799999967683107,0.00013000000035390258
2024-06-19,0.00013000000035390258,0.00013099999341648072,0.0001289999927394092,0.00013000000035390258
2024-06-20,0.00013000000035390258,0.00013299999409355223,0.0001289999927394092,0.00013000000035390258
2024-06-21,0.00013000000035390258,0.00013000000035390258,0.00012700000661425292,0.00012799999967683107
2024-06-22,0.00012799999967683107,0.0001289999927394092,0.00012799999967683107,0.0001289999927394092
2024-06-23,0.0001289999927394092,0.0001289999927394092,0.00012599999899975955,0.00012599999899975955
2024-06-24,0.00012599999899975955,0.00012700000661425292,0.00011700000322889537,0.00012099999730708078
2024-06-25,0.00012099999730708078,0.00012399999832268804,0.00011999999696854502,0.00012399999832268804
2024-06-26,0.00012399999832268804,0.0001250000059371814,0.00012099999730708078,0.00012199999764561653
2024-06-27,0.00012199999764561653,0.0001250000059371814,0.00012099999730708078,0.0001230000052601099
2024-06-28,0.0001230000052601099,0.00012399999832268804,0.00011999999696854502,0.00012099999730708078
2024-06-29,0.00012099999730708078,0.00012199999764561653,0.00012099999730708078,0.00012199999764561653
2024-06-30,0.00012199999764561653,0.00012599999899975955,0.00012099999730708078,0.0001250000059371814
2024-07-01,0.0001250000059371814,0.00012799999967683107,0.0001250000059371814,0.00012599999899975955
2024-07-02,0.00012599999899975955,0.00012599999899975955,0.0001230000052601099,0.00012399999832268804
2024-07-03,0.00012399999832268804,0.00012399999832268804,0.00011899999663000926,0.00011999999696854502
2024-07-04,0.00011999999696854502,0.00012099999730708078,0.0001140000022132881,0.0001140000022132881
2024-07-05,0.0001140000022132881,0.00011500000255182385,0.00010800000018207356,0.00011300000187475234
2024-07-06,0.00011300000187475234,0.00011700000322889537,0.00011200000153621659,0.00011700000322889537
2024-07-07,0.00011700000322889537,0.00011700000322889537,0.00011200000153621659,0.00011200000153621659
2024-07-08,0.00011200000153621659,0.00011600000289035961,0.00010900000052060932,0.00011300000187475234
2024-07-09,0.00011300000187475234,0.00011600000289035961,0.00011300000187475234,0.00011600000289035961
2024-07-10,0.00011600000289035961,0.00011899999663000926,0.0001140000022132881,0.00011500000255182385
2024-07-11,0.00011500000255182385,0.00011800000356743112,0.0001140000022132881,0.00011500000255182385
2024-07-12,0.00011500000255182385,0.00011700000322889537,0.00011300000187475234,0.00011600000289035961
2024-07-13,0.00011600000289035961,0.00011899999663000926,0.00011600000289035961,0.00011800000356743112
2024-07-14,0.00011800000356743112,0.0001230000052601099,0.00011800000356743112,0.00012199999764561653
2024-07-15,0.00012199999764561653,0.00013000000035390258,0.00012099999730708078,0.00013000000035390258
2024-07-16,0.00013000000035390258,0.00013099999341648072,0.0001250000059371814,0.00013000000035390258
2024-07-17,0.00013000000035390258,0.0001320000010309741,0.00012799999967683107,0.00012799999967683107
2024-07-18,0.00012799999967683107,0.00013000000035390258,0.00012700000661425292,0.00012799999967683107
2024-07-19,0.00012799999967683107,0.00013499999477062374,0.00012700000661425292,0.00013299999409355223
2024-07-20,0.00013299999409355223,0.00013499999477062374,0.00013299999409355223,0.0001340000017080456
2024-07-21,0.0001340000017080456,0.00013699999544769526,0.0001320000010309741,0.00013600000238511711
2024-07-22,0.00013600000238511711,0.00013699999544769526,0.00013299999409355223,0.00013499999477062374
2024-07-23,0.00013499999477062374,0.00013499999477062374,0.00013099999341648072,0.0001320000010309741
2024-07-24,0.0001320000010309741,0.0001340000017080456,0.00013000000035390258,0.00013099999341648072
2024-07-25,0.00013099999341648072,0.0001320000010309741,0.00012700000661425292,0.0001320000010309741
2024-07-26,0.0001320000010309741,0.00013600000238511711,0.0001320000010309741,0.00013600000238511711
2024-07-27,0.00013600000238511711,0.00013899999612476677,0.0001340000017080456,0.00013600000238511711
2024-07-28,0.00013600000238511711,0.00013699999544769526,0.0001340000017080456,0.00013699999544769526
2024-07-29,0.00013699999544769526,0.00014000000373926014,0.00013299999409355223,0.0001340000017080456
2024-07-30,0.0001340000017080456,0.0001340000017080456,0.00013099999341648072,0.0001320000010309741
2024-07-31,0.0001320000010309741,0.0001340000017080456,0.0001289999927394092,0.0001289999927394092
2024-08-01,0.0001289999927394092,0.00013099999341648072,0.0001250000059371814,0.00013099999341648072
2024-08-02,0.00013099999341648072,0.00013099999341648072,0.0001230000052601099,0.0001230000052601099
2024-08-03,0.0001230000052601099,0.00012399999832268804,0.00011999999696854502,0.00012099999730708078
2024-08-04,0.00012099999730708078,0.00012199999764561653,0.00011500000255182385,0.00011600000289035961
2024-08-05,0.00011600000289035961,0.00011600000289035961,9.899999713525176e-05,0.00010800000018207356
2024-08-06,0.00010800000018207356,0.0001140000022132881,0.00010800000018207356,0.00011200000153621659
2024-08-07,0.00011200000153621659,0.00011500000255182385,0.00010900000052060932,0.00011000000085914508
2024-08-08,0.00011000000085914508,0.0001250000059371814,0.00011000000085914508,0.00012399999832268804
2024-08-09,0.00012399999832268804,0.00012399999832268804,0.00011899999663000926,0.00012199999764561653
2024-08-10,0.00012199999764561653,0.0001230000052601099,0.00012099999730708078,0.00012199999764561653
2024-08-11,0.00012199999764561653,0.0001230000052601099,0.00011700000322889537,0.00011800000356743112
2024-08-12,0.00011800000356743112,0.00012099999730708078,0.00011500000255182385,0.00011899999663000926
2024-08-13,0.00011899999663000926,0.0001230000052601099,0.00011700000322889537,0.00012099999730708078
2024-08-14,0.00012099999730708078,0.0001230000052601099,0.00011700000322889537,0.00011800000356743112
2024-08-15,0.00011800000356743112,0.00011999999696854502,0.00011300000187475234,0.00011500000255182385
2024-08-16,0.00011500000255182385,0.00011999999696854502,0.0001140000022132881,0.00011800000356743112
2024-08-17,0.00011800000356743112,0.00011899999663000926,0.00011800000356743112,0.00011899999663000926
2024-08-18,0.00011899999663000926,0.00011999999696854502,0.00011700000322889537,0.00011700000322889537
2024-08-19,0.00011700000322889537,0.00011899999663000926,0.00011600000289035961,0.00011899999663000926
2024-08-20,0.00011899999663000926,0.0001230000052601099,0.00011700000322889537,0.00011800000356743112
2024-08-21,0.00011800000356743112,0.0001230000052601099,0.00011800000356743112,0.00012199999764561653
2024-08-22,0.00012199999764561653,0.0001230000052601099,0.00011999999696854502,0.00012099999730708078
2024-08-23,0.00012099999730708078,0.00013000000035390258,0.00012099999730708078,0.0001289999927394092
2024-08-24,0.0001289999927394092,0.00013000000035390258,0.00012799999967683107,0.0001289999927394092
2024-08-25,0.0001289999927394092,0.00013000000035390258,0.00012799999967683107,0.0001289999927394092
2024-08-26,0.0001289999927394092,0.00013000000035390258,0.00012599999899975955,0.00012599999899975955
2024-08-27,0.00012599999899975955,0.00012700000661425292,0.00011800000356743112,0.00011999999696854502
2024-08-28,0.00011999999696854502,0.00012099999730708078,0.00011700000322889537,0.00011899999663000926
2024-08-29,0.00011899999663000926,0.0001230000052601099,0.00011800000356743112,0.00011899999663000926
2024-08-30,0.00011899999663000926,0.00011999999696854502,0.00011700000322889537,0.00011899999663000926
2024-08-31,0.00011899999663000926,0.00011899999663000926,0.00011800000356743112,0.00011800000356743112
2024-09-01,0.00011800000356743112,0.00011899999663000926,0.00011500000255182385,0.00011500000255182385
2024-09-02,0.00011500000255182385,0.00011899999663000926,0.00011500000255182385,0.00011899999663000926
2024-09-03,0.00011899999663000926,0.00011999999696854502,0.00011600000289035961,0.00011600000289035961
2024-09-04,0.00011600000289035961,0.00011800000356743112,0.00011300000187475234,0.00011700000322889537
2024-09-05,0.00011700000322889537,0.00011700000322889537,0.00011200000153621659,0.00011300000187475234
2024-09-06,0.00011300000187475234,0.0001140000022132881,0.00010599999950500205,0.00010800000018207356
2024-09-07,0.00010800000018207356,0.00011000000085914508,0.00010800000018207356,0.00010900000052060932
2024-09-08,0.00010900000052060932,0.00011100000119768083,0.00010800000018207356,0.00011000000085914508
2024-09-09,0.00011000000085914508,0.00011600000289035961,0.00011000000085914508,0.00011500000255182385
2024-09-10,0.00011500000255182385,0.00011700000322889537,0.0001140000022132881,0.00011600000289035961
2024-09-11,0.00011600000289035961,0.00011700000322889537,0.00011200000153621659,0.00011500000255182385
2024-09-12,0.00011500000255182385,0.00011700000322889537,0.00011500000255182385,0.00011700000322889537
2024-09-13,0.00011700000322889537,0.00012199999764561653,0.00011600000289035961,0.00012199999764561653
2024-09-14,0.00012199999764561653,0.00012199999764561653,0.00011999999696854502,0.00012099999730708078
2024-09-15,0.00012099999730708078,0.00012099999730708078,0.00011800000356743112,0.00011899999663000926
2024-09-16,0.00011899999663000926,0.00011899999663000926,0.00011600000289035961,0.00011700000322889537
2024-09-17,0.00011700000322889537,0.0001230000052601099,0.00011600000289035961,0.00012099999730708078
2024-09-18,0.00012099999730708078,0.00012399999832268804,0.00011899999663000926,0.00012399999832268804
2024-09-19,0.00012399999832268804,0.00012799999967683107,0.00012399999832268804,0.00012700000661425292
2024-09-20,0.00012700000661425292,0.0001289999927394092,0.00012599999899975955,0.00012700000661425292
2024-09-21,0.00012700000661425292,0.00012799999967683107,0.00012599999899975955,0.00012700000661425292
2024-09-22,0.00012700000661425292,0.0001289999927394092,0.0001250000059371814,0.00012799999967683107
2024-09-23,0.00012799999967683107,0.00013000000035390258,0.00012599999899975955,0.00012700000661425292
2024-09-24,0.00012700000661425292,0.00013000000035390258,0.00012599999899975955,0.0001289999927394092
2024-09-25,0.0001289999927394092,0.00013000000035390258,0.00012700000661425292,0.00012700000661425292
2024-09-26,0.00012700000661425292,0.0001320000010309741,0.00012599999899975955,0.00013099999341648072
2024-09-27,0.00013099999341648072,0.0001340000017080456,0.00013000000035390258,0.0001320000010309741
2024-09-28,0.0001320000010309741,0.00013299999409355223,0.0001320000010309741,0.0001320000010309741
2024-09-29,0.0001320000010309741,0.00013299999409355223,0.0001320000010309741,0.0001320000010309741
2024-09-30,0.0001320000010309741,0.0001320000010309741,0.00012700000661425292,0.00012700000661425292
2024-10-01,0.00012700000661425292,0.0001289999927394092,0.00012199999764561653,0.00012199999764561653
2024-10-02,0.00012199999764561653,0.0001250000059371814,0.00012099999730708078,0.00012199999764561653
2024-10-03,0.00012199999764561653,0.0001230000052601099,0.00012099999730708078,0.00012199999764561653
2024-10-04,0.00012199999764561653,0.00012599999899975955,0.00012199999764561653,0.0001250000059371814
2024-10-05,0.0001250000059371814,0.0001250000059371814,0.00012399999832268804,0.0001250000059371814
2024-10-06,0.0001250000059371814,0.00012599999899975955,0.00012399999832268804,0.00012599999899975955
2024-10-07,0.00012599999899975955,0.0001289999927394092,0.0001250000059371814,0.0001250000059371814
2024-10-08,0.0001250000059371814,0.00012700000661425292,0.00012399999832268804,0.0001250000059371814
2024-10-09,0.0001250000059371814,0.00012599999899975955,0.00012199999764561653,0.00012199999764561653
2024-10-10,0.00012199999764561653,0.0001230000052601099,0.00011800000356743112,0.00012099999730708078
2024-10-11,0.00012099999730708078,0.00012599999899975955,0.00012099999730708078,0.00012599999899975955
2024-10-12,0.00012599999899975955,0.00012799999967683107,0.00012599999899975955,0.00012700000661425292
2024-10-13,0.00012700000661425292,0.00012700000661425292,0.0001250000059371814,0.00012599999899975955
2024-10-14,0.00012599999899975955,0.0001340000017080456,0.00012599999899975955,0.00013299999409355223
2024-10-15,0.00013299999409355223,0.00013600000238511711,0.00013099999341648072,0.00013499999477062374
2024-10-16,0.00013499999477062374,0.00013699999544769526,0.0001340000017080456,0.00013600000238511711
2024-10-17,0.00013600000238511711,0.00013600000238511711,0.0001340000017080456,0.00013499999477062374
2024-10-18,0.00013499999477062374,0.00013899999612476677,0.00013499999477062374,0.00013800000306218863
2024-10-19,0.00013800000306218863,0.00013800000306218863,0.00013699999544769526,0.00013699999544769526
2024-10-20,0.00013699999544769526,0.00013899999612476677,0.00013699999544769526,0.00013899999612476677
2024-10-21,0.00013899999612476677,0.00014000000373926014,0.0001340000017080456,0.00013499999477062374
2024-10-22,0.00013499999477062374,0.00013600000238511711,0.0001340000017080456,0.00013499999477062374
2024-10-23,0.00013499999477062374,0.00013499999477062374,0.00013099999341648072,0.0001340000017080456
2024-10-24,0.0001340000017080456,0.00013800000306218863,0.0001340000017080456,0.00013699999544769526
2024-10-25,0.00013699999544769526,0.00013800000306218863,0.0001320000010309741,0.0001340000017080456
2024-10-26,0.0001340000017080456,0.00013499999477062374,0.00013299999409355223,0.00013499999477062374
2024-10-27,0.00013499999477062374,0.00013699999544769526,0.0001340000017080456,0.00013699999544769526
2024-10-28,0.00013699999544769526,0.00014099999680183828,0.00013600000238511711,0.00014000000373926014
2024-10-29,0.00014000000373926014,0.00014800000644754618,0.00014000000373926014,0.00014600000577047467
2024-10-30,0.00014600000577047467,0.00014600000577047467,0.00014400000509340316,0.0001449999981559813
2024-10-31,0.0001449999981559813,0.00014600000577047467,0.00014000000373926014,0.00014099999680183828
2024-11-01,0.00014099999680183828,0.00014400000509340316,0.00013800000306218863,0.00014000000373926014
2024-11-02,0.00014000000373926014,0.00014000000373926014,0.00013899999612476677,0.00014000000373926014
2024-11-03,0.00014000000373926014,0.00014000000373926014,0.00013600000238511711,0.00013800000306218863
2024-11-04,0.00013800000306218863,0.00014000000373926014,0.0001340000017080456,0.00013600000238511711
2024-11-05,0.00013600000238511711,0.00014200000441633165,0.00013600000238511711,0.00014000000373926014
2024-11-06,0.00014000000373926014,0.0001539999939268455,0.00013899999612476677,0.00015199999324977398
2024-11-07,0.00015199999324977398,0.0001539999939268455,0.0001500000071246177,0.00015300000086426735
2024-11-08,0.00015300000086426735,0.00015500000154133886,0.00015199999324977398,0.0001539999939268455
2024-11-09,0.0001539999939268455,0.00015500000154133886,0.00015199999324977398,0.0001539999939268455
2024-11-10,0.0001539999939268455,0.0001630000042496249,0.0001539999939268455,0.00016199999663513154
2024-11-11,0.00016199999663513154,0.00018000000272877514,0.0001610000035725534,0.00017800000205170363
2024-11-12,0.00017800000205170363,0.00018099999579135329,0.00017100000695791095,0.00017699999443721026
2024-11-13,0.00017699999443721026,0.00018699999782256782,0.00017299999308306724,0.00018200000340584666
2024-11-14,0.00018200000340584666,0.00018400000408291817,0.0001740000006975606,0.00017499999376013875
2024-11-15,0.00017499999376013875,0.00018400000408291817,0.00017499999376013875,0.0001829999964684248
2024-11-16,0.0001829999964684248,0.00018400000408291817,0.00018099999579135329,0.00018200000340584666
2024-11-17,0.00018200000340584666,0.00018400000408291817,0.00017899999511428177,0.00018099999579135329
2024-11-18,0.00018099999579135329,0.00018600000475998968,0.00018000000272877514,0.00018200000340584666
2024-11-19,0.00018200000340584666,0.00018899999849963933,0.00018200000340584666,0.00018600000475998968
2024-11-20,0.00018600000475998968,0.00019099999917671084,0.00018400000408291817,0.00018899999849963933
2024-11-21,0.00018899999849963933,0.0001990000018849969,0.00018899999849963933,0.00019799999427050352
2024-11-22,0.00019799999427050352,0.00019999999494757503,0.000195999993593432,0.0001990000018849969
2024-11-23,0.0001990000018849969,0.0001990000018849969,0.000195999993593432,0.00019700000120792538
2024-11-24,0.00019700000120792538,0.00019999999494757503,0.0001900000061141327,0.00019700000120792538
2024-11-25,0.00019700000120792538,0.0001990000018849969,0.00018699999782256782,0.00018699999782256782
2024-11-26,0.00018699999782256782,0.00019099999917671084,0.0001829999964684248,0.0001849999971454963
2024-11-27,0.0001849999971454963,0.000195999993593432,0.00018400000408291817,0.00019299999985378236
2024-11-28,0.00019299999985378236,0.0001939999929163605,0.0001900000061141327,0.00019200000679120421
2024-11-29,0.00019200000679120421,0.00019799999427050352,0.00019200000679120421,0.000195999993593432
2024-11-30,0.000195999993593432,0.000195999993593432,0.00019299999985378236,0.0001939999929163605
2024-12-01,0.0001939999929163605,0.00019700000120792538,0.00019299999985378236,0.000195999993593432
2024-12-02,0.000195999993593432,0.00019700000120792538,0.0001900000061141327,0.00019200000679120421
2024-12-03,0.00019200000679120421,0.00019299999985378236,0.0001880000054370612,0.00019299999985378236
2024-12-04,0.00019299999985378236,0.0001990000018849969,0.0001900000061141327,0.0001990000018849969
2024-12-05,0.0001990000018849969,0.00020900000527035445,0.00018899999849963933,0.0001939999929163605
2024-12-06,0.00019500000053085387,0.00020500000391621143,0.0001939999929163605,0.0002010000025620684
2024-12-07,0.0002010000025620684,0.00020199999562464654,0.0001990000018849969,0.0002010000025620684
2024-12-08,0.0002010000025620684,0.00020199999562464654,0.0001990000018849969,0.00020199999562464654
2024-12-09,0.00020399999630171806,0.00020399999630171806,0.00019200000679120421,0.000195999993593432
2024-12-10,0.000195999993593432,0.00019700000120792538,0.0001900000061141327,0.0001939999929163605
2024-12-11,0.0001939999929163605,0.00020500000391621143,0.0001939999929163605,0.00020300000323913991
2024-12-12,0.00020300000323913991,0.00020599999697878957,0.00019999999494757503,0.0002010000025620684
2024-12-13,0.0002010000025620684,0.00020500000391621143,0.00019999999494757503,0.00020399999630171806
2024-12-14,0.00020399999630171806,0.00020599999697878957,0.00020199999562464654,0.00020399999630171806
2024-12-15,0.00020399999630171806,0.00021100000594742596,0.00020399999630171806,0.0002099999983329326
2024-12-16,0.0002099999983329326,0.00021699999342672527,0.00020799999765586108,0.00021300000662449747
2024-12-17,0.00021300000662449747,0.00021800000104121864,0.0002119999990100041,0.00021300000662449747
2024-12-18,0.00021300000662449747,0.00021399999968707561,0.0002010000025620684,0.0002010000025620684
2024-12-19,0.0002010000025620684,0.00020599999697878957,0.00019200000679120421,0.000195999993593432
2024-12-20,0.000195999993593432,0.00019700000120792538,0.0001849999971454963,0.00019700000120792538
2024-12-21,0.00019700000120792538,0.00019999999494757503,0.0001939999929163605,0.000195999993593432
2024-12-22,0.000195999993593432,0.000195999993593432,0.00018899999849963933,0.00019099999917671084
2024-12-23,0.00019099999917671084,0.0001939999929163605,0.00018600000475998968,0.0001900000061141327
2024-12-24,0.0001900000061141327,0.00019999999494757503,0.0001880000054370612,0.00019799999427050352
2024-12-25,0.00019799999427050352,0.00019999999494757503,0.000195999993593432,0.00019999999494757503
2024-12-26,0.00019999999494757503,0.0002010000025620684,0.00019099999917671084,0.00019200000679120421
2024-12-27,0.00019200000679120421,0.00019500000053085387,0.0001880000054370612,0.00018899999849963933
2024-12-28,0.00018899999849963933,0.00019200000679120421,0.00018899999849963933,0.00019099999917671084
2024-12-29,0.00019099999917671084,0.00019099999917671084,0.00018699999782256782,0.0001880000054370612
2024-12-30,0.0001880000054370612,0.00019099999917671084,0.00018400000408291817,0.00018600000475998968
2024-12-31,0.00018600000475998968,0.00019299999985378236,0.0001849999971454963,0.0001880000054370612
2025-01-01,0.0001880000054370612,0.00019099999917671084,0.00018699999782256782,0.0001900000061141327
2025-01-02,0.0001900000061141327,0.000195999993593432,0.00018899999849963933,0.00019500000053085387
2025-01-03,0.00019500000053085387,0.0001990000018849969,0.00019299999985378236,0.00019700000120792538
2025-01-04,0.00019700000120792538,0.00019799999427050352,0.000195999993593432,0.00019799999427050352
2025-01-05,0.00019799999427050352,0.0001990000018849969,0.000195999993593432,0.00019799999427050352
2025-01-06,0.00019799999427050352,0.00020599999697878957,0.00019700000120792538,0.00020500000391621143
2025-01-07,0.00020500000391621143,0.00020599999697878957,0.00019299999985378236,0.00019500000053085387
2025-01-08,0.00019500000053085387,0.00019500000053085387,0.00018699999782256782,0.00019099999917671084
2025-01-09,0.00019099999917671084,0.00019099999917671084,0.0001829999964684248,0.00018600000475998968
2025-01-10,0.00018600000475998968,0.00019200000679120421,0.00018600000475998968,0.0001900000061141327
2025-01-11,0.0001900000061141327,0.00019099999917671084,0.00018899999849963933,0.0001900000061141327
2025-01-12,0.0001900000061141327,0.00019099999917671084,0.0001880000054370612,0.0001900000061141327
2025-01-13,0.0001900000061141327,0.00019200000679120421,0.00018099999579135329,0.0001900000061141327
2025-01-14,0.0001900000061141327,0.00019500000053085387,0.0001900000061141327,0.0001939999929163605
2025-01-15,0.0001939999929163605,0.00020199999562464654,0.0001939999929163605,0.00020199999562464654
2025-01-16,0.00020199999562464654,0.00020199999562464654,0.000195999993593432,0.0002010000025620684
2025-01-17,0.0002010000025620684,0.00021300000662449747,0.0002010000025620684,0.00020900000527035445
2025-01-18,0.00020900000527035445,0.00021100000594742596,0.00020599999697878957,0.0002099999983329326
2025-01-19,0.0002099999983329326,0.00021300000662449747,0.0002010000025620684,0.00020300000323913991
2025-01-20,0.00020300000323913991,0.00021899999410379678,0.0002010000025620684,0.00020500000391621143
2025-01-21,0.00020500000391621143,0.00021499999274965376,0.00020300000323913991,0.00021300000662449747
2025-01-22,0.00021300000662449747,0.00021399999968707561,0.00020799999765586108,0.00020799999765586108
2025-01-23,0.00020799999765586108,0.00021399999968707561,0.00020399999630171806,0.00020900000527035445
2025-01-24,0.00020900000527035445,0.00021499999274965376,0.00020700000459328294,0.00021100000594742596
2025-01-25,0.00021100000594742596,0.0002119999990100041,0.00020900000527035445,0.0002099999983329326
2025-01-26,0.0002099999983329326,0.0002119999990100041,0.00020599999697878957,0.00020599999697878957
2025-01-27,0.00020599999697878957,0.00020700000459328294,0.00019700000120792538,0.00020500000391621143
2025-01-28,0.00020500000391621143,0.00021300000662449747,0.0002010000025620684,0.00020300000323913991
2025-01-29,0.00020300000323913991,0.00021100000594742596,0.00020300000323913991,0.00020900000527035445
2025-01-30,0.00020900000527035445,0.00021300000662449747,0.00020799999765586108,0.00021100000594742596
2025-01-31,0.00021100000594742596,0.00021300000662449747,0.00020399999630171806,0.00020599999697878957
2025-02-01,0.00020599999697878957,0.00020700000459328294,0.00020199999562464654,0.00020199999562464654
2025-02-02,0.00020199999562464654,0.00020399999630171806,0.0001939999929163605,0.000195999993593432
2025-02-03,0.000195999993593432,0.00020500000391621143,0.00018600000475998968,0.00020399999630171806
2025-02-04,0.00020399999630171806,0.00020399999630171806,0.0001939999929163605,0.00019700000120792538
2025-02-05,0.00019700000120792538,0.0001990000018849969,0.00019299999985378236,0.0001939999929163605
2025-02-06,0.0001939999929163605,0.0001990000018849969,0.00019299999985378236,0.0001939999929163605
2025-02-07,0.0001939999929163605,0.0002010000025620684,0.00019200000679120421,0.0001939999929163605
2025-02-08,0.0001939999929163605,0.00019500000053085387,0.00019200000679120421,0.0001939999929163605
2025-02-09,0.0001939999929163605,0.000195999993593432,0.0001900000061141327,0.0001939999929163605
2025-02-10,0.0001939999929163605,0.00019799999427050352,0.00019200000679120421,0.000195999993593432
2025-02-11,0.000195999993593432,0.00019799999427050352,0.00019099999917671084,0.00019299999985378236
2025-02-12,0.00019299999985378236,0.00019700000120792538,0.00018899999849963933,0.00019700000120792538
2025-02-13,0.00019700000120792538,0.00019700000120792538,0.00019200000679120421,0.0001939999929163605
2025-02-14,0.0001939999929163605,0.00019799999427050352,0.0001939999929163605,0.000195999993593432
2025-02-15,0.000195999993593432,0.00019700000120792538,0.000195999993593432,0.000195999993593432
2025-02-16,0.000195999993593432,0.000195999993593432,0.00019299999985378236,0.00019299999985378236
2025-02-17,0.00019299999985378236,0.00019500000053085387,0.00019099999917671084,0.00019200000679120421
2025-02-18,0.00019200000679120421,0.0001939999929163605,0.0001880000054370612,0.00019200000679120421
2025-02-19,0.00019200000679120421,0.00019500000053085387,0.00019099999917671084,0.0001939999929163605
2025-02-20,0.0001939999929163605,0.00019799999427050352,0.0001939999929163605,0.00019799999427050352
2025-02-21,0.00019799999427050352,0.00019999999494757503,0.00019099999917671084,0.00019299999985378236
2025-02-22,0.00019299999985378236,0.00019500000053085387,0.00019299999985378236,0.0001939999929163605
2025-02-23,0.0001939999929163605,0.0001939999929163605,0.00019200000679120421,0.0001939999929163605
2025-02-24,0.0001939999929163605,0.0001939999929163605,0.00018400000408291817,0.00018400000408291817
2025-02-25,0.00018400000408291817,0.00018600000475998968,0.00017299999308306724,0.00017800000205170363
2025-02-26,0.00017800000205170363,0.00017899999511428177,0.00016599999798927456,0.00016900000628083944
2025-02-27,0.00016900000628083944,0.00017499999376013875,0.00016599999798927456,0.00016999999934341758
2025-02-28,0.00016999999934341758,0.00016999999934341758,0.00015799999528098851,0.00016999999934341758
2025-03-01,0.00016999999934341758,0.0001740000006975606,0.00016799999866634607,0.00017299999308306724
2025-03-02,0.00017299999308306724,0.00019099999917671084,0.00017100000695791095,0.00018899999849963933
2025-03-03,0.00018899999849963933,0.00018899999849963933,0.00017100000695791095,0.00017299999308306724
2025-03-04,0.00017299999308306724,0.00017800000205170363,0.00016399999731220305,0.00017499999376013875
2025-03-05,0.00017499999376013875,0.0001829999964684248,0.0001740000006975606,0.00018200000340584666
2025-03-06,0.00018200000340584666,0.00018600000475998968,0.00017699999443721026,0.00018099999579135329
2025-03-07,0.00018099999579135329,0.0001829999964684248,0.0001720000000204891,0.0001740000006975606
2025-03-08,0.0001740000006975606,0.00017499999376013875,0.0001720000000204891,0.00017299999308306724
2025-03-09,0.00017299999308306724,0.0001740000006975606,0.0001610000035725534,0.00016199999663513154
2025-03-10,0.00016199999663513154,0.00016799999866634607,0.000155999994603917,0.00015799999528098851
2025-03-11,0.00015799999528098851,0.00016799999866634607,0.00015500000154133886,0.00016599999798927456
2025-03-12,0.00016599999798927456,0.00016900000628083944,0.00016199999663513154,0.00016799999866634607
2025-03-13,0.00016799999866634607,0.00016900000628083944,0.0001610000035725534,0.0001630000042496249
2025-03-14,0.0001630000042496249,0.00017100000695791095,0.0001630000042496249,0.00016900000628083944
2025-03-15,0.00016900000628083944,0.00016999999934341758,0.00016799999866634607,0.00016999999934341758
2025-03-16,0.00016999999934341758,0.00017100000695791095,0.00016500000492669642,0.00016599999798927456
2025-03-17,0.00016599999798927456,0.00016999999934341758,0.00016599999798927456,0.00016900000628083944
2025-03-18,0.00016900000628083944,0.00016900000628083944,0.0001630000042496249,0.00016599999798927456
2025-03-19,0.00016599999798927456,0.00017499999376013875,0.00016599999798927456,0.0001740000006975606
2025-03-20,0.0001740000006975606,0.00017600000137463212,0.00016799999866634607,0.00016900000628083944
2025-03-21,0.00016900000628083944,0.00016999999934341758,0.00016700000560376793,0.00016900000628083944
2025-03-22,0.00016900000628083944,0.00016999999934341758,0.00016799999866634607,0.00016799999866634607
2025-03-23,0.00016799999866634607,0.00017299999308306724,0.00016799999866634607,0.00017299999308306724
2025-03-24,0.00017299999308306724,0.00017800000205170363,0.0001720000000204891,0.00017600000137463212
2025-03-25,0.00017600000137463212,0.00017800000205170363,0.0001740000006975606,0.00017600000137463212
2025-03-26,0.00017600000137463212,0.00017699999443721026,0.00017299999308306724,0.00017499999376013875
2025-03-27,0.00017499999376013875,0.00017600000137463212,0.00017299999308306724,0.00017499999376013875
2025-03-28,0.00017499999376013875,0.00017600000137463212,0.00016799999866634607,0.00016999999934341758
2025-03-29,0.00016999999934341758,0.00016999999934341758,0.00016399999731220305,0.00016599999798927456
2025-03-30,0.00016599999798927456,0.00016799999866634607,0.00016399999731220305,0.00016599999798927456
2025-03-31,0.00016599999798927456,0.00016799999866634607,0.0001630000042496249,0.00016599999798927456
2025-04-01,0.00016599999798927456,0.0001720000000204891,0.00016599999798927456,0.00017100000695791095
2025-04-02,0.00017100000695791095,0.00017699999443721026,0.00016599999798927456,0.00016599999798927456
2025-04-03,0.00016599999798927456,0.00016900000628083944,0.0001630000042496249,0.00016700000560376793
2025-04-04,0.00016700000560376793,0.00016999999934341758,0.00016500000492669642,0.00016900000628083944
2025-04-05,0.00016900000628083944,0.00016900000628083944,0.00016599999798927456,0.00016799999866634607
2025-04-06,0.00016799999866634607,0.00016799999866634607,0.00015500000154133886,0.00015700000221841037
2025-04-07,0.00015700000221841037,0.0001630000042496249,0.0001500000071246177,0.00015900000289548188
2025-04-08,0.00015900000289548188,0.00016199999663513154,0.00015300000086426735,0.00015300000086426735
2025-04-09,0.00015300000086426735,0.00016799999866634607,0.0001500000071246177,0.00016599999798927456
2025-04-10,0.00016599999798927456,0.00016599999798927456,0.00015799999528098851,0.00015999999595806003
2025-04-11,0.00015999999595806003,0.0001630000042496249,0.00015900000289548188,0.0001630000042496249
2025-04-12,0.0001630000042496249,0.0001630000042496249,0.0001630000042496249,0.0001630000042496249
2025-04-13,0.0001630000042496249,0.0001630000042496249,0.0001630000042496249,0.0001630000042496249
2025-04-14,0.0001630000042496249,0.0001630000042496249,0.0001630000042496249,0.0001630000042496249
2025-04-15,0.0001630000042496249,0.0001630000042496249,0.0001630000042496249,0.0001630000042496249
2025-04-16,0.0001630000042496249,0.0001630000042496249,0.0001630000042496249,0.0001630000042496249
2025-04-17,0.0001630000042496249,0.0001630000042496249,0.0001630000042496249,0.0001630000042496249
